GeoID,ZipCode,MeanIncome
860Z200US00601,00601,24781.0
860Z200US00602,00602,30378.0
860Z200US00603,00603,32478.0
860Z200US00606,00606,25125.0
860Z200US00610,00610,34513.0
860Z200US00611,00611,33960.0
860Z200US00612,00612,34627.0
860Z200US00616,00616,29509.0
860Z200US00617,00617,34219.0
860Z200US00622,00622,39075.0
860Z200US00623,00623,37880.0
860Z200US00624,00624,31242.0
860Z200US00627,00627,34922.0
860Z200US00631,00631,22987.0
860Z200US00636,00636,21053.0
860Z200US00637,00637,34908.0
860Z200US00638,00638,26181.0
860Z200US00641,00641,24948.0
860Z200US00646,00646,59618.0
860Z200US00647,00647,25504.0
860Z200US00650,00650,25563.0
860Z200US00652,00652,39765.0
860Z200US00653,00653,21532.0
860Z200US00656,00656,29752.0
860Z200US00659,00659,38490.0
860Z200US00660,00660,35910.0
860Z200US00662,00662,30858.0
860Z200US00664,00664,24418.0
860Z200US00667,00667,25516.0
860Z200US00669,00669,26723.0
860Z200US00670,00670,22195.0
860Z200US00674,00674,34081.0
860Z200US00676,00676,36183.0
860Z200US00677,00677,38258.0
860Z200US00678,00678,28997.0
860Z200US00680,00680,29711.0
860Z200US00682,00682,36796.0
860Z200US00683,00683,28310.0
860Z200US00685,00685,27775.0
860Z200US00687,00687,31292.0
860Z200US00688,00688,31917.0
860Z200US00690,00690,31829.0
860Z200US00692,00692,43165.0
860Z200US00693,00693,38194.0
860Z200US00694,00694,54779.0
860Z200US00698,00698,30886.0
860Z200US00703,00703,33292.0
860Z200US00704,00704,30961.0
860Z200US00705,00705,31923.0
860Z200US00707,00707,26225.0
860Z200US00714,00714,31680.0
860Z200US00715,00715,22027.0
860Z200US00716,00716,37136.0
860Z200US00717,00717,25078.0
860Z200US00718,00718,28244.0
860Z200US00719,00719,30704.0
860Z200US00720,00720,26064.0
860Z200US00723,00723,29377.0
860Z200US00725,00725,45187.0
860Z200US00727,00727,54054.0
860Z200US00728,00728,32524.0
860Z200US00729,00729,44188.0
860Z200US00730,00730,30387.0
860Z200US00731,00731,29541.0
860Z200US00735,00735,32707.0
860Z200US00736,00736,41843.0
860Z200US00738,00738,35919.0
860Z200US00739,00739,38795.0
860Z200US00740,00740,26085.0
860Z200US00741,00741,31950.0
860Z200US00745,00745,37732.0
860Z200US00751,00751,28486.0
860Z200US00754,00754,31909.0
860Z200US00757,00757,38410.0
860Z200US00765,00765,22473.0
860Z200US00766,00766,36671.0
860Z200US00767,00767,27949.0
860Z200US00769,00769,30232.0
860Z200US00771,00771,38491.0
860Z200US00772,00772,26587.0
860Z200US00773,00773,33949.0
860Z200US00775,00775,39570.0
860Z200US00777,00777,37409.0
860Z200US00778,00778,64024.0
860Z200US00780,00780,44595.0
860Z200US00782,00782,26635.0
860Z200US00783,00783,33728.0
860Z200US00784,00784,30570.0
860Z200US00786,00786,
860Z200US00791,00791,41287.0
860Z200US00794,00794,32452.0
860Z200US00795,00795,33216.0
860Z200US00901,00901,76071.0
860Z200US00906,00906,127357.0
860Z200US00907,00907,97867.0
860Z200US00909,00909,51362.0
860Z200US00911,00911,103478.0
860Z200US00912,00912,47451.0
860Z200US00913,00913,38330.0
860Z200US00915,00915,23433.0
860Z200US00917,00917,32348.0
860Z200US00918,00918,70182.0
860Z200US00920,00920,44149.0
860Z200US00921,00921,35813.0
860Z200US00923,00923,30843.0
860Z200US00924,00924,33513.0
860Z200US00925,00925,25039.0
860Z200US00926,00926,64994.0
860Z200US00927,00927,77900.0
860Z200US00934,00934,
860Z200US00949,00949,43643.0
860Z200US00950,00950,
860Z200US00951,00951,25575.0
860Z200US00952,00952,29787.0
860Z200US00953,00953,48394.0
860Z200US00956,00956,39660.0
860Z200US00957,00957,39666.0
860Z200US00959,00959,43291.0
860Z200US00960,00960,
860Z200US00961,00961,55513.0
860Z200US00962,00962,28656.0
860Z200US00965,00965,25428.0
860Z200US00966,00966,101148.0
860Z200US00968,00968,98683.0
860Z200US00969,00969,88045.0
860Z200US00971,00971,50373.0
860Z200US00976,00976,53774.0
860Z200US00979,00979,61145.0
860Z200US00982,00982,33754.0
860Z200US00983,00983,45281.0
860Z200US00985,00985,42237.0
860Z200US00987,00987,54024.0
860Z200US01001,01001,98266.0
860Z200US01002,01002,111345.0
860Z200US01003,01003,169656.0
860Z200US01005,01005,106114.0
860Z200US01007,01007,113840.0
860Z200US01008,01008,103165.0
860Z200US01009,01009,78669.0
860Z200US01010,01010,135647.0
860Z200US01011,01011,98070.0
860Z200US01012,01012,81734.0
860Z200US01013,01013,81475.0
860Z200US01020,01020,83762.0
860Z200US01022,01022,60798.0
860Z200US01026,01026,104551.0
860Z200US01027,01027,94456.0
860Z200US01028,01028,137691.0
860Z200US01029,01029,147314.0
860Z200US01030,01030,119591.0
860Z200US01031,01031,84606.0
860Z200US01032,01032,87338.0
860Z200US01033,01033,147068.0
860Z200US01034,01034,131991.0
860Z200US01035,01035,142732.0
860Z200US01036,01036,127702.0
860Z200US01037,01037,106072.0
860Z200US01038,01038,136499.0
860Z200US01039,01039,137445.0
860Z200US01040,01040,74268.0
860Z200US01050,01050,111267.0
860Z200US01053,01053,108970.0
860Z200US01054,01054,147171.0
860Z200US01056,01056,101637.0
860Z200US01057,01057,110178.0
860Z200US01060,01060,105493.0
860Z200US01062,01062,120826.0
860Z200US01063,01063,580467.0
860Z200US01066,01066,32058.0
860Z200US01068,01068,120094.0
860Z200US01069,01069,98299.0
860Z200US01070,01070,109472.0
860Z200US01071,01071,128756.0
860Z200US01072,01072,115501.0
860Z200US01073,01073,154237.0
860Z200US01074,01074,90679.0
860Z200US01075,01075,131278.0
860Z200US01077,01077,122889.0
860Z200US01079,01079,61316.0
860Z200US01080,01080,104475.0
860Z200US01081,01081,113107.0
860Z200US01082,01082,86584.0
860Z200US01083,01083,95899.0
860Z200US01084,01084,136312.0
860Z200US01085,01085,104951.0
860Z200US01088,01088,75922.0
860Z200US01089,01089,94552.0
860Z200US01092,01092,108979.0
860Z200US01093,01093,115416.0
860Z200US01094,01094,112100.0
860Z200US01095,01095,158878.0
860Z200US01096,01096,130572.0
860Z200US01097,01097,
860Z200US01098,01098,108990.0
860Z200US01103,01103,49832.0
860Z200US01104,01104,62646.0
860Z200US01105,01105,39246.0
860Z200US01106,01106,187915.0
860Z200US01107,01107,59096.0
860Z200US01108,01108,70048.0
860Z200US01109,01109,66459.0
860Z200US01118,01118,98454.0
860Z200US01119,01119,79046.0
860Z200US01128,01128,115787.0
860Z200US01129,01129,102687.0
860Z200US01144,01144,
860Z200US01151,01151,68473.0
860Z200US01201,01201,94765.0
860Z200US01220,01220,72309.0
860Z200US01222,01222,105517.0
860Z200US01223,01223,112714.0
860Z200US01224,01224,147619.0
860Z200US01225,01225,90796.0
860Z200US01226,01226,105479.0
860Z200US01229,01229,142000.0
860Z200US01230,01230,136162.0
860Z200US01235,01235,89224.0
860Z200US01236,01236,141401.0
860Z200US01237,01237,99147.0
860Z200US01238,01238,113378.0
860Z200US01240,01240,134758.0
860Z200US01242,01242,
860Z200US01243,01243,128069.0
860Z200US01244,01244,80978.0
860Z200US01245,01245,181549.0
860Z200US01247,01247,79262.0
860Z200US01253,01253,135736.0
860Z200US01254,01254,168580.0
860Z200US01255,01255,109294.0
860Z200US01256,01256,80288.0
860Z200US01257,01257,137083.0
860Z200US01258,01258,128704.0
860Z200US01259,01259,152792.0
860Z200US01260,01260,
860Z200US01262,01262,195975.0
860Z200US01264,01264,134054.0
860Z200US01266,01266,185271.0
860Z200US01267,01267,139378.0
860Z200US01270,01270,140048.0
860Z200US01301,01301,72237.0
860Z200US01330,01330,100375.0
860Z200US01331,01331,82407.0
860Z200US01337,01337,97415.0
860Z200US01338,01338,76657.0
860Z200US01339,01339,106221.0
860Z200US01340,01340,101941.0
860Z200US01341,01341,120740.0
860Z200US01342,01342,110739.0
860Z200US01343,01343,97922.0
860Z200US01344,01344,91801.0
860Z200US01346,01346,122038.0
860Z200US01347,01347,88422.0
860Z200US01349,01349,71286.0
860Z200US01350,01350,121762.0
860Z200US01351,01351,102849.0
860Z200US01354,01354,112795.0
860Z200US01355,01355,97562.0
860Z200US01360,01360,117098.0
860Z200US01364,01364,68708.0
860Z200US01366,01366,116736.0
860Z200US01367,01367,101988.0
860Z200US01368,01368,108312.0
860Z200US01370,01370,90767.0
860Z200US01373,01373,126265.0
860Z200US01375,01375,80874.0
860Z200US01376,01376,74223.0
860Z200US01378,01378,107433.0
860Z200US01379,01379,87752.0
860Z200US01380,01380,112987.0
860Z200US01420,01420,89905.0
860Z200US01430,01430,123837.0
860Z200US01431,01431,138840.0
860Z200US01432,01432,131731.0
860Z200US01434,01434,135570.0
860Z200US01436,01436,94830.0
860Z200US01438,01438,76702.0
860Z200US01440,01440,80463.0
860Z200US01450,01450,229890.0
860Z200US01451,01451,297771.0
860Z200US01452,01452,118882.0
860Z200US01453,01453,107609.0
860Z200US01460,01460,179749.0
860Z200US01462,01462,131576.0
860Z200US01463,01463,152499.0
860Z200US01464,01464,139310.0
860Z200US01468,01468,123359.0
860Z200US01469,01469,124481.0
860Z200US01473,01473,129972.0
860Z200US01474,01474,132681.0
860Z200US01475,01475,105522.0
860Z200US01501,01501,121710.0
860Z200US01503,01503,143791.0
860Z200US01504,01504,117247.0
860Z200US01505,01505,178066.0
860Z200US01506,01506,104703.0
860Z200US01507,01507,142794.0
860Z200US01510,01510,104873.0
860Z200US01515,01515,99321.0
860Z200US01516,01516,170585.0
860Z200US01518,01518,133436.0
860Z200US01519,01519,183947.0
860Z200US01520,01520,161738.0
860Z200US01521,01521,109752.0
860Z200US01522,01522,124909.0
860Z200US01523,01523,141336.0
860Z200US01524,01524,111389.0
860Z200US01525,01525,
860Z200US01527,01527,128250.0
860Z200US01529,01529,127080.0
860Z200US01531,01531,114000.0
860Z200US01532,01532,220814.0
860Z200US01534,01534,157806.0
860Z200US01535,01535,111070.0
860Z200US01536,01536,125147.0
860Z200US01537,01537,98459.0
860Z200US01540,01540,123500.0
860Z200US01541,01541,190189.0
860Z200US01542,01542,120754.0
860Z200US01543,01543,157290.0
860Z200US01545,01545,177457.0
860Z200US01550,01550,78094.0
860Z200US01560,01560,134831.0
860Z200US01561,01561,
860Z200US01562,01562,100219.0
860Z200US01564,01564,169654.0
860Z200US01566,01566,150245.0
860Z200US01568,01568,187629.0
860Z200US01569,01569,140248.0
860Z200US01570,01570,90737.0
860Z200US01571,01571,98756.0
860Z200US01581,01581,181431.0
860Z200US01583,01583,135502.0
860Z200US01585,01585,91746.0
860Z200US01588,01588,113268.0
860Z200US01590,01590,188334.0
860Z200US01602,01602,114991.0
860Z200US01603,01603,82461.0
860Z200US01604,01604,93535.0
860Z200US01605,01605,79022.0
860Z200US01606,01606,112826.0
860Z200US01607,01607,88695.0
860Z200US01608,01608,62281.0
860Z200US01609,01609,99930.0
860Z200US01610,01610,60990.0
860Z200US01611,01611,121483.0
860Z200US01612,01612,161360.0
860Z200US01701,01701,160277.0
860Z200US01702,01702,116361.0
860Z200US01718,01718,157737.0
860Z200US01719,01719,185869.0
860Z200US01720,01720,200342.0
860Z200US01721,01721,170873.0
860Z200US01730,01730,219119.0
860Z200US01731,01731,114847.0
860Z200US01740,01740,235293.0
860Z200US01741,01741,323531.0
860Z200US01742,01742,294143.0
860Z200US01745,01745,234084.0
860Z200US01746,01746,194643.0
860Z200US01747,01747,153310.0
860Z200US01748,01748,283350.0
860Z200US01749,01749,136128.0
860Z200US01752,01752,116348.0
860Z200US01754,01754,151041.0
860Z200US01756,01756,154823.0
860Z200US01757,01757,119701.0
860Z200US01760,01760,181045.0
860Z200US01770,01770,318043.0
860Z200US01772,01772,273167.0
860Z200US01773,01773,312797.0
860Z200US01775,01775,210048.0
860Z200US01776,01776,289353.0
860Z200US01778,01778,284515.0
860Z200US01801,01801,142144.0
860Z200US01803,01803,171460.0
860Z200US01810,01810,223885.0
860Z200US01821,01821,153895.0
860Z200US01824,01824,168556.0
860Z200US01826,01826,125630.0
860Z200US01827,01827,209020.0
860Z200US01830,01830,104399.0
860Z200US01832,01832,100987.0
860Z200US01833,01833,173760.0
860Z200US01834,01834,156980.0
860Z200US01835,01835,129484.0
860Z200US01840,01840,50912.0
860Z200US01841,01841,74013.0
860Z200US01843,01843,93406.0
860Z200US01844,01844,122537.0
860Z200US01845,01845,176588.0
860Z200US01850,01850,75658.0
860Z200US01851,01851,113431.0
860Z200US01852,01852,96989.0
860Z200US01854,01854,90727.0
860Z200US01860,01860,124770.0
860Z200US01862,01862,137210.0
860Z200US01863,01863,143443.0
860Z200US01864,01864,204534.0
860Z200US01867,01867,187283.0
860Z200US01876,01876,143989.0
860Z200US01879,01879,168010.0
860Z200US01880,01880,163866.0
860Z200US01886,01886,204053.0
860Z200US01887,01887,176495.0
860Z200US01890,01890,296327.0
860Z200US01901,01901,53824.0
860Z200US01902,01902,85620.0
860Z200US01904,01904,126400.0
860Z200US01905,01905,99923.0
860Z200US01906,01906,120950.0
860Z200US01907,01907,181385.0
860Z200US01908,01908,188842.0
860Z200US01913,01913,128463.0
860Z200US01915,01915,137355.0
860Z200US01921,01921,258292.0
860Z200US01922,01922,206947.0
860Z200US01923,01923,137591.0
860Z200US01929,01929,188265.0
860Z200US01930,01930,118534.0
860Z200US01937,01937,
860Z200US01938,01938,174964.0
860Z200US01940,01940,209518.0
860Z200US01944,01944,247537.0
860Z200US01945,01945,232968.0
860Z200US01949,01949,197473.0
860Z200US01950,01950,183697.0
860Z200US01951,01951,209917.0
860Z200US01952,01952,120853.0
860Z200US01960,01960,123525.0
860Z200US01965,01965,214139.0
860Z200US01966,01966,128366.0
860Z200US01969,01969,165986.0
860Z200US01970,01970,108966.0
860Z200US01982,01982,173111.0
860Z200US01983,01983,205461.0
860Z200US01984,01984,210680.0
860Z200US01985,01985,231505.0
860Z200US02019,02019,138900.0
860Z200US02021,02021,178658.0
860Z200US02025,02025,300470.0
860Z200US02026,02026,163314.0
860Z200US02030,02030,421148.0
860Z200US02032,02032,204849.0
860Z200US02035,02035,161413.0
860Z200US02038,02038,168389.0
860Z200US02043,02043,261727.0
860Z200US02045,02045,162226.0
860Z200US02047,02047,157784.0
860Z200US02048,02048,163917.0
860Z200US02050,02050,157430.0
860Z200US02052,02052,289308.0
860Z200US02053,02053,207535.0
860Z200US02054,02054,164971.0
860Z200US02056,02056,235641.0
860Z200US02061,02061,226825.0
860Z200US02062,02062,139942.0
860Z200US02066,02066,208849.0
860Z200US02067,02067,229862.0
860Z200US02071,02071,212373.0
860Z200US02072,02072,132359.0
860Z200US02081,02081,191380.0
860Z200US02090,02090,255284.0
860Z200US02093,02093,180894.0
860Z200US02108,02108,296521.0
860Z200US02109,02109,231213.0
860Z200US02110,02110,268255.0
860Z200US02111,02111,163334.0
860Z200US02113,02113,138454.0
860Z200US02114,02114,194853.0
860Z200US02115,02115,107023.0
860Z200US02116,02116,237183.0
860Z200US02118,02118,172525.0
860Z200US02119,02119,72999.0
860Z200US02120,02120,91946.0
860Z200US02121,02121,75796.0
860Z200US02122,02122,115274.0
860Z200US02124,02124,109958.0
860Z200US02125,02125,107333.0
860Z200US02126,02126,99007.0
860Z200US02127,02127,190706.0
860Z200US02128,02128,122983.0
860Z200US02129,02129,206390.0
860Z200US02130,02130,164334.0
860Z200US02131,02131,147712.0
860Z200US02132,02132,175940.0
860Z200US02133,02133,
860Z200US02134,02134,96776.0
860Z200US02135,02135,108404.0
860Z200US02136,02136,116460.0
860Z200US02138,02138,193846.0
860Z200US02139,02139,167981.0
860Z200US02140,02140,181245.0
860Z200US02141,02141,152816.0
860Z200US02142,02142,221242.0
860Z200US02143,02143,160684.0
860Z200US02144,02144,173819.0
860Z200US02145,02145,146926.0
860Z200US02148,02148,118119.0
860Z200US02149,02149,101500.0
860Z200US02150,02150,88703.0
860Z200US02151,02151,104736.0
860Z200US02152,02152,138577.0
860Z200US02155,02155,148538.0
860Z200US02163,02163,130301.0
860Z200US02169,02169,112386.0
860Z200US02170,02170,121615.0
860Z200US02171,02171,138685.0
860Z200US02176,02176,154054.0
860Z200US02180,02180,145420.0
860Z200US02184,02184,151733.0
860Z200US02186,02186,222181.0
860Z200US02188,02188,125298.0
860Z200US02189,02189,118012.0
860Z200US02190,02190,128483.0
860Z200US02191,02191,129515.0
860Z200US02199,02199,185577.0
860Z200US02203,02203,
860Z200US02205,02205,
860Z200US02210,02210,266530.0
860Z200US02215,02215,98063.0
860Z200US02301,02301,102817.0
860Z200US02302,02302,108694.0
860Z200US02322,02322,130878.0
860Z200US02324,02324,136735.0
860Z200US02325,02325,
860Z200US02330,02330,116316.0
860Z200US02332,02332,227867.0
860Z200US02333,02333,165672.0
860Z200US02338,02338,125812.0
860Z200US02339,02339,212320.0
860Z200US02341,02341,151290.0
860Z200US02343,02343,120798.0
860Z200US02346,02346,120616.0
860Z200US02347,02347,144993.0
860Z200US02350,02350,97854.0
860Z200US02351,02351,135451.0
860Z200US02356,02356,173793.0
860Z200US02357,02357,
860Z200US02359,02359,158419.0
860Z200US02360,02360,136710.0
860Z200US02364,02364,140009.0
860Z200US02366,02366,
860Z200US02367,02367,152063.0
860Z200US02368,02368,129183.0
860Z200US02370,02370,126214.0
860Z200US02375,02375,150888.0
860Z200US02379,02379,138970.0
860Z200US02382,02382,120449.0
860Z200US02420,02420,322111.0
860Z200US02421,02421,283094.0
860Z200US02445,02445,230204.0
860Z200US02446,02446,184377.0
860Z200US02451,02451,157127.0
860Z200US02452,02452,143253.0
860Z200US02453,02453,136320.0
860Z200US02457,02457,
860Z200US02458,02458,209375.0
860Z200US02459,02459,305451.0
860Z200US02460,02460,213613.0
860Z200US02461,02461,276755.0
860Z200US02462,02462,255520.0
860Z200US02464,02464,192741.0
860Z200US02465,02465,268598.0
860Z200US02466,02466,239740.0
860Z200US02467,02467,284716.0
860Z200US02468,02468,382381.0
860Z200US02472,02472,158899.0
860Z200US02474,02474,182939.0
860Z200US02476,02476,203271.0
860Z200US02478,02478,239294.0
860Z200US02481,02481,406233.0
860Z200US02482,02482,323764.0
860Z200US02492,02492,291189.0
860Z200US02493,02493,418972.0
860Z200US02494,02494,262727.0
860Z200US02532,02532,116383.0
860Z200US02534,02534,260687.0
860Z200US02535,02535,219490.0
860Z200US02536,02536,134770.0
860Z200US02537,02537,162224.0
860Z200US02538,02538,113579.0
860Z200US02539,02539,226526.0
860Z200US02540,02540,138095.0
860Z200US02542,02542,70154.0
860Z200US02543,02543,149453.0
860Z200US02553,02553,
860Z200US02554,02554,197446.0
860Z200US02556,02556,167423.0
860Z200US02557,02557,161971.0
860Z200US02558,02558,86282.0
860Z200US02559,02559,123205.0
860Z200US02561,02561,102787.0
860Z200US02562,02562,148965.0
860Z200US02563,02563,157132.0
860Z200US02564,02564,85379.0
860Z200US02568,02568,133365.0
860Z200US02571,02571,110754.0
860Z200US02575,02575,215308.0
860Z200US02576,02576,96093.0
860Z200US02584,02584,
860Z200US02601,02601,86079.0
860Z200US02630,02630,181282.0
860Z200US02631,02631,150854.0
860Z200US02632,02632,142383.0
860Z200US02633,02633,180820.0
860Z200US02635,02635,162587.0
860Z200US02637,02637,190119.0
860Z200US02638,02638,152888.0
860Z200US02639,02639,83190.0
860Z200US02641,02641,154068.0
860Z200US02642,02642,105334.0
860Z200US02643,02643,
860Z200US02644,02644,132620.0
860Z200US02645,02645,119506.0
860Z200US02646,02646,123641.0
860Z200US02647,02647,188842.0
860Z200US02648,02648,134540.0
860Z200US02649,02649,133878.0
860Z200US02650,02650,236357.0
860Z200US02652,02652,130934.0
860Z200US02653,02653,140593.0
860Z200US02655,02655,185027.0
860Z200US02657,02657,161675.0
860Z200US02659,02659,131139.0
860Z200US02660,02660,110038.0
860Z200US02663,02663,232893.0
860Z200US02664,02664,113057.0
860Z200US02666,02666,122074.0
860Z200US02667,02667,116234.0
860Z200US02668,02668,115558.0
860Z200US02670,02670,141482.0
860Z200US02671,02671,161981.0
860Z200US02672,02672,
860Z200US02673,02673,96694.0
860Z200US02675,02675,136873.0
860Z200US02702,02702,142455.0
860Z200US02703,02703,112177.0
860Z200US02713,02713,190439.0
860Z200US02715,02715,152538.0
860Z200US02717,02717,157150.0
860Z200US02718,02718,115070.0
860Z200US02719,02719,126236.0
860Z200US02720,02720,78278.0
860Z200US02721,02721,70458.0
860Z200US02723,02723,69978.0
860Z200US02724,02724,65440.0
860Z200US02725,02725,241351.0
860Z200US02726,02726,122133.0
860Z200US02738,02738,206503.0
860Z200US02739,02739,169034.0
860Z200US02740,02740,71436.0
860Z200US02743,02743,122853.0
860Z200US02744,02744,64894.0
860Z200US02745,02745,89393.0
860Z200US02746,02746,58881.0
860Z200US02747,02747,117692.0
860Z200US02748,02748,151260.0
860Z200US02760,02760,134766.0
860Z200US02762,02762,120495.0
860Z200US02763,02763,138649.0
860Z200US02764,02764,142341.0
860Z200US02766,02766,151282.0
860Z200US02767,02767,137162.0
860Z200US02769,02769,142558.0
860Z200US02770,02770,144512.0
860Z200US02771,02771,134041.0
860Z200US02777,02777,125724.0
860Z200US02779,02779,156928.0
860Z200US02780,02780,93953.0
860Z200US02790,02790,128078.0
860Z200US02791,02791,121614.0
860Z200US02802,02802,107596.0
860Z200US02804,02804,130715.0
860Z200US02806,02806,209984.0
860Z200US02807,02807,83433.0
860Z200US02808,02808,106303.0
860Z200US02809,02809,126212.0
860Z200US02812,02812,137686.0
860Z200US02813,02813,139849.0
860Z200US02814,02814,117029.0
860Z200US02815,02815,195600.0
860Z200US02816,02816,114769.0
860Z200US02817,02817,145704.0
860Z200US02818,02818,182370.0
860Z200US02822,02822,117016.0
860Z200US02823,02823,
860Z200US02824,02824,146480.0
860Z200US02825,02825,121619.0
860Z200US02826,02826,89144.0
860Z200US02827,02827,138474.0
860Z200US02828,02828,122248.0
860Z200US02829,02829,
860Z200US02830,02830,122065.0
860Z200US02831,02831,171746.0
860Z200US02832,02832,114656.0
860Z200US02833,02833,68352.0
860Z200US02835,02835,182060.0
860Z200US02836,02836,
860Z200US02837,02837,209440.0
860Z200US02838,02838,131455.0
860Z200US02839,02839,142666.0
860Z200US02840,02840,128790.0
860Z200US02841,02841,
860Z200US02842,02842,128510.0
860Z200US02852,02852,139866.0
860Z200US02857,02857,129598.0
860Z200US02858,02858,106586.0
860Z200US02859,02859,118993.0
860Z200US02860,02860,78465.0
860Z200US02861,02861,95934.0
860Z200US02863,02863,58286.0
860Z200US02864,02864,133781.0
860Z200US02865,02865,140188.0
860Z200US02871,02871,155383.0
860Z200US02872,02872,136739.0
860Z200US02873,02873,
860Z200US02874,02874,186933.0
860Z200US02875,02875,98724.0
860Z200US02876,02876,48988.0
860Z200US02878,02878,116410.0
860Z200US02879,02879,138723.0
860Z200US02881,02881,61542.0
860Z200US02882,02882,116579.0
860Z200US02885,02885,111764.0
860Z200US02886,02886,108152.0
860Z200US02888,02888,107463.0
860Z200US02889,02889,106268.0
860Z200US02891,02891,119200.0
860Z200US02892,02892,157463.0
860Z200US02893,02893,92509.0
860Z200US02894,02894,140398.0
860Z200US02895,02895,73986.0
860Z200US02896,02896,139393.0
860Z200US02898,02898,128297.0
860Z200US02903,02903,96780.0
860Z200US02904,02904,87087.0
860Z200US02905,02905,86838.0
860Z200US02906,02906,156168.0
860Z200US02907,02907,68786.0
860Z200US02908,02908,98356.0
860Z200US02909,02909,77017.0
860Z200US02910,02910,102501.0
860Z200US02911,02911,99114.0
860Z200US02912,02912,
860Z200US02914,02914,89744.0
860Z200US02915,02915,103495.0
860Z200US02916,02916,124486.0
860Z200US02917,02917,129253.0
860Z200US02918,02918,
860Z200US02919,02919,114755.0
860Z200US02920,02920,93399.0
860Z200US02921,02921,168084.0
860Z200US03031,03031,186192.0
860Z200US03032,03032,176738.0
860Z200US03033,03033,184090.0
860Z200US03034,03034,131199.0
860Z200US03036,03036,156777.0
860Z200US03037,03037,149574.0
860Z200US03038,03038,127879.0
860Z200US03042,03042,137222.0
860Z200US03043,03043,127527.0
860Z200US03044,03044,129738.0
860Z200US03045,03045,134349.0
860Z200US03046,03046,157062.0
860Z200US03047,03047,130111.0
860Z200US03048,03048,102811.0
860Z200US03049,03049,206189.0
860Z200US03051,03051,143573.0
860Z200US03052,03052,171298.0
860Z200US03053,03053,149399.0
860Z200US03054,03054,147017.0
860Z200US03055,03055,119988.0
860Z200US03057,03057,189966.0
860Z200US03060,03060,99993.0
860Z200US03062,03062,136102.0
860Z200US03063,03063,133399.0
860Z200US03064,03064,111814.0
860Z200US03070,03070,174475.0
860Z200US03071,03071,117621.0
860Z200US03076,03076,148129.0
860Z200US03077,03077,106549.0
860Z200US03079,03079,130828.0
860Z200US03082,03082,138210.0
860Z200US03084,03084,130585.0
860Z200US03086,03086,138349.0
860Z200US03087,03087,224990.0
860Z200US03101,03101,101413.0
860Z200US03102,03102,91689.0
860Z200US03103,03103,90844.0
860Z200US03104,03104,110065.0
860Z200US03106,03106,133893.0
860Z200US03109,03109,129840.0
860Z200US03110,03110,202164.0
860Z200US03215,03215,147772.0
860Z200US03216,03216,106240.0
860Z200US03217,03217,69909.0
860Z200US03218,03218,97144.0
860Z200US03220,03220,96736.0
860Z200US03221,03221,141485.0
860Z200US03222,03222,93771.0
860Z200US03223,03223,119593.0
860Z200US03224,03224,154925.0
860Z200US03225,03225,129203.0
860Z200US03226,03226,127819.0
860Z200US03227,03227,199468.0
860Z200US03229,03229,208249.0
860Z200US03230,03230,84185.0
860Z200US03231,03231,121015.0
860Z200US03233,03233,120852.0
860Z200US03234,03234,110782.0
860Z200US03235,03235,83416.0
860Z200US03237,03237,117936.0
860Z200US03238,03238,60681.0
860Z200US03240,03240,91018.0
860Z200US03241,03241,152444.0
860Z200US03242,03242,110650.0
860Z200US03243,03243,85993.0
860Z200US03244,03244,104249.0
860Z200US03245,03245,126450.0
860Z200US03246,03246,94936.0
860Z200US03249,03249,134950.0
860Z200US03251,03251,104376.0
860Z200US03253,03253,117036.0
860Z200US03254,03254,128655.0
860Z200US03255,03255,140144.0
860Z200US03256,03256,100851.0
860Z200US03257,03257,131254.0
860Z200US03258,03258,122612.0
860Z200US03259,03259,114191.0
860Z200US03260,03260,145446.0
860Z200US03261,03261,117018.0
860Z200US03262,03262,125973.0
860Z200US03263,03263,79741.0
860Z200US03264,03264,102746.0
860Z200US03266,03266,92493.0
860Z200US03268,03268,108995.0
860Z200US03269,03269,127161.0
860Z200US03273,03273,172219.0
860Z200US03275,03275,101771.0
860Z200US03276,03276,92330.0
860Z200US03278,03278,136993.0
860Z200US03279,03279,98292.0
860Z200US03280,03280,113027.0
860Z200US03281,03281,133847.0
860Z200US03282,03282,123739.0
860Z200US03284,03284,119393.0
860Z200US03285,03285,99794.0
860Z200US03287,03287,139944.0
860Z200US03290,03290,129936.0
860Z200US03291,03291,
860Z200US03293,03293,100161.0
860Z200US03301,03301,111667.0
860Z200US03303,03303,98641.0
860Z200US03304,03304,192304.0
860Z200US03307,03307,105737.0
860Z200US03431,03431,93302.0
860Z200US03440,03440,108572.0
860Z200US03441,03441,45477.0
860Z200US03442,03442,93636.0
860Z200US03443,03443,123755.0
860Z200US03444,03444,119619.0
860Z200US03445,03445,108265.0
860Z200US03446,03446,91619.0
860Z200US03447,03447,117976.0
860Z200US03448,03448,88867.0
860Z200US03449,03449,119485.0
860Z200US03450,03450,123506.0
860Z200US03451,03451,87508.0
860Z200US03452,03452,116038.0
860Z200US03455,03455,91868.0
860Z200US03456,03456,106764.0
860Z200US03457,03457,130363.0
860Z200US03458,03458,129186.0
860Z200US03461,03461,125931.0
860Z200US03462,03462,116584.0
860Z200US03464,03464,104593.0
860Z200US03465,03465,94684.0
860Z200US03466,03466,119453.0
860Z200US03467,03467,117635.0
860Z200US03470,03470,89272.0
860Z200US03561,03561,70530.0
860Z200US03570,03570,65471.0
860Z200US03574,03574,97872.0
860Z200US03575,03575,
860Z200US03576,03576,80538.0
860Z200US03579,03579,70538.0
860Z200US03580,03580,122615.0
860Z200US03581,03581,79615.0
860Z200US03582,03582,67553.0
860Z200US03583,03583,87466.0
860Z200US03584,03584,139641.0
860Z200US03585,03585,84582.0
860Z200US03586,03586,245479.0
860Z200US03588,03588,88819.0
860Z200US03590,03590,60562.0
860Z200US03592,03592,76682.0
860Z200US03593,03593,133882.0
860Z200US03595,03595,88685.0
860Z200US03597,03597,59187.0
860Z200US03598,03598,82840.0
860Z200US03601,03601,75080.0
860Z200US03602,03602,115166.0
860Z200US03603,03603,83128.0
860Z200US03604,03604,
860Z200US03605,03605,98127.0
860Z200US03607,03607,102300.0
860Z200US03608,03608,115058.0
860Z200US03609,03609,90850.0
860Z200US03740,03740,86811.0
860Z200US03741,03741,98213.0
860Z200US03743,03743,80657.0
860Z200US03745,03745,104473.0
860Z200US03748,03748,130532.0
860Z200US03750,03750,241195.0
860Z200US03751,03751,50480.0
860Z200US03752,03752,78993.0
860Z200US03753,03753,145480.0
860Z200US03755,03755,224201.0
860Z200US03765,03765,163444.0
860Z200US03766,03766,118927.0
860Z200US03768,03768,212333.0
860Z200US03770,03770,231347.0
860Z200US03771,03771,93741.0
860Z200US03773,03773,93678.0
860Z200US03774,03774,88906.0
860Z200US03777,03777,106732.0
860Z200US03779,03779,131215.0
860Z200US03780,03780,144214.0
860Z200US03781,03781,149210.0
860Z200US03782,03782,150446.0
860Z200US03784,03784,111677.0
860Z200US03785,03785,82311.0
860Z200US03801,03801,144758.0
860Z200US03809,03809,106490.0
860Z200US03810,03810,201911.0
860Z200US03811,03811,166486.0
860Z200US03812,03812,158744.0
860Z200US03813,03813,85043.0
860Z200US03814,03814,96003.0
860Z200US03816,03816,90345.0
860Z200US03817,03817,80424.0
860Z200US03818,03818,85873.0
860Z200US03819,03819,129149.0
860Z200US03820,03820,114170.0
860Z200US03823,03823,173432.0
860Z200US03824,03824,148808.0
860Z200US03825,03825,124243.0
860Z200US03826,03826,148730.0
860Z200US03827,03827,170239.0
860Z200US03830,03830,98711.0
860Z200US03832,03832,113571.0
860Z200US03833,03833,152782.0
860Z200US03835,03835,79961.0
860Z200US03836,03836,91152.0
860Z200US03837,03837,119602.0
860Z200US03838,03838,152853.0
860Z200US03839,03839,99256.0
860Z200US03840,03840,173244.0
860Z200US03841,03841,125998.0
860Z200US03842,03842,132258.0
860Z200US03844,03844,186724.0
860Z200US03845,03845,103009.0
860Z200US03846,03846,117416.0
860Z200US03847,03847,55000.0
860Z200US03848,03848,137099.0
860Z200US03849,03849,99153.0
860Z200US03850,03850,100352.0
860Z200US03851,03851,106088.0
860Z200US03852,03852,153470.0
860Z200US03853,03853,105899.0
860Z200US03854,03854,338436.0
860Z200US03855,03855,115910.0
860Z200US03856,03856,214635.0
860Z200US03857,03857,113678.0
860Z200US03858,03858,160780.0
860Z200US03860,03860,98421.0
860Z200US03861,03861,167663.0
860Z200US03862,03862,193544.0
860Z200US03864,03864,139743.0
860Z200US03865,03865,133673.0
860Z200US03867,03867,91835.0
860Z200US03868,03868,98400.0
860Z200US03869,03869,116037.0
860Z200US03870,03870,205034.0
860Z200US03871,03871,324681.0
860Z200US03872,03872,108023.0
860Z200US03873,03873,138686.0
860Z200US03874,03874,113021.0
860Z200US03875,03875,144958.0
860Z200US03878,03878,93570.0
860Z200US03882,03882,102696.0
860Z200US03883,03883,82571.0
860Z200US03884,03884,129614.0
860Z200US03885,03885,167504.0
860Z200US03886,03886,92832.0
860Z200US03887,03887,106897.0
860Z200US03890,03890,
860Z200US03894,03894,111458.0
860Z200US03897,03897,
860Z200US03901,03901,97912.0
860Z200US03902,03902,143853.0
860Z200US03903,03903,127642.0
860Z200US03904,03904,93107.0
860Z200US03905,03905,149219.0
860Z200US03906,03906,110186.0
860Z200US03907,03907,185336.0
860Z200US03908,03908,124532.0
860Z200US03909,03909,125455.0
860Z200US03910,03910,
860Z200US03911,03911,167929.0
860Z200US04001,04001,97269.0
860Z200US04002,04002,104784.0
860Z200US04003,04003,83002.0
860Z200US04005,04005,92577.0
860Z200US04006,04006,244914.0
860Z200US04008,04008,104340.0
860Z200US04009,04009,98311.0
860Z200US04010,04010,79213.0
860Z200US04011,04011,103451.0
860Z200US04015,04015,93287.0
860Z200US04017,04017,97704.0
860Z200US04019,04019,116050.0
860Z200US04020,04020,86171.0
860Z200US04021,04021,198648.0
860Z200US04022,04022,86834.0
860Z200US04024,04024,71311.0
860Z200US04027,04027,101681.0
860Z200US04029,04029,95560.0
860Z200US04030,04030,104097.0
860Z200US04032,04032,130824.0
860Z200US04037,04037,75403.0
860Z200US04038,04038,139075.0
860Z200US04039,04039,120082.0
860Z200US04040,04040,77754.0
860Z200US04041,04041,73210.0
860Z200US04042,04042,98999.0
860Z200US04043,04043,116118.0
860Z200US04046,04046,134335.0
860Z200US04047,04047,72989.0
860Z200US04048,04048,93229.0
860Z200US04049,04049,92247.0
860Z200US04050,04050,109715.0
860Z200US04051,04051,114355.0
860Z200US04055,04055,79620.0
860Z200US04056,04056,46805.0
860Z200US04057,04057,
860Z200US04061,04061,92928.0
860Z200US04062,04062,119769.0
860Z200US04063,04063,83710.0
860Z200US04064,04064,80507.0
860Z200US04066,04066,148141.0
860Z200US04068,04068,73232.0
860Z200US04069,04069,127799.0
860Z200US04071,04071,110208.0
860Z200US04072,04072,107431.0
860Z200US04073,04073,84367.0
860Z200US04074,04074,163103.0
860Z200US04076,04076,122731.0
860Z200US04079,04079,125528.0
860Z200US04083,04083,94839.0
860Z200US04084,04084,118504.0
860Z200US04085,04085,89338.0
860Z200US04086,04086,110249.0
860Z200US04087,04087,104995.0
860Z200US04088,04088,113253.0
860Z200US04090,04090,100535.0
860Z200US04091,04091,90777.0
860Z200US04092,04092,97160.0
860Z200US04093,04093,108673.0
860Z200US04095,04095,74967.0
860Z200US04096,04096,165907.0
860Z200US04097,04097,160955.0
860Z200US04101,04101,92122.0
860Z200US04102,04102,106321.0
860Z200US04103,04103,119876.0
860Z200US04105,04105,222489.0
860Z200US04106,04106,106406.0
860Z200US04107,04107,200519.0
860Z200US04108,04108,115802.0
860Z200US04109,04109,80260.0
860Z200US04110,04110,347407.0
860Z200US04210,04210,93286.0
860Z200US04216,04216,59098.0
860Z200US04217,04217,92867.0
860Z200US04219,04219,83282.0
860Z200US04220,04220,101120.0
860Z200US04221,04221,73986.0
860Z200US04222,04222,116376.0
860Z200US04224,04224,73389.0
860Z200US04226,04226,39832.0
860Z200US04227,04227,
860Z200US04231,04231,74375.0
860Z200US04234,04234,
860Z200US04236,04236,111686.0
860Z200US04237,04237,209821.0
860Z200US04238,04238,94286.0
860Z200US04239,04239,82935.0
860Z200US04240,04240,71312.0
860Z200US04250,04250,91747.0
860Z200US04252,04252,88137.0
860Z200US04253,04253,86963.0
860Z200US04254,04254,50715.0
860Z200US04255,04255,73763.0
860Z200US04256,04256,66000.0
860Z200US04257,04257,66267.0
860Z200US04258,04258,123315.0
860Z200US04259,04259,101072.0
860Z200US04260,04260,116862.0
860Z200US04261,04261,67462.0
860Z200US04263,04263,99591.0
860Z200US04265,04265,55716.0
860Z200US04267,04267,
860Z200US04268,04268,75858.0
860Z200US04270,04270,84889.0
860Z200US04271,04271,
860Z200US04274,04274,103906.0
860Z200US04275,04275,86542.0
860Z200US04276,04276,59387.0
860Z200US04280,04280,83947.0
860Z200US04281,04281,68535.0
860Z200US04282,04282,94782.0
860Z200US04284,04284,97777.0
860Z200US04285,04285,73872.0
860Z200US04286,04286,
860Z200US04287,04287,87964.0
860Z200US04289,04289,59874.0
860Z200US04290,04290,78117.0
860Z200US04292,04292,67759.0
860Z200US04294,04294,77588.0
860Z200US04330,04330,76964.0
860Z200US04341,04341,
860Z200US04342,04342,83380.0
860Z200US04344,04344,74047.0
860Z200US04345,04345,87869.0
860Z200US04346,04346,67057.0
860Z200US04347,04347,80569.0
860Z200US04348,04348,84869.0
860Z200US04349,04349,82986.0
860Z200US04350,04350,83380.0
860Z200US04351,04351,110710.0
860Z200US04352,04352,105456.0
860Z200US04353,04353,88483.0
860Z200US04354,04354,95264.0
860Z200US04355,04355,108043.0
860Z200US04357,04357,75819.0
860Z200US04358,04358,105954.0
860Z200US04359,04359,97913.0
860Z200US04360,04360,105885.0
860Z200US04363,04363,83262.0
860Z200US04364,04364,92215.0
860Z200US04401,04401,88949.0
860Z200US04406,04406,66020.0
860Z200US04408,04408,77665.0
860Z200US04410,04410,83114.0
860Z200US04411,04411,80548.0
860Z200US04412,04412,78641.0
860Z200US04413,04413,183900.0
860Z200US04414,04414,68705.0
860Z200US04415,04415,44659.0
860Z200US04416,04416,73849.0
860Z200US04417,04417,52863.0
860Z200US04418,04418,69078.0
860Z200US04419,04419,94414.0
860Z200US04421,04421,119271.0
860Z200US04422,04422,84327.0
860Z200US04424,04424,52241.0
860Z200US04426,04426,87034.0
860Z200US04427,04427,75493.0
860Z200US04428,04428,96535.0
860Z200US04429,04429,135440.0
860Z200US04430,04430,62791.0
860Z200US04431,04431,
860Z200US04434,04434,70508.0
860Z200US04435,04435,80188.0
860Z200US04438,04438,75529.0
860Z200US04441,04441,90595.0
860Z200US04442,04442,69900.0
860Z200US04443,04443,65372.0
860Z200US04444,04444,125282.0
860Z200US04448,04448,57793.0
860Z200US04449,04449,78871.0
860Z200US04450,04450,79757.0
860Z200US04451,04451,39625.0
860Z200US04453,04453,61795.0
860Z200US04454,04454,
860Z200US04455,04455,68485.0
860Z200US04456,04456,87647.0
860Z200US04457,04457,60424.0
860Z200US04459,04459,56634.0
860Z200US04460,04460,56126.0
860Z200US04461,04461,74053.0
860Z200US04462,04462,59319.0
860Z200US04463,04463,67496.0
860Z200US04464,04464,62752.0
860Z200US04468,04468,78165.0
860Z200US04469,04469,
860Z200US04471,04471,72565.0
860Z200US04472,04472,118693.0
860Z200US04473,04473,88382.0
860Z200US04474,04474,123559.0
860Z200US04475,04475,66315.0
860Z200US04476,04476,79925.0
860Z200US04478,04478,85375.0
860Z200US04479,04479,58086.0
860Z200US04481,04481,94800.0
860Z200US04485,04485,88478.0
860Z200US04487,04487,59454.0
860Z200US04488,04488,87495.0
860Z200US04489,04489,98179.0
860Z200US04490,04490,75714.0
860Z200US04491,04491,68442.0
860Z200US04492,04492,54187.0
860Z200US04493,04493,66346.0
860Z200US04495,04495,57481.0
860Z200US04496,04496,109947.0
860Z200US04497,04497,59763.0
860Z200US04530,04530,99307.0
860Z200US04535,04535,106023.0
860Z200US04537,04537,109150.0
860Z200US04538,04538,86258.0
860Z200US04539,04539,121462.0
860Z200US04541,04541,90271.0
860Z200US04543,04543,92482.0
860Z200US04544,04544,112065.0
860Z200US04547,04547,108255.0
860Z200US04548,04548,93104.0
860Z200US04551,04551,130696.0
860Z200US04553,04553,111732.0
860Z200US04554,04554,156946.0
860Z200US04555,04555,103222.0
860Z200US04556,04556,120514.0
860Z200US04558,04558,95768.0
860Z200US04562,04562,107517.0
860Z200US04563,04563,106576.0
860Z200US04564,04564,141896.0
860Z200US04568,04568,98157.0
860Z200US04570,04570,
860Z200US04571,04571,86538.0
860Z200US04572,04572,88236.0
860Z200US04573,04573,107369.0
860Z200US04574,04574,84013.0
860Z200US04575,04575,146740.0
860Z200US04576,04576,104036.0
860Z200US04578,04578,87128.0
860Z200US04579,04579,121652.0
860Z200US04605,04605,89108.0
860Z200US04606,04606,67205.0
860Z200US04607,04607,72405.0
860Z200US04609,04609,97686.0
860Z200US04611,04611,109321.0
860Z200US04612,04612,106828.0
860Z200US04613,04613,63330.0
860Z200US04614,04614,97348.0
860Z200US04616,04616,81251.0
860Z200US04617,04617,73745.0
860Z200US04619,04619,66946.0
860Z200US04622,04622,62726.0
860Z200US04623,04623,70566.0
860Z200US04624,04624,72781.0
860Z200US04625,04625,104732.0
860Z200US04626,04626,73917.0
860Z200US04627,04627,82100.0
860Z200US04628,04628,63816.0
860Z200US04630,04630,84532.0
860Z200US04631,04631,67367.0
860Z200US04634,04634,73629.0
860Z200US04635,04635,60778.0
860Z200US04640,04640,80990.0
860Z200US04642,04642,91515.0
860Z200US04643,04643,74702.0
860Z200US04645,04645,264746.0
860Z200US04646,04646,96200.0
860Z200US04648,04648,60780.0
860Z200US04649,04649,79109.0
860Z200US04650,04650,115535.0
860Z200US04652,04652,81341.0
860Z200US04653,04653,98484.0
860Z200US04654,04654,63723.0
860Z200US04655,04655,82049.0
860Z200US04657,04657,62999.0
860Z200US04658,04658,63501.0
860Z200US04660,04660,107851.0
860Z200US04662,04662,172659.0
860Z200US04664,04664,72491.0
860Z200US04666,04666,69065.0
860Z200US04667,04667,81846.0
860Z200US04668,04668,58928.0
860Z200US04669,04669,92567.0
860Z200US04671,04671,88363.0
860Z200US04673,04673,68888.0
860Z200US04674,04674,81902.0
860Z200US04675,04675,167831.0
860Z200US04676,04676,81663.0
860Z200US04677,04677,85239.0
860Z200US04679,04679,84006.0
860Z200US04680,04680,93086.0
860Z200US04681,04681,83427.0
860Z200US04683,04683,
860Z200US04684,04684,114613.0
860Z200US04685,04685,130896.0
860Z200US04686,04686,58807.0
860Z200US04691,04691,64672.0
860Z200US04693,04693,78630.0
860Z200US04694,04694,68492.0
860Z200US04730,04730,76683.0
860Z200US04732,04732,57692.0
860Z200US04733,04733,54320.0
860Z200US04734,04734,80804.0
860Z200US04735,04735,68582.0
860Z200US04736,04736,73536.0
860Z200US04737,04737,
860Z200US04739,04739,66779.0
860Z200US04740,04740,64762.0
860Z200US04742,04742,82527.0
860Z200US04743,04743,98767.0
860Z200US04745,04745,71499.0
860Z200US04746,04746,59795.0
860Z200US04747,04747,75129.0
860Z200US04750,04750,66266.0
860Z200US04756,04756,53391.0
860Z200US04757,04757,88861.0
860Z200US04758,04758,75131.0
860Z200US04760,04760,65262.0
860Z200US04761,04761,96097.0
860Z200US04762,04762,78527.0
860Z200US04763,04763,54910.0
860Z200US04764,04764,81583.0
860Z200US04765,04765,60896.0
860Z200US04766,04766,110408.0
860Z200US04768,04768,80467.0
860Z200US04769,04769,66926.0
860Z200US04772,04772,77436.0
860Z200US04773,04773,53491.0
860Z200US04774,04774,45710.0
860Z200US04776,04776,74967.0
860Z200US04777,04777,61158.0
860Z200US04779,04779,119219.0
860Z200US04780,04780,57106.0
860Z200US04781,04781,66731.0
860Z200US04783,04783,81202.0
860Z200US04785,04785,81385.0
860Z200US04786,04786,60934.0
860Z200US04787,04787,69343.0
860Z200US04841,04841,72051.0
860Z200US04843,04843,104131.0
860Z200US04847,04847,111837.0
860Z200US04848,04848,108826.0
860Z200US04849,04849,106995.0
860Z200US04851,04851,82015.0
860Z200US04852,04852,135574.0
860Z200US04853,04853,117285.0
860Z200US04854,04854,104427.0
860Z200US04855,04855,240311.0
860Z200US04856,04856,116247.0
860Z200US04858,04858,96519.0
860Z200US04859,04859,145784.0
860Z200US04860,04860,91690.0
860Z200US04861,04861,64749.0
860Z200US04862,04862,84462.0
860Z200US04863,04863,131999.0
860Z200US04864,04864,91404.0
860Z200US04901,04901,77027.0
860Z200US04910,04910,80932.0
860Z200US04911,04911,73480.0
860Z200US04912,04912,70056.0
860Z200US04915,04915,86531.0
860Z200US04917,04917,124509.0
860Z200US04918,04918,
860Z200US04920,04920,61023.0
860Z200US04921,04921,82419.0
860Z200US04922,04922,71484.0
860Z200US04923,04923,81588.0
860Z200US04924,04924,70954.0
860Z200US04925,04925,95618.0
860Z200US04926,04926,
860Z200US04927,04927,80364.0
860Z200US04928,04928,71350.0
860Z200US04929,04929,58401.0
860Z200US04930,04930,76052.0
860Z200US04932,04932,86791.0
860Z200US04936,04936,31165.0
860Z200US04937,04937,72210.0
860Z200US04938,04938,78630.0
860Z200US04939,04939,64542.0
860Z200US04940,04940,
860Z200US04941,04941,73703.0
860Z200US04942,04942,59328.0
860Z200US04943,04943,76240.0
860Z200US04944,04944,
860Z200US04945,04945,60537.0
860Z200US04947,04947,117843.0
860Z200US04949,04949,68580.0
860Z200US04950,04950,63222.0
860Z200US04951,04951,84648.0
860Z200US04952,04952,79723.0
860Z200US04953,04953,79487.0
860Z200US04955,04955,78710.0
860Z200US04956,04956,82115.0
860Z200US04957,04957,115171.0
860Z200US04958,04958,68839.0
860Z200US04961,04961,55839.0
860Z200US04963,04963,92883.0
860Z200US04964,04964,73146.0
860Z200US04965,04965,64716.0
860Z200US04966,04966,61049.0
860Z200US04967,04967,66410.0
860Z200US04969,04969,85537.0
860Z200US04970,04970,86686.0
860Z200US04971,04971,75429.0
860Z200US04973,04973,93407.0
860Z200US04974,04974,73676.0
860Z200US04975,04975,51586.0
860Z200US04976,04976,68224.0
860Z200US04978,04978,117763.0
860Z200US04979,04979,73528.0
860Z200US04981,04981,82441.0
860Z200US04982,04982,47630.0
860Z200US04983,04983,80980.0
860Z200US04984,04984,63709.0
860Z200US04985,04985,92461.0
860Z200US04986,04986,77329.0
860Z200US04987,04987,65066.0
860Z200US04988,04988,57901.0
860Z200US04989,04989,90526.0
860Z200US04992,04992,
860Z200US05001,05001,90191.0
860Z200US05009,05009,
860Z200US05030,05030,
860Z200US05031,05031,
860Z200US05032,05032,143206.0
860Z200US05033,05033,101768.0
860Z200US05034,05034,74446.0
860Z200US05035,05035,80328.0
860Z200US05036,05036,151113.0
860Z200US05037,05037,116930.0
860Z200US05038,05038,81595.0
860Z200US05039,05039,93251.0
860Z200US05040,05040,93782.0
860Z200US05041,05041,80011.0
860Z200US05042,05042,121338.0
860Z200US05043,05043,101119.0
860Z200US05045,05045,91683.0
860Z200US05046,05046,91167.0
860Z200US05048,05048,120974.0
860Z200US05050,05050,86734.0
860Z200US05051,05051,87586.0
860Z200US05052,05052,84951.0
860Z200US05053,05053,178460.0
860Z200US05055,05055,201409.0
860Z200US05056,05056,93004.0
860Z200US05058,05058,109230.0
860Z200US05059,05059,225312.0
860Z200US05060,05060,77668.0
860Z200US05061,05061,106483.0
860Z200US05062,05062,109204.0
860Z200US05065,05065,96998.0
860Z200US05067,05067,117986.0
860Z200US05068,05068,100301.0
860Z200US05069,05069,89167.0
860Z200US05070,05070,130629.0
860Z200US05071,05071,99666.0
860Z200US05072,05072,121233.0
860Z200US05073,05073,
860Z200US05075,05075,119394.0
860Z200US05076,05076,83161.0
860Z200US05077,05077,85729.0
860Z200US05079,05079,83716.0
860Z200US05081,05081,62077.0
860Z200US05083,05083,74553.0
860Z200US05084,05084,156875.0
860Z200US05086,05086,87735.0
860Z200US05088,05088,87505.0
860Z200US05089,05089,80160.0
860Z200US05091,05091,150288.0
860Z200US05101,05101,82109.0
860Z200US05141,05141,42753.0
860Z200US05142,05142,145318.0
860Z200US05143,05143,100602.0
860Z200US05146,05146,106834.0
860Z200US05148,05148,120744.0
860Z200US05149,05149,108839.0
860Z200US05150,05150,65717.0
860Z200US05151,05151,126512.0
860Z200US05152,05152,164617.0
860Z200US05153,05153,140955.0
860Z200US05154,05154,129959.0
860Z200US05155,05155,95891.0
860Z200US05156,05156,73395.0
860Z200US05158,05158,104879.0
860Z200US05161,05161,162386.0
860Z200US05201,05201,82319.0
860Z200US05250,05250,123004.0
860Z200US05251,05251,165010.0
860Z200US05252,05252,77773.0
860Z200US05253,05253,85379.0
860Z200US05254,05254,137336.0
860Z200US05255,05255,120398.0
860Z200US05257,05257,132083.0
860Z200US05260,05260,75163.0
860Z200US05261,05261,99078.0
860Z200US05262,05262,107565.0
860Z200US05301,05301,87945.0
860Z200US05340,05340,116170.0
860Z200US05341,05341,72643.0
860Z200US05342,05342,75594.0
860Z200US05343,05343,104973.0
860Z200US05344,05344,
860Z200US05345,05345,85740.0
860Z200US05346,05346,101124.0
860Z200US05350,05350,79948.0
860Z200US05351,05351,53958.0
860Z200US05352,05352,109059.0
860Z200US05353,05353,131091.0
860Z200US05354,05354,106091.0
860Z200US05355,05355,84970.0
860Z200US05356,05356,92676.0
860Z200US05358,05358,65759.0
860Z200US05359,05359,83643.0
860Z200US05360,05360,133618.0
860Z200US05361,05361,96763.0
860Z200US05362,05362,64775.0
860Z200US05363,05363,106344.0
860Z200US05401,05401,92924.0
860Z200US05403,05403,129566.0
860Z200US05404,05404,87282.0
860Z200US05405,05405,
860Z200US05408,05408,109718.0
860Z200US05439,05439,
860Z200US05440,05440,88398.0
860Z200US05441,05441,93226.0
860Z200US05442,05442,88144.0
860Z200US05443,05443,108659.0
860Z200US05444,05444,125954.0
860Z200US05445,05445,165858.0
860Z200US05446,05446,116599.0
860Z200US05447,05447,81966.0
860Z200US05448,05448,92354.0
860Z200US05450,05450,92166.0
860Z200US05452,05452,119556.0
860Z200US05454,05454,115171.0
860Z200US05455,05455,104689.0
860Z200US05456,05456,160075.0
860Z200US05457,05457,101213.0
860Z200US05458,05458,127359.0
860Z200US05459,05459,85540.0
860Z200US05461,05461,139214.0
860Z200US05462,05462,112863.0
860Z200US05463,05463,82423.0
860Z200US05464,05464,103415.0
860Z200US05465,05465,154764.0
860Z200US05468,05468,133184.0
860Z200US05471,05471,73970.0
860Z200US05472,05472,115570.0
860Z200US05473,05473,137519.0
860Z200US05474,05474,138498.0
860Z200US05476,05476,67299.0
860Z200US05477,05477,133017.0
860Z200US05478,05478,94343.0
860Z200US05481,05481,
860Z200US05482,05482,161333.0
860Z200US05483,05483,90296.0
860Z200US05485,05485,
860Z200US05486,05486,179250.0
860Z200US05487,05487,88100.0
860Z200US05488,05488,92820.0
860Z200US05489,05489,118625.0
860Z200US05491,05491,100300.0
860Z200US05492,05492,85600.0
860Z200US05494,05494,134804.0
860Z200US05495,05495,137507.0
860Z200US05602,05602,102397.0
860Z200US05640,05640,100167.0
860Z200US05641,05641,87519.0
860Z200US05647,05647,98400.0
860Z200US05648,05648,159867.0
860Z200US05649,05649,84958.0
860Z200US05650,05650,101013.0
860Z200US05651,05651,103825.0
860Z200US05652,05652,78592.0
860Z200US05653,05653,98590.0
860Z200US05654,05654,70542.0
860Z200US05655,05655,133541.0
860Z200US05656,05656,75669.0
860Z200US05658,05658,92822.0
860Z200US05660,05660,118863.0
860Z200US05661,05661,96642.0
860Z200US05663,05663,87391.0
860Z200US05664,05664,
860Z200US05666,05666,
860Z200US05667,05667,83723.0
860Z200US05669,05669,80978.0
860Z200US05670,05670,
860Z200US05672,05672,129798.0
860Z200US05673,05673,120330.0
860Z200US05674,05674,163574.0
860Z200US05675,05675,77836.0
860Z200US05676,05676,117297.0
860Z200US05677,05677,197792.0
860Z200US05678,05678,122862.0
860Z200US05679,05679,96754.0
860Z200US05680,05680,86916.0
860Z200US05681,05681,99389.0
860Z200US05682,05682,93760.0
860Z200US05701,05701,79507.0
860Z200US05730,05730,90734.0
860Z200US05731,05731,
860Z200US05732,05732,55644.0
860Z200US05733,05733,96384.0
860Z200US05734,05734,84013.0
860Z200US05735,05735,93385.0
860Z200US05736,05736,106859.0
860Z200US05737,05737,133360.0
860Z200US05738,05738,103215.0
860Z200US05739,05739,85471.0
860Z200US05742,05742,116289.0
860Z200US05743,05743,91861.0
860Z200US05744,05744,71449.0
860Z200US05746,05746,
860Z200US05747,05747,60318.0
860Z200US05748,05748,104052.0
860Z200US05751,05751,103483.0
860Z200US05753,05753,108802.0
860Z200US05757,05757,111850.0
860Z200US05758,05758,88994.0
860Z200US05759,05759,105126.0
860Z200US05760,05760,80111.0
860Z200US05761,05761,85289.0
860Z200US05762,05762,93732.0
860Z200US05763,05763,102683.0
860Z200US05764,05764,86193.0
860Z200US05765,05765,82803.0
860Z200US05766,05766,179111.0
860Z200US05767,05767,94168.0
860Z200US05768,05768,
860Z200US05769,05769,118191.0
860Z200US05770,05770,101480.0
860Z200US05772,05772,94315.0
860Z200US05773,05773,91411.0
860Z200US05774,05774,85923.0
860Z200US05775,05775,79969.0
860Z200US05776,05776,62326.0
860Z200US05777,05777,81819.0
860Z200US05778,05778,99530.0
860Z200US05819,05819,81456.0
860Z200US05820,05820,87845.0
860Z200US05821,05821,89933.0
860Z200US05822,05822,72626.0
860Z200US05824,05824,72334.0
860Z200US05825,05825,79093.0
860Z200US05826,05826,90243.0
860Z200US05827,05827,103430.0
860Z200US05828,05828,112727.0
860Z200US05829,05829,75178.0
860Z200US05830,05830,77793.0
860Z200US05832,05832,112724.0
860Z200US05833,05833,72694.0
860Z200US05836,05836,119657.0
860Z200US05837,05837,58238.0
860Z200US05839,05839,82940.0
860Z200US05840,05840,124139.0
860Z200US05841,05841,117505.0
860Z200US05842,05842,83431.0
860Z200US05843,05843,80134.0
860Z200US05845,05845,88220.0
860Z200US05846,05846,81533.0
860Z200US05847,05847,88201.0
860Z200US05850,05850,94067.0
860Z200US05851,05851,76935.0
860Z200US05853,05853,131150.0
860Z200US05855,05855,80352.0
860Z200US05857,05857,97257.0
860Z200US05858,05858,69636.0
860Z200US05859,05859,96738.0
860Z200US05860,05860,74514.0
860Z200US05862,05862,132102.0
860Z200US05866,05866,91044.0
860Z200US05867,05867,85148.0
860Z200US05868,05868,76883.0
860Z200US05871,05871,93902.0
860Z200US05872,05872,55584.0
860Z200US05873,05873,103548.0
860Z200US05874,05874,94410.0
860Z200US05875,05875,84838.0
860Z200US05901,05901,
860Z200US05902,05902,53042.0
860Z200US05903,05903,73777.0
860Z200US05904,05904,66462.0
860Z200US05905,05905,89104.0
860Z200US05906,05906,71856.0
860Z200US05907,05907,75162.0
860Z200US06001,06001,215012.0
860Z200US06002,06002,119949.0
860Z200US06010,06010,99795.0
860Z200US06013,06013,180397.0
860Z200US06016,06016,134520.0
860Z200US06018,06018,86725.0
860Z200US06019,06019,170488.0
860Z200US06020,06020,
860Z200US06021,06021,145971.0
860Z200US06022,06022,
860Z200US06023,06023,123074.0
860Z200US06024,06024,134910.0
860Z200US06026,06026,140802.0
860Z200US06027,06027,132398.0
860Z200US06029,06029,144658.0
860Z200US06031,06031,126094.0
860Z200US06032,06032,164626.0
860Z200US06033,06033,170552.0
860Z200US06035,06035,143627.0
860Z200US06037,06037,139384.0
860Z200US06039,06039,170476.0
860Z200US06040,06040,103219.0
860Z200US06042,06042,104641.0
860Z200US06043,06043,140631.0
860Z200US06051,06051,60777.0
860Z200US06052,06052,102183.0
860Z200US06053,06053,80531.0
860Z200US06057,06057,181333.0
860Z200US06058,06058,138000.0
860Z200US06059,06059,84398.0
860Z200US06060,06060,182604.0
860Z200US06061,06061,137777.0
860Z200US06062,06062,102044.0
860Z200US06063,06063,139579.0
860Z200US06065,06065,164018.0
860Z200US06066,06066,100459.0
860Z200US06067,06067,129820.0
860Z200US06068,06068,170217.0
860Z200US06069,06069,182700.0
860Z200US06070,06070,201462.0
860Z200US06071,06071,143118.0
860Z200US06072,06072,
860Z200US06073,06073,225912.0
860Z200US06074,06074,173931.0
860Z200US06076,06076,109304.0
860Z200US06078,06078,169100.0
860Z200US06079,06079,
860Z200US06080,06080,
860Z200US06081,06081,108395.0
860Z200US06082,06082,107147.0
860Z200US06084,06084,190297.0
860Z200US06085,06085,159883.0
860Z200US06088,06088,91426.0
860Z200US06089,06089,168732.0
860Z200US06090,06090,229985.0
860Z200US06091,06091,136494.0
860Z200US06092,06092,297596.0
860Z200US06093,06093,171921.0
860Z200US06095,06095,124272.0
860Z200US06096,06096,102690.0
860Z200US06098,06098,86012.0
860Z200US06103,06103,104582.0
860Z200US06105,06105,73898.0
860Z200US06106,06106,62075.0
860Z200US06107,06107,207206.0
860Z200US06108,06108,73051.0
860Z200US06109,06109,134157.0
860Z200US06110,06110,102142.0
860Z200US06111,06111,117081.0
860Z200US06112,06112,62668.0
860Z200US06114,06114,66455.0
860Z200US06117,06117,210491.0
860Z200US06118,06118,88610.0
860Z200US06119,06119,138022.0
860Z200US06120,06120,52017.0
860Z200US06226,06226,61152.0
860Z200US06231,06231,190998.0
860Z200US06232,06232,155232.0
860Z200US06234,06234,108971.0
860Z200US06235,06235,99380.0
860Z200US06237,06237,136474.0
860Z200US06238,06238,133909.0
860Z200US06239,06239,87380.0
860Z200US06241,06241,101632.0
860Z200US06242,06242,125745.0
860Z200US06243,06243,128860.0
860Z200US06247,06247,126009.0
860Z200US06248,06248,172340.0
860Z200US06249,06249,127374.0
860Z200US06250,06250,111506.0
860Z200US06254,06254,116893.0
860Z200US06255,06255,106111.0
860Z200US06256,06256,89561.0
860Z200US06258,06258,
860Z200US06259,06259,137638.0
860Z200US06260,06260,83531.0
860Z200US06262,06262,73787.0
860Z200US06263,06263,75870.0
860Z200US06264,06264,105339.0
860Z200US06266,06266,77223.0
860Z200US06268,06268,101661.0
860Z200US06269,06269,101312.0
860Z200US06277,06277,118115.0
860Z200US06278,06278,153444.0
860Z200US06279,06279,102798.0
860Z200US06280,06280,91096.0
860Z200US06281,06281,146518.0
860Z200US06282,06282,118883.0
860Z200US06320,06320,76130.0
860Z200US06330,06330,106069.0
860Z200US06331,06331,114271.0
860Z200US06332,06332,84827.0
860Z200US06333,06333,156018.0
860Z200US06334,06334,123560.0
860Z200US06335,06335,128442.0
860Z200US06336,06336,112711.0
860Z200US06338,06338,174706.0
860Z200US06339,06339,118409.0
860Z200US06340,06340,98919.0
860Z200US06350,06350,173918.0
860Z200US06351,06351,99782.0
860Z200US06353,06353,30341.0
860Z200US06354,06354,100478.0
860Z200US06355,06355,160703.0
860Z200US06357,06357,125631.0
860Z200US06359,06359,126621.0
860Z200US06360,06360,87109.0
860Z200US06365,06365,117019.0
860Z200US06370,06370,119582.0
860Z200US06371,06371,202323.0
860Z200US06373,06373,54031.0
860Z200US06374,06374,80746.0
860Z200US06375,06375,136238.0
860Z200US06376,06376,481055.0
860Z200US06377,06377,104252.0
860Z200US06378,06378,179391.0
860Z200US06379,06379,116231.0
860Z200US06380,06380,74679.0
860Z200US06382,06382,101555.0
860Z200US06384,06384,108055.0
860Z200US06385,06385,123669.0
860Z200US06387,06387,120116.0
860Z200US06389,06389,
860Z200US06390,06390,85400.0
860Z200US06401,06401,109505.0
860Z200US06403,06403,125837.0
860Z200US06405,06405,145533.0
860Z200US06409,06409,123305.0
860Z200US06410,06410,187909.0
860Z200US06412,06412,129126.0
860Z200US06413,06413,136979.0
860Z200US06414,06414,146069.0
860Z200US06415,06415,139460.0
860Z200US06416,06416,138550.0
860Z200US06417,06417,109503.0
860Z200US06418,06418,92516.0
860Z200US06419,06419,196107.0
860Z200US06420,06420,157647.0
860Z200US06422,06422,153106.0
860Z200US06423,06423,148525.0
860Z200US06424,06424,131598.0
860Z200US06426,06426,163508.0
860Z200US06437,06437,175248.0
860Z200US06438,06438,148526.0
860Z200US06439,06439,107639.0
860Z200US06441,06441,150387.0
860Z200US06442,06442,141602.0
860Z200US06443,06443,213690.0
860Z200US06444,06444,125916.0
860Z200US06447,06447,180209.0
860Z200US06450,06450,91268.0
860Z200US06451,06451,85047.0
860Z200US06455,06455,156182.0
860Z200US06456,06456,172095.0
860Z200US06457,06457,101458.0
860Z200US06459,06459,
860Z200US06460,06460,136892.0
860Z200US06461,06461,152080.0
860Z200US06467,06467,173765.0
860Z200US06468,06468,202596.0
860Z200US06469,06469,117404.0
860Z200US06470,06470,200003.0
860Z200US06471,06471,132163.0
860Z200US06472,06472,161024.0
860Z200US06473,06473,148702.0
860Z200US06475,06475,165828.0
860Z200US06477,06477,173999.0
860Z200US06478,06478,162461.0
860Z200US06479,06479,135408.0
860Z200US06480,06480,134423.0
860Z200US06481,06481,128662.0
860Z200US06482,06482,187244.0
860Z200US06483,06483,125321.0
860Z200US06484,06484,142197.0
860Z200US06488,06488,159270.0
860Z200US06489,06489,149353.0
860Z200US06492,06492,121061.0
860Z200US06498,06498,113976.0
860Z200US06510,06510,97832.0
860Z200US06511,06511,92433.0
860Z200US06512,06512,99910.0
860Z200US06513,06513,66517.0
860Z200US06514,06514,100956.0
860Z200US06515,06515,100343.0
860Z200US06516,06516,93039.0
860Z200US06517,06517,123726.0
860Z200US06518,06518,125873.0
860Z200US06519,06519,65774.0
860Z200US06524,06524,215110.0
860Z200US06525,06525,248252.0
860Z200US06604,06604,65374.0
860Z200US06605,06605,84205.0
860Z200US06606,06606,91949.0
860Z200US06607,06607,66017.0
860Z200US06608,06608,57319.0
860Z200US06610,06610,70177.0
860Z200US06611,06611,183498.0
860Z200US06612,06612,239603.0
860Z200US06614,06614,127340.0
860Z200US06615,06615,107175.0
860Z200US06702,06702,27829.0
860Z200US06704,06704,64526.0
860Z200US06705,06705,72625.0
860Z200US06706,06706,66083.0
860Z200US06708,06708,82649.0
860Z200US06710,06710,71240.0
860Z200US06712,06712,147589.0
860Z200US06716,06716,134215.0
860Z200US06750,06750,122224.0
860Z200US06751,06751,137925.0
860Z200US06752,06752,231279.0
860Z200US06753,06753,331979.0
860Z200US06754,06754,165718.0
860Z200US06755,06755,152021.0
860Z200US06756,06756,237559.0
860Z200US06757,06757,125713.0
860Z200US06758,06758,56264.0
860Z200US06759,06759,152411.0
860Z200US06762,06762,155327.0
860Z200US06763,06763,170937.0
860Z200US06770,06770,107755.0
860Z200US06776,06776,127742.0
860Z200US06777,06777,160081.0
860Z200US06778,06778,128949.0
860Z200US06779,06779,118454.0
860Z200US06782,06782,116425.0
860Z200US06783,06783,187028.0
860Z200US06784,06784,219770.0
860Z200US06785,06785,334117.0
860Z200US06786,06786,106357.0
860Z200US06787,06787,136226.0
860Z200US06790,06790,87468.0
860Z200US06791,06791,140951.0
860Z200US06793,06793,203405.0
860Z200US06794,06794,186111.0
860Z200US06795,06795,126484.0
860Z200US06796,06796,193770.0
860Z200US06798,06798,136164.0
860Z200US06801,06801,150792.0
860Z200US06804,06804,176204.0
860Z200US06807,06807,301143.0
860Z200US06810,06810,98544.0
860Z200US06811,06811,142452.0
860Z200US06812,06812,171690.0
860Z200US06820,06820,455045.0
860Z200US06824,06824,258773.0
860Z200US06825,06825,182491.0
860Z200US06830,06830,342910.0
860Z200US06831,06831,367296.0
860Z200US06840,06840,402253.0
860Z200US06850,06850,161551.0
860Z200US06851,06851,153270.0
860Z200US06853,06853,378528.0
860Z200US06854,06854,119291.0
860Z200US06855,06855,144157.0
860Z200US06870,06870,354448.0
860Z200US06877,06877,244216.0
860Z200US06878,06878,446974.0
860Z200US06880,06880,376079.0
860Z200US06883,06883,354274.0
860Z200US06890,06890,336141.0
860Z200US06896,06896,245815.0
860Z200US06897,06897,318848.0
860Z200US06901,06901,114083.0
860Z200US06902,06902,144706.0
860Z200US06903,06903,293056.0
860Z200US06905,06905,166127.0
860Z200US06906,06906,130667.0
860Z200US06907,06907,143682.0
860Z200US07001,07001,114535.0
860Z200US07002,07002,103406.0
860Z200US07003,07003,126474.0
860Z200US07004,07004,151880.0
860Z200US07005,07005,165659.0
860Z200US07006,07006,199528.0
860Z200US07008,07008,111920.0
860Z200US07009,07009,179569.0
860Z200US07010,07010,125224.0
860Z200US07011,07011,94102.0
860Z200US07012,07012,134511.0
860Z200US07013,07013,144136.0
860Z200US07014,07014,155497.0
860Z200US07016,07016,196676.0
860Z200US07017,07017,77682.0
860Z200US07018,07018,77658.0
860Z200US07020,07020,200210.0
860Z200US07021,07021,373266.0
860Z200US07022,07022,103528.0
860Z200US07023,07023,195832.0
860Z200US07024,07024,140072.0
860Z200US07026,07026,101293.0
860Z200US07027,07027,140199.0
860Z200US07028,07028,296894.0
860Z200US07029,07029,106383.0
860Z200US07030,07030,230113.0
860Z200US07031,07031,123306.0
860Z200US07032,07032,102794.0
860Z200US07033,07033,155710.0
860Z200US07034,07034,128234.0
860Z200US07035,07035,146139.0
860Z200US07036,07036,112476.0
860Z200US07039,07039,283091.0
860Z200US07040,07040,219618.0
860Z200US07041,07041,264731.0
860Z200US07042,07042,204389.0
860Z200US07043,07043,349644.0
860Z200US07044,07044,200840.0
860Z200US07045,07045,221340.0
860Z200US07046,07046,327881.0
860Z200US07047,07047,98401.0
860Z200US07050,07050,74170.0
860Z200US07052,07052,172996.0
860Z200US07054,07054,138520.0
860Z200US07055,07055,79939.0
860Z200US07057,07057,103320.0
860Z200US07058,07058,162679.0
860Z200US07059,07059,292614.0
860Z200US07060,07060,95509.0
860Z200US07062,07062,110864.0
860Z200US07063,07063,105600.0
860Z200US07064,07064,142193.0
860Z200US07065,07065,105396.0
860Z200US07066,07066,140620.0
860Z200US07067,07067,151367.0
860Z200US07068,07068,186979.0
860Z200US07069,07069,234262.0
860Z200US07070,07070,161554.0
860Z200US07071,07071,133505.0
860Z200US07072,07072,116583.0
860Z200US07073,07073,117434.0
860Z200US07074,07074,117833.0
860Z200US07075,07075,173056.0
860Z200US07076,07076,215152.0
860Z200US07077,07077,128627.0
860Z200US07078,07078,518249.0
860Z200US07079,07079,257062.0
860Z200US07080,07080,144016.0
860Z200US07081,07081,168081.0
860Z200US07082,07082,242702.0
860Z200US07083,07083,138535.0
860Z200US07086,07086,174824.0
860Z200US07087,07087,88939.0
860Z200US07088,07088,107555.0
860Z200US07090,07090,297367.0
860Z200US07092,07092,235424.0
860Z200US07093,07093,97772.0
860Z200US07094,07094,166751.0
860Z200US07095,07095,116054.0
860Z200US07102,07102,60589.0
860Z200US07103,07103,58804.0
860Z200US07104,07104,65608.0
860Z200US07105,07105,72000.0
860Z200US07106,07106,74929.0
860Z200US07107,07107,72235.0
860Z200US07108,07108,55696.0
860Z200US07109,07109,111910.0
860Z200US07110,07110,145488.0
860Z200US07111,07111,77480.0
860Z200US07112,07112,73906.0
860Z200US07114,07114,53934.0
860Z200US07201,07201,78271.0
860Z200US07202,07202,84908.0
860Z200US07203,07203,109554.0
860Z200US07204,07204,130165.0
860Z200US07205,07205,116588.0
860Z200US07206,07206,80777.0
860Z200US07208,07208,86685.0
860Z200US07302,07302,216777.0
860Z200US07304,07304,93487.0
860Z200US07305,07305,104892.0
860Z200US07306,07306,101835.0
860Z200US07307,07307,113137.0
860Z200US07310,07310,211405.0
860Z200US07311,07311,232462.0
860Z200US07401,07401,269334.0
860Z200US07403,07403,158680.0
860Z200US07405,07405,174788.0
860Z200US07407,07407,118200.0
860Z200US07410,07410,174208.0
860Z200US07416,07416,99018.0
860Z200US07417,07417,321952.0
860Z200US07418,07418,191805.0
860Z200US07419,07419,131635.0
860Z200US07420,07420,112459.0
860Z200US07421,07421,179464.0
860Z200US07422,07422,150488.0
860Z200US07423,07423,397531.0
860Z200US07424,07424,129509.0
860Z200US07430,07430,173304.0
860Z200US07432,07432,171405.0
860Z200US07435,07435,167193.0
860Z200US07436,07436,181161.0
860Z200US07438,07438,138232.0
860Z200US07439,07439,123644.0
860Z200US07440,07440,165795.0
860Z200US07442,07442,137296.0
860Z200US07444,07444,150062.0
860Z200US07446,07446,208767.0
860Z200US07450,07450,288861.0
860Z200US07452,07452,263142.0
860Z200US07456,07456,176279.0
860Z200US07457,07457,112976.0
860Z200US07458,07458,367191.0
860Z200US07460,07460,130484.0
860Z200US07461,07461,123279.0
860Z200US07462,07462,118622.0
860Z200US07463,07463,180110.0
860Z200US07465,07465,131671.0
860Z200US07470,07470,185848.0
860Z200US07480,07480,137407.0
860Z200US07481,07481,268613.0
860Z200US07501,07501,61770.0
860Z200US07502,07502,87758.0
860Z200US07503,07503,81357.0
860Z200US07504,07504,98993.0
860Z200US07505,07505,46920.0
860Z200US07506,07506,142341.0
860Z200US07508,07508,126257.0
860Z200US07512,07512,137127.0
860Z200US07513,07513,80263.0
860Z200US07514,07514,74273.0
860Z200US07522,07522,66886.0
860Z200US07524,07524,69261.0
860Z200US07601,07601,108662.0
860Z200US07603,07603,129677.0
860Z200US07604,07604,136606.0
860Z200US07605,07605,183923.0
860Z200US07606,07606,127634.0
860Z200US07607,07607,139569.0
860Z200US07608,07608,81177.0
860Z200US07620,07620,389568.0
860Z200US07621,07621,144403.0
860Z200US07624,07624,244506.0
860Z200US07626,07626,206370.0
860Z200US07627,07627,308276.0
860Z200US07628,07628,141984.0
860Z200US07630,07630,181846.0
860Z200US07631,07631,158295.0
860Z200US07632,07632,289181.0
860Z200US07640,07640,236792.0
860Z200US07641,07641,266825.0
860Z200US07642,07642,196123.0
860Z200US07643,07643,108788.0
860Z200US07644,07644,118010.0
860Z200US07645,07645,207577.0
860Z200US07646,07646,138693.0
860Z200US07647,07647,171988.0
860Z200US07648,07648,180334.0
860Z200US07649,07649,233871.0
860Z200US07650,07650,130857.0
860Z200US07652,07652,168718.0
860Z200US07656,07656,196995.0
860Z200US07657,07657,138456.0
860Z200US07660,07660,113612.0
860Z200US07661,07661,206885.0
860Z200US07662,07662,137708.0
860Z200US07663,07663,139711.0
860Z200US07666,07666,183345.0
860Z200US07670,07670,306103.0
860Z200US07675,07675,209677.0
860Z200US07676,07676,217262.0
860Z200US07677,07677,227396.0
860Z200US07701,07701,180380.0
860Z200US07702,07702,201017.0
860Z200US07703,07703,
860Z200US07704,07704,328614.0
860Z200US07711,07711,249271.0
860Z200US07712,07712,133930.0
860Z200US07716,07716,176920.0
860Z200US07717,07717,175304.0
860Z200US07718,07718,161394.0
860Z200US07719,07719,158872.0
860Z200US07720,07720,117124.0
860Z200US07721,07721,127380.0
860Z200US07722,07722,265261.0
860Z200US07723,07723,200826.0
860Z200US07724,07724,137724.0
860Z200US07726,07726,183015.0
860Z200US07727,07727,145230.0
860Z200US07728,07728,146025.0
860Z200US07730,07730,137843.0
860Z200US07731,07731,142494.0
860Z200US07732,07732,129724.0
860Z200US07733,07733,257717.0
860Z200US07734,07734,102906.0
860Z200US07735,07735,117578.0
860Z200US07737,07737,154595.0
860Z200US07738,07738,217103.0
860Z200US07739,07739,297321.0
860Z200US07740,07740,104587.0
860Z200US07746,07746,244667.0
860Z200US07747,07747,151230.0
860Z200US07748,07748,189460.0
860Z200US07750,07750,249295.0
860Z200US07751,07751,223822.0
860Z200US07753,07753,117528.0
860Z200US07755,07755,165065.0
860Z200US07756,07756,143037.0
860Z200US07757,07757,183171.0
860Z200US07758,07758,143442.0
860Z200US07760,07760,348097.0
860Z200US07762,07762,168781.0
860Z200US07764,07764,160969.0
860Z200US07801,07801,101016.0
860Z200US07803,07803,134197.0
860Z200US07820,07820,
860Z200US07821,07821,163491.0
860Z200US07822,07822,127563.0
860Z200US07823,07823,91842.0
860Z200US07825,07825,142846.0
860Z200US07826,07826,139822.0
860Z200US07827,07827,124474.0
860Z200US07828,07828,132400.0
860Z200US07830,07830,206455.0
860Z200US07831,07831,
860Z200US07832,07832,120705.0
860Z200US07833,07833,122157.0
860Z200US07834,07834,184356.0
860Z200US07836,07836,172579.0
860Z200US07838,07838,152053.0
860Z200US07840,07840,133025.0
860Z200US07842,07842,
860Z200US07843,07843,130887.0
860Z200US07844,07844,94524.0
860Z200US07846,07846,125042.0
860Z200US07847,07847,96532.0
860Z200US07848,07848,150941.0
860Z200US07849,07849,142950.0
860Z200US07850,07850,134981.0
860Z200US07851,07851,93403.0
860Z200US07852,07852,126976.0
860Z200US07853,07853,222956.0
860Z200US07856,07856,112030.0
860Z200US07857,07857,104190.0
860Z200US07860,07860,137006.0
860Z200US07863,07863,134879.0
860Z200US07865,07865,126879.0
860Z200US07866,07866,160573.0
860Z200US07869,07869,211569.0
860Z200US07870,07870,
860Z200US07871,07871,204029.0
860Z200US07874,07874,142330.0
860Z200US07876,07876,182062.0
860Z200US07878,07878,127447.0
860Z200US07880,07880,112153.0
860Z200US07881,07881,
860Z200US07882,07882,122652.0
860Z200US07885,07885,123059.0
860Z200US07901,07901,295449.0
860Z200US07920,07920,270171.0
860Z200US07921,07921,161146.0
860Z200US07922,07922,250832.0
860Z200US07924,07924,309033.0
860Z200US07926,07926,
860Z200US07927,07927,185487.0
860Z200US07928,07928,318724.0
860Z200US07930,07930,271883.0
860Z200US07931,07931,312365.0
860Z200US07932,07932,180399.0
860Z200US07933,07933,208840.0
860Z200US07934,07934,320924.0
860Z200US07935,07935,146956.0
860Z200US07936,07936,186957.0
860Z200US07939,07939,
860Z200US07940,07940,248182.0
860Z200US07945,07945,317245.0
860Z200US07946,07946,241561.0
860Z200US07950,07950,181180.0
860Z200US07960,07960,217137.0
860Z200US07961,07961,
860Z200US07970,07970,366942.0
860Z200US07974,07974,225674.0
860Z200US07976,07976,278807.0
860Z200US07977,07977,158702.0
860Z200US07979,07979,
860Z200US07980,07980,178538.0
860Z200US07981,07981,185797.0
860Z200US08001,08001,122689.0
860Z200US08002,08002,128361.0
860Z200US08003,08003,193288.0
860Z200US08004,08004,120918.0
860Z200US08005,08005,109259.0
860Z200US08006,08006,163412.0
860Z200US08007,08007,101105.0
860Z200US08008,08008,201523.0
860Z200US08009,08009,118893.0
860Z200US08010,08010,94939.0
860Z200US08011,08011,
860Z200US08012,08012,110029.0
860Z200US08014,08014,121356.0
860Z200US08015,08015,101655.0
860Z200US08016,08016,114165.0
860Z200US08019,08019,162547.0
860Z200US08020,08020,142912.0
860Z200US08021,08021,83284.0
860Z200US08022,08022,144791.0
860Z200US08023,08023,70486.0
860Z200US08026,08026,136574.0
860Z200US08027,08027,111009.0
860Z200US08028,08028,105544.0
860Z200US08029,08029,96028.0
860Z200US08030,08030,80827.0
860Z200US08031,08031,89461.0
860Z200US08032,08032,150379.0
860Z200US08033,08033,227726.0
860Z200US08034,08034,148354.0
860Z200US08035,08035,151319.0
860Z200US08036,08036,175424.0
860Z200US08037,08037,112467.0
860Z200US08038,08038,80901.0
860Z200US08039,08039,
860Z200US08041,08041,144490.0
860Z200US08042,08042,108353.0
860Z200US08043,08043,158875.0
860Z200US08045,08045,97414.0
860Z200US08046,08046,108137.0
860Z200US08048,08048,147450.0
860Z200US08049,08049,104233.0
860Z200US08050,08050,130657.0
860Z200US08051,08051,131531.0
860Z200US08052,08052,88903.0
860Z200US08053,08053,148643.0
860Z200US08054,08054,149993.0
860Z200US08055,08055,196306.0
860Z200US08056,08056,191211.0
860Z200US08057,08057,233938.0
860Z200US08059,08059,107829.0
860Z200US08060,08060,124503.0
860Z200US08061,08061,165526.0
860Z200US08062,08062,188757.0
860Z200US08063,08063,105871.0
860Z200US08064,08064,
860Z200US08065,08065,99105.0
860Z200US08066,08066,87754.0
860Z200US08067,08067,138948.0
860Z200US08068,08068,98736.0
860Z200US08069,08069,74948.0
860Z200US08070,08070,96325.0
860Z200US08071,08071,113609.0
860Z200US08072,08072,83219.0
860Z200US08073,08073,
860Z200US08074,08074,
860Z200US08075,08075,114510.0
860Z200US08077,08077,151234.0
860Z200US08078,08078,108168.0
860Z200US08079,08079,83378.0
860Z200US08080,08080,144692.0
860Z200US08081,08081,117574.0
860Z200US08083,08083,117280.0
860Z200US08084,08084,122780.0
860Z200US08085,08085,154152.0
860Z200US08086,08086,109407.0
860Z200US08087,08087,114075.0
860Z200US08088,08088,131871.0
860Z200US08089,08089,134471.0
860Z200US08090,08090,136724.0
860Z200US08091,08091,93501.0
860Z200US08092,08092,128713.0
860Z200US08093,08093,88636.0
860Z200US08094,08094,116798.0
860Z200US08095,08095,
860Z200US08096,08096,112218.0
860Z200US08097,08097,139519.0
860Z200US08098,08098,142694.0
860Z200US08102,08102,54176.0
860Z200US08103,08103,49076.0
860Z200US08104,08104,53120.0
860Z200US08105,08105,62421.0
860Z200US08106,08106,121576.0
860Z200US08107,08107,102487.0
860Z200US08108,08108,129451.0
860Z200US08109,08109,106011.0
860Z200US08110,08110,91201.0
860Z200US08201,08201,99072.0
860Z200US08202,08202,222374.0
860Z200US08203,08203,136635.0
860Z200US08204,08204,108048.0
860Z200US08205,08205,112595.0
860Z200US08210,08210,118253.0
860Z200US08212,08212,206514.0
860Z200US08215,08215,100724.0
860Z200US08217,08217,
860Z200US08221,08221,190325.0
860Z200US08223,08223,114017.0
860Z200US08224,08224,121477.0
860Z200US08225,08225,144081.0
860Z200US08226,08226,144085.0
860Z200US08230,08230,138520.0
860Z200US08232,08232,83707.0
860Z200US08234,08234,117706.0
860Z200US08240,08240,
860Z200US08241,08241,216521.0
860Z200US08242,08242,108162.0
860Z200US08243,08243,160510.0
860Z200US08244,08244,86750.0
860Z200US08245,08245,
860Z200US08246,08246,
860Z200US08247,08247,243784.0
860Z200US08248,08248,134537.0
860Z200US08251,08251,96970.0
860Z200US08260,08260,103730.0
860Z200US08270,08270,110307.0
860Z200US08302,08302,79811.0
860Z200US08310,08310,111880.0
860Z200US08311,08311,90153.0
860Z200US08312,08312,101668.0
860Z200US08314,08314,90958.0
860Z200US08316,08316,86100.0
860Z200US08317,08317,110910.0
860Z200US08318,08318,108537.0
860Z200US08319,08319,125271.0
860Z200US08320,08320,
860Z200US08321,08321,125202.0
860Z200US08322,08322,126254.0
860Z200US08323,08323,108103.0
860Z200US08324,08324,83047.0
860Z200US08326,08326,93359.0
860Z200US08327,08327,269076.0
860Z200US08328,08328,121641.0
860Z200US08329,08329,61092.0
860Z200US08330,08330,100834.0
860Z200US08332,08332,115026.0
860Z200US08340,08340,89097.0
860Z200US08341,08341,79961.0
860Z200US08343,08343,160231.0
860Z200US08344,08344,99516.0
860Z200US08345,08345,71011.0
860Z200US08346,08346,82745.0
860Z200US08348,08348,115049.0
860Z200US08349,08349,90708.0
860Z200US08350,08350,135485.0
860Z200US08352,08352,118749.0
860Z200US08353,08353,94660.0
860Z200US08360,08360,84055.0
860Z200US08361,08361,114217.0
860Z200US08401,08401,56931.0
860Z200US08402,08402,175558.0
860Z200US08403,08403,234050.0
860Z200US08406,08406,116126.0
860Z200US08501,08501,169436.0
860Z200US08502,08502,256087.0
860Z200US08505,08505,135288.0
860Z200US08510,08510,234913.0
860Z200US08511,08511,113328.0
860Z200US08512,08512,167384.0
860Z200US08514,08514,151009.0
860Z200US08515,08515,208765.0
860Z200US08518,08518,112682.0
860Z200US08520,08520,147294.0
860Z200US08525,08525,187578.0
860Z200US08527,08527,126034.0
860Z200US08528,08528,95335.0
860Z200US08530,08530,181633.0
860Z200US08533,08533,134537.0
860Z200US08534,08534,217938.0
860Z200US08535,08535,267772.0
860Z200US08536,08536,175712.0
860Z200US08540,08540,240597.0
860Z200US08542,08542,142152.0
860Z200US08544,08544,
860Z200US08550,08550,261062.0
860Z200US08551,08551,200367.0
860Z200US08553,08553,195779.0
860Z200US08554,08554,110415.0
860Z200US08555,08555,136244.0
860Z200US08558,08558,289278.0
860Z200US08559,08559,230921.0
860Z200US08560,08560,159507.0
860Z200US08561,08561,97461.0
860Z200US08562,08562,108017.0
860Z200US08608,08608,48732.0
860Z200US08609,08609,116418.0
860Z200US08610,08610,101749.0
860Z200US08611,08611,71946.0
860Z200US08618,08618,71388.0
860Z200US08619,08619,123946.0
860Z200US08620,08620,126624.0
860Z200US08628,08628,125551.0
860Z200US08629,08629,93865.0
860Z200US08638,08638,81522.0
860Z200US08640,08640,104642.0
860Z200US08641,08641,92660.0
860Z200US08648,08648,146216.0
860Z200US08690,08690,143697.0
860Z200US08691,08691,162115.0
860Z200US08701,08701,95921.0
860Z200US08720,08720,177104.0
860Z200US08721,08721,126268.0
860Z200US08722,08722,119768.0
860Z200US08723,08723,118730.0
860Z200US08724,08724,125228.0
860Z200US08730,08730,228399.0
860Z200US08731,08731,121409.0
860Z200US08732,08732,160400.0
860Z200US08733,08733,87334.0
860Z200US08734,08734,138471.0
860Z200US08735,08735,141026.0
860Z200US08736,08736,217455.0
860Z200US08738,08738,338768.0
860Z200US08740,08740,102114.0
860Z200US08741,08741,150367.0
860Z200US08742,08742,149789.0
860Z200US08750,08750,265080.0
860Z200US08751,08751,105729.0
860Z200US08752,08752,131131.0
860Z200US08753,08753,130501.0
860Z200US08755,08755,116768.0
860Z200US08757,08757,84295.0
860Z200US08758,08758,125044.0
860Z200US08759,08759,72937.0
860Z200US08801,08801,187694.0
860Z200US08802,08802,160045.0
860Z200US08804,08804,127270.0
860Z200US08805,08805,113673.0
860Z200US08807,08807,184830.0
860Z200US08809,08809,166791.0
860Z200US08810,08810,168391.0
860Z200US08812,08812,159122.0
860Z200US08816,08816,175159.0
860Z200US08817,08817,130477.0
860Z200US08820,08820,196915.0
860Z200US08821,08821,131967.0
860Z200US08822,08822,189527.0
860Z200US08823,08823,138091.0
860Z200US08824,08824,214545.0
860Z200US08825,08825,158507.0
860Z200US08826,08826,151541.0
860Z200US08827,08827,158429.0
860Z200US08828,08828,124257.0
860Z200US08829,08829,135605.0
860Z200US08830,08830,138553.0
860Z200US08831,08831,150954.0
860Z200US08832,08832,91696.0
860Z200US08833,08833,206927.0
860Z200US08835,08835,109179.0
860Z200US08836,08836,303384.0
860Z200US08837,08837,139127.0
860Z200US08840,08840,183361.0
860Z200US08844,08844,194443.0
860Z200US08846,08846,131409.0
860Z200US08848,08848,147911.0
860Z200US08850,08850,154716.0
860Z200US08852,08852,163998.0
860Z200US08853,08853,214670.0
860Z200US08854,08854,146537.0
860Z200US08857,08857,130707.0
860Z200US08858,08858,
860Z200US08859,08859,123377.0
860Z200US08861,08861,81161.0
860Z200US08863,08863,146111.0
860Z200US08865,08865,95810.0
860Z200US08867,08867,217324.0
860Z200US08869,08869,141830.0
860Z200US08872,08872,122929.0
860Z200US08873,08873,148780.0
860Z200US08876,08876,150588.0
860Z200US08879,08879,111388.0
860Z200US08880,08880,102270.0
860Z200US08882,08882,120913.0
860Z200US08884,08884,119319.0
860Z200US08886,08886,170438.0
860Z200US08887,08887,122102.0
860Z200US08889,08889,195019.0
860Z200US08890,08890,
860Z200US08901,08901,86186.0
860Z200US08902,08902,136055.0
860Z200US08904,08904,128940.0
860Z200US10001,10001,205444.0
860Z200US10002,10002,93314.0
860Z200US10003,10003,248577.0
860Z200US10004,10004,309645.0
860Z200US10005,10005,279387.0
860Z200US10006,10006,235292.0
860Z200US10007,10007,512350.0
860Z200US10009,10009,134024.0
860Z200US10010,10010,253684.0
860Z200US10011,10011,238674.0
860Z200US10012,10012,219222.0
860Z200US10013,10013,385678.0
860Z200US10014,10014,276638.0
860Z200US10016,10016,217368.0
860Z200US10017,10017,182585.0
860Z200US10018,10018,219569.0
860Z200US10019,10019,198898.0
860Z200US10020,10020,
860Z200US10021,10021,279563.0
860Z200US10022,10022,283490.0
860Z200US10023,10023,255254.0
860Z200US10024,10024,311852.0
860Z200US10025,10025,187891.0
860Z200US10026,10026,126720.0
860Z200US10027,10027,116529.0
860Z200US10028,10028,282107.0
860Z200US10029,10029,79430.0
860Z200US10030,10030,80313.0
860Z200US10031,10031,95724.0
860Z200US10032,10032,83374.0
860Z200US10033,10033,125737.0
860Z200US10034,10034,96915.0
860Z200US10035,10035,74154.0
860Z200US10036,10036,153956.0
860Z200US10037,10037,88255.0
860Z200US10038,10038,168823.0
860Z200US10039,10039,72337.0
860Z200US10040,10040,91539.0
860Z200US10044,10044,172339.0
860Z200US10065,10065,267101.0
860Z200US10069,10069,343678.0
860Z200US10075,10075,292128.0
860Z200US10103,10103,
860Z200US10110,10110,
860Z200US10111,10111,
860Z200US10112,10112,
860Z200US10115,10115,
860Z200US10119,10119,
860Z200US10128,10128,243787.0
860Z200US10152,10152,
860Z200US10153,10153,
860Z200US10154,10154,
860Z200US10162,10162,138519.0
860Z200US10165,10165,
860Z200US10167,10167,
860Z200US10168,10168,
860Z200US10169,10169,
860Z200US10170,10170,
860Z200US10171,10171,
860Z200US10172,10172,
860Z200US10173,10173,
860Z200US10174,10174,
860Z200US10177,10177,
860Z200US10199,10199,
860Z200US10271,10271,
860Z200US10278,10278,
860Z200US10279,10279,1210208.0
860Z200US10280,10280,343601.0
860Z200US10282,10282,468406.0
860Z200US10301,10301,116032.0
860Z200US10302,10302,96783.0
860Z200US10303,10303,100468.0
860Z200US10304,10304,107989.0
860Z200US10305,10305,113878.0
860Z200US10306,10306,125636.0
860Z200US10307,10307,160824.0
860Z200US10308,10308,138577.0
860Z200US10309,10309,154589.0
860Z200US10310,10310,122637.0
860Z200US10311,10311,
860Z200US10312,10312,135032.0
860Z200US10314,10314,131486.0
860Z200US10451,10451,59107.0
860Z200US10452,10452,54449.0
860Z200US10453,10453,53758.0
860Z200US10454,10454,55836.0
860Z200US10455,10455,53392.0
860Z200US10456,10456,48755.0
860Z200US10457,10457,58366.0
860Z200US10458,10458,57371.0
860Z200US10459,10459,58743.0
860Z200US10460,10460,56863.0
860Z200US10461,10461,90619.0
860Z200US10462,10462,80576.0
860Z200US10463,10463,101956.0
860Z200US10464,10464,132151.0
860Z200US10465,10465,110108.0
860Z200US10466,10466,90341.0
860Z200US10467,10467,66931.0
860Z200US10468,10468,61402.0
860Z200US10469,10469,98334.0
860Z200US10470,10470,105951.0
860Z200US10471,10471,147500.0
860Z200US10472,10472,60361.0
860Z200US10473,10473,71363.0
860Z200US10474,10474,58859.0
860Z200US10475,10475,73880.0
860Z200US10501,10501,260900.0
860Z200US10502,10502,294577.0
860Z200US10503,10503,260817.0
860Z200US10504,10504,396809.0
860Z200US10505,10505,217796.0
860Z200US10506,10506,360722.0
860Z200US10507,10507,240364.0
860Z200US10509,10509,149796.0
860Z200US10510,10510,311303.0
860Z200US10511,10511,155406.0
860Z200US10512,10512,140094.0
860Z200US10514,10514,371010.0
860Z200US10516,10516,179973.0
860Z200US10517,10517,128342.0
860Z200US10518,10518,345724.0
860Z200US10519,10519,
860Z200US10520,10520,197365.0
860Z200US10522,10522,209355.0
860Z200US10523,10523,149859.0
860Z200US10524,10524,164852.0
860Z200US10526,10526,321361.0
860Z200US10527,10527,287891.0
860Z200US10528,10528,226664.0
860Z200US10530,10530,158500.0
860Z200US10532,10532,179653.0
860Z200US10533,10533,293766.0
860Z200US10535,10535,91328.0
860Z200US10536,10536,306462.0
860Z200US10537,10537,137714.0
860Z200US10538,10538,359787.0
860Z200US10540,10540,
860Z200US10541,10541,154108.0
860Z200US10542,10542,
860Z200US10543,10543,196077.0
860Z200US10545,10545,
860Z200US10546,10546,245138.0
860Z200US10547,10547,168143.0
860Z200US10548,10548,144895.0
860Z200US10549,10549,191285.0
860Z200US10550,10550,79462.0
860Z200US10552,10552,135547.0
860Z200US10553,10553,115039.0
860Z200US10560,10560,218439.0
860Z200US10562,10562,152057.0
860Z200US10566,10566,115364.0
860Z200US10567,10567,187475.0
860Z200US10570,10570,268128.0
860Z200US10573,10573,176596.0
860Z200US10576,10576,355093.0
860Z200US10577,10577,450273.0
860Z200US10578,10578,237243.0
860Z200US10579,10579,163628.0
860Z200US10580,10580,432282.0
860Z200US10583,10583,403974.0
860Z200US10588,10588,178405.0
860Z200US10589,10589,158355.0
860Z200US10590,10590,250326.0
860Z200US10591,10591,163144.0
860Z200US10594,10594,201719.0
860Z200US10595,10595,174450.0
860Z200US10596,10596,137325.0
860Z200US10597,10597,259207.0
860Z200US10598,10598,195257.0
860Z200US10601,10601,133168.0
860Z200US10603,10603,154592.0
860Z200US10604,10604,185731.0
860Z200US10605,10605,205076.0
860Z200US10606,10606,166099.0
860Z200US10607,10607,207024.0
860Z200US10701,10701,91977.0
860Z200US10703,10703,107752.0
860Z200US10704,10704,118247.0
860Z200US10705,10705,102773.0
860Z200US10706,10706,271732.0
860Z200US10707,10707,181106.0
860Z200US10708,10708,222143.0
860Z200US10709,10709,225616.0
860Z200US10710,10710,127307.0
860Z200US10801,10801,127834.0
860Z200US10803,10803,323987.0
860Z200US10804,10804,294869.0
860Z200US10805,10805,132371.0
860Z200US10901,10901,144046.0
860Z200US10910,10910,
860Z200US10911,10911,
860Z200US10913,10913,190378.0
860Z200US10914,10914,89686.0
860Z200US10915,10915,
860Z200US10916,10916,135542.0
860Z200US10917,10917,181475.0
860Z200US10918,10918,162759.0
860Z200US10919,10919,106501.0
860Z200US10920,10920,187414.0
860Z200US10921,10921,137824.0
860Z200US10922,10922,121074.0
860Z200US10923,10923,131181.0
860Z200US10924,10924,150029.0
860Z200US10925,10925,117142.0
860Z200US10926,10926,124913.0
860Z200US10927,10927,94352.0
860Z200US10928,10928,108019.0
860Z200US10930,10930,153116.0
860Z200US10931,10931,100442.0
860Z200US10932,10932,
860Z200US10933,10933,75389.0
860Z200US10940,10940,107356.0
860Z200US10941,10941,116019.0
860Z200US10950,10950,105043.0
860Z200US10952,10952,108362.0
860Z200US10953,10953,
860Z200US10954,10954,160547.0
860Z200US10956,10956,201331.0
860Z200US10958,10958,170141.0
860Z200US10960,10960,180940.0
860Z200US10962,10962,179053.0
860Z200US10963,10963,105997.0
860Z200US10964,10964,245846.0
860Z200US10965,10965,161838.0
860Z200US10968,10968,167961.0
860Z200US10969,10969,175352.0
860Z200US10970,10970,140632.0
860Z200US10973,10973,143690.0
860Z200US10974,10974,152648.0
860Z200US10975,10975,75670.0
860Z200US10976,10976,119973.0
860Z200US10977,10977,110251.0
860Z200US10979,10979,
860Z200US10980,10980,139575.0
860Z200US10983,10983,204353.0
860Z200US10984,10984,152194.0
860Z200US10985,10985,
860Z200US10986,10986,141410.0
860Z200US10987,10987,299054.0
860Z200US10988,10988,151364.0
860Z200US10989,10989,168990.0
860Z200US10990,10990,153890.0
860Z200US10992,10992,132395.0
860Z200US10993,10993,105877.0
860Z200US10994,10994,193610.0
860Z200US10996,10996,156326.0
860Z200US10998,10998,146736.0
860Z200US11001,11001,181986.0
860Z200US11003,11003,146612.0
860Z200US11004,11004,124377.0
860Z200US11005,11005,312858.0
860Z200US11010,11010,159234.0
860Z200US11020,11020,238780.0
860Z200US11021,11021,191917.0
860Z200US11023,11023,216258.0
860Z200US11024,11024,223531.0
860Z200US11030,11030,382070.0
860Z200US11040,11040,189189.0
860Z200US11042,11042,
860Z200US11050,11050,238606.0
860Z200US11096,11096,120728.0
860Z200US11101,11101,159301.0
860Z200US11102,11102,130950.0
860Z200US11103,11103,136638.0
860Z200US11104,11104,106656.0
860Z200US11105,11105,129329.0
860Z200US11106,11106,114092.0
860Z200US11109,11109,242553.0
860Z200US11201,11201,243020.0
860Z200US11203,11203,88652.0
860Z200US11204,11204,88033.0
860Z200US11205,11205,142490.0
860Z200US11206,11206,88480.0
860Z200US11207,11207,74315.0
860Z200US11208,11208,80641.0
860Z200US11209,11209,125801.0
860Z200US11210,11210,116476.0
860Z200US11211,11211,155194.0
860Z200US11212,11212,58158.0
860Z200US11213,11213,91348.0
860Z200US11214,11214,95206.0
860Z200US11215,11215,246090.0
860Z200US11216,11216,130791.0
860Z200US11217,11217,235997.0
860Z200US11218,11218,150487.0
860Z200US11219,11219,84493.0
860Z200US11220,11220,88838.0
860Z200US11221,11221,112905.0
860Z200US11222,11222,159569.0
860Z200US11223,11223,96022.0
860Z200US11224,11224,68938.0
860Z200US11225,11225,111100.0
860Z200US11226,11226,108093.0
860Z200US11228,11228,116610.0
860Z200US11229,11229,106957.0
860Z200US11230,11230,98968.0
860Z200US11231,11231,219505.0
860Z200US11232,11232,120897.0
860Z200US11233,11233,86547.0
860Z200US11234,11234,126358.0
860Z200US11235,11235,96127.0
860Z200US11236,11236,105299.0
860Z200US11237,11237,99019.0
860Z200US11238,11238,180373.0
860Z200US11239,11239,59115.0
860Z200US11249,11249,195247.0
860Z200US11354,11354,89334.0
860Z200US11355,11355,76760.0
860Z200US11356,11356,105289.0
860Z200US11357,11357,133319.0
860Z200US11358,11358,115361.0
860Z200US11359,11359,
860Z200US11360,11360,130675.0
860Z200US11361,11361,132705.0
860Z200US11362,11362,138099.0
860Z200US11363,11363,170131.0
860Z200US11364,11364,123194.0
860Z200US11365,11365,107865.0
860Z200US11366,11366,138075.0
860Z200US11367,11367,100262.0
860Z200US11368,11368,88448.0
860Z200US11369,11369,97663.0
860Z200US11370,11370,101592.0
860Z200US11371,11371,
860Z200US11372,11372,108259.0
860Z200US11373,11373,90797.0
860Z200US11374,11374,111155.0
860Z200US11375,11375,144481.0
860Z200US11377,11377,105205.0
860Z200US11378,11378,108263.0
860Z200US11379,11379,116226.0
860Z200US11385,11385,111194.0
860Z200US11411,11411,130626.0
860Z200US11412,11412,119566.0
860Z200US11413,11413,130053.0
860Z200US11414,11414,135426.0
860Z200US11415,11415,127361.0
860Z200US11416,11416,117863.0
860Z200US11417,11417,112125.0
860Z200US11418,11418,111301.0
860Z200US11419,11419,113667.0
860Z200US11420,11420,121895.0
860Z200US11421,11421,114848.0
860Z200US11422,11422,128930.0
860Z200US11423,11423,105423.0
860Z200US11424,11424,
860Z200US11426,11426,128402.0
860Z200US11427,11427,114861.0
860Z200US11428,11428,112597.0
860Z200US11429,11429,119032.0
860Z200US11430,11430,
860Z200US11432,11432,105490.0
860Z200US11433,11433,94394.0
860Z200US11434,11434,102298.0
860Z200US11435,11435,100579.0
860Z200US11436,11436,109526.0
860Z200US11439,11439,
860Z200US11451,11451,
860Z200US11501,11501,160402.0
860Z200US11507,11507,202025.0
860Z200US11509,11509,233892.0
860Z200US11510,11510,169678.0
860Z200US11514,11514,169878.0
860Z200US11516,11516,142793.0
860Z200US11518,11518,159106.0
860Z200US11520,11520,141983.0
860Z200US11530,11530,268772.0
860Z200US11542,11542,125033.0
860Z200US11545,11545,305389.0
860Z200US11547,11547,148717.0
860Z200US11548,11548,200929.0
860Z200US11549,11549,
860Z200US11550,11550,114797.0
860Z200US11552,11552,170966.0
860Z200US11553,11553,130486.0
860Z200US11554,11554,156724.0
860Z200US11556,11556,
860Z200US11557,11557,222576.0
860Z200US11558,11558,138477.0
860Z200US11559,11559,257910.0
860Z200US11560,11560,314732.0
860Z200US11561,11561,158455.0
860Z200US11563,11563,173108.0
860Z200US11565,11565,185615.0
860Z200US11566,11566,202242.0
860Z200US11568,11568,446538.0
860Z200US11569,11569,169801.0
860Z200US11570,11570,204126.0
860Z200US11572,11572,178259.0
860Z200US11575,11575,147196.0
860Z200US11576,11576,320695.0
860Z200US11577,11577,253684.0
860Z200US11579,11579,276255.0
860Z200US11580,11580,161194.0
860Z200US11581,11581,163105.0
860Z200US11590,11590,184835.0
860Z200US11596,11596,201085.0
860Z200US11598,11598,246283.0
860Z200US11691,11691,87977.0
860Z200US11692,11692,89324.0
860Z200US11693,11693,94035.0
860Z200US11694,11694,131803.0
860Z200US11697,11697,160574.0
860Z200US11701,11701,143569.0
860Z200US11702,11702,171310.0
860Z200US11703,11703,138457.0
860Z200US11704,11704,149694.0
860Z200US11705,11705,182774.0
860Z200US11706,11706,135932.0
860Z200US11709,11709,183003.0
860Z200US11710,11710,207467.0
860Z200US11713,11713,142411.0
860Z200US11714,11714,152243.0
860Z200US11715,11715,154609.0
860Z200US11716,11716,139984.0
860Z200US11718,11718,229273.0
860Z200US11719,11719,124513.0
860Z200US11720,11720,151576.0
860Z200US11721,11721,277524.0
860Z200US11722,11722,124759.0
860Z200US11724,11724,284364.0
860Z200US11725,11725,205259.0
860Z200US11726,11726,142824.0
860Z200US11727,11727,126830.0
860Z200US11729,11729,161880.0
860Z200US11730,11730,172731.0
860Z200US11731,11731,183745.0
860Z200US11732,11732,173972.0
860Z200US11733,11733,231243.0
860Z200US11735,11735,170686.0
860Z200US11738,11738,162835.0
860Z200US11739,11739,175094.0
860Z200US11740,11740,190011.0
860Z200US11741,11741,155899.0
860Z200US11742,11742,149704.0
860Z200US11743,11743,231625.0
860Z200US11746,11746,202223.0
860Z200US11747,11747,215764.0
860Z200US11749,11749,137764.0
860Z200US11751,11751,132919.0
860Z200US11752,11752,161226.0
860Z200US11753,11753,255552.0
860Z200US11754,11754,155500.0
860Z200US11755,11755,151853.0
860Z200US11756,11756,153937.0
860Z200US11757,11757,147067.0
860Z200US11758,11758,190361.0
860Z200US11762,11762,184815.0
860Z200US11763,11763,131451.0
860Z200US11764,11764,166719.0
860Z200US11765,11765,497758.0
860Z200US11766,11766,187628.0
860Z200US11767,11767,180385.0
860Z200US11768,11768,212862.0
860Z200US11769,11769,169507.0
860Z200US11770,11770,132213.0
860Z200US11771,11771,251140.0
860Z200US11772,11772,132359.0
860Z200US11776,11776,139523.0
860Z200US11777,11777,195559.0
860Z200US11778,11778,141807.0
860Z200US11779,11779,131977.0
860Z200US11780,11780,199508.0
860Z200US11782,11782,176262.0
860Z200US11783,11783,187341.0
860Z200US11784,11784,125416.0
860Z200US11786,11786,185873.0
860Z200US11787,11787,171981.0
860Z200US11788,11788,182787.0
860Z200US11789,11789,133675.0
860Z200US11790,11790,200858.0
860Z200US11791,11791,269619.0
860Z200US11792,11792,170299.0
860Z200US11793,11793,182371.0
860Z200US11794,11794,
860Z200US11795,11795,201669.0
860Z200US11796,11796,174164.0
860Z200US11797,11797,259936.0
860Z200US11801,11801,170038.0
860Z200US11803,11803,214552.0
860Z200US11804,11804,206577.0
860Z200US11901,11901,103660.0
860Z200US11930,11930,228393.0
860Z200US11931,11931,
860Z200US11932,11932,380717.0
860Z200US11933,11933,107286.0
860Z200US11934,11934,168159.0
860Z200US11935,11935,199548.0
860Z200US11937,11937,194670.0
860Z200US11939,11939,168424.0
860Z200US11940,11940,166266.0
860Z200US11941,11941,165792.0
860Z200US11942,11942,155498.0
860Z200US11944,11944,141687.0
860Z200US11946,11946,170074.0
860Z200US11947,11947,
860Z200US11948,11948,159335.0
860Z200US11949,11949,155687.0
860Z200US11950,11950,134176.0
860Z200US11951,11951,115879.0
860Z200US11952,11952,157270.0
860Z200US11953,11953,106732.0
860Z200US11954,11954,214849.0
860Z200US11955,11955,85769.0
860Z200US11956,11956,139252.0
860Z200US11957,11957,157991.0
860Z200US11958,11958,102928.0
860Z200US11959,11959,156518.0
860Z200US11960,11960,343758.0
860Z200US11961,11961,118600.0
860Z200US11962,11962,354146.0
860Z200US11963,11963,223835.0
860Z200US11964,11964,148647.0
860Z200US11965,11965,152498.0
860Z200US11967,11967,155532.0
860Z200US11968,11968,273942.0
860Z200US11970,11970,285600.0
860Z200US11971,11971,188631.0
860Z200US11972,11972,133270.0
860Z200US11973,11973,
860Z200US11975,11975,301662.0
860Z200US11976,11976,273184.0
860Z200US11977,11977,197773.0
860Z200US11978,11978,215003.0
860Z200US11980,11980,117356.0
860Z200US12007,12007,119966.0
860Z200US12008,12008,132513.0
860Z200US12009,12009,138133.0
860Z200US12010,12010,78434.0
860Z200US12015,12015,115472.0
860Z200US12017,12017,148618.0
860Z200US12018,12018,152763.0
860Z200US12019,12019,152691.0
860Z200US12020,12020,118817.0
860Z200US12022,12022,97228.0
860Z200US12023,12023,119212.0
860Z200US12024,12024,124024.0
860Z200US12025,12025,97187.0
860Z200US12027,12027,128662.0
860Z200US12028,12028,95651.0
860Z200US12029,12029,122000.0
860Z200US12031,12031,99114.0
860Z200US12032,12032,73130.0
860Z200US12033,12033,108459.0
860Z200US12035,12035,109380.0
860Z200US12036,12036,67104.0
860Z200US12037,12037,117435.0
860Z200US12040,12040,54370.0
860Z200US12041,12041,121159.0
860Z200US12042,12042,159058.0
860Z200US12043,12043,90861.0
860Z200US12045,12045,146522.0
860Z200US12046,12046,95406.0
860Z200US12047,12047,95283.0
860Z200US12051,12051,109115.0
860Z200US12052,12052,101363.0
860Z200US12053,12053,133318.0
860Z200US12054,12054,151751.0
860Z200US12056,12056,131908.0
860Z200US12057,12057,85057.0
860Z200US12058,12058,95977.0
860Z200US12059,12059,114413.0
860Z200US12060,12060,161964.0
860Z200US12061,12061,151711.0
860Z200US12062,12062,101732.0
860Z200US12063,12063,112855.0
860Z200US12064,12064,71728.0
860Z200US12065,12065,147862.0
860Z200US12066,12066,92652.0
860Z200US12067,12067,123880.0
860Z200US12068,12068,88321.0
860Z200US12069,12069,140881.0
860Z200US12070,12070,101963.0
860Z200US12071,12071,92989.0
860Z200US12072,12072,98871.0
860Z200US12074,12074,108237.0
860Z200US12075,12075,141880.0
860Z200US12076,12076,93172.0
860Z200US12077,12077,148209.0
860Z200US12078,12078,68404.0
860Z200US12082,12082,
860Z200US12083,12083,107814.0
860Z200US12084,12084,116372.0
860Z200US12085,12085,64296.0
860Z200US12086,12086,81484.0
860Z200US12087,12087,108691.0
860Z200US12090,12090,82533.0
860Z200US12092,12092,91555.0
860Z200US12093,12093,95466.0
860Z200US12094,12094,120069.0
860Z200US12095,12095,80901.0
860Z200US12106,12106,117618.0
860Z200US12108,12108,78375.0
860Z200US12110,12110,117113.0
860Z200US12115,12115,152037.0
860Z200US12116,12116,114613.0
860Z200US12117,12117,121165.0
860Z200US12118,12118,122860.0
860Z200US12120,12120,118218.0
860Z200US12121,12121,128730.0
860Z200US12122,12122,77089.0
860Z200US12123,12123,122913.0
860Z200US12124,12124,85075.0
860Z200US12125,12125,98682.0
860Z200US12130,12130,94026.0
860Z200US12131,12131,83424.0
860Z200US12132,12132,129741.0
860Z200US12134,12134,93237.0
860Z200US12136,12136,236304.0
860Z200US12137,12137,108126.0
860Z200US12138,12138,89976.0
860Z200US12139,12139,85674.0
860Z200US12140,12140,125776.0
860Z200US12143,12143,111531.0
860Z200US12144,12144,100516.0
860Z200US12147,12147,110841.0
860Z200US12148,12148,180243.0
860Z200US12149,12149,70268.0
860Z200US12150,12150,75723.0
860Z200US12151,12151,116129.0
860Z200US12153,12153,119442.0
860Z200US12154,12154,123213.0
860Z200US12155,12155,77861.0
860Z200US12156,12156,114876.0
860Z200US12157,12157,102794.0
860Z200US12158,12158,118322.0
860Z200US12159,12159,159523.0
860Z200US12160,12160,79860.0
860Z200US12161,12161,
860Z200US12164,12164,78921.0
860Z200US12165,12165,82833.0
860Z200US12166,12166,89279.0
860Z200US12167,12167,73611.0
860Z200US12168,12168,103282.0
860Z200US12169,12169,70745.0
860Z200US12170,12170,113129.0
860Z200US12172,12172,70023.0
860Z200US12173,12173,93362.0
860Z200US12174,12174,57920.0
860Z200US12175,12175,90044.0
860Z200US12176,12176,57414.0
860Z200US12177,12177,123583.0
860Z200US12180,12180,97003.0
860Z200US12182,12182,73374.0
860Z200US12183,12183,86205.0
860Z200US12184,12184,129076.0
860Z200US12185,12185,120563.0
860Z200US12186,12186,144309.0
860Z200US12187,12187,90083.0
860Z200US12188,12188,107803.0
860Z200US12189,12189,84110.0
860Z200US12190,12190,83221.0
860Z200US12192,12192,85568.0
860Z200US12193,12193,102022.0
860Z200US12194,12194,78146.0
860Z200US12195,12195,148268.0
860Z200US12196,12196,142785.0
860Z200US12197,12197,88846.0
860Z200US12198,12198,132623.0
860Z200US12202,12202,63250.0
860Z200US12203,12203,102643.0
860Z200US12204,12204,88886.0
860Z200US12205,12205,103518.0
860Z200US12206,12206,56502.0
860Z200US12207,12207,57696.0
860Z200US12208,12208,92510.0
860Z200US12209,12209,92030.0
860Z200US12210,12210,70650.0
860Z200US12211,12211,203143.0
860Z200US12222,12222,71937.0
860Z200US12226,12226,
860Z200US12302,12302,111527.0
860Z200US12303,12303,99099.0
860Z200US12304,12304,88246.0
860Z200US12305,12305,71286.0
860Z200US12306,12306,94565.0
860Z200US12307,12307,46040.0
860Z200US12308,12308,87107.0
860Z200US12309,12309,141641.0
860Z200US12401,12401,93640.0
860Z200US12404,12404,114313.0
860Z200US12405,12405,85685.0
860Z200US12406,12406,101405.0
860Z200US12407,12407,95941.0
860Z200US12409,12409,137809.0
860Z200US12410,12410,47394.0
860Z200US12411,12411,118685.0
860Z200US12412,12412,85259.0
860Z200US12413,12413,81743.0
860Z200US12414,12414,94594.0
860Z200US12416,12416,130214.0
860Z200US12417,12417,149900.0
860Z200US12418,12418,139048.0
860Z200US12419,12419,166942.0
860Z200US12420,12420,98373.0
860Z200US12421,12421,113264.0
860Z200US12422,12422,87384.0
860Z200US12423,12423,77226.0
860Z200US12424,12424,80463.0
860Z200US12427,12427,105630.0
860Z200US12428,12428,88133.0
860Z200US12429,12429,
860Z200US12430,12430,100611.0
860Z200US12431,12431,110889.0
860Z200US12432,12432,59962.0
860Z200US12433,12433,95773.0
860Z200US12434,12434,80821.0
860Z200US12435,12435,82293.0
860Z200US12436,12436,85380.0
860Z200US12438,12438,56446.0
860Z200US12439,12439,96432.0
860Z200US12440,12440,119335.0
860Z200US12441,12441,193732.0
860Z200US12442,12442,81185.0
860Z200US12443,12443,132685.0
860Z200US12444,12444,83224.0
860Z200US12446,12446,116497.0
860Z200US12448,12448,205888.0
860Z200US12449,12449,96615.0
860Z200US12450,12450,164480.0
860Z200US12451,12451,65122.0
860Z200US12452,12452,
860Z200US12453,12453,
860Z200US12454,12454,137956.0
860Z200US12455,12455,83137.0
860Z200US12456,12456,91853.0
860Z200US12457,12457,125709.0
860Z200US12458,12458,83951.0
860Z200US12459,12459,147535.0
860Z200US12460,12460,90299.0
860Z200US12461,12461,182659.0
860Z200US12463,12463,85797.0
860Z200US12464,12464,84361.0
860Z200US12465,12465,115581.0
860Z200US12466,12466,137018.0
860Z200US12468,12468,90884.0
860Z200US12469,12469,100532.0
860Z200US12470,12470,89402.0
860Z200US12471,12471,17835.0
860Z200US12472,12472,93288.0
860Z200US12473,12473,125585.0
860Z200US12474,12474,81486.0
860Z200US12475,12475,87121.0
860Z200US12477,12477,104384.0
860Z200US12480,12480,120048.0
860Z200US12481,12481,126653.0
860Z200US12482,12482,71726.0
860Z200US12483,12483,58466.0
860Z200US12484,12484,154525.0
860Z200US12485,12485,120532.0
860Z200US12486,12486,90864.0
860Z200US12487,12487,111225.0
860Z200US12489,12489,24343.0
860Z200US12490,12490,
860Z200US12491,12491,111047.0
860Z200US12492,12492,179925.0
860Z200US12493,12493,171444.0
860Z200US12494,12494,161266.0
860Z200US12495,12495,75725.0
860Z200US12496,12496,130282.0
860Z200US12498,12498,117469.0
860Z200US12501,12501,120774.0
860Z200US12502,12502,141780.0
860Z200US12503,12503,130632.0
860Z200US12504,12504,
860Z200US12507,12507,150331.0
860Z200US12508,12508,115028.0
860Z200US12512,12512,170929.0
860Z200US12513,12513,73068.0
860Z200US12514,12514,184510.0
860Z200US12515,12515,108392.0
860Z200US12516,12516,182741.0
860Z200US12517,12517,141494.0
860Z200US12518,12518,117260.0
860Z200US12520,12520,167257.0
860Z200US12521,12521,123716.0
860Z200US12522,12522,101596.0
860Z200US12523,12523,90018.0
860Z200US12524,12524,120268.0
860Z200US12525,12525,161700.0
860Z200US12526,12526,113352.0
860Z200US12527,12527,
860Z200US12528,12528,124370.0
860Z200US12529,12529,162308.0
860Z200US12530,12530,
860Z200US12531,12531,180600.0
860Z200US12533,12533,176660.0
860Z200US12534,12534,109577.0
860Z200US12538,12538,109823.0
860Z200US12540,12540,154173.0
860Z200US12542,12542,160898.0
860Z200US12543,12543,95309.0
860Z200US12544,12544,
860Z200US12545,12545,159221.0
860Z200US12546,12546,132499.0
860Z200US12547,12547,133932.0
860Z200US12548,12548,130036.0
860Z200US12549,12549,158254.0
860Z200US12550,12550,97604.0
860Z200US12553,12553,121678.0
860Z200US12561,12561,120569.0
860Z200US12563,12563,131399.0
860Z200US12564,12564,153867.0
860Z200US12565,12565,100767.0
860Z200US12566,12566,126195.0
860Z200US12567,12567,154622.0
860Z200US12569,12569,130197.0
860Z200US12570,12570,174260.0
860Z200US12571,12571,155900.0
860Z200US12572,12572,142133.0
860Z200US12574,12574,98999.0
860Z200US12575,12575,146616.0
860Z200US12577,12577,147680.0
860Z200US12578,12578,145967.0
860Z200US12580,12580,179327.0
860Z200US12581,12581,130972.0
860Z200US12582,12582,162317.0
860Z200US12583,12583,92393.0
860Z200US12585,12585,145090.0
860Z200US12586,12586,109640.0
860Z200US12589,12589,134614.0
860Z200US12590,12590,119494.0
860Z200US12592,12592,134914.0
860Z200US12594,12594,117821.0
860Z200US12601,12601,103562.0
860Z200US12603,12603,127259.0
860Z200US12604,12604,
860Z200US12701,12701,74923.0
860Z200US12719,12719,114443.0
860Z200US12720,12720,171908.0
860Z200US12721,12721,100232.0
860Z200US12722,12722,
860Z200US12723,12723,113606.0
860Z200US12724,12724,143556.0
860Z200US12725,12725,108290.0
860Z200US12726,12726,92148.0
860Z200US12729,12729,98150.0
860Z200US12732,12732,107893.0
860Z200US12733,12733,43633.0
860Z200US12734,12734,54616.0
860Z200US12736,12736,73117.0
860Z200US12737,12737,114852.0
860Z200US12738,12738,153222.0
860Z200US12740,12740,126561.0
860Z200US12741,12741,71868.0
860Z200US12742,12742,200098.0
860Z200US12743,12743,441092.0
860Z200US12745,12745,
860Z200US12746,12746,98995.0
860Z200US12747,12747,115866.0
860Z200US12748,12748,105322.0
860Z200US12749,12749,137374.0
860Z200US12750,12750,63935.0
860Z200US12751,12751,64370.0
860Z200US12752,12752,87172.0
860Z200US12754,12754,81767.0
860Z200US12758,12758,109405.0
860Z200US12759,12759,75347.0
860Z200US12760,12760,109913.0
860Z200US12762,12762,88286.0
860Z200US12763,12763,65380.0
860Z200US12764,12764,102590.0
860Z200US12765,12765,95595.0
860Z200US12766,12766,154567.0
860Z200US12767,12767,159190.0
860Z200US12768,12768,77592.0
860Z200US12769,12769,90150.0
860Z200US12770,12770,151578.0
860Z200US12771,12771,80562.0
860Z200US12775,12775,200509.0
860Z200US12776,12776,107966.0
860Z200US12777,12777,198219.0
860Z200US12778,12778,89381.0
860Z200US12779,12779,75556.0
860Z200US12780,12780,104021.0
860Z200US12781,12781,66183.0
860Z200US12783,12783,84786.0
860Z200US12784,12784,
860Z200US12785,12785,109967.0
860Z200US12786,12786,103151.0
860Z200US12787,12787,58710.0
860Z200US12788,12788,113871.0
860Z200US12789,12789,89605.0
860Z200US12790,12790,101142.0
860Z200US12791,12791,80194.0
860Z200US12792,12792,144865.0
860Z200US12801,12801,84325.0
860Z200US12803,12803,100321.0
860Z200US12804,12804,116432.0
860Z200US12808,12808,130686.0
860Z200US12809,12809,84216.0
860Z200US12810,12810,70648.0
860Z200US12811,12811,73177.0
860Z200US12812,12812,124404.0
860Z200US12814,12814,116924.0
860Z200US12815,12815,85548.0
860Z200US12816,12816,97020.0
860Z200US12817,12817,102203.0
860Z200US12819,12819,80515.0
860Z200US12820,12820,
860Z200US12821,12821,45689.0
860Z200US12822,12822,94255.0
860Z200US12823,12823,98541.0
860Z200US12824,12824,155585.0
860Z200US12827,12827,91325.0
860Z200US12828,12828,95778.0
860Z200US12831,12831,122772.0
860Z200US12832,12832,81835.0
860Z200US12833,12833,170045.0
860Z200US12834,12834,100727.0
860Z200US12835,12835,106915.0
860Z200US12836,12836,102528.0
860Z200US12837,12837,89210.0
860Z200US12838,12838,79753.0
860Z200US12839,12839,77139.0
860Z200US12841,12841,80773.0
860Z200US12842,12842,82910.0
860Z200US12843,12843,83435.0
860Z200US12844,12844,222728.0
860Z200US12845,12845,106238.0
860Z200US12846,12846,78052.0
860Z200US12847,12847,126870.0
860Z200US12849,12849,133028.0
860Z200US12850,12850,112821.0
860Z200US12851,12851,94862.0
860Z200US12852,12852,96435.0
860Z200US12853,12853,86140.0
860Z200US12854,12854,
860Z200US12855,12855,88059.0
860Z200US12856,12856,73689.0
860Z200US12857,12857,74220.0
860Z200US12858,12858,141247.0
860Z200US12859,12859,99841.0
860Z200US12860,12860,107840.0
860Z200US12861,12861,113267.0
860Z200US12862,12862,110958.0
860Z200US12863,12863,93386.0
860Z200US12864,12864,
860Z200US12865,12865,87723.0
860Z200US12866,12866,132055.0
860Z200US12870,12870,83912.0
860Z200US12871,12871,99542.0
860Z200US12872,12872,
860Z200US12873,12873,112864.0
860Z200US12874,12874,105864.0
860Z200US12878,12878,71399.0
860Z200US12883,12883,83827.0
860Z200US12884,12884,72163.0
860Z200US12885,12885,77498.0
860Z200US12886,12886,110231.0
860Z200US12887,12887,68399.0
860Z200US12901,12901,79987.0
860Z200US12903,12903,104005.0
860Z200US12910,12910,68656.0
860Z200US12911,12911,
860Z200US12912,12912,96286.0
860Z200US12913,12913,80112.0
860Z200US12914,12914,62056.0
860Z200US12915,12915,65433.0
860Z200US12916,12916,74852.0
860Z200US12917,12917,77822.0
860Z200US12918,12918,132494.0
860Z200US12919,12919,126997.0
860Z200US12920,12920,93528.0
860Z200US12921,12921,117693.0
860Z200US12922,12922,94441.0
860Z200US12923,12923,56982.0
860Z200US12924,12924,43498.0
860Z200US12926,12926,70094.0
860Z200US12927,12927,78973.0
860Z200US12928,12928,94066.0
860Z200US12929,12929,81370.0
860Z200US12930,12930,82378.0
860Z200US12932,12932,87369.0
860Z200US12933,12933,
860Z200US12934,12934,83220.0
860Z200US12935,12935,75773.0
860Z200US12936,12936,87724.0
860Z200US12937,12937,63873.0
860Z200US12939,12939,87770.0
860Z200US12941,12941,88995.0
860Z200US12942,12942,122413.0
860Z200US12943,12943,90603.0
860Z200US12944,12944,89797.0
860Z200US12945,12945,85887.0
860Z200US12946,12946,118631.0
860Z200US12950,12950,75622.0
860Z200US12952,12952,39403.0
860Z200US12953,12953,82186.0
860Z200US12955,12955,72430.0
860Z200US12956,12956,72370.0
860Z200US12957,12957,60843.0
860Z200US12958,12958,70167.0
860Z200US12959,12959,85960.0
860Z200US12960,12960,79928.0
860Z200US12961,12961,
860Z200US12962,12962,80424.0
860Z200US12964,12964,119233.0
860Z200US12965,12965,72501.0
860Z200US12966,12966,78497.0
860Z200US12967,12967,82229.0
860Z200US12969,12969,68782.0
860Z200US12970,12970,109122.0
860Z200US12972,12972,119121.0
860Z200US12973,12973,84544.0
860Z200US12974,12974,58517.0
860Z200US12975,12975,80986.0
860Z200US12976,12976,93421.0
860Z200US12977,12977,
860Z200US12978,12978,106596.0
860Z200US12979,12979,65202.0
860Z200US12980,12980,72346.0
860Z200US12981,12981,79908.0
860Z200US12983,12983,89871.0
860Z200US12985,12985,86741.0
860Z200US12986,12986,77899.0
860Z200US12987,12987,106212.0
860Z200US12989,12989,87559.0
860Z200US12992,12992,114816.0
860Z200US12993,12993,99645.0
860Z200US12996,12996,96667.0
860Z200US12997,12997,114618.0
860Z200US12998,12998,51914.0
860Z200US13020,13020,81078.0
860Z200US13021,13021,80913.0
860Z200US13024,13024,
860Z200US13026,13026,102202.0
860Z200US13027,13027,114617.0
860Z200US13028,13028,81131.0
860Z200US13029,13029,120179.0
860Z200US13030,13030,99779.0
860Z200US13031,13031,114321.0
860Z200US13032,13032,86464.0
860Z200US13033,13033,99883.0
860Z200US13034,13034,143683.0
860Z200US13035,13035,146716.0
860Z200US13036,13036,110888.0
860Z200US13037,13037,106615.0
860Z200US13039,13039,124346.0
860Z200US13040,13040,77848.0
860Z200US13041,13041,120579.0
860Z200US13042,13042,111039.0
860Z200US13044,13044,91934.0
860Z200US13045,13045,80792.0
860Z200US13051,13051,
860Z200US13052,13052,89544.0
860Z200US13053,13053,92186.0
860Z200US13054,13054,100786.0
860Z200US13057,13057,95734.0
860Z200US13060,13060,81982.0
860Z200US13061,13061,107083.0
860Z200US13062,13062,157810.0
860Z200US13063,13063,97410.0
860Z200US13065,13065,75819.0
860Z200US13066,13066,161897.0
860Z200US13068,13068,94283.0
860Z200US13069,13069,80807.0
860Z200US13071,13071,99687.0
860Z200US13072,13072,60604.0
860Z200US13073,13073,85748.0
860Z200US13074,13074,86850.0
860Z200US13076,13076,167040.0
860Z200US13077,13077,90015.0
860Z200US13078,13078,159500.0
860Z200US13080,13080,104386.0
860Z200US13081,13081,112324.0
860Z200US13082,13082,97662.0
860Z200US13083,13083,77009.0
860Z200US13084,13084,113030.0
860Z200US13087,13087,150036.0
860Z200US13088,13088,83675.0
860Z200US13090,13090,102476.0
860Z200US13092,13092,86346.0
860Z200US13101,13101,70723.0
860Z200US13102,13102,
860Z200US13103,13103,53966.0
860Z200US13104,13104,165861.0
860Z200US13108,13108,110320.0
860Z200US13110,13110,123741.0
860Z200US13111,13111,64635.0
860Z200US13112,13112,105696.0
860Z200US13113,13113,60780.0
860Z200US13114,13114,87016.0
860Z200US13115,13115,84800.0
860Z200US13116,13116,106326.0
860Z200US13117,13117,47101.0
860Z200US13118,13118,86669.0
860Z200US13119,13119,
860Z200US13120,13120,83474.0
860Z200US13121,13121,
860Z200US13122,13122,93382.0
860Z200US13123,13123,
860Z200US13124,13124,104656.0
860Z200US13126,13126,82511.0
860Z200US13131,13131,90816.0
860Z200US13132,13132,93571.0
860Z200US13134,13134,116019.0
860Z200US13135,13135,101655.0
860Z200US13136,13136,66167.0
860Z200US13138,13138,74863.0
860Z200US13140,13140,83412.0
860Z200US13141,13141,96642.0
860Z200US13142,13142,101325.0
860Z200US13143,13143,91095.0
860Z200US13144,13144,77103.0
860Z200US13145,13145,64239.0
860Z200US13146,13146,75824.0
860Z200US13147,13147,86441.0
860Z200US13148,13148,83016.0
860Z200US13152,13152,165449.0
860Z200US13153,13153,126028.0
860Z200US13154,13154,
860Z200US13155,13155,82566.0
860Z200US13156,13156,80729.0
860Z200US13157,13157,77270.0
860Z200US13158,13158,94466.0
860Z200US13159,13159,119141.0
860Z200US13160,13160,106734.0
860Z200US13162,13162,43430.0
860Z200US13163,13163,83322.0
860Z200US13164,13164,112147.0
860Z200US13165,13165,79093.0
860Z200US13166,13166,88553.0
860Z200US13167,13167,86668.0
860Z200US13202,13202,62019.0
860Z200US13203,13203,68308.0
860Z200US13204,13204,59581.0
860Z200US13205,13205,57697.0
860Z200US13206,13206,71828.0
860Z200US13207,13207,76690.0
860Z200US13208,13208,58337.0
860Z200US13209,13209,82627.0
860Z200US13210,13210,56581.0
860Z200US13211,13211,76595.0
860Z200US13212,13212,91451.0
860Z200US13214,13214,122129.0
860Z200US13215,13215,145351.0
860Z200US13219,13219,103466.0
860Z200US13224,13224,106805.0
860Z200US13244,13244,
860Z200US13290,13290,
860Z200US13301,13301,114890.0
860Z200US13302,13302,69691.0
860Z200US13303,13303,98349.0
860Z200US13304,13304,134262.0
860Z200US13305,13305,97104.0
860Z200US13308,13308,97070.0
860Z200US13309,13309,82536.0
860Z200US13310,13310,83441.0
860Z200US13312,13312,71144.0
860Z200US13313,13313,63631.0
860Z200US13314,13314,56771.0
860Z200US13315,13315,91372.0
860Z200US13316,13316,74101.0
860Z200US13317,13317,84094.0
860Z200US13318,13318,86387.0
860Z200US13319,13319,76207.0
860Z200US13320,13320,95974.0
860Z200US13321,13321,75214.0
860Z200US13322,13322,106909.0
860Z200US13323,13323,103353.0
860Z200US13324,13324,108107.0
860Z200US13325,13325,78085.0
860Z200US13326,13326,116116.0
860Z200US13327,13327,80234.0
860Z200US13328,13328,123996.0
860Z200US13329,13329,71585.0
860Z200US13331,13331,73352.0
860Z200US13332,13332,85171.0
860Z200US13333,13333,66894.0
860Z200US13334,13334,64132.0
860Z200US13335,13335,67059.0
860Z200US13337,13337,115367.0
860Z200US13338,13338,82718.0
860Z200US13339,13339,74186.0
860Z200US13340,13340,95234.0
860Z200US13342,13342,79205.0
860Z200US13343,13343,76218.0
860Z200US13345,13345,68228.0
860Z200US13346,13346,102037.0
860Z200US13348,13348,94081.0
860Z200US13350,13350,77041.0
860Z200US13352,13352,
860Z200US13353,13353,94484.0
860Z200US13354,13354,105536.0
860Z200US13355,13355,177953.0
860Z200US13357,13357,72824.0
860Z200US13360,13360,127251.0
860Z200US13361,13361,99588.0
860Z200US13363,13363,108180.0
860Z200US13364,13364,82740.0
860Z200US13365,13365,81924.0
860Z200US13367,13367,83956.0
860Z200US13368,13368,65803.0
860Z200US13402,13402,68578.0
860Z200US13403,13403,109118.0
860Z200US13404,13404,60062.0
860Z200US13406,13406,89743.0
860Z200US13407,13407,85285.0
860Z200US13408,13408,83649.0
860Z200US13409,13409,78684.0
860Z200US13410,13410,48774.0
860Z200US13411,13411,74067.0
860Z200US13413,13413,131642.0
860Z200US13415,13415,147298.0
860Z200US13416,13416,86942.0
860Z200US13417,13417,68154.0
860Z200US13418,13418,110060.0
860Z200US13420,13420,107763.0
860Z200US13421,13421,89814.0
860Z200US13424,13424,120202.0
860Z200US13425,13425,100161.0
860Z200US13428,13428,87841.0
860Z200US13431,13431,94955.0
860Z200US13433,13433,58866.0
860Z200US13435,13435,66632.0
860Z200US13436,13436,74154.0
860Z200US13437,13437,59798.0
860Z200US13438,13438,90374.0
860Z200US13439,13439,89797.0
860Z200US13440,13440,83024.0
860Z200US13441,13441,84351.0
860Z200US13450,13450,81387.0
860Z200US13452,13452,76388.0
860Z200US13454,13454,83950.0
860Z200US13455,13455,
860Z200US13456,13456,104867.0
860Z200US13457,13457,37493.0
860Z200US13459,13459,75737.0
860Z200US13460,13460,79577.0
860Z200US13461,13461,94642.0
860Z200US13464,13464,60983.0
860Z200US13468,13468,65690.0
860Z200US13469,13469,124962.0
860Z200US13470,13470,76333.0
860Z200US13471,13471,82125.0
860Z200US13472,13472,81804.0
860Z200US13473,13473,100836.0
860Z200US13475,13475,104081.0
860Z200US13476,13476,79544.0
860Z200US13477,13477,116492.0
860Z200US13478,13478,94347.0
860Z200US13480,13480,91693.0
860Z200US13482,13482,61600.0
860Z200US13483,13483,91257.0
860Z200US13484,13484,
860Z200US13485,13485,81521.0
860Z200US13486,13486,104593.0
860Z200US13488,13488,67085.0
860Z200US13489,13489,100853.0
860Z200US13490,13490,122040.0
860Z200US13491,13491,91241.0
860Z200US13492,13492,106767.0
860Z200US13493,13493,69380.0
860Z200US13494,13494,95372.0
860Z200US13495,13495,79895.0
860Z200US13501,13501,67465.0
860Z200US13502,13502,75798.0
860Z200US13601,13601,76542.0
860Z200US13602,13602,
860Z200US13603,13603,74931.0
860Z200US13605,13605,98053.0
860Z200US13606,13606,98236.0
860Z200US13607,13607,138388.0
860Z200US13608,13608,85111.0
860Z200US13611,13611,62700.0
860Z200US13612,13612,89138.0
860Z200US13613,13613,73892.0
860Z200US13614,13614,51559.0
860Z200US13615,13615,89354.0
860Z200US13616,13616,62873.0
860Z200US13617,13617,81547.0
860Z200US13618,13618,84893.0
860Z200US13619,13619,82556.0
860Z200US13620,13620,69336.0
860Z200US13621,13621,155561.0
860Z200US13622,13622,98165.0
860Z200US13623,13623,49784.0
860Z200US13624,13624,108394.0
860Z200US13625,13625,90756.0
860Z200US13626,13626,88136.0
860Z200US13628,13628,63603.0
860Z200US13630,13630,84357.0
860Z200US13632,13632,
860Z200US13633,13633,67742.0
860Z200US13634,13634,100365.0
860Z200US13635,13635,80022.0
860Z200US13636,13636,73650.0
860Z200US13637,13637,66950.0
860Z200US13638,13638,84655.0
860Z200US13639,13639,21090.0
860Z200US13640,13640,103658.0
860Z200US13641,13641,69902.0
860Z200US13642,13642,64685.0
860Z200US13643,13643,
860Z200US13645,13645,
860Z200US13646,13646,86924.0
860Z200US13647,13647,53613.0
860Z200US13648,13648,74352.0
860Z200US13649,13649,
860Z200US13650,13650,112990.0
860Z200US13651,13651,115749.0
860Z200US13652,13652,78707.0
860Z200US13654,13654,82762.0
860Z200US13655,13655,72102.0
860Z200US13656,13656,75342.0
860Z200US13658,13658,88079.0
860Z200US13659,13659,78651.0
860Z200US13660,13660,89035.0
860Z200US13661,13661,94310.0
860Z200US13662,13662,78399.0
860Z200US13664,13664,83226.0
860Z200US13665,13665,66539.0
860Z200US13666,13666,40313.0
860Z200US13667,13667,68937.0
860Z200US13668,13668,87450.0
860Z200US13669,13669,80065.0
860Z200US13670,13670,46551.0
860Z200US13672,13672,69737.0
860Z200US13673,13673,87259.0
860Z200US13674,13674,73039.0
860Z200US13675,13675,
860Z200US13676,13676,76430.0
860Z200US13678,13678,
860Z200US13679,13679,118046.0
860Z200US13680,13680,75849.0
860Z200US13681,13681,56821.0
860Z200US13682,13682,95782.0
860Z200US13683,13683,
860Z200US13684,13684,67015.0
860Z200US13685,13685,93658.0
860Z200US13687,13687,69294.0
860Z200US13690,13690,77191.0
860Z200US13691,13691,88400.0
860Z200US13692,13692,288273.0
860Z200US13693,13693,66543.0
860Z200US13694,13694,92739.0
860Z200US13695,13695,112410.0
860Z200US13696,13696,43379.0
860Z200US13697,13697,115004.0
860Z200US13699,13699,
860Z200US13730,13730,68378.0
860Z200US13731,13731,104148.0
860Z200US13732,13732,122961.0
860Z200US13733,13733,71432.0
860Z200US13734,13734,71867.0
860Z200US13736,13736,83460.0
860Z200US13738,13738,
860Z200US13739,13739,80008.0
860Z200US13740,13740,121808.0
860Z200US13743,13743,82953.0
860Z200US13744,13744,86373.0
860Z200US13746,13746,88375.0
860Z200US13747,13747,
860Z200US13748,13748,81214.0
860Z200US13750,13750,93009.0
860Z200US13751,13751,206606.0
860Z200US13752,13752,130650.0
860Z200US13753,13753,91006.0
860Z200US13754,13754,77608.0
860Z200US13755,13755,63879.0
860Z200US13756,13756,86472.0
860Z200US13757,13757,80201.0
860Z200US13760,13760,85287.0
860Z200US13774,13774,80980.0
860Z200US13775,13775,101194.0
860Z200US13776,13776,110402.0
860Z200US13777,13777,96181.0
860Z200US13778,13778,83421.0
860Z200US13780,13780,106046.0
860Z200US13782,13782,76943.0
860Z200US13783,13783,70005.0
860Z200US13784,13784,58289.0
860Z200US13786,13786,71283.0
860Z200US13787,13787,75275.0
860Z200US13788,13788,105277.0
860Z200US13790,13790,75643.0
860Z200US13795,13795,74740.0
860Z200US13796,13796,88655.0
860Z200US13797,13797,87618.0
860Z200US13801,13801,85427.0
860Z200US13802,13802,59970.0
860Z200US13803,13803,79663.0
860Z200US13804,13804,57527.0
860Z200US13806,13806,91823.0
860Z200US13807,13807,101621.0
860Z200US13808,13808,96449.0
860Z200US13809,13809,66184.0
860Z200US13810,13810,99367.0
860Z200US13811,13811,90561.0
860Z200US13812,13812,95660.0
860Z200US13813,13813,88655.0
860Z200US13814,13814,
860Z200US13815,13815,81738.0
860Z200US13820,13820,84736.0
860Z200US13825,13825,83869.0
860Z200US13826,13826,
860Z200US13827,13827,98754.0
860Z200US13830,13830,73700.0
860Z200US13832,13832,84644.0
860Z200US13833,13833,82000.0
860Z200US13834,13834,45512.0
860Z200US13835,13835,84243.0
860Z200US13838,13838,61804.0
860Z200US13839,13839,70586.0
860Z200US13841,13841,82585.0
860Z200US13842,13842,98311.0
860Z200US13843,13843,89094.0
860Z200US13844,13844,74734.0
860Z200US13846,13846,38786.0
860Z200US13847,13847,
860Z200US13849,13849,80864.0
860Z200US13850,13850,123346.0
860Z200US13856,13856,67099.0
860Z200US13859,13859,70415.0
860Z200US13860,13860,112084.0
860Z200US13861,13861,81166.0
860Z200US13862,13862,80807.0
860Z200US13863,13863,78522.0
860Z200US13864,13864,63689.0
860Z200US13865,13865,79479.0
860Z200US13901,13901,77248.0
860Z200US13902,13902,
860Z200US13903,13903,81758.0
860Z200US13904,13904,66982.0
860Z200US13905,13905,80701.0
860Z200US14001,14001,88777.0
860Z200US14004,14004,99244.0
860Z200US14005,14005,113058.0
860Z200US14006,14006,74015.0
860Z200US14008,14008,83599.0
860Z200US14009,14009,80616.0
860Z200US14011,14011,92197.0
860Z200US14012,14012,87930.0
860Z200US14013,14013,79346.0
860Z200US14020,14020,80363.0
860Z200US14024,14024,85880.0
860Z200US14025,14025,125180.0
860Z200US14026,14026,92267.0
860Z200US14027,14027,114305.0
860Z200US14028,14028,86129.0
860Z200US14029,14029,77605.0
860Z200US14030,14030,90221.0
860Z200US14031,14031,147490.0
860Z200US14032,14032,199315.0
860Z200US14033,14033,94304.0
860Z200US14034,14034,86227.0
860Z200US14035,14035,99569.0
860Z200US14036,14036,98208.0
860Z200US14037,14037,111276.0
860Z200US14039,14039,65727.0
860Z200US14040,14040,98718.0
860Z200US14041,14041,72656.0
860Z200US14042,14042,68778.0
860Z200US14043,14043,89338.0
860Z200US14047,14047,88743.0
860Z200US14048,14048,65354.0
860Z200US14051,14051,154579.0
860Z200US14052,14052,129776.0
860Z200US14054,14054,100968.0
860Z200US14055,14055,85352.0
860Z200US14056,14056,36914.0
860Z200US14057,14057,101266.0
860Z200US14058,14058,96861.0
860Z200US14059,14059,152268.0
860Z200US14060,14060,82629.0
860Z200US14061,14061,99353.0
860Z200US14062,14062,77605.0
860Z200US14063,14063,77262.0
860Z200US14065,14065,80479.0
860Z200US14066,14066,78771.0
860Z200US14067,14067,108163.0
860Z200US14068,14068,134981.0
860Z200US14069,14069,79629.0
860Z200US14070,14070,70182.0
860Z200US14072,14072,129756.0
860Z200US14075,14075,105585.0
860Z200US14080,14080,100234.0
860Z200US14081,14081,78124.0
860Z200US14082,14082,112651.0
860Z200US14083,14083,
860Z200US14085,14085,131534.0
860Z200US14086,14086,116497.0
860Z200US14091,14091,116328.0
860Z200US14092,14092,94524.0
860Z200US14094,14094,93874.0
860Z200US14098,14098,88257.0
860Z200US14101,14101,72297.0
860Z200US14102,14102,135701.0
860Z200US14103,14103,80209.0
860Z200US14105,14105,93034.0
860Z200US14108,14108,90885.0
860Z200US14109,14109,
860Z200US14111,14111,87844.0
860Z200US14112,14112,
860Z200US14113,14113,89981.0
860Z200US14120,14120,93533.0
860Z200US14125,14125,76751.0
860Z200US14126,14126,219661.0
860Z200US14127,14127,138960.0
860Z200US14129,14129,83654.0
860Z200US14130,14130,67005.0
860Z200US14131,14131,105567.0
860Z200US14132,14132,129400.0
860Z200US14134,14134,54137.0
860Z200US14135,14135,156711.0
860Z200US14136,14136,80341.0
860Z200US14138,14138,68894.0
860Z200US14139,14139,95578.0
860Z200US14141,14141,104813.0
860Z200US14143,14143,97923.0
860Z200US14145,14145,96979.0
860Z200US14150,14150,85230.0
860Z200US14166,14166,125875.0
860Z200US14167,14167,80901.0
860Z200US14168,14168,98067.0
860Z200US14169,14169,61568.0
860Z200US14170,14170,142605.0
860Z200US14171,14171,88473.0
860Z200US14172,14172,88253.0
860Z200US14173,14173,61763.0
860Z200US14174,14174,100549.0
860Z200US14201,14201,59801.0
860Z200US14202,14202,102918.0
860Z200US14203,14203,59247.0
860Z200US14204,14204,42767.0
860Z200US14206,14206,60710.0
860Z200US14207,14207,54310.0
860Z200US14208,14208,58835.0
860Z200US14209,14209,79438.0
860Z200US14210,14210,61424.0
860Z200US14211,14211,57154.0
860Z200US14212,14212,52008.0
860Z200US14213,14213,70800.0
860Z200US14214,14214,80376.0
860Z200US14215,14215,59485.0
860Z200US14216,14216,93643.0
860Z200US14217,14217,86015.0
860Z200US14218,14218,66354.0
860Z200US14219,14219,83065.0
860Z200US14220,14220,83687.0
860Z200US14221,14221,127872.0
860Z200US14222,14222,120237.0
860Z200US14223,14223,102204.0
860Z200US14224,14224,93145.0
860Z200US14225,14225,78542.0
860Z200US14226,14226,116922.0
860Z200US14227,14227,80300.0
860Z200US14228,14228,92879.0
860Z200US14260,14260,
860Z200US14261,14261,
860Z200US14301,14301,50662.0
860Z200US14302,14302,
860Z200US14303,14303,54729.0
860Z200US14304,14304,80071.0
860Z200US14305,14305,68797.0
860Z200US14411,14411,66752.0
860Z200US14413,14413,
860Z200US14414,14414,103764.0
860Z200US14415,14415,74214.0
860Z200US14416,14416,93438.0
860Z200US14418,14418,73450.0
860Z200US14420,14420,88575.0
860Z200US14422,14422,107648.0
860Z200US14423,14423,102699.0
860Z200US14424,14424,105473.0
860Z200US14425,14425,104185.0
860Z200US14427,14427,73612.0
860Z200US14428,14428,104449.0
860Z200US14432,14432,90615.0
860Z200US14433,14433,76905.0
860Z200US14435,14435,116410.0
860Z200US14437,14437,85893.0
860Z200US14441,14441,79534.0
860Z200US14445,14445,76352.0
860Z200US14450,14450,130922.0
860Z200US14453,14453,
860Z200US14454,14454,92516.0
860Z200US14456,14456,96886.0
860Z200US14462,14462,82870.0
860Z200US14463,14463,64657.0
860Z200US14464,14464,93211.0
860Z200US14466,14466,121543.0
860Z200US14467,14467,95454.0
860Z200US14468,14468,111737.0
860Z200US14469,14469,92440.0
860Z200US14470,14470,100147.0
860Z200US14471,14471,84629.0
860Z200US14472,14472,152942.0
860Z200US14475,14475,164186.0
860Z200US14476,14476,100070.0
860Z200US14477,14477,111218.0
860Z200US14478,14478,135987.0
860Z200US14479,14479,
860Z200US14480,14480,79299.0
860Z200US14481,14481,91544.0
860Z200US14482,14482,82941.0
860Z200US14485,14485,94524.0
860Z200US14486,14486,115715.0
860Z200US14487,14487,101543.0
860Z200US14489,14489,76482.0
860Z200US14502,14502,106696.0
860Z200US14504,14504,75559.0
860Z200US14505,14505,100058.0
860Z200US14506,14506,148820.0
860Z200US14507,14507,103048.0
860Z200US14510,14510,76301.0
860Z200US14511,14511,79139.0
860Z200US14512,14512,86983.0
860Z200US14513,14513,74835.0
860Z200US14514,14514,100160.0
860Z200US14515,14515,73573.0
860Z200US14516,14516,85889.0
860Z200US14517,14517,79530.0
860Z200US14519,14519,103059.0
860Z200US14521,14521,87311.0
860Z200US14522,14522,93824.0
860Z200US14525,14525,94636.0
860Z200US14526,14526,131776.0
860Z200US14527,14527,87965.0
860Z200US14529,14529,56143.0
860Z200US14530,14530,81705.0
860Z200US14532,14532,82376.0
860Z200US14533,14533,85892.0
860Z200US14534,14534,200664.0
860Z200US14536,14536,65307.0
860Z200US14537,14537,79525.0
860Z200US14539,14539,121870.0
860Z200US14541,14541,95730.0
860Z200US14542,14542,
860Z200US14543,14543,126920.0
860Z200US14544,14544,100414.0
860Z200US14545,14545,102831.0
860Z200US14546,14546,96389.0
860Z200US14548,14548,103017.0
860Z200US14549,14549,36397.0
860Z200US14550,14550,74424.0
860Z200US14551,14551,70185.0
860Z200US14555,14555,101916.0
860Z200US14556,14556,
860Z200US14557,14557,106427.0
860Z200US14559,14559,118562.0
860Z200US14560,14560,83336.0
860Z200US14561,14561,88896.0
860Z200US14564,14564,143405.0
860Z200US14568,14568,108574.0
860Z200US14569,14569,78211.0
860Z200US14571,14571,92394.0
860Z200US14572,14572,84032.0
860Z200US14580,14580,120943.0
860Z200US14585,14585,60932.0
860Z200US14586,14586,123262.0
860Z200US14588,14588,
860Z200US14589,14589,97716.0
860Z200US14590,14590,67646.0
860Z200US14591,14591,96108.0
860Z200US14592,14592,87704.0
860Z200US14604,14604,89904.0
860Z200US14605,14605,48240.0
860Z200US14606,14606,74261.0
860Z200US14607,14607,80090.0
860Z200US14608,14608,55102.0
860Z200US14609,14609,76756.0
860Z200US14610,14610,130765.0
860Z200US14611,14611,44626.0
860Z200US14612,14612,97331.0
860Z200US14613,14613,48016.0
860Z200US14614,14614,88183.0
860Z200US14615,14615,73533.0
860Z200US14616,14616,76899.0
860Z200US14617,14617,109833.0
860Z200US14618,14618,188042.0
860Z200US14619,14619,80095.0
860Z200US14620,14620,78013.0
860Z200US14621,14621,53781.0
860Z200US14622,14622,96260.0
860Z200US14623,14623,74079.0
860Z200US14624,14624,98536.0
860Z200US14625,14625,132779.0
860Z200US14626,14626,96160.0
860Z200US14627,14627,
860Z200US14642,14642,
860Z200US14701,14701,65320.0
860Z200US14706,14706,92133.0
860Z200US14707,14707,58040.0
860Z200US14708,14708,68800.0
860Z200US14709,14709,68952.0
860Z200US14710,14710,84185.0
860Z200US14711,14711,71064.0
860Z200US14712,14712,112800.0
860Z200US14714,14714,98779.0
860Z200US14715,14715,62526.0
860Z200US14716,14716,64117.0
860Z200US14717,14717,102425.0
860Z200US14718,14718,75646.0
860Z200US14719,14719,71927.0
860Z200US14720,14720,58023.0
860Z200US14721,14721,60287.0
860Z200US14722,14722,156881.0
860Z200US14723,14723,75163.0
860Z200US14724,14724,87612.0
860Z200US14726,14726,72381.0
860Z200US14727,14727,79606.0
860Z200US14728,14728,100874.0
860Z200US14729,14729,72463.0
860Z200US14731,14731,81597.0
860Z200US14732,14732,27231.0
860Z200US14733,14733,72774.0
860Z200US14735,14735,75119.0
860Z200US14736,14736,112733.0
860Z200US14737,14737,74784.0
860Z200US14738,14738,72317.0
860Z200US14739,14739,58869.0
860Z200US14740,14740,72524.0
860Z200US14741,14741,82187.0
860Z200US14742,14742,106510.0
860Z200US14743,14743,71215.0
860Z200US14744,14744,89351.0
860Z200US14747,14747,68490.0
860Z200US14748,14748,82885.0
860Z200US14750,14750,105524.0
860Z200US14752,14752,99864.0
860Z200US14753,14753,55778.0
860Z200US14754,14754,89672.0
860Z200US14755,14755,72617.0
860Z200US14756,14756,
860Z200US14757,14757,91435.0
860Z200US14760,14760,70779.0
860Z200US14767,14767,79178.0
860Z200US14769,14769,72125.0
860Z200US14770,14770,67457.0
860Z200US14772,14772,82430.0
860Z200US14774,14774,94156.0
860Z200US14775,14775,65646.0
860Z200US14777,14777,65722.0
860Z200US14778,14778,
860Z200US14779,14779,61909.0
860Z200US14781,14781,76295.0
860Z200US14782,14782,69082.0
860Z200US14783,14783,82784.0
860Z200US14784,14784,91712.0
860Z200US14785,14785,
860Z200US14787,14787,70313.0
860Z200US14788,14788,
860Z200US14801,14801,74785.0
860Z200US14802,14802,67440.0
860Z200US14803,14803,70613.0
860Z200US14804,14804,87649.0
860Z200US14805,14805,67313.0
860Z200US14806,14806,88757.0
860Z200US14807,14807,82406.0
860Z200US14808,14808,57398.0
860Z200US14809,14809,81722.0
860Z200US14810,14810,63299.0
860Z200US14812,14812,84681.0
860Z200US14813,14813,82366.0
860Z200US14814,14814,129019.0
860Z200US14815,14815,85999.0
860Z200US14816,14816,63784.0
860Z200US14817,14817,96890.0
860Z200US14818,14818,121067.0
860Z200US14819,14819,62961.0
860Z200US14820,14820,87074.0
860Z200US14821,14821,88006.0
860Z200US14822,14822,75582.0
860Z200US14823,14823,77105.0
860Z200US14824,14824,101387.0
860Z200US14825,14825,91346.0
860Z200US14826,14826,81479.0
860Z200US14827,14827,
860Z200US14830,14830,103350.0
860Z200US14836,14836,77487.0
860Z200US14837,14837,88250.0
860Z200US14838,14838,82670.0
860Z200US14839,14839,89526.0
860Z200US14840,14840,108900.0
860Z200US14841,14841,85456.0
860Z200US14842,14842,89555.0
860Z200US14843,14843,72261.0
860Z200US14845,14845,97980.0
860Z200US14846,14846,75303.0
860Z200US14847,14847,90157.0
860Z200US14850,14850,105902.0
860Z200US14853,14853,
860Z200US14854,14854,98043.0
860Z200US14855,14855,90175.0
860Z200US14856,14856,
860Z200US14858,14858,86011.0
860Z200US14859,14859,103964.0
860Z200US14860,14860,82387.0
860Z200US14861,14861,81054.0
860Z200US14864,14864,65232.0
860Z200US14865,14865,62607.0
860Z200US14867,14867,89962.0
860Z200US14869,14869,94977.0
860Z200US14870,14870,112710.0
860Z200US14871,14871,95599.0
860Z200US14872,14872,69359.0
860Z200US14873,14873,65995.0
860Z200US14874,14874,84336.0
860Z200US14877,14877,73575.0
860Z200US14878,14878,93903.0
860Z200US14879,14879,86343.0
860Z200US14880,14880,62876.0
860Z200US14881,14881,127166.0
860Z200US14882,14882,137172.0
860Z200US14883,14883,86286.0
860Z200US14884,14884,74379.0
860Z200US14885,14885,73719.0
860Z200US14886,14886,96905.0
860Z200US14889,14889,77560.0
860Z200US14891,14891,74857.0
860Z200US14892,14892,83920.0
860Z200US14893,14893,
860Z200US14894,14894,67512.0
860Z200US14895,14895,86118.0
860Z200US14897,14897,83598.0
860Z200US14898,14898,76715.0
860Z200US14901,14901,52528.0
860Z200US14903,14903,99421.0
860Z200US14904,14904,71472.0
860Z200US14905,14905,96468.0
860Z200US15001,15001,90770.0
860Z200US15003,15003,73927.0
860Z200US15004,15004,74495.0
860Z200US15005,15005,122634.0
860Z200US15006,15006,
860Z200US15007,15007,102156.0
860Z200US15009,15009,106775.0
860Z200US15010,15010,86332.0
860Z200US15012,15012,86664.0
860Z200US15014,15014,60438.0
860Z200US15015,15015,177786.0
860Z200US15017,15017,116959.0
860Z200US15018,15018,65562.0
860Z200US15019,15019,63664.0
860Z200US15020,15020,85848.0
860Z200US15021,15021,93379.0
860Z200US15022,15022,82346.0
860Z200US15024,15024,108262.0
860Z200US15025,15025,120800.0
860Z200US15026,15026,121098.0
860Z200US15027,15027,74776.0
860Z200US15028,15028,95045.0
860Z200US15030,15030,71877.0
860Z200US15031,15031,60701.0
860Z200US15033,15033,54796.0
860Z200US15034,15034,61207.0
860Z200US15035,15035,74716.0
860Z200US15037,15037,102291.0
860Z200US15038,15038,52672.0
860Z200US15042,15042,106906.0
860Z200US15043,15043,108114.0
860Z200US15044,15044,191330.0
860Z200US15045,15045,54972.0
860Z200US15046,15046,97588.0
860Z200US15047,15047,36694.0
860Z200US15049,15049,74417.0
860Z200US15050,15050,104303.0
860Z200US15051,15051,85426.0
860Z200US15052,15052,78466.0
860Z200US15053,15053,142939.0
860Z200US15054,15054,63810.0
860Z200US15055,15055,83643.0
860Z200US15056,15056,77916.0
860Z200US15057,15057,131123.0
860Z200US15059,15059,78621.0
860Z200US15060,15060,72108.0
860Z200US15061,15061,90838.0
860Z200US15062,15062,66193.0
860Z200US15063,15063,86069.0
860Z200US15064,15064,82244.0
860Z200US15065,15065,93250.0
860Z200US15066,15066,76147.0
860Z200US15067,15067,69406.0
860Z200US15068,15068,82766.0
860Z200US15071,15071,123576.0
860Z200US15072,15072,33173.0
860Z200US15074,15074,72087.0
860Z200US15075,15075,
860Z200US15076,15076,67683.0
860Z200US15077,15077,74567.0
860Z200US15078,15078,60577.0
860Z200US15081,15081,66463.0
860Z200US15082,15082,167582.0
860Z200US15083,15083,100059.0
860Z200US15084,15084,81449.0
860Z200US15085,15085,99432.0
860Z200US15086,15086,127877.0
860Z200US15087,15087,75068.0
860Z200US15088,15088,67332.0
860Z200US15089,15089,72308.0
860Z200US15090,15090,202897.0
860Z200US15101,15101,143047.0
860Z200US15102,15102,118931.0
860Z200US15104,15104,62802.0
860Z200US15106,15106,94200.0
860Z200US15108,15108,124808.0
860Z200US15110,15110,49555.0
860Z200US15112,15112,57764.0
860Z200US15116,15116,118605.0
860Z200US15120,15120,76598.0
860Z200US15122,15122,81774.0
860Z200US15123,15123,
860Z200US15126,15126,101815.0
860Z200US15129,15129,110363.0
860Z200US15131,15131,88121.0
860Z200US15132,15132,48454.0
860Z200US15133,15133,74653.0
860Z200US15135,15135,108153.0
860Z200US15136,15136,87253.0
860Z200US15137,15137,88704.0
860Z200US15139,15139,125539.0
860Z200US15140,15140,50517.0
860Z200US15142,15142,211805.0
860Z200US15143,15143,187794.0
860Z200US15144,15144,83236.0
860Z200US15145,15145,59150.0
860Z200US15146,15146,99815.0
860Z200US15147,15147,79182.0
860Z200US15148,15148,57878.0
860Z200US15201,15201,109736.0
860Z200US15202,15202,89584.0
860Z200US15203,15203,103079.0
860Z200US15204,15204,68799.0
860Z200US15205,15205,93136.0
860Z200US15206,15206,101613.0
860Z200US15207,15207,70359.0
860Z200US15208,15208,109990.0
860Z200US15209,15209,94722.0
860Z200US15210,15210,65575.0
860Z200US15211,15211,96076.0
860Z200US15212,15212,85166.0
860Z200US15213,15213,62645.0
860Z200US15214,15214,75159.0
860Z200US15215,15215,151252.0
860Z200US15216,15216,105942.0
860Z200US15217,15217,151090.0
860Z200US15218,15218,103037.0
860Z200US15219,15219,56956.0
860Z200US15220,15220,91519.0
860Z200US15221,15221,79224.0
860Z200US15222,15222,155687.0
860Z200US15223,15223,70486.0
860Z200US15224,15224,86715.0
860Z200US15225,15225,72609.0
860Z200US15226,15226,90031.0
860Z200US15227,15227,89716.0
860Z200US15228,15228,175602.0
860Z200US15229,15229,102230.0
860Z200US15232,15232,113264.0
860Z200US15233,15233,102794.0
860Z200US15234,15234,93907.0
860Z200US15235,15235,77791.0
860Z200US15236,15236,102787.0
860Z200US15237,15237,135540.0
860Z200US15238,15238,199709.0
860Z200US15239,15239,117771.0
860Z200US15241,15241,186986.0
860Z200US15243,15243,137803.0
860Z200US15260,15260,
860Z200US15275,15275,
860Z200US15282,15282,
860Z200US15290,15290,
860Z200US15301,15301,93556.0
860Z200US15310,15310,66672.0
860Z200US15311,15311,101764.0
860Z200US15312,15312,102183.0
860Z200US15313,15313,94862.0
860Z200US15314,15314,80178.0
860Z200US15315,15315,67450.0
860Z200US15316,15316,56429.0
860Z200US15317,15317,134325.0
860Z200US15320,15320,82169.0
860Z200US15321,15321,145968.0
860Z200US15322,15322,85557.0
860Z200US15323,15323,107105.0
860Z200US15324,15324,73707.0
860Z200US15325,15325,61540.0
860Z200US15327,15327,70217.0
860Z200US15329,15329,105375.0
860Z200US15330,15330,124335.0
860Z200US15331,15331,78994.0
860Z200US15332,15332,93863.0
860Z200US15333,15333,91434.0
860Z200US15334,15334,94787.0
860Z200US15337,15337,94310.0
860Z200US15338,15338,83831.0
860Z200US15340,15340,111057.0
860Z200US15341,15341,102612.0
860Z200US15342,15342,105864.0
860Z200US15344,15344,95975.0
860Z200US15345,15345,79828.0
860Z200US15346,15346,63385.0
860Z200US15347,15347,65039.0
860Z200US15348,15348,38291.0
860Z200US15349,15349,80012.0
860Z200US15350,15350,54710.0
860Z200US15351,15351,32696.0
860Z200US15352,15352,68249.0
860Z200US15353,15353,131985.0
860Z200US15357,15357,85336.0
860Z200US15358,15358,88654.0
860Z200US15359,15359,73536.0
860Z200US15360,15360,99511.0
860Z200US15361,15361,85959.0
860Z200US15362,15362,96258.0
860Z200US15363,15363,66228.0
860Z200US15364,15364,98059.0
860Z200US15365,15365,91703.0
860Z200US15366,15366,62486.0
860Z200US15367,15367,216482.0
860Z200US15368,15368,48372.0
860Z200US15370,15370,85350.0
860Z200US15376,15376,108260.0
860Z200US15377,15377,126459.0
860Z200US15378,15378,
860Z200US15379,15379,109745.0
860Z200US15380,15380,85283.0
860Z200US15401,15401,73411.0
860Z200US15410,15410,93178.0
860Z200US15411,15411,80226.0
860Z200US15412,15412,41652.0
860Z200US15413,15413,69620.0
860Z200US15416,15416,185045.0
860Z200US15417,15417,69673.0
860Z200US15419,15419,58882.0
860Z200US15420,15420,59329.0
860Z200US15421,15421,257396.0
860Z200US15422,15422,88054.0
860Z200US15423,15423,85676.0
860Z200US15424,15424,62024.0
860Z200US15425,15425,74142.0
860Z200US15427,15427,78445.0
860Z200US15428,15428,81671.0
860Z200US15429,15429,71787.0
860Z200US15430,15430,68013.0
860Z200US15431,15431,70370.0
860Z200US15432,15432,82185.0
860Z200US15433,15433,44478.0
860Z200US15434,15434,65952.0
860Z200US15435,15435,39316.0
860Z200US15436,15436,61661.0
860Z200US15437,15437,87135.0
860Z200US15438,15438,71409.0
860Z200US15440,15440,88955.0
860Z200US15442,15442,71136.0
860Z200US15443,15443,42422.0
860Z200US15444,15444,65602.0
860Z200US15445,15445,82280.0
860Z200US15446,15446,
860Z200US15447,15447,64635.0
860Z200US15448,15448,51838.0
860Z200US15449,15449,74423.0
860Z200US15450,15450,97177.0
860Z200US15451,15451,52746.0
860Z200US15454,15454,78494.0
860Z200US15455,15455,104205.0
860Z200US15456,15456,68637.0
860Z200US15458,15458,70771.0
860Z200US15459,15459,74740.0
860Z200US15460,15460,69105.0
860Z200US15461,15461,62669.0
860Z200US15462,15462,
860Z200US15463,15463,105937.0
860Z200US15464,15464,62068.0
860Z200US15465,15465,62498.0
860Z200US15466,15466,60401.0
860Z200US15467,15467,71465.0
860Z200US15468,15468,63736.0
860Z200US15469,15469,66681.0
860Z200US15470,15470,95619.0
860Z200US15472,15472,55039.0
860Z200US15473,15473,76448.0
860Z200US15474,15474,79456.0
860Z200US15475,15475,49629.0
860Z200US15476,15476,
860Z200US15477,15477,84640.0
860Z200US15478,15478,96041.0
860Z200US15479,15479,189339.0
860Z200US15480,15480,61564.0
860Z200US15482,15482,55852.0
860Z200US15483,15483,68596.0
860Z200US15484,15484,114389.0
860Z200US15486,15486,84039.0
860Z200US15488,15488,30484.0
860Z200US15489,15489,99457.0
860Z200US15490,15490,67558.0
860Z200US15492,15492,53259.0
860Z200US15501,15501,77893.0
860Z200US15502,15502,80874.0
860Z200US15510,15510,
860Z200US15520,15520,91424.0
860Z200US15521,15521,76655.0
860Z200US15522,15522,76899.0
860Z200US15530,15530,76420.0
860Z200US15531,15531,65467.0
860Z200US15532,15532,65991.0
860Z200US15533,15533,66067.0
860Z200US15534,15534,66210.0
860Z200US15535,15535,73504.0
860Z200US15536,15536,61914.0
860Z200US15537,15537,77438.0
860Z200US15538,15538,75100.0
860Z200US15539,15539,37427.0
860Z200US15540,15540,91809.0
860Z200US15541,15541,80160.0
860Z200US15542,15542,67405.0
860Z200US15544,15544,98790.0
860Z200US15545,15545,66013.0
860Z200US15546,15546,44785.0
860Z200US15547,15547,99090.0
860Z200US15550,15550,69938.0
860Z200US15551,15551,82616.0
860Z200US15552,15552,77756.0
860Z200US15554,15554,78827.0
860Z200US15555,15555,70990.0
860Z200US15557,15557,73349.0
860Z200US15558,15558,74197.0
860Z200US15559,15559,99175.0
860Z200US15560,15560,61245.0
860Z200US15561,15561,75833.0
860Z200US15562,15562,104486.0
860Z200US15563,15563,76722.0
860Z200US15564,15564,66087.0
860Z200US15565,15565,85818.0
860Z200US15601,15601,97301.0
860Z200US15610,15610,86372.0
860Z200US15611,15611,57249.0
860Z200US15612,15612,62307.0
860Z200US15613,15613,94488.0
860Z200US15615,15615,71781.0
860Z200US15616,15616,110735.0
860Z200US15617,15617,100337.0
860Z200US15618,15618,66884.0
860Z200US15619,15619,103463.0
860Z200US15620,15620,59517.0
860Z200US15622,15622,104919.0
860Z200US15623,15623,99128.0
860Z200US15624,15624,75035.0
860Z200US15625,15625,73358.0
860Z200US15626,15626,99143.0
860Z200US15627,15627,71162.0
860Z200US15628,15628,76579.0
860Z200US15629,15629,59683.0
860Z200US15631,15631,70279.0
860Z200US15632,15632,147403.0
860Z200US15633,15633,109070.0
860Z200US15634,15634,55317.0
860Z200US15635,15635,39843.0
860Z200US15636,15636,147547.0
860Z200US15637,15637,83688.0
860Z200US15638,15638,
860Z200US15639,15639,109799.0
860Z200US15640,15640,70171.0
860Z200US15641,15641,74895.0
860Z200US15642,15642,114332.0
860Z200US15644,15644,83433.0
860Z200US15646,15646,97045.0
860Z200US15647,15647,
860Z200US15650,15650,89866.0
860Z200US15655,15655,55989.0
860Z200US15656,15656,85185.0
860Z200US15658,15658,112715.0
860Z200US15660,15660,51434.0
860Z200US15661,15661,98381.0
860Z200US15662,15662,83046.0
860Z200US15663,15663,84865.0
860Z200US15665,15665,97438.0
860Z200US15666,15666,75144.0
860Z200US15668,15668,147125.0
860Z200US15670,15670,96211.0
860Z200US15671,15671,64315.0
860Z200US15672,15672,93492.0
860Z200US15673,15673,89849.0
860Z200US15674,15674,87822.0
860Z200US15675,15675,85926.0
860Z200US15676,15676,73306.0
860Z200US15677,15677,89253.0
860Z200US15678,15678,71175.0
860Z200US15679,15679,73236.0
860Z200US15680,15680,58236.0
860Z200US15681,15681,91721.0
860Z200US15682,15682,79638.0
860Z200US15683,15683,68274.0
860Z200US15684,15684,104561.0
860Z200US15686,15686,77097.0
860Z200US15687,15687,69038.0
860Z200US15688,15688,68321.0
860Z200US15689,15689,61189.0
860Z200US15690,15690,67595.0
860Z200US15691,15691,130466.0
860Z200US15692,15692,74139.0
860Z200US15693,15693,58988.0
860Z200US15695,15695,87539.0
860Z200US15696,15696,75346.0
860Z200US15697,15697,72684.0
860Z200US15698,15698,55268.0
860Z200US15701,15701,80913.0
860Z200US15705,15705,
860Z200US15710,15710,59446.0
860Z200US15711,15711,57070.0
860Z200US15712,15712,36878.0
860Z200US15713,15713,68746.0
860Z200US15714,15714,63140.0
860Z200US15715,15715,62943.0
860Z200US15716,15716,39948.0
860Z200US15717,15717,74505.0
860Z200US15720,15720,75656.0
860Z200US15721,15721,53001.0
860Z200US15722,15722,78953.0
860Z200US15723,15723,
860Z200US15724,15724,81622.0
860Z200US15725,15725,102718.0
860Z200US15727,15727,80104.0
860Z200US15728,15728,70429.0
860Z200US15729,15729,70305.0
860Z200US15730,15730,121814.0
860Z200US15731,15731,45641.0
860Z200US15732,15732,73433.0
860Z200US15733,15733,56278.0
860Z200US15734,15734,43014.0
860Z200US15736,15736,68285.0
860Z200US15737,15737,58798.0
860Z200US15738,15738,48265.0
860Z200US15739,15739,72475.0
860Z200US15741,15741,78704.0
860Z200US15742,15742,71190.0
860Z200US15744,15744,103259.0
860Z200US15745,15745,78413.0
860Z200US15746,15746,61026.0
860Z200US15747,15747,74400.0
860Z200US15748,15748,77674.0
860Z200US15750,15750,55361.0
860Z200US15752,15752,44319.0
860Z200US15753,15753,60680.0
860Z200US15754,15754,84995.0
860Z200US15756,15756,49306.0
860Z200US15757,15757,65897.0
860Z200US15759,15759,75518.0
860Z200US15760,15760,85205.0
860Z200US15761,15761,67294.0
860Z200US15762,15762,82435.0
860Z200US15763,15763,84463.0
860Z200US15764,15764,100647.0
860Z200US15765,15765,82019.0
860Z200US15767,15767,69804.0
860Z200US15770,15770,62494.0
860Z200US15771,15771,78554.0
860Z200US15772,15772,63743.0
860Z200US15773,15773,77731.0
860Z200US15774,15774,92191.0
860Z200US15775,15775,89850.0
860Z200US15776,15776,58855.0
860Z200US15777,15777,31506.0
860Z200US15778,15778,86800.0
860Z200US15779,15779,52399.0
860Z200US15780,15780,75457.0
860Z200US15781,15781,45591.0
860Z200US15783,15783,76436.0
860Z200US15784,15784,65282.0
860Z200US15801,15801,96116.0
860Z200US15821,15821,54182.0
860Z200US15823,15823,71174.0
860Z200US15824,15824,76048.0
860Z200US15825,15825,75283.0
860Z200US15827,15827,75651.0
860Z200US15828,15828,53071.0
860Z200US15829,15829,75920.0
860Z200US15831,15831,
860Z200US15832,15832,54291.0
860Z200US15834,15834,58859.0
860Z200US15840,15840,84115.0
860Z200US15841,15841,38658.0
860Z200US15845,15845,76832.0
860Z200US15846,15846,94616.0
860Z200US15847,15847,93538.0
860Z200US15848,15848,72075.0
860Z200US15849,15849,77687.0
860Z200US15851,15851,74854.0
860Z200US15853,15853,73275.0
860Z200US15856,15856,85401.0
860Z200US15857,15857,80142.0
860Z200US15860,15860,69759.0
860Z200US15861,15861,102660.0
860Z200US15863,15863,75229.0
860Z200US15864,15864,78748.0
860Z200US15865,15865,55058.0
860Z200US15866,15866,97738.0
860Z200US15868,15868,99801.0
860Z200US15870,15870,84934.0
860Z200US15901,15901,39957.0
860Z200US15902,15902,55525.0
860Z200US15904,15904,91350.0
860Z200US15905,15905,95856.0
860Z200US15906,15906,51778.0
860Z200US15909,15909,71807.0
860Z200US15920,15920,94964.0
860Z200US15921,15921,55885.0
860Z200US15922,15922,98652.0
860Z200US15923,15923,72058.0
860Z200US15924,15924,69398.0
860Z200US15925,15925,61978.0
860Z200US15926,15926,77877.0
860Z200US15927,15927,85495.0
860Z200US15928,15928,99042.0
860Z200US15929,15929,68351.0
860Z200US15930,15930,110106.0
860Z200US15931,15931,105554.0
860Z200US15934,15934,
860Z200US15935,15935,75924.0
860Z200US15936,15936,66736.0
860Z200US15937,15937,84258.0
860Z200US15938,15938,78674.0
860Z200US15940,15940,96455.0
860Z200US15942,15942,96840.0
860Z200US15943,15943,68336.0
860Z200US15944,15944,96675.0
860Z200US15945,15945,60639.0
860Z200US15946,15946,74951.0
860Z200US15948,15948,52580.0
860Z200US15949,15949,80995.0
860Z200US15951,15951,49081.0
860Z200US15952,15952,66231.0
860Z200US15953,15953,45384.0
860Z200US15954,15954,53316.0
860Z200US15955,15955,93643.0
860Z200US15956,15956,61457.0
860Z200US15957,15957,74311.0
860Z200US15958,15958,83580.0
860Z200US15960,15960,72349.0
860Z200US15961,15961,67727.0
860Z200US15962,15962,72740.0
860Z200US15963,15963,76472.0
860Z200US16001,16001,83302.0
860Z200US16002,16002,105409.0
860Z200US16020,16020,114306.0
860Z200US16022,16022,116111.0
860Z200US16023,16023,99178.0
860Z200US16024,16024,94680.0
860Z200US16025,16025,91025.0
860Z200US16027,16027,94618.0
860Z200US16028,16028,82419.0
860Z200US16029,16029,68965.0
860Z200US16030,16030,60471.0
860Z200US16033,16033,112802.0
860Z200US16034,16034,82488.0
860Z200US16035,16035,62434.0
860Z200US16036,16036,80280.0
860Z200US16037,16037,115612.0
860Z200US16038,16038,94826.0
860Z200US16040,16040,88313.0
860Z200US16041,16041,88528.0
860Z200US16045,16045,79729.0
860Z200US16046,16046,187816.0
860Z200US16048,16048,73174.0
860Z200US16049,16049,75599.0
860Z200US16050,16050,76176.0
860Z200US16051,16051,92497.0
860Z200US16052,16052,89741.0
860Z200US16053,16053,104524.0
860Z200US16054,16054,98678.0
860Z200US16055,16055,118813.0
860Z200US16056,16056,95946.0
860Z200US16057,16057,77813.0
860Z200US16059,16059,124163.0
860Z200US16061,16061,90396.0
860Z200US16063,16063,108323.0
860Z200US16066,16066,152796.0
860Z200US16101,16101,66955.0
860Z200US16102,16102,70844.0
860Z200US16105,16105,97754.0
860Z200US16110,16110,119923.0
860Z200US16111,16111,64907.0
860Z200US16112,16112,98211.0
860Z200US16113,16113,110994.0
860Z200US16114,16114,88124.0
860Z200US16115,16115,87686.0
860Z200US16116,16116,77436.0
860Z200US16117,16117,86087.0
860Z200US16120,16120,77288.0
860Z200US16121,16121,58948.0
860Z200US16123,16123,119837.0
860Z200US16124,16124,71050.0
860Z200US16125,16125,70875.0
860Z200US16127,16127,89854.0
860Z200US16130,16130,72549.0
860Z200US16131,16131,76892.0
860Z200US16132,16132,57995.0
860Z200US16133,16133,92074.0
860Z200US16134,16134,75678.0
860Z200US16136,16136,66848.0
860Z200US16137,16137,82615.0
860Z200US16140,16140,78793.0
860Z200US16141,16141,79315.0
860Z200US16142,16142,100121.0
860Z200US16143,16143,109652.0
860Z200US16145,16145,88415.0
860Z200US16146,16146,56776.0
860Z200US16148,16148,90853.0
860Z200US16150,16150,74978.0
860Z200US16151,16151,75296.0
860Z200US16153,16153,80220.0
860Z200US16154,16154,92322.0
860Z200US16155,16155,56782.0
860Z200US16156,16156,90222.0
860Z200US16157,16157,77437.0
860Z200US16159,16159,83550.0
860Z200US16160,16160,60093.0
860Z200US16161,16161,49777.0
860Z200US16172,16172,
860Z200US16201,16201,93119.0
860Z200US16210,16210,72035.0
860Z200US16211,16211,50029.0
860Z200US16212,16212,65344.0
860Z200US16213,16213,80607.0
860Z200US16214,16214,73122.0
860Z200US16217,16217,51836.0
860Z200US16218,16218,93738.0
860Z200US16220,16220,
860Z200US16222,16222,75303.0
860Z200US16223,16223,79697.0
860Z200US16224,16224,75692.0
860Z200US16226,16226,73906.0
860Z200US16228,16228,78125.0
860Z200US16229,16229,99677.0
860Z200US16230,16230,59480.0
860Z200US16232,16232,75747.0
860Z200US16233,16233,102962.0
860Z200US16235,16235,92457.0
860Z200US16236,16236,41615.0
860Z200US16238,16238,78414.0
860Z200US16239,16239,62488.0
860Z200US16240,16240,70984.0
860Z200US16242,16242,76430.0
860Z200US16244,16244,56572.0
860Z200US16245,16245,52525.0
860Z200US16246,16246,66895.0
860Z200US16248,16248,78842.0
860Z200US16249,16249,86598.0
860Z200US16250,16250,62755.0
860Z200US16253,16253,93697.0
860Z200US16254,16254,77572.0
860Z200US16255,16255,83103.0
860Z200US16256,16256,82433.0
860Z200US16258,16258,64462.0
860Z200US16259,16259,69956.0
860Z200US16260,16260,83857.0
860Z200US16262,16262,91554.0
860Z200US16263,16263,54697.0
860Z200US16301,16301,74191.0
860Z200US16311,16311,78501.0
860Z200US16312,16312,
860Z200US16313,16313,66314.0
860Z200US16314,16314,84267.0
860Z200US16316,16316,84399.0
860Z200US16317,16317,64129.0
860Z200US16319,16319,79643.0
860Z200US16321,16321,44833.0
860Z200US16322,16322,47984.0
860Z200US16323,16323,79735.0
860Z200US16326,16326,140004.0
860Z200US16327,16327,90181.0
860Z200US16328,16328,58958.0
860Z200US16329,16329,82120.0
860Z200US16331,16331,97618.0
860Z200US16332,16332,46438.0
860Z200US16333,16333,57923.0
860Z200US16334,16334,85368.0
860Z200US16335,16335,79192.0
860Z200US16340,16340,71832.0
860Z200US16341,16341,77127.0
860Z200US16342,16342,76357.0
860Z200US16343,16343,79925.0
860Z200US16344,16344,61493.0
860Z200US16345,16345,107407.0
860Z200US16346,16346,74013.0
860Z200US16347,16347,58821.0
860Z200US16350,16350,79162.0
860Z200US16351,16351,58877.0
860Z200US16352,16352,99612.0
860Z200US16353,16353,65866.0
860Z200US16354,16354,66489.0
860Z200US16360,16360,83260.0
860Z200US16361,16361,84547.0
860Z200US16362,16362,80000.0
860Z200US16364,16364,100495.0
860Z200US16365,16365,74895.0
860Z200US16370,16370,50668.0
860Z200US16371,16371,64705.0
860Z200US16372,16372,62700.0
860Z200US16373,16373,79352.0
860Z200US16374,16374,67188.0
860Z200US16401,16401,79916.0
860Z200US16402,16402,71503.0
860Z200US16403,16403,81327.0
860Z200US16404,16404,71355.0
860Z200US16405,16405,79617.0
860Z200US16406,16406,75967.0
860Z200US16407,16407,70477.0
860Z200US16410,16410,109282.0
860Z200US16411,16411,75508.0
860Z200US16412,16412,88436.0
860Z200US16415,16415,136697.0
860Z200US16416,16416,54269.0
860Z200US16417,16417,92090.0
860Z200US16420,16420,63988.0
860Z200US16421,16421,95390.0
860Z200US16422,16422,58126.0
860Z200US16423,16423,85771.0
860Z200US16424,16424,70140.0
860Z200US16426,16426,98582.0
860Z200US16427,16427,79472.0
860Z200US16428,16428,90288.0
860Z200US16430,16430,143298.0
860Z200US16433,16433,87872.0
860Z200US16434,16434,69255.0
860Z200US16435,16435,64550.0
860Z200US16436,16436,57956.0
860Z200US16438,16438,73636.0
860Z200US16440,16440,78162.0
860Z200US16441,16441,103596.0
860Z200US16442,16442,86693.0
860Z200US16443,16443,89192.0
860Z200US16444,16444,
860Z200US16475,16475,
860Z200US16501,16501,30117.0
860Z200US16502,16502,51410.0
860Z200US16503,16503,46364.0
860Z200US16504,16504,66997.0
860Z200US16505,16505,102077.0
860Z200US16506,16506,106280.0
860Z200US16507,16507,48761.0
860Z200US16508,16508,65239.0
860Z200US16509,16509,87202.0
860Z200US16510,16510,79861.0
860Z200US16511,16511,89107.0
860Z200US16546,16546,
860Z200US16550,16550,
860Z200US16563,16563,
860Z200US16601,16601,76627.0
860Z200US16602,16602,71185.0
860Z200US16611,16611,81784.0
860Z200US16613,16613,91800.0
860Z200US16616,16616,54686.0
860Z200US16617,16617,71730.0
860Z200US16619,16619,72633.0
860Z200US16620,16620,61207.0
860Z200US16621,16621,80853.0
860Z200US16622,16622,59443.0
860Z200US16623,16623,80511.0
860Z200US16624,16624,86530.0
860Z200US16625,16625,71073.0
860Z200US16627,16627,65914.0
860Z200US16630,16630,70095.0
860Z200US16631,16631,80591.0
860Z200US16633,16633,81038.0
860Z200US16634,16634,62652.0
860Z200US16635,16635,94189.0
860Z200US16636,16636,99012.0
860Z200US16637,16637,72279.0
860Z200US16638,16638,93854.0
860Z200US16639,16639,74431.0
860Z200US16640,16640,79203.0
860Z200US16641,16641,85638.0
860Z200US16645,16645,71698.0
860Z200US16646,16646,77741.0
860Z200US16647,16647,87095.0
860Z200US16648,16648,101456.0
860Z200US16650,16650,77262.0
860Z200US16651,16651,84744.0
860Z200US16652,16652,92252.0
860Z200US16654,16654,
860Z200US16655,16655,80287.0
860Z200US16656,16656,58354.0
860Z200US16657,16657,76128.0
860Z200US16659,16659,60078.0
860Z200US16661,16661,70772.0
860Z200US16662,16662,87610.0
860Z200US16664,16664,95205.0
860Z200US16665,16665,65143.0
860Z200US16666,16666,66086.0
860Z200US16667,16667,82922.0
860Z200US16668,16668,70939.0
860Z200US16669,16669,82256.0
860Z200US16670,16670,36255.0
860Z200US16671,16671,68109.0
860Z200US16672,16672,85069.0
860Z200US16673,16673,82025.0
860Z200US16674,16674,68324.0
860Z200US16675,16675,49370.0
860Z200US16677,16677,81659.0
860Z200US16678,16678,66431.0
860Z200US16679,16679,68647.0
860Z200US16680,16680,88461.0
860Z200US16682,16682,87010.0
860Z200US16683,16683,98179.0
860Z200US16684,16684,38905.0
860Z200US16685,16685,112400.0
860Z200US16686,16686,79194.0
860Z200US16689,16689,77757.0
860Z200US16691,16691,86415.0
860Z200US16692,16692,74226.0
860Z200US16693,16693,74225.0
860Z200US16694,16694,59490.0
860Z200US16695,16695,78982.0
860Z200US16699,16699,
860Z200US16701,16701,79538.0
860Z200US16720,16720,66489.0
860Z200US16724,16724,60496.0
860Z200US16725,16725,109751.0
860Z200US16726,16726,90643.0
860Z200US16727,16727,91359.0
860Z200US16729,16729,72909.0
860Z200US16730,16730,
860Z200US16731,16731,78767.0
860Z200US16732,16732,77116.0
860Z200US16733,16733,60146.0
860Z200US16734,16734,75185.0
860Z200US16735,16735,78904.0
860Z200US16738,16738,71694.0
860Z200US16740,16740,59328.0
860Z200US16743,16743,75847.0
860Z200US16744,16744,92023.0
860Z200US16745,16745,71925.0
860Z200US16746,16746,68173.0
860Z200US16748,16748,66675.0
860Z200US16749,16749,89955.0
860Z200US16750,16750,94130.0
860Z200US16801,16801,92733.0
860Z200US16802,16802,
860Z200US16803,16803,105226.0
860Z200US16820,16820,103382.0
860Z200US16821,16821,107340.0
860Z200US16822,16822,85958.0
860Z200US16823,16823,93720.0
860Z200US16825,16825,59594.0
860Z200US16826,16826,69752.0
860Z200US16827,16827,137851.0
860Z200US16828,16828,99110.0
860Z200US16829,16829,77603.0
860Z200US16830,16830,67744.0
860Z200US16832,16832,60439.0
860Z200US16833,16833,78463.0
860Z200US16834,16834,103257.0
860Z200US16835,16835,79837.0
860Z200US16836,16836,69669.0
860Z200US16837,16837,33654.0
860Z200US16838,16838,73034.0
860Z200US16839,16839,80899.0
860Z200US16840,16840,61713.0
860Z200US16841,16841,87597.0
860Z200US16843,16843,57403.0
860Z200US16844,16844,89623.0
860Z200US16845,16845,78688.0
860Z200US16847,16847,603975.0
860Z200US16848,16848,57896.0
860Z200US16849,16849,49795.0
860Z200US16851,16851,79641.0
860Z200US16852,16852,56427.0
860Z200US16853,16853,57882.0
860Z200US16854,16854,84487.0
860Z200US16855,16855,40638.0
860Z200US16856,16856,107497.0
860Z200US16858,16858,71990.0
860Z200US16859,16859,70221.0
860Z200US16860,16860,65902.0
860Z200US16861,16861,39677.0
860Z200US16863,16863,68132.0
860Z200US16864,16864,56153.0
860Z200US16865,16865,93284.0
860Z200US16866,16866,72627.0
860Z200US16868,16868,136602.0
860Z200US16870,16870,169501.0
860Z200US16871,16871,55967.0
860Z200US16872,16872,84385.0
860Z200US16874,16874,79332.0
860Z200US16875,16875,93307.0
860Z200US16876,16876,67682.0
860Z200US16877,16877,96221.0
860Z200US16878,16878,72920.0
860Z200US16879,16879,83478.0
860Z200US16881,16881,71835.0
860Z200US16882,16882,66601.0
860Z200US16901,16901,81427.0
860Z200US16910,16910,77707.0
860Z200US16911,16911,136958.0
860Z200US16912,16912,78863.0
860Z200US16914,16914,87691.0
860Z200US16915,16915,83912.0
860Z200US16917,16917,72754.0
860Z200US16920,16920,81895.0
860Z200US16921,16921,60818.0
860Z200US16922,16922,72306.0
860Z200US16923,16923,73205.0
860Z200US16925,16925,84220.0
860Z200US16926,16926,89220.0
860Z200US16927,16927,71928.0
860Z200US16928,16928,83919.0
860Z200US16929,16929,76998.0
860Z200US16930,16930,94799.0
860Z200US16932,16932,92984.0
860Z200US16933,16933,77654.0
860Z200US16935,16935,84718.0
860Z200US16936,16936,73969.0
860Z200US16937,16937,52793.0
860Z200US16938,16938,88779.0
860Z200US16939,16939,44906.0
860Z200US16940,16940,
860Z200US16941,16941,101938.0
860Z200US16942,16942,72685.0
860Z200US16943,16943,70833.0
860Z200US16946,16946,69161.0
860Z200US16947,16947,78680.0
860Z200US16948,16948,69864.0
860Z200US16950,16950,68013.0
860Z200US17002,17002,74196.0
860Z200US17003,17003,105119.0
860Z200US17004,17004,93309.0
860Z200US17005,17005,103760.0
860Z200US17006,17006,87715.0
860Z200US17007,17007,134232.0
860Z200US17009,17009,74960.0
860Z200US17010,17010,
860Z200US17011,17011,112215.0
860Z200US17013,17013,88313.0
860Z200US17014,17014,98472.0
860Z200US17015,17015,113897.0
860Z200US17016,17016,88751.0
860Z200US17017,17017,85163.0
860Z200US17018,17018,100268.0
860Z200US17019,17019,116644.0
860Z200US17020,17020,96150.0
860Z200US17021,17021,73135.0
860Z200US17022,17022,100698.0
860Z200US17023,17023,93722.0
860Z200US17024,17024,104417.0
860Z200US17025,17025,112850.0
860Z200US17026,17026,107632.0
860Z200US17027,17027,97449.0
860Z200US17028,17028,105606.0
860Z200US17029,17029,62632.0
860Z200US17030,17030,62186.0
860Z200US17032,17032,91968.0
860Z200US17033,17033,114884.0
860Z200US17034,17034,63079.0
860Z200US17035,17035,63275.0
860Z200US17036,17036,151307.0
860Z200US17037,17037,77516.0
860Z200US17038,17038,82261.0
860Z200US17039,17039,
860Z200US17040,17040,103103.0
860Z200US17041,17041,141384.0
860Z200US17042,17042,98795.0
860Z200US17043,17043,92370.0
860Z200US17044,17044,68205.0
860Z200US17045,17045,89879.0
860Z200US17046,17046,77454.0
860Z200US17047,17047,91907.0
860Z200US17048,17048,78208.0
860Z200US17049,17049,81672.0
860Z200US17050,17050,143102.0
860Z200US17051,17051,76120.0
860Z200US17052,17052,79123.0
860Z200US17053,17053,110048.0
860Z200US17054,17054,82596.0
860Z200US17055,17055,118364.0
860Z200US17056,17056,
860Z200US17057,17057,93709.0
860Z200US17058,17058,71732.0
860Z200US17059,17059,80132.0
860Z200US17060,17060,75596.0
860Z200US17061,17061,72597.0
860Z200US17062,17062,105568.0
860Z200US17063,17063,75354.0
860Z200US17064,17064,131276.0
860Z200US17065,17065,88511.0
860Z200US17066,17066,61034.0
860Z200US17067,17067,98015.0
860Z200US17068,17068,87629.0
860Z200US17069,17069,81142.0
860Z200US17070,17070,107148.0
860Z200US17071,17071,65711.0
860Z200US17073,17073,123522.0
860Z200US17074,17074,90092.0
860Z200US17075,17075,76637.0
860Z200US17076,17076,
860Z200US17077,17077,72256.0
860Z200US17078,17078,108223.0
860Z200US17080,17080,81972.0
860Z200US17081,17081,69975.0
860Z200US17082,17082,85662.0
860Z200US17084,17084,84528.0
860Z200US17086,17086,81251.0
860Z200US17087,17087,101152.0
860Z200US17088,17088,119140.0
860Z200US17090,17090,88637.0
860Z200US17093,17093,73368.0
860Z200US17094,17094,80773.0
860Z200US17097,17097,71035.0
860Z200US17098,17098,69732.0
860Z200US17099,17099,68209.0
860Z200US17101,17101,69426.0
860Z200US17102,17102,77209.0
860Z200US17103,17103,56320.0
860Z200US17104,17104,56241.0
860Z200US17109,17109,80295.0
860Z200US17110,17110,105573.0
860Z200US17111,17111,100254.0
860Z200US17112,17112,128425.0
860Z200US17113,17113,79613.0
860Z200US17120,17120,
860Z200US17201,17201,77377.0
860Z200US17202,17202,109041.0
860Z200US17210,17210,53505.0
860Z200US17211,17211,67424.0
860Z200US17212,17212,150676.0
860Z200US17213,17213,95895.0
860Z200US17214,17214,85639.0
860Z200US17215,17215,67960.0
860Z200US17217,17217,83712.0
860Z200US17219,17219,45710.0
860Z200US17220,17220,76068.0
860Z200US17221,17221,101437.0
860Z200US17222,17222,90604.0
860Z200US17223,17223,55086.0
860Z200US17224,17224,95480.0
860Z200US17225,17225,119496.0
860Z200US17228,17228,78722.0
860Z200US17229,17229,85161.0
860Z200US17232,17232,
860Z200US17233,17233,76271.0
860Z200US17235,17235,67739.0
860Z200US17236,17236,101756.0
860Z200US17237,17237,82953.0
860Z200US17238,17238,82478.0
860Z200US17239,17239,85752.0
860Z200US17240,17240,97644.0
860Z200US17241,17241,92447.0
860Z200US17243,17243,64577.0
860Z200US17244,17244,85026.0
860Z200US17246,17246,73501.0
860Z200US17247,17247,60546.0
860Z200US17249,17249,79350.0
860Z200US17250,17250,
860Z200US17251,17251,72589.0
860Z200US17252,17252,90918.0
860Z200US17253,17253,75642.0
860Z200US17254,17254,116315.0
860Z200US17255,17255,85212.0
860Z200US17257,17257,91126.0
860Z200US17260,17260,68811.0
860Z200US17261,17261,
860Z200US17262,17262,92954.0
860Z200US17263,17263,117222.0
860Z200US17264,17264,69393.0
860Z200US17265,17265,59061.0
860Z200US17266,17266,71596.0
860Z200US17267,17267,93944.0
860Z200US17268,17268,86126.0
860Z200US17271,17271,91315.0
860Z200US17301,17301,105561.0
860Z200US17302,17302,99733.0
860Z200US17303,17303,87618.0
860Z200US17304,17304,106922.0
860Z200US17306,17306,80710.0
860Z200US17307,17307,89289.0
860Z200US17309,17309,90686.0
860Z200US17311,17311,86693.0
860Z200US17313,17313,84744.0
860Z200US17314,17314,102191.0
860Z200US17315,17315,98444.0
860Z200US17316,17316,106345.0
860Z200US17317,17317,94788.0
860Z200US17318,17318,92536.0
860Z200US17319,17319,121241.0
860Z200US17320,17320,109523.0
860Z200US17321,17321,115736.0
860Z200US17322,17322,125164.0
860Z200US17323,17323,49207.0
860Z200US17324,17324,88310.0
860Z200US17325,17325,102887.0
860Z200US17327,17327,107230.0
860Z200US17329,17329,122693.0
860Z200US17331,17331,93908.0
860Z200US17339,17339,109722.0
860Z200US17340,17340,97975.0
860Z200US17342,17342,101377.0
860Z200US17343,17343,
860Z200US17344,17344,79593.0
860Z200US17345,17345,90813.0
860Z200US17347,17347,103184.0
860Z200US17349,17349,131263.0
860Z200US17350,17350,94654.0
860Z200US17352,17352,115259.0
860Z200US17353,17353,105980.0
860Z200US17355,17355,82582.0
860Z200US17356,17356,103221.0
860Z200US17360,17360,105610.0
860Z200US17361,17361,113690.0
860Z200US17362,17362,107594.0
860Z200US17363,17363,125234.0
860Z200US17364,17364,77458.0
860Z200US17365,17365,111113.0
860Z200US17366,17366,93471.0
860Z200US17368,17368,98851.0
860Z200US17370,17370,98427.0
860Z200US17371,17371,93844.0
860Z200US17372,17372,94899.0
860Z200US17401,17401,52061.0
860Z200US17402,17402,102087.0
860Z200US17403,17403,102331.0
860Z200US17404,17404,97079.0
860Z200US17406,17406,104613.0
860Z200US17407,17407,126764.0
860Z200US17408,17408,105263.0
860Z200US17501,17501,95582.0
860Z200US17502,17502,97230.0
860Z200US17504,17504,100059.0
860Z200US17505,17505,118374.0
860Z200US17506,17506,101408.0
860Z200US17507,17507,65211.0
860Z200US17508,17508,127133.0
860Z200US17509,17509,103987.0
860Z200US17512,17512,83501.0
860Z200US17516,17516,112179.0
860Z200US17517,17517,107859.0
860Z200US17518,17518,85227.0
860Z200US17519,17519,117973.0
860Z200US17520,17520,91530.0
860Z200US17522,17522,92758.0
860Z200US17527,17527,110980.0
860Z200US17529,17529,106282.0
860Z200US17532,17532,105493.0
860Z200US17534,17534,
860Z200US17535,17535,104236.0
860Z200US17536,17536,99575.0
860Z200US17538,17538,124145.0
860Z200US17540,17540,103184.0
860Z200US17543,17543,131834.0
860Z200US17545,17545,112484.0
860Z200US17547,17547,102063.0
860Z200US17550,17550,96668.0
860Z200US17551,17551,89764.0
860Z200US17552,17552,105604.0
860Z200US17554,17554,105932.0
860Z200US17555,17555,138065.0
860Z200US17557,17557,102354.0
860Z200US17560,17560,79417.0
860Z200US17562,17562,124701.0
860Z200US17563,17563,100718.0
860Z200US17565,17565,117111.0
860Z200US17566,17566,93587.0
860Z200US17568,17568,
860Z200US17569,17569,113792.0
860Z200US17570,17570,91921.0
860Z200US17572,17572,107526.0
860Z200US17576,17576,
860Z200US17578,17578,99057.0
860Z200US17579,17579,102503.0
860Z200US17581,17581,150710.0
860Z200US17582,17582,123139.0
860Z200US17584,17584,124730.0
860Z200US17601,17601,132960.0
860Z200US17602,17602,92527.0
860Z200US17603,17603,102483.0
860Z200US17606,17606,31513.0
860Z200US17701,17701,73048.0
860Z200US17702,17702,91741.0
860Z200US17720,17720,70673.0
860Z200US17721,17721,70872.0
860Z200US17723,17723,108372.0
860Z200US17724,17724,70043.0
860Z200US17727,17727,74609.0
860Z200US17728,17728,102115.0
860Z200US17729,17729,49789.0
860Z200US17730,17730,
860Z200US17731,17731,104882.0
860Z200US17737,17737,78002.0
860Z200US17739,17739,56569.0
860Z200US17740,17740,85495.0
860Z200US17742,17742,50395.0
860Z200US17744,17744,73041.0
860Z200US17745,17745,73707.0
860Z200US17747,17747,86821.0
860Z200US17748,17748,65376.0
860Z200US17749,17749,70604.0
860Z200US17750,17750,105842.0
860Z200US17751,17751,84487.0
860Z200US17752,17752,80847.0
860Z200US17754,17754,109062.0
860Z200US17756,17756,89801.0
860Z200US17758,17758,67049.0
860Z200US17760,17760,79938.0
860Z200US17762,17762,108072.0
860Z200US17763,17763,78785.0
860Z200US17764,17764,54434.0
860Z200US17765,17765,83168.0
860Z200US17768,17768,85731.0
860Z200US17769,17769,123313.0
860Z200US17771,17771,89103.0
860Z200US17772,17772,89486.0
860Z200US17774,17774,93082.0
860Z200US17776,17776,74537.0
860Z200US17777,17777,79160.0
860Z200US17778,17778,57368.0
860Z200US17779,17779,70002.0
860Z200US17801,17801,78734.0
860Z200US17810,17810,85038.0
860Z200US17812,17812,71670.0
860Z200US17813,17813,76702.0
860Z200US17814,17814,82759.0
860Z200US17815,17815,81627.0
860Z200US17820,17820,90348.0
860Z200US17821,17821,105330.0
860Z200US17822,17822,
860Z200US17823,17823,83095.0
860Z200US17824,17824,113496.0
860Z200US17827,17827,76593.0
860Z200US17829,17829,81716.0
860Z200US17830,17830,92578.0
860Z200US17832,17832,52688.0
860Z200US17834,17834,89002.0
860Z200US17835,17835,84197.0
860Z200US17836,17836,86526.0
860Z200US17837,17837,119089.0
860Z200US17840,17840,77623.0
860Z200US17841,17841,70630.0
860Z200US17842,17842,85151.0
860Z200US17844,17844,95536.0
860Z200US17845,17845,78873.0
860Z200US17846,17846,84801.0
860Z200US17847,17847,71854.0
860Z200US17850,17850,65747.0
860Z200US17851,17851,63655.0
860Z200US17853,17853,76614.0
860Z200US17855,17855,90434.0
860Z200US17856,17856,99136.0
860Z200US17857,17857,76823.0
860Z200US17858,17858,127676.0
860Z200US17859,17859,80695.0
860Z200US17860,17860,98674.0
860Z200US17861,17861,57200.0
860Z200US17862,17862,51745.0
860Z200US17864,17864,96352.0
860Z200US17865,17865,75238.0
860Z200US17866,17866,61248.0
860Z200US17867,17867,71599.0
860Z200US17868,17868,85889.0
860Z200US17870,17870,94380.0
860Z200US17872,17872,60123.0
860Z200US17876,17876,86223.0
860Z200US17878,17878,112414.0
860Z200US17880,17880,
860Z200US17881,17881,73321.0
860Z200US17884,17884,64862.0
860Z200US17885,17885,80973.0
860Z200US17886,17886,61579.0
860Z200US17887,17887,36059.0
860Z200US17888,17888,85149.0
860Z200US17889,17889,102694.0
860Z200US17901,17901,78680.0
860Z200US17920,17920,80775.0
860Z200US17921,17921,86638.0
860Z200US17922,17922,118322.0
860Z200US17923,17923,43609.0
860Z200US17925,17925,74483.0
860Z200US17929,17929,74561.0
860Z200US17930,17930,60946.0
860Z200US17931,17931,72163.0
860Z200US17933,17933,55188.0
860Z200US17934,17934,64463.0
860Z200US17935,17935,63748.0
860Z200US17936,17936,98531.0
860Z200US17938,17938,88591.0
860Z200US17941,17941,76890.0
860Z200US17943,17943,23928.0
860Z200US17944,17944,72579.0
860Z200US17945,17945,35772.0
860Z200US17946,17946,104893.0
860Z200US17948,17948,64819.0
860Z200US17949,17949,85559.0
860Z200US17951,17951,139427.0
860Z200US17952,17952,177917.0
860Z200US17953,17953,75731.0
860Z200US17954,17954,61350.0
860Z200US17957,17957,96233.0
860Z200US17959,17959,68828.0
860Z200US17960,17960,97766.0
860Z200US17961,17961,131633.0
860Z200US17963,17963,93027.0
860Z200US17964,17964,85283.0
860Z200US17965,17965,70820.0
860Z200US17967,17967,99140.0
860Z200US17968,17968,115017.0
860Z200US17970,17970,68146.0
860Z200US17972,17972,82821.0
860Z200US17974,17974,99657.0
860Z200US17976,17976,62357.0
860Z200US17978,17978,77841.0
860Z200US17979,17979,
860Z200US17980,17980,83977.0
860Z200US17981,17981,85900.0
860Z200US17982,17982,65550.0
860Z200US17983,17983,82937.0
860Z200US17985,17985,86494.0
860Z200US18011,18011,119231.0
860Z200US18012,18012,
860Z200US18013,18013,109681.0
860Z200US18014,18014,97004.0
860Z200US18015,18015,101458.0
860Z200US18017,18017,110798.0
860Z200US18018,18018,99137.0
860Z200US18020,18020,144011.0
860Z200US18030,18030,88061.0
860Z200US18031,18031,159138.0
860Z200US18032,18032,94544.0
860Z200US18034,18034,206382.0
860Z200US18035,18035,
860Z200US18036,18036,166086.0
860Z200US18037,18037,104323.0
860Z200US18038,18038,107816.0
860Z200US18040,18040,137580.0
860Z200US18041,18041,111545.0
860Z200US18042,18042,96847.0
860Z200US18045,18045,136026.0
860Z200US18046,18046,
860Z200US18049,18049,121780.0
860Z200US18051,18051,156042.0
860Z200US18052,18052,91459.0
860Z200US18053,18053,98590.0
860Z200US18054,18054,144125.0
860Z200US18055,18055,122725.0
860Z200US18056,18056,86670.0
860Z200US18058,18058,81454.0
860Z200US18059,18059,138813.0
860Z200US18062,18062,139406.0
860Z200US18063,18063,69287.0
860Z200US18064,18064,120352.0
860Z200US18065,18065,56520.0
860Z200US18066,18066,141914.0
860Z200US18067,18067,107919.0
860Z200US18069,18069,167646.0
860Z200US18070,18070,78919.0
860Z200US18071,18071,92516.0
860Z200US18072,18072,95523.0
860Z200US18073,18073,120449.0
860Z200US18074,18074,165224.0
860Z200US18076,18076,96376.0
860Z200US18077,18077,172189.0
860Z200US18078,18078,170433.0
860Z200US18079,18079,98870.0
860Z200US18080,18080,93137.0
860Z200US18081,18081,101527.0
860Z200US18083,18083,108180.0
860Z200US18085,18085,119688.0
860Z200US18086,18086,71037.0
860Z200US18087,18087,69170.0
860Z200US18088,18088,93649.0
860Z200US18091,18091,99573.0
860Z200US18092,18092,139718.0
860Z200US18101,18101,61320.0
860Z200US18102,18102,54444.0
860Z200US18103,18103,98658.0
860Z200US18104,18104,118777.0
860Z200US18106,18106,121163.0
860Z200US18109,18109,70643.0
860Z200US18195,18195,
860Z200US18201,18201,54649.0
860Z200US18202,18202,75167.0
860Z200US18210,18210,85016.0
860Z200US18211,18211,96333.0
860Z200US18212,18212,
860Z200US18214,18214,88395.0
860Z200US18216,18216,76931.0
860Z200US18218,18218,67724.0
860Z200US18219,18219,95347.0
860Z200US18220,18220,58866.0
860Z200US18221,18221,65807.0
860Z200US18222,18222,115714.0
860Z200US18223,18223,
860Z200US18224,18224,68405.0
860Z200US18225,18225,
860Z200US18229,18229,84615.0
860Z200US18230,18230,67702.0
860Z200US18231,18231,63988.0
860Z200US18232,18232,55463.0
860Z200US18234,18234,39006.0
860Z200US18235,18235,94063.0
860Z200US18237,18237,59337.0
860Z200US18239,18239,
860Z200US18240,18240,65622.0
860Z200US18241,18241,72063.0
860Z200US18242,18242,121218.0
860Z200US18244,18244,72947.0
860Z200US18245,18245,48233.0
860Z200US18246,18246,132424.0
860Z200US18248,18248,65127.0
860Z200US18249,18249,133230.0
860Z200US18250,18250,88338.0
860Z200US18252,18252,77194.0
860Z200US18254,18254,82238.0
860Z200US18255,18255,79746.0
860Z200US18256,18256,46461.0
860Z200US18301,18301,120991.0
860Z200US18302,18302,98625.0
860Z200US18321,18321,96112.0
860Z200US18322,18322,106274.0
860Z200US18323,18323,88153.0
860Z200US18324,18324,79253.0
860Z200US18325,18325,115132.0
860Z200US18326,18326,85198.0
860Z200US18327,18327,92011.0
860Z200US18328,18328,103927.0
860Z200US18330,18330,110466.0
860Z200US18331,18331,73731.0
860Z200US18332,18332,106945.0
860Z200US18333,18333,
860Z200US18334,18334,95353.0
860Z200US18335,18335,117556.0
860Z200US18336,18336,110244.0
860Z200US18337,18337,113190.0
860Z200US18340,18340,
860Z200US18342,18342,77444.0
860Z200US18343,18343,103777.0
860Z200US18344,18344,96516.0
860Z200US18346,18346,77392.0
860Z200US18347,18347,95808.0
860Z200US18349,18349,59105.0
860Z200US18350,18350,109721.0
860Z200US18351,18351,74467.0
860Z200US18353,18353,114744.0
860Z200US18354,18354,81734.0
860Z200US18355,18355,88064.0
860Z200US18356,18356,
860Z200US18357,18357,
860Z200US18360,18360,92253.0
860Z200US18370,18370,101323.0
860Z200US18371,18371,123642.0
860Z200US18372,18372,119626.0
860Z200US18403,18403,88797.0
860Z200US18405,18405,89208.0
860Z200US18407,18407,81049.0
860Z200US18411,18411,129310.0
860Z200US18413,18413,
860Z200US18414,18414,114825.0
860Z200US18415,18415,109253.0
860Z200US18417,18417,78022.0
860Z200US18419,18419,77657.0
860Z200US18420,18420,72172.0
860Z200US18421,18421,86690.0
860Z200US18424,18424,86241.0
860Z200US18425,18425,86789.0
860Z200US18426,18426,103373.0
860Z200US18428,18428,97417.0
860Z200US18430,18430,86990.0
860Z200US18431,18431,74092.0
860Z200US18433,18433,99906.0
860Z200US18434,18434,71792.0
860Z200US18435,18435,107380.0
860Z200US18436,18436,88891.0
860Z200US18437,18437,64149.0
860Z200US18438,18438,82557.0
860Z200US18439,18439,88318.0
860Z200US18440,18440,282158.0
860Z200US18441,18441,151699.0
860Z200US18443,18443,111483.0
860Z200US18444,18444,101893.0
860Z200US18445,18445,76058.0
860Z200US18446,18446,84574.0
860Z200US18447,18447,79138.0
860Z200US18451,18451,120600.0
860Z200US18452,18452,71019.0
860Z200US18453,18453,84096.0
860Z200US18454,18454,105579.0
860Z200US18455,18455,72464.0
860Z200US18456,18456,81098.0
860Z200US18457,18457,
860Z200US18458,18458,110325.0
860Z200US18460,18460,63294.0
860Z200US18461,18461,84239.0
860Z200US18462,18462,88687.0
860Z200US18463,18463,96237.0
860Z200US18464,18464,98230.0
860Z200US18465,18465,87191.0
860Z200US18466,18466,89604.0
860Z200US18469,18469,110858.0
860Z200US18470,18470,82078.0
860Z200US18471,18471,206986.0
860Z200US18472,18472,78345.0
860Z200US18473,18473,43175.0
860Z200US18503,18503,47346.0
860Z200US18504,18504,72617.0
860Z200US18505,18505,73559.0
860Z200US18507,18507,127895.0
860Z200US18508,18508,59011.0
860Z200US18509,18509,76891.0
860Z200US18510,18510,71082.0
860Z200US18512,18512,77258.0
860Z200US18517,18517,100593.0
860Z200US18518,18518,91250.0
860Z200US18519,18519,72112.0
860Z200US18602,18602,172025.0
860Z200US18603,18603,72290.0
860Z200US18610,18610,75250.0
860Z200US18612,18612,118577.0
860Z200US18614,18614,81599.0
860Z200US18615,18615,96372.0
860Z200US18616,18616,77418.0
860Z200US18617,18617,58003.0
860Z200US18618,18618,119726.0
860Z200US18619,18619,70766.0
860Z200US18621,18621,98353.0
860Z200US18622,18622,79945.0
860Z200US18623,18623,94003.0
860Z200US18624,18624,131779.0
860Z200US18625,18625,88048.0
860Z200US18626,18626,90190.0
860Z200US18627,18627,
860Z200US18628,18628,65627.0
860Z200US18629,18629,94715.0
860Z200US18630,18630,104095.0
860Z200US18631,18631,60260.0
860Z200US18632,18632,80805.0
860Z200US18634,18634,74201.0
860Z200US18635,18635,84578.0
860Z200US18636,18636,67193.0
860Z200US18640,18640,74151.0
860Z200US18641,18641,87306.0
860Z200US18642,18642,75642.0
860Z200US18643,18643,81118.0
860Z200US18644,18644,88125.0
860Z200US18651,18651,67368.0
860Z200US18655,18655,82390.0
860Z200US18656,18656,87980.0
860Z200US18657,18657,106557.0
860Z200US18660,18660,103098.0
860Z200US18661,18661,83279.0
860Z200US18701,18701,51324.0
860Z200US18702,18702,72069.0
860Z200US18704,18704,81614.0
860Z200US18705,18705,72936.0
860Z200US18706,18706,76197.0
860Z200US18707,18707,123466.0
860Z200US18708,18708,124602.0
860Z200US18709,18709,58324.0
860Z200US18801,18801,97750.0
860Z200US18810,18810,81280.0
860Z200US18812,18812,111081.0
860Z200US18814,18814,61837.0
860Z200US18816,18816,82958.0
860Z200US18817,18817,75596.0
860Z200US18818,18818,79462.0
860Z200US18820,18820,
860Z200US18821,18821,70317.0
860Z200US18822,18822,79542.0
860Z200US18823,18823,65560.0
860Z200US18824,18824,106209.0
860Z200US18825,18825,102549.0
860Z200US18826,18826,116093.0
860Z200US18828,18828,76554.0
860Z200US18829,18829,96333.0
860Z200US18830,18830,91411.0
860Z200US18831,18831,89999.0
860Z200US18832,18832,71958.0
860Z200US18833,18833,87538.0
860Z200US18834,18834,92791.0
860Z200US18837,18837,84195.0
860Z200US18840,18840,92738.0
860Z200US18842,18842,152104.0
860Z200US18843,18843,61732.0
860Z200US18844,18844,128185.0
860Z200US18845,18845,80111.0
860Z200US18846,18846,110680.0
860Z200US18847,18847,77009.0
860Z200US18848,18848,78617.0
860Z200US18850,18850,91973.0
860Z200US18851,18851,76508.0
860Z200US18853,18853,101573.0
860Z200US18854,18854,79398.0
860Z200US18901,18901,157258.0
860Z200US18902,18902,224026.0
860Z200US18912,18912,260311.0
860Z200US18913,18913,379769.0
860Z200US18914,18914,172452.0
860Z200US18915,18915,163289.0
860Z200US18917,18917,96103.0
860Z200US18920,18920,131117.0
860Z200US18921,18921,197621.0
860Z200US18923,18923,105403.0
860Z200US18925,18925,270843.0
860Z200US18927,18927,245749.0
860Z200US18929,18929,211904.0
860Z200US18930,18930,146529.0
860Z200US18932,18932,143174.0
860Z200US18933,18933,165490.0
860Z200US18935,18935,166341.0
860Z200US18936,18936,200612.0
860Z200US18938,18938,236146.0
860Z200US18940,18940,217404.0
860Z200US18942,18942,119955.0
860Z200US18944,18944,156113.0
860Z200US18946,18946,177620.0
860Z200US18947,18947,180150.0
860Z200US18950,18950,
860Z200US18951,18951,114601.0
860Z200US18954,18954,222103.0
860Z200US18955,18955,87985.0
860Z200US18960,18960,118573.0
860Z200US18962,18962,106107.0
860Z200US18964,18964,124806.0
860Z200US18966,18966,151847.0
860Z200US18969,18969,138205.0
860Z200US18970,18970,117195.0
860Z200US18972,18972,120727.0
860Z200US18974,18974,123675.0
860Z200US18976,18976,147548.0
860Z200US18977,18977,240234.0
860Z200US18980,18980,91886.0
860Z200US19001,19001,120373.0
860Z200US19002,19002,191327.0
860Z200US19003,19003,157761.0
860Z200US19004,19004,217722.0
860Z200US19006,19006,159741.0
860Z200US19007,19007,92378.0
860Z200US19008,19008,158748.0
860Z200US19009,19009,184642.0
860Z200US19010,19010,241076.0
860Z200US19012,19012,144838.0
860Z200US19013,19013,56521.0
860Z200US19014,19014,118525.0
860Z200US19015,19015,95670.0
860Z200US19017,19017,236204.0
860Z200US19018,19018,89900.0
860Z200US19020,19020,105907.0
860Z200US19021,19021,75814.0
860Z200US19022,19022,62064.0
860Z200US19023,19023,60369.0
860Z200US19025,19025,280475.0
860Z200US19026,19026,111854.0
860Z200US19027,19027,136486.0
860Z200US19029,19029,70079.0
860Z200US19030,19030,106764.0
860Z200US19031,19031,210525.0
860Z200US19032,19032,66156.0
860Z200US19033,19033,110690.0
860Z200US19034,19034,199863.0
860Z200US19035,19035,479917.0
860Z200US19036,19036,97994.0
860Z200US19038,19038,146429.0
860Z200US19040,19040,130088.0
860Z200US19041,19041,255426.0
860Z200US19043,19043,112018.0
860Z200US19044,19044,123582.0
860Z200US19046,19046,173376.0
860Z200US19047,19047,136870.0
860Z200US19050,19050,82532.0
860Z200US19052,19052,125344.0
860Z200US19053,19053,130268.0
860Z200US19054,19054,120835.0
860Z200US19055,19055,100789.0
860Z200US19056,19056,117977.0
860Z200US19057,19057,106884.0
860Z200US19060,19060,210397.0
860Z200US19061,19061,95391.0
860Z200US19063,19063,172345.0
860Z200US19064,19064,152659.0
860Z200US19066,19066,329168.0
860Z200US19067,19067,168666.0
860Z200US19070,19070,101885.0
860Z200US19072,19072,276313.0
860Z200US19073,19073,194622.0
860Z200US19074,19074,98901.0
860Z200US19075,19075,152933.0
860Z200US19076,19076,99502.0
860Z200US19078,19078,111003.0
860Z200US19079,19079,72232.0
860Z200US19081,19081,162329.0
860Z200US19082,19082,75111.0
860Z200US19083,19083,152799.0
860Z200US19085,19085,469409.0
860Z200US19086,19086,186065.0
860Z200US19087,19087,240469.0
860Z200US19090,19090,120625.0
860Z200US19094,19094,86495.0
860Z200US19095,19095,129678.0
860Z200US19096,19096,270198.0
860Z200US19102,19102,170695.0
860Z200US19103,19103,159256.0
860Z200US19104,19104,59711.0
860Z200US19106,19106,181636.0
860Z200US19107,19107,105409.0
860Z200US19108,19108,193991.0
860Z200US19109,19109,
860Z200US19111,19111,81007.0
860Z200US19112,19112,
860Z200US19113,19113,
860Z200US19114,19114,91445.0
860Z200US19115,19115,107350.0
860Z200US19116,19116,88964.0
860Z200US19118,19118,179009.0
860Z200US19119,19119,120703.0
860Z200US19120,19120,66886.0
860Z200US19121,19121,59625.0
860Z200US19122,19122,86993.0
860Z200US19123,19123,128512.0
860Z200US19124,19124,67449.0
860Z200US19125,19125,126134.0
860Z200US19126,19126,73661.0
860Z200US19127,19127,134281.0
860Z200US19128,19128,113378.0
860Z200US19129,19129,112131.0
860Z200US19130,19130,148330.0
860Z200US19131,19131,62502.0
860Z200US19132,19132,52530.0
860Z200US19133,19133,47703.0
860Z200US19134,19134,56659.0
860Z200US19135,19135,72681.0
860Z200US19136,19136,81943.0
860Z200US19137,19137,83631.0
860Z200US19138,19138,65880.0
860Z200US19139,19139,60707.0
860Z200US19140,19140,51112.0
860Z200US19141,19141,55773.0
860Z200US19142,19142,54242.0
860Z200US19143,19143,70202.0
860Z200US19144,19144,67573.0
860Z200US19145,19145,87268.0
860Z200US19146,19146,142992.0
860Z200US19147,19147,158798.0
860Z200US19148,19148,95813.0
860Z200US19149,19149,70864.0
860Z200US19150,19150,75276.0
860Z200US19151,19151,74357.0
860Z200US19152,19152,84884.0
860Z200US19153,19153,61834.0
860Z200US19154,19154,103061.0
860Z200US19301,19301,205224.0
860Z200US19310,19310,125519.0
860Z200US19311,19311,188546.0
860Z200US19312,19312,256987.0
860Z200US19316,19316,
860Z200US19317,19317,221971.0
860Z200US19319,19319,193741.0
860Z200US19320,19320,115961.0
860Z200US19330,19330,136872.0
860Z200US19333,19333,231024.0
860Z200US19335,19335,168982.0
860Z200US19341,19341,152291.0
860Z200US19342,19342,177026.0
860Z200US19343,19343,187097.0
860Z200US19344,19344,109833.0
860Z200US19345,19345,
860Z200US19348,19348,170870.0
860Z200US19350,19350,189878.0
860Z200US19352,19352,194378.0
860Z200US19355,19355,212822.0
860Z200US19358,19358,72740.0
860Z200US19362,19362,108352.0
860Z200US19363,19363,121119.0
860Z200US19365,19365,112545.0
860Z200US19367,19367,49226.0
860Z200US19369,19369,74387.0
860Z200US19372,19372,122854.0
860Z200US19373,19373,246453.0
860Z200US19374,19374,70173.0
860Z200US19375,19375,249766.0
860Z200US19380,19380,158097.0
860Z200US19382,19382,169808.0
860Z200US19383,19383,27510.0
860Z200US19390,19390,156390.0
860Z200US19401,19401,81776.0
860Z200US19403,19403,130394.0
860Z200US19405,19405,97181.0
860Z200US19406,19406,131087.0
860Z200US19422,19422,205252.0
860Z200US19425,19425,248221.0
860Z200US19426,19426,189281.0
860Z200US19428,19428,142597.0
860Z200US19435,19435,111141.0
860Z200US19436,19436,154117.0
860Z200US19437,19437,226011.0
860Z200US19438,19438,173265.0
860Z200US19440,19440,126789.0
860Z200US19442,19442,
860Z200US19444,19444,188264.0
860Z200US19446,19446,139723.0
860Z200US19453,19453,128711.0
860Z200US19454,19454,155941.0
860Z200US19456,19456,376986.0
860Z200US19457,19457,
860Z200US19460,19460,158100.0
860Z200US19462,19462,152827.0
860Z200US19464,19464,94868.0
860Z200US19465,19465,141927.0
860Z200US19468,19468,132959.0
860Z200US19472,19472,104555.0
860Z200US19473,19473,166570.0
860Z200US19474,19474,131818.0
860Z200US19475,19475,139976.0
860Z200US19477,19477,
860Z200US19490,19490,291850.0
860Z200US19492,19492,88042.0
860Z200US19501,19501,106252.0
860Z200US19503,19503,90157.0
860Z200US19504,19504,134894.0
860Z200US19505,19505,97801.0
860Z200US19506,19506,121474.0
860Z200US19507,19507,111593.0
860Z200US19508,19508,98672.0
860Z200US19510,19510,121358.0
860Z200US19511,19511,75728.0
860Z200US19512,19512,107537.0
860Z200US19516,19516,85376.0
860Z200US19518,19518,131486.0
860Z200US19520,19520,123871.0
860Z200US19522,19522,111488.0
860Z200US19523,19523,
860Z200US19525,19525,155226.0
860Z200US19526,19526,95552.0
860Z200US19529,19529,116986.0
860Z200US19530,19530,91606.0
860Z200US19533,19533,109120.0
860Z200US19534,19534,90834.0
860Z200US19535,19535,
860Z200US19536,19536,61927.0
860Z200US19538,19538,96783.0
860Z200US19539,19539,125423.0
860Z200US19540,19540,130679.0
860Z200US19541,19541,123340.0
860Z200US19543,19543,132616.0
860Z200US19544,19544,106652.0
860Z200US19545,19545,85103.0
860Z200US19547,19547,113957.0
860Z200US19549,19549,73976.0
860Z200US19550,19550,63826.0
860Z200US19551,19551,108172.0
860Z200US19554,19554,98528.0
860Z200US19555,19555,91793.0
860Z200US19559,19559,94234.0
860Z200US19560,19560,88824.0
860Z200US19562,19562,84060.0
860Z200US19564,19564,93206.0
860Z200US19565,19565,115262.0
860Z200US19567,19567,96786.0
860Z200US19601,19601,56290.0
860Z200US19602,19602,51880.0
860Z200US19604,19604,66899.0
860Z200US19605,19605,105994.0
860Z200US19606,19606,102097.0
860Z200US19607,19607,97597.0
860Z200US19608,19608,140416.0
860Z200US19609,19609,93619.0
860Z200US19610,19610,140043.0
860Z200US19611,19611,84589.0
860Z200US19701,19701,122450.0
860Z200US19702,19702,110273.0
860Z200US19703,19703,96283.0
860Z200US19706,19706,83705.0
860Z200US19707,19707,202874.0
860Z200US19709,19709,156112.0
860Z200US19710,19710,
860Z200US19711,19711,123885.0
860Z200US19713,19713,94527.0
860Z200US19716,19716,
860Z200US19717,19717,
860Z200US19720,19720,95433.0
860Z200US19730,19730,104345.0
860Z200US19731,19731,78829.0
860Z200US19732,19732,376715.0
860Z200US19733,19733,66727.0
860Z200US19734,19734,138875.0
860Z200US19735,19735,
860Z200US19736,19736,
860Z200US19801,19801,65262.0
860Z200US19802,19802,79673.0
860Z200US19803,19803,188726.0
860Z200US19804,19804,105668.0
860Z200US19805,19805,75024.0
860Z200US19806,19806,133470.0
860Z200US19807,19807,247162.0
860Z200US19808,19808,114172.0
860Z200US19809,19809,106780.0
860Z200US19810,19810,139491.0
860Z200US19901,19901,81968.0
860Z200US19902,19902,
860Z200US19904,19904,83554.0
860Z200US19930,19930,190431.0
860Z200US19931,19931,92071.0
860Z200US19933,19933,80253.0
860Z200US19934,19934,98516.0
860Z200US19936,19936,73549.0
860Z200US19938,19938,104712.0
860Z200US19939,19939,106170.0
860Z200US19940,19940,80161.0
860Z200US19941,19941,78942.0
860Z200US19943,19943,92874.0
860Z200US19944,19944,181878.0
860Z200US19945,19945,129461.0
860Z200US19946,19946,90502.0
860Z200US19947,19947,85229.0
860Z200US19950,19950,92688.0
860Z200US19951,19951,102866.0
860Z200US19952,19952,89962.0
860Z200US19953,19953,79865.0
860Z200US19954,19954,82667.0
860Z200US19955,19955,56431.0
860Z200US19956,19956,76419.0
860Z200US19958,19958,127631.0
860Z200US19960,19960,84262.0
860Z200US19962,19962,108852.0
860Z200US19963,19963,86075.0
860Z200US19964,19964,107080.0
860Z200US19966,19966,95256.0
860Z200US19967,19967,111340.0
860Z200US19968,19968,101547.0
860Z200US19970,19970,107383.0
860Z200US19971,19971,147564.0
860Z200US19973,19973,82134.0
860Z200US19975,19975,122119.0
860Z200US19977,19977,96923.0
860Z200US19979,19979,96554.0
860Z200US19980,19980,81914.0
860Z200US20001,20001,172036.0
860Z200US20002,20002,157893.0
860Z200US20003,20003,197448.0
860Z200US20004,20004,224938.0
860Z200US20005,20005,163429.0
860Z200US20006,20006,61389.0
860Z200US20007,20007,230195.0
860Z200US20008,20008,192632.0
860Z200US20009,20009,191222.0
860Z200US20010,20010,163965.0
860Z200US20011,20011,146900.0
860Z200US20012,20012,167165.0
860Z200US20015,20015,326511.0
860Z200US20016,20016,270996.0
860Z200US20017,20017,135639.0
860Z200US20018,20018,127182.0
860Z200US20019,20019,84376.0
860Z200US20020,20020,75484.0
860Z200US20024,20024,135631.0
860Z200US20032,20032,77933.0
860Z200US20036,20036,150194.0
860Z200US20037,20037,146249.0
860Z200US20045,20045,
860Z200US20052,20052,
860Z200US20057,20057,
860Z200US20059,20059,
860Z200US20064,20064,
860Z200US20105,20105,226161.0
860Z200US20106,20106,124774.0
860Z200US20109,20109,101920.0
860Z200US20110,20110,141672.0
860Z200US20111,20111,140195.0
860Z200US20112,20112,209556.0
860Z200US20115,20115,170062.0
860Z200US20117,20117,235221.0
860Z200US20119,20119,166354.0
860Z200US20120,20120,180331.0
860Z200US20121,20121,153361.0
860Z200US20124,20124,277680.0
860Z200US20129,20129,521968.0
860Z200US20130,20130,124875.0
860Z200US20132,20132,216026.0
860Z200US20135,20135,170829.0
860Z200US20136,20136,194822.0
860Z200US20137,20137,208381.0
860Z200US20141,20141,212402.0
860Z200US20143,20143,216743.0
860Z200US20144,20144,213379.0
860Z200US20147,20147,191475.0
860Z200US20148,20148,252983.0
860Z200US20151,20151,181765.0
860Z200US20152,20152,222751.0
860Z200US20155,20155,172741.0
860Z200US20158,20158,233634.0
860Z200US20164,20164,154280.0
860Z200US20165,20165,223290.0
860Z200US20166,20166,152754.0
860Z200US20169,20169,222004.0
860Z200US20170,20170,185971.0
860Z200US20171,20171,204762.0
860Z200US20175,20175,209426.0
860Z200US20176,20176,209508.0
860Z200US20180,20180,190354.0
860Z200US20181,20181,181351.0
860Z200US20184,20184,50275.0
860Z200US20186,20186,130158.0
860Z200US20187,20187,191906.0
860Z200US20190,20190,161183.0
860Z200US20191,20191,171887.0
860Z200US20194,20194,215235.0
860Z200US20197,20197,237764.0
860Z200US20198,20198,156188.0
860Z200US20204,20204,
860Z200US20220,20220,
860Z200US20230,20230,
860Z200US20240,20240,
860Z200US20245,20245,
860Z200US20250,20250,
860Z200US20260,20260,
860Z200US20317,20317,
860Z200US20319,20319,
860Z200US20373,20373,
860Z200US20388,20388,
860Z200US20390,20390,
860Z200US20408,20408,
860Z200US20415,20415,
860Z200US20418,20418,
860Z200US20422,20422,
860Z200US20427,20427,
860Z200US20431,20431,
860Z200US20510,20510,
860Z200US20515,20515,
860Z200US20520,20520,
860Z200US20530,20530,
860Z200US20535,20535,
860Z200US20540,20540,
860Z200US20542,20542,
860Z200US20551,20551,
860Z200US20560,20560,
860Z200US20565,20565,
860Z200US20566,20566,
860Z200US20591,20591,
860Z200US20601,20601,130605.0
860Z200US20602,20602,118788.0
860Z200US20603,20603,162963.0
860Z200US20606,20606,119550.0
860Z200US20607,20607,163065.0
860Z200US20608,20608,91759.0
860Z200US20609,20609,155025.0
860Z200US20611,20611,146538.0
860Z200US20612,20612,37617.0
860Z200US20613,20613,171188.0
860Z200US20615,20615,215221.0
860Z200US20616,20616,137052.0
860Z200US20617,20617,195030.0
860Z200US20618,20618,130922.0
860Z200US20619,20619,134738.0
860Z200US20620,20620,149134.0
860Z200US20621,20621,119082.0
860Z200US20622,20622,148676.0
860Z200US20623,20623,166335.0
860Z200US20624,20624,121722.0
860Z200US20625,20625,136217.0
860Z200US20626,20626,55479.0
860Z200US20628,20628,133428.0
860Z200US20629,20629,125597.0
860Z200US20630,20630,184585.0
860Z200US20632,20632,221472.0
860Z200US20634,20634,160383.0
860Z200US20636,20636,180531.0
860Z200US20637,20637,172909.0
860Z200US20639,20639,169852.0
860Z200US20640,20640,117828.0
860Z200US20645,20645,224395.0
860Z200US20646,20646,148055.0
860Z200US20650,20650,157668.0
860Z200US20653,20653,115341.0
860Z200US20656,20656,
860Z200US20657,20657,142611.0
860Z200US20658,20658,109590.0
860Z200US20659,20659,140710.0
860Z200US20660,20660,
860Z200US20661,20661,
860Z200US20662,20662,98154.0
860Z200US20664,20664,115704.0
860Z200US20667,20667,
860Z200US20670,20670,86340.0
860Z200US20674,20674,135479.0
860Z200US20675,20675,133756.0
860Z200US20676,20676,149764.0
860Z200US20677,20677,159483.0
860Z200US20678,20678,135636.0
860Z200US20680,20680,91168.0
860Z200US20684,20684,173730.0
860Z200US20685,20685,154440.0
860Z200US20686,20686,
860Z200US20687,20687,139113.0
860Z200US20688,20688,99928.0
860Z200US20689,20689,187980.0
860Z200US20690,20690,156047.0
860Z200US20692,20692,137557.0
860Z200US20693,20693,152730.0
860Z200US20695,20695,142821.0
860Z200US20701,20701,87328.0
860Z200US20705,20705,118492.0
860Z200US20706,20706,119000.0
860Z200US20707,20707,124656.0
860Z200US20708,20708,102691.0
860Z200US20710,20710,73435.0
860Z200US20711,20711,171365.0
860Z200US20712,20712,83352.0
860Z200US20714,20714,110607.0
860Z200US20715,20715,155967.0
860Z200US20716,20716,138810.0
860Z200US20720,20720,190418.0
860Z200US20721,20721,193035.0
860Z200US20722,20722,102196.0
860Z200US20723,20723,170415.0
860Z200US20724,20724,121302.0
860Z200US20732,20732,146120.0
860Z200US20733,20733,162300.0
860Z200US20735,20735,142019.0
860Z200US20736,20736,179250.0
860Z200US20737,20737,106474.0
860Z200US20740,20740,97676.0
860Z200US20742,20742,
860Z200US20743,20743,94093.0
860Z200US20744,20744,143525.0
860Z200US20745,20745,97531.0
860Z200US20746,20746,91046.0
860Z200US20747,20747,89595.0
860Z200US20748,20748,96054.0
860Z200US20751,20751,150794.0
860Z200US20754,20754,210727.0
860Z200US20755,20755,121080.0
860Z200US20758,20758,176866.0
860Z200US20759,20759,318216.0
860Z200US20762,20762,115919.0
860Z200US20763,20763,134882.0
860Z200US20764,20764,137830.0
860Z200US20765,20765,145824.0
860Z200US20769,20769,197202.0
860Z200US20770,20770,105537.0
860Z200US20771,20771,
860Z200US20772,20772,159520.0
860Z200US20774,20774,146905.0
860Z200US20776,20776,163722.0
860Z200US20777,20777,259957.0
860Z200US20778,20778,183806.0
860Z200US20779,20779,153838.0
860Z200US20781,20781,127671.0
860Z200US20782,20782,114755.0
860Z200US20783,20783,103262.0
860Z200US20784,20784,112761.0
860Z200US20785,20785,95722.0
860Z200US20794,20794,129959.0
860Z200US20812,20812,266043.0
860Z200US20814,20814,230170.0
860Z200US20815,20815,306178.0
860Z200US20816,20816,325133.0
860Z200US20817,20817,332667.0
860Z200US20818,20818,385842.0
860Z200US20832,20832,200500.0
860Z200US20833,20833,201418.0
860Z200US20837,20837,199330.0
860Z200US20838,20838,298910.0
860Z200US20839,20839,127945.0
860Z200US20841,20841,227385.0
860Z200US20842,20842,191456.0
860Z200US20850,20850,155663.0
860Z200US20851,20851,136104.0
860Z200US20852,20852,159864.0
860Z200US20853,20853,177202.0
860Z200US20854,20854,325765.0
860Z200US20855,20855,179704.0
860Z200US20860,20860,253874.0
860Z200US20861,20861,239231.0
860Z200US20862,20862,228114.0
860Z200US20866,20866,149627.0
860Z200US20868,20868,135526.0
860Z200US20871,20871,184322.0
860Z200US20872,20872,156536.0
860Z200US20874,20874,138588.0
860Z200US20876,20876,131734.0
860Z200US20877,20877,113123.0
860Z200US20878,20878,184914.0
860Z200US20879,20879,133465.0
860Z200US20880,20880,167921.0
860Z200US20882,20882,231751.0
860Z200US20886,20886,122981.0
860Z200US20889,20889,
860Z200US20892,20892,
860Z200US20894,20894,
860Z200US20895,20895,218513.0
860Z200US20896,20896,290857.0
860Z200US20899,20899,23745.0
860Z200US20901,20901,158869.0
860Z200US20902,20902,140530.0
860Z200US20903,20903,99545.0
860Z200US20904,20904,126273.0
860Z200US20905,20905,175077.0
860Z200US20906,20906,116867.0
860Z200US20910,20910,138977.0
860Z200US20912,20912,127885.0
860Z200US21001,21001,98707.0
860Z200US21005,21005,143566.0
860Z200US21009,21009,132116.0
860Z200US21010,21010,102196.0
860Z200US21012,21012,166745.0
860Z200US21013,21013,212852.0
860Z200US21014,21014,132236.0
860Z200US21015,21015,156850.0
860Z200US21017,21017,111191.0
860Z200US21023,21023,95884.0
860Z200US21028,21028,168746.0
860Z200US21029,21029,301435.0
860Z200US21030,21030,138053.0
860Z200US21031,21031,
860Z200US21032,21032,219563.0
860Z200US21034,21034,103166.0
860Z200US21035,21035,218042.0
860Z200US21036,21036,221217.0
860Z200US21037,21037,173936.0
860Z200US21040,21040,93759.0
860Z200US21042,21042,222319.0
860Z200US21043,21043,175759.0
860Z200US21044,21044,162073.0
860Z200US21045,21045,138275.0
860Z200US21046,21046,153413.0
860Z200US21047,21047,181206.0
860Z200US21048,21048,151104.0
860Z200US21050,21050,146710.0
860Z200US21051,21051,215302.0
860Z200US21052,21052,120904.0
860Z200US21053,21053,137452.0
860Z200US21054,21054,181832.0
860Z200US21056,21056,409408.0
860Z200US21057,21057,180433.0
860Z200US21060,21060,120009.0
860Z200US21061,21061,97376.0
860Z200US21071,21071,160258.0
860Z200US21074,21074,124746.0
860Z200US21075,21075,149789.0
860Z200US21076,21076,165278.0
860Z200US21077,21077,115970.0
860Z200US21078,21078,133017.0
860Z200US21082,21082,190413.0
860Z200US21084,21084,153195.0
860Z200US21085,21085,131402.0
860Z200US21087,21087,159799.0
860Z200US21090,21090,135488.0
860Z200US21093,21093,162540.0
860Z200US21102,21102,137427.0
860Z200US21104,21104,215484.0
860Z200US21105,21105,
860Z200US21108,21108,171619.0
860Z200US21111,21111,168830.0
860Z200US21113,21113,142375.0
860Z200US21114,21114,168588.0
860Z200US21117,21117,127162.0
860Z200US21120,21120,216470.0
860Z200US21122,21122,149291.0
860Z200US21128,21128,148110.0
860Z200US21130,21130,46335.0
860Z200US21131,21131,225123.0
860Z200US21132,21132,184622.0
860Z200US21133,21133,103251.0
860Z200US21136,21136,138457.0
860Z200US21140,21140,211896.0
860Z200US21144,21144,160347.0
860Z200US21146,21146,210141.0
860Z200US21152,21152,171230.0
860Z200US21153,21153,368642.0
860Z200US21154,21154,128504.0
860Z200US21155,21155,162145.0
860Z200US21156,21156,172448.0
860Z200US21157,21157,124881.0
860Z200US21158,21158,134634.0
860Z200US21160,21160,126310.0
860Z200US21161,21161,147229.0
860Z200US21162,21162,186119.0
860Z200US21163,21163,184793.0
860Z200US21201,21201,63924.0
860Z200US21202,21202,81984.0
860Z200US21204,21204,153328.0
860Z200US21205,21205,54487.0
860Z200US21206,21206,81649.0
860Z200US21207,21207,85087.0
860Z200US21208,21208,125459.0
860Z200US21209,21209,134942.0
860Z200US21210,21210,181751.0
860Z200US21211,21211,104933.0
860Z200US21212,21212,154737.0
860Z200US21213,21213,64391.0
860Z200US21214,21214,98988.0
860Z200US21215,21215,71054.0
860Z200US21216,21216,58998.0
860Z200US21217,21217,62538.0
860Z200US21218,21218,89470.0
860Z200US21219,21219,163831.0
860Z200US21220,21220,104691.0
860Z200US21221,21221,92516.0
860Z200US21222,21222,77557.0
860Z200US21223,21223,57450.0
860Z200US21224,21224,118028.0
860Z200US21225,21225,69585.0
860Z200US21226,21226,96769.0
860Z200US21227,21227,100783.0
860Z200US21228,21228,131152.0
860Z200US21229,21229,72559.0
860Z200US21230,21230,130269.0
860Z200US21231,21231,115505.0
860Z200US21233,21233,
860Z200US21234,21234,105680.0
860Z200US21236,21236,112607.0
860Z200US21237,21237,105256.0
860Z200US21239,21239,91636.0
860Z200US21240,21240,
860Z200US21244,21244,99744.0
860Z200US21250,21250,
860Z200US21251,21251,
860Z200US21252,21252,
860Z200US21285,21285,
860Z200US21286,21286,123412.0
860Z200US21287,21287,
860Z200US21401,21401,170044.0
860Z200US21402,21402,105519.0
860Z200US21403,21403,170748.0
860Z200US21405,21405,182531.0
860Z200US21409,21409,188735.0
860Z200US21502,21502,74469.0
860Z200US21520,21520,115742.0
860Z200US21521,21521,78163.0
860Z200US21523,21523,58518.0
860Z200US21524,21524,74347.0
860Z200US21529,21529,51526.0
860Z200US21530,21530,74409.0
860Z200US21531,21531,68765.0
860Z200US21532,21532,76786.0
860Z200US21536,21536,94041.0
860Z200US21538,21538,86346.0
860Z200US21539,21539,61985.0
860Z200US21540,21540,70814.0
860Z200US21541,21541,113405.0
860Z200US21542,21542,43578.0
860Z200US21543,21543,81498.0
860Z200US21545,21545,76476.0
860Z200US21550,21550,94839.0
860Z200US21555,21555,59857.0
860Z200US21557,21557,54325.0
860Z200US21560,21560,
860Z200US21561,21561,118168.0
860Z200US21562,21562,69760.0
860Z200US21601,21601,116550.0
860Z200US21607,21607,102529.0
860Z200US21610,21610,86867.0
860Z200US21612,21612,162557.0
860Z200US21613,21613,78259.0
860Z200US21617,21617,132558.0
860Z200US21619,21619,148308.0
860Z200US21620,21620,100773.0
860Z200US21622,21622,110073.0
860Z200US21623,21623,104128.0
860Z200US21624,21624,113206.0
860Z200US21625,21625,118186.0
860Z200US21626,21626,138139.0
860Z200US21627,21627,86900.0
860Z200US21628,21628,97987.0
860Z200US21629,21629,93421.0
860Z200US21631,21631,96118.0
860Z200US21632,21632,80816.0
860Z200US21634,21634,76610.0
860Z200US21635,21635,109197.0
860Z200US21636,21636,68983.0
860Z200US21638,21638,161995.0
860Z200US21639,21639,82996.0
860Z200US21640,21640,71426.0
860Z200US21641,21641,62213.0
860Z200US21643,21643,70202.0
860Z200US21644,21644,
860Z200US21645,21645,119004.0
860Z200US21647,21647,125237.0
860Z200US21648,21648,114643.0
860Z200US21649,21649,74281.0
860Z200US21650,21650,107272.0
860Z200US21651,21651,84163.0
860Z200US21652,21652,150916.0
860Z200US21653,21653,124488.0
860Z200US21654,21654,124985.0
860Z200US21655,21655,108998.0
860Z200US21657,21657,109396.0
860Z200US21658,21658,155906.0
860Z200US21659,21659,81806.0
860Z200US21660,21660,89527.0
860Z200US21661,21661,101280.0
860Z200US21662,21662,204267.0
860Z200US21663,21663,137580.0
860Z200US21664,21664,77999.0
860Z200US21665,21665,192230.0
860Z200US21666,21666,157127.0
860Z200US21667,21667,95069.0
860Z200US21668,21668,104494.0
860Z200US21669,21669,111810.0
860Z200US21671,21671,104532.0
860Z200US21672,21672,104186.0
860Z200US21673,21673,114523.0
860Z200US21675,21675,317600.0
860Z200US21676,21676,116975.0
860Z200US21677,21677,109620.0
860Z200US21678,21678,94740.0
860Z200US21679,21679,147718.0
860Z200US21701,21701,130652.0
860Z200US21702,21702,126994.0
860Z200US21703,21703,121211.0
860Z200US21704,21704,189545.0
860Z200US21705,21705,
860Z200US21710,21710,185455.0
860Z200US21711,21711,100484.0
860Z200US21713,21713,117976.0
860Z200US21714,21714,243753.0
860Z200US21715,21715,
860Z200US21716,21716,127046.0
860Z200US21717,21717,147878.0
860Z200US21718,21718,123306.0
860Z200US21719,21719,99808.0
860Z200US21722,21722,112112.0
860Z200US21723,21723,214583.0
860Z200US21727,21727,106810.0
860Z200US21733,21733,112670.0
860Z200US21734,21734,69429.0
860Z200US21737,21737,351477.0
860Z200US21738,21738,267248.0
860Z200US21740,21740,80453.0
860Z200US21742,21742,102124.0
860Z200US21746,21746,
860Z200US21750,21750,86537.0
860Z200US21754,21754,216021.0
860Z200US21755,21755,159277.0
860Z200US21756,21756,123870.0
860Z200US21757,21757,116896.0
860Z200US21758,21758,132517.0
860Z200US21762,21762,
860Z200US21766,21766,55809.0
860Z200US21767,21767,50479.0
860Z200US21769,21769,179797.0
860Z200US21770,21770,204111.0
860Z200US21771,21771,169758.0
860Z200US21773,21773,166023.0
860Z200US21774,21774,176642.0
860Z200US21776,21776,130592.0
860Z200US21777,21777,164920.0
860Z200US21778,21778,128455.0
860Z200US21779,21779,112238.0
860Z200US21780,21780,92810.0
860Z200US21781,21781,
860Z200US21782,21782,115724.0
860Z200US21783,21783,117802.0
860Z200US21784,21784,163136.0
860Z200US21787,21787,105562.0
860Z200US21788,21788,124057.0
860Z200US21790,21790,
860Z200US21791,21791,107981.0
860Z200US21793,21793,145439.0
860Z200US21794,21794,295815.0
860Z200US21795,21795,108011.0
860Z200US21797,21797,210018.0
860Z200US21798,21798,145444.0
860Z200US21801,21801,102007.0
860Z200US21804,21804,89814.0
860Z200US21810,21810,122861.0
860Z200US21811,21811,117369.0
860Z200US21813,21813,130700.0
860Z200US21814,21814,50996.0
860Z200US21817,21817,67635.0
860Z200US21821,21821,60082.0
860Z200US21822,21822,79861.0
860Z200US21824,21824,87954.0
860Z200US21826,21826,77565.0
860Z200US21829,21829,119966.0
860Z200US21830,21830,128293.0
860Z200US21835,21835,60454.0
860Z200US21837,21837,83411.0
860Z200US21838,21838,106102.0
860Z200US21840,21840,174918.0
860Z200US21841,21841,104263.0
860Z200US21842,21842,137943.0
860Z200US21849,21849,116503.0
860Z200US21850,21850,97881.0
860Z200US21851,21851,76442.0
860Z200US21853,21853,65365.0
860Z200US21856,21856,82644.0
860Z200US21861,21861,100088.0
860Z200US21862,21862,
860Z200US21863,21863,87500.0
860Z200US21864,21864,96817.0
860Z200US21865,21865,79308.0
860Z200US21866,21866,68046.0
860Z200US21867,21867,
860Z200US21869,21869,82440.0
860Z200US21871,21871,69813.0
860Z200US21872,21872,99390.0
860Z200US21874,21874,76367.0
860Z200US21875,21875,91111.0
860Z200US21890,21890,
860Z200US21901,21901,132776.0
860Z200US21902,21902,
860Z200US21903,21903,89951.0
860Z200US21904,21904,105293.0
860Z200US21911,21911,104073.0
860Z200US21912,21912,137959.0
860Z200US21913,21913,92993.0
860Z200US21914,21914,83728.0
860Z200US21915,21915,127006.0
860Z200US21917,21917,119414.0
860Z200US21918,21918,105371.0
860Z200US21919,21919,113277.0
860Z200US21920,21920,114520.0
860Z200US21921,21921,105345.0
860Z200US21930,21930,
860Z200US22003,22003,166469.0
860Z200US22015,22015,186703.0
860Z200US22025,22025,162873.0
860Z200US22026,22026,143599.0
860Z200US22027,22027,337083.0
860Z200US22030,22030,165618.0
860Z200US22031,22031,167762.0
860Z200US22032,22032,201891.0
860Z200US22033,22033,165152.0
860Z200US22035,22035,
860Z200US22039,22039,291375.0
860Z200US22041,22041,125247.0
860Z200US22042,22042,172254.0
860Z200US22043,22043,191398.0
860Z200US22044,22044,134850.0
860Z200US22046,22046,215881.0
860Z200US22060,22060,130767.0
860Z200US22066,22066,374149.0
860Z200US22079,22079,171064.0
860Z200US22101,22101,359152.0
860Z200US22102,22102,232162.0
860Z200US22124,22124,294526.0
860Z200US22125,22125,186715.0
860Z200US22134,22134,83286.0
860Z200US22150,22150,140362.0
860Z200US22151,22151,175624.0
860Z200US22152,22152,176240.0
860Z200US22153,22153,196824.0
860Z200US22172,22172,133674.0
860Z200US22180,22180,233203.0
860Z200US22181,22181,255937.0
860Z200US22182,22182,257818.0
860Z200US22191,22191,137218.0
860Z200US22192,22192,146991.0
860Z200US22193,22193,147786.0
860Z200US22201,22201,181304.0
860Z200US22202,22202,163708.0
860Z200US22203,22203,162096.0
860Z200US22204,22204,142633.0
860Z200US22205,22205,248497.0
860Z200US22206,22206,161944.0
860Z200US22207,22207,315736.0
860Z200US22209,22209,152219.0
860Z200US22211,22211,215432.0
860Z200US22213,22213,231400.0
860Z200US22214,22214,
860Z200US22301,22301,230890.0
860Z200US22302,22302,179538.0
860Z200US22303,22303,130669.0
860Z200US22304,22304,132900.0
860Z200US22305,22305,149413.0
860Z200US22306,22306,124495.0
860Z200US22307,22307,190519.0
860Z200US22308,22308,252154.0
860Z200US22309,22309,141381.0
860Z200US22310,22310,185036.0
860Z200US22311,22311,116719.0
860Z200US22312,22312,132738.0
860Z200US22314,22314,192030.0
860Z200US22315,22315,190138.0
860Z200US22401,22401,117363.0
860Z200US22405,22405,157650.0
860Z200US22406,22406,147738.0
860Z200US22407,22407,123181.0
860Z200US22408,22408,126132.0
860Z200US22427,22427,85483.0
860Z200US22432,22432,64380.0
860Z200US22433,22433,76129.0
860Z200US22435,22435,79401.0
860Z200US22436,22436,99526.0
860Z200US22437,22437,107719.0
860Z200US22438,22438,106118.0
860Z200US22443,22443,80829.0
860Z200US22448,22448,108895.0
860Z200US22454,22454,60870.0
860Z200US22460,22460,73488.0
860Z200US22469,22469,113465.0
860Z200US22472,22472,
860Z200US22473,22473,100792.0
860Z200US22476,22476,57806.0
860Z200US22480,22480,143776.0
860Z200US22482,22482,92829.0
860Z200US22485,22485,126550.0
860Z200US22488,22488,59766.0
860Z200US22503,22503,89771.0
860Z200US22504,22504,71326.0
860Z200US22508,22508,140265.0
860Z200US22509,22509,44084.0
860Z200US22511,22511,99359.0
860Z200US22514,22514,82251.0
860Z200US22520,22520,88967.0
860Z200US22529,22529,95162.0
860Z200US22534,22534,111748.0
860Z200US22535,22535,129646.0
860Z200US22538,22538,83863.0
860Z200US22539,22539,102472.0
860Z200US22542,22542,105616.0
860Z200US22546,22546,102786.0
860Z200US22548,22548,
860Z200US22551,22551,143564.0
860Z200US22553,22553,152400.0
860Z200US22554,22554,164703.0
860Z200US22556,22556,152050.0
860Z200US22560,22560,78257.0
860Z200US22567,22567,112422.0
860Z200US22572,22572,76998.0
860Z200US22576,22576,105652.0
860Z200US22578,22578,125801.0
860Z200US22580,22580,108425.0
860Z200US22601,22601,86763.0
860Z200US22602,22602,126234.0
860Z200US22603,22603,106852.0
860Z200US22610,22610,98096.0
860Z200US22611,22611,137421.0
860Z200US22620,22620,141232.0
860Z200US22623,22623,91538.0
860Z200US22624,22624,111814.0
860Z200US22625,22625,108947.0
860Z200US22627,22627,250420.0
860Z200US22630,22630,103489.0
860Z200US22637,22637,95379.0
860Z200US22639,22639,182957.0
860Z200US22640,22640,124214.0
860Z200US22641,22641,87984.0
860Z200US22642,22642,119890.0
860Z200US22643,22643,77113.0
860Z200US22644,22644,88586.0
860Z200US22645,22645,107022.0
860Z200US22646,22646,
860Z200US22650,22650,78869.0
860Z200US22652,22652,106229.0
860Z200US22654,22654,92087.0
860Z200US22655,22655,118490.0
860Z200US22656,22656,139715.0
860Z200US22657,22657,82316.0
860Z200US22660,22660,112193.0
860Z200US22663,22663,99348.0
860Z200US22664,22664,88872.0
860Z200US22701,22701,113477.0
860Z200US22709,22709,125179.0
860Z200US22711,22711,75947.0
860Z200US22712,22712,120624.0
860Z200US22713,22713,116151.0
860Z200US22714,22714,104605.0
860Z200US22715,22715,113342.0
860Z200US22716,22716,164876.0
860Z200US22718,22718,86955.0
860Z200US22719,22719,97337.0
860Z200US22720,22720,193491.0
860Z200US22722,22722,131188.0
860Z200US22723,22723,121540.0
860Z200US22724,22724,152203.0
860Z200US22725,22725,
860Z200US22726,22726,117199.0
860Z200US22727,22727,96085.0
860Z200US22728,22728,141857.0
860Z200US22729,22729,85344.0
860Z200US22730,22730,155419.0
860Z200US22731,22731,76997.0
860Z200US22732,22732,137888.0
860Z200US22733,22733,130974.0
860Z200US22734,22734,107087.0
860Z200US22735,22735,81390.0
860Z200US22736,22736,74405.0
860Z200US22737,22737,130906.0
860Z200US22738,22738,90352.0
860Z200US22740,22740,104189.0
860Z200US22741,22741,129010.0
860Z200US22742,22742,132452.0
860Z200US22743,22743,41278.0
860Z200US22746,22746,135038.0
860Z200US22747,22747,132720.0
860Z200US22749,22749,153352.0
860Z200US22801,22801,95049.0
860Z200US22802,22802,82681.0
860Z200US22807,22807,
860Z200US22810,22810,83147.0
860Z200US22811,22811,70679.0
860Z200US22812,22812,104035.0
860Z200US22815,22815,87646.0
860Z200US22820,22820,67969.0
860Z200US22821,22821,96577.0
860Z200US22824,22824,93817.0
860Z200US22827,22827,85233.0
860Z200US22830,22830,76479.0
860Z200US22831,22831,64983.0
860Z200US22832,22832,97262.0
860Z200US22834,22834,110058.0
860Z200US22835,22835,73218.0
860Z200US22840,22840,140588.0
860Z200US22841,22841,115658.0
860Z200US22842,22842,82253.0
860Z200US22843,22843,120175.0
860Z200US22844,22844,76541.0
860Z200US22845,22845,
860Z200US22846,22846,121699.0
860Z200US22847,22847,85286.0
860Z200US22849,22849,76282.0
860Z200US22850,22850,107464.0
860Z200US22851,22851,67159.0
860Z200US22853,22853,72928.0
860Z200US22901,22901,132366.0
860Z200US22902,22902,120609.0
860Z200US22903,22903,115526.0
860Z200US22904,22904,
860Z200US22908,22908,
860Z200US22911,22911,143055.0
860Z200US22920,22920,136295.0
860Z200US22922,22922,79882.0
860Z200US22923,22923,113216.0
860Z200US22931,22931,131416.0
860Z200US22932,22932,162164.0
860Z200US22935,22935,162500.0
860Z200US22936,22936,169061.0
860Z200US22937,22937,95499.0
860Z200US22938,22938,121153.0
860Z200US22939,22939,93706.0
860Z200US22940,22940,139630.0
860Z200US22942,22942,111390.0
860Z200US22943,22943,175671.0
860Z200US22946,22946,104129.0
860Z200US22947,22947,190161.0
860Z200US22948,22948,48883.0
860Z200US22949,22949,83687.0
860Z200US22952,22952,82137.0
860Z200US22957,22957,
860Z200US22958,22958,128993.0
860Z200US22959,22959,136871.0
860Z200US22960,22960,98599.0
860Z200US22963,22963,122818.0
860Z200US22964,22964,121895.0
860Z200US22967,22967,80195.0
860Z200US22968,22968,119803.0
860Z200US22969,22969,102914.0
860Z200US22971,22971,113420.0
860Z200US22972,22972,192320.0
860Z200US22973,22973,85775.0
860Z200US22974,22974,142317.0
860Z200US22976,22976,39003.0
860Z200US22980,22980,84633.0
860Z200US22989,22989,
860Z200US23002,23002,79759.0
860Z200US23004,23004,86018.0
860Z200US23005,23005,120132.0
860Z200US23009,23009,102568.0
860Z200US23011,23011,139001.0
860Z200US23015,23015,127501.0
860Z200US23021,23021,
860Z200US23022,23022,50441.0
860Z200US23023,23023,65493.0
860Z200US23024,23024,122833.0
860Z200US23025,23025,78354.0
860Z200US23027,23027,134012.0
860Z200US23030,23030,92227.0
860Z200US23032,23032,90144.0
860Z200US23035,23035,87945.0
860Z200US23038,23038,155873.0
860Z200US23039,23039,174675.0
860Z200US23040,23040,67039.0
860Z200US23043,23043,81777.0
860Z200US23045,23045,65965.0
860Z200US23047,23047,153908.0
860Z200US23050,23050,63734.0
860Z200US23055,23055,66247.0
860Z200US23056,23056,127046.0
860Z200US23059,23059,198094.0
860Z200US23060,23060,128690.0
860Z200US23061,23061,112205.0
860Z200US23062,23062,71115.0
860Z200US23063,23063,129381.0
860Z200US23065,23065,79855.0
860Z200US23066,23066,89020.0
860Z200US23068,23068,93511.0
860Z200US23069,23069,105797.0
860Z200US23070,23070,108997.0
860Z200US23071,23071,121217.0
860Z200US23072,23072,92971.0
860Z200US23075,23075,60348.0
860Z200US23076,23076,146211.0
860Z200US23079,23079,76923.0
860Z200US23081,23081,
860Z200US23083,23083,86444.0
860Z200US23084,23084,76352.0
860Z200US23085,23085,93133.0
860Z200US23086,23086,94702.0
860Z200US23089,23089,124381.0
860Z200US23091,23091,81393.0
860Z200US23092,23092,99010.0
860Z200US23093,23093,96993.0
860Z200US23102,23102,159468.0
860Z200US23103,23103,219530.0
860Z200US23106,23106,89427.0
860Z200US23108,23108,124335.0
860Z200US23109,23109,111807.0
860Z200US23110,23110,89862.0
860Z200US23111,23111,119314.0
860Z200US23112,23112,141481.0
860Z200US23113,23113,214151.0
860Z200US23114,23114,136838.0
860Z200US23116,23116,163268.0
860Z200US23117,23117,109132.0
860Z200US23119,23119,95197.0
860Z200US23120,23120,191325.0
860Z200US23123,23123,67943.0
860Z200US23124,23124,143831.0
860Z200US23126,23126,108919.0
860Z200US23128,23128,107721.0
860Z200US23129,23129,150533.0
860Z200US23130,23130,60374.0
860Z200US23138,23138,113491.0
860Z200US23139,23139,129154.0
860Z200US23140,23140,120465.0
860Z200US23141,23141,133910.0
860Z200US23146,23146,151509.0
860Z200US23147,23147,
860Z200US23148,23148,89091.0
860Z200US23149,23149,105658.0
860Z200US23150,23150,88819.0
860Z200US23153,23153,143713.0
860Z200US23156,23156,79359.0
860Z200US23160,23160,
860Z200US23161,23161,83386.0
860Z200US23163,23163,45444.0
860Z200US23168,23168,137391.0
860Z200US23169,23169,79243.0
860Z200US23173,23173,
860Z200US23175,23175,72865.0
860Z200US23176,23176,78666.0
860Z200US23177,23177,81850.0
860Z200US23180,23180,77478.0
860Z200US23181,23181,102438.0
860Z200US23185,23185,133760.0
860Z200US23188,23188,121666.0
860Z200US23192,23192,121878.0
860Z200US23219,23219,78156.0
860Z200US23220,23220,101734.0
860Z200US23221,23221,157682.0
860Z200US23222,23222,78242.0
860Z200US23223,23223,75359.0
860Z200US23224,23224,60378.0
860Z200US23225,23225,85220.0
860Z200US23226,23226,188228.0
860Z200US23227,23227,100375.0
860Z200US23228,23228,87295.0
860Z200US23229,23229,163959.0
860Z200US23230,23230,90060.0
860Z200US23231,23231,93193.0
860Z200US23233,23233,159004.0
860Z200US23234,23234,79420.0
860Z200US23235,23235,107834.0
860Z200US23236,23236,122399.0
860Z200US23237,23237,89274.0
860Z200US23238,23238,142513.0
860Z200US23250,23250,
860Z200US23284,23284,26364.0
860Z200US23294,23294,90165.0
860Z200US23298,23298,
860Z200US23301,23301,54981.0
860Z200US23302,23302,
860Z200US23303,23303,144347.0
860Z200US23304,23304,
860Z200US23306,23306,73256.0
860Z200US23307,23307,54529.0
860Z200US23308,23308,76269.0
860Z200US23310,23310,85579.0
860Z200US23314,23314,132993.0
860Z200US23315,23315,84771.0
860Z200US23316,23316,77685.0
860Z200US23320,23320,103819.0
860Z200US23321,23321,122550.0
860Z200US23322,23322,155261.0
860Z200US23323,23323,117139.0
860Z200US23324,23324,73144.0
860Z200US23325,23325,89839.0
860Z200US23336,23336,82952.0
860Z200US23337,23337,95669.0
860Z200US23347,23347,114223.0
860Z200US23350,23350,76048.0
860Z200US23354,23354,154385.0
860Z200US23356,23356,97195.0
860Z200US23357,23357,87188.0
860Z200US23358,23358,70972.0
860Z200US23359,23359,63600.0
860Z200US23389,23389,
860Z200US23395,23395,51908.0
860Z200US23398,23398,
860Z200US23401,23401,30953.0
860Z200US23405,23405,93636.0
860Z200US23407,23407,72775.0
860Z200US23408,23408,
860Z200US23409,23409,72781.0
860Z200US23410,23410,80100.0
860Z200US23413,23413,75913.0
860Z200US23414,23414,
860Z200US23415,23415,52342.0
860Z200US23416,23416,26673.0
860Z200US23417,23417,97187.0
860Z200US23418,23418,75938.0
860Z200US23420,23420,61723.0
860Z200US23421,23421,76491.0
860Z200US23422,23422,102521.0
860Z200US23423,23423,96237.0
860Z200US23426,23426,
860Z200US23427,23427,58285.0
860Z200US23430,23430,127034.0
860Z200US23432,23432,145758.0
860Z200US23433,23433,217525.0
860Z200US23434,23434,96916.0
860Z200US23435,23435,137845.0
860Z200US23436,23436,251431.0
860Z200US23437,23437,94139.0
860Z200US23438,23438,124141.0
860Z200US23440,23440,50937.0
860Z200US23441,23441,
860Z200US23442,23442,67594.0
860Z200US23451,23451,145534.0
860Z200US23452,23452,115935.0
860Z200US23453,23453,104569.0
860Z200US23454,23454,123311.0
860Z200US23455,23455,111849.0
860Z200US23456,23456,154281.0
860Z200US23457,23457,127021.0
860Z200US23459,23459,
860Z200US23460,23460,
860Z200US23461,23461,
860Z200US23462,23462,87170.0
860Z200US23464,23464,109428.0
860Z200US23480,23480,55426.0
860Z200US23486,23486,96005.0
860Z200US23487,23487,88812.0
860Z200US23488,23488,
860Z200US23502,23502,82058.0
860Z200US23503,23503,83145.0
860Z200US23504,23504,59430.0
860Z200US23505,23505,84353.0
860Z200US23507,23507,139975.0
860Z200US23508,23508,108030.0
860Z200US23509,23509,97191.0
860Z200US23510,23510,100535.0
860Z200US23511,23511,92304.0
860Z200US23513,23513,79193.0
860Z200US23517,23517,82818.0
860Z200US23518,23518,106018.0
860Z200US23523,23523,54913.0
860Z200US23551,23551,
860Z200US23601,23601,91662.0
860Z200US23602,23602,109471.0
860Z200US23603,23603,93301.0
860Z200US23604,23604,82946.0
860Z200US23605,23605,59499.0
860Z200US23606,23606,94151.0
860Z200US23607,23607,54004.0
860Z200US23608,23608,81617.0
860Z200US23651,23651,118646.0
860Z200US23661,23661,88276.0
860Z200US23662,23662,135303.0
860Z200US23663,23663,74163.0
860Z200US23664,23664,106371.0
860Z200US23665,23665,82213.0
860Z200US23666,23666,84554.0
860Z200US23667,23667,
860Z200US23668,23668,
860Z200US23669,23669,87174.0
860Z200US23681,23681,
860Z200US23690,23690,144830.0
860Z200US23691,23691,
860Z200US23692,23692,129784.0
860Z200US23693,23693,144915.0
860Z200US23696,23696,155149.0
860Z200US23701,23701,80799.0
860Z200US23702,23702,58346.0
860Z200US23703,23703,97612.0
860Z200US23704,23704,65979.0
860Z200US23707,23707,70188.0
860Z200US23708,23708,
860Z200US23709,23709,
860Z200US23801,23801,91108.0
860Z200US23803,23803,70998.0
860Z200US23805,23805,82570.0
860Z200US23821,23821,63481.0
860Z200US23824,23824,68999.0
860Z200US23827,23827,65333.0
860Z200US23828,23828,100124.0
860Z200US23829,23829,109628.0
860Z200US23830,23830,117805.0
860Z200US23831,23831,107081.0
860Z200US23832,23832,119186.0
860Z200US23833,23833,110188.0
860Z200US23834,23834,97428.0
860Z200US23836,23836,121495.0
860Z200US23837,23837,77668.0
860Z200US23838,23838,160268.0
860Z200US23839,23839,92233.0
860Z200US23840,23840,82170.0
860Z200US23841,23841,91044.0
860Z200US23842,23842,104253.0
860Z200US23843,23843,65847.0
860Z200US23844,23844,42056.0
860Z200US23845,23845,115493.0
860Z200US23846,23846,114011.0
860Z200US23847,23847,69967.0
860Z200US23850,23850,80712.0
860Z200US23851,23851,84886.0
860Z200US23856,23856,63131.0
860Z200US23857,23857,99731.0
860Z200US23860,23860,72486.0
860Z200US23866,23866,76456.0
860Z200US23867,23867,74915.0
860Z200US23868,23868,59388.0
860Z200US23870,23870,
860Z200US23872,23872,123036.0
860Z200US23874,23874,60879.0
860Z200US23875,23875,96795.0
860Z200US23876,23876,98826.0
860Z200US23878,23878,91279.0
860Z200US23879,23879,90750.0
860Z200US23881,23881,94363.0
860Z200US23882,23882,69730.0
860Z200US23883,23883,87961.0
860Z200US23884,23884,
860Z200US23885,23885,126762.0
860Z200US23887,23887,53986.0
860Z200US23888,23888,89222.0
860Z200US23889,23889,42798.0
860Z200US23890,23890,96344.0
860Z200US23891,23891,
860Z200US23893,23893,86793.0
860Z200US23894,23894,80222.0
860Z200US23897,23897,76173.0
860Z200US23898,23898,98217.0
860Z200US23899,23899,71552.0
860Z200US23901,23901,75826.0
860Z200US23909,23909,
860Z200US23915,23915,69605.0
860Z200US23917,23917,91923.0
860Z200US23919,23919,93811.0
860Z200US23920,23920,91330.0
860Z200US23921,23921,96170.0
860Z200US23922,23922,99613.0
860Z200US23923,23923,59103.0
860Z200US23924,23924,56382.0
860Z200US23927,23927,86073.0
860Z200US23930,23930,70533.0
860Z200US23934,23934,109492.0
860Z200US23936,23936,69371.0
860Z200US23937,23937,45489.0
860Z200US23938,23938,86254.0
860Z200US23942,23942,108839.0
860Z200US23943,23943,
860Z200US23944,23944,64533.0
860Z200US23947,23947,68159.0
860Z200US23950,23950,60494.0
860Z200US23952,23952,
860Z200US23954,23954,73007.0
860Z200US23955,23955,
860Z200US23958,23958,60361.0
860Z200US23959,23959,83429.0
860Z200US23960,23960,92845.0
860Z200US23962,23962,59657.0
860Z200US23963,23963,59432.0
860Z200US23964,23964,75470.0
860Z200US23966,23966,68126.0
860Z200US23967,23967,113002.0
860Z200US23968,23968,57103.0
860Z200US23970,23970,78776.0
860Z200US23974,23974,54114.0
860Z200US23976,23976,31283.0
860Z200US24011,24011,77830.0
860Z200US24012,24012,66172.0
860Z200US24013,24013,62145.0
860Z200US24014,24014,121837.0
860Z200US24015,24015,94233.0
860Z200US24016,24016,63603.0
860Z200US24017,24017,58051.0
860Z200US24018,24018,123725.0
860Z200US24019,24019,91903.0
860Z200US24020,24020,
860Z200US24022,24022,
860Z200US24053,24053,78293.0
860Z200US24054,24054,68739.0
860Z200US24055,24055,60080.0
860Z200US24058,24058,70675.0
860Z200US24059,24059,83759.0
860Z200US24060,24060,96834.0
860Z200US24061,24061,
860Z200US24064,24064,93965.0
860Z200US24065,24065,84670.0
860Z200US24066,24066,72950.0
860Z200US24067,24067,72816.0
860Z200US24069,24069,69902.0
860Z200US24070,24070,98570.0
860Z200US24072,24072,99929.0
860Z200US24073,24073,91675.0
860Z200US24076,24076,61832.0
860Z200US24077,24077,185532.0
860Z200US24078,24078,64594.0
860Z200US24079,24079,100932.0
860Z200US24082,24082,88886.0
860Z200US24083,24083,130024.0
860Z200US24084,24084,76489.0
860Z200US24085,24085,70137.0
860Z200US24086,24086,120939.0
860Z200US24087,24087,73967.0
860Z200US24088,24088,62275.0
860Z200US24089,24089,57065.0
860Z200US24090,24090,108606.0
860Z200US24091,24091,74394.0
860Z200US24092,24092,83745.0
860Z200US24093,24093,54266.0
860Z200US24095,24095,101415.0
860Z200US24101,24101,95577.0
860Z200US24102,24102,116064.0
860Z200US24104,24104,98944.0
860Z200US24105,24105,94057.0
860Z200US24112,24112,68052.0
860Z200US24120,24120,71441.0
860Z200US24121,24121,120070.0
860Z200US24122,24122,69997.0
860Z200US24124,24124,73290.0
860Z200US24127,24127,76877.0
860Z200US24128,24128,98031.0
860Z200US24129,24129,
860Z200US24131,24131,
860Z200US24132,24132,86146.0
860Z200US24133,24133,62188.0
860Z200US24134,24134,71249.0
860Z200US24136,24136,79579.0
860Z200US24137,24137,86855.0
860Z200US24138,24138,76019.0
860Z200US24139,24139,48564.0
860Z200US24141,24141,79317.0
860Z200US24142,24142,
860Z200US24147,24147,76901.0
860Z200US24148,24148,69686.0
860Z200US24149,24149,80445.0
860Z200US24150,24150,98918.0
860Z200US24151,24151,80803.0
860Z200US24153,24153,97449.0
860Z200US24161,24161,81708.0
860Z200US24162,24162,86833.0
860Z200US24165,24165,74607.0
860Z200US24167,24167,62329.0
860Z200US24168,24168,51551.0
860Z200US24171,24171,80944.0
860Z200US24174,24174,70379.0
860Z200US24175,24175,96769.0
860Z200US24176,24176,143972.0
860Z200US24179,24179,94288.0
860Z200US24184,24184,86310.0
860Z200US24185,24185,59583.0
860Z200US24201,24201,62630.0
860Z200US24202,24202,76340.0
860Z200US24210,24210,94879.0
860Z200US24211,24211,103395.0
860Z200US24216,24216,42196.0
860Z200US24217,24217,46309.0
860Z200US24219,24219,68059.0
860Z200US24220,24220,58905.0
860Z200US24221,24221,76873.0
860Z200US24224,24224,61795.0
860Z200US24225,24225,50727.0
860Z200US24226,24226,62816.0
860Z200US24228,24228,62692.0
860Z200US24230,24230,63535.0
860Z200US24236,24236,54884.0
860Z200US24237,24237,44362.0
860Z200US24239,24239,
860Z200US24243,24243,65817.0
860Z200US24244,24244,51352.0
860Z200US24245,24245,51031.0
860Z200US24246,24246,
860Z200US24248,24248,69589.0
860Z200US24250,24250,56519.0
860Z200US24251,24251,69185.0
860Z200US24256,24256,57582.0
860Z200US24258,24258,54991.0
860Z200US24260,24260,57591.0
860Z200US24263,24263,59887.0
860Z200US24265,24265,68485.0
860Z200US24266,24266,72413.0
860Z200US24269,24269,40111.0
860Z200US24270,24270,60919.0
860Z200US24271,24271,64743.0
860Z200US24272,24272,36704.0
860Z200US24273,24273,57462.0
860Z200US24277,24277,49547.0
860Z200US24279,24279,57918.0
860Z200US24280,24280,65001.0
860Z200US24281,24281,59279.0
860Z200US24282,24282,38070.0
860Z200US24283,24283,52331.0
860Z200US24290,24290,67663.0
860Z200US24292,24292,46014.0
860Z200US24293,24293,68081.0
860Z200US24301,24301,79236.0
860Z200US24311,24311,54924.0
860Z200US24312,24312,50418.0
860Z200US24313,24313,104339.0
860Z200US24314,24314,77514.0
860Z200US24315,24315,78035.0
860Z200US24316,24316,
860Z200US24317,24317,57999.0
860Z200US24318,24318,56155.0
860Z200US24319,24319,61555.0
860Z200US24322,24322,
860Z200US24323,24323,70318.0
860Z200US24324,24324,95700.0
860Z200US24325,24325,114095.0
860Z200US24326,24326,53255.0
860Z200US24327,24327,
860Z200US24328,24328,72685.0
860Z200US24330,24330,55694.0
860Z200US24333,24333,68852.0
860Z200US24340,24340,78770.0
860Z200US24343,24343,67813.0
860Z200US24347,24347,61792.0
860Z200US24348,24348,60543.0
860Z200US24350,24350,71461.0
860Z200US24351,24351,58549.0
860Z200US24352,24352,66744.0
860Z200US24354,24354,70875.0
860Z200US24360,24360,76712.0
860Z200US24361,24361,133360.0
860Z200US24363,24363,59192.0
860Z200US24366,24366,55123.0
860Z200US24368,24368,82186.0
860Z200US24370,24370,67562.0
860Z200US24374,24374,65774.0
860Z200US24375,24375,56275.0
860Z200US24377,24377,111794.0
860Z200US24378,24378,59368.0
860Z200US24380,24380,79591.0
860Z200US24381,24381,74357.0
860Z200US24382,24382,72971.0
860Z200US24401,24401,82304.0
860Z200US24411,24411,
860Z200US24412,24412,
860Z200US24413,24413,78156.0
860Z200US24415,24415,
860Z200US24416,24416,81631.0
860Z200US24421,24421,91614.0
860Z200US24422,24422,67766.0
860Z200US24426,24426,64188.0
860Z200US24430,24430,59267.0
860Z200US24431,24431,77632.0
860Z200US24432,24432,108032.0
860Z200US24433,24433,78772.0
860Z200US24435,24435,82269.0
860Z200US24437,24437,105634.0
860Z200US24439,24439,52451.0
860Z200US24440,24440,62780.0
860Z200US24441,24441,88240.0
860Z200US24442,24442,86819.0
860Z200US24445,24445,70653.0
860Z200US24448,24448,65964.0
860Z200US24450,24450,96456.0
860Z200US24457,24457,74619.0
860Z200US24458,24458,49794.0
860Z200US24459,24459,96420.0
860Z200US24460,24460,71923.0
860Z200US24464,24464,49596.0
860Z200US24465,24465,74702.0
860Z200US24467,24467,105626.0
860Z200US24469,24469,
860Z200US24471,24471,113015.0
860Z200US24472,24472,81278.0
860Z200US24473,24473,113397.0
860Z200US24474,24474,65493.0
860Z200US24476,24476,68829.0
860Z200US24477,24477,95723.0
860Z200US24479,24479,107426.0
860Z200US24482,24482,81432.0
860Z200US24483,24483,91906.0
860Z200US24484,24484,85371.0
860Z200US24485,24485,107732.0
860Z200US24486,24486,101509.0
860Z200US24487,24487,90408.0
860Z200US24501,24501,58995.0
860Z200US24502,24502,79025.0
860Z200US24503,24503,131802.0
860Z200US24504,24504,68416.0
860Z200US24515,24515,
860Z200US24517,24517,74680.0
860Z200US24520,24520,48080.0
860Z200US24521,24521,100546.0
860Z200US24522,24522,77941.0
860Z200US24523,24523,80118.0
860Z200US24526,24526,80280.0
860Z200US24527,24527,75500.0
860Z200US24528,24528,71864.0
860Z200US24529,24529,55686.0
860Z200US24530,24530,65841.0
860Z200US24531,24531,67290.0
860Z200US24534,24534,63645.0
860Z200US24536,24536,118636.0
860Z200US24538,24538,81666.0
860Z200US24539,24539,45886.0
860Z200US24540,24540,67261.0
860Z200US24541,24541,71061.0
860Z200US24549,24549,67110.0
860Z200US24550,24550,81479.0
860Z200US24551,24551,117873.0
860Z200US24553,24553,63082.0
860Z200US24554,24554,72162.0
860Z200US24555,24555,69986.0
860Z200US24556,24556,109024.0
860Z200US24557,24557,60969.0
860Z200US24558,24558,68033.0
860Z200US24562,24562,80362.0
860Z200US24563,24563,56432.0
860Z200US24565,24565,56937.0
860Z200US24566,24566,71157.0
860Z200US24569,24569,65963.0
860Z200US24570,24570,
860Z200US24571,24571,53739.0
860Z200US24572,24572,80857.0
860Z200US24574,24574,91593.0
860Z200US24577,24577,59330.0
860Z200US24578,24578,84043.0
860Z200US24579,24579,56409.0
860Z200US24580,24580,68075.0
860Z200US24581,24581,
860Z200US24586,24586,69377.0
860Z200US24588,24588,89429.0
860Z200US24589,24589,67789.0
860Z200US24590,24590,102296.0
860Z200US24592,24592,65644.0
860Z200US24593,24593,88703.0
860Z200US24594,24594,53949.0
860Z200US24595,24595,61305.0
860Z200US24597,24597,72438.0
860Z200US24598,24598,66475.0
860Z200US24599,24599,46236.0
860Z200US24601,24601,
860Z200US24602,24602,60881.0
860Z200US24603,24603,45871.0
860Z200US24604,24604,28755.0
860Z200US24605,24605,82902.0
860Z200US24606,24606,27534.0
860Z200US24607,24607,86604.0
860Z200US24609,24609,68344.0
860Z200US24612,24612,36801.0
860Z200US24613,24613,39443.0
860Z200US24614,24614,51512.0
860Z200US24620,24620,58598.0
860Z200US24622,24622,54863.0
860Z200US24630,24630,67924.0
860Z200US24631,24631,64442.0
860Z200US24634,24634,46196.0
860Z200US24635,24635,51481.0
860Z200US24637,24637,76423.0
860Z200US24639,24639,60626.0
860Z200US24641,24641,60677.0
860Z200US24646,24646,49790.0
860Z200US24649,24649,72400.0
860Z200US24651,24651,66973.0
860Z200US24656,24656,80646.0
860Z200US24657,24657,29049.0
860Z200US24701,24701,59717.0
860Z200US24712,24712,73771.0
860Z200US24714,24714,57424.0
860Z200US24715,24715,65741.0
860Z200US24716,24716,17612.0
860Z200US24719,24719,93810.0
860Z200US24724,24724,37741.0
860Z200US24726,24726,63365.0
860Z200US24729,24729,38288.0
860Z200US24731,24731,
860Z200US24733,24733,215579.0
860Z200US24736,24736,47875.0
860Z200US24737,24737,46627.0
860Z200US24738,24738,
860Z200US24739,24739,66230.0
860Z200US24740,24740,71829.0
860Z200US24747,24747,57955.0
860Z200US24801,24801,39574.0
860Z200US24808,24808,57473.0
860Z200US24811,24811,74320.0
860Z200US24813,24813,
860Z200US24815,24815,60986.0
860Z200US24816,24816,
860Z200US24817,24817,47525.0
860Z200US24818,24818,44953.0
860Z200US24822,24822,98320.0
860Z200US24823,24823,65987.0
860Z200US24826,24826,
860Z200US24827,24827,60768.0
860Z200US24828,24828,31754.0
860Z200US24830,24830,37481.0
860Z200US24831,24831,48438.0
860Z200US24834,24834,72677.0
860Z200US24836,24836,61509.0
860Z200US24839,24839,45338.0
860Z200US24843,24843,
860Z200US24844,24844,34195.0
860Z200US24845,24845,50980.0
860Z200US24846,24846,42965.0
860Z200US24847,24847,39720.0
860Z200US24848,24848,22798.0
860Z200US24849,24849,
860Z200US24850,24850,
860Z200US24851,24851,58939.0
860Z200US24853,24853,26933.0
860Z200US24854,24854,28580.0
860Z200US24855,24855,
860Z200US24857,24857,58769.0
860Z200US24860,24860,83494.0
860Z200US24861,24861,34517.0
860Z200US24862,24862,32137.0
860Z200US24866,24866,48143.0
860Z200US24867,24867,
860Z200US24868,24868,34291.0
860Z200US24869,24869,49319.0
860Z200US24870,24870,77360.0
860Z200US24871,24871,60278.0
860Z200US24872,24872,39113.0
860Z200US24873,24873,50165.0
860Z200US24874,24874,53537.0
860Z200US24878,24878,28501.0
860Z200US24879,24879,54870.0
860Z200US24880,24880,37142.0
860Z200US24881,24881,
860Z200US24882,24882,69030.0
860Z200US24884,24884,44810.0
860Z200US24887,24887,
860Z200US24888,24888,38046.0
860Z200US24892,24892,31527.0
860Z200US24894,24894,23234.0
860Z200US24895,24895,
860Z200US24898,24898,
860Z200US24901,24901,83743.0
860Z200US24910,24910,60850.0
860Z200US24915,24915,58241.0
860Z200US24916,24916,73472.0
860Z200US24918,24918,83994.0
860Z200US24920,24920,57305.0
860Z200US24924,24924,57373.0
860Z200US24925,24925,62903.0
860Z200US24927,24927,32636.0
860Z200US24931,24931,60464.0
860Z200US24934,24934,37351.0
860Z200US24935,24935,47886.0
860Z200US24938,24938,104409.0
860Z200US24941,24941,60594.0
860Z200US24943,24943,77606.0
860Z200US24944,24944,94238.0
860Z200US24945,24945,33074.0
860Z200US24946,24946,69590.0
860Z200US24951,24951,62745.0
860Z200US24954,24954,52221.0
860Z200US24957,24957,172721.0
860Z200US24962,24962,
860Z200US24963,24963,62837.0
860Z200US24966,24966,82457.0
860Z200US24970,24970,58081.0
860Z200US24974,24974,43115.0
860Z200US24976,24976,70843.0
860Z200US24977,24977,69461.0
860Z200US24981,24981,92174.0
860Z200US24983,24983,71357.0
860Z200US24984,24984,67608.0
860Z200US24985,24985,109977.0
860Z200US24986,24986,56693.0
860Z200US24991,24991,56727.0
860Z200US24993,24993,
860Z200US25002,25002,
860Z200US25003,25003,69367.0
860Z200US25005,25005,53692.0
860Z200US25007,25007,33389.0
860Z200US25008,25008,105758.0
860Z200US25009,25009,57701.0
860Z200US25011,25011,108741.0
860Z200US25015,25015,69657.0
860Z200US25019,25019,50583.0
860Z200US25021,25021,34137.0
860Z200US25022,25022,
860Z200US25024,25024,42139.0
860Z200US25025,25025,89940.0
860Z200US25028,25028,62046.0
860Z200US25030,25030,66882.0
860Z200US25031,25031,43802.0
860Z200US25033,25033,84262.0
860Z200US25035,25035,103299.0
860Z200US25036,25036,63072.0
860Z200US25039,25039,64501.0
860Z200US25040,25040,74761.0
860Z200US25043,25043,43559.0
860Z200US25044,25044,45201.0
860Z200US25045,25045,54418.0
860Z200US25047,25047,34630.0
860Z200US25048,25048,74102.0
860Z200US25049,25049,63014.0
860Z200US25051,25051,57496.0
860Z200US25053,25053,70255.0
860Z200US25054,25054,90860.0
860Z200US25057,25057,
860Z200US25059,25059,143910.0
860Z200US25060,25060,
860Z200US25061,25061,79176.0
860Z200US25062,25062,56430.0
860Z200US25063,25063,62300.0
860Z200US25064,25064,61607.0
860Z200US25067,25067,70101.0
860Z200US25070,25070,82805.0
860Z200US25071,25071,87577.0
860Z200US25075,25075,42632.0
860Z200US25076,25076,47429.0
860Z200US25081,25081,92913.0
860Z200US25082,25082,98976.0
860Z200US25083,25083,35241.0
860Z200US25085,25085,50266.0
860Z200US25086,25086,59623.0
860Z200US25088,25088,25754.0
860Z200US25090,25090,35145.0
860Z200US25093,25093,61693.0
860Z200US25102,25102,84102.0
860Z200US25103,25103,39344.0
860Z200US25106,25106,45164.0
860Z200US25107,25107,78612.0
860Z200US25108,25108,70259.0
860Z200US25109,25109,51314.0
860Z200US25110,25110,59649.0
860Z200US25111,25111,60000.0
860Z200US25112,25112,
860Z200US25113,25113,47195.0
860Z200US25114,25114,29483.0
860Z200US25115,25115,
860Z200US25118,25118,14760.0
860Z200US25119,25119,35306.0
860Z200US25121,25121,62025.0
860Z200US25123,25123,78157.0
860Z200US25124,25124,73478.0
860Z200US25125,25125,97355.0
860Z200US25126,25126,35714.0
860Z200US25130,25130,72413.0
860Z200US25132,25132,39920.0
860Z200US25133,25133,54803.0
860Z200US25134,25134,92394.0
860Z200US25136,25136,44884.0
860Z200US25139,25139,212672.0
860Z200US25140,25140,34865.0
860Z200US25141,25141,70505.0
860Z200US25142,25142,77325.0
860Z200US25143,25143,75549.0
860Z200US25148,25148,83192.0
860Z200US25149,25149,44752.0
860Z200US25152,25152,84773.0
860Z200US25154,25154,80950.0
860Z200US25156,25156,
860Z200US25159,25159,70033.0
860Z200US25160,25160,54936.0
860Z200US25161,25161,52157.0
860Z200US25162,25162,76280.0
860Z200US25164,25164,50811.0
860Z200US25165,25165,64870.0
860Z200US25168,25168,102987.0
860Z200US25169,25169,42799.0
860Z200US25173,25173,
860Z200US25174,25174,39502.0
860Z200US25177,25177,71542.0
860Z200US25180,25180,51526.0
860Z200US25181,25181,60120.0
860Z200US25183,25183,
860Z200US25185,25185,
860Z200US25186,25186,59808.0
860Z200US25187,25187,63373.0
860Z200US25193,25193,75012.0
860Z200US25201,25201,
860Z200US25202,25202,98868.0
860Z200US25203,25203,
860Z200US25204,25204,30493.0
860Z200US25205,25205,79709.0
860Z200US25206,25206,47916.0
860Z200US25208,25208,49350.0
860Z200US25209,25209,54351.0
860Z200US25211,25211,32749.0
860Z200US25213,25213,108697.0
860Z200US25214,25214,71930.0
860Z200US25231,25231,
860Z200US25234,25234,58792.0
860Z200US25235,25235,60766.0
860Z200US25239,25239,88523.0
860Z200US25241,25241,127541.0
860Z200US25243,25243,57378.0
860Z200US25244,25244,72075.0
860Z200US25245,25245,107593.0
860Z200US25247,25247,58105.0
860Z200US25248,25248,78627.0
860Z200US25251,25251,80341.0
860Z200US25252,25252,64984.0
860Z200US25253,25253,69441.0
860Z200US25259,25259,62100.0
860Z200US25260,25260,70841.0
860Z200US25261,25261,218022.0
860Z200US25262,25262,98106.0
860Z200US25264,25264,83458.0
860Z200US25265,25265,107085.0
860Z200US25266,25266,78601.0
860Z200US25267,25267,49299.0
860Z200US25268,25268,63266.0
860Z200US25270,25270,73455.0
860Z200US25271,25271,74017.0
860Z200US25275,25275,73673.0
860Z200US25276,25276,58910.0
860Z200US25285,25285,59380.0
860Z200US25286,25286,68613.0
860Z200US25287,25287,89979.0
860Z200US25301,25301,45429.0
860Z200US25302,25302,73066.0
860Z200US25303,25303,87089.0
860Z200US25304,25304,135531.0
860Z200US25305,25305,
860Z200US25306,25306,83231.0
860Z200US25309,25309,73502.0
860Z200US25311,25311,83873.0
860Z200US25312,25312,79166.0
860Z200US25313,25313,85711.0
860Z200US25314,25314,136019.0
860Z200US25315,25315,61902.0
860Z200US25320,25320,59438.0
860Z200US25387,25387,49883.0
860Z200US25401,25401,70040.0
860Z200US25403,25403,104042.0
860Z200US25404,25404,82278.0
860Z200US25405,25405,97552.0
860Z200US25411,25411,79596.0
860Z200US25413,25413,108884.0
860Z200US25414,25414,121034.0
860Z200US25419,25419,117660.0
860Z200US25420,25420,103281.0
860Z200US25421,25421,
860Z200US25422,25422,56575.0
860Z200US25425,25425,109689.0
860Z200US25427,25427,101304.0
860Z200US25428,25428,92996.0
860Z200US25430,25430,106795.0
860Z200US25431,25431,78660.0
860Z200US25432,25432,56909.0
860Z200US25434,25434,71421.0
860Z200US25437,25437,58836.0
860Z200US25438,25438,91889.0
860Z200US25442,25442,149985.0
860Z200US25443,25443,137979.0
860Z200US25444,25444,68971.0
860Z200US25446,25446,133875.0
860Z200US25501,25501,47979.0
860Z200US25502,25502,69442.0
860Z200US25503,25503,26820.0
860Z200US25504,25504,79550.0
860Z200US25505,25505,115964.0
860Z200US25506,25506,55006.0
860Z200US25507,25507,71182.0
860Z200US25508,25508,73281.0
860Z200US25510,25510,91115.0
860Z200US25511,25511,60239.0
860Z200US25512,25512,49492.0
860Z200US25514,25514,55775.0
860Z200US25515,25515,58040.0
860Z200US25517,25517,54931.0
860Z200US25520,25520,68795.0
860Z200US25521,25521,95663.0
860Z200US25523,25523,80839.0
860Z200US25524,25524,50007.0
860Z200US25526,25526,102552.0
860Z200US25529,25529,66910.0
860Z200US25530,25530,93745.0
860Z200US25534,25534,20546.0
860Z200US25535,25535,94115.0
860Z200US25537,25537,72077.0
860Z200US25540,25540,51441.0
860Z200US25541,25541,88838.0
860Z200US25544,25544,104612.0
860Z200US25545,25545,109890.0
860Z200US25547,25547,46719.0
860Z200US25550,25550,74683.0
860Z200US25555,25555,79324.0
860Z200US25557,25557,47500.0
860Z200US25559,25559,40502.0
860Z200US25560,25560,115950.0
860Z200US25564,25564,81978.0
860Z200US25565,25565,38154.0
860Z200US25567,25567,48306.0
860Z200US25570,25570,66273.0
860Z200US25571,25571,68900.0
860Z200US25573,25573,94467.0
860Z200US25601,25601,66983.0
860Z200US25606,25606,53395.0
860Z200US25607,25607,42969.0
860Z200US25608,25608,84214.0
860Z200US25611,25611,62419.0
860Z200US25612,25612,83488.0
860Z200US25617,25617,48438.0
860Z200US25621,25621,59677.0
860Z200US25624,25624,18190.0
860Z200US25625,25625,185724.0
860Z200US25628,25628,65818.0
860Z200US25630,25630,58200.0
860Z200US25632,25632,39298.0
860Z200US25634,25634,134308.0
860Z200US25635,25635,88621.0
860Z200US25637,25637,53235.0
860Z200US25638,25638,78354.0
860Z200US25639,25639,45782.0
860Z200US25644,25644,75515.0
860Z200US25646,25646,78693.0
860Z200US25647,25647,40701.0
860Z200US25649,25649,62089.0
860Z200US25650,25650,
860Z200US25651,25651,26929.0
860Z200US25652,25652,54982.0
860Z200US25653,25653,30880.0
860Z200US25654,25654,
860Z200US25661,25661,59671.0
860Z200US25666,25666,
860Z200US25667,25667,40989.0
860Z200US25669,25669,43012.0
860Z200US25670,25670,49047.0
860Z200US25671,25671,38986.0
860Z200US25672,25672,25867.0
860Z200US25674,25674,48517.0
860Z200US25676,25676,57244.0
860Z200US25678,25678,45288.0
860Z200US25685,25685,83908.0
860Z200US25688,25688,56262.0
860Z200US25690,25690,78730.0
860Z200US25692,25692,44953.0
860Z200US25696,25696,62816.0
860Z200US25699,25699,
860Z200US25701,25701,78303.0
860Z200US25702,25702,50527.0
860Z200US25703,25703,34476.0
860Z200US25704,25704,76293.0
860Z200US25705,25705,85533.0
860Z200US25755,25755,
860Z200US25801,25801,70275.0
860Z200US25810,25810,
860Z200US25811,25811,
860Z200US25812,25812,58709.0
860Z200US25813,25813,75219.0
860Z200US25817,25817,
860Z200US25818,25818,83894.0
860Z200US25820,25820,95004.0
860Z200US25823,25823,34451.0
860Z200US25825,25825,71154.0
860Z200US25826,25826,49545.0
860Z200US25827,25827,59518.0
860Z200US25831,25831,59106.0
860Z200US25832,25832,104913.0
860Z200US25836,25836,75641.0
860Z200US25837,25837,85465.0
860Z200US25839,25839,43547.0
860Z200US25840,25840,70530.0
860Z200US25841,25841,75851.0
860Z200US25843,25843,105381.0
860Z200US25844,25844,74477.0
860Z200US25845,25845,25924.0
860Z200US25846,25846,
860Z200US25848,25848,
860Z200US25849,25849,
860Z200US25851,25851,
860Z200US25853,25853,
860Z200US25854,25854,81844.0
860Z200US25855,25855,33725.0
860Z200US25857,25857,
860Z200US25862,25862,70520.0
860Z200US25864,25864,59163.0
860Z200US25865,25865,52488.0
860Z200US25866,25866,66804.0
860Z200US25868,25868,72438.0
860Z200US25870,25870,
860Z200US25871,25871,61077.0
860Z200US25873,25873,31175.0
860Z200US25875,25875,80705.0
860Z200US25876,25876,
860Z200US25878,25878,36863.0
860Z200US25879,25879,47516.0
860Z200US25880,25880,68780.0
860Z200US25882,25882,98914.0
860Z200US25901,25901,65785.0
860Z200US25902,25902,84361.0
860Z200US25904,25904,48464.0
860Z200US25907,25907,235546.0
860Z200US25908,25908,
860Z200US25909,25909,85027.0
860Z200US25911,25911,39004.0
860Z200US25913,25913,41958.0
860Z200US25915,25915,45689.0
860Z200US25916,25916,
860Z200US25917,25917,60662.0
860Z200US25918,25918,88707.0
860Z200US25920,25920,
860Z200US25921,25921,70400.0
860Z200US25922,25922,
860Z200US25928,25928,25300.0
860Z200US25932,25932,
860Z200US25936,25936,
860Z200US25938,25938,72345.0
860Z200US25942,25942,27885.0
860Z200US25943,25943,
860Z200US25951,25951,54713.0
860Z200US25958,25958,31627.0
860Z200US25962,25962,57322.0
860Z200US25966,25966,66741.0
860Z200US25969,25969,65845.0
860Z200US25971,25971,88608.0
860Z200US25972,25972,36678.0
860Z200US25976,25976,57445.0
860Z200US25977,25977,
860Z200US25978,25978,64102.0
860Z200US25979,25979,39641.0
860Z200US25981,25981,39358.0
860Z200US25984,25984,47332.0
860Z200US25985,25985,57655.0
860Z200US25986,25986,75040.0
860Z200US25989,25989,69376.0
860Z200US26003,26003,85372.0
860Z200US26030,26030,49913.0
860Z200US26031,26031,57924.0
860Z200US26032,26032,61297.0
860Z200US26033,26033,83266.0
860Z200US26034,26034,67855.0
860Z200US26035,26035,77393.0
860Z200US26036,26036,109832.0
860Z200US26037,26037,82233.0
860Z200US26038,26038,107770.0
860Z200US26039,26039,107555.0
860Z200US26040,26040,62717.0
860Z200US26041,26041,76294.0
860Z200US26047,26047,89897.0
860Z200US26050,26050,48373.0
860Z200US26055,26055,67756.0
860Z200US26056,26056,91551.0
860Z200US26058,26058,194317.0
860Z200US26059,26059,101444.0
860Z200US26060,26060,109127.0
860Z200US26062,26062,76665.0
860Z200US26070,26070,67451.0
860Z200US26074,26074,75123.0
860Z200US26075,26075,69810.0
860Z200US26101,26101,63677.0
860Z200US26104,26104,73093.0
860Z200US26105,26105,90774.0
860Z200US26133,26133,86374.0
860Z200US26134,26134,63046.0
860Z200US26136,26136,61768.0
860Z200US26137,26137,41528.0
860Z200US26138,26138,50856.0
860Z200US26141,26141,42822.0
860Z200US26142,26142,67611.0
860Z200US26143,26143,67362.0
860Z200US26146,26146,185530.0
860Z200US26147,26147,53422.0
860Z200US26148,26148,59240.0
860Z200US26149,26149,99058.0
860Z200US26150,26150,75241.0
860Z200US26151,26151,26450.0
860Z200US26152,26152,
860Z200US26155,26155,72666.0
860Z200US26159,26159,68008.0
860Z200US26160,26160,78439.0
860Z200US26161,26161,51284.0
860Z200US26162,26162,
860Z200US26164,26164,83111.0
860Z200US26167,26167,58828.0
860Z200US26169,26169,65029.0
860Z200US26170,26170,88976.0
860Z200US26175,26175,68642.0
860Z200US26178,26178,29511.0
860Z200US26180,26180,84357.0
860Z200US26181,26181,95110.0
860Z200US26184,26184,77696.0
860Z200US26187,26187,94938.0
860Z200US26201,26201,74516.0
860Z200US26202,26202,59436.0
860Z200US26203,26203,33572.0
860Z200US26205,26205,47877.0
860Z200US26206,26206,53421.0
860Z200US26208,26208,65591.0
860Z200US26209,26209,30189.0
860Z200US26210,26210,
860Z200US26215,26215,94500.0
860Z200US26217,26217,173639.0
860Z200US26218,26218,61876.0
860Z200US26222,26222,63135.0
860Z200US26224,26224,41980.0
860Z200US26228,26228,
860Z200US26230,26230,48420.0
860Z200US26234,26234,58210.0
860Z200US26236,26236,
860Z200US26237,26237,65995.0
860Z200US26238,26238,51629.0
860Z200US26241,26241,70609.0
860Z200US26250,26250,63391.0
860Z200US26253,26253,80654.0
860Z200US26254,26254,83541.0
860Z200US26257,26257,80422.0
860Z200US26259,26259,52873.0
860Z200US26260,26260,97779.0
860Z200US26261,26261,54457.0
860Z200US26263,26263,45747.0
860Z200US26264,26264,59499.0
860Z200US26266,26266,
860Z200US26267,26267,90221.0
860Z200US26268,26268,
860Z200US26269,26269,81621.0
860Z200US26270,26270,65727.0
860Z200US26271,26271,74829.0
860Z200US26273,26273,61273.0
860Z200US26275,26275,48977.0
860Z200US26276,26276,64346.0
860Z200US26278,26278,78510.0
860Z200US26280,26280,54449.0
860Z200US26282,26282,25825.0
860Z200US26283,26283,70097.0
860Z200US26285,26285,45132.0
860Z200US26287,26287,69349.0
860Z200US26288,26288,51584.0
860Z200US26289,26289,
860Z200US26291,26291,
860Z200US26292,26292,67226.0
860Z200US26293,26293,110293.0
860Z200US26294,26294,41777.0
860Z200US26296,26296,
860Z200US26298,26298,32988.0
860Z200US26301,26301,66463.0
860Z200US26320,26320,97772.0
860Z200US26321,26321,67225.0
860Z200US26323,26323,32586.0
860Z200US26325,26325,31604.0
860Z200US26327,26327,
860Z200US26330,26330,112312.0
860Z200US26335,26335,64709.0
860Z200US26337,26337,61422.0
860Z200US26338,26338,99059.0
860Z200US26339,26339,77869.0
860Z200US26342,26342,60298.0
860Z200US26343,26343,79359.0
860Z200US26346,26346,86929.0
860Z200US26347,26347,76599.0
860Z200US26348,26348,47492.0
860Z200US26349,26349,53449.0
860Z200US26351,26351,66285.0
860Z200US26354,26354,71941.0
860Z200US26361,26361,
860Z200US26362,26362,66385.0
860Z200US26366,26366,
860Z200US26369,26369,69278.0
860Z200US26372,26372,136867.0
860Z200US26374,26374,77231.0
860Z200US26376,26376,63036.0
860Z200US26377,26377,54535.0
860Z200US26378,26378,90523.0
860Z200US26384,26384,64896.0
860Z200US26385,26385,92569.0
860Z200US26386,26386,75004.0
860Z200US26404,26404,16171.0
860Z200US26405,26405,83596.0
860Z200US26408,26408,100039.0
860Z200US26410,26410,68118.0
860Z200US26411,26411,117878.0
860Z200US26412,26412,44499.0
860Z200US26415,26415,77183.0
860Z200US26416,26416,62939.0
860Z200US26419,26419,65407.0
860Z200US26421,26421,41622.0
860Z200US26422,26422,91038.0
860Z200US26424,26424,70901.0
860Z200US26425,26425,55291.0
860Z200US26426,26426,70991.0
860Z200US26430,26430,35373.0
860Z200US26431,26431,77358.0
860Z200US26435,26435,
860Z200US26436,26436,28949.0
860Z200US26437,26437,92827.0
860Z200US26438,26438,53236.0
860Z200US26440,26440,82191.0
860Z200US26443,26443,98721.0
860Z200US26444,26444,58948.0
860Z200US26447,26447,93403.0
860Z200US26448,26448,89843.0
860Z200US26451,26451,87994.0
860Z200US26452,26452,63494.0
860Z200US26456,26456,97240.0
860Z200US26463,26463,69400.0
860Z200US26501,26501,86820.0
860Z200US26505,26505,71250.0
860Z200US26506,26506,
860Z200US26508,26508,119738.0
860Z200US26519,26519,68452.0
860Z200US26520,26520,132761.0
860Z200US26521,26521,132811.0
860Z200US26524,26524,20381.0
860Z200US26525,26525,90302.0
860Z200US26534,26534,50266.0
860Z200US26537,26537,72494.0
860Z200US26541,26541,109590.0
860Z200US26542,26542,70885.0
860Z200US26543,26543,
860Z200US26544,26544,
860Z200US26546,26546,114959.0
860Z200US26547,26547,82309.0
860Z200US26554,26554,84701.0
860Z200US26559,26559,88635.0
860Z200US26560,26560,15182.0
860Z200US26562,26562,68665.0
860Z200US26563,26563,31240.0
860Z200US26568,26568,62775.0
860Z200US26570,26570,80560.0
860Z200US26571,26571,83108.0
860Z200US26572,26572,53379.0
860Z200US26574,26574,58117.0
860Z200US26575,26575,45050.0
860Z200US26576,26576,94201.0
860Z200US26581,26581,69412.0
860Z200US26582,26582,62349.0
860Z200US26585,26585,75804.0
860Z200US26586,26586,63238.0
860Z200US26587,26587,88004.0
860Z200US26588,26588,82287.0
860Z200US26590,26590,136307.0
860Z200US26591,26591,77720.0
860Z200US26601,26601,60163.0
860Z200US26610,26610,53178.0
860Z200US26611,26611,65677.0
860Z200US26615,26615,24730.0
860Z200US26617,26617,60899.0
860Z200US26619,26619,47006.0
860Z200US26621,26621,49174.0
860Z200US26623,26623,64901.0
860Z200US26624,26624,50762.0
860Z200US26627,26627,117849.0
860Z200US26629,26629,34063.0
860Z200US26631,26631,16596.0
860Z200US26636,26636,27099.0
860Z200US26638,26638,83029.0
860Z200US26651,26651,85200.0
860Z200US26656,26656,69059.0
860Z200US26660,26660,110243.0
860Z200US26662,26662,93773.0
860Z200US26667,26667,87407.0
860Z200US26671,26671,52535.0
860Z200US26676,26676,39652.0
860Z200US26678,26678,79624.0
860Z200US26679,26679,55582.0
860Z200US26680,26680,275392.0
860Z200US26681,26681,40891.0
860Z200US26684,26684,70843.0
860Z200US26690,26690,47695.0
860Z200US26691,26691,55673.0
860Z200US26704,26704,83300.0
860Z200US26705,26705,64700.0
860Z200US26707,26707,44444.0
860Z200US26710,26710,86628.0
860Z200US26711,26711,111378.0
860Z200US26714,26714,116450.0
860Z200US26716,26716,83397.0
860Z200US26717,26717,74440.0
860Z200US26719,26719,63991.0
860Z200US26720,26720,
860Z200US26722,26722,53181.0
860Z200US26726,26726,80976.0
860Z200US26731,26731,73672.0
860Z200US26739,26739,61847.0
860Z200US26743,26743,84471.0
860Z200US26750,26750,60301.0
860Z200US26753,26753,98669.0
860Z200US26755,26755,98153.0
860Z200US26757,26757,65114.0
860Z200US26761,26761,39040.0
860Z200US26763,26763,119238.0
860Z200US26764,26764,68679.0
860Z200US26767,26767,108464.0
860Z200US26801,26801,71451.0
860Z200US26802,26802,59202.0
860Z200US26804,26804,48998.0
860Z200US26807,26807,71807.0
860Z200US26808,26808,75515.0
860Z200US26810,26810,102614.0
860Z200US26812,26812,59130.0
860Z200US26814,26814,77059.0
860Z200US26815,26815,58898.0
860Z200US26817,26817,78949.0
860Z200US26818,26818,48216.0
860Z200US26823,26823,
860Z200US26833,26833,87317.0
860Z200US26836,26836,62245.0
860Z200US26838,26838,
860Z200US26845,26845,98471.0
860Z200US26847,26847,69189.0
860Z200US26851,26851,68683.0
860Z200US26852,26852,69275.0
860Z200US26855,26855,56908.0
860Z200US26865,26865,60183.0
860Z200US26866,26866,79288.0
860Z200US26884,26884,87981.0
860Z200US26886,26886,48213.0
860Z200US27006,27006,118283.0
860Z200US27007,27007,85188.0
860Z200US27009,27009,106812.0
860Z200US27011,27011,79698.0
860Z200US27012,27012,118336.0
860Z200US27013,27013,80729.0
860Z200US27014,27014,64711.0
860Z200US27016,27016,63057.0
860Z200US27017,27017,84086.0
860Z200US27018,27018,97059.0
860Z200US27019,27019,64413.0
860Z200US27020,27020,70414.0
860Z200US27021,27021,83143.0
860Z200US27022,27022,65442.0
860Z200US27023,27023,119424.0
860Z200US27024,27024,87326.0
860Z200US27025,27025,73704.0
860Z200US27027,27027,62682.0
860Z200US27028,27028,81168.0
860Z200US27030,27030,68838.0
860Z200US27040,27040,113053.0
860Z200US27041,27041,85735.0
860Z200US27042,27042,99192.0
860Z200US27043,27043,86488.0
860Z200US27045,27045,82313.0
860Z200US27046,27046,60034.0
860Z200US27047,27047,84767.0
860Z200US27048,27048,74208.0
860Z200US27050,27050,93937.0
860Z200US27051,27051,86525.0
860Z200US27052,27052,69652.0
860Z200US27053,27053,96992.0
860Z200US27054,27054,90569.0
860Z200US27055,27055,83742.0
860Z200US27101,27101,67251.0
860Z200US27103,27103,81171.0
860Z200US27104,27104,127423.0
860Z200US27105,27105,55668.0
860Z200US27106,27106,103919.0
860Z200US27107,27107,77660.0
860Z200US27109,27109,
860Z200US27110,27110,
860Z200US27127,27127,75909.0
860Z200US27201,27201,61073.0
860Z200US27202,27202,
860Z200US27203,27203,56726.0
860Z200US27205,27205,80830.0
860Z200US27207,27207,83005.0
860Z200US27208,27208,70579.0
860Z200US27209,27209,81849.0
860Z200US27212,27212,80264.0
860Z200US27213,27213,
860Z200US27214,27214,88188.0
860Z200US27215,27215,88662.0
860Z200US27217,27217,63583.0
860Z200US27229,27229,64246.0
860Z200US27231,27231,77325.0
860Z200US27233,27233,84767.0
860Z200US27235,27235,114484.0
860Z200US27239,27239,76644.0
860Z200US27242,27242,63746.0
860Z200US27243,27243,117939.0
860Z200US27244,27244,99852.0
860Z200US27247,27247,32347.0
860Z200US27248,27248,73376.0
860Z200US27249,27249,86837.0
860Z200US27252,27252,66773.0
860Z200US27253,27253,76561.0
860Z200US27256,27256,
860Z200US27258,27258,85521.0
860Z200US27259,27259,
860Z200US27260,27260,52850.0
860Z200US27262,27262,90534.0
860Z200US27263,27263,66370.0
860Z200US27265,27265,99150.0
860Z200US27268,27268,
860Z200US27278,27278,130207.0
860Z200US27281,27281,97086.0
860Z200US27282,27282,111893.0
860Z200US27283,27283,88509.0
860Z200US27284,27284,101436.0
860Z200US27288,27288,69752.0
860Z200US27291,27291,150106.0
860Z200US27292,27292,72402.0
860Z200US27295,27295,82811.0
860Z200US27298,27298,75818.0
860Z200US27299,27299,94430.0
860Z200US27301,27301,96794.0
860Z200US27302,27302,96834.0
860Z200US27305,27305,83495.0
860Z200US27306,27306,69085.0
860Z200US27310,27310,191190.0
860Z200US27311,27311,47450.0
860Z200US27312,27312,132032.0
860Z200US27313,27313,90393.0
860Z200US27314,27314,56953.0
860Z200US27315,27315,73118.0
860Z200US27316,27316,71069.0
860Z200US27317,27317,70652.0
860Z200US27320,27320,70987.0
860Z200US27325,27325,68481.0
860Z200US27326,27326,86539.0
860Z200US27330,27330,80530.0
860Z200US27332,27332,85538.0
860Z200US27340,27340,
860Z200US27341,27341,72013.0
860Z200US27342,27342,107355.0
860Z200US27343,27343,132134.0
860Z200US27344,27344,75380.0
860Z200US27349,27349,78883.0
860Z200US27350,27350,82462.0
860Z200US27351,27351,
860Z200US27355,27355,53955.0
860Z200US27356,27356,64343.0
860Z200US27357,27357,106243.0
860Z200US27358,27358,169838.0
860Z200US27360,27360,71341.0
860Z200US27370,27370,83970.0
860Z200US27371,27371,76712.0
860Z200US27374,27374,51529.0
860Z200US27376,27376,90880.0
860Z200US27377,27377,100459.0
860Z200US27379,27379,52928.0
860Z200US27401,27401,66245.0
860Z200US27403,27403,78000.0
860Z200US27405,27405,60378.0
860Z200US27406,27406,70507.0
860Z200US27407,27407,83985.0
860Z200US27408,27408,152108.0
860Z200US27409,27409,73133.0
860Z200US27410,27410,113275.0
860Z200US27411,27411,
860Z200US27412,27412,
860Z200US27455,27455,128763.0
860Z200US27501,27501,89097.0
860Z200US27502,27502,159712.0
860Z200US27503,27503,156604.0
860Z200US27504,27504,84668.0
860Z200US27505,27505,87601.0
860Z200US27506,27506,
860Z200US27507,27507,102794.0
860Z200US27508,27508,73567.0
860Z200US27509,27509,80833.0
860Z200US27510,27510,89679.0
860Z200US27511,27511,132380.0
860Z200US27513,27513,158541.0
860Z200US27514,27514,160666.0
860Z200US27516,27516,149136.0
860Z200US27517,27517,182612.0
860Z200US27518,27518,165495.0
860Z200US27519,27519,186645.0
860Z200US27520,27520,101149.0
860Z200US27521,27521,78374.0
860Z200US27522,27522,88434.0
860Z200US27523,27523,179200.0
860Z200US27524,27524,84449.0
860Z200US27525,27525,86414.0
860Z200US27526,27526,116875.0
860Z200US27527,27527,133366.0
860Z200US27529,27529,108766.0
860Z200US27530,27530,74151.0
860Z200US27531,27531,
860Z200US27533,27533,
860Z200US27534,27534,82386.0
860Z200US27536,27536,54541.0
860Z200US27537,27537,74289.0
860Z200US27539,27539,168587.0
860Z200US27540,27540,148948.0
860Z200US27541,27541,101794.0
860Z200US27542,27542,69522.0
860Z200US27544,27544,76153.0
860Z200US27545,27545,100573.0
860Z200US27546,27546,77446.0
860Z200US27549,27549,85161.0
860Z200US27551,27551,121894.0
860Z200US27553,27553,68038.0
860Z200US27555,27555,74394.0
860Z200US27556,27556,74855.0
860Z200US27557,27557,89993.0
860Z200US27559,27559,75998.0
860Z200US27560,27560,138776.0
860Z200US27562,27562,188613.0
860Z200US27563,27563,52000.0
860Z200US27565,27565,77465.0
860Z200US27568,27568,71392.0
860Z200US27569,27569,87254.0
860Z200US27570,27570,
860Z200US27571,27571,149233.0
860Z200US27572,27572,100312.0
860Z200US27573,27573,73724.0
860Z200US27574,27574,80719.0
860Z200US27576,27576,75782.0
860Z200US27577,27577,75548.0
860Z200US27581,27581,96209.0
860Z200US27582,27582,65376.0
860Z200US27583,27583,95005.0
860Z200US27584,27584,21886.0
860Z200US27587,27587,154724.0
860Z200US27589,27589,58536.0
860Z200US27591,27591,96509.0
860Z200US27592,27592,107958.0
860Z200US27593,27593,
860Z200US27594,27594,
860Z200US27596,27596,102531.0
860Z200US27597,27597,92295.0
860Z200US27599,27599,
860Z200US27601,27601,119231.0
860Z200US27603,27603,117586.0
860Z200US27604,27604,98798.0
860Z200US27605,27605,110774.0
860Z200US27606,27606,100549.0
860Z200US27607,27607,146979.0
860Z200US27608,27608,221383.0
860Z200US27609,27609,129972.0
860Z200US27610,27610,81766.0
860Z200US27612,27612,134866.0
860Z200US27613,27613,156915.0
860Z200US27614,27614,176894.0
860Z200US27615,27615,143706.0
860Z200US27616,27616,100195.0
860Z200US27617,27617,139678.0
860Z200US27695,27695,
860Z200US27697,27697,
860Z200US27701,27701,97328.0
860Z200US27703,27703,107257.0
860Z200US27704,27704,76699.0
860Z200US27705,27705,112289.0
860Z200US27707,27707,109225.0
860Z200US27708,27708,
860Z200US27709,27709,
860Z200US27712,27712,134362.0
860Z200US27713,27713,123556.0
860Z200US27801,27801,57263.0
860Z200US27803,27803,81897.0
860Z200US27804,27804,78688.0
860Z200US27805,27805,60984.0
860Z200US27806,27806,66513.0
860Z200US27807,27807,87637.0
860Z200US27808,27808,105622.0
860Z200US27809,27809,99895.0
860Z200US27810,27810,66990.0
860Z200US27812,27812,66778.0
860Z200US27813,27813,61850.0
860Z200US27814,27814,112038.0
860Z200US27815,27815,
860Z200US27816,27816,43338.0
860Z200US27817,27817,80472.0
860Z200US27818,27818,86114.0
860Z200US27819,27819,55855.0
860Z200US27820,27820,83902.0
860Z200US27821,27821,81352.0
860Z200US27822,27822,79569.0
860Z200US27823,27823,53980.0
860Z200US27824,27824,50398.0
860Z200US27825,27825,64730.0
860Z200US27826,27826,57341.0
860Z200US27827,27827,82776.0
860Z200US27828,27828,70492.0
860Z200US27829,27829,55438.0
860Z200US27830,27830,66068.0
860Z200US27831,27831,51165.0
860Z200US27832,27832,80168.0
860Z200US27834,27834,74236.0
860Z200US27837,27837,89584.0
860Z200US27839,27839,63039.0
860Z200US27840,27840,47427.0
860Z200US27841,27841,21033.0
860Z200US27842,27842,102505.0
860Z200US27843,27843,62481.0
860Z200US27844,27844,49440.0
860Z200US27845,27845,66516.0
860Z200US27846,27846,61364.0
860Z200US27847,27847,42137.0
860Z200US27849,27849,64778.0
860Z200US27850,27850,95094.0
860Z200US27851,27851,81085.0
860Z200US27852,27852,75261.0
860Z200US27853,27853,83367.0
860Z200US27855,27855,72348.0
860Z200US27856,27856,81746.0
860Z200US27857,27857,73046.0
860Z200US27858,27858,83738.0
860Z200US27860,27860,74246.0
860Z200US27861,27861,27582.0
860Z200US27862,27862,93597.0
860Z200US27863,27863,85613.0
860Z200US27864,27864,69804.0
860Z200US27865,27865,86362.0
860Z200US27866,27866,66404.0
860Z200US27869,27869,52284.0
860Z200US27870,27870,65757.0
860Z200US27871,27871,66312.0
860Z200US27872,27872,56375.0
860Z200US27873,27873,42366.0
860Z200US27874,27874,50443.0
860Z200US27875,27875,39588.0
860Z200US27876,27876,66002.0
860Z200US27877,27877,
860Z200US27878,27878,42598.0
860Z200US27879,27879,75186.0
860Z200US27880,27880,90631.0
860Z200US27881,27881,49136.0
860Z200US27882,27882,69425.0
860Z200US27883,27883,71664.0
860Z200US27884,27884,62190.0
860Z200US27885,27885,67929.0
860Z200US27886,27886,73452.0
860Z200US27888,27888,57157.0
860Z200US27889,27889,73786.0
860Z200US27890,27890,42593.0
860Z200US27891,27891,73847.0
860Z200US27892,27892,59788.0
860Z200US27893,27893,56552.0
860Z200US27896,27896,95206.0
860Z200US27897,27897,63486.0
860Z200US27909,27909,82886.0
860Z200US27910,27910,62238.0
860Z200US27915,27915,45943.0
860Z200US27916,27916,101308.0
860Z200US27917,27917,49056.0
860Z200US27919,27919,70801.0
860Z200US27920,27920,93235.0
860Z200US27921,27921,102374.0
860Z200US27922,27922,62593.0
860Z200US27923,27923,78425.0
860Z200US27924,27924,88423.0
860Z200US27925,27925,58138.0
860Z200US27926,27926,70690.0
860Z200US27927,27927,161926.0
860Z200US27928,27928,75157.0
860Z200US27929,27929,140671.0
860Z200US27932,27932,76725.0
860Z200US27935,27935,71161.0
860Z200US27936,27936,79381.0
860Z200US27937,27937,78299.0
860Z200US27938,27938,61064.0
860Z200US27939,27939,81709.0
860Z200US27941,27941,51403.0
860Z200US27942,27942,56892.0
860Z200US27943,27943,49669.0
860Z200US27944,27944,77435.0
860Z200US27946,27946,88297.0
860Z200US27947,27947,112579.0
860Z200US27948,27948,100757.0
860Z200US27949,27949,136425.0
860Z200US27950,27950,98673.0
860Z200US27953,27953,48160.0
860Z200US27954,27954,111016.0
860Z200US27956,27956,97285.0
860Z200US27957,27957,53902.0
860Z200US27958,27958,125680.0
860Z200US27959,27959,111761.0
860Z200US27960,27960,49244.0
860Z200US27962,27962,56135.0
860Z200US27964,27964,115570.0
860Z200US27965,27965,71532.0
860Z200US27966,27966,90291.0
860Z200US27967,27967,35635.0
860Z200US27968,27968,49611.0
860Z200US27969,27969,80978.0
860Z200US27970,27970,59426.0
860Z200US27972,27972,110529.0
860Z200US27973,27973,82828.0
860Z200US27974,27974,75732.0
860Z200US27976,27976,110649.0
860Z200US27978,27978,61145.0
860Z200US27979,27979,63795.0
860Z200US27980,27980,77009.0
860Z200US27981,27981,94249.0
860Z200US27982,27982,
860Z200US27983,27983,73967.0
860Z200US27985,27985,58584.0
860Z200US27986,27986,71589.0
860Z200US28001,28001,70592.0
860Z200US28006,28006,65614.0
860Z200US28007,28007,60138.0
860Z200US28009,28009,61063.0
860Z200US28012,28012,120588.0
860Z200US28016,28016,68953.0
860Z200US28017,28017,
860Z200US28018,28018,73317.0
860Z200US28019,28019,
860Z200US28020,28020,71797.0
860Z200US28021,28021,74279.0
860Z200US28023,28023,86975.0
860Z200US28024,28024,
860Z200US28025,28025,102662.0
860Z200US28027,28027,118073.0
860Z200US28031,28031,192020.0
860Z200US28032,28032,115052.0
860Z200US28033,28033,82061.0
860Z200US28034,28034,76622.0
860Z200US28036,28036,205623.0
860Z200US28037,28037,146949.0
860Z200US28039,28039,
860Z200US28040,28040,67990.0
860Z200US28041,28041,
860Z200US28042,28042,46468.0
860Z200US28043,28043,65008.0
860Z200US28052,28052,62944.0
860Z200US28054,28054,75280.0
860Z200US28056,28056,110038.0
860Z200US28071,28071,93337.0
860Z200US28072,28072,64562.0
860Z200US28073,28073,63874.0
860Z200US28074,28074,
860Z200US28075,28075,153812.0
860Z200US28076,28076,56851.0
860Z200US28077,28077,39193.0
860Z200US28078,28078,153453.0
860Z200US28079,28079,118112.0
860Z200US28080,28080,91919.0
860Z200US28081,28081,89893.0
860Z200US28083,28083,74619.0
860Z200US28086,28086,71163.0
860Z200US28088,28088,72906.0
860Z200US28089,28089,75279.0
860Z200US28090,28090,75006.0
860Z200US28091,28091,59493.0
860Z200US28092,28092,81241.0
860Z200US28097,28097,92282.0
860Z200US28098,28098,78874.0
860Z200US28101,28101,117895.0
860Z200US28102,28102,57797.0
860Z200US28103,28103,87712.0
860Z200US28104,28104,174696.0
860Z200US28105,28105,125597.0
860Z200US28107,28107,115522.0
860Z200US28108,28108,
860Z200US28109,28109,35800.0
860Z200US28110,28110,96974.0
860Z200US28112,28112,86855.0
860Z200US28114,28114,78862.0
860Z200US28115,28115,105340.0
860Z200US28117,28117,162142.0
860Z200US28119,28119,48682.0
860Z200US28120,28120,102283.0
860Z200US28124,28124,93359.0
860Z200US28125,28125,103396.0
860Z200US28127,28127,125165.0
860Z200US28128,28128,82452.0
860Z200US28129,28129,87097.0
860Z200US28133,28133,67012.0
860Z200US28134,28134,102077.0
860Z200US28135,28135,78582.0
860Z200US28136,28136,61797.0
860Z200US28137,28137,79498.0
860Z200US28138,28138,79630.0
860Z200US28139,28139,71302.0
860Z200US28144,28144,78731.0
860Z200US28146,28146,89375.0
860Z200US28147,28147,77706.0
860Z200US28150,28150,74553.0
860Z200US28152,28152,78505.0
860Z200US28159,28159,74385.0
860Z200US28160,28160,57280.0
860Z200US28163,28163,89068.0
860Z200US28164,28164,105250.0
860Z200US28166,28166,102445.0
860Z200US28167,28167,58355.0
860Z200US28168,28168,73305.0
860Z200US28169,28169,45247.0
860Z200US28170,28170,53606.0
860Z200US28173,28173,191782.0
860Z200US28174,28174,83262.0
860Z200US28202,28202,135216.0
860Z200US28203,28203,159604.0
860Z200US28204,28204,131642.0
860Z200US28205,28205,108453.0
860Z200US28206,28206,76995.0
860Z200US28207,28207,409660.0
860Z200US28208,28208,77985.0
860Z200US28209,28209,156755.0
860Z200US28210,28210,145412.0
860Z200US28211,28211,224065.0
860Z200US28212,28212,66973.0
860Z200US28213,28213,73931.0
860Z200US28214,28214,100880.0
860Z200US28215,28215,84101.0
860Z200US28216,28216,79772.0
860Z200US28217,28217,77887.0
860Z200US28223,28223,
860Z200US28226,28226,180547.0
860Z200US28227,28227,97938.0
860Z200US28244,28244,
860Z200US28262,28262,83221.0
860Z200US28269,28269,101110.0
860Z200US28270,28270,180378.0
860Z200US28273,28273,101792.0
860Z200US28274,28274,
860Z200US28277,28277,166511.0
860Z200US28278,28278,148118.0
860Z200US28280,28280,
860Z200US28282,28282,
860Z200US28301,28301,50004.0
860Z200US28303,28303,76242.0
860Z200US28304,28304,72410.0
860Z200US28305,28305,114365.0
860Z200US28306,28306,82752.0
860Z200US28307,28307,63092.0
860Z200US28308,28308,
860Z200US28310,28310,
860Z200US28311,28311,77966.0
860Z200US28312,28312,80767.0
860Z200US28314,28314,73969.0
860Z200US28315,28315,92352.0
860Z200US28318,28318,80806.0
860Z200US28320,28320,71051.0
860Z200US28323,28323,78065.0
860Z200US28325,28325,56259.0
860Z200US28326,28326,87312.0
860Z200US28327,28327,97641.0
860Z200US28328,28328,65300.0
860Z200US28330,28330,
860Z200US28331,28331,
860Z200US28332,28332,68072.0
860Z200US28333,28333,66179.0
860Z200US28334,28334,79283.0
860Z200US28337,28337,55457.0
860Z200US28338,28338,69242.0
860Z200US28339,28339,65158.0
860Z200US28340,28340,57298.0
860Z200US28341,28341,64709.0
860Z200US28342,28342,93295.0
860Z200US28343,28343,44897.0
860Z200US28344,28344,62073.0
860Z200US28345,28345,55388.0
860Z200US28347,28347,58923.0
860Z200US28348,28348,82574.0
860Z200US28349,28349,78982.0
860Z200US28350,28350,56086.0
860Z200US28351,28351,59022.0
860Z200US28352,28352,69198.0
860Z200US28355,28355,
860Z200US28356,28356,97674.0
860Z200US28357,28357,73256.0
860Z200US28358,28358,70888.0
860Z200US28359,28359,
860Z200US28360,28360,58572.0
860Z200US28362,28362,36253.0
860Z200US28363,28363,58187.0
860Z200US28364,28364,53042.0
860Z200US28365,28365,75609.0
860Z200US28366,28366,70875.0
860Z200US28367,28367,69652.0
860Z200US28368,28368,74261.0
860Z200US28369,28369,63197.0
860Z200US28371,28371,74571.0
860Z200US28372,28372,53098.0
860Z200US28373,28373,80300.0
860Z200US28374,28374,148080.0
860Z200US28375,28375,70907.0
860Z200US28376,28376,83878.0
860Z200US28377,28377,52131.0
860Z200US28378,28378,
860Z200US28379,28379,60207.0
860Z200US28382,28382,87530.0
860Z200US28383,28383,51068.0
860Z200US28384,28384,62803.0
860Z200US28385,28385,76739.0
860Z200US28386,28386,44253.0
860Z200US28387,28387,101756.0
860Z200US28390,28390,74908.0
860Z200US28391,28391,85821.0
860Z200US28392,28392,111837.0
860Z200US28393,28393,45560.0
860Z200US28394,28394,95776.0
860Z200US28395,28395,103548.0
860Z200US28396,28396,75718.0
860Z200US28398,28398,57406.0
860Z200US28399,28399,58049.0
860Z200US28401,28401,70362.0
860Z200US28403,28403,80461.0
860Z200US28405,28405,104876.0
860Z200US28409,28409,137871.0
860Z200US28411,28411,117100.0
860Z200US28412,28412,97079.0
860Z200US28420,28420,56147.0
860Z200US28421,28421,63278.0
860Z200US28422,28422,87647.0
860Z200US28423,28423,58560.0
860Z200US28424,28424,49717.0
860Z200US28425,28425,74431.0
860Z200US28428,28428,126086.0
860Z200US28429,28429,81667.0
860Z200US28430,28430,71764.0
860Z200US28431,28431,50750.0
860Z200US28432,28432,77011.0
860Z200US28433,28433,53359.0
860Z200US28434,28434,59774.0
860Z200US28435,28435,55883.0
860Z200US28436,28436,79846.0
860Z200US28438,28438,62251.0
860Z200US28439,28439,46706.0
860Z200US28441,28441,63075.0
860Z200US28442,28442,69086.0
860Z200US28443,28443,113555.0
860Z200US28444,28444,79439.0
860Z200US28445,28445,112880.0
860Z200US28447,28447,95487.0
860Z200US28448,28448,93769.0
860Z200US28449,28449,153805.0
860Z200US28450,28450,122046.0
860Z200US28451,28451,99807.0
860Z200US28452,28452,51201.0
860Z200US28453,28453,66854.0
860Z200US28454,28454,87132.0
860Z200US28455,28455,53684.0
860Z200US28456,28456,60116.0
860Z200US28457,28457,94995.0
860Z200US28458,28458,63053.0
860Z200US28460,28460,103437.0
860Z200US28461,28461,111643.0
860Z200US28462,28462,79137.0
860Z200US28463,28463,59694.0
860Z200US28464,28464,66937.0
860Z200US28465,28465,125369.0
860Z200US28466,28466,74314.0
860Z200US28467,28467,84735.0
860Z200US28468,28468,102923.0
860Z200US28469,28469,106797.0
860Z200US28470,28470,87302.0
860Z200US28472,28472,70094.0
860Z200US28478,28478,82386.0
860Z200US28479,28479,113906.0
860Z200US28480,28480,202637.0
860Z200US28501,28501,52936.0
860Z200US28504,28504,69645.0
860Z200US28508,28508,54577.0
860Z200US28509,28509,
860Z200US28510,28510,81944.0
860Z200US28511,28511,83577.0
860Z200US28512,28512,122657.0
860Z200US28513,28513,64606.0
860Z200US28515,28515,55414.0
860Z200US28516,28516,78469.0
860Z200US28518,28518,61614.0
860Z200US28519,28519,60244.0
860Z200US28520,28520,70586.0
860Z200US28521,28521,61365.0
860Z200US28523,28523,86328.0
860Z200US28524,28524,75586.0
860Z200US28525,28525,68756.0
860Z200US28526,28526,59871.0
860Z200US28527,28527,71517.0
860Z200US28528,28528,77649.0
860Z200US28529,28529,86097.0
860Z200US28530,28530,58090.0
860Z200US28531,28531,76242.0
860Z200US28532,28532,77921.0
860Z200US28533,28533,
860Z200US28537,28537,
860Z200US28538,28538,62989.0
860Z200US28539,28539,73941.0
860Z200US28540,28540,77015.0
860Z200US28542,28542,105273.0
860Z200US28543,28543,49696.0
860Z200US28544,28544,53562.0
860Z200US28546,28546,74987.0
860Z200US28547,28547,83306.0
860Z200US28551,28551,67928.0
860Z200US28552,28552,51717.0
860Z200US28553,28553,99090.0
860Z200US28554,28554,71807.0
860Z200US28555,28555,80846.0
860Z200US28556,28556,83940.0
860Z200US28557,28557,92058.0
860Z200US28560,28560,81991.0
860Z200US28562,28562,101887.0
860Z200US28570,28570,91249.0
860Z200US28571,28571,94047.0
860Z200US28572,28572,72695.0
860Z200US28573,28573,63990.0
860Z200US28574,28574,79380.0
860Z200US28575,28575,127374.0
860Z200US28577,28577,92964.0
860Z200US28578,28578,66757.0
860Z200US28579,28579,102701.0
860Z200US28580,28580,60382.0
860Z200US28581,28581,111415.0
860Z200US28582,28582,108975.0
860Z200US28584,28584,104349.0
860Z200US28585,28585,72276.0
860Z200US28586,28586,61879.0
860Z200US28587,28587,51863.0
860Z200US28589,28589,
860Z200US28590,28590,99072.0
860Z200US28594,28594,141480.0
860Z200US28601,28601,95208.0
860Z200US28602,28602,73874.0
860Z200US28604,28604,101086.0
860Z200US28605,28605,107751.0
860Z200US28606,28606,55803.0
860Z200US28607,28607,73787.0
860Z200US28609,28609,82223.0
860Z200US28610,28610,78045.0
860Z200US28611,28611,88091.0
860Z200US28612,28612,75334.0
860Z200US28613,28613,73672.0
860Z200US28615,28615,67781.0
860Z200US28616,28616,107333.0
860Z200US28617,28617,58366.0
860Z200US28618,28618,80123.0
860Z200US28619,28619,46237.0
860Z200US28621,28621,69290.0
860Z200US28622,28622,60284.0
860Z200US28623,28623,69350.0
860Z200US28624,28624,54032.0
860Z200US28625,28625,82925.0
860Z200US28626,28626,82356.0
860Z200US28627,28627,83319.0
860Z200US28628,28628,49728.0
860Z200US28629,28629,
860Z200US28630,28630,84848.0
860Z200US28631,28631,48303.0
860Z200US28634,28634,84891.0
860Z200US28635,28635,60154.0
860Z200US28636,28636,68800.0
860Z200US28637,28637,70406.0
860Z200US28638,28638,72226.0
860Z200US28640,28640,69713.0
860Z200US28641,28641,
860Z200US28642,28642,76518.0
860Z200US28643,28643,67566.0
860Z200US28644,28644,65249.0
860Z200US28645,28645,65790.0
860Z200US28646,28646,118158.0
860Z200US28649,28649,52443.0
860Z200US28650,28650,84764.0
860Z200US28651,28651,66194.0
860Z200US28652,28652,62416.0
860Z200US28653,28653,
860Z200US28654,28654,78824.0
860Z200US28655,28655,71015.0
860Z200US28657,28657,79246.0
860Z200US28658,28658,92018.0
860Z200US28659,28659,65485.0
860Z200US28660,28660,78185.0
860Z200US28662,28662,
860Z200US28663,28663,104535.0
860Z200US28664,28664,
860Z200US28665,28665,56418.0
860Z200US28666,28666,
860Z200US28667,28667,59929.0
860Z200US28668,28668,249695.0
860Z200US28669,28669,78935.0
860Z200US28670,28670,62321.0
860Z200US28671,28671,80190.0
860Z200US28672,28672,110313.0
860Z200US28673,28673,130973.0
860Z200US28675,28675,63813.0
860Z200US28676,28676,91258.0
860Z200US28677,28677,77610.0
860Z200US28678,28678,86730.0
860Z200US28679,28679,87939.0
860Z200US28681,28681,78728.0
860Z200US28682,28682,195540.0
860Z200US28683,28683,57058.0
860Z200US28684,28684,81408.0
860Z200US28685,28685,72236.0
860Z200US28689,28689,74753.0
860Z200US28690,28690,89049.0
860Z200US28692,28692,82247.0
860Z200US28693,28693,69866.0
860Z200US28694,28694,64370.0
860Z200US28697,28697,68705.0
860Z200US28698,28698,78052.0
860Z200US28701,28701,107269.0
860Z200US28702,28702,62577.0
860Z200US28704,28704,111286.0
860Z200US28705,28705,77364.0
860Z200US28707,28707,60842.0
860Z200US28708,28708,68984.0
860Z200US28709,28709,92385.0
860Z200US28710,28710,
860Z200US28711,28711,97429.0
860Z200US28712,28712,83796.0
860Z200US28713,28713,77013.0
860Z200US28714,28714,79976.0
860Z200US28715,28715,97674.0
860Z200US28716,28716,74542.0
860Z200US28717,28717,120861.0
860Z200US28718,28718,82628.0
860Z200US28719,28719,63416.0
860Z200US28720,28720,99811.0
860Z200US28721,28721,82469.0
860Z200US28722,28722,78265.0
860Z200US28723,28723,60083.0
860Z200US28725,28725,74419.0
860Z200US28726,28726,69439.0
860Z200US28729,28729,111064.0
860Z200US28730,28730,120387.0
860Z200US28731,28731,89436.0
860Z200US28732,28732,104817.0
860Z200US28733,28733,125792.0
860Z200US28734,28734,69552.0
860Z200US28735,28735,154706.0
860Z200US28736,28736,129747.0
860Z200US28739,28739,100251.0
860Z200US28740,28740,69202.0
860Z200US28741,28741,122291.0
860Z200US28742,28742,106848.0
860Z200US28743,28743,61900.0
860Z200US28745,28745,138421.0
860Z200US28746,28746,110712.0
860Z200US28747,28747,99915.0
860Z200US28748,28748,86425.0
860Z200US28749,28749,
860Z200US28751,28751,87443.0
860Z200US28752,28752,66955.0
860Z200US28753,28753,83023.0
860Z200US28754,28754,81807.0
860Z200US28755,28755,
860Z200US28756,28756,93979.0
860Z200US28757,28757,
860Z200US28758,28758,
860Z200US28759,28759,107006.0
860Z200US28761,28761,91944.0
860Z200US28762,28762,68381.0
860Z200US28763,28763,121318.0
860Z200US28766,28766,70067.0
860Z200US28768,28768,86658.0
860Z200US28770,28770,
860Z200US28771,28771,67875.0
860Z200US28772,28772,81292.0
860Z200US28773,28773,90593.0
860Z200US28774,28774,166791.0
860Z200US28775,28775,68257.0
860Z200US28777,28777,73886.0
860Z200US28778,28778,80387.0
860Z200US28779,28779,67656.0
860Z200US28781,28781,71409.0
860Z200US28782,28782,87820.0
860Z200US28783,28783,76431.0
860Z200US28785,28785,85071.0
860Z200US28786,28786,76914.0
860Z200US28787,28787,97112.0
860Z200US28788,28788,95000.0
860Z200US28789,28789,79710.0
860Z200US28790,28790,107295.0
860Z200US28791,28791,109573.0
860Z200US28792,28792,70172.0
860Z200US28801,28801,83862.0
860Z200US28803,28803,109318.0
860Z200US28804,28804,121382.0
860Z200US28805,28805,90395.0
860Z200US28806,28806,81494.0
860Z200US28901,28901,59545.0
860Z200US28902,28902,80334.0
860Z200US28904,28904,77959.0
860Z200US28905,28905,64602.0
860Z200US28906,28906,69577.0
860Z200US28909,28909,91801.0
860Z200US29001,29001,78844.0
860Z200US29003,29003,57767.0
860Z200US29006,29006,67172.0
860Z200US29009,29009,67680.0
860Z200US29010,29010,55792.0
860Z200US29014,29014,79948.0
860Z200US29015,29015,60782.0
860Z200US29016,29016,115723.0
860Z200US29018,29018,55529.0
860Z200US29020,29020,93907.0
860Z200US29030,29030,88768.0
860Z200US29031,29031,64401.0
860Z200US29032,29032,71962.0
860Z200US29033,29033,74167.0
860Z200US29036,29036,143368.0
860Z200US29037,29037,118138.0
860Z200US29038,29038,52884.0
860Z200US29039,29039,91078.0
860Z200US29040,29040,73094.0
860Z200US29042,29042,53205.0
860Z200US29044,29044,57274.0
860Z200US29045,29045,104341.0
860Z200US29046,29046,
860Z200US29047,29047,56537.0
860Z200US29048,29048,53109.0
860Z200US29051,29051,94837.0
860Z200US29052,29052,81182.0
860Z200US29053,29053,65692.0
860Z200US29054,29054,111438.0
860Z200US29055,29055,60381.0
860Z200US29056,29056,57018.0
860Z200US29058,29058,90869.0
860Z200US29059,29059,56930.0
860Z200US29061,29061,79813.0
860Z200US29062,29062,
860Z200US29063,29063,117313.0
860Z200US29065,29065,57490.0
860Z200US29067,29067,61754.0
860Z200US29069,29069,69028.0
860Z200US29070,29070,81798.0
860Z200US29072,29072,128777.0
860Z200US29073,29073,82926.0
860Z200US29074,29074,130877.0
860Z200US29075,29075,86439.0
860Z200US29078,29078,76343.0
860Z200US29079,29079,
860Z200US29080,29080,63305.0
860Z200US29081,29081,51544.0
860Z200US29082,29082,64208.0
860Z200US29101,29101,101451.0
860Z200US29102,29102,64177.0
860Z200US29104,29104,62679.0
860Z200US29105,29105,76383.0
860Z200US29107,29107,64204.0
860Z200US29108,29108,69430.0
860Z200US29111,29111,105946.0
860Z200US29112,29112,64338.0
860Z200US29113,29113,70184.0
860Z200US29114,29114,60690.0
860Z200US29115,29115,50452.0
860Z200US29117,29117,
860Z200US29118,29118,77406.0
860Z200US29122,29122,100974.0
860Z200US29123,29123,72839.0
860Z200US29125,29125,63477.0
860Z200US29126,29126,113214.0
860Z200US29127,29127,86474.0
860Z200US29128,29128,55981.0
860Z200US29129,29129,82521.0
860Z200US29130,29130,105845.0
860Z200US29133,29133,71270.0
860Z200US29135,29135,65848.0
860Z200US29137,29137,54158.0
860Z200US29138,29138,68073.0
860Z200US29142,29142,69313.0
860Z200US29145,29145,65956.0
860Z200US29146,29146,63927.0
860Z200US29148,29148,64281.0
860Z200US29150,29150,68598.0
860Z200US29152,29152,85001.0
860Z200US29153,29153,80560.0
860Z200US29154,29154,78270.0
860Z200US29160,29160,77169.0
860Z200US29161,29161,65848.0
860Z200US29162,29162,78840.0
860Z200US29163,29163,51025.0
860Z200US29164,29164,61708.0
860Z200US29166,29166,61544.0
860Z200US29168,29168,47064.0
860Z200US29169,29169,75151.0
860Z200US29170,29170,86708.0
860Z200US29172,29172,72440.0
860Z200US29175,29175,72177.0
860Z200US29177,29177,
860Z200US29178,29178,62633.0
860Z200US29180,29180,61478.0
860Z200US29201,29201,61860.0
860Z200US29203,29203,56677.0
860Z200US29204,29204,72818.0
860Z200US29205,29205,112965.0
860Z200US29206,29206,140096.0
860Z200US29207,29207,60430.0
860Z200US29208,29208,
860Z200US29209,29209,87441.0
860Z200US29210,29210,60252.0
860Z200US29212,29212,99418.0
860Z200US29223,29223,82014.0
860Z200US29225,29225,
860Z200US29229,29229,94485.0
860Z200US29301,29301,79216.0
860Z200US29302,29302,111598.0
860Z200US29303,29303,56013.0
860Z200US29306,29306,58340.0
860Z200US29307,29307,84515.0
860Z200US29316,29316,91880.0
860Z200US29320,29320,40387.0
860Z200US29321,29321,44527.0
860Z200US29322,29322,85004.0
860Z200US29323,29323,76495.0
860Z200US29324,29324,
860Z200US29325,29325,64278.0
860Z200US29329,29329,45970.0
860Z200US29330,29330,76504.0
860Z200US29331,29331,38517.0
860Z200US29332,29332,68511.0
860Z200US29333,29333,50981.0
860Z200US29334,29334,99546.0
860Z200US29335,29335,73615.0
860Z200US29338,29338,
860Z200US29340,29340,58984.0
860Z200US29341,29341,69323.0
860Z200US29346,29346,43597.0
860Z200US29349,29349,92507.0
860Z200US29351,29351,62822.0
860Z200US29353,29353,77579.0
860Z200US29355,29355,61740.0
860Z200US29356,29356,101209.0
860Z200US29360,29360,76633.0
860Z200US29364,29364,35564.0
860Z200US29365,29365,93690.0
860Z200US29368,29368,111441.0
860Z200US29369,29369,103001.0
860Z200US29370,29370,78578.0
860Z200US29372,29372,59819.0
860Z200US29373,29373,63248.0
860Z200US29374,29374,90096.0
860Z200US29375,29375,163056.0
860Z200US29376,29376,89881.0
860Z200US29377,29377,53418.0
860Z200US29378,29378,24869.0
860Z200US29379,29379,56438.0
860Z200US29384,29384,65009.0
860Z200US29385,29385,67111.0
860Z200US29388,29388,85439.0
860Z200US29401,29401,189416.0
860Z200US29403,29403,101765.0
860Z200US29404,29404,77579.0
860Z200US29405,29405,77524.0
860Z200US29406,29406,74845.0
860Z200US29407,29407,124696.0
860Z200US29409,29409,
860Z200US29410,29410,101137.0
860Z200US29412,29412,132101.0
860Z200US29414,29414,113894.0
860Z200US29418,29418,80847.0
860Z200US29420,29420,89351.0
860Z200US29424,29424,
860Z200US29425,29425,
860Z200US29426,29426,56216.0
860Z200US29429,29429,128003.0
860Z200US29431,29431,87588.0
860Z200US29432,29432,61581.0
860Z200US29434,29434,58238.0
860Z200US29435,29435,81651.0
860Z200US29436,29436,78032.0
860Z200US29437,29437,75279.0
860Z200US29438,29438,120417.0
860Z200US29439,29439,155286.0
860Z200US29440,29440,80012.0
860Z200US29445,29445,93677.0
860Z200US29446,29446,57193.0
860Z200US29448,29448,67274.0
860Z200US29449,29449,108574.0
860Z200US29450,29450,67540.0
860Z200US29451,29451,267624.0
860Z200US29452,29452,86581.0
860Z200US29453,29453,64461.0
860Z200US29455,29455,171102.0
860Z200US29456,29456,94489.0
860Z200US29458,29458,111792.0
860Z200US29461,29461,97751.0
860Z200US29464,29464,151736.0
860Z200US29466,29466,176356.0
860Z200US29468,29468,42984.0
860Z200US29469,29469,99967.0
860Z200US29470,29470,118537.0
860Z200US29471,29471,55432.0
860Z200US29472,29472,84831.0
860Z200US29474,29474,58246.0
860Z200US29475,29475,58673.0
860Z200US29477,29477,65772.0
860Z200US29479,29479,60652.0
860Z200US29481,29481,68660.0
860Z200US29482,29482,309339.0
860Z200US29483,29483,97097.0
860Z200US29485,29485,103712.0
860Z200US29486,29486,99026.0
860Z200US29487,29487,157995.0
860Z200US29488,29488,65744.0
860Z200US29492,29492,181832.0
860Z200US29493,29493,83542.0
860Z200US29501,29501,93311.0
860Z200US29505,29505,80056.0
860Z200US29506,29506,64151.0
860Z200US29510,29510,64684.0
860Z200US29511,29511,83031.0
860Z200US29512,29512,54236.0
860Z200US29516,29516,68978.0
860Z200US29518,29518,57769.0
860Z200US29519,29519,19042.0
860Z200US29520,29520,63867.0
860Z200US29525,29525,45730.0
860Z200US29526,29526,80837.0
860Z200US29527,29527,68215.0
860Z200US29530,29530,61057.0
860Z200US29532,29532,71110.0
860Z200US29536,29536,56998.0
860Z200US29540,29540,63485.0
860Z200US29541,29541,69348.0
860Z200US29543,29543,66916.0
860Z200US29544,29544,84946.0
860Z200US29545,29545,43077.0
860Z200US29546,29546,46654.0
860Z200US29547,29547,57125.0
860Z200US29550,29550,76463.0
860Z200US29554,29554,59058.0
860Z200US29555,29555,70082.0
860Z200US29556,29556,62524.0
860Z200US29560,29560,68163.0
860Z200US29563,29563,58438.0
860Z200US29564,29564,49951.0
860Z200US29565,29565,61695.0
860Z200US29566,29566,82257.0
860Z200US29567,29567,43148.0
860Z200US29568,29568,76927.0
860Z200US29569,29569,69747.0
860Z200US29570,29570,44144.0
860Z200US29571,29571,52223.0
860Z200US29572,29572,120985.0
860Z200US29574,29574,47416.0
860Z200US29575,29575,89621.0
860Z200US29576,29576,96135.0
860Z200US29577,29577,76038.0
860Z200US29579,29579,95260.0
860Z200US29580,29580,56301.0
860Z200US29581,29581,74107.0
860Z200US29582,29582,100723.0
860Z200US29583,29583,82296.0
860Z200US29584,29584,60485.0
860Z200US29585,29585,119693.0
860Z200US29588,29588,85405.0
860Z200US29589,29589,
860Z200US29590,29590,59045.0
860Z200US29591,29591,66473.0
860Z200US29592,29592,45823.0
860Z200US29593,29593,53690.0
860Z200US29594,29594,25781.0
860Z200US29596,29596,42440.0
860Z200US29601,29601,120319.0
860Z200US29605,29605,108996.0
860Z200US29607,29607,106952.0
860Z200US29609,29609,105943.0
860Z200US29611,29611,70821.0
860Z200US29613,29613,
860Z200US29614,29614,
860Z200US29615,29615,106047.0
860Z200US29617,29617,75338.0
860Z200US29620,29620,75902.0
860Z200US29621,29621,96706.0
860Z200US29624,29624,45757.0
860Z200US29625,29625,79349.0
860Z200US29626,29626,78834.0
860Z200US29627,29627,80639.0
860Z200US29628,29628,56507.0
860Z200US29630,29630,65713.0
860Z200US29631,29631,86735.0
860Z200US29634,29634,
860Z200US29635,29635,83442.0
860Z200US29638,29638,72354.0
860Z200US29639,29639,71409.0
860Z200US29640,29640,93353.0
860Z200US29642,29642,91377.0
860Z200US29643,29643,97758.0
860Z200US29644,29644,85150.0
860Z200US29645,29645,76309.0
860Z200US29646,29646,63274.0
860Z200US29649,29649,80773.0
860Z200US29650,29650,120031.0
860Z200US29651,29651,105733.0
860Z200US29653,29653,70679.0
860Z200US29654,29654,70670.0
860Z200US29655,29655,69260.0
860Z200US29657,29657,86024.0
860Z200US29658,29658,50111.0
860Z200US29659,29659,158280.0
860Z200US29661,29661,67154.0
860Z200US29662,29662,96538.0
860Z200US29664,29664,88161.0
860Z200US29665,29665,30015.0
860Z200US29666,29666,97452.0
860Z200US29667,29667,76694.0
860Z200US29669,29669,83317.0
860Z200US29670,29670,87536.0
860Z200US29671,29671,83736.0
860Z200US29672,29672,129765.0
860Z200US29673,29673,97732.0
860Z200US29676,29676,140915.0
860Z200US29678,29678,69022.0
860Z200US29680,29680,106453.0
860Z200US29681,29681,130798.0
860Z200US29682,29682,85723.0
860Z200US29683,29683,58285.0
860Z200US29684,29684,70279.0
860Z200US29685,29685,156166.0
860Z200US29686,29686,97618.0
860Z200US29687,29687,92731.0
860Z200US29689,29689,130690.0
860Z200US29690,29690,95301.0
860Z200US29691,29691,68372.0
860Z200US29692,29692,59449.0
860Z200US29693,29693,74369.0
860Z200US29696,29696,94861.0
860Z200US29697,29697,84005.0
860Z200US29702,29702,74531.0
860Z200US29704,29704,91218.0
860Z200US29706,29706,65606.0
860Z200US29707,29707,145740.0
860Z200US29708,29708,162532.0
860Z200US29709,29709,75590.0
860Z200US29710,29710,109658.0
860Z200US29712,29712,79452.0
860Z200US29714,29714,72144.0
860Z200US29715,29715,133928.0
860Z200US29717,29717,76467.0
860Z200US29718,29718,74618.0
860Z200US29720,29720,80128.0
860Z200US29724,29724,
860Z200US29726,29726,93571.0
860Z200US29727,29727,56112.0
860Z200US29728,29728,66454.0
860Z200US29729,29729,71559.0
860Z200US29730,29730,83373.0
860Z200US29732,29732,101151.0
860Z200US29733,29733,
860Z200US29741,29741,59842.0
860Z200US29742,29742,61031.0
860Z200US29743,29743,87719.0
860Z200US29745,29745,94020.0
860Z200US29801,29801,78986.0
860Z200US29803,29803,110828.0
860Z200US29805,29805,83033.0
860Z200US29809,29809,74056.0
860Z200US29810,29810,48533.0
860Z200US29812,29812,65168.0
860Z200US29816,29816,42318.0
860Z200US29817,29817,66656.0
860Z200US29819,29819,60104.0
860Z200US29821,29821,95196.0
860Z200US29824,29824,64134.0
860Z200US29826,29826,35838.0
860Z200US29827,29827,59847.0
860Z200US29828,29828,41189.0
860Z200US29829,29829,85705.0
860Z200US29831,29831,68982.0
860Z200US29832,29832,60430.0
860Z200US29834,29834,52824.0
860Z200US29835,29835,73213.0
860Z200US29836,29836,53080.0
860Z200US29838,29838,106064.0
860Z200US29840,29840,53103.0
860Z200US29841,29841,92190.0
860Z200US29842,29842,63823.0
860Z200US29843,29843,50659.0
860Z200US29844,29844,84398.0
860Z200US29845,29845,59897.0
860Z200US29847,29847,83307.0
860Z200US29848,29848,91426.0
860Z200US29849,29849,78217.0
860Z200US29851,29851,72498.0
860Z200US29853,29853,56995.0
860Z200US29856,29856,61858.0
860Z200US29860,29860,114294.0
860Z200US29899,29899,
860Z200US29902,29902,95840.0
860Z200US29904,29904,
860Z200US29905,29905,
860Z200US29906,29906,74597.0
860Z200US29907,29907,130994.0
860Z200US29909,29909,123024.0
860Z200US29910,29910,138829.0
860Z200US29911,29911,71540.0
860Z200US29912,29912,
860Z200US29915,29915,190616.0
860Z200US29916,29916,83491.0
860Z200US29918,29918,55944.0
860Z200US29920,29920,96125.0
860Z200US29921,29921,66929.0
860Z200US29922,29922,35088.0
860Z200US29923,29923,33951.0
860Z200US29924,29924,61713.0
860Z200US29926,29926,140727.0
860Z200US29927,29927,87307.0
860Z200US29928,29928,170404.0
860Z200US29929,29929,71356.0
860Z200US29932,29932,83196.0
860Z200US29934,29934,71075.0
860Z200US29935,29935,74729.0
860Z200US29936,29936,61703.0
860Z200US29939,29939,72648.0
860Z200US29940,29940,78381.0
860Z200US29941,29941,160494.0
860Z200US29943,29943,61367.0
860Z200US29944,29944,61749.0
860Z200US29945,29945,59145.0
860Z200US30002,30002,125745.0
860Z200US30004,30004,201257.0
860Z200US30005,30005,196864.0
860Z200US30008,30008,89327.0
860Z200US30009,30009,190509.0
860Z200US30011,30011,104404.0
860Z200US30012,30012,82077.0
860Z200US30013,30013,89704.0
860Z200US30014,30014,87420.0
860Z200US30016,30016,85774.0
860Z200US30017,30017,117084.0
860Z200US30018,30018,64979.0
860Z200US30019,30019,132585.0
860Z200US30021,30021,71464.0
860Z200US30022,30022,190302.0
860Z200US30024,30024,169696.0
860Z200US30025,30025,107277.0
860Z200US30028,30028,147142.0
860Z200US30030,30030,175246.0
860Z200US30032,30032,77844.0
860Z200US30033,30033,141584.0
860Z200US30034,30034,78380.0
860Z200US30035,30035,82376.0
860Z200US30038,30038,90822.0
860Z200US30039,30039,106691.0
860Z200US30040,30040,153578.0
860Z200US30041,30041,166280.0
860Z200US30043,30043,115379.0
860Z200US30044,30044,95146.0
860Z200US30045,30045,122768.0
860Z200US30046,30046,78053.0
860Z200US30047,30047,109078.0
860Z200US30052,30052,109668.0
860Z200US30054,30054,95855.0
860Z200US30055,30055,98765.0
860Z200US30056,30056,91409.0
860Z200US30058,30058,74206.0
860Z200US30060,30060,90009.0
860Z200US30062,30062,157135.0
860Z200US30064,30064,146528.0
860Z200US30066,30066,139501.0
860Z200US30067,30067,126298.0
860Z200US30068,30068,184267.0
860Z200US30070,30070,66932.0
860Z200US30071,30071,88947.0
860Z200US30072,30072,85791.0
860Z200US30075,30075,200435.0
860Z200US30076,30076,152122.0
860Z200US30078,30078,110438.0
860Z200US30079,30079,88790.0
860Z200US30080,30080,124530.0
860Z200US30082,30082,159383.0
860Z200US30083,30083,71678.0
860Z200US30084,30084,106959.0
860Z200US30087,30087,115254.0
860Z200US30088,30088,86211.0
860Z200US30090,30090,
860Z200US30092,30092,117371.0
860Z200US30093,30093,64378.0
860Z200US30094,30094,105156.0
860Z200US30096,30096,100885.0
860Z200US30097,30097,171418.0
860Z200US30101,30101,134649.0
860Z200US30102,30102,105991.0
860Z200US30103,30103,86798.0
860Z200US30104,30104,79049.0
860Z200US30105,30105,93642.0
860Z200US30106,30106,80688.0
860Z200US30107,30107,124140.0
860Z200US30108,30108,76683.0
860Z200US30110,30110,93076.0
860Z200US30111,30111,
860Z200US30113,30113,71800.0
860Z200US30114,30114,119414.0
860Z200US30115,30115,138763.0
860Z200US30116,30116,98260.0
860Z200US30117,30117,82478.0
860Z200US30118,30118,
860Z200US30120,30120,99462.0
860Z200US30121,30121,92976.0
860Z200US30122,30122,77427.0
860Z200US30124,30124,88834.0
860Z200US30125,30125,77053.0
860Z200US30126,30126,130350.0
860Z200US30127,30127,127208.0
860Z200US30132,30132,110949.0
860Z200US30134,30134,86504.0
860Z200US30135,30135,114979.0
860Z200US30137,30137,84950.0
860Z200US30139,30139,72487.0
860Z200US30141,30141,102525.0
860Z200US30143,30143,99803.0
860Z200US30144,30144,105726.0
860Z200US30145,30145,92256.0
860Z200US30147,30147,65998.0
860Z200US30148,30148,109307.0
860Z200US30149,30149,
860Z200US30152,30152,155400.0
860Z200US30153,30153,71526.0
860Z200US30157,30157,104920.0
860Z200US30161,30161,88367.0
860Z200US30165,30165,84654.0
860Z200US30168,30168,84473.0
860Z200US30170,30170,101375.0
860Z200US30171,30171,111113.0
860Z200US30173,30173,72473.0
860Z200US30175,30175,80040.0
860Z200US30176,30176,82741.0
860Z200US30177,30177,136289.0
860Z200US30178,30178,87566.0
860Z200US30179,30179,85258.0
860Z200US30180,30180,97495.0
860Z200US30182,30182,75005.0
860Z200US30183,30183,139178.0
860Z200US30184,30184,116578.0
860Z200US30185,30185,80839.0
860Z200US30187,30187,114621.0
860Z200US30188,30188,126497.0
860Z200US30189,30189,137622.0
860Z200US30204,30204,84407.0
860Z200US30205,30205,150381.0
860Z200US30206,30206,97637.0
860Z200US30213,30213,101931.0
860Z200US30214,30214,117466.0
860Z200US30215,30215,146266.0
860Z200US30216,30216,64753.0
860Z200US30217,30217,83993.0
860Z200US30218,30218,75026.0
860Z200US30220,30220,85651.0
860Z200US30222,30222,65604.0
860Z200US30223,30223,72495.0
860Z200US30224,30224,128548.0
860Z200US30228,30228,96287.0
860Z200US30229,30229,31688.0
860Z200US30230,30230,68134.0
860Z200US30233,30233,87088.0
860Z200US30234,30234,55241.0
860Z200US30236,30236,92509.0
860Z200US30238,30238,73844.0
860Z200US30240,30240,98424.0
860Z200US30241,30241,67784.0
860Z200US30248,30248,109459.0
860Z200US30250,30250,
860Z200US30251,30251,80337.0
860Z200US30252,30252,123985.0
860Z200US30253,30253,95779.0
860Z200US30256,30256,96647.0
860Z200US30257,30257,86128.0
860Z200US30258,30258,99944.0
860Z200US30259,30259,118073.0
860Z200US30260,30260,66436.0
860Z200US30263,30263,100621.0
860Z200US30265,30265,124388.0
860Z200US30268,30268,111004.0
860Z200US30269,30269,145895.0
860Z200US30272,30272,
860Z200US30273,30273,76759.0
860Z200US30274,30274,64981.0
860Z200US30275,30275,
860Z200US30276,30276,122453.0
860Z200US30277,30277,143941.0
860Z200US30281,30281,82799.0
860Z200US30284,30284,
860Z200US30285,30285,94063.0
860Z200US30286,30286,72682.0
860Z200US30288,30288,75403.0
860Z200US30289,30289,
860Z200US30290,30290,160037.0
860Z200US30291,30291,63012.0
860Z200US30292,30292,99422.0
860Z200US30293,30293,58882.0
860Z200US30294,30294,91425.0
860Z200US30295,30295,87454.0
860Z200US30296,30296,76432.0
860Z200US30297,30297,58938.0
860Z200US30303,30303,52499.0
860Z200US30305,30305,206031.0
860Z200US30306,30306,203349.0
860Z200US30307,30307,205305.0
860Z200US30308,30308,111957.0
860Z200US30309,30309,162587.0
860Z200US30310,30310,69961.0
860Z200US30311,30311,73817.0
860Z200US30312,30312,114311.0
860Z200US30313,30313,107899.0
860Z200US30314,30314,54924.0
860Z200US30315,30315,70700.0
860Z200US30316,30316,134543.0
860Z200US30317,30317,148560.0
860Z200US30318,30318,119919.0
860Z200US30319,30319,198302.0
860Z200US30322,30322,
860Z200US30324,30324,146798.0
860Z200US30326,30326,147191.0
860Z200US30327,30327,350029.0
860Z200US30328,30328,159604.0
860Z200US30329,30329,104247.0
860Z200US30331,30331,85888.0
860Z200US30332,30332,
860Z200US30334,30334,
860Z200US30336,30336,80640.0
860Z200US30337,30337,74480.0
860Z200US30338,30338,181875.0
860Z200US30339,30339,135663.0
860Z200US30340,30340,88414.0
860Z200US30341,30341,120973.0
860Z200US30342,30342,211175.0
860Z200US30344,30344,77167.0
860Z200US30345,30345,150881.0
860Z200US30346,30346,87712.0
860Z200US30349,30349,82145.0
860Z200US30350,30350,129065.0
860Z200US30354,30354,70791.0
860Z200US30360,30360,102995.0
860Z200US30363,30363,189944.0
860Z200US30401,30401,64392.0
860Z200US30410,30410,87079.0
860Z200US30411,30411,57370.0
860Z200US30412,30412,59100.0
860Z200US30413,30413,81714.0
860Z200US30414,30414,157765.0
860Z200US30415,30415,79839.0
860Z200US30417,30417,70070.0
860Z200US30420,30420,52789.0
860Z200US30421,30421,81637.0
860Z200US30423,30423,56820.0
860Z200US30425,30425,68998.0
860Z200US30426,30426,77458.0
860Z200US30427,30427,69375.0
860Z200US30428,30428,62739.0
860Z200US30429,30429,68205.0
860Z200US30434,30434,67228.0
860Z200US30436,30436,65982.0
860Z200US30439,30439,67830.0
860Z200US30441,30441,50531.0
860Z200US30442,30442,56309.0
860Z200US30445,30445,51598.0
860Z200US30446,30446,83129.0
860Z200US30448,30448,51600.0
860Z200US30449,30449,
860Z200US30450,30450,72239.0
860Z200US30451,30451,50876.0
860Z200US30452,30452,76484.0
860Z200US30453,30453,55750.0
860Z200US30454,30454,62737.0
860Z200US30455,30455,63356.0
860Z200US30456,30456,58267.0
860Z200US30457,30457,61852.0
860Z200US30458,30458,63941.0
860Z200US30460,30460,
860Z200US30461,30461,97190.0
860Z200US30464,30464,87148.0
860Z200US30467,30467,73689.0
860Z200US30470,30470,85192.0
860Z200US30471,30471,53310.0
860Z200US30473,30473,85481.0
860Z200US30474,30474,76861.0
860Z200US30477,30477,57439.0
860Z200US30501,30501,81651.0
860Z200US30504,30504,98083.0
860Z200US30506,30506,129809.0
860Z200US30507,30507,88530.0
860Z200US30510,30510,64854.0
860Z200US30511,30511,88076.0
860Z200US30512,30512,93805.0
860Z200US30513,30513,85779.0
860Z200US30516,30516,69429.0
860Z200US30517,30517,138917.0
860Z200US30518,30518,121526.0
860Z200US30519,30519,124104.0
860Z200US30520,30520,69661.0
860Z200US30521,30521,95313.0
860Z200US30522,30522,73913.0
860Z200US30523,30523,98120.0
860Z200US30525,30525,82082.0
860Z200US30527,30527,121594.0
860Z200US30528,30528,89320.0
860Z200US30529,30529,73207.0
860Z200US30530,30530,78480.0
860Z200US30531,30531,78350.0
860Z200US30533,30533,97575.0
860Z200US30534,30534,109940.0
860Z200US30535,30535,70314.0
860Z200US30536,30536,90066.0
860Z200US30537,30537,73895.0
860Z200US30538,30538,76072.0
860Z200US30539,30539,72849.0
860Z200US30540,30540,84347.0
860Z200US30541,30541,117791.0
860Z200US30542,30542,121886.0
860Z200US30543,30543,84908.0
860Z200US30545,30545,93563.0
860Z200US30546,30546,86253.0
860Z200US30547,30547,99399.0
860Z200US30548,30548,130559.0
860Z200US30549,30549,109232.0
860Z200US30552,30552,109398.0
860Z200US30553,30553,71165.0
860Z200US30554,30554,91233.0
860Z200US30555,30555,51641.0
860Z200US30557,30557,76990.0
860Z200US30558,30558,73559.0
860Z200US30559,30559,93691.0
860Z200US30560,30560,80486.0
860Z200US30562,30562,64130.0
860Z200US30563,30563,102184.0
860Z200US30564,30564,92531.0
860Z200US30565,30565,81138.0
860Z200US30566,30566,75447.0
860Z200US30567,30567,100564.0
860Z200US30568,30568,93106.0
860Z200US30571,30571,109871.0
860Z200US30572,30572,95176.0
860Z200US30573,30573,41539.0
860Z200US30575,30575,78706.0
860Z200US30576,30576,102410.0
860Z200US30577,30577,66439.0
860Z200US30581,30581,
860Z200US30582,30582,94429.0
860Z200US30597,30597,
860Z200US30598,30598,
860Z200US30601,30601,59407.0
860Z200US30602,30602,
860Z200US30605,30605,68665.0
860Z200US30606,30606,101137.0
860Z200US30607,30607,81342.0
860Z200US30609,30609,
860Z200US30619,30619,78733.0
860Z200US30620,30620,92136.0
860Z200US30621,30621,149219.0
860Z200US30622,30622,151876.0
860Z200US30623,30623,108581.0
860Z200US30624,30624,68755.0
860Z200US30625,30625,117935.0
860Z200US30627,30627,78963.0
860Z200US30628,30628,90157.0
860Z200US30629,30629,73505.0
860Z200US30630,30630,77342.0
860Z200US30631,30631,61541.0
860Z200US30633,30633,75806.0
860Z200US30634,30634,70985.0
860Z200US30635,30635,64639.0
860Z200US30639,30639,
860Z200US30641,30641,92103.0
860Z200US30642,30642,152753.0
860Z200US30643,30643,75781.0
860Z200US30646,30646,69322.0
860Z200US30648,30648,100181.0
860Z200US30650,30650,105927.0
860Z200US30655,30655,87261.0
860Z200US30656,30656,111316.0
860Z200US30660,30660,89194.0
860Z200US30662,30662,74763.0
860Z200US30663,30663,85989.0
860Z200US30664,30664,50182.0
860Z200US30665,30665,51551.0
860Z200US30666,30666,111897.0
860Z200US30667,30667,73261.0
860Z200US30668,30668,70014.0
860Z200US30669,30669,82512.0
860Z200US30673,30673,73139.0
860Z200US30677,30677,145940.0
860Z200US30678,30678,75179.0
860Z200US30680,30680,87970.0
860Z200US30683,30683,90720.0
860Z200US30701,30701,85003.0
860Z200US30705,30705,82167.0
860Z200US30707,30707,97405.0
860Z200US30708,30708,69283.0
860Z200US30710,30710,96174.0
860Z200US30711,30711,71817.0
860Z200US30720,30720,98453.0
860Z200US30721,30721,72460.0
860Z200US30724,30724,
860Z200US30725,30725,82003.0
860Z200US30726,30726,
860Z200US30728,30728,62186.0
860Z200US30730,30730,66950.0
860Z200US30731,30731,61925.0
860Z200US30733,30733,56747.0
860Z200US30734,30734,72997.0
860Z200US30735,30735,117987.0
860Z200US30736,30736,102568.0
860Z200US30738,30738,98365.0
860Z200US30739,30739,90346.0
860Z200US30740,30740,108160.0
860Z200US30741,30741,63563.0
860Z200US30742,30742,59396.0
860Z200US30746,30746,97767.0
860Z200US30747,30747,60637.0
860Z200US30750,30750,149660.0
860Z200US30751,30751,
860Z200US30752,30752,71300.0
860Z200US30753,30753,62449.0
860Z200US30755,30755,90643.0
860Z200US30756,30756,
860Z200US30757,30757,88413.0
860Z200US30802,30802,115991.0
860Z200US30803,30803,72078.0
860Z200US30805,30805,68392.0
860Z200US30807,30807,48869.0
860Z200US30808,30808,63511.0
860Z200US30809,30809,142903.0
860Z200US30810,30810,74240.0
860Z200US30812,30812,
860Z200US30813,30813,101702.0
860Z200US30814,30814,98103.0
860Z200US30815,30815,82171.0
860Z200US30816,30816,67478.0
860Z200US30817,30817,70692.0
860Z200US30818,30818,61981.0
860Z200US30820,30820,48962.0
860Z200US30821,30821,67467.0
860Z200US30822,30822,
860Z200US30823,30823,61563.0
860Z200US30824,30824,72064.0
860Z200US30828,30828,56979.0
860Z200US30830,30830,96587.0
860Z200US30833,30833,57666.0
860Z200US30901,30901,37837.0
860Z200US30904,30904,74180.0
860Z200US30905,30905,72142.0
860Z200US30906,30906,60324.0
860Z200US30907,30907,108744.0
860Z200US30909,30909,91739.0
860Z200US30912,30912,
860Z200US31001,31001,60832.0
860Z200US31002,31002,64199.0
860Z200US31003,31003,53933.0
860Z200US31004,31004,
860Z200US31005,31005,120528.0
860Z200US31006,31006,58487.0
860Z200US31007,31007,74732.0
860Z200US31008,31008,103077.0
860Z200US31009,31009,55937.0
860Z200US31011,31011,69471.0
860Z200US31012,31012,84102.0
860Z200US31014,31014,71546.0
860Z200US31015,31015,64816.0
860Z200US31016,31016,73603.0
860Z200US31017,31017,73138.0
860Z200US31018,31018,58862.0
860Z200US31019,31019,73667.0
860Z200US31020,31020,77160.0
860Z200US31021,31021,77547.0
860Z200US31022,31022,86151.0
860Z200US31023,31023,66737.0
860Z200US31024,31024,95489.0
860Z200US31025,31025,152634.0
860Z200US31027,31027,74540.0
860Z200US31028,31028,95736.0
860Z200US31029,31029,97254.0
860Z200US31030,31030,79014.0
860Z200US31031,31031,74694.0
860Z200US31032,31032,96459.0
860Z200US31033,31033,106254.0
860Z200US31034,31034,
860Z200US31035,31035,68552.0
860Z200US31036,31036,69292.0
860Z200US31037,31037,66343.0
860Z200US31038,31038,81387.0
860Z200US31039,31039,
860Z200US31041,31041,52083.0
860Z200US31042,31042,54232.0
860Z200US31044,31044,76500.0
860Z200US31045,31045,42315.0
860Z200US31046,31046,121204.0
860Z200US31047,31047,128858.0
860Z200US31049,31049,67290.0
860Z200US31050,31050,62435.0
860Z200US31051,31051,33259.0
860Z200US31052,31052,110733.0
860Z200US31054,31054,70380.0
860Z200US31055,31055,64034.0
860Z200US31057,31057,92835.0
860Z200US31058,31058,47389.0
860Z200US31060,31060,60102.0
860Z200US31061,31061,86901.0
860Z200US31062,31062,
860Z200US31063,31063,93376.0
860Z200US31064,31064,84643.0
860Z200US31065,31065,125781.0
860Z200US31066,31066,78660.0
860Z200US31067,31067,75253.0
860Z200US31068,31068,37565.0
860Z200US31069,31069,89674.0
860Z200US31070,31070,77267.0
860Z200US31071,31071,57021.0
860Z200US31072,31072,63185.0
860Z200US31075,31075,64326.0
860Z200US31076,31076,66300.0
860Z200US31077,31077,50025.0
860Z200US31078,31078,63389.0
860Z200US31079,31079,68102.0
860Z200US31081,31081,100432.0
860Z200US31082,31082,67804.0
860Z200US31083,31083,56618.0
860Z200US31084,31084,
860Z200US31085,31085,78244.0
860Z200US31087,31087,55620.0
860Z200US31088,31088,96165.0
860Z200US31089,31089,59622.0
860Z200US31090,31090,68135.0
860Z200US31091,31091,92055.0
860Z200US31092,31092,71212.0
860Z200US31093,31093,60325.0
860Z200US31094,31094,55424.0
860Z200US31096,31096,65015.0
860Z200US31097,31097,81405.0
860Z200US31098,31098,109873.0
860Z200US31201,31201,56521.0
860Z200US31204,31204,59730.0
860Z200US31206,31206,46900.0
860Z200US31207,31207,
860Z200US31210,31210,125214.0
860Z200US31211,31211,62132.0
860Z200US31213,31213,
860Z200US31216,31216,87159.0
860Z200US31217,31217,58446.0
860Z200US31220,31220,110119.0
860Z200US31301,31301,71210.0
860Z200US31302,31302,84534.0
860Z200US31303,31303,88514.0
860Z200US31305,31305,58324.0
860Z200US31307,31307,122585.0
860Z200US31308,31308,121752.0
860Z200US31309,31309,77206.0
860Z200US31312,31312,116699.0
860Z200US31313,31313,71120.0
860Z200US31314,31314,
860Z200US31315,31315,57029.0
860Z200US31316,31316,75436.0
860Z200US31318,31318,70760.0
860Z200US31320,31320,90627.0
860Z200US31321,31321,82237.0
860Z200US31322,31322,102686.0
860Z200US31323,31323,64140.0
860Z200US31324,31324,141577.0
860Z200US31326,31326,102831.0
860Z200US31327,31327,
860Z200US31328,31328,109594.0
860Z200US31329,31329,87657.0
860Z200US31331,31331,75909.0
860Z200US31333,31333,33827.0
860Z200US31401,31401,80119.0
860Z200US31404,31404,70426.0
860Z200US31405,31405,90263.0
860Z200US31406,31406,107607.0
860Z200US31407,31407,92968.0
860Z200US31408,31408,54588.0
860Z200US31409,31409,
860Z200US31410,31410,131321.0
860Z200US31411,31411,183642.0
860Z200US31415,31415,62300.0
860Z200US31419,31419,90358.0
860Z200US31421,31421,
860Z200US31501,31501,49216.0
860Z200US31503,31503,66736.0
860Z200US31510,31510,70105.0
860Z200US31512,31512,73133.0
860Z200US31513,31513,60237.0
860Z200US31516,31516,80128.0
860Z200US31518,31518,80234.0
860Z200US31519,31519,57975.0
860Z200US31520,31520,61662.0
860Z200US31522,31522,154225.0
860Z200US31523,31523,111466.0
860Z200US31524,31524,
860Z200US31525,31525,85707.0
860Z200US31527,31527,87444.0
860Z200US31532,31532,60980.0
860Z200US31533,31533,57695.0
860Z200US31535,31535,70966.0
860Z200US31537,31537,69654.0
860Z200US31539,31539,59848.0
860Z200US31542,31542,62487.0
860Z200US31543,31543,68822.0
860Z200US31544,31544,69340.0
860Z200US31545,31545,62864.0
860Z200US31546,31546,69380.0
860Z200US31547,31547,
860Z200US31548,31548,89515.0
860Z200US31549,31549,53063.0
860Z200US31550,31550,88123.0
860Z200US31551,31551,67662.0
860Z200US31552,31552,72337.0
860Z200US31553,31553,61640.0
860Z200US31554,31554,59031.0
860Z200US31555,31555,79158.0
860Z200US31556,31556,37244.0
860Z200US31557,31557,68718.0
860Z200US31558,31558,82148.0
860Z200US31560,31560,57683.0
860Z200US31561,31561,160372.0
860Z200US31562,31562,56410.0
860Z200US31563,31563,66182.0
860Z200US31564,31564,
860Z200US31565,31565,78453.0
860Z200US31566,31566,53774.0
860Z200US31567,31567,66752.0
860Z200US31568,31568,91520.0
860Z200US31569,31569,81581.0
860Z200US31599,31599,
860Z200US31601,31601,55240.0
860Z200US31602,31602,71253.0
860Z200US31605,31605,93746.0
860Z200US31606,31606,64750.0
860Z200US31620,31620,71012.0
860Z200US31622,31622,65562.0
860Z200US31623,31623,40784.0
860Z200US31624,31624,65194.0
860Z200US31625,31625,83875.0
860Z200US31626,31626,74570.0
860Z200US31627,31627,50031.0
860Z200US31629,31629,106847.0
860Z200US31630,31630,40572.0
860Z200US31631,31631,64254.0
860Z200US31632,31632,101497.0
860Z200US31634,31634,71005.0
860Z200US31635,31635,62896.0
860Z200US31636,31636,77403.0
860Z200US31637,31637,71460.0
860Z200US31638,31638,84477.0
860Z200US31639,31639,65106.0
860Z200US31641,31641,65751.0
860Z200US31642,31642,59389.0
860Z200US31643,31643,61208.0
860Z200US31645,31645,89001.0
860Z200US31647,31647,67386.0
860Z200US31648,31648,41450.0
860Z200US31649,31649,89219.0
860Z200US31650,31650,59156.0
860Z200US31698,31698,
860Z200US31699,31699,
860Z200US31701,31701,54413.0
860Z200US31704,31704,
860Z200US31705,31705,52584.0
860Z200US31707,31707,61854.0
860Z200US31709,31709,58736.0
860Z200US31711,31711,50418.0
860Z200US31712,31712,76625.0
860Z200US31714,31714,55720.0
860Z200US31716,31716,75505.0
860Z200US31719,31719,68827.0
860Z200US31720,31720,49010.0
860Z200US31721,31721,102788.0
860Z200US31722,31722,67189.0
860Z200US31727,31727,
860Z200US31730,31730,59770.0
860Z200US31733,31733,76817.0
860Z200US31735,31735,68273.0
860Z200US31738,31738,73282.0
860Z200US31743,31743,41406.0
860Z200US31744,31744,69957.0
860Z200US31747,31747,60903.0
860Z200US31749,31749,53354.0
860Z200US31750,31750,56693.0
860Z200US31753,31753,
860Z200US31756,31756,97817.0
860Z200US31757,31757,90240.0
860Z200US31763,31763,98805.0
860Z200US31764,31764,73024.0
860Z200US31765,31765,55118.0
860Z200US31768,31768,70385.0
860Z200US31771,31771,80104.0
860Z200US31772,31772,57284.0
860Z200US31773,31773,89629.0
860Z200US31774,31774,66242.0
860Z200US31775,31775,68504.0
860Z200US31778,31778,79140.0
860Z200US31779,31779,62639.0
860Z200US31780,31780,58910.0
860Z200US31781,31781,60162.0
860Z200US31783,31783,60301.0
860Z200US31784,31784,68480.0
860Z200US31787,31787,82485.0
860Z200US31788,31788,68761.0
860Z200US31789,31789,68635.0
860Z200US31790,31790,75942.0
860Z200US31791,31791,74045.0
860Z200US31792,31792,79487.0
860Z200US31793,31793,99277.0
860Z200US31794,31794,66190.0
860Z200US31795,31795,67948.0
860Z200US31796,31796,68829.0
860Z200US31798,31798,61087.0
860Z200US31801,31801,65935.0
860Z200US31803,31803,62774.0
860Z200US31804,31804,131734.0
860Z200US31805,31805,57395.0
860Z200US31806,31806,80584.0
860Z200US31807,31807,106531.0
860Z200US31808,31808,129824.0
860Z200US31810,31810,50029.0
860Z200US31811,31811,107832.0
860Z200US31812,31812,90059.0
860Z200US31814,31814,
860Z200US31815,31815,62592.0
860Z200US31816,31816,71898.0
860Z200US31820,31820,141497.0
860Z200US31821,31821,38664.0
860Z200US31822,31822,96727.0
860Z200US31823,31823,58396.0
860Z200US31824,31824,52410.0
860Z200US31825,31825,51489.0
860Z200US31826,31826,93829.0
860Z200US31827,31827,73285.0
860Z200US31829,31829,145674.0
860Z200US31830,31830,63926.0
860Z200US31831,31831,96851.0
860Z200US31832,31832,18690.0
860Z200US31833,31833,64752.0
860Z200US31836,31836,61697.0
860Z200US31901,31901,63080.0
860Z200US31903,31903,38386.0
860Z200US31904,31904,98262.0
860Z200US31905,31905,78430.0
860Z200US31906,31906,70823.0
860Z200US31907,31907,70601.0
860Z200US31909,31909,87127.0
860Z200US32003,32003,150485.0
860Z200US32008,32008,70374.0
860Z200US32009,32009,107745.0
860Z200US32011,32011,91581.0
860Z200US32013,32013,
860Z200US32024,32024,82472.0
860Z200US32025,32025,66778.0
860Z200US32026,32026,
860Z200US32033,32033,123541.0
860Z200US32034,32034,135075.0
860Z200US32038,32038,81278.0
860Z200US32040,32040,84310.0
860Z200US32043,32043,98788.0
860Z200US32044,32044,58884.0
860Z200US32046,32046,90158.0
860Z200US32052,32052,51800.0
860Z200US32053,32053,61122.0
860Z200US32054,32054,86498.0
860Z200US32055,32055,72064.0
860Z200US32058,32058,87846.0
860Z200US32059,32059,59072.0
860Z200US32060,32060,71751.0
860Z200US32061,32061,
860Z200US32062,32062,80754.0
860Z200US32063,32063,89762.0
860Z200US32064,32064,58944.0
860Z200US32065,32065,101027.0
860Z200US32066,32066,66465.0
860Z200US32068,32068,100029.0
860Z200US32071,32071,59341.0
860Z200US32072,32072,127125.0
860Z200US32073,32073,96581.0
860Z200US32079,32079,61687.0
860Z200US32080,32080,123242.0
860Z200US32081,32081,193917.0
860Z200US32082,32082,204308.0
860Z200US32083,32083,64706.0
860Z200US32084,32084,90683.0
860Z200US32086,32086,92900.0
860Z200US32087,32087,91553.0
860Z200US32091,32091,65040.0
860Z200US32092,32092,139783.0
860Z200US32094,32094,95518.0
860Z200US32095,32095,153016.0
860Z200US32096,32096,65016.0
860Z200US32097,32097,99545.0
860Z200US32102,32102,67131.0
860Z200US32110,32110,73838.0
860Z200US32112,32112,62069.0
860Z200US32113,32113,76090.0
860Z200US32114,32114,52081.0
860Z200US32117,32117,67498.0
860Z200US32118,32118,84604.0
860Z200US32119,32119,71676.0
860Z200US32124,32124,145348.0
860Z200US32127,32127,89754.0
860Z200US32128,32128,97088.0
860Z200US32129,32129,79929.0
860Z200US32130,32130,80438.0
860Z200US32131,32131,99121.0
860Z200US32132,32132,73212.0
860Z200US32133,32133,122621.0
860Z200US32134,32134,58710.0
860Z200US32136,32136,116089.0
860Z200US32137,32137,109387.0
860Z200US32139,32139,58720.0
860Z200US32140,32140,68385.0
860Z200US32141,32141,73382.0
860Z200US32145,32145,111856.0
860Z200US32147,32147,54515.0
860Z200US32148,32148,55288.0
860Z200US32157,32157,37669.0
860Z200US32159,32159,74086.0
860Z200US32162,32162,91722.0
860Z200US32163,32163,117869.0
860Z200US32164,32164,95437.0
860Z200US32168,32168,93091.0
860Z200US32169,32169,135193.0
860Z200US32174,32174,92140.0
860Z200US32176,32176,121117.0
860Z200US32177,32177,64714.0
860Z200US32179,32179,60993.0
860Z200US32180,32180,74683.0
860Z200US32181,32181,53368.0
860Z200US32182,32182,
860Z200US32187,32187,73134.0
860Z200US32189,32189,53098.0
860Z200US32190,32190,127200.0
860Z200US32192,32192,
860Z200US32193,32193,59941.0
860Z200US32195,32195,80051.0
860Z200US32202,32202,74928.0
860Z200US32203,32203,
860Z200US32204,32204,76097.0
860Z200US32205,32205,87785.0
860Z200US32206,32206,54365.0
860Z200US32207,32207,94862.0
860Z200US32208,32208,57900.0
860Z200US32209,32209,44778.0
860Z200US32210,32210,85092.0
860Z200US32211,32211,69653.0
860Z200US32212,32212,54847.0
860Z200US32214,32214,
860Z200US32216,32216,86517.0
860Z200US32217,32217,103784.0
860Z200US32218,32218,87100.0
860Z200US32219,32219,74274.0
860Z200US32220,32220,87956.0
860Z200US32221,32221,98196.0
860Z200US32222,32222,92471.0
860Z200US32223,32223,120535.0
860Z200US32224,32224,121419.0
860Z200US32225,32225,114520.0
860Z200US32226,32226,125882.0
860Z200US32227,32227,84762.0
860Z200US32228,32228,
860Z200US32233,32233,120872.0
860Z200US32234,32234,92185.0
860Z200US32244,32244,74101.0
860Z200US32246,32246,96669.0
860Z200US32250,32250,160559.0
860Z200US32254,32254,51479.0
860Z200US32256,32256,99278.0
860Z200US32257,32257,108060.0
860Z200US32258,32258,113243.0
860Z200US32259,32259,165972.0
860Z200US32266,32266,154638.0
860Z200US32277,32277,75946.0
860Z200US32301,32301,69390.0
860Z200US32303,32303,86858.0
860Z200US32304,32304,41550.0
860Z200US32305,32305,64613.0
860Z200US32306,32306,
860Z200US32307,32307,
860Z200US32308,32308,111309.0
860Z200US32309,32309,133877.0
860Z200US32310,32310,57853.0
860Z200US32311,32311,108184.0
860Z200US32312,32312,154883.0
860Z200US32313,32313,
860Z200US32317,32317,138256.0
860Z200US32320,32320,68955.0
860Z200US32321,32321,65235.0
860Z200US32322,32322,81805.0
860Z200US32323,32323,
860Z200US32324,32324,52430.0
860Z200US32327,32327,95686.0
860Z200US32328,32328,86202.0
860Z200US32330,32330,41323.0
860Z200US32331,32331,65683.0
860Z200US32332,32332,45084.0
860Z200US32333,32333,71821.0
860Z200US32334,32334,68611.0
860Z200US32336,32336,63277.0
860Z200US32337,32337,
860Z200US32340,32340,62449.0
860Z200US32343,32343,66030.0
860Z200US32344,32344,72614.0
860Z200US32346,32346,78204.0
860Z200US32347,32347,84674.0
860Z200US32348,32348,67934.0
860Z200US32350,32350,53361.0
860Z200US32351,32351,57738.0
860Z200US32352,32352,51832.0
860Z200US32355,32355,54723.0
860Z200US32356,32356,
860Z200US32358,32358,96208.0
860Z200US32359,32359,92622.0
860Z200US32360,32360,49693.0
860Z200US32361,32361,117495.0
860Z200US32399,32399,
860Z200US32401,32401,72259.0
860Z200US32403,32403,77443.0
860Z200US32404,32404,84988.0
860Z200US32405,32405,89894.0
860Z200US32407,32407,109657.0
860Z200US32408,32408,103976.0
860Z200US32409,32409,80761.0
860Z200US32410,32410,76528.0
860Z200US32413,32413,110626.0
860Z200US32420,32420,57962.0
860Z200US32421,32421,61364.0
860Z200US32423,32423,51663.0
860Z200US32424,32424,67345.0
860Z200US32425,32425,60572.0
860Z200US32426,32426,50298.0
860Z200US32427,32427,58221.0
860Z200US32428,32428,66778.0
860Z200US32430,32430,68208.0
860Z200US32431,32431,60676.0
860Z200US32432,32432,
860Z200US32433,32433,67339.0
860Z200US32435,32435,95660.0
860Z200US32437,32437,65643.0
860Z200US32438,32438,57475.0
860Z200US32439,32439,95419.0
860Z200US32440,32440,67436.0
860Z200US32442,32442,51757.0
860Z200US32443,32443,71339.0
860Z200US32444,32444,105773.0
860Z200US32445,32445,52849.0
860Z200US32446,32446,78785.0
860Z200US32448,32448,58347.0
860Z200US32449,32449,43974.0
860Z200US32455,32455,63042.0
860Z200US32456,32456,105535.0
860Z200US32459,32459,170392.0
860Z200US32460,32460,59743.0
860Z200US32461,32461,210925.0
860Z200US32462,32462,61953.0
860Z200US32463,32463,63412.0
860Z200US32464,32464,64617.0
860Z200US32465,32465,78986.0
860Z200US32466,32466,95413.0
860Z200US32501,32501,81948.0
860Z200US32502,32502,92307.0
860Z200US32503,32503,99704.0
860Z200US32504,32504,96663.0
860Z200US32505,32505,57074.0
860Z200US32506,32506,75982.0
860Z200US32507,32507,101993.0
860Z200US32508,32508,79917.0
860Z200US32509,32509,
860Z200US32511,32511,
860Z200US32512,32512,
860Z200US32514,32514,83520.0
860Z200US32526,32526,86283.0
860Z200US32530,32530,
860Z200US32531,32531,97083.0
860Z200US32533,32533,101859.0
860Z200US32534,32534,77077.0
860Z200US32535,32535,65541.0
860Z200US32536,32536,92874.0
860Z200US32539,32539,97563.0
860Z200US32541,32541,144715.0
860Z200US32542,32542,74725.0
860Z200US32544,32544,57054.0
860Z200US32547,32547,89610.0
860Z200US32548,32548,86369.0
860Z200US32550,32550,142817.0
860Z200US32561,32561,177295.0
860Z200US32563,32563,117713.0
860Z200US32564,32564,80967.0
860Z200US32565,32565,87549.0
860Z200US32566,32566,120135.0
860Z200US32567,32567,79617.0
860Z200US32568,32568,92309.0
860Z200US32569,32569,94994.0
860Z200US32570,32570,89163.0
860Z200US32571,32571,114947.0
860Z200US32577,32577,89953.0
860Z200US32578,32578,130007.0
860Z200US32579,32579,133084.0
860Z200US32580,32580,115583.0
860Z200US32583,32583,99980.0
860Z200US32601,32601,61804.0
860Z200US32603,32603,26566.0
860Z200US32605,32605,114661.0
860Z200US32606,32606,111234.0
860Z200US32607,32607,77880.0
860Z200US32608,32608,98972.0
860Z200US32609,32609,64916.0
860Z200US32610,32610,
860Z200US32612,32612,
860Z200US32615,32615,103166.0
860Z200US32616,32616,
860Z200US32617,32617,85709.0
860Z200US32618,32618,79730.0
860Z200US32619,32619,72329.0
860Z200US32621,32621,62179.0
860Z200US32622,32622,84723.0
860Z200US32625,32625,78058.0
860Z200US32626,32626,62629.0
860Z200US32628,32628,63986.0
860Z200US32631,32631,90027.0
860Z200US32634,32634,
860Z200US32639,32639,
860Z200US32640,32640,75210.0
860Z200US32641,32641,51144.0
860Z200US32643,32643,92356.0
860Z200US32648,32648,39100.0
860Z200US32653,32653,113601.0
860Z200US32656,32656,90525.0
860Z200US32658,32658,86507.0
860Z200US32664,32664,76966.0
860Z200US32666,32666,84433.0
860Z200US32667,32667,106741.0
860Z200US32668,32668,83826.0
860Z200US32669,32669,139958.0
860Z200US32680,32680,59481.0
860Z200US32681,32681,52205.0
860Z200US32683,32683,56440.0
860Z200US32686,32686,69127.0
860Z200US32692,32692,
860Z200US32693,32693,101787.0
860Z200US32694,32694,72208.0
860Z200US32696,32696,85185.0
860Z200US32697,32697,80332.0
860Z200US32701,32701,79477.0
860Z200US32702,32702,68076.0
860Z200US32703,32703,91687.0
860Z200US32707,32707,82618.0
860Z200US32708,32708,111402.0
860Z200US32709,32709,106143.0
860Z200US32712,32712,120583.0
860Z200US32713,32713,105805.0
860Z200US32714,32714,90601.0
860Z200US32720,32720,91354.0
860Z200US32723,32723,
860Z200US32724,32724,88137.0
860Z200US32725,32725,85405.0
860Z200US32726,32726,73954.0
860Z200US32730,32730,77208.0
860Z200US32732,32732,153800.0
860Z200US32735,32735,84000.0
860Z200US32736,32736,119538.0
860Z200US32738,32738,85307.0
860Z200US32744,32744,94844.0
860Z200US32746,32746,150967.0
860Z200US32750,32750,105360.0
860Z200US32751,32751,128455.0
860Z200US32754,32754,90745.0
860Z200US32757,32757,94984.0
860Z200US32759,32759,83699.0
860Z200US32763,32763,84685.0
860Z200US32764,32764,116161.0
860Z200US32765,32765,125883.0
860Z200US32766,32766,162031.0
860Z200US32767,32767,97856.0
860Z200US32768,32768,
860Z200US32771,32771,105278.0
860Z200US32773,32773,82044.0
860Z200US32775,32775,
860Z200US32776,32776,115244.0
860Z200US32778,32778,83851.0
860Z200US32779,32779,160125.0
860Z200US32780,32780,85063.0
860Z200US32784,32784,87887.0
860Z200US32789,32789,185943.0
860Z200US32792,32792,89223.0
860Z200US32796,32796,82382.0
860Z200US32798,32798,76402.0
860Z200US32801,32801,120781.0
860Z200US32803,32803,132171.0
860Z200US32804,32804,171919.0
860Z200US32805,32805,60591.0
860Z200US32806,32806,124647.0
860Z200US32807,32807,73759.0
860Z200US32808,32808,62129.0
860Z200US32809,32809,79318.0
860Z200US32810,32810,76766.0
860Z200US32811,32811,65961.0
860Z200US32812,32812,104484.0
860Z200US32814,32814,189570.0
860Z200US32816,32816,
860Z200US32817,32817,100472.0
860Z200US32818,32818,73025.0
860Z200US32819,32819,128582.0
860Z200US32820,32820,128974.0
860Z200US32821,32821,83307.0
860Z200US32822,32822,67122.0
860Z200US32824,32824,100330.0
860Z200US32825,32825,95114.0
860Z200US32826,32826,80664.0
860Z200US32827,32827,144384.0
860Z200US32828,32828,112308.0
860Z200US32829,32829,109644.0
860Z200US32830,32830,145500.0
860Z200US32831,32831,
860Z200US32832,32832,142836.0
860Z200US32833,32833,111112.0
860Z200US32835,32835,104142.0
860Z200US32836,32836,191431.0
860Z200US32837,32837,100665.0
860Z200US32839,32839,63663.0
860Z200US32899,32899,
860Z200US32901,32901,69612.0
860Z200US32903,32903,135100.0
860Z200US32904,32904,103001.0
860Z200US32905,32905,68094.0
860Z200US32907,32907,85136.0
860Z200US32908,32908,94167.0
860Z200US32909,32909,121189.0
860Z200US32920,32920,89711.0
860Z200US32922,32922,71661.0
860Z200US32925,32925,107456.0
860Z200US32926,32926,90189.0
860Z200US32927,32927,98507.0
860Z200US32931,32931,119622.0
860Z200US32934,32934,126518.0
860Z200US32935,32935,75694.0
860Z200US32937,32937,130558.0
860Z200US32940,32940,133132.0
860Z200US32948,32948,87406.0
860Z200US32949,32949,139550.0
860Z200US32950,32950,125960.0
860Z200US32951,32951,138723.0
860Z200US32952,32952,139479.0
860Z200US32953,32953,114483.0
860Z200US32955,32955,108004.0
860Z200US32958,32958,89580.0
860Z200US32959,32959,
860Z200US32960,32960,70367.0
860Z200US32962,32962,80266.0
860Z200US32963,32963,245864.0
860Z200US32966,32966,82269.0
860Z200US32967,32967,100046.0
860Z200US32968,32968,102207.0
860Z200US32970,32970,39351.0
860Z200US32976,32976,64265.0
860Z200US33001,33001,94521.0
860Z200US33004,33004,92813.0
860Z200US33009,33009,71619.0
860Z200US33010,33010,61594.0
860Z200US33012,33012,63761.0
860Z200US33013,33013,75830.0
860Z200US33014,33014,89986.0
860Z200US33015,33015,88282.0
860Z200US33016,33016,86805.0
860Z200US33018,33018,107734.0
860Z200US33019,33019,149787.0
860Z200US33020,33020,71473.0
860Z200US33021,33021,100527.0
860Z200US33022,33022,
860Z200US33023,33023,88820.0
860Z200US33024,33024,94888.0
860Z200US33025,33025,80840.0
860Z200US33026,33026,113149.0
860Z200US33027,33027,104199.0
860Z200US33028,33028,138840.0
860Z200US33029,33029,166445.0
860Z200US33030,33030,61097.0
860Z200US33031,33031,145406.0
860Z200US33032,33032,92657.0
860Z200US33033,33033,81319.0
860Z200US33034,33034,62266.0
860Z200US33035,33035,82661.0
860Z200US33036,33036,180081.0
860Z200US33037,33037,139604.0
860Z200US33039,33039,
860Z200US33040,33040,127548.0
860Z200US33042,33042,154509.0
860Z200US33043,33043,105665.0
860Z200US33050,33050,118980.0
860Z200US33051,33051,110260.0
860Z200US33054,33054,58468.0
860Z200US33055,33055,78100.0
860Z200US33056,33056,74822.0
860Z200US33060,33060,80805.0
860Z200US33062,33062,130952.0
860Z200US33063,33063,81641.0
860Z200US33064,33064,95099.0
860Z200US33065,33065,90706.0
860Z200US33066,33066,128309.0
860Z200US33067,33067,169171.0
860Z200US33068,33068,73262.0
860Z200US33069,33069,76508.0
860Z200US33070,33070,115567.0
860Z200US33071,33071,124856.0
860Z200US33073,33073,108596.0
860Z200US33076,33076,203876.0
860Z200US33101,33101,
860Z200US33109,33109,799707.0
860Z200US33122,33122,111774.0
860Z200US33125,33125,72699.0
860Z200US33126,33126,68662.0
860Z200US33127,33127,60630.0
860Z200US33128,33128,49664.0
860Z200US33129,33129,125967.0
860Z200US33130,33130,97519.0
860Z200US33131,33131,205119.0
860Z200US33132,33132,136745.0
860Z200US33133,33133,167453.0
860Z200US33134,33134,147773.0
860Z200US33135,33135,57172.0
860Z200US33136,33136,64081.0
860Z200US33137,33137,133499.0
860Z200US33138,33138,115097.0
860Z200US33139,33139,137496.0
860Z200US33140,33140,209692.0
860Z200US33141,33141,102101.0
860Z200US33142,33142,49742.0
860Z200US33143,33143,158728.0
860Z200US33144,33144,85779.0
860Z200US33145,33145,98123.0
860Z200US33146,33146,203140.0
860Z200US33147,33147,62203.0
860Z200US33149,33149,272770.0
860Z200US33150,33150,56593.0
860Z200US33154,33154,172994.0
860Z200US33155,33155,113165.0
860Z200US33156,33156,234257.0
860Z200US33157,33157,116742.0
860Z200US33158,33158,287792.0
860Z200US33160,33160,118767.0
860Z200US33161,33161,76827.0
860Z200US33162,33162,78224.0
860Z200US33165,33165,107573.0
860Z200US33166,33166,106995.0
860Z200US33167,33167,75693.0
860Z200US33168,33168,68729.0
860Z200US33169,33169,73898.0
860Z200US33170,33170,89766.0
860Z200US33172,33172,76241.0
860Z200US33173,33173,124734.0
860Z200US33174,33174,78437.0
860Z200US33175,33175,101412.0
860Z200US33176,33176,133166.0
860Z200US33177,33177,93515.0
860Z200US33178,33178,115864.0
860Z200US33179,33179,81817.0
860Z200US33180,33180,134192.0
860Z200US33181,33181,89580.0
860Z200US33182,33182,116410.0
860Z200US33183,33183,91325.0
860Z200US33184,33184,99772.0
860Z200US33185,33185,122547.0
860Z200US33186,33186,103353.0
860Z200US33187,33187,123666.0
860Z200US33189,33189,88102.0
860Z200US33190,33190,94514.0
860Z200US33193,33193,93320.0
860Z200US33194,33194,142708.0
860Z200US33196,33196,113836.0
860Z200US33301,33301,162432.0
860Z200US33304,33304,143241.0
860Z200US33305,33305,158684.0
860Z200US33306,33306,197935.0
860Z200US33308,33308,141646.0
860Z200US33309,33309,89131.0
860Z200US33311,33311,68837.0
860Z200US33312,33312,103629.0
860Z200US33313,33313,65671.0
860Z200US33314,33314,77687.0
860Z200US33315,33315,121365.0
860Z200US33316,33316,174750.0
860Z200US33317,33317,108424.0
860Z200US33319,33319,78745.0
860Z200US33321,33321,76447.0
860Z200US33322,33322,84636.0
860Z200US33323,33323,140761.0
860Z200US33324,33324,109913.0
860Z200US33325,33325,131838.0
860Z200US33326,33326,148940.0
860Z200US33327,33327,220171.0
860Z200US33328,33328,153467.0
860Z200US33330,33330,189534.0
860Z200US33331,33331,197375.0
860Z200US33332,33332,218051.0
860Z200US33334,33334,92720.0
860Z200US33351,33351,83482.0
860Z200US33388,33388,
860Z200US33401,33401,105507.0
860Z200US33403,33403,83702.0
860Z200US33404,33404,92144.0
860Z200US33405,33405,115872.0
860Z200US33406,33406,94832.0
860Z200US33407,33407,75316.0
860Z200US33408,33408,157815.0
860Z200US33409,33409,81722.0
860Z200US33410,33410,169946.0
860Z200US33411,33411,113670.0
860Z200US33412,33412,175877.0
860Z200US33413,33413,98061.0
860Z200US33414,33414,140069.0
860Z200US33415,33415,74290.0
860Z200US33417,33417,70238.0
860Z200US33418,33418,189728.0
860Z200US33426,33426,89038.0
860Z200US33428,33428,121431.0
860Z200US33430,33430,63413.0
860Z200US33431,33431,143748.0
860Z200US33432,33432,208115.0
860Z200US33433,33433,116944.0
860Z200US33434,33434,127759.0
860Z200US33435,33435,94142.0
860Z200US33436,33436,109139.0
860Z200US33437,33437,102903.0
860Z200US33438,33438,75978.0
860Z200US33440,33440,72404.0
860Z200US33441,33441,81287.0
860Z200US33442,33442,76708.0
860Z200US33444,33444,106481.0
860Z200US33445,33445,106289.0
860Z200US33446,33446,150310.0
860Z200US33449,33449,201988.0
860Z200US33455,33455,124369.0
860Z200US33458,33458,162848.0
860Z200US33460,33460,79131.0
860Z200US33461,33461,78169.0
860Z200US33462,33462,103879.0
860Z200US33463,33463,104390.0
860Z200US33467,33467,123724.0
860Z200US33469,33469,157454.0
860Z200US33470,33470,139117.0
860Z200US33471,33471,53237.0
860Z200US33472,33472,139998.0
860Z200US33473,33473,199786.0
860Z200US33476,33476,55777.0
860Z200US33477,33477,186089.0
860Z200US33478,33478,181238.0
860Z200US33480,33480,325883.0
860Z200US33483,33483,196094.0
860Z200US33484,33484,89181.0
860Z200US33486,33486,160455.0
860Z200US33487,33487,156418.0
860Z200US33493,33493,62355.0
860Z200US33496,33496,196090.0
860Z200US33498,33498,169674.0
860Z200US33503,33503,51976.0
860Z200US33510,33510,93259.0
860Z200US33511,33511,101403.0
860Z200US33513,33513,87942.0
860Z200US33514,33514,73045.0
860Z200US33521,33521,63999.0
860Z200US33523,33523,85791.0
860Z200US33525,33525,92619.0
860Z200US33527,33527,104617.0
860Z200US33530,33530,
860Z200US33534,33534,81872.0
860Z200US33538,33538,64622.0
860Z200US33540,33540,68459.0
860Z200US33541,33541,71195.0
860Z200US33542,33542,59181.0
860Z200US33543,33543,134040.0
860Z200US33544,33544,127636.0
860Z200US33545,33545,120290.0
860Z200US33547,33547,155495.0
860Z200US33548,33548,176493.0
860Z200US33549,33549,115793.0
860Z200US33550,33550,
860Z200US33556,33556,191029.0
860Z200US33558,33558,142349.0
860Z200US33559,33559,100431.0
860Z200US33563,33563,70337.0
860Z200US33565,33565,94701.0
860Z200US33566,33566,97431.0
860Z200US33567,33567,95063.0
860Z200US33569,33569,110991.0
860Z200US33570,33570,84206.0
860Z200US33572,33572,148738.0
860Z200US33573,33573,84201.0
860Z200US33574,33574,
860Z200US33576,33576,133079.0
860Z200US33578,33578,92081.0
860Z200US33579,33579,124808.0
860Z200US33584,33584,89801.0
860Z200US33585,33585,95835.0
860Z200US33592,33592,89791.0
860Z200US33594,33594,109397.0
860Z200US33596,33596,130205.0
860Z200US33597,33597,83845.0
860Z200US33598,33598,105247.0
860Z200US33602,33602,131778.0
860Z200US33603,33603,110330.0
860Z200US33604,33604,85425.0
860Z200US33605,33605,56552.0
860Z200US33606,33606,193581.0
860Z200US33607,33607,85875.0
860Z200US33609,33609,172668.0
860Z200US33610,33610,61707.0
860Z200US33611,33611,133645.0
860Z200US33612,33612,57489.0
860Z200US33613,33613,70815.0
860Z200US33614,33614,63149.0
860Z200US33615,33615,89818.0
860Z200US33616,33616,125944.0
860Z200US33617,33617,68181.0
860Z200US33618,33618,125653.0
860Z200US33619,33619,74361.0
860Z200US33620,33620,
860Z200US33621,33621,121318.0
860Z200US33624,33624,104223.0
860Z200US33625,33625,98954.0
860Z200US33626,33626,161389.0
860Z200US33629,33629,237779.0
860Z200US33634,33634,98839.0
860Z200US33635,33635,104622.0
860Z200US33637,33637,74284.0
860Z200US33647,33647,139701.0
860Z200US33701,33701,116748.0
860Z200US33702,33702,93796.0
860Z200US33703,33703,142997.0
860Z200US33704,33704,173346.0
860Z200US33705,33705,95935.0
860Z200US33706,33706,161570.0
860Z200US33707,33707,98357.0
860Z200US33708,33708,121601.0
860Z200US33709,33709,69850.0
860Z200US33710,33710,102482.0
860Z200US33711,33711,92332.0
860Z200US33712,33712,81952.0
860Z200US33713,33713,90215.0
860Z200US33714,33714,61724.0
860Z200US33715,33715,158119.0
860Z200US33716,33716,89083.0
860Z200US33744,33744,
860Z200US33755,33755,80291.0
860Z200US33756,33756,98379.0
860Z200US33759,33759,94674.0
860Z200US33760,33760,84680.0
860Z200US33761,33761,95900.0
860Z200US33762,33762,118569.0
860Z200US33763,33763,77430.0
860Z200US33764,33764,98145.0
860Z200US33765,33765,93268.0
860Z200US33767,33767,171284.0
860Z200US33770,33770,80249.0
860Z200US33771,33771,68819.0
860Z200US33772,33772,103093.0
860Z200US33773,33773,89175.0
860Z200US33774,33774,90681.0
860Z200US33776,33776,133009.0
860Z200US33777,33777,118059.0
860Z200US33778,33778,84315.0
860Z200US33781,33781,77325.0
860Z200US33782,33782,83161.0
860Z200US33785,33785,132302.0
860Z200US33786,33786,215260.0
860Z200US33801,33801,60075.0
860Z200US33803,33803,95903.0
860Z200US33805,33805,70317.0
860Z200US33809,33809,86965.0
860Z200US33810,33810,88116.0
860Z200US33811,33811,103350.0
860Z200US33812,33812,120663.0
860Z200US33813,33813,126409.0
860Z200US33815,33815,51708.0
860Z200US33823,33823,91642.0
860Z200US33825,33825,62873.0
860Z200US33827,33827,80697.0
860Z200US33830,33830,80626.0
860Z200US33834,33834,72754.0
860Z200US33835,33835,
860Z200US33837,33837,89440.0
860Z200US33838,33838,54902.0
860Z200US33839,33839,106898.0
860Z200US33840,33840,
860Z200US33841,33841,61905.0
860Z200US33843,33843,65696.0
860Z200US33844,33844,78011.0
860Z200US33847,33847,67695.0
860Z200US33848,33848,61905.0
860Z200US33849,33849,91211.0
860Z200US33850,33850,73941.0
860Z200US33851,33851,86083.0
860Z200US33852,33852,70749.0
860Z200US33853,33853,61616.0
860Z200US33854,33854,41108.0
860Z200US33855,33855,
860Z200US33856,33856,42123.0
860Z200US33857,33857,79591.0
860Z200US33858,33858,
860Z200US33859,33859,68032.0
860Z200US33860,33860,76168.0
860Z200US33865,33865,61386.0
860Z200US33867,33867,
860Z200US33868,33868,90606.0
860Z200US33870,33870,65896.0
860Z200US33872,33872,84909.0
860Z200US33873,33873,79179.0
860Z200US33875,33875,99944.0
860Z200US33876,33876,68980.0
860Z200US33877,33877,85784.0
860Z200US33880,33880,74297.0
860Z200US33881,33881,71431.0
860Z200US33884,33884,92398.0
860Z200US33890,33890,74411.0
860Z200US33896,33896,98719.0
860Z200US33897,33897,93291.0
860Z200US33898,33898,68713.0
860Z200US33901,33901,97411.0
860Z200US33903,33903,72732.0
860Z200US33904,33904,94606.0
860Z200US33905,33905,85451.0
860Z200US33907,33907,61145.0
860Z200US33908,33908,118705.0
860Z200US33909,33909,90377.0
860Z200US33912,33912,133952.0
860Z200US33913,33913,140042.0
860Z200US33914,33914,113897.0
860Z200US33916,33916,65905.0
860Z200US33917,33917,71274.0
860Z200US33919,33919,101005.0
860Z200US33920,33920,115158.0
860Z200US33921,33921,245150.0
860Z200US33922,33922,100593.0
860Z200US33924,33924,119970.0
860Z200US33928,33928,135347.0
860Z200US33930,33930,133753.0
860Z200US33931,33931,125421.0
860Z200US33935,33935,75689.0
860Z200US33936,33936,61726.0
860Z200US33944,33944,38092.0
860Z200US33946,33946,154359.0
860Z200US33947,33947,93099.0
860Z200US33948,33948,81949.0
860Z200US33950,33950,103878.0
860Z200US33952,33952,73398.0
860Z200US33953,33953,91033.0
860Z200US33954,33954,92449.0
860Z200US33955,33955,97909.0
860Z200US33956,33956,96126.0
860Z200US33957,33957,226596.0
860Z200US33960,33960,52910.0
860Z200US33965,33965,19167.0
860Z200US33966,33966,125353.0
860Z200US33967,33967,101770.0
860Z200US33971,33971,88371.0
860Z200US33972,33972,85755.0
860Z200US33973,33973,60152.0
860Z200US33974,33974,75160.0
860Z200US33976,33976,74225.0
860Z200US33980,33980,72089.0
860Z200US33981,33981,91916.0
860Z200US33982,33982,99783.0
860Z200US33983,33983,89166.0
860Z200US33990,33990,83472.0
860Z200US33991,33991,92528.0
860Z200US33993,33993,105397.0
860Z200US34101,34101,
860Z200US34102,34102,259869.0
860Z200US34103,34103,258243.0
860Z200US34104,34104,89846.0
860Z200US34105,34105,164135.0
860Z200US34108,34108,216522.0
860Z200US34109,34109,155445.0
860Z200US34110,34110,176238.0
860Z200US34112,34112,91827.0
860Z200US34113,34113,119162.0
860Z200US34114,34114,122597.0
860Z200US34116,34116,87560.0
860Z200US34117,34117,117265.0
860Z200US34119,34119,153561.0
860Z200US34120,34120,118949.0
860Z200US34134,34134,196385.0
860Z200US34135,34135,115300.0
860Z200US34137,34137,60925.0
860Z200US34138,34138,80131.0
860Z200US34139,34139,89926.0
860Z200US34140,34140,210435.0
860Z200US34141,34141,82210.0
860Z200US34142,34142,74845.0
860Z200US34145,34145,179104.0
860Z200US34201,34201,155716.0
860Z200US34202,34202,177249.0
860Z200US34203,34203,102634.0
860Z200US34205,34205,74216.0
860Z200US34207,34207,59624.0
860Z200US34208,34208,83781.0
860Z200US34209,34209,104620.0
860Z200US34210,34210,94490.0
860Z200US34211,34211,155475.0
860Z200US34212,34212,141665.0
860Z200US34215,34215,111573.0
860Z200US34216,34216,153952.0
860Z200US34217,34217,136421.0
860Z200US34219,34219,128501.0
860Z200US34221,34221,101143.0
860Z200US34222,34222,86794.0
860Z200US34223,34223,109116.0
860Z200US34224,34224,79583.0
860Z200US34228,34228,245179.0
860Z200US34229,34229,143684.0
860Z200US34231,34231,111471.0
860Z200US34232,34232,104654.0
860Z200US34233,34233,110161.0
860Z200US34234,34234,75353.0
860Z200US34235,34235,108759.0
860Z200US34236,34236,190301.0
860Z200US34237,34237,92377.0
860Z200US34238,34238,131270.0
860Z200US34239,34239,119560.0
860Z200US34240,34240,158657.0
860Z200US34241,34241,144087.0
860Z200US34242,34242,232578.0
860Z200US34243,34243,104256.0
860Z200US34250,34250,142974.0
860Z200US34251,34251,99091.0
860Z200US34266,34266,60117.0
860Z200US34267,34267,
860Z200US34268,34268,40153.0
860Z200US34269,34269,78708.0
860Z200US34275,34275,160213.0
860Z200US34285,34285,110222.0
860Z200US34286,34286,101426.0
860Z200US34287,34287,83383.0
860Z200US34288,34288,116846.0
860Z200US34289,34289,106050.0
860Z200US34291,34291,97465.0
860Z200US34292,34292,107274.0
860Z200US34293,34293,106646.0
860Z200US34420,34420,66091.0
860Z200US34428,34428,60389.0
860Z200US34429,34429,119063.0
860Z200US34431,34431,61037.0
860Z200US34432,34432,65171.0
860Z200US34433,34433,86803.0
860Z200US34434,34434,81040.0
860Z200US34436,34436,68152.0
860Z200US34442,34442,80022.0
860Z200US34445,34445,
860Z200US34446,34446,76091.0
860Z200US34448,34448,67281.0
860Z200US34449,34449,63061.0
860Z200US34450,34450,86290.0
860Z200US34452,34452,68770.0
860Z200US34453,34453,66218.0
860Z200US34461,34461,85613.0
860Z200US34465,34465,81876.0
860Z200US34470,34470,64111.0
860Z200US34471,34471,87289.0
860Z200US34472,34472,78950.0
860Z200US34473,34473,82313.0
860Z200US34474,34474,83489.0
860Z200US34475,34475,54970.0
860Z200US34476,34476,84761.0
860Z200US34479,34479,68787.0
860Z200US34480,34480,102278.0
860Z200US34481,34481,71226.0
860Z200US34482,34482,100002.0
860Z200US34484,34484,100521.0
860Z200US34487,34487,
860Z200US34488,34488,67723.0
860Z200US34491,34491,77205.0
860Z200US34498,34498,84274.0
860Z200US34601,34601,74210.0
860Z200US34602,34602,88997.0
860Z200US34604,34604,101846.0
860Z200US34606,34606,68036.0
860Z200US34607,34607,82955.0
860Z200US34608,34608,79768.0
860Z200US34609,34609,89538.0
860Z200US34610,34610,93964.0
860Z200US34613,34613,73758.0
860Z200US34614,34614,94438.0
860Z200US34637,34637,128178.0
860Z200US34638,34638,132275.0
860Z200US34639,34639,116440.0
860Z200US34652,34652,72664.0
860Z200US34653,34653,61542.0
860Z200US34654,34654,90009.0
860Z200US34655,34655,114692.0
860Z200US34661,34661,29163.0
860Z200US34667,34667,74734.0
860Z200US34668,34668,59844.0
860Z200US34669,34669,70513.0
860Z200US34677,34677,111525.0
860Z200US34679,34679,
860Z200US34681,34681,252971.0
860Z200US34683,34683,115304.0
860Z200US34684,34684,93884.0
860Z200US34685,34685,133523.0
860Z200US34688,34688,154250.0
860Z200US34689,34689,113778.0
860Z200US34690,34690,56358.0
860Z200US34691,34691,61652.0
860Z200US34695,34695,130529.0
860Z200US34698,34698,90540.0
860Z200US34705,34705,79275.0
860Z200US34711,34711,106396.0
860Z200US34714,34714,91463.0
860Z200US34715,34715,104159.0
860Z200US34729,34729,
860Z200US34731,34731,81180.0
860Z200US34734,34734,127001.0
860Z200US34736,34736,108523.0
860Z200US34737,34737,94830.0
860Z200US34739,34739,84658.0
860Z200US34741,34741,65522.0
860Z200US34743,34743,75705.0
860Z200US34744,34744,88588.0
860Z200US34746,34746,93964.0
860Z200US34747,34747,118516.0
860Z200US34748,34748,70415.0
860Z200US34753,34753,81731.0
860Z200US34756,34756,172968.0
860Z200US34758,34758,79705.0
860Z200US34759,34759,79294.0
860Z200US34760,34760,207378.0
860Z200US34761,34761,121583.0
860Z200US34762,34762,92528.0
860Z200US34769,34769,78117.0
860Z200US34771,34771,120039.0
860Z200US34772,34772,97914.0
860Z200US34773,34773,85160.0
860Z200US34785,34785,61007.0
860Z200US34786,34786,203968.0
860Z200US34787,34787,145523.0
860Z200US34788,34788,78475.0
860Z200US34797,34797,123001.0
860Z200US34945,34945,95246.0
860Z200US34946,34946,55354.0
860Z200US34947,34947,58179.0
860Z200US34949,34949,114296.0
860Z200US34950,34950,44533.0
860Z200US34951,34951,76795.0
860Z200US34952,34952,76950.0
860Z200US34953,34953,104086.0
860Z200US34956,34956,75274.0
860Z200US34957,34957,100651.0
860Z200US34972,34972,70390.0
860Z200US34974,34974,71746.0
860Z200US34981,34981,82577.0
860Z200US34982,34982,74945.0
860Z200US34983,34983,91708.0
860Z200US34984,34984,95204.0
860Z200US34986,34986,103354.0
860Z200US34987,34987,101292.0
860Z200US34990,34990,167391.0
860Z200US34994,34994,91457.0
860Z200US34996,34996,139632.0
860Z200US34997,34997,101462.0
860Z200US35004,35004,96847.0
860Z200US35005,35005,72693.0
860Z200US35006,35006,73213.0
860Z200US35007,35007,103761.0
860Z200US35010,35010,66620.0
860Z200US35013,35013,99970.0
860Z200US35014,35014,91768.0
860Z200US35016,35016,80784.0
860Z200US35019,35019,71030.0
860Z200US35020,35020,47603.0
860Z200US35022,35022,96396.0
860Z200US35023,35023,82853.0
860Z200US35031,35031,81839.0
860Z200US35032,35032,48023.0
860Z200US35033,35033,71646.0
860Z200US35034,35034,51670.0
860Z200US35035,35035,65335.0
860Z200US35036,35036,50630.0
860Z200US35040,35040,91796.0
860Z200US35042,35042,71321.0
860Z200US35043,35043,130353.0
860Z200US35044,35044,73915.0
860Z200US35045,35045,76880.0
860Z200US35046,35046,78679.0
860Z200US35049,35049,75720.0
860Z200US35051,35051,94064.0
860Z200US35052,35052,
860Z200US35053,35053,108322.0
860Z200US35054,35054,113261.0
860Z200US35055,35055,75323.0
860Z200US35057,35057,89515.0
860Z200US35058,35058,74984.0
860Z200US35060,35060,56644.0
860Z200US35061,35061,68019.0
860Z200US35062,35062,90521.0
860Z200US35063,35063,71135.0
860Z200US35064,35064,58954.0
860Z200US35068,35068,83631.0
860Z200US35070,35070,63670.0
860Z200US35071,35071,107001.0
860Z200US35072,35072,69260.0
860Z200US35073,35073,73813.0
860Z200US35074,35074,
860Z200US35077,35077,62943.0
860Z200US35078,35078,84386.0
860Z200US35079,35079,87303.0
860Z200US35080,35080,142046.0
860Z200US35082,35082,
860Z200US35083,35083,81392.0
860Z200US35085,35085,74682.0
860Z200US35087,35087,94293.0
860Z200US35089,35089,71323.0
860Z200US35091,35091,106140.0
860Z200US35094,35094,92365.0
860Z200US35096,35096,103160.0
860Z200US35097,35097,70651.0
860Z200US35098,35098,78008.0
860Z200US35111,35111,103345.0
860Z200US35112,35112,
860Z200US35114,35114,122683.0
860Z200US35115,35115,68202.0
860Z200US35116,35116,108881.0
860Z200US35117,35117,102502.0
860Z200US35118,35118,78123.0
860Z200US35119,35119,
860Z200US35120,35120,82462.0
860Z200US35121,35121,76397.0
860Z200US35124,35124,117118.0
860Z200US35125,35125,78419.0
860Z200US35126,35126,89085.0
860Z200US35127,35127,79396.0
860Z200US35128,35128,100492.0
860Z200US35130,35130,55269.0
860Z200US35131,35131,55450.0
860Z200US35133,35133,71996.0
860Z200US35135,35135,85600.0
860Z200US35136,35136,71165.0
860Z200US35143,35143,95544.0
860Z200US35146,35146,96241.0
860Z200US35147,35147,109842.0
860Z200US35148,35148,62575.0
860Z200US35149,35149,
860Z200US35150,35150,55312.0
860Z200US35151,35151,89352.0
860Z200US35160,35160,66137.0
860Z200US35171,35171,86244.0
860Z200US35172,35172,61528.0
860Z200US35173,35173,137717.0
860Z200US35175,35175,93973.0
860Z200US35176,35176,73355.0
860Z200US35178,35178,67517.0
860Z200US35179,35179,86331.0
860Z200US35180,35180,84633.0
860Z200US35181,35181,
860Z200US35183,35183,67273.0
860Z200US35184,35184,73809.0
860Z200US35185,35185,
860Z200US35186,35186,97901.0
860Z200US35188,35188,80545.0
860Z200US35203,35203,82427.0
860Z200US35204,35204,39542.0
860Z200US35205,35205,82144.0
860Z200US35206,35206,55967.0
860Z200US35207,35207,39597.0
860Z200US35208,35208,53430.0
860Z200US35209,35209,119076.0
860Z200US35210,35210,87565.0
860Z200US35211,35211,50228.0
860Z200US35212,35212,60815.0
860Z200US35213,35213,255944.0
860Z200US35214,35214,68640.0
860Z200US35215,35215,66801.0
860Z200US35216,35216,119964.0
860Z200US35217,35217,51704.0
860Z200US35218,35218,43642.0
860Z200US35221,35221,56037.0
860Z200US35222,35222,136102.0
860Z200US35223,35223,245240.0
860Z200US35224,35224,65193.0
860Z200US35226,35226,149711.0
860Z200US35228,35228,67230.0
860Z200US35229,35229,
860Z200US35233,35233,65144.0
860Z200US35234,35234,42826.0
860Z200US35235,35235,71745.0
860Z200US35242,35242,161003.0
860Z200US35243,35243,162411.0
860Z200US35244,35244,142682.0
860Z200US35249,35249,
860Z200US35254,35254,
860Z200US35401,35401,45154.0
860Z200US35404,35404,71095.0
860Z200US35405,35405,80036.0
860Z200US35406,35406,153062.0
860Z200US35441,35441,68015.0
860Z200US35442,35442,56170.0
860Z200US35443,35443,34353.0
860Z200US35444,35444,77198.0
860Z200US35446,35446,60640.0
860Z200US35447,35447,66449.0
860Z200US35452,35452,82712.0
860Z200US35453,35453,83592.0
860Z200US35456,35456,63938.0
860Z200US35457,35457,
860Z200US35458,35458,112946.0
860Z200US35459,35459,52983.0
860Z200US35460,35460,35132.0
860Z200US35461,35461,79019.0
860Z200US35462,35462,47276.0
860Z200US35463,35463,73463.0
860Z200US35464,35464,26246.0
860Z200US35466,35466,73451.0
860Z200US35469,35469,60768.0
860Z200US35470,35470,59564.0
860Z200US35473,35473,84174.0
860Z200US35474,35474,100895.0
860Z200US35475,35475,117888.0
860Z200US35476,35476,70956.0
860Z200US35477,35477,
860Z200US35480,35480,111634.0
860Z200US35481,35481,57600.0
860Z200US35487,35487,
860Z200US35490,35490,86836.0
860Z200US35491,35491,
860Z200US35501,35501,62772.0
860Z200US35503,35503,77504.0
860Z200US35504,35504,83463.0
860Z200US35540,35540,64485.0
860Z200US35541,35541,75450.0
860Z200US35542,35542,53370.0
860Z200US35543,35543,42873.0
860Z200US35544,35544,68280.0
860Z200US35545,35545,60382.0
860Z200US35546,35546,76565.0
860Z200US35548,35548,53581.0
860Z200US35549,35549,48690.0
860Z200US35550,35550,57546.0
860Z200US35552,35552,75016.0
860Z200US35553,35553,68169.0
860Z200US35554,35554,59420.0
860Z200US35555,35555,68936.0
860Z200US35559,35559,33783.0
860Z200US35563,35563,67529.0
860Z200US35564,35564,67011.0
860Z200US35565,35565,67200.0
860Z200US35570,35570,72112.0
860Z200US35571,35571,52554.0
860Z200US35572,35572,66736.0
860Z200US35573,35573,
860Z200US35574,35574,63271.0
860Z200US35575,35575,54276.0
860Z200US35576,35576,72067.0
860Z200US35577,35577,
860Z200US35578,35578,73082.0
860Z200US35579,35579,59242.0
860Z200US35580,35580,70059.0
860Z200US35581,35581,64196.0
860Z200US35582,35582,62710.0
860Z200US35584,35584,38829.0
860Z200US35585,35585,92272.0
860Z200US35586,35586,55078.0
860Z200US35587,35587,52223.0
860Z200US35592,35592,54446.0
860Z200US35593,35593,63865.0
860Z200US35594,35594,67700.0
860Z200US35601,35601,67484.0
860Z200US35603,35603,101405.0
860Z200US35610,35610,94621.0
860Z200US35611,35611,79151.0
860Z200US35613,35613,118154.0
860Z200US35614,35614,88500.0
860Z200US35615,35615,
860Z200US35616,35616,62367.0
860Z200US35618,35618,56337.0
860Z200US35619,35619,78508.0
860Z200US35620,35620,90720.0
860Z200US35621,35621,103485.0
860Z200US35622,35622,71691.0
860Z200US35630,35630,61332.0
860Z200US35632,35632,
860Z200US35633,35633,77473.0
860Z200US35634,35634,97966.0
860Z200US35640,35640,90864.0
860Z200US35643,35643,60341.0
860Z200US35645,35645,106527.0
860Z200US35646,35646,74484.0
860Z200US35647,35647,119470.0
860Z200US35648,35648,83831.0
860Z200US35649,35649,181522.0
860Z200US35650,35650,78636.0
860Z200US35651,35651,107597.0
860Z200US35652,35652,78770.0
860Z200US35653,35653,67809.0
860Z200US35654,35654,64712.0
860Z200US35660,35660,55495.0
860Z200US35661,35661,83919.0
860Z200US35670,35670,72197.0
860Z200US35671,35671,77538.0
860Z200US35672,35672,77458.0
860Z200US35673,35673,89521.0
860Z200US35674,35674,77764.0
860Z200US35677,35677,115055.0
860Z200US35739,35739,101449.0
860Z200US35740,35740,58037.0
860Z200US35741,35741,174223.0
860Z200US35744,35744,70433.0
860Z200US35745,35745,61425.0
860Z200US35746,35746,65358.0
860Z200US35747,35747,102875.0
860Z200US35748,35748,144116.0
860Z200US35749,35749,125940.0
860Z200US35750,35750,90195.0
860Z200US35751,35751,76614.0
860Z200US35752,35752,63867.0
860Z200US35754,35754,103335.0
860Z200US35755,35755,59821.0
860Z200US35756,35756,153940.0
860Z200US35757,35757,127441.0
860Z200US35758,35758,131906.0
860Z200US35759,35759,125328.0
860Z200US35760,35760,90984.0
860Z200US35761,35761,125013.0
860Z200US35763,35763,155573.0
860Z200US35764,35764,100006.0
860Z200US35765,35765,71397.0
860Z200US35766,35766,77233.0
860Z200US35768,35768,63767.0
860Z200US35769,35769,82603.0
860Z200US35771,35771,63600.0
860Z200US35772,35772,58677.0
860Z200US35773,35773,97419.0
860Z200US35774,35774,106529.0
860Z200US35775,35775,51858.0
860Z200US35776,35776,64195.0
860Z200US35801,35801,147880.0
860Z200US35802,35802,113855.0
860Z200US35803,35803,122886.0
860Z200US35805,35805,41673.0
860Z200US35806,35806,101710.0
860Z200US35808,35808,147767.0
860Z200US35810,35810,62350.0
860Z200US35811,35811,115300.0
860Z200US35816,35816,51076.0
860Z200US35824,35824,132708.0
860Z200US35896,35896,
860Z200US35901,35901,69664.0
860Z200US35903,35903,69279.0
860Z200US35904,35904,53724.0
860Z200US35905,35905,83807.0
860Z200US35906,35906,98789.0
860Z200US35907,35907,95597.0
860Z200US35950,35950,75757.0
860Z200US35951,35951,73369.0
860Z200US35952,35952,61257.0
860Z200US35953,35953,89529.0
860Z200US35954,35954,72567.0
860Z200US35956,35956,72088.0
860Z200US35957,35957,69716.0
860Z200US35958,35958,65801.0
860Z200US35959,35959,65754.0
860Z200US35960,35960,69141.0
860Z200US35961,35961,61983.0
860Z200US35962,35962,68828.0
860Z200US35963,35963,71365.0
860Z200US35966,35966,61462.0
860Z200US35967,35967,64695.0
860Z200US35968,35968,63370.0
860Z200US35971,35971,57817.0
860Z200US35972,35972,61703.0
860Z200US35973,35973,72595.0
860Z200US35974,35974,66170.0
860Z200US35975,35975,68761.0
860Z200US35976,35976,97174.0
860Z200US35978,35978,65699.0
860Z200US35979,35979,65193.0
860Z200US35980,35980,73361.0
860Z200US35981,35981,54614.0
860Z200US35983,35983,77613.0
860Z200US35984,35984,59218.0
860Z200US35986,35986,75054.0
860Z200US35987,35987,88376.0
860Z200US35988,35988,76937.0
860Z200US35989,35989,65840.0
860Z200US35990,35990,
860Z200US36003,36003,53894.0
860Z200US36005,36005,60827.0
860Z200US36006,36006,83205.0
860Z200US36008,36008,
860Z200US36009,36009,63117.0
860Z200US36010,36010,60890.0
860Z200US36013,36013,148772.0
860Z200US36016,36016,87398.0
860Z200US36017,36017,51552.0
860Z200US36020,36020,62187.0
860Z200US36022,36022,100359.0
860Z200US36024,36024,91572.0
860Z200US36025,36025,74980.0
860Z200US36026,36026,151778.0
860Z200US36027,36027,62916.0
860Z200US36028,36028,78397.0
860Z200US36029,36029,99631.0
860Z200US36030,36030,41739.0
860Z200US36031,36031,41881.0
860Z200US36032,36032,44642.0
860Z200US36033,36033,63332.0
860Z200US36034,36034,64847.0
860Z200US36035,36035,71789.0
860Z200US36036,36036,77906.0
860Z200US36037,36037,72601.0
860Z200US36038,36038,30775.0
860Z200US36039,36039,51717.0
860Z200US36040,36040,51272.0
860Z200US36041,36041,61610.0
860Z200US36042,36042,94041.0
860Z200US36043,36043,96789.0
860Z200US36046,36046,61497.0
860Z200US36047,36047,74365.0
860Z200US36048,36048,50340.0
860Z200US36049,36049,69177.0
860Z200US36051,36051,68195.0
860Z200US36052,36052,109258.0
860Z200US36053,36053,59166.0
860Z200US36054,36054,77520.0
860Z200US36057,36057,
860Z200US36064,36064,155113.0
860Z200US36066,36066,109364.0
860Z200US36067,36067,86263.0
860Z200US36069,36069,71764.0
860Z200US36071,36071,100567.0
860Z200US36075,36075,71030.0
860Z200US36078,36078,92045.0
860Z200US36079,36079,77240.0
860Z200US36080,36080,76925.0
860Z200US36081,36081,67794.0
860Z200US36082,36082,
860Z200US36083,36083,61461.0
860Z200US36088,36088,54963.0
860Z200US36089,36089,44095.0
860Z200US36091,36091,72918.0
860Z200US36092,36092,92079.0
860Z200US36093,36093,139409.0
860Z200US36101,36101,
860Z200US36104,36104,55650.0
860Z200US36105,36105,54148.0
860Z200US36106,36106,88401.0
860Z200US36107,36107,46604.0
860Z200US36108,36108,43651.0
860Z200US36109,36109,75030.0
860Z200US36110,36110,53456.0
860Z200US36111,36111,94096.0
860Z200US36112,36112,67400.0
860Z200US36113,36113,111699.0
860Z200US36114,36114,
860Z200US36115,36115,88717.0
860Z200US36116,36116,68994.0
860Z200US36117,36117,101416.0
860Z200US36130,36130,
860Z200US36201,36201,48636.0
860Z200US36203,36203,79506.0
860Z200US36205,36205,59929.0
860Z200US36206,36206,68836.0
860Z200US36207,36207,94597.0
860Z200US36250,36250,96324.0
860Z200US36251,36251,65857.0
860Z200US36255,36255,124075.0
860Z200US36256,36256,71427.0
860Z200US36258,36258,56314.0
860Z200US36260,36260,68785.0
860Z200US36262,36262,86234.0
860Z200US36263,36263,52034.0
860Z200US36264,36264,74805.0
860Z200US36265,36265,66678.0
860Z200US36266,36266,68508.0
860Z200US36267,36267,
860Z200US36268,36268,67123.0
860Z200US36269,36269,63295.0
860Z200US36271,36271,71920.0
860Z200US36272,36272,72034.0
860Z200US36273,36273,75936.0
860Z200US36274,36274,55611.0
860Z200US36276,36276,66867.0
860Z200US36277,36277,71929.0
860Z200US36278,36278,81581.0
860Z200US36279,36279,70547.0
860Z200US36280,36280,87285.0
860Z200US36301,36301,69095.0
860Z200US36303,36303,80364.0
860Z200US36305,36305,108181.0
860Z200US36310,36310,60468.0
860Z200US36311,36311,63290.0
860Z200US36312,36312,77025.0
860Z200US36313,36313,
860Z200US36314,36314,56097.0
860Z200US36316,36316,80526.0
860Z200US36317,36317,140313.0
860Z200US36318,36318,73493.0
860Z200US36319,36319,73320.0
860Z200US36320,36320,62603.0
860Z200US36321,36321,61509.0
860Z200US36322,36322,65607.0
860Z200US36323,36323,62373.0
860Z200US36330,36330,85463.0
860Z200US36340,36340,63217.0
860Z200US36343,36343,59286.0
860Z200US36344,36344,67639.0
860Z200US36345,36345,95822.0
860Z200US36346,36346,67955.0
860Z200US36350,36350,76232.0
860Z200US36351,36351,85494.0
860Z200US36352,36352,90256.0
860Z200US36353,36353,73608.0
860Z200US36360,36360,66014.0
860Z200US36362,36362,78488.0
860Z200US36370,36370,67980.0
860Z200US36371,36371,58043.0
860Z200US36373,36373,44198.0
860Z200US36374,36374,92010.0
860Z200US36375,36375,66983.0
860Z200US36376,36376,64472.0
860Z200US36401,36401,59739.0
860Z200US36420,36420,76329.0
860Z200US36421,36421,79674.0
860Z200US36425,36425,58748.0
860Z200US36426,36426,68296.0
860Z200US36432,36432,52105.0
860Z200US36435,36435,66416.0
860Z200US36436,36436,79389.0
860Z200US36439,36439,90685.0
860Z200US36441,36441,60361.0
860Z200US36442,36442,65561.0
860Z200US36444,36444,55775.0
860Z200US36445,36445,55991.0
860Z200US36446,36446,61777.0
860Z200US36451,36451,71821.0
860Z200US36453,36453,67156.0
860Z200US36454,36454,
860Z200US36455,36455,73448.0
860Z200US36456,36456,71689.0
860Z200US36460,36460,52977.0
860Z200US36467,36467,59662.0
860Z200US36470,36470,
860Z200US36471,36471,59789.0
860Z200US36473,36473,56776.0
860Z200US36474,36474,88736.0
860Z200US36475,36475,68967.0
860Z200US36476,36476,58190.0
860Z200US36477,36477,71249.0
860Z200US36480,36480,79802.0
860Z200US36481,36481,31788.0
860Z200US36482,36482,141164.0
860Z200US36483,36483,75310.0
860Z200US36502,36502,54205.0
860Z200US36503,36503,
860Z200US36505,36505,104009.0
860Z200US36507,36507,68961.0
860Z200US36509,36509,50497.0
860Z200US36511,36511,84838.0
860Z200US36512,36512,
860Z200US36513,36513,56828.0
860Z200US36518,36518,98924.0
860Z200US36521,36521,85345.0
860Z200US36522,36522,67428.0
860Z200US36523,36523,69539.0
860Z200US36524,36524,98570.0
860Z200US36525,36525,87162.0
860Z200US36526,36526,108863.0
860Z200US36527,36527,128021.0
860Z200US36528,36528,108745.0
860Z200US36529,36529,94108.0
860Z200US36530,36530,83130.0
860Z200US36532,36532,124738.0
860Z200US36535,36535,85378.0
860Z200US36538,36538,36892.0
860Z200US36539,36539,69314.0
860Z200US36540,36540,46091.0
860Z200US36541,36541,89115.0
860Z200US36542,36542,95496.0
860Z200US36543,36543,
860Z200US36544,36544,66426.0
860Z200US36545,36545,71571.0
860Z200US36547,36547,
860Z200US36548,36548,84150.0
860Z200US36549,36549,94531.0
860Z200US36550,36550,61070.0
860Z200US36551,36551,97048.0
860Z200US36553,36553,82944.0
860Z200US36555,36555,118331.0
860Z200US36556,36556,
860Z200US36558,36558,76294.0
860Z200US36559,36559,55471.0
860Z200US36560,36560,73242.0
860Z200US36561,36561,122436.0
860Z200US36562,36562,57831.0
860Z200US36564,36564,
860Z200US36567,36567,91360.0
860Z200US36568,36568,
860Z200US36569,36569,58949.0
860Z200US36571,36571,91449.0
860Z200US36572,36572,109221.0
860Z200US36574,36574,60545.0
860Z200US36575,36575,90657.0
860Z200US36576,36576,99059.0
860Z200US36578,36578,82575.0
860Z200US36579,36579,85774.0
860Z200US36580,36580,76291.0
860Z200US36581,36581,79680.0
860Z200US36582,36582,77031.0
860Z200US36583,36583,85098.0
860Z200US36584,36584,62346.0
860Z200US36585,36585,88543.0
860Z200US36587,36587,78068.0
860Z200US36602,36602,56167.0
860Z200US36603,36603,40969.0
860Z200US36604,36604,89319.0
860Z200US36605,36605,59970.0
860Z200US36606,36606,69083.0
860Z200US36607,36607,71540.0
860Z200US36608,36608,96803.0
860Z200US36609,36609,70357.0
860Z200US36610,36610,41562.0
860Z200US36611,36611,55567.0
860Z200US36612,36612,44670.0
860Z200US36613,36613,69841.0
860Z200US36615,36615,
860Z200US36617,36617,51337.0
860Z200US36618,36618,73026.0
860Z200US36619,36619,85452.0
860Z200US36652,36652,
860Z200US36663,36663,
860Z200US36688,36688,
860Z200US36693,36693,88345.0
860Z200US36695,36695,95193.0
860Z200US36701,36701,60687.0
860Z200US36703,36703,47051.0
860Z200US36720,36720,44849.0
860Z200US36722,36722,76353.0
860Z200US36723,36723,37737.0
860Z200US36726,36726,62659.0
860Z200US36727,36727,52071.0
860Z200US36728,36728,26732.0
860Z200US36732,36732,74949.0
860Z200US36736,36736,58311.0
860Z200US36738,36738,47430.0
860Z200US36740,36740,80968.0
860Z200US36741,36741,
860Z200US36742,36742,61554.0
860Z200US36744,36744,54302.0
860Z200US36748,36748,58389.0
860Z200US36749,36749,35004.0
860Z200US36750,36750,79313.0
860Z200US36751,36751,50854.0
860Z200US36752,36752,83005.0
860Z200US36753,36753,
860Z200US36754,36754,41963.0
860Z200US36756,36756,43869.0
860Z200US36758,36758,62213.0
860Z200US36759,36759,46024.0
860Z200US36761,36761,40850.0
860Z200US36763,36763,82548.0
860Z200US36764,36764,
860Z200US36765,36765,54256.0
860Z200US36766,36766,
860Z200US36767,36767,55285.0
860Z200US36768,36768,52069.0
860Z200US36769,36769,53838.0
860Z200US36773,36773,72216.0
860Z200US36775,36775,50201.0
860Z200US36776,36776,42156.0
860Z200US36782,36782,62236.0
860Z200US36783,36783,68628.0
860Z200US36784,36784,71391.0
860Z200US36785,36785,45563.0
860Z200US36786,36786,38373.0
860Z200US36790,36790,111397.0
860Z200US36792,36792,49455.0
860Z200US36793,36793,77351.0
860Z200US36801,36801,74480.0
860Z200US36804,36804,78966.0
860Z200US36830,36830,100207.0
860Z200US36832,36832,66963.0
860Z200US36849,36849,
860Z200US36850,36850,51624.0
860Z200US36851,36851,
860Z200US36852,36852,100777.0
860Z200US36853,36853,89249.0
860Z200US36854,36854,76932.0
860Z200US36855,36855,63335.0
860Z200US36856,36856,90160.0
860Z200US36858,36858,40881.0
860Z200US36860,36860,54941.0
860Z200US36861,36861,95280.0
860Z200US36862,36862,57799.0
860Z200US36863,36863,64422.0
860Z200US36865,36865,53496.0
860Z200US36866,36866,76116.0
860Z200US36867,36867,73959.0
860Z200US36869,36869,63958.0
860Z200US36870,36870,82362.0
860Z200US36871,36871,53029.0
860Z200US36874,36874,77661.0
860Z200US36875,36875,69530.0
860Z200US36877,36877,87496.0
860Z200US36879,36879,124439.0
860Z200US36901,36901,55550.0
860Z200US36904,36904,59665.0
860Z200US36907,36907,57187.0
860Z200US36908,36908,66388.0
860Z200US36910,36910,
860Z200US36912,36912,69883.0
860Z200US36913,36913,
860Z200US36915,36915,43734.0
860Z200US36916,36916,53853.0
860Z200US36919,36919,81813.0
860Z200US36921,36921,53265.0
860Z200US36922,36922,76977.0
860Z200US36925,36925,42859.0
860Z200US37010,37010,128904.0
860Z200US37012,37012,62867.0
860Z200US37013,37013,89001.0
860Z200US37014,37014,197098.0
860Z200US37015,37015,94272.0
860Z200US37016,37016,92161.0
860Z200US37018,37018,72703.0
860Z200US37019,37019,69740.0
860Z200US37020,37020,89259.0
860Z200US37022,37022,75485.0
860Z200US37023,37023,65337.0
860Z200US37025,37025,95982.0
860Z200US37026,37026,65472.0
860Z200US37027,37027,231057.0
860Z200US37028,37028,71390.0
860Z200US37029,37029,112831.0
860Z200US37030,37030,73749.0
860Z200US37031,37031,103240.0
860Z200US37032,37032,93738.0
860Z200US37033,37033,65176.0
860Z200US37034,37034,96020.0
860Z200US37035,37035,92823.0
860Z200US37036,37036,85336.0
860Z200US37037,37037,133606.0
860Z200US37040,37040,78429.0
860Z200US37042,37042,76291.0
860Z200US37043,37043,111822.0
860Z200US37046,37046,239336.0
860Z200US37047,37047,84786.0
860Z200US37048,37048,134749.0
860Z200US37049,37049,99883.0
860Z200US37050,37050,115678.0
860Z200US37051,37051,72907.0
860Z200US37052,37052,93614.0
860Z200US37055,37055,90604.0
860Z200US37057,37057,89316.0
860Z200US37058,37058,73162.0
860Z200US37059,37059,62445.0
860Z200US37060,37060,111477.0
860Z200US37061,37061,68889.0
860Z200US37062,37062,108144.0
860Z200US37064,37064,161714.0
860Z200US37066,37066,105974.0
860Z200US37067,37067,139693.0
860Z200US37069,37069,220692.0
860Z200US37072,37072,97854.0
860Z200US37073,37073,104167.0
860Z200US37074,37074,77322.0
860Z200US37075,37075,118411.0
860Z200US37076,37076,90670.0
860Z200US37078,37078,71121.0
860Z200US37079,37079,86414.0
860Z200US37080,37080,96213.0
860Z200US37082,37082,104614.0
860Z200US37083,37083,73078.0
860Z200US37085,37085,132650.0
860Z200US37086,37086,92013.0
860Z200US37087,37087,105915.0
860Z200US37090,37090,102426.0
860Z200US37091,37091,90503.0
860Z200US37095,37095,69012.0
860Z200US37096,37096,61359.0
860Z200US37097,37097,73596.0
860Z200US37098,37098,80525.0
860Z200US37101,37101,81254.0
860Z200US37110,37110,72527.0
860Z200US37115,37115,68717.0
860Z200US37118,37118,82219.0
860Z200US37122,37122,145267.0
860Z200US37127,37127,99363.0
860Z200US37128,37128,106641.0
860Z200US37129,37129,112775.0
860Z200US37130,37130,87273.0
860Z200US37132,37132,
860Z200US37134,37134,88082.0
860Z200US37135,37135,171414.0
860Z200US37137,37137,62757.0
860Z200US37138,37138,115476.0
860Z200US37140,37140,90741.0
860Z200US37141,37141,82610.0
860Z200US37142,37142,111399.0
860Z200US37143,37143,123292.0
860Z200US37144,37144,87854.0
860Z200US37145,37145,85048.0
860Z200US37146,37146,116302.0
860Z200US37148,37148,85817.0
860Z200US37149,37149,84289.0
860Z200US37150,37150,65172.0
860Z200US37151,37151,103658.0
860Z200US37153,37153,111122.0
860Z200US37160,37160,76944.0
860Z200US37165,37165,31956.0
860Z200US37166,37166,60102.0
860Z200US37167,37167,93017.0
860Z200US37171,37171,100460.0
860Z200US37172,37172,90405.0
860Z200US37174,37174,121292.0
860Z200US37175,37175,51057.0
860Z200US37178,37178,73744.0
860Z200US37179,37179,163624.0
860Z200US37180,37180,94593.0
860Z200US37181,37181,76895.0
860Z200US37183,37183,85183.0
860Z200US37184,37184,84244.0
860Z200US37185,37185,75929.0
860Z200US37186,37186,78521.0
860Z200US37187,37187,88189.0
860Z200US37188,37188,103353.0
860Z200US37189,37189,114888.0
860Z200US37190,37190,74964.0
860Z200US37191,37191,102226.0
860Z200US37201,37201,101592.0
860Z200US37203,37203,104628.0
860Z200US37204,37204,183304.0
860Z200US37205,37205,220140.0
860Z200US37206,37206,121747.0
860Z200US37207,37207,76779.0
860Z200US37208,37208,98537.0
860Z200US37209,37209,109235.0
860Z200US37210,37210,70753.0
860Z200US37211,37211,90873.0
860Z200US37212,37212,182144.0
860Z200US37213,37213,
860Z200US37214,37214,89184.0
860Z200US37215,37215,226979.0
860Z200US37216,37216,103601.0
860Z200US37217,37217,77199.0
860Z200US37218,37218,82629.0
860Z200US37219,37219,123557.0
860Z200US37220,37220,229471.0
860Z200US37221,37221,127127.0
860Z200US37228,37228,119379.0
860Z200US37232,37232,
860Z200US37238,37238,
860Z200US37301,37301,62493.0
860Z200US37302,37302,146899.0
860Z200US37303,37303,76163.0
860Z200US37305,37305,56489.0
860Z200US37306,37306,65383.0
860Z200US37307,37307,97247.0
860Z200US37308,37308,89119.0
860Z200US37309,37309,61398.0
860Z200US37310,37310,80931.0
860Z200US37311,37311,63028.0
860Z200US37312,37312,97305.0
860Z200US37313,37313,54133.0
860Z200US37315,37315,
860Z200US37316,37316,
860Z200US37317,37317,94873.0
860Z200US37318,37318,58394.0
860Z200US37321,37321,70592.0
860Z200US37322,37322,71537.0
860Z200US37323,37323,83196.0
860Z200US37324,37324,63433.0
860Z200US37325,37325,81174.0
860Z200US37326,37326,42019.0
860Z200US37327,37327,68734.0
860Z200US37328,37328,75094.0
860Z200US37329,37329,84837.0
860Z200US37330,37330,78609.0
860Z200US37331,37331,70682.0
860Z200US37332,37332,64207.0
860Z200US37333,37333,39454.0
860Z200US37334,37334,81920.0
860Z200US37335,37335,98100.0
860Z200US37336,37336,76606.0
860Z200US37337,37337,71162.0
860Z200US37338,37338,66480.0
860Z200US37339,37339,65132.0
860Z200US37340,37340,97515.0
860Z200US37341,37341,102550.0
860Z200US37342,37342,74166.0
860Z200US37343,37343,110599.0
860Z200US37345,37345,74006.0
860Z200US37347,37347,74009.0
860Z200US37348,37348,70206.0
860Z200US37350,37350,305525.0
860Z200US37351,37351,55508.0
860Z200US37352,37352,78761.0
860Z200US37353,37353,116533.0
860Z200US37354,37354,68405.0
860Z200US37355,37355,74851.0
860Z200US37356,37356,72036.0
860Z200US37357,37357,72554.0
860Z200US37359,37359,87324.0
860Z200US37360,37360,101248.0
860Z200US37361,37361,81616.0
860Z200US37362,37362,58914.0
860Z200US37363,37363,119154.0
860Z200US37365,37365,54387.0
860Z200US37366,37366,80014.0
860Z200US37367,37367,65065.0
860Z200US37369,37369,78916.0
860Z200US37370,37370,82553.0
860Z200US37373,37373,87019.0
860Z200US37374,37374,65921.0
860Z200US37375,37375,121386.0
860Z200US37376,37376,31278.0
860Z200US37377,37377,173234.0
860Z200US37379,37379,105083.0
860Z200US37380,37380,69871.0
860Z200US37381,37381,72227.0
860Z200US37383,37383,
860Z200US37385,37385,68745.0
860Z200US37387,37387,63569.0
860Z200US37388,37388,76151.0
860Z200US37391,37391,62190.0
860Z200US37394,37394,65266.0
860Z200US37396,37396,41319.0
860Z200US37397,37397,67369.0
860Z200US37398,37398,86339.0
860Z200US37402,37402,61154.0
860Z200US37403,37403,101469.0
860Z200US37404,37404,81120.0
860Z200US37405,37405,139241.0
860Z200US37406,37406,55486.0
860Z200US37407,37407,44573.0
860Z200US37408,37408,136632.0
860Z200US37409,37409,81179.0
860Z200US37410,37410,33721.0
860Z200US37411,37411,73644.0
860Z200US37412,37412,70321.0
860Z200US37415,37415,96041.0
860Z200US37416,37416,80221.0
860Z200US37419,37419,120261.0
860Z200US37421,37421,107976.0
860Z200US37450,37450,
860Z200US37601,37601,70263.0
860Z200US37604,37604,75671.0
860Z200US37614,37614,
860Z200US37615,37615,109237.0
860Z200US37616,37616,64689.0
860Z200US37617,37617,88916.0
860Z200US37618,37618,73374.0
860Z200US37620,37620,77058.0
860Z200US37640,37640,64825.0
860Z200US37641,37641,83045.0
860Z200US37642,37642,76678.0
860Z200US37643,37643,66976.0
860Z200US37645,37645,88156.0
860Z200US37650,37650,62721.0
860Z200US37656,37656,90799.0
860Z200US37657,37657,70756.0
860Z200US37658,37658,61578.0
860Z200US37659,37659,92905.0
860Z200US37660,37660,74424.0
860Z200US37663,37663,90213.0
860Z200US37664,37664,85961.0
860Z200US37665,37665,58234.0
860Z200US37680,37680,68313.0
860Z200US37681,37681,81796.0
860Z200US37682,37682,
860Z200US37683,37683,68888.0
860Z200US37686,37686,112700.0
860Z200US37687,37687,64339.0
860Z200US37688,37688,64704.0
860Z200US37690,37690,85043.0
860Z200US37691,37691,74290.0
860Z200US37692,37692,71761.0
860Z200US37694,37694,110598.0
860Z200US37701,37701,90776.0
860Z200US37705,37705,108287.0
860Z200US37708,37708,67806.0
860Z200US37709,37709,74878.0
860Z200US37710,37710,46764.0
860Z200US37711,37711,55460.0
860Z200US37713,37713,53818.0
860Z200US37714,37714,69211.0
860Z200US37715,37715,42107.0
860Z200US37716,37716,84875.0
860Z200US37719,37719,
860Z200US37721,37721,80654.0
860Z200US37722,37722,64084.0
860Z200US37723,37723,70842.0
860Z200US37724,37724,44101.0
860Z200US37725,37725,87714.0
860Z200US37726,37726,83545.0
860Z200US37727,37727,60677.0
860Z200US37729,37729,56975.0
860Z200US37730,37730,43116.0
860Z200US37731,37731,50761.0
860Z200US37732,37732,
860Z200US37733,37733,
860Z200US37737,37737,95851.0
860Z200US37738,37738,80320.0
860Z200US37742,37742,102209.0
860Z200US37743,37743,76674.0
860Z200US37745,37745,70551.0
860Z200US37748,37748,73695.0
860Z200US37752,37752,69595.0
860Z200US37753,37753,66661.0
860Z200US37754,37754,80368.0
860Z200US37755,37755,50394.0
860Z200US37756,37756,49616.0
860Z200US37757,37757,81117.0
860Z200US37760,37760,107399.0
860Z200US37762,37762,54975.0
860Z200US37763,37763,99552.0
860Z200US37764,37764,76706.0
860Z200US37765,37765,58961.0
860Z200US37766,37766,63044.0
860Z200US37769,37769,61563.0
860Z200US37770,37770,63833.0
860Z200US37771,37771,76082.0
860Z200US37772,37772,123463.0
860Z200US37774,37774,106662.0
860Z200US37777,37777,109876.0
860Z200US37779,37779,62439.0
860Z200US37801,37801,88692.0
860Z200US37803,37803,108771.0
860Z200US37804,37804,84355.0
860Z200US37806,37806,69855.0
860Z200US37807,37807,75353.0
860Z200US37809,37809,59749.0
860Z200US37810,37810,50151.0
860Z200US37811,37811,58751.0
860Z200US37813,37813,62292.0
860Z200US37814,37814,77686.0
860Z200US37818,37818,71744.0
860Z200US37819,37819,62332.0
860Z200US37820,37820,74109.0
860Z200US37821,37821,57275.0
860Z200US37825,37825,74006.0
860Z200US37826,37826,80229.0
860Z200US37828,37828,92603.0
860Z200US37829,37829,84579.0
860Z200US37830,37830,94698.0
860Z200US37840,37840,84061.0
860Z200US37841,37841,63454.0
860Z200US37843,37843,86903.0
860Z200US37845,37845,26186.0
860Z200US37846,37846,82470.0
860Z200US37847,37847,52238.0
860Z200US37848,37848,110210.0
860Z200US37849,37849,101931.0
860Z200US37851,37851,
860Z200US37852,37852,52775.0
860Z200US37853,37853,86434.0
860Z200US37854,37854,71882.0
860Z200US37857,37857,63494.0
860Z200US37860,37860,79100.0
860Z200US37861,37861,73144.0
860Z200US37862,37862,78948.0
860Z200US37863,37863,65485.0
860Z200US37865,37865,112348.0
860Z200US37866,37866,98121.0
860Z200US37869,37869,49667.0
860Z200US37870,37870,57799.0
860Z200US37871,37871,80712.0
860Z200US37872,37872,74431.0
860Z200US37873,37873,54300.0
860Z200US37874,37874,66818.0
860Z200US37876,37876,78450.0
860Z200US37877,37877,85587.0
860Z200US37878,37878,57232.0
860Z200US37879,37879,61435.0
860Z200US37880,37880,73714.0
860Z200US37881,37881,82319.0
860Z200US37882,37882,94142.0
860Z200US37885,37885,88884.0
860Z200US37886,37886,73459.0
860Z200US37887,37887,72273.0
860Z200US37888,37888,57000.0
860Z200US37890,37890,81807.0
860Z200US37891,37891,61808.0
860Z200US37892,37892,53975.0
860Z200US37902,37902,85155.0
860Z200US37909,37909,91363.0
860Z200US37912,37912,60086.0
860Z200US37914,37914,73435.0
860Z200US37915,37915,35185.0
860Z200US37916,37916,24623.0
860Z200US37917,37917,68924.0
860Z200US37918,37918,84812.0
860Z200US37919,37919,133797.0
860Z200US37920,37920,80015.0
860Z200US37921,37921,73175.0
860Z200US37922,37922,178346.0
860Z200US37923,37923,90559.0
860Z200US37924,37924,81657.0
860Z200US37929,37929,
860Z200US37931,37931,112992.0
860Z200US37932,37932,142954.0
860Z200US37934,37934,178866.0
860Z200US37938,37938,117370.0
860Z200US38001,38001,69418.0
860Z200US38002,38002,138148.0
860Z200US38004,38004,108338.0
860Z200US38006,38006,87908.0
860Z200US38007,38007,
860Z200US38008,38008,60306.0
860Z200US38011,38011,87917.0
860Z200US38012,38012,55888.0
860Z200US38015,38015,72610.0
860Z200US38016,38016,93083.0
860Z200US38017,38017,176931.0
860Z200US38018,38018,107717.0
860Z200US38019,38019,74276.0
860Z200US38021,38021,
860Z200US38023,38023,89647.0
860Z200US38024,38024,98806.0
860Z200US38028,38028,190521.0
860Z200US38029,38029,
860Z200US38030,38030,82174.0
860Z200US38034,38034,72122.0
860Z200US38036,38036,42510.0
860Z200US38037,38037,54432.0
860Z200US38039,38039,55669.0
860Z200US38040,38040,69307.0
860Z200US38041,38041,55024.0
860Z200US38042,38042,92073.0
860Z200US38044,38044,64690.0
860Z200US38046,38046,68167.0
860Z200US38047,38047,48145.0
860Z200US38049,38049,79197.0
860Z200US38050,38050,71567.0
860Z200US38052,38052,58451.0
860Z200US38053,38053,80494.0
860Z200US38054,38054,
860Z200US38057,38057,104275.0
860Z200US38058,38058,89991.0
860Z200US38059,38059,68051.0
860Z200US38060,38060,98395.0
860Z200US38061,38061,61117.0
860Z200US38063,38063,67614.0
860Z200US38066,38066,118667.0
860Z200US38067,38067,68826.0
860Z200US38068,38068,82202.0
860Z200US38069,38069,77357.0
860Z200US38070,38070,56290.0
860Z200US38075,38075,64375.0
860Z200US38076,38076,97221.0
860Z200US38077,38077,
860Z200US38079,38079,52062.0
860Z200US38080,38080,45935.0
860Z200US38103,38103,117010.0
860Z200US38104,38104,92416.0
860Z200US38105,38105,43288.0
860Z200US38106,38106,44443.0
860Z200US38107,38107,54276.0
860Z200US38108,38108,47171.0
860Z200US38109,38109,52978.0
860Z200US38111,38111,88808.0
860Z200US38112,38112,80326.0
860Z200US38113,38113,
860Z200US38114,38114,45848.0
860Z200US38115,38115,53791.0
860Z200US38116,38116,63659.0
860Z200US38117,38117,141823.0
860Z200US38118,38118,57636.0
860Z200US38119,38119,115410.0
860Z200US38120,38120,222328.0
860Z200US38122,38122,57770.0
860Z200US38125,38125,96983.0
860Z200US38126,38126,35863.0
860Z200US38127,38127,50052.0
860Z200US38128,38128,61777.0
860Z200US38131,38131,
860Z200US38132,38132,
860Z200US38133,38133,106241.0
860Z200US38134,38134,75649.0
860Z200US38135,38135,110084.0
860Z200US38138,38138,170322.0
860Z200US38139,38139,232797.0
860Z200US38141,38141,76612.0
860Z200US38152,38152,
860Z200US38201,38201,67341.0
860Z200US38220,38220,51483.0
860Z200US38221,38221,58450.0
860Z200US38222,38222,78779.0
860Z200US38224,38224,77946.0
860Z200US38225,38225,60083.0
860Z200US38226,38226,63424.0
860Z200US38229,38229,65487.0
860Z200US38230,38230,70121.0
860Z200US38231,38231,50059.0
860Z200US38232,38232,55288.0
860Z200US38233,38233,65563.0
860Z200US38235,38235,67070.0
860Z200US38236,38236,66870.0
860Z200US38237,38237,64047.0
860Z200US38240,38240,71751.0
860Z200US38241,38241,78690.0
860Z200US38242,38242,68763.0
860Z200US38251,38251,64092.0
860Z200US38253,38253,89380.0
860Z200US38254,38254,
860Z200US38255,38255,60847.0
860Z200US38256,38256,64244.0
860Z200US38257,38257,80417.0
860Z200US38258,38258,61784.0
860Z200US38259,38259,48682.0
860Z200US38260,38260,63741.0
860Z200US38261,38261,73388.0
860Z200US38301,38301,55579.0
860Z200US38305,38305,87488.0
860Z200US38310,38310,73085.0
860Z200US38311,38311,66336.0
860Z200US38313,38313,111366.0
860Z200US38315,38315,62913.0
860Z200US38316,38316,57035.0
860Z200US38317,38317,56509.0
860Z200US38318,38318,86320.0
860Z200US38320,38320,68813.0
860Z200US38321,38321,66841.0
860Z200US38326,38326,69152.0
860Z200US38327,38327,47744.0
860Z200US38328,38328,108131.0
860Z200US38329,38329,59991.0
860Z200US38330,38330,72218.0
860Z200US38332,38332,59456.0
860Z200US38333,38333,40376.0
860Z200US38334,38334,81542.0
860Z200US38337,38337,74670.0
860Z200US38338,38338,60354.0
860Z200US38339,38339,83513.0
860Z200US38340,38340,74410.0
860Z200US38341,38341,55334.0
860Z200US38342,38342,57960.0
860Z200US38343,38343,74021.0
860Z200US38344,38344,74103.0
860Z200US38345,38345,58864.0
860Z200US38347,38347,56128.0
860Z200US38348,38348,48311.0
860Z200US38351,38351,69591.0
860Z200US38352,38352,55826.0
860Z200US38355,38355,109982.0
860Z200US38356,38356,81848.0
860Z200US38357,38357,79090.0
860Z200US38358,38358,78600.0
860Z200US38359,38359,64206.0
860Z200US38361,38361,60796.0
860Z200US38362,38362,86708.0
860Z200US38363,38363,55428.0
860Z200US38365,38365,
860Z200US38366,38366,90415.0
860Z200US38367,38367,75341.0
860Z200US38368,38368,62895.0
860Z200US38369,38369,68280.0
860Z200US38370,38370,69415.0
860Z200US38371,38371,65311.0
860Z200US38372,38372,66478.0
860Z200US38374,38374,54317.0
860Z200US38375,38375,64379.0
860Z200US38376,38376,65067.0
860Z200US38379,38379,59076.0
860Z200US38380,38380,131713.0
860Z200US38381,38381,58915.0
860Z200US38382,38382,59246.0
860Z200US38387,38387,75647.0
860Z200US38388,38388,65703.0
860Z200US38389,38389,40113.0
860Z200US38390,38390,62351.0
860Z200US38391,38391,74231.0
860Z200US38392,38392,66534.0
860Z200US38401,38401,88308.0
860Z200US38425,38425,57010.0
860Z200US38449,38449,87735.0
860Z200US38450,38450,62811.0
860Z200US38451,38451,90254.0
860Z200US38452,38452,136705.0
860Z200US38453,38453,135293.0
860Z200US38454,38454,71199.0
860Z200US38455,38455,152079.0
860Z200US38456,38456,78714.0
860Z200US38457,38457,66637.0
860Z200US38459,38459,92207.0
860Z200US38460,38460,115440.0
860Z200US38461,38461,64322.0
860Z200US38462,38462,65835.0
860Z200US38463,38463,89340.0
860Z200US38464,38464,63167.0
860Z200US38468,38468,80910.0
860Z200US38469,38469,75824.0
860Z200US38471,38471,66838.0
860Z200US38472,38472,107659.0
860Z200US38473,38473,87193.0
860Z200US38474,38474,78810.0
860Z200US38475,38475,58624.0
860Z200US38476,38476,191143.0
860Z200US38477,38477,79207.0
860Z200US38478,38478,75797.0
860Z200US38481,38481,85416.0
860Z200US38482,38482,91565.0
860Z200US38483,38483,89486.0
860Z200US38485,38485,73710.0
860Z200US38486,38486,49095.0
860Z200US38487,38487,94483.0
860Z200US38488,38488,95815.0
860Z200US38501,38501,69084.0
860Z200US38503,38503,
860Z200US38504,38504,68138.0
860Z200US38505,38505,
860Z200US38506,38506,84941.0
860Z200US38541,38541,54876.0
860Z200US38542,38542,
860Z200US38543,38543,93638.0
860Z200US38544,38544,77331.0
860Z200US38545,38545,71601.0
860Z200US38547,38547,84245.0
860Z200US38548,38548,58863.0
860Z200US38549,38549,56474.0
860Z200US38550,38550,
860Z200US38551,38551,51437.0
860Z200US38552,38552,54272.0
860Z200US38553,38553,60557.0
860Z200US38554,38554,53843.0
860Z200US38555,38555,67367.0
860Z200US38556,38556,54088.0
860Z200US38558,38558,81978.0
860Z200US38559,38559,56131.0
860Z200US38560,38560,89066.0
860Z200US38562,38562,60083.0
860Z200US38563,38563,96022.0
860Z200US38564,38564,63678.0
860Z200US38565,38565,67868.0
860Z200US38567,38567,114289.0
860Z200US38568,38568,63598.0
860Z200US38569,38569,170220.0
860Z200US38570,38570,69217.0
860Z200US38571,38571,79397.0
860Z200US38572,38572,73648.0
860Z200US38573,38573,73648.0
860Z200US38574,38574,71616.0
860Z200US38575,38575,63721.0
860Z200US38577,38577,55676.0
860Z200US38578,38578,48607.0
860Z200US38579,38579,61445.0
860Z200US38580,38580,79854.0
860Z200US38581,38581,70275.0
860Z200US38582,38582,86630.0
860Z200US38583,38583,73527.0
860Z200US38585,38585,64544.0
860Z200US38587,38587,71315.0
860Z200US38588,38588,78435.0
860Z200US38589,38589,48576.0
860Z200US38601,38601,65396.0
860Z200US38603,38603,63024.0
860Z200US38606,38606,70155.0
860Z200US38610,38610,72896.0
860Z200US38611,38611,76957.0
860Z200US38614,38614,52890.0
860Z200US38617,38617,31029.0
860Z200US38618,38618,71609.0
860Z200US38619,38619,52407.0
860Z200US38620,38620,69367.0
860Z200US38621,38621,44285.0
860Z200US38622,38622,31318.0
860Z200US38623,38623,30979.0
860Z200US38625,38625,61248.0
860Z200US38626,38626,139811.0
860Z200US38627,38627,79794.0
860Z200US38629,38629,69656.0
860Z200US38631,38631,36526.0
860Z200US38632,38632,108706.0
860Z200US38633,38633,47522.0
860Z200US38635,38635,76930.0
860Z200US38637,38637,71699.0
860Z200US38639,38639,36822.0
860Z200US38641,38641,103513.0
860Z200US38642,38642,69366.0
860Z200US38643,38643,37923.0
860Z200US38644,38644,98303.0
860Z200US38645,38645,71769.0
860Z200US38646,38646,56532.0
860Z200US38647,38647,45439.0
860Z200US38650,38650,99035.0
860Z200US38651,38651,111972.0
860Z200US38652,38652,72776.0
860Z200US38654,38654,112488.0
860Z200US38655,38655,103067.0
860Z200US38658,38658,76159.0
860Z200US38659,38659,53888.0
860Z200US38661,38661,55905.0
860Z200US38663,38663,69442.0
860Z200US38664,38664,40663.0
860Z200US38665,38665,86437.0
860Z200US38666,38666,51564.0
860Z200US38668,38668,77900.0
860Z200US38670,38670,55123.0
860Z200US38671,38671,77020.0
860Z200US38672,38672,116825.0
860Z200US38673,38673,92513.0
860Z200US38674,38674,117815.0
860Z200US38676,38676,58614.0
860Z200US38677,38677,
860Z200US38680,38680,93399.0
860Z200US38683,38683,55236.0
860Z200US38685,38685,95702.0
860Z200US38701,38701,60049.0
860Z200US38703,38703,49230.0
860Z200US38720,38720,60230.0
860Z200US38721,38721,61760.0
860Z200US38722,38722,27495.0
860Z200US38723,38723,
860Z200US38725,38725,75783.0
860Z200US38726,38726,84855.0
860Z200US38730,38730,78168.0
860Z200US38731,38731,
860Z200US38732,38732,63939.0
860Z200US38733,38733,
860Z200US38736,38736,71656.0
860Z200US38737,38737,44185.0
860Z200US38738,38738,
860Z200US38740,38740,57394.0
860Z200US38744,38744,52127.0
860Z200US38745,38745,62530.0
860Z200US38746,38746,62143.0
860Z200US38748,38748,58242.0
860Z200US38751,38751,56789.0
860Z200US38753,38753,66977.0
860Z200US38754,38754,94127.0
860Z200US38756,38756,68523.0
860Z200US38759,38759,126389.0
860Z200US38760,38760,58157.0
860Z200US38761,38761,55129.0
860Z200US38762,38762,46018.0
860Z200US38764,38764,36501.0
860Z200US38765,38765,40170.0
860Z200US38767,38767,
860Z200US38768,38768,
860Z200US38769,38769,42206.0
860Z200US38771,38771,54997.0
860Z200US38772,38772,416943.0
860Z200US38773,38773,42674.0
860Z200US38774,38774,24877.0
860Z200US38776,38776,
860Z200US38778,38778,51721.0
860Z200US38781,38781,23085.0
860Z200US38801,38801,83560.0
860Z200US38804,38804,91362.0
860Z200US38821,38821,72388.0
860Z200US38824,38824,63112.0
860Z200US38826,38826,94259.0
860Z200US38827,38827,62249.0
860Z200US38828,38828,71312.0
860Z200US38829,38829,76702.0
860Z200US38833,38833,66691.0
860Z200US38834,38834,72418.0
860Z200US38838,38838,55759.0
860Z200US38839,38839,59412.0
860Z200US38841,38841,65706.0
860Z200US38843,38843,82185.0
860Z200US38844,38844,56949.0
860Z200US38846,38846,68623.0
860Z200US38847,38847,57063.0
860Z200US38848,38848,66958.0
860Z200US38849,38849,84876.0
860Z200US38850,38850,53274.0
860Z200US38851,38851,54224.0
860Z200US38852,38852,64250.0
860Z200US38855,38855,155915.0
860Z200US38856,38856,100503.0
860Z200US38857,38857,103744.0
860Z200US38858,38858,72317.0
860Z200US38859,38859,66200.0
860Z200US38860,38860,59302.0
860Z200US38862,38862,65873.0
860Z200US38863,38863,68483.0
860Z200US38864,38864,74171.0
860Z200US38865,38865,56704.0
860Z200US38866,38866,87699.0
860Z200US38868,38868,67556.0
860Z200US38869,38869,76390.0
860Z200US38870,38870,82952.0
860Z200US38871,38871,62997.0
860Z200US38873,38873,67136.0
860Z200US38876,38876,69751.0
860Z200US38878,38878,57633.0
860Z200US38879,38879,71536.0
860Z200US38901,38901,71596.0
860Z200US38913,38913,54425.0
860Z200US38914,38914,52817.0
860Z200US38915,38915,58705.0
860Z200US38916,38916,59734.0
860Z200US38917,38917,73323.0
860Z200US38920,38920,50680.0
860Z200US38921,38921,64175.0
860Z200US38922,38922,45929.0
860Z200US38923,38923,72567.0
860Z200US38924,38924,48985.0
860Z200US38925,38925,66582.0
860Z200US38927,38927,43966.0
860Z200US38928,38928,18317.0
860Z200US38929,38929,64626.0
860Z200US38930,38930,61918.0
860Z200US38940,38940,66953.0
860Z200US38941,38941,44840.0
860Z200US38943,38943,57439.0
860Z200US38944,38944,49548.0
860Z200US38946,38946,28179.0
860Z200US38947,38947,47775.0
860Z200US38948,38948,52758.0
860Z200US38949,38949,97923.0
860Z200US38950,38950,63428.0
860Z200US38951,38951,55356.0
860Z200US38952,38952,64388.0
860Z200US38953,38953,41369.0
860Z200US38954,38954,76749.0
860Z200US38957,38957,58897.0
860Z200US38961,38961,48593.0
860Z200US38962,38962,
860Z200US38963,38963,46227.0
860Z200US38964,38964,
860Z200US38965,38965,68106.0
860Z200US38966,38966,37687.0
860Z200US38967,38967,56870.0
860Z200US39038,39038,49936.0
860Z200US39039,39039,65028.0
860Z200US39040,39040,73465.0
860Z200US39041,39041,57171.0
860Z200US39042,39042,103110.0
860Z200US39044,39044,73519.0
860Z200US39045,39045,56884.0
860Z200US39046,39046,67424.0
860Z200US39047,39047,120783.0
860Z200US39051,39051,67134.0
860Z200US39054,39054,53058.0
860Z200US39056,39056,97648.0
860Z200US39057,39057,69600.0
860Z200US39058,39058,
860Z200US39059,39059,93339.0
860Z200US39061,39061,
860Z200US39062,39062,49933.0
860Z200US39063,39063,36820.0
860Z200US39066,39066,77341.0
860Z200US39067,39067,72004.0
860Z200US39069,39069,48620.0
860Z200US39071,39071,118252.0
860Z200US39073,39073,79252.0
860Z200US39074,39074,59965.0
860Z200US39078,39078,50805.0
860Z200US39079,39079,26092.0
860Z200US39082,39082,64913.0
860Z200US39083,39083,60136.0
860Z200US39086,39086,35837.0
860Z200US39088,39088,
860Z200US39090,39090,77068.0
860Z200US39092,39092,52944.0
860Z200US39094,39094,67853.0
860Z200US39095,39095,79861.0
860Z200US39096,39096,69518.0
860Z200US39097,39097,36722.0
860Z200US39108,39108,60000.0
860Z200US39110,39110,167765.0
860Z200US39111,39111,64086.0
860Z200US39113,39113,27683.0
860Z200US39114,39114,95025.0
860Z200US39115,39115,31579.0
860Z200US39116,39116,72214.0
860Z200US39117,39117,77126.0
860Z200US39119,39119,75065.0
860Z200US39120,39120,58644.0
860Z200US39140,39140,77115.0
860Z200US39144,39144,48444.0
860Z200US39145,39145,73977.0
860Z200US39146,39146,48433.0
860Z200US39148,39148,
860Z200US39149,39149,61883.0
860Z200US39150,39150,57409.0
860Z200US39152,39152,49371.0
860Z200US39153,39153,53105.0
860Z200US39154,39154,93090.0
860Z200US39156,39156,59731.0
860Z200US39157,39157,105387.0
860Z200US39159,39159,59119.0
860Z200US39160,39160,63214.0
860Z200US39162,39162,141796.0
860Z200US39166,39166,83745.0
860Z200US39167,39167,
860Z200US39168,39168,64002.0
860Z200US39169,39169,39981.0
860Z200US39170,39170,87656.0
860Z200US39173,39173,
860Z200US39174,39174,
860Z200US39175,39175,61390.0
860Z200US39176,39176,58437.0
860Z200US39177,39177,44338.0
860Z200US39179,39179,56146.0
860Z200US39180,39180,80379.0
860Z200US39183,39183,87158.0
860Z200US39189,39189,55660.0
860Z200US39191,39191,78464.0
860Z200US39192,39192,57422.0
860Z200US39193,39193,
860Z200US39194,39194,50168.0
860Z200US39201,39201,66848.0
860Z200US39202,39202,61765.0
860Z200US39203,39203,37129.0
860Z200US39204,39204,43411.0
860Z200US39206,39206,57281.0
860Z200US39208,39208,78251.0
860Z200US39209,39209,50073.0
860Z200US39210,39210,
860Z200US39211,39211,108193.0
860Z200US39212,39212,70447.0
860Z200US39213,39213,42907.0
860Z200US39216,39216,80759.0
860Z200US39217,39217,
860Z200US39218,39218,82379.0
860Z200US39232,39232,102612.0
860Z200US39269,39269,
860Z200US39272,39272,86144.0
860Z200US39301,39301,66972.0
860Z200US39305,39305,86125.0
860Z200US39307,39307,39269.0
860Z200US39309,39309,
860Z200US39320,39320,104034.0
860Z200US39322,39322,45805.0
860Z200US39323,39323,64215.0
860Z200US39324,39324,
860Z200US39325,39325,99070.0
860Z200US39326,39326,47499.0
860Z200US39327,39327,100514.0
860Z200US39328,39328,45923.0
860Z200US39330,39330,81456.0
860Z200US39332,39332,86402.0
860Z200US39335,39335,81884.0
860Z200US39336,39336,69730.0
860Z200US39337,39337,64814.0
860Z200US39338,39338,51025.0
860Z200US39339,39339,67156.0
860Z200US39341,39341,50969.0
860Z200US39342,39342,62148.0
860Z200US39345,39345,61667.0
860Z200US39346,39346,68050.0
860Z200US39347,39347,50464.0
860Z200US39348,39348,33439.0
860Z200US39350,39350,67621.0
860Z200US39352,39352,87575.0
860Z200US39354,39354,78764.0
860Z200US39355,39355,58011.0
860Z200US39356,39356,47239.0
860Z200US39358,39358,86359.0
860Z200US39359,39359,67222.0
860Z200US39360,39360,52519.0
860Z200US39361,39361,44866.0
860Z200US39362,39362,64825.0
860Z200US39363,39363,55388.0
860Z200US39364,39364,80961.0
860Z200US39365,39365,64383.0
860Z200US39366,39366,59985.0
860Z200US39367,39367,67969.0
860Z200US39401,39401,58153.0
860Z200US39402,39402,107814.0
860Z200US39406,39406,
860Z200US39421,39421,69436.0
860Z200US39422,39422,64095.0
860Z200US39423,39423,54344.0
860Z200US39425,39425,86952.0
860Z200US39426,39426,87355.0
860Z200US39427,39427,55893.0
860Z200US39428,39428,57114.0
860Z200US39429,39429,71947.0
860Z200US39437,39437,75948.0
860Z200US39439,39439,52315.0
860Z200US39440,39440,70284.0
860Z200US39443,39443,77131.0
860Z200US39451,39451,69045.0
860Z200US39452,39452,75316.0
860Z200US39455,39455,76321.0
860Z200US39456,39456,60202.0
860Z200US39459,39459,70599.0
860Z200US39461,39461,82613.0
860Z200US39462,39462,83539.0
860Z200US39464,39464,84636.0
860Z200US39465,39465,88851.0
860Z200US39466,39466,64775.0
860Z200US39470,39470,67415.0
860Z200US39474,39474,52944.0
860Z200US39475,39475,92007.0
860Z200US39476,39476,67293.0
860Z200US39477,39477,55208.0
860Z200US39478,39478,66215.0
860Z200US39479,39479,71780.0
860Z200US39480,39480,73065.0
860Z200US39481,39481,78761.0
860Z200US39482,39482,78904.0
860Z200US39483,39483,63180.0
860Z200US39501,39501,50977.0
860Z200US39503,39503,77659.0
860Z200US39507,39507,74425.0
860Z200US39520,39520,104671.0
860Z200US39525,39525,100991.0
860Z200US39529,39529,
860Z200US39530,39530,59896.0
860Z200US39531,39531,74992.0
860Z200US39532,39532,82468.0
860Z200US39534,39534,
860Z200US39540,39540,88653.0
860Z200US39553,39553,88102.0
860Z200US39556,39556,77062.0
860Z200US39560,39560,89997.0
860Z200US39561,39561,77567.0
860Z200US39562,39562,84010.0
860Z200US39563,39563,63058.0
860Z200US39564,39564,96194.0
860Z200US39565,39565,106965.0
860Z200US39567,39567,74164.0
860Z200US39571,39571,94292.0
860Z200US39572,39572,59547.0
860Z200US39573,39573,81391.0
860Z200US39574,39574,84009.0
860Z200US39576,39576,75443.0
860Z200US39577,39577,68681.0
860Z200US39581,39581,54523.0
860Z200US39595,39595,
860Z200US39601,39601,63124.0
860Z200US39629,39629,75096.0
860Z200US39630,39630,42555.0
860Z200US39631,39631,53495.0
860Z200US39633,39633,52583.0
860Z200US39635,39635,
860Z200US39638,39638,47898.0
860Z200US39641,39641,73397.0
860Z200US39643,39643,58878.0
860Z200US39645,39645,53228.0
860Z200US39647,39647,68144.0
860Z200US39648,39648,48358.0
860Z200US39652,39652,52220.0
860Z200US39653,39653,59449.0
860Z200US39654,39654,57508.0
860Z200US39656,39656,45330.0
860Z200US39657,39657,43351.0
860Z200US39661,39661,75562.0
860Z200US39662,39662,52631.0
860Z200US39663,39663,80762.0
860Z200US39664,39664,51986.0
860Z200US39665,39665,48343.0
860Z200US39666,39666,84013.0
860Z200US39667,39667,67828.0
860Z200US39668,39668,72679.0
860Z200US39669,39669,53096.0
860Z200US39701,39701,51670.0
860Z200US39702,39702,73709.0
860Z200US39705,39705,91948.0
860Z200US39730,39730,66274.0
860Z200US39735,39735,71207.0
860Z200US39736,39736,34329.0
860Z200US39737,39737,65179.0
860Z200US39739,39739,44421.0
860Z200US39740,39740,100308.0
860Z200US39741,39741,53837.0
860Z200US39743,39743,75129.0
860Z200US39744,39744,59735.0
860Z200US39745,39745,67323.0
860Z200US39746,39746,71336.0
860Z200US39747,39747,70095.0
860Z200US39750,39750,56778.0
860Z200US39751,39751,75662.0
860Z200US39752,39752,73448.0
860Z200US39753,39753,
860Z200US39755,39755,45433.0
860Z200US39756,39756,53718.0
860Z200US39759,39759,69318.0
860Z200US39762,39762,
860Z200US39766,39766,70174.0
860Z200US39767,39767,142325.0
860Z200US39769,39769,94488.0
860Z200US39771,39771,75242.0
860Z200US39772,39772,54728.0
860Z200US39773,39773,58993.0
860Z200US39776,39776,61727.0
860Z200US39813,39813,54864.0
860Z200US39815,39815,61266.0
860Z200US39817,39817,61029.0
860Z200US39819,39819,71878.0
860Z200US39823,39823,67678.0
860Z200US39824,39824,59102.0
860Z200US39825,39825,65518.0
860Z200US39826,39826,76425.0
860Z200US39827,39827,82356.0
860Z200US39828,39828,66470.0
860Z200US39832,39832,
860Z200US39834,39834,71835.0
860Z200US39836,39836,59693.0
860Z200US39837,39837,76735.0
860Z200US39840,39840,40422.0
860Z200US39841,39841,100814.0
860Z200US39842,39842,62935.0
860Z200US39845,39845,67344.0
860Z200US39846,39846,56160.0
860Z200US39851,39851,63817.0
860Z200US39854,39854,54047.0
860Z200US39859,39859,81126.0
860Z200US39861,39861,65257.0
860Z200US39862,39862,91827.0
860Z200US39866,39866,70795.0
860Z200US39867,39867,57811.0
860Z200US39870,39870,61125.0
860Z200US39877,39877,64340.0
860Z200US39885,39885,59133.0
860Z200US39886,39886,59561.0
860Z200US39897,39897,70766.0
860Z200US40003,40003,90512.0
860Z200US40004,40004,82813.0
860Z200US40006,40006,70716.0
860Z200US40007,40007,104148.0
860Z200US40008,40008,81934.0
860Z200US40009,40009,58518.0
860Z200US40010,40010,150277.0
860Z200US40011,40011,66112.0
860Z200US40012,40012,91183.0
860Z200US40013,40013,108009.0
860Z200US40014,40014,152945.0
860Z200US40019,40019,88083.0
860Z200US40020,40020,78022.0
860Z200US40022,40022,134689.0
860Z200US40023,40023,172324.0
860Z200US40025,40025,642342.0
860Z200US40026,40026,176496.0
860Z200US40031,40031,115345.0
860Z200US40033,40033,65660.0
860Z200US40036,40036,26570.0
860Z200US40037,40037,87656.0
860Z200US40040,40040,45183.0
860Z200US40041,40041,105479.0
860Z200US40045,40045,96869.0
860Z200US40046,40046,71543.0
860Z200US40047,40047,106476.0
860Z200US40049,40049,
860Z200US40050,40050,61059.0
860Z200US40051,40051,78211.0
860Z200US40052,40052,91192.0
860Z200US40055,40055,88549.0
860Z200US40056,40056,154841.0
860Z200US40057,40057,77880.0
860Z200US40058,40058,
860Z200US40059,40059,237494.0
860Z200US40060,40060,55803.0
860Z200US40061,40061,
860Z200US40062,40062,53376.0
860Z200US40063,40063,
860Z200US40065,40065,95163.0
860Z200US40067,40067,117619.0
860Z200US40068,40068,116647.0
860Z200US40069,40069,85489.0
860Z200US40070,40070,121089.0
860Z200US40071,40071,108182.0
860Z200US40075,40075,72130.0
860Z200US40076,40076,93505.0
860Z200US40077,40077,100344.0
860Z200US40078,40078,70904.0
860Z200US40104,40104,81805.0
860Z200US40107,40107,64152.0
860Z200US40108,40108,88548.0
860Z200US40109,40109,98488.0
860Z200US40110,40110,61256.0
860Z200US40111,40111,54808.0
860Z200US40115,40115,110226.0
860Z200US40117,40117,79006.0
860Z200US40118,40118,68532.0
860Z200US40119,40119,80589.0
860Z200US40121,40121,89962.0
860Z200US40140,40140,71463.0
860Z200US40142,40142,90049.0
860Z200US40143,40143,86709.0
860Z200US40144,40144,61768.0
860Z200US40145,40145,49516.0
860Z200US40146,40146,58863.0
860Z200US40150,40150,75420.0
860Z200US40152,40152,113297.0
860Z200US40155,40155,78565.0
860Z200US40157,40157,86119.0
860Z200US40160,40160,74824.0
860Z200US40161,40161,76328.0
860Z200US40162,40162,112004.0
860Z200US40165,40165,91902.0
860Z200US40170,40170,37838.0
860Z200US40171,40171,41789.0
860Z200US40175,40175,94720.0
860Z200US40176,40176,65178.0
860Z200US40177,40177,78777.0
860Z200US40178,40178,98052.0
860Z200US40202,40202,57572.0
860Z200US40203,40203,48922.0
860Z200US40204,40204,112519.0
860Z200US40205,40205,134350.0
860Z200US40206,40206,104750.0
860Z200US40207,40207,148833.0
860Z200US40208,40208,57849.0
860Z200US40209,40209,46730.0
860Z200US40210,40210,47460.0
860Z200US40211,40211,50185.0
860Z200US40212,40212,46330.0
860Z200US40213,40213,77423.0
860Z200US40214,40214,73462.0
860Z200US40215,40215,54894.0
860Z200US40216,40216,68259.0
860Z200US40217,40217,100525.0
860Z200US40218,40218,71059.0
860Z200US40219,40219,67576.0
860Z200US40220,40220,91374.0
860Z200US40221,40221,
860Z200US40222,40222,120714.0
860Z200US40223,40223,135875.0
860Z200US40228,40228,93823.0
860Z200US40229,40229,91243.0
860Z200US40231,40231,
860Z200US40241,40241,131979.0
860Z200US40242,40242,103289.0
860Z200US40243,40243,101137.0
860Z200US40245,40245,160340.0
860Z200US40258,40258,79927.0
860Z200US40272,40272,77975.0
860Z200US40280,40280,
860Z200US40291,40291,103535.0
860Z200US40299,40299,105041.0
860Z200US40310,40310,58445.0
860Z200US40311,40311,63696.0
860Z200US40312,40312,61133.0
860Z200US40313,40313,92851.0
860Z200US40316,40316,62507.0
860Z200US40322,40322,59879.0
860Z200US40324,40324,102868.0
860Z200US40328,40328,51272.0
860Z200US40330,40330,77802.0
860Z200US40334,40334,
860Z200US40336,40336,58529.0
860Z200US40337,40337,69326.0
860Z200US40339,40339,101133.0
860Z200US40342,40342,87934.0
860Z200US40346,40346,94915.0
860Z200US40347,40347,129000.0
860Z200US40348,40348,41791.0
860Z200US40350,40350,
860Z200US40351,40351,75282.0
860Z200US40353,40353,72786.0
860Z200US40355,40355,32414.0
860Z200US40356,40356,116091.0
860Z200US40357,40357,22403.0
860Z200US40358,40358,88586.0
860Z200US40359,40359,71721.0
860Z200US40360,40360,83255.0
860Z200US40361,40361,80291.0
860Z200US40363,40363,
860Z200US40370,40370,97273.0
860Z200US40371,40371,75404.0
860Z200US40372,40372,92970.0
860Z200US40374,40374,64718.0
860Z200US40376,40376,
860Z200US40379,40379,85961.0
860Z200US40380,40380,61643.0
860Z200US40383,40383,101662.0
860Z200US40385,40385,67821.0
860Z200US40387,40387,58745.0
860Z200US40390,40390,84351.0
860Z200US40391,40391,94837.0
860Z200US40402,40402,59520.0
860Z200US40403,40403,76295.0
860Z200US40404,40404,
860Z200US40409,40409,64044.0
860Z200US40419,40419,67425.0
860Z200US40422,40422,83512.0
860Z200US40434,40434,
860Z200US40437,40437,65446.0
860Z200US40440,40440,69689.0
860Z200US40442,40442,64203.0
860Z200US40444,40444,77084.0
860Z200US40445,40445,85811.0
860Z200US40447,40447,47657.0
860Z200US40448,40448,
860Z200US40456,40456,68621.0
860Z200US40460,40460,45502.0
860Z200US40461,40461,91658.0
860Z200US40464,40464,78774.0
860Z200US40468,40468,79341.0
860Z200US40472,40472,49498.0
860Z200US40475,40475,84499.0
860Z200US40481,40481,56329.0
860Z200US40484,40484,73172.0
860Z200US40486,40486,68005.0
860Z200US40489,40489,69027.0
860Z200US40502,40502,130733.0
860Z200US40503,40503,103013.0
860Z200US40504,40504,66114.0
860Z200US40505,40505,77121.0
860Z200US40507,40507,76458.0
860Z200US40508,40508,53708.0
860Z200US40509,40509,117574.0
860Z200US40510,40510,193134.0
860Z200US40511,40511,96931.0
860Z200US40513,40513,166149.0
860Z200US40514,40514,121094.0
860Z200US40515,40515,115266.0
860Z200US40516,40516,116303.0
860Z200US40517,40517,71541.0
860Z200US40526,40526,
860Z200US40536,40536,
860Z200US40601,40601,90825.0
860Z200US40701,40701,63075.0
860Z200US40729,40729,64194.0
860Z200US40734,40734,50864.0
860Z200US40737,40737,87891.0
860Z200US40740,40740,62772.0
860Z200US40741,40741,73282.0
860Z200US40744,40744,78508.0
860Z200US40759,40759,43009.0
860Z200US40763,40763,70484.0
860Z200US40769,40769,59521.0
860Z200US40771,40771,28664.0
860Z200US40801,40801,
860Z200US40803,40803,
860Z200US40806,40806,76216.0
860Z200US40807,40807,57513.0
860Z200US40808,40808,
860Z200US40810,40810,51896.0
860Z200US40813,40813,62931.0
860Z200US40815,40815,64497.0
860Z200US40816,40816,
860Z200US40818,40818,80559.0
860Z200US40819,40819,36523.0
860Z200US40820,40820,16317.0
860Z200US40823,40823,49298.0
860Z200US40824,40824,47600.0
860Z200US40826,40826,35808.0
860Z200US40827,40827,48048.0
860Z200US40828,40828,47715.0
860Z200US40829,40829,
860Z200US40830,40830,26797.0
860Z200US40831,40831,53131.0
860Z200US40840,40840,62079.0
860Z200US40843,40843,54824.0
860Z200US40844,40844,
860Z200US40845,40845,25694.0
860Z200US40847,40847,
860Z200US40849,40849,
860Z200US40854,40854,38803.0
860Z200US40855,40855,40739.0
860Z200US40856,40856,48091.0
860Z200US40858,40858,42222.0
860Z200US40862,40862,51987.0
860Z200US40863,40863,64037.0
860Z200US40865,40865,55880.0
860Z200US40868,40868,78156.0
860Z200US40870,40870,57031.0
860Z200US40873,40873,40134.0
860Z200US40874,40874,15586.0
860Z200US40902,40902,46804.0
860Z200US40903,40903,62395.0
860Z200US40906,40906,50830.0
860Z200US40913,40913,51032.0
860Z200US40914,40914,68327.0
860Z200US40915,40915,45808.0
860Z200US40921,40921,35100.0
860Z200US40923,40923,40996.0
860Z200US40927,40927,133760.0
860Z200US40935,40935,75587.0
860Z200US40939,40939,46571.0
860Z200US40940,40940,26321.0
860Z200US40941,40941,
860Z200US40943,40943,52077.0
860Z200US40946,40946,
860Z200US40949,40949,57834.0
860Z200US40953,40953,61463.0
860Z200US40958,40958,53537.0
860Z200US40962,40962,56027.0
860Z200US40964,40964,49021.0
860Z200US40965,40965,46839.0
860Z200US40972,40972,53920.0
860Z200US40977,40977,52554.0
860Z200US40979,40979,
860Z200US40981,40981,
860Z200US40982,40982,27580.0
860Z200US40983,40983,45391.0
860Z200US40988,40988,46243.0
860Z200US40995,40995,
860Z200US40997,40997,50148.0
860Z200US41001,41001,123900.0
860Z200US41002,41002,77363.0
860Z200US41003,41003,73579.0
860Z200US41004,41004,79812.0
860Z200US41005,41005,109407.0
860Z200US41006,41006,84648.0
860Z200US41007,41007,143447.0
860Z200US41008,41008,77873.0
860Z200US41010,41010,83820.0
860Z200US41011,41011,99997.0
860Z200US41014,41014,71692.0
860Z200US41015,41015,86639.0
860Z200US41016,41016,70348.0
860Z200US41017,41017,135697.0
860Z200US41018,41018,87193.0
860Z200US41030,41030,101108.0
860Z200US41031,41031,83115.0
860Z200US41033,41033,129660.0
860Z200US41034,41034,76945.0
860Z200US41035,41035,78946.0
860Z200US41039,41039,71790.0
860Z200US41040,41040,66341.0
860Z200US41041,41041,62111.0
860Z200US41042,41042,92848.0
860Z200US41043,41043,109458.0
860Z200US41044,41044,83351.0
860Z200US41045,41045,73051.0
860Z200US41046,41046,88617.0
860Z200US41048,41048,154436.0
860Z200US41049,41049,68751.0
860Z200US41051,41051,112175.0
860Z200US41052,41052,53259.0
860Z200US41055,41055,103647.0
860Z200US41056,41056,75267.0
860Z200US41059,41059,91483.0
860Z200US41063,41063,92042.0
860Z200US41064,41064,60170.0
860Z200US41071,41071,87325.0
860Z200US41073,41073,89140.0
860Z200US41074,41074,88580.0
860Z200US41075,41075,133380.0
860Z200US41076,41076,100859.0
860Z200US41080,41080,145258.0
860Z200US41083,41083,85060.0
860Z200US41085,41085,69069.0
860Z200US41086,41086,94916.0
860Z200US41091,41091,167520.0
860Z200US41092,41092,103403.0
860Z200US41093,41093,71519.0
860Z200US41094,41094,108553.0
860Z200US41095,41095,73284.0
860Z200US41097,41097,75813.0
860Z200US41098,41098,56898.0
860Z200US41101,41101,73188.0
860Z200US41102,41102,80828.0
860Z200US41121,41121,56873.0
860Z200US41124,41124,49121.0
860Z200US41129,41129,79992.0
860Z200US41132,41132,46677.0
860Z200US41135,41135,42544.0
860Z200US41139,41139,72500.0
860Z200US41141,41141,77490.0
860Z200US41142,41142,
860Z200US41143,41143,74102.0
860Z200US41144,41144,77860.0
860Z200US41146,41146,43803.0
860Z200US41149,41149,46762.0
860Z200US41159,41159,54374.0
860Z200US41164,41164,70533.0
860Z200US41166,41166,54556.0
860Z200US41168,41168,107370.0
860Z200US41169,41169,89835.0
860Z200US41171,41171,54125.0
860Z200US41174,41174,126276.0
860Z200US41175,41175,66023.0
860Z200US41179,41179,51001.0
860Z200US41180,41180,50318.0
860Z200US41181,41181,
860Z200US41183,41183,64489.0
860Z200US41189,41189,75549.0
860Z200US41201,41201,89267.0
860Z200US41203,41203,94225.0
860Z200US41204,41204,49624.0
860Z200US41214,41214,23269.0
860Z200US41216,41216,64279.0
860Z200US41219,41219,54948.0
860Z200US41222,41222,51123.0
860Z200US41224,41224,82210.0
860Z200US41226,41226,45210.0
860Z200US41230,41230,62185.0
860Z200US41231,41231,98785.0
860Z200US41232,41232,58015.0
860Z200US41234,41234,42781.0
860Z200US41238,41238,62379.0
860Z200US41240,41240,57872.0
860Z200US41250,41250,54886.0
860Z200US41254,41254,64001.0
860Z200US41255,41255,53807.0
860Z200US41256,41256,88068.0
860Z200US41257,41257,67210.0
860Z200US41260,41260,72073.0
860Z200US41262,41262,57520.0
860Z200US41263,41263,42560.0
860Z200US41264,41264,72510.0
860Z200US41265,41265,70677.0
860Z200US41267,41267,32034.0
860Z200US41268,41268,77366.0
860Z200US41271,41271,37675.0
860Z200US41274,41274,55198.0
860Z200US41301,41301,40937.0
860Z200US41310,41310,
860Z200US41311,41311,49623.0
860Z200US41314,41314,54089.0
860Z200US41317,41317,41485.0
860Z200US41332,41332,77765.0
860Z200US41339,41339,55165.0
860Z200US41348,41348,42031.0
860Z200US41351,41351,
860Z200US41352,41352,60960.0
860Z200US41360,41360,32433.0
860Z200US41364,41364,11498.0
860Z200US41365,41365,33921.0
860Z200US41366,41366,
860Z200US41367,41367,92637.0
860Z200US41385,41385,71295.0
860Z200US41386,41386,
860Z200US41390,41390,22266.0
860Z200US41397,41397,70886.0
860Z200US41408,41408,41067.0
860Z200US41421,41421,58467.0
860Z200US41425,41425,55661.0
860Z200US41464,41464,29072.0
860Z200US41465,41465,50175.0
860Z200US41472,41472,74706.0
860Z200US41501,41501,67601.0
860Z200US41503,41503,118088.0
860Z200US41512,41512,53406.0
860Z200US41513,41513,51476.0
860Z200US41514,41514,52858.0
860Z200US41517,41517,104326.0
860Z200US41519,41519,50062.0
860Z200US41522,41522,52325.0
860Z200US41524,41524,44582.0
860Z200US41526,41526,
860Z200US41527,41527,76175.0
860Z200US41528,41528,46153.0
860Z200US41531,41531,54103.0
860Z200US41534,41534,31767.0
860Z200US41535,41535,50866.0
860Z200US41537,41537,47985.0
860Z200US41538,41538,78295.0
860Z200US41539,41539,64777.0
860Z200US41540,41540,51332.0
860Z200US41543,41543,31913.0
860Z200US41544,41544,35497.0
860Z200US41547,41547,40254.0
860Z200US41548,41548,37286.0
860Z200US41553,41553,57413.0
860Z200US41554,41554,72147.0
860Z200US41555,41555,74366.0
860Z200US41557,41557,60743.0
860Z200US41558,41558,63308.0
860Z200US41559,41559,35503.0
860Z200US41560,41560,173331.0
860Z200US41562,41562,49197.0
860Z200US41563,41563,47330.0
860Z200US41564,41564,57877.0
860Z200US41566,41566,67928.0
860Z200US41567,41567,54628.0
860Z200US41568,41568,36457.0
860Z200US41571,41571,51654.0
860Z200US41572,41572,56706.0
860Z200US41601,41601,53430.0
860Z200US41602,41602,176339.0
860Z200US41603,41603,56199.0
860Z200US41604,41604,46191.0
860Z200US41605,41605,48964.0
860Z200US41606,41606,26967.0
860Z200US41607,41607,60473.0
860Z200US41612,41612,78238.0
860Z200US41615,41615,62021.0
860Z200US41616,41616,47315.0
860Z200US41619,41619,50249.0
860Z200US41621,41621,46668.0
860Z200US41622,41622,49588.0
860Z200US41630,41630,53524.0
860Z200US41631,41631,39615.0
860Z200US41632,41632,39181.0
860Z200US41635,41635,60961.0
860Z200US41636,41636,52462.0
860Z200US41640,41640,52729.0
860Z200US41642,41642,112507.0
860Z200US41643,41643,26605.0
860Z200US41645,41645,186075.0
860Z200US41647,41647,41484.0
860Z200US41649,41649,58933.0
860Z200US41650,41650,25963.0
860Z200US41651,41651,
860Z200US41653,41653,60411.0
860Z200US41655,41655,51789.0
860Z200US41659,41659,64622.0
860Z200US41660,41660,71933.0
860Z200US41663,41663,20850.0
860Z200US41666,41666,60397.0
860Z200US41667,41667,63190.0
860Z200US41669,41669,51738.0
860Z200US41701,41701,81838.0
860Z200US41712,41712,69083.0
860Z200US41713,41713,
860Z200US41714,41714,48331.0
860Z200US41719,41719,45082.0
860Z200US41721,41721,38333.0
860Z200US41722,41722,54982.0
860Z200US41723,41723,37217.0
860Z200US41725,41725,58686.0
860Z200US41727,41727,68945.0
860Z200US41729,41729,
860Z200US41731,41731,55347.0
860Z200US41735,41735,41746.0
860Z200US41739,41739,
860Z200US41740,41740,87590.0
860Z200US41745,41745,58735.0
860Z200US41746,41746,70767.0
860Z200US41749,41749,69755.0
860Z200US41751,41751,64623.0
860Z200US41754,41754,70749.0
860Z200US41759,41759,66719.0
860Z200US41760,41760,65229.0
860Z200US41762,41762,25348.0
860Z200US41763,41763,94402.0
860Z200US41764,41764,31003.0
860Z200US41766,41766,24508.0
860Z200US41772,41772,44063.0
860Z200US41773,41773,51515.0
860Z200US41774,41774,77175.0
860Z200US41775,41775,60904.0
860Z200US41776,41776,51203.0
860Z200US41777,41777,49379.0
860Z200US41778,41778,42016.0
860Z200US41804,41804,68747.0
860Z200US41810,41810,58534.0
860Z200US41812,41812,27908.0
860Z200US41815,41815,64787.0
860Z200US41817,41817,65246.0
860Z200US41819,41819,54693.0
860Z200US41821,41821,57175.0
860Z200US41822,41822,50829.0
860Z200US41824,41824,46444.0
860Z200US41825,41825,59020.0
860Z200US41826,41826,55375.0
860Z200US41828,41828,47999.0
860Z200US41831,41831,66860.0
860Z200US41832,41832,55365.0
860Z200US41833,41833,52832.0
860Z200US41834,41834,47635.0
860Z200US41835,41835,36114.0
860Z200US41836,41836,70616.0
860Z200US41837,41837,72721.0
860Z200US41838,41838,40749.0
860Z200US41839,41839,53602.0
860Z200US41840,41840,57831.0
860Z200US41843,41843,53627.0
860Z200US41844,41844,44451.0
860Z200US41845,41845,24267.0
860Z200US41847,41847,66186.0
860Z200US41848,41848,
860Z200US41849,41849,56284.0
860Z200US41855,41855,57517.0
860Z200US41858,41858,65196.0
860Z200US41859,41859,43745.0
860Z200US41861,41861,37589.0
860Z200US41862,41862,50845.0
860Z200US42001,42001,106438.0
860Z200US42003,42003,77941.0
860Z200US42020,42020,74697.0
860Z200US42021,42021,75430.0
860Z200US42022,42022,104343.0
860Z200US42023,42023,93268.0
860Z200US42024,42024,76075.0
860Z200US42025,42025,79211.0
860Z200US42027,42027,72868.0
860Z200US42028,42028,53676.0
860Z200US42029,42029,85991.0
860Z200US42031,42031,77179.0
860Z200US42032,42032,47447.0
860Z200US42035,42035,82135.0
860Z200US42036,42036,83406.0
860Z200US42037,42037,
860Z200US42038,42038,85797.0
860Z200US42039,42039,78593.0
860Z200US42040,42040,87092.0
860Z200US42041,42041,51045.0
860Z200US42044,42044,88344.0
860Z200US42045,42045,66773.0
860Z200US42047,42047,
860Z200US42048,42048,62243.0
860Z200US42049,42049,68096.0
860Z200US42050,42050,48877.0
860Z200US42051,42051,73102.0
860Z200US42053,42053,89468.0
860Z200US42054,42054,76960.0
860Z200US42055,42055,76346.0
860Z200US42056,42056,72918.0
860Z200US42058,42058,70964.0
860Z200US42060,42060,
860Z200US42061,42061,
860Z200US42064,42064,70797.0
860Z200US42066,42066,72620.0
860Z200US42069,42069,52441.0
860Z200US42071,42071,72388.0
860Z200US42076,42076,57303.0
860Z200US42078,42078,62068.0
860Z200US42079,42079,104984.0
860Z200US42081,42081,96794.0
860Z200US42082,42082,87129.0
860Z200US42083,42083,56167.0
860Z200US42085,42085,52372.0
860Z200US42086,42086,96802.0
860Z200US42087,42087,74707.0
860Z200US42088,42088,71062.0
860Z200US42101,42101,63010.0
860Z200US42103,42103,135692.0
860Z200US42104,42104,91818.0
860Z200US42120,42120,83325.0
860Z200US42122,42122,126962.0
860Z200US42123,42123,63071.0
860Z200US42124,42124,
860Z200US42127,42127,57787.0
860Z200US42129,42129,57057.0
860Z200US42130,42130,87346.0
860Z200US42131,42131,113781.0
860Z200US42133,42133,66055.0
860Z200US42134,42134,70208.0
860Z200US42140,42140,64905.0
860Z200US42141,42141,72475.0
860Z200US42151,42151,97468.0
860Z200US42153,42153,23822.0
860Z200US42154,42154,61108.0
860Z200US42156,42156,104515.0
860Z200US42157,42157,95565.0
860Z200US42159,42159,71497.0
860Z200US42160,42160,65685.0
860Z200US42163,42163,
860Z200US42164,42164,76827.0
860Z200US42166,42166,63954.0
860Z200US42167,42167,60258.0
860Z200US42170,42170,71903.0
860Z200US42171,42171,75470.0
860Z200US42202,42202,77702.0
860Z200US42204,42204,94779.0
860Z200US42206,42206,75890.0
860Z200US42207,42207,62428.0
860Z200US42210,42210,65623.0
860Z200US42211,42211,73855.0
860Z200US42214,42214,68706.0
860Z200US42215,42215,80243.0
860Z200US42217,42217,68846.0
860Z200US42220,42220,74436.0
860Z200US42223,42223,68334.0
860Z200US42232,42232,91961.0
860Z200US42234,42234,83946.0
860Z200US42236,42236,101652.0
860Z200US42240,42240,66775.0
860Z200US42252,42252,
860Z200US42254,42254,62492.0
860Z200US42256,42256,75461.0
860Z200US42259,42259,62410.0
860Z200US42261,42261,58888.0
860Z200US42262,42262,53693.0
860Z200US42265,42265,96855.0
860Z200US42266,42266,86267.0
860Z200US42273,42273,80476.0
860Z200US42274,42274,82234.0
860Z200US42275,42275,63828.0
860Z200US42276,42276,70677.0
860Z200US42280,42280,88546.0
860Z200US42285,42285,51140.0
860Z200US42286,42286,80685.0
860Z200US42301,42301,78459.0
860Z200US42303,42303,91523.0
860Z200US42320,42320,69225.0
860Z200US42321,42321,67794.0
860Z200US42322,42322,
860Z200US42323,42323,75168.0
860Z200US42324,42324,77441.0
860Z200US42325,42325,68294.0
860Z200US42326,42326,45701.0
860Z200US42327,42327,91343.0
860Z200US42328,42328,83408.0
860Z200US42330,42330,71554.0
860Z200US42332,42332,
860Z200US42333,42333,46283.0
860Z200US42337,42337,43346.0
860Z200US42338,42338,
860Z200US42339,42339,69732.0
860Z200US42343,42343,52000.0
860Z200US42344,42344,49428.0
860Z200US42345,42345,96725.0
860Z200US42347,42347,69895.0
860Z200US42348,42348,73299.0
860Z200US42349,42349,58957.0
860Z200US42350,42350,93476.0
860Z200US42351,42351,86392.0
860Z200US42352,42352,74842.0
860Z200US42354,42354,78451.0
860Z200US42355,42355,64618.0
860Z200US42356,42356,
860Z200US42361,42361,57095.0
860Z200US42366,42366,105117.0
860Z200US42367,42367,57796.0
860Z200US42368,42368,84934.0
860Z200US42369,42369,65180.0
860Z200US42370,42370,
860Z200US42371,42371,125175.0
860Z200US42372,42372,61587.0
860Z200US42374,42374,40376.0
860Z200US42376,42376,98172.0
860Z200US42378,42378,88211.0
860Z200US42404,42404,65324.0
860Z200US42406,42406,101163.0
860Z200US42408,42408,69292.0
860Z200US42409,42409,77794.0
860Z200US42410,42410,42886.0
860Z200US42411,42411,79868.0
860Z200US42413,42413,96326.0
860Z200US42420,42420,74844.0
860Z200US42431,42431,71216.0
860Z200US42436,42436,94799.0
860Z200US42437,42437,83501.0
860Z200US42440,42440,49165.0
860Z200US42441,42441,69825.0
860Z200US42442,42442,78530.0
860Z200US42444,42444,
860Z200US42445,42445,71974.0
860Z200US42450,42450,62023.0
860Z200US42451,42451,57056.0
860Z200US42452,42452,94181.0
860Z200US42453,42453,67312.0
860Z200US42455,42455,77819.0
860Z200US42456,42456,81216.0
860Z200US42458,42458,63792.0
860Z200US42459,42459,68725.0
860Z200US42461,42461,57579.0
860Z200US42462,42462,72076.0
860Z200US42463,42463,50711.0
860Z200US42464,42464,64654.0
860Z200US42501,42501,77965.0
860Z200US42503,42503,75663.0
860Z200US42516,42516,63068.0
860Z200US42518,42518,63962.0
860Z200US42519,42519,52461.0
860Z200US42528,42528,65207.0
860Z200US42533,42533,51628.0
860Z200US42539,42539,54752.0
860Z200US42541,42541,41191.0
860Z200US42544,42544,87718.0
860Z200US42553,42553,79620.0
860Z200US42565,42565,85326.0
860Z200US42566,42566,84954.0
860Z200US42567,42567,65297.0
860Z200US42602,42602,56842.0
860Z200US42603,42603,90971.0
860Z200US42629,42629,71107.0
860Z200US42631,42631,
860Z200US42633,42633,63701.0
860Z200US42634,42634,48911.0
860Z200US42635,42635,39574.0
860Z200US42638,42638,24694.0
860Z200US42642,42642,66779.0
860Z200US42647,42647,56205.0
860Z200US42649,42649,40035.0
860Z200US42653,42653,50356.0
860Z200US42701,42701,101257.0
860Z200US42712,42712,63635.0
860Z200US42713,42713,48237.0
860Z200US42715,42715,59979.0
860Z200US42716,42716,75900.0
860Z200US42717,42717,52214.0
860Z200US42718,42718,71453.0
860Z200US42721,42721,68251.0
860Z200US42722,42722,73277.0
860Z200US42724,42724,96549.0
860Z200US42726,42726,75802.0
860Z200US42728,42728,67208.0
860Z200US42729,42729,74337.0
860Z200US42732,42732,69595.0
860Z200US42733,42733,76776.0
860Z200US42740,42740,104050.0
860Z200US42741,42741,57091.0
860Z200US42742,42742,
860Z200US42743,42743,61843.0
860Z200US42746,42746,63486.0
860Z200US42748,42748,80224.0
860Z200US42749,42749,62529.0
860Z200US42753,42753,76637.0
860Z200US42754,42754,68299.0
860Z200US42757,42757,63599.0
860Z200US42758,42758,
860Z200US42759,42759,
860Z200US42762,42762,35538.0
860Z200US42764,42764,64041.0
860Z200US42765,42765,74072.0
860Z200US42776,42776,73030.0
860Z200US42782,42782,51625.0
860Z200US42784,42784,76472.0
860Z200US42788,42788,77887.0
860Z200US43001,43001,105889.0
860Z200US43002,43002,131950.0
860Z200US43003,43003,105318.0
860Z200US43004,43004,135834.0
860Z200US43005,43005,62891.0
860Z200US43006,43006,76587.0
860Z200US43007,43007,25091.0
860Z200US43008,43008,89477.0
860Z200US43009,43009,99796.0
860Z200US43010,43010,69210.0
860Z200US43011,43011,115511.0
860Z200US43013,43013,142206.0
860Z200US43014,43014,74233.0
860Z200US43015,43015,124802.0
860Z200US43016,43016,148480.0
860Z200US43017,43017,175278.0
860Z200US43018,43018,74631.0
860Z200US43019,43019,80578.0
860Z200US43021,43021,206810.0
860Z200US43022,43022,114198.0
860Z200US43023,43023,191104.0
860Z200US43025,43025,103934.0
860Z200US43026,43026,130926.0
860Z200US43027,43027,
860Z200US43028,43028,109127.0
860Z200US43029,43029,100760.0
860Z200US43030,43030,269424.0
860Z200US43031,43031,137386.0
860Z200US43032,43032,
860Z200US43033,43033,74477.0
860Z200US43035,43035,161851.0
860Z200US43036,43036,64210.0
860Z200US43037,43037,65707.0
860Z200US43040,43040,111683.0
860Z200US43044,43044,83322.0
860Z200US43045,43045,105688.0
860Z200US43046,43046,116478.0
860Z200US43047,43047,
860Z200US43050,43050,84087.0
860Z200US43054,43054,216089.0
860Z200US43055,43055,79505.0
860Z200US43056,43056,97987.0
860Z200US43060,43060,84750.0
860Z200US43061,43061,154737.0
860Z200US43062,43062,113385.0
860Z200US43064,43064,156877.0
860Z200US43065,43065,194351.0
860Z200US43066,43066,128769.0
860Z200US43067,43067,108064.0
860Z200US43068,43068,89644.0
860Z200US43070,43070,
860Z200US43071,43071,116499.0
860Z200US43072,43072,80879.0
860Z200US43074,43074,125591.0
860Z200US43076,43076,102221.0
860Z200US43077,43077,105332.0
860Z200US43078,43078,87809.0
860Z200US43080,43080,112646.0
860Z200US43081,43081,110164.0
860Z200US43082,43082,173846.0
860Z200US43084,43084,83556.0
860Z200US43085,43085,145592.0
860Z200US43101,43101,57534.0
860Z200US43102,43102,95060.0
860Z200US43103,43103,103628.0
860Z200US43105,43105,112470.0
860Z200US43106,43106,77450.0
860Z200US43107,43107,78762.0
860Z200US43109,43109,61070.0
860Z200US43110,43110,103742.0
860Z200US43111,43111,64610.0
860Z200US43112,43112,120687.0
860Z200US43113,43113,79878.0
860Z200US43115,43115,132837.0
860Z200US43116,43116,124414.0
860Z200US43117,43117,
860Z200US43119,43119,103369.0
860Z200US43123,43123,110222.0
860Z200US43125,43125,94625.0
860Z200US43126,43126,66273.0
860Z200US43127,43127,72850.0
860Z200US43128,43128,60717.0
860Z200US43130,43130,86401.0
860Z200US43135,43135,91077.0
860Z200US43136,43136,118922.0
860Z200US43137,43137,114818.0
860Z200US43138,43138,78043.0
860Z200US43140,43140,97774.0
860Z200US43142,43142,67307.0
860Z200US43143,43143,113848.0
860Z200US43144,43144,46661.0
860Z200US43145,43145,80657.0
860Z200US43146,43146,105179.0
860Z200US43147,43147,142478.0
860Z200US43148,43148,91414.0
860Z200US43149,43149,72257.0
860Z200US43150,43150,81482.0
860Z200US43151,43151,70554.0
860Z200US43152,43152,89502.0
860Z200US43153,43153,100175.0
860Z200US43154,43154,116713.0
860Z200US43155,43155,102875.0
860Z200US43156,43156,77530.0
860Z200US43157,43157,54654.0
860Z200US43158,43158,54536.0
860Z200US43160,43160,75055.0
860Z200US43162,43162,86219.0
860Z200US43164,43164,84137.0
860Z200US43201,43201,74220.0
860Z200US43202,43202,84984.0
860Z200US43203,43203,64787.0
860Z200US43204,43204,77828.0
860Z200US43205,43205,83980.0
860Z200US43206,43206,105146.0
860Z200US43207,43207,70664.0
860Z200US43209,43209,142102.0
860Z200US43210,43210,24524.0
860Z200US43211,43211,50778.0
860Z200US43212,43212,127125.0
860Z200US43213,43213,73470.0
860Z200US43214,43214,120677.0
860Z200US43215,43215,108369.0
860Z200US43217,43217,69632.0
860Z200US43218,43218,
860Z200US43219,43219,66539.0
860Z200US43220,43220,130588.0
860Z200US43221,43221,154989.0
860Z200US43222,43222,56877.0
860Z200US43223,43223,59385.0
860Z200US43224,43224,64200.0
860Z200US43227,43227,57719.0
860Z200US43228,43228,77438.0
860Z200US43229,43229,67337.0
860Z200US43230,43230,114367.0
860Z200US43231,43231,90148.0
860Z200US43232,43232,65305.0
860Z200US43235,43235,116788.0
860Z200US43240,43240,105293.0
860Z200US43302,43302,74937.0
860Z200US43310,43310,89951.0
860Z200US43311,43311,80093.0
860Z200US43314,43314,66076.0
860Z200US43315,43315,85476.0
860Z200US43316,43316,83425.0
860Z200US43317,43317,65195.0
860Z200US43318,43318,123697.0
860Z200US43319,43319,140275.0
860Z200US43320,43320,63328.0
860Z200US43321,43321,68441.0
860Z200US43322,43322,71338.0
860Z200US43323,43323,71505.0
860Z200US43324,43324,114129.0
860Z200US43325,43325,
860Z200US43326,43326,72893.0
860Z200US43330,43330,45803.0
860Z200US43331,43331,83417.0
860Z200US43332,43332,76424.0
860Z200US43333,43333,97835.0
860Z200US43334,43334,104587.0
860Z200US43336,43336,
860Z200US43337,43337,76307.0
860Z200US43338,43338,87534.0
860Z200US43340,43340,88647.0
860Z200US43341,43341,101240.0
860Z200US43342,43342,108751.0
860Z200US43343,43343,84412.0
860Z200US43344,43344,93522.0
860Z200US43345,43345,85237.0
860Z200US43346,43346,
860Z200US43347,43347,98789.0
860Z200US43348,43348,70364.0
860Z200US43350,43350,65588.0
860Z200US43351,43351,84784.0
860Z200US43356,43356,114290.0
860Z200US43357,43357,99713.0
860Z200US43358,43358,97068.0
860Z200US43359,43359,73989.0
860Z200US43360,43360,107786.0
860Z200US43402,43402,79631.0
860Z200US43403,43403,
860Z200US43406,43406,68926.0
860Z200US43407,43407,85264.0
860Z200US43408,43408,69375.0
860Z200US43410,43410,78969.0
860Z200US43412,43412,120202.0
860Z200US43413,43413,81902.0
860Z200US43414,43414,
860Z200US43416,43416,89414.0
860Z200US43420,43420,76882.0
860Z200US43430,43430,86865.0
860Z200US43431,43431,90766.0
860Z200US43432,43432,374814.0
860Z200US43433,43433,
860Z200US43434,43434,74730.0
860Z200US43435,43435,126333.0
860Z200US43436,43436,
860Z200US43437,43437,73483.0
860Z200US43438,43438,150497.0
860Z200US43439,43439,
860Z200US43440,43440,109122.0
860Z200US43442,43442,63658.0
860Z200US43443,43443,94962.0
860Z200US43445,43445,99274.0
860Z200US43446,43446,86484.0
860Z200US43447,43447,116956.0
860Z200US43449,43449,83329.0
860Z200US43450,43450,96609.0
860Z200US43451,43451,80396.0
860Z200US43452,43452,97158.0
860Z200US43456,43456,123244.0
860Z200US43457,43457,84617.0
860Z200US43458,43458,67024.0
860Z200US43460,43460,92995.0
860Z200US43462,43462,92326.0
860Z200US43463,43463,72912.0
860Z200US43464,43464,74147.0
860Z200US43465,43465,76555.0
860Z200US43466,43466,86780.0
860Z200US43467,43467,60098.0
860Z200US43468,43468,102893.0
860Z200US43469,43469,105615.0
860Z200US43501,43501,94919.0
860Z200US43502,43502,94857.0
860Z200US43504,43504,101063.0
860Z200US43505,43505,109450.0
860Z200US43506,43506,81985.0
860Z200US43510,43510,
860Z200US43511,43511,92894.0
860Z200US43512,43512,87069.0
860Z200US43515,43515,101042.0
860Z200US43516,43516,109652.0
860Z200US43517,43517,72431.0
860Z200US43518,43518,82436.0
860Z200US43519,43519,85122.0
860Z200US43520,43520,
860Z200US43521,43521,73613.0
860Z200US43522,43522,103186.0
860Z200US43523,43523,
860Z200US43524,43524,85189.0
860Z200US43525,43525,117538.0
860Z200US43526,43526,81690.0
860Z200US43527,43527,91481.0
860Z200US43528,43528,124103.0
860Z200US43529,43529,87609.0
860Z200US43530,43530,
860Z200US43531,43531,43746.0
860Z200US43532,43532,102245.0
860Z200US43533,43533,71654.0
860Z200US43534,43534,85724.0
860Z200US43535,43535,88759.0
860Z200US43536,43536,76510.0
860Z200US43537,43537,114669.0
860Z200US43540,43540,120337.0
860Z200US43541,43541,64798.0
860Z200US43542,43542,214540.0
860Z200US43543,43543,70853.0
860Z200US43545,43545,99790.0
860Z200US43547,43547,125451.0
860Z200US43548,43548,90789.0
860Z200US43549,43549,93590.0
860Z200US43551,43551,132574.0
860Z200US43553,43553,91808.0
860Z200US43554,43554,62442.0
860Z200US43555,43555,59249.0
860Z200US43556,43556,82323.0
860Z200US43557,43557,82504.0
860Z200US43558,43558,95301.0
860Z200US43560,43560,153061.0
860Z200US43565,43565,85942.0
860Z200US43566,43566,136336.0
860Z200US43567,43567,93812.0
860Z200US43569,43569,95056.0
860Z200US43570,43570,66375.0
860Z200US43571,43571,126843.0
860Z200US43604,43604,40771.0
860Z200US43605,43605,45857.0
860Z200US43606,43606,88150.0
860Z200US43607,43607,49920.0
860Z200US43608,43608,41070.0
860Z200US43609,43609,50453.0
860Z200US43610,43610,52375.0
860Z200US43611,43611,67081.0
860Z200US43612,43612,64335.0
860Z200US43613,43613,73506.0
860Z200US43614,43614,71184.0
860Z200US43615,43615,79926.0
860Z200US43616,43616,101408.0
860Z200US43617,43617,147702.0
860Z200US43619,43619,94477.0
860Z200US43620,43620,55640.0
860Z200US43623,43623,80824.0
860Z200US43701,43701,71276.0
860Z200US43711,43711,
860Z200US43713,43713,72715.0
860Z200US43716,43716,75335.0
860Z200US43717,43717,59626.0
860Z200US43718,43718,104747.0
860Z200US43719,43719,104538.0
860Z200US43720,43720,65346.0
860Z200US43721,43721,63239.0
860Z200US43722,43722,68970.0
860Z200US43723,43723,65191.0
860Z200US43724,43724,80619.0
860Z200US43725,43725,66899.0
860Z200US43727,43727,73123.0
860Z200US43728,43728,70850.0
860Z200US43730,43730,75500.0
860Z200US43731,43731,67623.0
860Z200US43732,43732,69740.0
860Z200US43733,43733,
860Z200US43734,43734,118989.0
860Z200US43735,43735,80727.0
860Z200US43736,43736,75050.0
860Z200US43738,43738,81365.0
860Z200US43739,43739,118285.0
860Z200US43740,43740,70824.0
860Z200US43746,43746,66859.0
860Z200US43747,43747,85958.0
860Z200US43748,43748,75403.0
860Z200US43749,43749,75698.0
860Z200US43750,43750,56004.0
860Z200US43754,43754,108131.0
860Z200US43755,43755,74602.0
860Z200US43756,43756,75146.0
860Z200US43758,43758,66163.0
860Z200US43759,43759,58759.0
860Z200US43760,43760,87689.0
860Z200US43761,43761,
860Z200US43762,43762,93953.0
860Z200US43764,43764,72662.0
860Z200US43766,43766,65812.0
860Z200US43767,43767,89983.0
860Z200US43768,43768,96833.0
860Z200US43771,43771,59655.0
860Z200US43772,43772,75075.0
860Z200US43773,43773,71822.0
860Z200US43777,43777,68133.0
860Z200US43778,43778,180156.0
860Z200US43779,43779,90335.0
860Z200US43780,43780,108965.0
860Z200US43782,43782,61469.0
860Z200US43783,43783,77804.0
860Z200US43786,43786,55284.0
860Z200US43787,43787,60041.0
860Z200US43788,43788,59434.0
860Z200US43791,43791,
860Z200US43793,43793,72361.0
860Z200US43802,43802,87164.0
860Z200US43804,43804,95395.0
860Z200US43805,43805,88191.0
860Z200US43811,43811,48694.0
860Z200US43812,43812,63989.0
860Z200US43821,43821,85833.0
860Z200US43822,43822,74847.0
860Z200US43824,43824,76872.0
860Z200US43830,43830,142058.0
860Z200US43832,43832,62498.0
860Z200US43836,43836,59784.0
860Z200US43837,43837,66136.0
860Z200US43840,43840,79721.0
860Z200US43842,43842,58539.0
860Z200US43843,43843,76955.0
860Z200US43844,43844,80211.0
860Z200US43845,43845,65023.0
860Z200US43901,43901,75149.0
860Z200US43902,43902,
860Z200US43903,43903,82773.0
860Z200US43905,43905,73851.0
860Z200US43906,43906,57733.0
860Z200US43907,43907,62478.0
860Z200US43908,43908,64090.0
860Z200US43909,43909,
860Z200US43910,43910,81014.0
860Z200US43912,43912,67063.0
860Z200US43913,43913,54995.0
860Z200US43914,43914,
860Z200US43915,43915,85610.0
860Z200US43917,43917,80757.0
860Z200US43920,43920,66865.0
860Z200US43925,43925,
860Z200US43926,43926,77053.0
860Z200US43928,43928,96220.0
860Z200US43930,43930,78095.0
860Z200US43931,43931,60740.0
860Z200US43932,43932,68152.0
860Z200US43933,43933,73175.0
860Z200US43934,43934,75518.0
860Z200US43935,43935,61856.0
860Z200US43938,43938,76289.0
860Z200US43939,43939,61959.0
860Z200US43940,43940,60216.0
860Z200US43942,43942,76598.0
860Z200US43943,43943,74542.0
860Z200US43944,43944,86662.0
860Z200US43945,43945,74328.0
860Z200US43946,43946,96255.0
860Z200US43947,43947,67765.0
860Z200US43948,43948,95127.0
860Z200US43950,43950,93379.0
860Z200US43951,43951,
860Z200US43952,43952,58933.0
860Z200US43953,43953,90323.0
860Z200US43961,43961,51804.0
860Z200US43962,43962,64172.0
860Z200US43963,43963,62898.0
860Z200US43964,43964,67047.0
860Z200US43967,43967,105892.0
860Z200US43968,43968,73627.0
860Z200US43971,43971,75665.0
860Z200US43972,43972,32717.0
860Z200US43973,43973,80564.0
860Z200US43974,43974,71573.0
860Z200US43976,43976,70979.0
860Z200US43977,43977,70568.0
860Z200US43981,43981,63088.0
860Z200US43983,43983,45610.0
860Z200US43985,43985,50591.0
860Z200US43986,43986,88697.0
860Z200US43988,43988,80796.0
860Z200US44001,44001,112982.0
860Z200US44003,44003,65844.0
860Z200US44004,44004,64767.0
860Z200US44010,44010,84459.0
860Z200US44011,44011,166499.0
860Z200US44012,44012,144647.0
860Z200US44017,44017,90716.0
860Z200US44021,44021,115588.0
860Z200US44022,44022,252344.0
860Z200US44023,44023,179491.0
860Z200US44024,44024,126387.0
860Z200US44026,44026,129595.0
860Z200US44028,44028,123959.0
860Z200US44030,44030,69095.0
860Z200US44032,44032,158833.0
860Z200US44035,44035,70012.0
860Z200US44039,44039,114061.0
860Z200US44040,44040,284077.0
860Z200US44041,44041,77783.0
860Z200US44044,44044,106200.0
860Z200US44045,44045,95859.0
860Z200US44046,44046,82155.0
860Z200US44047,44047,74834.0
860Z200US44048,44048,91815.0
860Z200US44049,44049,78869.0
860Z200US44050,44050,117743.0
860Z200US44052,44052,55164.0
860Z200US44053,44053,81259.0
860Z200US44054,44054,88946.0
860Z200US44055,44055,49833.0
860Z200US44056,44056,141191.0
860Z200US44057,44057,87697.0
860Z200US44060,44060,106500.0
860Z200US44062,44062,94488.0
860Z200US44064,44064,99495.0
860Z200US44065,44065,115001.0
860Z200US44067,44067,115551.0
860Z200US44068,44068,58766.0
860Z200US44070,44070,105371.0
860Z200US44072,44072,127839.0
860Z200US44074,44074,103235.0
860Z200US44076,44076,76817.0
860Z200US44077,44077,103395.0
860Z200US44080,44080,
860Z200US44081,44081,110141.0
860Z200US44082,44082,54443.0
860Z200US44084,44084,89568.0
860Z200US44085,44085,109042.0
860Z200US44086,44086,103880.0
860Z200US44087,44087,133531.0
860Z200US44089,44089,113797.0
860Z200US44090,44090,89722.0
860Z200US44092,44092,84367.0
860Z200US44093,44093,68892.0
860Z200US44094,44094,102707.0
860Z200US44095,44095,85172.0
860Z200US44099,44099,113135.0
860Z200US44101,44101,
860Z200US44102,44102,62038.0
860Z200US44103,44103,35090.0
860Z200US44104,44104,37422.0
860Z200US44105,44105,52030.0
860Z200US44106,44106,78322.0
860Z200US44107,44107,92084.0
860Z200US44108,44108,53837.0
860Z200US44109,44109,56438.0
860Z200US44110,44110,46523.0
860Z200US44111,44111,68819.0
860Z200US44112,44112,47123.0
860Z200US44113,44113,98667.0
860Z200US44114,44114,64578.0
860Z200US44115,44115,46430.0
860Z200US44116,44116,149161.0
860Z200US44117,44117,56075.0
860Z200US44118,44118,106716.0
860Z200US44119,44119,68018.0
860Z200US44120,44120,78603.0
860Z200US44121,44121,87590.0
860Z200US44122,44122,153781.0
860Z200US44123,44123,67501.0
860Z200US44124,44124,115619.0
860Z200US44125,44125,69806.0
860Z200US44126,44126,101682.0
860Z200US44127,44127,41989.0
860Z200US44128,44128,53751.0
860Z200US44129,44129,80872.0
860Z200US44130,44130,82036.0
860Z200US44131,44131,124546.0
860Z200US44132,44132,58372.0
860Z200US44133,44133,105441.0
860Z200US44134,44134,83801.0
860Z200US44135,44135,66158.0
860Z200US44136,44136,114558.0
860Z200US44137,44137,62260.0
860Z200US44138,44138,115513.0
860Z200US44139,44139,185115.0
860Z200US44140,44140,166637.0
860Z200US44141,44141,162051.0
860Z200US44142,44142,77099.0
860Z200US44143,44143,108930.0
860Z200US44144,44144,71009.0
860Z200US44145,44145,159934.0
860Z200US44146,44146,72439.0
860Z200US44147,44147,137996.0
860Z200US44149,44149,145452.0
860Z200US44201,44201,88766.0
860Z200US44202,44202,147739.0
860Z200US44203,44203,80431.0
860Z200US44212,44212,100778.0
860Z200US44214,44214,110985.0
860Z200US44215,44215,91818.0
860Z200US44216,44216,109631.0
860Z200US44217,44217,80093.0
860Z200US44221,44221,75862.0
860Z200US44223,44223,117747.0
860Z200US44224,44224,114029.0
860Z200US44230,44230,99841.0
860Z200US44231,44231,90391.0
860Z200US44232,44232,
860Z200US44233,44233,172659.0
860Z200US44234,44234,108658.0
860Z200US44235,44235,86880.0
860Z200US44236,44236,209666.0
860Z200US44240,44240,78082.0
860Z200US44241,44241,96588.0
860Z200US44243,44243,
860Z200US44250,44250,71173.0
860Z200US44251,44251,131753.0
860Z200US44253,44253,109592.0
860Z200US44254,44254,74009.0
860Z200US44255,44255,118788.0
860Z200US44256,44256,129031.0
860Z200US44260,44260,95407.0
860Z200US44262,44262,92258.0
860Z200US44264,44264,142247.0
860Z200US44266,44266,78762.0
860Z200US44270,44270,81347.0
860Z200US44272,44272,99260.0
860Z200US44273,44273,110814.0
860Z200US44274,44274,
860Z200US44275,44275,110309.0
860Z200US44276,44276,86517.0
860Z200US44278,44278,102161.0
860Z200US44280,44280,137287.0
860Z200US44281,44281,111974.0
860Z200US44285,44285,59117.0
860Z200US44286,44286,177779.0
860Z200US44287,44287,79452.0
860Z200US44288,44288,73126.0
860Z200US44301,44301,61897.0
860Z200US44302,44302,51488.0
860Z200US44303,44303,90290.0
860Z200US44304,44304,45509.0
860Z200US44305,44305,59212.0
860Z200US44306,44306,47789.0
860Z200US44307,44307,36338.0
860Z200US44308,44308,74850.0
860Z200US44310,44310,51538.0
860Z200US44311,44311,37301.0
860Z200US44312,44312,78074.0
860Z200US44313,44313,102948.0
860Z200US44314,44314,57966.0
860Z200US44319,44319,91261.0
860Z200US44320,44320,58558.0
860Z200US44321,44321,155106.0
860Z200US44325,44325,
860Z200US44333,44333,194487.0
860Z200US44401,44401,92017.0
860Z200US44402,44402,83423.0
860Z200US44403,44403,81834.0
860Z200US44404,44404,66028.0
860Z200US44405,44405,60246.0
860Z200US44406,44406,130123.0
860Z200US44408,44408,93908.0
860Z200US44410,44410,87714.0
860Z200US44411,44411,81326.0
860Z200US44412,44412,106917.0
860Z200US44413,44413,68831.0
860Z200US44415,44415,
860Z200US44417,44417,73025.0
860Z200US44418,44418,123716.0
860Z200US44420,44420,69448.0
860Z200US44423,44423,105582.0
860Z200US44424,44424,85270.0
860Z200US44425,44425,84058.0
860Z200US44427,44427,69763.0
860Z200US44428,44428,71959.0
860Z200US44429,44429,85660.0
860Z200US44430,44430,63469.0
860Z200US44431,44431,79894.0
860Z200US44432,44432,77827.0
860Z200US44436,44436,106380.0
860Z200US44437,44437,90847.0
860Z200US44438,44438,51027.0
860Z200US44439,44439,89559.0
860Z200US44440,44440,79821.0
860Z200US44441,44441,135110.0
860Z200US44442,44442,70713.0
860Z200US44443,44443,80657.0
860Z200US44444,44444,75040.0
860Z200US44445,44445,86059.0
860Z200US44446,44446,64140.0
860Z200US44449,44449,102871.0
860Z200US44450,44450,62976.0
860Z200US44451,44451,94551.0
860Z200US44452,44452,79570.0
860Z200US44454,44454,94772.0
860Z200US44455,44455,90515.0
860Z200US44460,44460,75691.0
860Z200US44470,44470,78442.0
860Z200US44471,44471,67617.0
860Z200US44473,44473,99290.0
860Z200US44481,44481,74995.0
860Z200US44483,44483,58892.0
860Z200US44484,44484,85820.0
860Z200US44485,44485,52846.0
860Z200US44490,44490,64756.0
860Z200US44491,44491,75503.0
860Z200US44493,44493,37918.0
860Z200US44502,44502,41135.0
860Z200US44503,44503,16007.0
860Z200US44504,44504,52018.0
860Z200US44505,44505,54661.0
860Z200US44506,44506,29424.0
860Z200US44507,44507,36500.0
860Z200US44509,44509,51483.0
860Z200US44510,44510,28982.0
860Z200US44511,44511,66379.0
860Z200US44512,44512,79107.0
860Z200US44514,44514,104597.0
860Z200US44515,44515,71422.0
860Z200US44555,44555,
860Z200US44601,44601,76879.0
860Z200US44606,44606,90163.0
860Z200US44607,44607,
860Z200US44608,44608,71517.0
860Z200US44609,44609,77540.0
860Z200US44610,44610,27578.0
860Z200US44611,44611,70636.0
860Z200US44612,44612,92459.0
860Z200US44613,44613,73804.0
860Z200US44614,44614,100798.0
860Z200US44615,44615,82609.0
860Z200US44618,44618,89087.0
860Z200US44619,44619,66171.0
860Z200US44620,44620,86079.0
860Z200US44621,44621,71931.0
860Z200US44622,44622,88367.0
860Z200US44624,44624,152119.0
860Z200US44625,44625,70022.0
860Z200US44626,44626,88960.0
860Z200US44627,44627,119413.0
860Z200US44628,44628,66881.0
860Z200US44629,44629,90448.0
860Z200US44630,44630,
860Z200US44632,44632,105853.0
860Z200US44633,44633,90632.0
860Z200US44634,44634,80124.0
860Z200US44637,44637,74292.0
860Z200US44638,44638,88279.0
860Z200US44639,44639,64562.0
860Z200US44640,44640,90418.0
860Z200US44641,44641,87127.0
860Z200US44643,44643,76614.0
860Z200US44644,44644,65167.0
860Z200US44645,44645,99329.0
860Z200US44646,44646,86753.0
860Z200US44647,44647,77050.0
860Z200US44651,44651,59933.0
860Z200US44652,44652,72282.0
860Z200US44653,44653,72203.0
860Z200US44654,44654,96169.0
860Z200US44656,44656,73762.0
860Z200US44657,44657,80702.0
860Z200US44659,44659,70788.0
860Z200US44660,44660,54364.0
860Z200US44661,44661,73647.0
860Z200US44662,44662,82879.0
860Z200US44663,44663,74772.0
860Z200US44665,44665,116476.0
860Z200US44666,44666,105851.0
860Z200US44667,44667,89641.0
860Z200US44669,44669,102197.0
860Z200US44670,44670,72554.0
860Z200US44671,44671,
860Z200US44672,44672,65066.0
860Z200US44675,44675,107508.0
860Z200US44676,44676,88601.0
860Z200US44677,44677,96444.0
860Z200US44678,44678,
860Z200US44680,44680,77564.0
860Z200US44681,44681,110589.0
860Z200US44682,44682,74186.0
860Z200US44683,44683,63091.0
860Z200US44685,44685,123091.0
860Z200US44687,44687,50572.0
860Z200US44688,44688,74992.0
860Z200US44689,44689,118558.0
860Z200US44690,44690,
860Z200US44691,44691,85956.0
860Z200US44693,44693,112480.0
860Z200US44695,44695,72979.0
860Z200US44697,44697,81651.0
860Z200US44699,44699,60031.0
860Z200US44702,44702,20758.0
860Z200US44703,44703,43557.0
860Z200US44704,44704,43063.0
860Z200US44705,44705,55737.0
860Z200US44706,44706,65712.0
860Z200US44707,44707,50024.0
860Z200US44708,44708,82167.0
860Z200US44709,44709,69213.0
860Z200US44710,44710,58047.0
860Z200US44714,44714,72977.0
860Z200US44718,44718,134455.0
860Z200US44720,44720,109914.0
860Z200US44721,44721,106849.0
860Z200US44730,44730,84917.0
860Z200US44802,44802,76800.0
860Z200US44804,44804,93926.0
860Z200US44805,44805,78280.0
860Z200US44807,44807,85213.0
860Z200US44809,44809,94890.0
860Z200US44811,44811,86554.0
860Z200US44813,44813,87149.0
860Z200US44814,44814,83572.0
860Z200US44815,44815,87600.0
860Z200US44817,44817,80847.0
860Z200US44818,44818,80002.0
860Z200US44820,44820,74127.0
860Z200US44822,44822,86015.0
860Z200US44824,44824,90555.0
860Z200US44825,44825,48100.0
860Z200US44826,44826,81706.0
860Z200US44827,44827,67389.0
860Z200US44828,44828,32518.0
860Z200US44830,44830,70387.0
860Z200US44833,44833,74079.0
860Z200US44836,44836,87335.0
860Z200US44837,44837,96246.0
860Z200US44838,44838,73650.0
860Z200US44839,44839,100866.0
860Z200US44840,44840,97658.0
860Z200US44841,44841,74451.0
860Z200US44842,44842,81422.0
860Z200US44843,44843,113251.0
860Z200US44844,44844,112185.0
860Z200US44846,44846,120116.0
860Z200US44847,44847,81463.0
860Z200US44849,44849,102503.0
860Z200US44850,44850,
860Z200US44851,44851,76739.0
860Z200US44853,44853,85826.0
860Z200US44854,44854,94956.0
860Z200US44855,44855,76353.0
860Z200US44856,44856,42361.0
860Z200US44857,44857,77546.0
860Z200US44859,44859,100222.0
860Z200US44861,44861,53453.0
860Z200US44864,44864,73257.0
860Z200US44865,44865,83977.0
860Z200US44866,44866,68562.0
860Z200US44867,44867,93046.0
860Z200US44870,44870,75184.0
860Z200US44874,44874,66352.0
860Z200US44875,44875,68910.0
860Z200US44878,44878,111865.0
860Z200US44880,44880,77736.0
860Z200US44881,44881,63751.0
860Z200US44882,44882,91268.0
860Z200US44883,44883,79745.0
860Z200US44887,44887,91862.0
860Z200US44889,44889,108238.0
860Z200US44890,44890,79960.0
860Z200US44901,44901,
860Z200US44902,44902,58175.0
860Z200US44903,44903,81446.0
860Z200US44904,44904,84477.0
860Z200US44905,44905,66663.0
860Z200US44906,44906,61676.0
860Z200US44907,44907,64002.0
860Z200US45001,45001,63490.0
860Z200US45002,45002,121249.0
860Z200US45003,45003,72570.0
860Z200US45005,45005,92716.0
860Z200US45011,45011,116983.0
860Z200US45013,45013,88195.0
860Z200US45014,45014,91870.0
860Z200US45015,45015,57556.0
860Z200US45030,45030,111855.0
860Z200US45032,45032,101049.0
860Z200US45033,45033,73772.0
860Z200US45034,45034,208125.0
860Z200US45036,45036,138969.0
860Z200US45039,45039,135375.0
860Z200US45040,45040,175985.0
860Z200US45041,45041,
860Z200US45042,45042,86493.0
860Z200US45044,45044,98989.0
860Z200US45050,45050,112283.0
860Z200US45051,45051,51292.0
860Z200US45052,45052,118357.0
860Z200US45053,45053,149581.0
860Z200US45054,45054,140354.0
860Z200US45055,45055,63722.0
860Z200US45056,45056,78944.0
860Z200US45062,45062,67507.0
860Z200US45064,45064,124313.0
860Z200US45065,45065,137646.0
860Z200US45066,45066,149805.0
860Z200US45067,45067,100884.0
860Z200US45068,45068,157410.0
860Z200US45069,45069,137448.0
860Z200US45070,45070,58093.0
860Z200US45101,45101,52082.0
860Z200US45102,45102,91008.0
860Z200US45103,45103,101588.0
860Z200US45105,45105,
860Z200US45106,45106,81315.0
860Z200US45107,45107,82952.0
860Z200US45111,45111,78012.0
860Z200US45112,45112,70513.0
860Z200US45113,45113,127534.0
860Z200US45115,45115,34552.0
860Z200US45118,45118,107214.0
860Z200US45119,45119,113346.0
860Z200US45120,45120,71954.0
860Z200US45121,45121,77810.0
860Z200US45122,45122,97398.0
860Z200US45123,45123,76604.0
860Z200US45130,45130,101354.0
860Z200US45131,45131,51777.0
860Z200US45132,45132,42319.0
860Z200US45133,45133,71667.0
860Z200US45135,45135,88813.0
860Z200US45140,45140,146621.0
860Z200US45142,45142,83478.0
860Z200US45144,45144,60606.0
860Z200US45146,45146,87413.0
860Z200US45147,45147,133637.0
860Z200US45148,45148,80298.0
860Z200US45150,45150,116737.0
860Z200US45152,45152,138472.0
860Z200US45153,45153,99277.0
860Z200US45154,45154,85503.0
860Z200US45155,45155,75190.0
860Z200US45156,45156,84181.0
860Z200US45157,45157,107936.0
860Z200US45158,45158,87977.0
860Z200US45159,45159,86477.0
860Z200US45160,45160,37255.0
860Z200US45162,45162,93824.0
860Z200US45164,45164,52179.0
860Z200US45166,45166,
860Z200US45167,45167,80376.0
860Z200US45168,45168,74406.0
860Z200US45169,45169,68295.0
860Z200US45171,45171,83937.0
860Z200US45172,45172,83612.0
860Z200US45174,45174,291821.0
860Z200US45176,45176,91922.0
860Z200US45177,45177,84245.0
860Z200US45202,45202,124663.0
860Z200US45203,45203,80331.0
860Z200US45204,45204,55699.0
860Z200US45205,45205,53994.0
860Z200US45206,45206,88586.0
860Z200US45207,45207,112887.0
860Z200US45208,45208,186519.0
860Z200US45209,45209,122191.0
860Z200US45211,45211,70902.0
860Z200US45212,45212,82143.0
860Z200US45213,45213,96142.0
860Z200US45214,45214,48320.0
860Z200US45215,45215,102109.0
860Z200US45216,45216,69697.0
860Z200US45217,45217,93026.0
860Z200US45218,45218,84294.0
860Z200US45219,45219,50874.0
860Z200US45220,45220,87869.0
860Z200US45223,45223,74491.0
860Z200US45224,45224,75878.0
860Z200US45225,45225,32413.0
860Z200US45226,45226,153341.0
860Z200US45227,45227,110975.0
860Z200US45229,45229,67096.0
860Z200US45230,45230,119676.0
860Z200US45231,45231,83182.0
860Z200US45232,45232,43280.0
860Z200US45233,45233,133392.0
860Z200US45236,45236,102538.0
860Z200US45237,45237,62400.0
860Z200US45238,45238,82390.0
860Z200US45239,45239,69996.0
860Z200US45240,45240,78739.0
860Z200US45241,45241,135913.0
860Z200US45242,45242,170896.0
860Z200US45243,45243,286101.0
860Z200US45244,45244,157965.0
860Z200US45245,45245,100261.0
860Z200US45246,45246,90968.0
860Z200US45247,45247,118421.0
860Z200US45248,45248,103475.0
860Z200US45249,45249,162586.0
860Z200US45251,45251,96150.0
860Z200US45252,45252,118836.0
860Z200US45255,45255,127587.0
860Z200US45267,45267,
860Z200US45301,45301,88856.0
860Z200US45302,45302,103019.0
860Z200US45303,45303,68371.0
860Z200US45304,45304,87035.0
860Z200US45305,45305,142000.0
860Z200US45306,45306,106980.0
860Z200US45307,45307,76522.0
860Z200US45308,45308,86240.0
860Z200US45309,45309,89261.0
860Z200US45310,45310,99903.0
860Z200US45311,45311,80923.0
860Z200US45312,45312,106279.0
860Z200US45314,45314,104468.0
860Z200US45315,45315,103194.0
860Z200US45316,45316,94178.0
860Z200US45317,45317,101752.0
860Z200US45318,45318,74531.0
860Z200US45319,45319,86160.0
860Z200US45320,45320,81839.0
860Z200US45321,45321,86289.0
860Z200US45322,45322,93880.0
860Z200US45323,45323,87722.0
860Z200US45324,45324,78711.0
860Z200US45325,45325,101384.0
860Z200US45326,45326,94016.0
860Z200US45327,45327,94358.0
860Z200US45328,45328,66080.0
860Z200US45330,45330,79518.0
860Z200US45331,45331,70928.0
860Z200US45332,45332,72818.0
860Z200US45333,45333,86515.0
860Z200US45334,45334,88526.0
860Z200US45335,45335,108963.0
860Z200US45336,45336,84344.0
860Z200US45337,45337,127662.0
860Z200US45338,45338,85739.0
860Z200US45339,45339,109921.0
860Z200US45340,45340,139902.0
860Z200US45341,45341,79187.0
860Z200US45342,45342,101461.0
860Z200US45344,45344,92213.0
860Z200US45345,45345,80706.0
860Z200US45346,45346,82997.0
860Z200US45347,45347,74978.0
860Z200US45348,45348,116296.0
860Z200US45349,45349,88724.0
860Z200US45350,45350,107368.0
860Z200US45351,45351,130206.0
860Z200US45352,45352,64152.0
860Z200US45353,45353,85382.0
860Z200US45354,45354,79310.0
860Z200US45356,45356,74100.0
860Z200US45358,45358,76876.0
860Z200US45359,45359,81085.0
860Z200US45360,45360,62446.0
860Z200US45361,45361,63033.0
860Z200US45362,45362,97666.0
860Z200US45363,45363,102823.0
860Z200US45365,45365,85021.0
860Z200US45368,45368,82946.0
860Z200US45369,45369,98506.0
860Z200US45370,45370,165858.0
860Z200US45371,45371,112619.0
860Z200US45372,45372,72787.0
860Z200US45373,45373,96964.0
860Z200US45377,45377,96243.0
860Z200US45378,45378,79425.0
860Z200US45380,45380,128161.0
860Z200US45381,45381,98600.0
860Z200US45382,45382,93326.0
860Z200US45383,45383,85201.0
860Z200US45384,45384,85197.0
860Z200US45385,45385,99524.0
860Z200US45387,45387,102282.0
860Z200US45388,45388,97918.0
860Z200US45389,45389,71510.0
860Z200US45390,45390,81634.0
860Z200US45402,45402,66325.0
860Z200US45403,45403,46264.0
860Z200US45404,45404,43837.0
860Z200US45405,45405,52006.0
860Z200US45406,45406,64568.0
860Z200US45409,45409,126022.0
860Z200US45410,45410,57807.0
860Z200US45414,45414,77245.0
860Z200US45415,45415,97567.0
860Z200US45416,45416,57615.0
860Z200US45417,45417,49202.0
860Z200US45419,45419,131328.0
860Z200US45420,45420,68472.0
860Z200US45423,45423,
860Z200US45424,45424,94824.0
860Z200US45426,45426,65224.0
860Z200US45428,45428,
860Z200US45429,45429,107448.0
860Z200US45430,45430,125584.0
860Z200US45431,45431,96748.0
860Z200US45432,45432,94424.0
860Z200US45433,45433,93217.0
860Z200US45434,45434,160465.0
860Z200US45435,45435,
860Z200US45439,45439,64589.0
860Z200US45440,45440,104901.0
860Z200US45449,45449,76539.0
860Z200US45458,45458,142869.0
860Z200US45459,45459,114557.0
860Z200US45469,45469,
860Z200US45501,45501,
860Z200US45502,45502,103192.0
860Z200US45503,45503,72167.0
860Z200US45504,45504,90006.0
860Z200US45505,45505,56560.0
860Z200US45506,45506,59624.0
860Z200US45601,45601,76989.0
860Z200US45612,45612,61641.0
860Z200US45613,45613,58616.0
860Z200US45614,45614,87169.0
860Z200US45616,45616,72948.0
860Z200US45617,45617,
860Z200US45618,45618,
860Z200US45619,45619,76107.0
860Z200US45620,45620,80302.0
860Z200US45621,45621,47555.0
860Z200US45622,45622,62193.0
860Z200US45623,45623,83164.0
860Z200US45624,45624,
860Z200US45628,45628,79289.0
860Z200US45629,45629,81276.0
860Z200US45630,45630,53289.0
860Z200US45631,45631,74849.0
860Z200US45634,45634,58649.0
860Z200US45636,45636,87421.0
860Z200US45638,45638,63653.0
860Z200US45640,45640,82398.0
860Z200US45642,45642,
860Z200US45644,45644,84679.0
860Z200US45645,45645,56012.0
860Z200US45646,45646,93052.0
860Z200US45647,45647,77416.0
860Z200US45648,45648,79473.0
860Z200US45650,45650,68897.0
860Z200US45651,45651,71905.0
860Z200US45652,45652,63046.0
860Z200US45653,45653,96563.0
860Z200US45654,45654,66122.0
860Z200US45656,45656,79800.0
860Z200US45657,45657,58312.0
860Z200US45658,45658,86200.0
860Z200US45659,45659,56048.0
860Z200US45660,45660,77483.0
860Z200US45661,45661,74021.0
860Z200US45662,45662,57022.0
860Z200US45663,45663,61120.0
860Z200US45669,45669,88557.0
860Z200US45671,45671,64069.0
860Z200US45672,45672,68667.0
860Z200US45673,45673,55178.0
860Z200US45674,45674,52834.0
860Z200US45677,45677,
860Z200US45678,45678,58538.0
860Z200US45679,45679,61597.0
860Z200US45680,45680,78359.0
860Z200US45681,45681,68918.0
860Z200US45682,45682,64595.0
860Z200US45684,45684,60628.0
860Z200US45685,45685,111893.0
860Z200US45686,45686,70077.0
860Z200US45688,45688,47022.0
860Z200US45690,45690,80475.0
860Z200US45692,45692,62731.0
860Z200US45693,45693,65918.0
860Z200US45694,45694,80381.0
860Z200US45695,45695,67260.0
860Z200US45696,45696,62981.0
860Z200US45697,45697,83880.0
860Z200US45698,45698,67671.0
860Z200US45699,45699,
860Z200US45701,45701,79475.0
860Z200US45710,45710,93422.0
860Z200US45711,45711,75673.0
860Z200US45714,45714,69578.0
860Z200US45715,45715,64711.0
860Z200US45716,45716,89255.0
860Z200US45719,45719,52876.0
860Z200US45720,45720,
860Z200US45721,45721,
860Z200US45723,45723,81286.0
860Z200US45724,45724,75209.0
860Z200US45727,45727,57229.0
860Z200US45729,45729,87109.0
860Z200US45732,45732,65403.0
860Z200US45734,45734,44913.0
860Z200US45735,45735,96138.0
860Z200US45739,45739,
860Z200US45740,45740,75829.0
860Z200US45741,45741,27275.0
860Z200US45742,45742,106819.0
860Z200US45743,45743,67024.0
860Z200US45744,45744,76647.0
860Z200US45745,45745,49239.0
860Z200US45746,45746,51728.0
860Z200US45750,45750,87924.0
860Z200US45760,45760,49816.0
860Z200US45761,45761,73517.0
860Z200US45764,45764,58401.0
860Z200US45766,45766,69257.0
860Z200US45767,45767,62014.0
860Z200US45768,45768,89241.0
860Z200US45769,45769,61561.0
860Z200US45770,45770,64449.0
860Z200US45771,45771,58088.0
860Z200US45772,45772,72249.0
860Z200US45773,45773,76391.0
860Z200US45775,45775,67449.0
860Z200US45776,45776,62393.0
860Z200US45778,45778,67404.0
860Z200US45779,45779,73481.0
860Z200US45780,45780,63342.0
860Z200US45782,45782,50540.0
860Z200US45783,45783,51021.0
860Z200US45784,45784,89592.0
860Z200US45786,45786,74286.0
860Z200US45788,45788,78121.0
860Z200US45789,45789,78558.0
860Z200US45801,45801,63633.0
860Z200US45804,45804,59158.0
860Z200US45805,45805,81236.0
860Z200US45806,45806,103059.0
860Z200US45807,45807,98924.0
860Z200US45808,45808,73232.0
860Z200US45809,45809,111255.0
860Z200US45810,45810,78303.0
860Z200US45812,45812,67620.0
860Z200US45813,45813,79344.0
860Z200US45814,45814,97170.0
860Z200US45815,45815,92043.0
860Z200US45816,45816,82476.0
860Z200US45817,45817,92460.0
860Z200US45819,45819,87076.0
860Z200US45820,45820,83773.0
860Z200US45821,45821,87658.0
860Z200US45822,45822,82871.0
860Z200US45826,45826,96068.0
860Z200US45827,45827,125623.0
860Z200US45828,45828,86578.0
860Z200US45830,45830,95644.0
860Z200US45831,45831,80787.0
860Z200US45832,45832,84822.0
860Z200US45833,45833,82351.0
860Z200US45835,45835,87156.0
860Z200US45836,45836,70569.0
860Z200US45838,45838,83957.0
860Z200US45840,45840,91378.0
860Z200US45841,45841,105604.0
860Z200US45843,45843,74840.0
860Z200US45844,45844,105107.0
860Z200US45845,45845,110586.0
860Z200US45846,45846,97351.0
860Z200US45848,45848,78751.0
860Z200US45849,45849,91817.0
860Z200US45850,45850,106254.0
860Z200US45851,45851,122441.0
860Z200US45853,45853,112311.0
860Z200US45854,45854,65116.0
860Z200US45855,45855,78453.0
860Z200US45856,45856,96014.0
860Z200US45858,45858,75410.0
860Z200US45859,45859,52983.0
860Z200US45860,45860,139773.0
860Z200US45861,45861,76387.0
860Z200US45862,45862,54751.0
860Z200US45863,45863,85604.0
860Z200US45864,45864,68810.0
860Z200US45865,45865,117850.0
860Z200US45866,45866,68698.0
860Z200US45867,45867,104756.0
860Z200US45868,45868,107512.0
860Z200US45869,45869,116616.0
860Z200US45870,45870,140604.0
860Z200US45871,45871,95345.0
860Z200US45872,45872,67532.0
860Z200US45873,45873,94655.0
860Z200US45874,45874,78988.0
860Z200US45875,45875,103863.0
860Z200US45876,45876,94683.0
860Z200US45877,45877,93554.0
860Z200US45879,45879,83754.0
860Z200US45880,45880,92270.0
860Z200US45881,45881,103260.0
860Z200US45882,45882,96567.0
860Z200US45883,45883,131995.0
860Z200US45884,45884,116262.0
860Z200US45885,45885,80668.0
860Z200US45886,45886,94967.0
860Z200US45887,45887,74274.0
860Z200US45888,45888,71592.0
860Z200US45889,45889,121231.0
860Z200US45890,45890,111734.0
860Z200US45891,45891,79171.0
860Z200US45893,45893,60602.0
860Z200US45894,45894,76444.0
860Z200US45895,45895,87477.0
860Z200US45896,45896,89345.0
860Z200US45897,45897,
860Z200US45898,45898,64143.0
860Z200US45899,45899,67799.0
860Z200US46001,46001,90097.0
860Z200US46011,46011,97902.0
860Z200US46012,46012,68686.0
860Z200US46013,46013,70539.0
860Z200US46016,46016,48883.0
860Z200US46017,46017,77406.0
860Z200US46030,46030,116308.0
860Z200US46031,46031,94987.0
860Z200US46032,46032,189536.0
860Z200US46033,46033,190871.0
860Z200US46034,46034,118509.0
860Z200US46035,46035,84916.0
860Z200US46036,46036,71533.0
860Z200US46037,46037,165852.0
860Z200US46038,46038,123581.0
860Z200US46039,46039,71068.0
860Z200US46040,46040,173788.0
860Z200US46041,46041,75904.0
860Z200US46044,46044,89178.0
860Z200US46045,46045,148898.0
860Z200US46047,46047,
860Z200US46048,46048,76361.0
860Z200US46049,46049,88017.0
860Z200US46050,46050,84902.0
860Z200US46051,46051,92852.0
860Z200US46052,46052,88374.0
860Z200US46055,46055,165135.0
860Z200US46056,46056,96687.0
860Z200US46057,46057,89262.0
860Z200US46058,46058,82585.0
860Z200US46060,46060,120883.0
860Z200US46062,46062,145891.0
860Z200US46063,46063,54836.0
860Z200US46064,46064,123444.0
860Z200US46065,46065,88126.0
860Z200US46068,46068,103918.0
860Z200US46069,46069,91181.0
860Z200US46070,46070,77912.0
860Z200US46071,46071,109826.0
860Z200US46072,46072,90678.0
860Z200US46074,46074,159121.0
860Z200US46075,46075,133784.0
860Z200US46076,46076,89910.0
860Z200US46077,46077,223541.0
860Z200US46102,46102,78540.0
860Z200US46103,46103,90720.0
860Z200US46104,46104,67918.0
860Z200US46105,46105,100030.0
860Z200US46106,46106,166833.0
860Z200US46107,46107,73533.0
860Z200US46110,46110,93126.0
860Z200US46111,46111,77813.0
860Z200US46112,46112,135595.0
860Z200US46113,46113,99595.0
860Z200US46115,46115,62454.0
860Z200US46117,46117,69035.0
860Z200US46118,46118,91255.0
860Z200US46120,46120,76539.0
860Z200US46121,46121,107724.0
860Z200US46122,46122,105280.0
860Z200US46123,46123,128283.0
860Z200US46124,46124,76487.0
860Z200US46125,46125,
860Z200US46126,46126,100965.0
860Z200US46127,46127,57841.0
860Z200US46128,46128,97001.0
860Z200US46130,46130,98603.0
860Z200US46131,46131,99740.0
860Z200US46133,46133,63530.0
860Z200US46135,46135,85298.0
860Z200US46140,46140,102170.0
860Z200US46142,46142,109367.0
860Z200US46143,46143,114799.0
860Z200US46144,46144,80543.0
860Z200US46146,46146,57788.0
860Z200US46147,46147,106600.0
860Z200US46148,46148,81270.0
860Z200US46149,46149,95821.0
860Z200US46150,46150,74567.0
860Z200US46151,46151,100385.0
860Z200US46154,46154,
860Z200US46155,46155,48217.0
860Z200US46156,46156,70407.0
860Z200US46157,46157,93271.0
860Z200US46158,46158,106134.0
860Z200US46160,46160,91156.0
860Z200US46161,46161,91505.0
860Z200US46162,46162,118922.0
860Z200US46163,46163,144299.0
860Z200US46164,46164,120462.0
860Z200US46165,46165,118636.0
860Z200US46166,46166,82943.0
860Z200US46167,46167,135463.0
860Z200US46168,46168,109395.0
860Z200US46170,46170,
860Z200US46171,46171,103835.0
860Z200US46172,46172,101480.0
860Z200US46173,46173,75416.0
860Z200US46175,46175,84359.0
860Z200US46176,46176,82845.0
860Z200US46180,46180,101458.0
860Z200US46181,46181,115982.0
860Z200US46182,46182,89061.0
860Z200US46183,46183,
860Z200US46184,46184,96996.0
860Z200US46186,46186,92712.0
860Z200US46201,46201,61317.0
860Z200US46202,46202,95217.0
860Z200US46203,46203,76099.0
860Z200US46204,46204,123873.0
860Z200US46205,46205,100823.0
860Z200US46206,46206,
860Z200US46208,46208,90382.0
860Z200US46214,46214,72276.0
860Z200US46216,46216,75160.0
860Z200US46217,46217,103987.0
860Z200US46218,46218,45512.0
860Z200US46219,46219,73536.0
860Z200US46220,46220,136143.0
860Z200US46221,46221,76433.0
860Z200US46222,46222,57097.0
860Z200US46224,46224,67811.0
860Z200US46225,46225,65967.0
860Z200US46226,46226,63887.0
860Z200US46227,46227,70019.0
860Z200US46228,46228,116295.0
860Z200US46229,46229,82872.0
860Z200US46231,46231,97554.0
860Z200US46234,46234,109787.0
860Z200US46235,46235,65227.0
860Z200US46236,46236,145804.0
860Z200US46237,46237,95345.0
860Z200US46239,46239,101357.0
860Z200US46240,46240,116150.0
860Z200US46241,46241,59294.0
860Z200US46250,46250,101431.0
860Z200US46254,46254,77709.0
860Z200US46256,46256,117640.0
860Z200US46259,46259,149325.0
860Z200US46260,46260,102576.0
860Z200US46268,46268,82430.0
860Z200US46278,46278,184568.0
860Z200US46280,46280,114639.0
860Z200US46290,46290,177949.0
860Z200US46301,46301,167001.0
860Z200US46302,46302,77065.0
860Z200US46303,46303,103945.0
860Z200US46304,46304,109312.0
860Z200US46307,46307,116807.0
860Z200US46310,46310,95089.0
860Z200US46311,46311,131957.0
860Z200US46312,46312,58033.0
860Z200US46319,46319,88509.0
860Z200US46320,46320,47150.0
860Z200US46321,46321,137940.0
860Z200US46322,46322,92600.0
860Z200US46323,46323,76310.0
860Z200US46324,46324,74358.0
860Z200US46327,46327,59994.0
860Z200US46340,46340,61325.0
860Z200US46341,46341,115470.0
860Z200US46342,46342,87176.0
860Z200US46345,46345,74164.0
860Z200US46346,46346,58762.0
860Z200US46347,46347,93937.0
860Z200US46348,46348,61819.0
860Z200US46349,46349,81175.0
860Z200US46350,46350,92951.0
860Z200US46356,46356,108092.0
860Z200US46360,46360,81361.0
860Z200US46365,46365,94296.0
860Z200US46366,46366,75676.0
860Z200US46368,46368,88733.0
860Z200US46371,46371,103648.0
860Z200US46373,46373,156041.0
860Z200US46374,46374,80285.0
860Z200US46375,46375,116384.0
860Z200US46376,46376,78689.0
860Z200US46377,46377,
860Z200US46379,46379,96103.0
860Z200US46381,46381,59516.0
860Z200US46382,46382,117467.0
860Z200US46383,46383,97057.0
860Z200US46385,46385,132324.0
860Z200US46390,46390,93328.0
860Z200US46391,46391,109074.0
860Z200US46392,46392,104901.0
860Z200US46393,46393,50098.0
860Z200US46394,46394,78175.0
860Z200US46402,46402,41753.0
860Z200US46403,46403,66068.0
860Z200US46404,46404,54152.0
860Z200US46405,46405,70954.0
860Z200US46406,46406,48109.0
860Z200US46407,46407,44376.0
860Z200US46408,46408,57206.0
860Z200US46409,46409,67273.0
860Z200US46410,46410,79463.0
860Z200US46501,46501,72796.0
860Z200US46502,46502,
860Z200US46504,46504,87130.0
860Z200US46506,46506,87128.0
860Z200US46507,46507,103588.0
860Z200US46508,46508,60306.0
860Z200US46510,46510,113712.0
860Z200US46511,46511,82296.0
860Z200US46513,46513,
860Z200US46514,46514,80216.0
860Z200US46516,46516,72131.0
860Z200US46517,46517,74724.0
860Z200US46524,46524,84033.0
860Z200US46526,46526,85007.0
860Z200US46528,46528,96636.0
860Z200US46530,46530,161854.0
860Z200US46531,46531,73687.0
860Z200US46532,46532,93322.0
860Z200US46534,46534,69118.0
860Z200US46536,46536,101741.0
860Z200US46537,46537,61295.0
860Z200US46538,46538,105931.0
860Z200US46539,46539,97990.0
860Z200US46540,46540,124087.0
860Z200US46542,46542,80341.0
860Z200US46543,46543,141847.0
860Z200US46544,46544,75688.0
860Z200US46545,46545,75161.0
860Z200US46550,46550,95767.0
860Z200US46552,46552,101352.0
860Z200US46553,46553,91543.0
860Z200US46554,46554,98966.0
860Z200US46555,46555,80802.0
860Z200US46556,46556,35437.0
860Z200US46561,46561,93981.0
860Z200US46562,46562,80171.0
860Z200US46563,46563,89218.0
860Z200US46565,46565,115869.0
860Z200US46567,46567,91625.0
860Z200US46570,46570,77053.0
860Z200US46571,46571,108139.0
860Z200US46572,46572,53414.0
860Z200US46573,46573,105807.0
860Z200US46574,46574,85202.0
860Z200US46580,46580,80860.0
860Z200US46582,46582,84044.0
860Z200US46590,46590,145135.0
860Z200US46595,46595,
860Z200US46601,46601,45357.0
860Z200US46613,46613,51290.0
860Z200US46614,46614,91079.0
860Z200US46615,46615,70796.0
860Z200US46616,46616,71491.0
860Z200US46617,46617,125330.0
860Z200US46619,46619,74376.0
860Z200US46624,46624,111117.0
860Z200US46628,46628,74611.0
860Z200US46635,46635,85754.0
860Z200US46637,46637,91247.0
860Z200US46701,46701,90249.0
860Z200US46702,46702,87293.0
860Z200US46703,46703,93443.0
860Z200US46704,46704,39356.0
860Z200US46705,46705,77069.0
860Z200US46706,46706,91203.0
860Z200US46710,46710,91400.0
860Z200US46711,46711,79266.0
860Z200US46714,46714,80790.0
860Z200US46721,46721,77986.0
860Z200US46723,46723,90448.0
860Z200US46725,46725,92049.0
860Z200US46730,46730,105257.0
860Z200US46731,46731,133590.0
860Z200US46732,46732,73567.0
860Z200US46733,46733,79476.0
860Z200US46737,46737,92463.0
860Z200US46738,46738,75248.0
860Z200US46740,46740,75491.0
860Z200US46741,46741,108952.0
860Z200US46742,46742,100206.0
860Z200US46743,46743,93434.0
860Z200US46745,46745,109208.0
860Z200US46746,46746,87157.0
860Z200US46747,46747,86048.0
860Z200US46748,46748,132376.0
860Z200US46750,46750,79550.0
860Z200US46755,46755,86213.0
860Z200US46759,46759,60360.0
860Z200US46760,46760,60796.0
860Z200US46761,46761,86826.0
860Z200US46763,46763,105585.0
860Z200US46764,46764,83442.0
860Z200US46765,46765,141466.0
860Z200US46766,46766,77111.0
860Z200US46767,46767,84046.0
860Z200US46770,46770,87297.0
860Z200US46771,46771,
860Z200US46772,46772,97789.0
860Z200US46773,46773,80391.0
860Z200US46774,46774,81859.0
860Z200US46776,46776,73063.0
860Z200US46777,46777,80059.0
860Z200US46778,46778,43439.0
860Z200US46779,46779,95419.0
860Z200US46781,46781,97096.0
860Z200US46783,46783,124403.0
860Z200US46784,46784,93800.0
860Z200US46785,46785,80106.0
860Z200US46786,46786,
860Z200US46787,46787,91272.0
860Z200US46788,46788,118837.0
860Z200US46789,46789,
860Z200US46791,46791,100487.0
860Z200US46792,46792,110175.0
860Z200US46793,46793,93259.0
860Z200US46794,46794,82281.0
860Z200US46795,46795,98600.0
860Z200US46796,46796,
860Z200US46797,46797,109256.0
860Z200US46798,46798,95050.0
860Z200US46799,46799,70981.0
860Z200US46802,46802,63661.0
860Z200US46803,46803,44164.0
860Z200US46804,46804,107496.0
860Z200US46805,46805,74433.0
860Z200US46806,46806,55226.0
860Z200US46807,46807,72263.0
860Z200US46808,46808,61853.0
860Z200US46809,46809,67998.0
860Z200US46814,46814,189589.0
860Z200US46815,46815,83438.0
860Z200US46816,46816,55056.0
860Z200US46818,46818,104143.0
860Z200US46819,46819,74236.0
860Z200US46825,46825,85114.0
860Z200US46835,46835,92932.0
860Z200US46845,46845,145103.0
860Z200US46901,46901,77624.0
860Z200US46902,46902,78074.0
860Z200US46910,46910,85402.0
860Z200US46911,46911,96255.0
860Z200US46913,46913,118306.0
860Z200US46914,46914,76098.0
860Z200US46915,46915,67402.0
860Z200US46917,46917,77290.0
860Z200US46919,46919,82610.0
860Z200US46920,46920,106839.0
860Z200US46922,46922,
860Z200US46923,46923,79254.0
860Z200US46926,46926,82798.0
860Z200US46928,46928,73050.0
860Z200US46929,46929,73717.0
860Z200US46930,46930,64630.0
860Z200US46931,46931,60100.0
860Z200US46932,46932,89687.0
860Z200US46933,46933,72323.0
860Z200US46936,46936,103068.0
860Z200US46937,46937,
860Z200US46938,46938,68885.0
860Z200US46939,46939,74915.0
860Z200US46940,46940,81356.0
860Z200US46941,46941,82758.0
860Z200US46943,46943,44921.0
860Z200US46945,46945,
860Z200US46946,46946,56688.0
860Z200US46947,46947,69197.0
860Z200US46950,46950,54351.0
860Z200US46951,46951,72159.0
860Z200US46952,46952,75966.0
860Z200US46953,46953,61310.0
860Z200US46957,46957,63837.0
860Z200US46958,46958,70552.0
860Z200US46959,46959,77778.0
860Z200US46960,46960,60851.0
860Z200US46961,46961,
860Z200US46962,46962,82859.0
860Z200US46965,46965,
860Z200US46967,46967,79040.0
860Z200US46968,46968,76210.0
860Z200US46970,46970,70999.0
860Z200US46971,46971,
860Z200US46974,46974,85250.0
860Z200US46975,46975,84720.0
860Z200US46978,46978,77012.0
860Z200US46979,46979,111353.0
860Z200US46980,46980,
860Z200US46982,46982,83992.0
860Z200US46984,46984,
860Z200US46985,46985,64021.0
860Z200US46986,46986,89748.0
860Z200US46987,46987,77569.0
860Z200US46988,46988,64917.0
860Z200US46989,46989,92515.0
860Z200US46990,46990,95218.0
860Z200US46991,46991,57824.0
860Z200US46992,46992,82142.0
860Z200US46994,46994,69492.0
860Z200US46996,46996,79315.0
860Z200US46998,46998,45393.0
860Z200US47001,47001,81057.0
860Z200US47003,47003,111794.0
860Z200US47006,47006,92230.0
860Z200US47010,47010,84057.0
860Z200US47011,47011,107539.0
860Z200US47012,47012,90882.0
860Z200US47016,47016,97139.0
860Z200US47017,47017,94632.0
860Z200US47018,47018,77567.0
860Z200US47020,47020,77919.0
860Z200US47021,47021,
860Z200US47022,47022,119882.0
860Z200US47023,47023,74788.0
860Z200US47024,47024,65609.0
860Z200US47025,47025,103469.0
860Z200US47030,47030,70249.0
860Z200US47031,47031,101222.0
860Z200US47032,47032,96569.0
860Z200US47033,47033,
860Z200US47034,47034,69940.0
860Z200US47035,47035,49471.0
860Z200US47036,47036,126600.0
860Z200US47037,47037,81175.0
860Z200US47038,47038,48453.0
860Z200US47040,47040,79513.0
860Z200US47041,47041,106215.0
860Z200US47042,47042,81231.0
860Z200US47043,47043,77300.0
860Z200US47060,47060,102012.0
860Z200US47102,47102,61313.0
860Z200US47104,47104,
860Z200US47106,47106,126758.0
860Z200US47108,47108,61051.0
860Z200US47110,47110,70691.0
860Z200US47111,47111,100710.0
860Z200US47112,47112,85217.0
860Z200US47114,47114,76349.0
860Z200US47115,47115,95385.0
860Z200US47116,47116,62363.0
860Z200US47117,47117,104851.0
860Z200US47118,47118,63112.0
860Z200US47119,47119,144864.0
860Z200US47120,47120,71818.0
860Z200US47122,47122,126215.0
860Z200US47123,47123,55839.0
860Z200US47124,47124,143537.0
860Z200US47125,47125,71101.0
860Z200US47126,47126,108232.0
860Z200US47129,47129,70828.0
860Z200US47130,47130,82349.0
860Z200US47135,47135,77388.0
860Z200US47136,47136,107723.0
860Z200US47137,47137,70258.0
860Z200US47138,47138,86959.0
860Z200US47140,47140,69817.0
860Z200US47141,47141,113042.0
860Z200US47142,47142,81844.0
860Z200US47143,47143,135065.0
860Z200US47145,47145,55574.0
860Z200US47147,47147,101883.0
860Z200US47150,47150,78754.0
860Z200US47160,47160,76948.0
860Z200US47161,47161,93902.0
860Z200US47162,47162,72083.0
860Z200US47163,47163,71019.0
860Z200US47164,47164,77750.0
860Z200US47165,47165,84284.0
860Z200US47166,47166,91354.0
860Z200US47167,47167,68871.0
860Z200US47170,47170,73310.0
860Z200US47172,47172,107968.0
860Z200US47174,47174,47519.0
860Z200US47175,47175,106044.0
860Z200US47177,47177,89551.0
860Z200US47201,47201,102934.0
860Z200US47203,47203,101257.0
860Z200US47220,47220,88185.0
860Z200US47223,47223,81887.0
860Z200US47224,47224,88995.0
860Z200US47225,47225,126527.0
860Z200US47226,47226,65395.0
860Z200US47227,47227,76483.0
860Z200US47229,47229,76815.0
860Z200US47230,47230,83285.0
860Z200US47231,47231,66298.0
860Z200US47232,47232,91546.0
860Z200US47234,47234,113434.0
860Z200US47235,47235,70174.0
860Z200US47236,47236,100828.0
860Z200US47240,47240,91829.0
860Z200US47243,47243,85861.0
860Z200US47244,47244,94279.0
860Z200US47246,47246,102436.0
860Z200US47247,47247,78783.0
860Z200US47250,47250,78054.0
860Z200US47260,47260,67065.0
860Z200US47263,47263,80541.0
860Z200US47264,47264,82063.0
860Z200US47265,47265,78550.0
860Z200US47270,47270,83770.0
860Z200US47272,47272,80613.0
860Z200US47273,47273,86323.0
860Z200US47274,47274,86626.0
860Z200US47280,47280,67337.0
860Z200US47281,47281,95162.0
860Z200US47282,47282,79489.0
860Z200US47283,47283,102291.0
860Z200US47302,47302,59987.0
860Z200US47303,47303,63462.0
860Z200US47304,47304,80666.0
860Z200US47305,47305,44995.0
860Z200US47306,47306,
860Z200US47320,47320,72352.0
860Z200US47324,47324,57473.0
860Z200US47325,47325,89278.0
860Z200US47326,47326,68713.0
860Z200US47327,47327,89622.0
860Z200US47330,47330,91482.0
860Z200US47331,47331,70901.0
860Z200US47334,47334,87539.0
860Z200US47335,47335,59041.0
860Z200US47336,47336,58577.0
860Z200US47337,47337,95352.0
860Z200US47338,47338,70680.0
860Z200US47339,47339,64291.0
860Z200US47340,47340,76444.0
860Z200US47341,47341,104956.0
860Z200US47342,47342,73501.0
860Z200US47344,47344,54015.0
860Z200US47345,47345,82577.0
860Z200US47346,47346,85929.0
860Z200US47348,47348,63882.0
860Z200US47351,47351,66038.0
860Z200US47352,47352,87240.0
860Z200US47353,47353,90100.0
860Z200US47354,47354,69306.0
860Z200US47355,47355,71913.0
860Z200US47356,47356,93570.0
860Z200US47357,47357,93703.0
860Z200US47358,47358,77799.0
860Z200US47359,47359,77372.0
860Z200US47360,47360,81558.0
860Z200US47361,47361,71172.0
860Z200US47362,47362,72477.0
860Z200US47366,47366,
860Z200US47367,47367,52195.0
860Z200US47368,47368,75398.0
860Z200US47369,47369,52461.0
860Z200US47370,47370,45611.0
860Z200US47371,47371,72423.0
860Z200US47373,47373,61344.0
860Z200US47374,47374,71483.0
860Z200US47380,47380,72798.0
860Z200US47381,47381,67296.0
860Z200US47382,47382,59302.0
860Z200US47383,47383,74798.0
860Z200US47384,47384,77075.0
860Z200US47385,47385,86623.0
860Z200US47386,47386,109626.0
860Z200US47387,47387,82484.0
860Z200US47388,47388,64438.0
860Z200US47390,47390,61808.0
860Z200US47392,47392,76739.0
860Z200US47393,47393,83051.0
860Z200US47394,47394,83640.0
860Z200US47396,47396,100949.0
860Z200US47401,47401,103134.0
860Z200US47403,47403,77886.0
860Z200US47404,47404,76450.0
860Z200US47405,47405,
860Z200US47406,47406,27736.0
860Z200US47408,47408,73654.0
860Z200US47420,47420,52717.0
860Z200US47421,47421,79784.0
860Z200US47424,47424,77945.0
860Z200US47427,47427,79556.0
860Z200US47429,47429,110147.0
860Z200US47431,47431,81248.0
860Z200US47432,47432,74692.0
860Z200US47433,47433,71650.0
860Z200US47434,47434,
860Z200US47435,47435,
860Z200US47436,47436,90919.0
860Z200US47437,47437,
860Z200US47438,47438,60104.0
860Z200US47441,47441,73877.0
860Z200US47443,47443,81980.0
860Z200US47445,47445,73161.0
860Z200US47446,47446,62188.0
860Z200US47448,47448,93230.0
860Z200US47449,47449,66496.0
860Z200US47451,47451,84423.0
860Z200US47452,47452,83865.0
860Z200US47453,47453,57123.0
860Z200US47454,47454,86900.0
860Z200US47455,47455,
860Z200US47456,47456,72284.0
860Z200US47457,47457,
860Z200US47458,47458,
860Z200US47459,47459,113532.0
860Z200US47460,47460,84375.0
860Z200US47462,47462,104764.0
860Z200US47464,47464,70392.0
860Z200US47465,47465,65231.0
860Z200US47467,47467,
860Z200US47468,47468,108232.0
860Z200US47469,47469,79696.0
860Z200US47470,47470,76723.0
860Z200US47471,47471,96901.0
860Z200US47501,47501,78477.0
860Z200US47512,47512,68489.0
860Z200US47513,47513,71062.0
860Z200US47514,47514,100672.0
860Z200US47515,47515,84721.0
860Z200US47516,47516,84736.0
860Z200US47519,47519,106003.0
860Z200US47520,47520,64298.0
860Z200US47521,47521,103928.0
860Z200US47522,47522,59501.0
860Z200US47523,47523,78479.0
860Z200US47524,47524,67812.0
860Z200US47525,47525,100196.0
860Z200US47527,47527,109497.0
860Z200US47528,47528,54637.0
860Z200US47529,47529,87379.0
860Z200US47531,47531,103800.0
860Z200US47532,47532,96259.0
860Z200US47535,47535,54644.0
860Z200US47537,47537,67327.0
860Z200US47541,47541,88984.0
860Z200US47542,47542,84813.0
860Z200US47546,47546,91282.0
860Z200US47550,47550,101446.0
860Z200US47551,47551,83554.0
860Z200US47552,47552,135437.0
860Z200US47553,47553,86571.0
860Z200US47557,47557,83534.0
860Z200US47558,47558,100652.0
860Z200US47561,47561,64956.0
860Z200US47562,47562,99966.0
860Z200US47564,47564,71182.0
860Z200US47567,47567,83608.0
860Z200US47568,47568,66461.0
860Z200US47573,47573,
860Z200US47574,47574,111912.0
860Z200US47575,47575,100136.0
860Z200US47576,47576,94388.0
860Z200US47577,47577,95055.0
860Z200US47578,47578,63965.0
860Z200US47579,47579,118569.0
860Z200US47580,47580,25129.0
860Z200US47581,47581,76369.0
860Z200US47584,47584,64851.0
860Z200US47585,47585,74138.0
860Z200US47586,47586,71455.0
860Z200US47588,47588,76967.0
860Z200US47590,47590,119819.0
860Z200US47591,47591,84760.0
860Z200US47596,47596,88665.0
860Z200US47597,47597,74226.0
860Z200US47598,47598,71542.0
860Z200US47601,47601,102789.0
860Z200US47610,47610,91977.0
860Z200US47611,47611,79988.0
860Z200US47612,47612,72979.0
860Z200US47613,47613,133153.0
860Z200US47615,47615,89902.0
860Z200US47616,47616,87799.0
860Z200US47619,47619,85110.0
860Z200US47620,47620,94521.0
860Z200US47630,47630,135034.0
860Z200US47631,47631,78628.0
860Z200US47633,47633,79491.0
860Z200US47634,47634,74581.0
860Z200US47635,47635,75907.0
860Z200US47637,47637,102838.0
860Z200US47638,47638,98083.0
860Z200US47639,47639,103961.0
860Z200US47640,47640,76886.0
860Z200US47648,47648,79289.0
860Z200US47649,47649,77118.0
860Z200US47654,47654,78700.0
860Z200US47660,47660,70547.0
860Z200US47665,47665,89336.0
860Z200US47666,47666,74716.0
860Z200US47670,47670,83351.0
860Z200US47683,47683,75709.0
860Z200US47708,47708,92295.0
860Z200US47710,47710,61268.0
860Z200US47711,47711,84360.0
860Z200US47712,47712,81400.0
860Z200US47713,47713,50483.0
860Z200US47714,47714,71725.0
860Z200US47715,47715,80816.0
860Z200US47720,47720,98368.0
860Z200US47725,47725,134798.0
860Z200US47802,47802,82693.0
860Z200US47803,47803,77630.0
860Z200US47804,47804,54338.0
860Z200US47805,47805,80336.0
860Z200US47807,47807,37569.0
860Z200US47809,47809,
860Z200US47831,47831,
860Z200US47832,47832,107261.0
860Z200US47833,47833,90734.0
860Z200US47834,47834,94479.0
860Z200US47836,47836,
860Z200US47837,47837,97542.0
860Z200US47838,47838,88106.0
860Z200US47840,47840,105144.0
860Z200US47841,47841,72627.0
860Z200US47842,47842,68313.0
860Z200US47845,47845,
860Z200US47846,47846,217012.0
860Z200US47847,47847,68308.0
860Z200US47848,47848,84389.0
860Z200US47849,47849,130092.0
860Z200US47850,47850,72020.0
860Z200US47851,47851,
860Z200US47853,47853,80471.0
860Z200US47854,47854,100847.0
860Z200US47855,47855,57672.0
860Z200US47857,47857,68490.0
860Z200US47858,47858,58914.0
860Z200US47859,47859,77703.0
860Z200US47860,47860,53581.0
860Z200US47861,47861,67408.0
860Z200US47862,47862,75242.0
860Z200US47863,47863,55814.0
860Z200US47865,47865,
860Z200US47866,47866,96433.0
860Z200US47868,47868,65525.0
860Z200US47869,47869,
860Z200US47870,47870,
860Z200US47871,47871,58602.0
860Z200US47872,47872,81929.0
860Z200US47874,47874,71885.0
860Z200US47875,47875,
860Z200US47876,47876,
860Z200US47879,47879,64406.0
860Z200US47880,47880,
860Z200US47881,47881,59699.0
860Z200US47882,47882,72103.0
860Z200US47884,47884,65226.0
860Z200US47885,47885,91197.0
860Z200US47901,47901,69542.0
860Z200US47904,47904,58809.0
860Z200US47905,47905,85133.0
860Z200US47906,47906,81933.0
860Z200US47907,47907,
860Z200US47909,47909,81651.0
860Z200US47916,47916,47725.0
860Z200US47917,47917,87859.0
860Z200US47918,47918,75674.0
860Z200US47920,47920,118073.0
860Z200US47921,47921,103633.0
860Z200US47922,47922,72850.0
860Z200US47923,47923,86022.0
860Z200US47924,47924,
860Z200US47925,47925,
860Z200US47926,47926,87524.0
860Z200US47928,47928,70510.0
860Z200US47929,47929,78014.0
860Z200US47930,47930,83208.0
860Z200US47932,47932,81405.0
860Z200US47933,47933,83882.0
860Z200US47940,47940,80786.0
860Z200US47941,47941,79477.0
860Z200US47942,47942,104715.0
860Z200US47943,47943,76442.0
860Z200US47944,47944,77178.0
860Z200US47946,47946,86446.0
860Z200US47948,47948,72087.0
860Z200US47949,47949,81689.0
860Z200US47950,47950,73555.0
860Z200US47951,47951,67500.0
860Z200US47952,47952,60914.0
860Z200US47954,47954,87013.0
860Z200US47955,47955,74196.0
860Z200US47957,47957,62975.0
860Z200US47958,47958,111770.0
860Z200US47959,47959,67105.0
860Z200US47960,47960,83469.0
860Z200US47963,47963,75818.0
860Z200US47964,47964,56535.0
860Z200US47965,47965,81015.0
860Z200US47966,47966,60751.0
860Z200US47967,47967,102697.0
860Z200US47968,47968,86545.0
860Z200US47969,47969,70451.0
860Z200US47970,47970,85362.0
860Z200US47971,47971,75042.0
860Z200US47974,47974,94212.0
860Z200US47975,47975,89456.0
860Z200US47977,47977,98938.0
860Z200US47978,47978,81576.0
860Z200US47980,47980,75413.0
860Z200US47981,47981,126552.0
860Z200US47982,47982,61055.0
860Z200US47983,47983,67558.0
860Z200US47986,47986,
860Z200US47987,47987,75607.0
860Z200US47989,47989,107349.0
860Z200US47990,47990,71305.0
860Z200US47991,47991,92255.0
860Z200US47992,47992,106542.0
860Z200US47993,47993,86100.0
860Z200US47994,47994,105492.0
860Z200US47995,47995,79130.0
860Z200US47997,47997,71308.0
860Z200US48001,48001,87457.0
860Z200US48002,48002,107240.0
860Z200US48003,48003,100579.0
860Z200US48005,48005,153085.0
860Z200US48006,48006,86563.0
860Z200US48009,48009,240591.0
860Z200US48014,48014,85634.0
860Z200US48015,48015,69092.0
860Z200US48017,48017,103365.0
860Z200US48021,48021,70143.0
860Z200US48022,48022,90160.0
860Z200US48023,48023,105732.0
860Z200US48025,48025,228039.0
860Z200US48026,48026,86038.0
860Z200US48027,48027,106850.0
860Z200US48028,48028,144843.0
860Z200US48030,48030,74660.0
860Z200US48032,48032,90909.0
860Z200US48033,48033,74073.0
860Z200US48034,48034,76567.0
860Z200US48035,48035,88049.0
860Z200US48036,48036,83483.0
860Z200US48038,48038,97821.0
860Z200US48039,48039,87037.0
860Z200US48040,48040,86739.0
860Z200US48041,48041,101983.0
860Z200US48042,48042,133786.0
860Z200US48043,48043,71991.0
860Z200US48044,48044,131569.0
860Z200US48045,48045,94759.0
860Z200US48047,48047,108368.0
860Z200US48048,48048,85419.0
860Z200US48049,48049,106312.0
860Z200US48050,48050,129628.0
860Z200US48051,48051,104159.0
860Z200US48054,48054,95077.0
860Z200US48059,48059,90952.0
860Z200US48060,48060,71030.0
860Z200US48062,48062,97565.0
860Z200US48063,48063,112887.0
860Z200US48064,48064,103078.0
860Z200US48065,48065,125115.0
860Z200US48066,48066,74535.0
860Z200US48067,48067,132384.0
860Z200US48069,48069,197870.0
860Z200US48070,48070,225070.0
860Z200US48071,48071,79891.0
860Z200US48072,48072,130449.0
860Z200US48073,48073,113486.0
860Z200US48074,48074,84636.0
860Z200US48075,48075,85055.0
860Z200US48076,48076,105301.0
860Z200US48079,48079,110932.0
860Z200US48080,48080,84206.0
860Z200US48081,48081,91476.0
860Z200US48082,48082,94821.0
860Z200US48083,48083,106422.0
860Z200US48084,48084,131737.0
860Z200US48085,48085,157801.0
860Z200US48088,48088,95488.0
860Z200US48089,48089,72659.0
860Z200US48091,48091,70402.0
860Z200US48092,48092,85208.0
860Z200US48093,48093,83555.0
860Z200US48094,48094,124167.0
860Z200US48095,48095,137451.0
860Z200US48096,48096,122299.0
860Z200US48097,48097,72684.0
860Z200US48098,48098,197528.0
860Z200US48101,48101,98778.0
860Z200US48103,48103,157509.0
860Z200US48104,48104,116673.0
860Z200US48105,48105,153408.0
860Z200US48108,48108,119163.0
860Z200US48109,48109,
860Z200US48111,48111,97283.0
860Z200US48114,48114,155353.0
860Z200US48116,48116,134804.0
860Z200US48117,48117,94704.0
860Z200US48118,48118,124081.0
860Z200US48120,48120,106436.0
860Z200US48122,48122,60806.0
860Z200US48124,48124,97747.0
860Z200US48125,48125,75499.0
860Z200US48126,48126,65256.0
860Z200US48127,48127,81619.0
860Z200US48128,48128,113989.0
860Z200US48130,48130,172444.0
860Z200US48131,48131,104335.0
860Z200US48133,48133,89643.0
860Z200US48134,48134,106514.0
860Z200US48135,48135,78674.0
860Z200US48137,48137,89187.0
860Z200US48138,48138,159224.0
860Z200US48139,48139,60230.0
860Z200US48140,48140,115753.0
860Z200US48141,48141,60895.0
860Z200US48143,48143,
860Z200US48144,48144,115678.0
860Z200US48145,48145,91915.0
860Z200US48146,48146,68409.0
860Z200US48150,48150,105983.0
860Z200US48152,48152,114244.0
860Z200US48154,48154,119002.0
860Z200US48157,48157,71483.0
860Z200US48158,48158,116678.0
860Z200US48159,48159,90362.0
860Z200US48160,48160,112447.0
860Z200US48161,48161,82005.0
860Z200US48162,48162,85699.0
860Z200US48164,48164,133602.0
860Z200US48165,48165,123988.0
860Z200US48166,48166,96443.0
860Z200US48167,48167,166084.0
860Z200US48168,48168,219988.0
860Z200US48169,48169,127898.0
860Z200US48170,48170,146285.0
860Z200US48173,48173,105106.0
860Z200US48174,48174,77524.0
860Z200US48176,48176,135800.0
860Z200US48177,48177,80826.0
860Z200US48178,48178,160541.0
860Z200US48179,48179,128760.0
860Z200US48180,48180,74893.0
860Z200US48182,48182,102640.0
860Z200US48183,48183,94491.0
860Z200US48184,48184,68417.0
860Z200US48185,48185,73300.0
860Z200US48186,48186,82265.0
860Z200US48187,48187,138919.0
860Z200US48188,48188,143378.0
860Z200US48189,48189,112117.0
860Z200US48190,48190,104731.0
860Z200US48191,48191,134508.0
860Z200US48192,48192,80763.0
860Z200US48193,48193,91418.0
860Z200US48195,48195,81054.0
860Z200US48197,48197,90955.0
860Z200US48198,48198,80499.0
860Z200US48201,48201,60641.0
860Z200US48202,48202,64306.0
860Z200US48203,48203,54533.0
860Z200US48204,48204,45600.0
860Z200US48205,48205,52560.0
860Z200US48206,48206,62187.0
860Z200US48207,48207,65022.0
860Z200US48208,48208,60734.0
860Z200US48209,48209,55065.0
860Z200US48210,48210,49886.0
860Z200US48211,48211,44039.0
860Z200US48212,48212,50494.0
860Z200US48213,48213,45505.0
860Z200US48214,48214,59320.0
860Z200US48215,48215,55389.0
860Z200US48216,48216,62994.0
860Z200US48217,48217,57760.0
860Z200US48218,48218,48066.0
860Z200US48219,48219,56968.0
860Z200US48220,48220,102525.0
860Z200US48221,48221,77405.0
860Z200US48223,48223,57312.0
860Z200US48224,48224,60675.0
860Z200US48225,48225,72964.0
860Z200US48226,48226,106473.0
860Z200US48227,48227,50450.0
860Z200US48228,48228,47402.0
860Z200US48229,48229,52018.0
860Z200US48230,48230,186327.0
860Z200US48233,48233,
860Z200US48234,48234,48610.0
860Z200US48235,48235,55344.0
860Z200US48236,48236,174573.0
860Z200US48237,48237,82088.0
860Z200US48238,48238,43182.0
860Z200US48239,48239,83096.0
860Z200US48240,48240,71578.0
860Z200US48242,48242,
860Z200US48243,48243,
860Z200US48301,48301,240461.0
860Z200US48302,48302,251820.0
860Z200US48304,48304,227986.0
860Z200US48306,48306,201452.0
860Z200US48307,48307,132655.0
860Z200US48309,48309,149339.0
860Z200US48310,48310,90428.0
860Z200US48312,48312,89748.0
860Z200US48313,48313,99440.0
860Z200US48314,48314,110455.0
860Z200US48315,48315,124744.0
860Z200US48316,48316,128121.0
860Z200US48317,48317,87018.0
860Z200US48320,48320,117051.0
860Z200US48322,48322,152320.0
860Z200US48323,48323,202190.0
860Z200US48324,48324,194843.0
860Z200US48326,48326,103242.0
860Z200US48327,48327,96455.0
860Z200US48328,48328,98525.0
860Z200US48329,48329,106437.0
860Z200US48331,48331,148348.0
860Z200US48334,48334,119954.0
860Z200US48335,48335,118385.0
860Z200US48336,48336,106606.0
860Z200US48340,48340,56772.0
860Z200US48341,48341,63816.0
860Z200US48342,48342,49064.0
860Z200US48346,48346,118343.0
860Z200US48348,48348,170789.0
860Z200US48350,48350,125929.0
860Z200US48353,48353,131989.0
860Z200US48356,48356,115937.0
860Z200US48357,48357,127987.0
860Z200US48359,48359,119323.0
860Z200US48360,48360,155980.0
860Z200US48362,48362,130024.0
860Z200US48363,48363,209593.0
860Z200US48367,48367,123140.0
860Z200US48370,48370,144864.0
860Z200US48371,48371,135206.0
860Z200US48374,48374,224189.0
860Z200US48375,48375,138185.0
860Z200US48377,48377,104937.0
860Z200US48380,48380,170938.0
860Z200US48381,48381,140918.0
860Z200US48382,48382,160734.0
860Z200US48383,48383,124033.0
860Z200US48386,48386,107603.0
860Z200US48390,48390,115874.0
860Z200US48393,48393,93222.0
860Z200US48401,48401,76149.0
860Z200US48410,48410,55904.0
860Z200US48411,48411,
860Z200US48412,48412,103572.0
860Z200US48413,48413,72968.0
860Z200US48414,48414,90742.0
860Z200US48415,48415,105020.0
860Z200US48416,48416,81894.0
860Z200US48417,48417,81931.0
860Z200US48418,48418,95390.0
860Z200US48419,48419,76136.0
860Z200US48420,48420,82098.0
860Z200US48421,48421,85983.0
860Z200US48422,48422,70036.0
860Z200US48423,48423,86365.0
860Z200US48426,48426,80817.0
860Z200US48427,48427,74883.0
860Z200US48428,48428,117073.0
860Z200US48429,48429,74416.0
860Z200US48430,48430,134966.0
860Z200US48432,48432,69215.0
860Z200US48433,48433,103253.0
860Z200US48434,48434,56717.0
860Z200US48435,48435,88207.0
860Z200US48436,48436,114204.0
860Z200US48437,48437,42208.0
860Z200US48438,48438,119986.0
860Z200US48439,48439,114361.0
860Z200US48440,48440,118128.0
860Z200US48441,48441,72350.0
860Z200US48442,48442,102819.0
860Z200US48444,48444,78210.0
860Z200US48445,48445,70613.0
860Z200US48446,48446,84365.0
860Z200US48449,48449,88161.0
860Z200US48450,48450,72059.0
860Z200US48451,48451,114770.0
860Z200US48453,48453,73439.0
860Z200US48454,48454,86724.0
860Z200US48455,48455,133675.0
860Z200US48456,48456,80099.0
860Z200US48457,48457,72595.0
860Z200US48458,48458,61783.0
860Z200US48460,48460,98470.0
860Z200US48461,48461,105966.0
860Z200US48462,48462,130338.0
860Z200US48463,48463,83927.0
860Z200US48464,48464,86430.0
860Z200US48465,48465,103258.0
860Z200US48466,48466,77265.0
860Z200US48467,48467,75292.0
860Z200US48468,48468,73750.0
860Z200US48469,48469,84473.0
860Z200US48470,48470,68986.0
860Z200US48471,48471,81675.0
860Z200US48472,48472,81230.0
860Z200US48473,48473,97033.0
860Z200US48475,48475,76307.0
860Z200US48476,48476,80094.0
860Z200US48502,48502,65774.0
860Z200US48503,48503,53886.0
860Z200US48504,48504,48306.0
860Z200US48505,48505,42366.0
860Z200US48506,48506,60331.0
860Z200US48507,48507,57980.0
860Z200US48509,48509,73713.0
860Z200US48519,48519,73332.0
860Z200US48529,48529,47407.0
860Z200US48532,48532,76100.0
860Z200US48601,48601,47634.0
860Z200US48602,48602,59716.0
860Z200US48603,48603,97888.0
860Z200US48604,48604,77473.0
860Z200US48607,48607,57319.0
860Z200US48609,48609,91679.0
860Z200US48610,48610,64395.0
860Z200US48611,48611,92415.0
860Z200US48612,48612,75643.0
860Z200US48613,48613,72499.0
860Z200US48614,48614,68935.0
860Z200US48615,48615,85554.0
860Z200US48616,48616,82293.0
860Z200US48617,48617,77993.0
860Z200US48618,48618,73952.0
860Z200US48619,48619,54066.0
860Z200US48620,48620,99924.0
860Z200US48621,48621,62179.0
860Z200US48622,48622,69352.0
860Z200US48623,48623,124498.0
860Z200US48624,48624,73092.0
860Z200US48625,48625,59019.0
860Z200US48626,48626,103682.0
860Z200US48627,48627,68788.0
860Z200US48628,48628,105933.0
860Z200US48629,48629,71621.0
860Z200US48630,48630,66806.0
860Z200US48631,48631,103511.0
860Z200US48632,48632,73773.0
860Z200US48633,48633,98519.0
860Z200US48634,48634,94795.0
860Z200US48635,48635,72121.0
860Z200US48636,48636,71974.0
860Z200US48637,48637,75519.0
860Z200US48638,48638,88499.0
860Z200US48640,48640,106057.0
860Z200US48642,48642,103936.0
860Z200US48647,48647,63247.0
860Z200US48649,48649,84062.0
860Z200US48650,48650,75517.0
860Z200US48651,48651,70572.0
860Z200US48652,48652,87905.0
860Z200US48653,48653,86587.0
860Z200US48654,48654,62075.0
860Z200US48655,48655,84128.0
860Z200US48656,48656,59157.0
860Z200US48657,48657,99025.0
860Z200US48658,48658,66691.0
860Z200US48659,48659,64851.0
860Z200US48661,48661,76828.0
860Z200US48662,48662,84489.0
860Z200US48701,48701,84707.0
860Z200US48703,48703,77659.0
860Z200US48705,48705,56368.0
860Z200US48706,48706,79704.0
860Z200US48708,48708,66992.0
860Z200US48710,48710,
860Z200US48720,48720,68394.0
860Z200US48721,48721,71353.0
860Z200US48722,48722,84257.0
860Z200US48723,48723,70397.0
860Z200US48724,48724,40953.0
860Z200US48725,48725,75585.0
860Z200US48726,48726,78165.0
860Z200US48727,48727,75949.0
860Z200US48728,48728,61345.0
860Z200US48729,48729,78029.0
860Z200US48730,48730,70965.0
860Z200US48731,48731,62373.0
860Z200US48732,48732,71950.0
860Z200US48733,48733,65231.0
860Z200US48734,48734,119368.0
860Z200US48735,48735,73074.0
860Z200US48737,48737,52977.0
860Z200US48738,48738,71851.0
860Z200US48739,48739,66994.0
860Z200US48740,48740,68692.0
860Z200US48741,48741,76099.0
860Z200US48742,48742,80436.0
860Z200US48743,48743,
860Z200US48744,48744,70443.0
860Z200US48745,48745,69120.0
860Z200US48746,48746,76433.0
860Z200US48747,48747,86253.0
860Z200US48748,48748,63726.0
860Z200US48749,48749,71545.0
860Z200US48750,48750,55325.0
860Z200US48754,48754,80703.0
860Z200US48755,48755,76423.0
860Z200US48756,48756,51786.0
860Z200US48757,48757,95861.0
860Z200US48759,48759,79897.0
860Z200US48760,48760,70372.0
860Z200US48761,48761,52146.0
860Z200US48762,48762,78970.0
860Z200US48763,48763,72650.0
860Z200US48765,48765,60812.0
860Z200US48766,48766,63502.0
860Z200US48767,48767,82398.0
860Z200US48768,48768,72551.0
860Z200US48770,48770,60730.0
860Z200US48801,48801,75809.0
860Z200US48806,48806,75125.0
860Z200US48807,48807,72102.0
860Z200US48808,48808,111607.0
860Z200US48809,48809,86875.0
860Z200US48811,48811,76141.0
860Z200US48813,48813,89801.0
860Z200US48815,48815,102417.0
860Z200US48816,48816,62010.0
860Z200US48817,48817,71939.0
860Z200US48818,48818,71618.0
860Z200US48819,48819,101226.0
860Z200US48820,48820,126900.0
860Z200US48821,48821,118414.0
860Z200US48822,48822,114800.0
860Z200US48823,48823,90286.0
860Z200US48824,48824,
860Z200US48825,48825,
860Z200US48827,48827,90555.0
860Z200US48829,48829,65989.0
860Z200US48831,48831,80038.0
860Z200US48832,48832,75211.0
860Z200US48834,48834,68540.0
860Z200US48835,48835,106242.0
860Z200US48836,48836,101374.0
860Z200US48837,48837,113930.0
860Z200US48838,48838,78710.0
860Z200US48840,48840,101117.0
860Z200US48841,48841,71919.0
860Z200US48842,48842,98506.0
860Z200US48843,48843,112472.0
860Z200US48845,48845,79075.0
860Z200US48846,48846,71832.0
860Z200US48847,48847,83593.0
860Z200US48848,48848,116613.0
860Z200US48849,48849,102200.0
860Z200US48850,48850,77732.0
860Z200US48851,48851,74110.0
860Z200US48852,48852,49885.0
860Z200US48853,48853,61671.0
860Z200US48854,48854,108812.0
860Z200US48855,48855,116509.0
860Z200US48856,48856,92857.0
860Z200US48857,48857,89123.0
860Z200US48858,48858,69312.0
860Z200US48859,48859,
860Z200US48860,48860,67703.0
860Z200US48861,48861,113282.0
860Z200US48862,48862,54638.0
860Z200US48864,48864,159867.0
860Z200US48865,48865,95118.0
860Z200US48866,48866,81621.0
860Z200US48867,48867,77755.0
860Z200US48870,48870,41437.0
860Z200US48871,48871,104167.0
860Z200US48872,48872,92214.0
860Z200US48873,48873,105634.0
860Z200US48874,48874,79444.0
860Z200US48875,48875,112721.0
860Z200US48876,48876,85107.0
860Z200US48877,48877,109040.0
860Z200US48878,48878,62702.0
860Z200US48879,48879,97447.0
860Z200US48880,48880,75009.0
860Z200US48881,48881,84096.0
860Z200US48883,48883,77953.0
860Z200US48884,48884,80586.0
860Z200US48885,48885,79104.0
860Z200US48886,48886,71291.0
860Z200US48888,48888,70659.0
860Z200US48889,48889,90158.0
860Z200US48890,48890,73970.0
860Z200US48891,48891,65210.0
860Z200US48892,48892,110212.0
860Z200US48893,48893,86983.0
860Z200US48894,48894,125994.0
860Z200US48895,48895,126290.0
860Z200US48896,48896,105271.0
860Z200US48897,48897,88138.0
860Z200US48906,48906,77460.0
860Z200US48910,48910,64343.0
860Z200US48911,48911,68864.0
860Z200US48912,48912,71573.0
860Z200US48915,48915,62519.0
860Z200US48917,48917,91713.0
860Z200US48933,48933,48443.0
860Z200US49001,49001,67434.0
860Z200US49002,49002,99350.0
860Z200US49004,49004,90276.0
860Z200US49006,49006,68486.0
860Z200US49007,49007,50566.0
860Z200US49008,49008,94214.0
860Z200US49009,49009,116871.0
860Z200US49010,49010,89383.0
860Z200US49011,49011,80560.0
860Z200US49012,49012,105878.0
860Z200US49013,49013,70848.0
860Z200US49014,49014,85899.0
860Z200US49015,49015,86627.0
860Z200US49017,49017,75707.0
860Z200US49021,49021,90990.0
860Z200US49022,49022,61311.0
860Z200US49024,49024,112457.0
860Z200US49026,49026,73511.0
860Z200US49027,49027,71495.0
860Z200US49028,49028,76027.0
860Z200US49029,49029,85302.0
860Z200US49030,49030,72176.0
860Z200US49031,49031,93616.0
860Z200US49032,49032,80374.0
860Z200US49033,49033,130195.0
860Z200US49034,49034,86852.0
860Z200US49036,49036,77265.0
860Z200US49037,49037,53666.0
860Z200US49038,49038,82558.0
860Z200US49040,49040,72404.0
860Z200US49042,49042,79879.0
860Z200US49043,49043,46155.0
860Z200US49045,49045,74298.0
860Z200US49046,49046,105470.0
860Z200US49047,49047,82931.0
860Z200US49048,49048,77331.0
860Z200US49050,49050,82841.0
860Z200US49051,49051,109470.0
860Z200US49052,49052,77753.0
860Z200US49053,49053,99180.0
860Z200US49055,49055,75918.0
860Z200US49056,49056,81862.0
860Z200US49057,49057,72951.0
860Z200US49058,49058,92015.0
860Z200US49060,49060,323905.0
860Z200US49061,49061,80368.0
860Z200US49063,49063,
860Z200US49064,49064,70999.0
860Z200US49065,49065,84593.0
860Z200US49066,49066,77115.0
860Z200US49067,49067,85315.0
860Z200US49068,49068,105044.0
860Z200US49070,49070,91253.0
860Z200US49071,49071,119078.0
860Z200US49072,49072,88159.0
860Z200US49073,49073,76609.0
860Z200US49074,49074,23509.0
860Z200US49075,49075,86243.0
860Z200US49076,49076,83093.0
860Z200US49078,49078,95706.0
860Z200US49079,49079,87016.0
860Z200US49080,49080,88612.0
860Z200US49082,49082,84643.0
860Z200US49083,49083,158044.0
860Z200US49084,49084,45716.0
860Z200US49085,49085,122268.0
860Z200US49087,49087,111993.0
860Z200US49088,49088,125199.0
860Z200US49089,49089,73127.0
860Z200US49090,49090,92061.0
860Z200US49091,49091,80769.0
860Z200US49092,49092,87992.0
860Z200US49093,49093,77138.0
860Z200US49094,49094,86547.0
860Z200US49095,49095,137864.0
860Z200US49096,49096,92293.0
860Z200US49097,49097,96210.0
860Z200US49098,49098,73298.0
860Z200US49099,49099,79424.0
860Z200US49101,49101,99821.0
860Z200US49102,49102,92794.0
860Z200US49103,49103,87986.0
860Z200US49104,49104,
860Z200US49106,49106,91309.0
860Z200US49107,49107,79159.0
860Z200US49111,49111,77001.0
860Z200US49112,49112,89571.0
860Z200US49113,49113,69853.0
860Z200US49115,49115,59987.0
860Z200US49116,49116,132090.0
860Z200US49117,49117,112546.0
860Z200US49119,49119,75346.0
860Z200US49120,49120,87310.0
860Z200US49125,49125,113853.0
860Z200US49126,49126,78197.0
860Z200US49127,49127,122521.0
860Z200US49128,49128,100730.0
860Z200US49129,49129,142115.0
860Z200US49130,49130,136135.0
860Z200US49201,49201,89736.0
860Z200US49202,49202,61943.0
860Z200US49203,49203,70124.0
860Z200US49220,49220,82624.0
860Z200US49221,49221,73244.0
860Z200US49224,49224,66587.0
860Z200US49227,49227,72258.0
860Z200US49228,49228,93199.0
860Z200US49229,49229,98654.0
860Z200US49230,49230,117611.0
860Z200US49232,49232,67279.0
860Z200US49233,49233,105258.0
860Z200US49234,49234,151769.0
860Z200US49235,49235,81073.0
860Z200US49236,49236,90012.0
860Z200US49237,49237,83977.0
860Z200US49238,49238,83049.0
860Z200US49240,49240,114328.0
860Z200US49241,49241,87179.0
860Z200US49242,49242,77486.0
860Z200US49245,49245,74176.0
860Z200US49246,49246,101936.0
860Z200US49247,49247,76333.0
860Z200US49248,49248,76620.0
860Z200US49249,49249,112793.0
860Z200US49250,49250,75141.0
860Z200US49251,49251,92913.0
860Z200US49252,49252,64470.0
860Z200US49253,49253,101351.0
860Z200US49254,49254,101699.0
860Z200US49255,49255,65287.0
860Z200US49256,49256,74056.0
860Z200US49258,49258,
860Z200US49259,49259,93082.0
860Z200US49261,49261,180743.0
860Z200US49262,49262,77577.0
860Z200US49263,49263,
860Z200US49264,49264,99852.0
860Z200US49265,49265,98241.0
860Z200US49266,49266,74181.0
860Z200US49267,49267,139963.0
860Z200US49268,49268,98308.0
860Z200US49269,49269,102385.0
860Z200US49270,49270,114410.0
860Z200US49271,49271,70345.0
860Z200US49272,49272,103409.0
860Z200US49274,49274,73027.0
860Z200US49276,49276,95327.0
860Z200US49277,49277,97620.0
860Z200US49279,49279,76174.0
860Z200US49282,49282,47306.0
860Z200US49283,49283,105062.0
860Z200US49284,49284,74272.0
860Z200US49285,49285,96726.0
860Z200US49286,49286,92432.0
860Z200US49287,49287,108160.0
860Z200US49288,49288,62325.0
860Z200US49289,49289,73308.0
860Z200US49301,49301,237883.0
860Z200US49302,49302,143233.0
860Z200US49303,49303,82494.0
860Z200US49304,49304,51932.0
860Z200US49305,49305,65538.0
860Z200US49306,49306,144278.0
860Z200US49307,49307,71543.0
860Z200US49309,49309,66790.0
860Z200US49310,49310,73037.0
860Z200US49312,49312,49095.0
860Z200US49315,49315,143226.0
860Z200US49316,49316,126225.0
860Z200US49318,49318,88557.0
860Z200US49319,49319,105241.0
860Z200US49320,49320,66382.0
860Z200US49321,49321,90157.0
860Z200US49322,49322,77269.0
860Z200US49323,49323,107148.0
860Z200US49325,49325,103147.0
860Z200US49326,49326,86982.0
860Z200US49327,49327,80048.0
860Z200US49328,49328,89916.0
860Z200US49329,49329,84118.0
860Z200US49330,49330,91366.0
860Z200US49331,49331,105469.0
860Z200US49332,49332,66819.0
860Z200US49333,49333,110132.0
860Z200US49335,49335,100213.0
860Z200US49336,49336,68612.0
860Z200US49337,49337,80816.0
860Z200US49338,49338,72342.0
860Z200US49339,49339,102737.0
860Z200US49340,49340,71112.0
860Z200US49341,49341,133072.0
860Z200US49342,49342,69831.0
860Z200US49343,49343,95158.0
860Z200US49344,49344,84645.0
860Z200US49345,49345,103003.0
860Z200US49346,49346,79826.0
860Z200US49347,49347,88214.0
860Z200US49348,49348,93509.0
860Z200US49349,49349,68409.0
860Z200US49401,49401,87663.0
860Z200US49402,49402,72098.0
860Z200US49403,49403,103904.0
860Z200US49404,49404,93138.0
860Z200US49405,49405,78753.0
860Z200US49406,49406,154091.0
860Z200US49408,49408,100867.0
860Z200US49409,49409,79444.0
860Z200US49410,49410,69964.0
860Z200US49411,49411,75420.0
860Z200US49412,49412,77906.0
860Z200US49415,49415,109228.0
860Z200US49417,49417,101784.0
860Z200US49418,49418,106504.0
860Z200US49419,49419,107159.0
860Z200US49420,49420,73659.0
860Z200US49421,49421,67084.0
860Z200US49423,49423,99750.0
860Z200US49424,49424,111081.0
860Z200US49425,49425,79289.0
860Z200US49426,49426,127287.0
860Z200US49428,49428,106544.0
860Z200US49430,49430,
860Z200US49431,49431,82569.0
860Z200US49434,49434,388929.0
860Z200US49435,49435,118623.0
860Z200US49436,49436,75581.0
860Z200US49437,49437,98604.0
860Z200US49440,49440,73635.0
860Z200US49441,49441,82510.0
860Z200US49442,49442,63261.0
860Z200US49443,49443,
860Z200US49444,49444,72215.0
860Z200US49445,49445,100079.0
860Z200US49446,49446,80854.0
860Z200US49448,49448,96458.0
860Z200US49449,49449,101468.0
860Z200US49450,49450,61013.0
860Z200US49451,49451,85847.0
860Z200US49452,49452,67528.0
860Z200US49453,49453,134937.0
860Z200US49454,49454,74220.0
860Z200US49455,49455,85050.0
860Z200US49456,49456,118126.0
860Z200US49457,49457,89486.0
860Z200US49458,49458,85567.0
860Z200US49459,49459,65240.0
860Z200US49460,49460,134900.0
860Z200US49461,49461,101497.0
860Z200US49464,49464,120106.0
860Z200US49503,49503,76471.0
860Z200US49504,49504,82028.0
860Z200US49505,49505,81705.0
860Z200US49506,49506,148349.0
860Z200US49507,49507,72566.0
860Z200US49508,49508,84893.0
860Z200US49509,49509,79895.0
860Z200US49512,49512,91615.0
860Z200US49519,49519,90224.0
860Z200US49525,49525,122762.0
860Z200US49534,49534,99953.0
860Z200US49544,49544,90550.0
860Z200US49546,49546,139355.0
860Z200US49548,49548,73462.0
860Z200US49601,49601,85836.0
860Z200US49611,49611,83786.0
860Z200US49612,49612,114100.0
860Z200US49613,49613,129224.0
860Z200US49614,49614,84754.0
860Z200US49615,49615,98610.0
860Z200US49616,49616,73562.0
860Z200US49617,49617,97188.0
860Z200US49618,49618,65171.0
860Z200US49619,49619,68398.0
860Z200US49620,49620,81135.0
860Z200US49621,49621,107500.0
860Z200US49622,49622,92355.0
860Z200US49623,49623,61021.0
860Z200US49625,49625,55839.0
860Z200US49626,49626,64765.0
860Z200US49627,49627,90895.0
860Z200US49628,49628,159850.0
860Z200US49629,49629,92961.0
860Z200US49630,49630,157040.0
860Z200US49631,49631,62370.0
860Z200US49632,49632,60441.0
860Z200US49633,49633,88282.0
860Z200US49634,49634,66029.0
860Z200US49635,49635,112707.0
860Z200US49636,49636,204042.0
860Z200US49637,49637,82976.0
860Z200US49638,49638,63105.0
860Z200US49639,49639,78145.0
860Z200US49640,49640,100941.0
860Z200US49642,49642,44109.0
860Z200US49643,49643,94683.0
860Z200US49644,49644,72005.0
860Z200US49645,49645,58597.0
860Z200US49646,49646,67202.0
860Z200US49648,49648,117311.0
860Z200US49649,49649,90677.0
860Z200US49650,49650,101509.0
860Z200US49651,49651,81186.0
860Z200US49653,49653,122746.0
860Z200US49654,49654,155935.0
860Z200US49655,49655,81535.0
860Z200US49656,49656,68030.0
860Z200US49657,49657,82508.0
860Z200US49659,49659,70494.0
860Z200US49660,49660,86637.0
860Z200US49663,49663,70850.0
860Z200US49664,49664,124105.0
860Z200US49665,49665,69154.0
860Z200US49667,49667,52857.0
860Z200US49668,49668,67129.0
860Z200US49670,49670,134117.0
860Z200US49674,49674,113707.0
860Z200US49675,49675,88189.0
860Z200US49676,49676,91360.0
860Z200US49677,49677,75603.0
860Z200US49679,49679,78025.0
860Z200US49680,49680,73132.0
860Z200US49682,49682,120563.0
860Z200US49683,49683,71558.0
860Z200US49684,49684,113022.0
860Z200US49685,49685,97481.0
860Z200US49686,49686,102707.0
860Z200US49688,49688,79736.0
860Z200US49689,49689,75531.0
860Z200US49690,49690,127054.0
860Z200US49696,49696,107013.0
860Z200US49701,49701,57153.0
860Z200US49705,49705,82531.0
860Z200US49706,49706,82013.0
860Z200US49707,49707,70501.0
860Z200US49709,49709,61381.0
860Z200US49710,49710,74208.0
860Z200US49712,49712,100551.0
860Z200US49713,49713,96694.0
860Z200US49715,49715,80864.0
860Z200US49716,49716,98866.0
860Z200US49717,49717,
860Z200US49718,49718,64440.0
860Z200US49719,49719,96683.0
860Z200US49720,49720,108651.0
860Z200US49721,49721,79888.0
860Z200US49722,49722,85453.0
860Z200US49724,49724,88295.0
860Z200US49725,49725,69573.0
860Z200US49726,49726,78642.0
860Z200US49727,49727,90802.0
860Z200US49728,49728,62247.0
860Z200US49729,49729,85080.0
860Z200US49730,49730,90304.0
860Z200US49733,49733,73694.0
860Z200US49735,49735,83912.0
860Z200US49736,49736,60537.0
860Z200US49738,49738,69130.0
860Z200US49740,49740,121965.0
860Z200US49743,49743,69148.0
860Z200US49744,49744,81190.0
860Z200US49745,49745,62438.0
860Z200US49746,49746,60956.0
860Z200US49747,49747,82406.0
860Z200US49748,49748,55661.0
860Z200US49749,49749,88250.0
860Z200US49751,49751,97182.0
860Z200US49752,49752,236503.0
860Z200US49753,49753,83227.0
860Z200US49755,49755,74729.0
860Z200US49756,49756,62492.0
860Z200US49757,49757,130733.0
860Z200US49759,49759,66597.0
860Z200US49760,49760,55354.0
860Z200US49762,49762,64831.0
860Z200US49764,49764,
860Z200US49765,49765,68432.0
860Z200US49766,49766,86850.0
860Z200US49768,49768,68588.0
860Z200US49769,49769,71569.0
860Z200US49770,49770,112807.0
860Z200US49774,49774,98377.0
860Z200US49775,49775,132617.0
860Z200US49776,49776,64789.0
860Z200US49777,49777,113924.0
860Z200US49779,49779,68611.0
860Z200US49780,49780,81239.0
860Z200US49781,49781,70712.0
860Z200US49782,49782,94224.0
860Z200US49783,49783,71971.0
860Z200US49784,49784,
860Z200US49788,49788,60443.0
860Z200US49791,49791,83711.0
860Z200US49793,49793,49096.0
860Z200US49795,49795,72138.0
860Z200US49796,49796,158795.0
860Z200US49799,49799,64909.0
860Z200US49801,49801,81481.0
860Z200US49802,49802,72932.0
860Z200US49805,49805,70240.0
860Z200US49806,49806,80941.0
860Z200US49807,49807,84431.0
860Z200US49808,49808,59813.0
860Z200US49812,49812,66183.0
860Z200US49814,49814,89749.0
860Z200US49815,49815,75028.0
860Z200US49816,49816,79956.0
860Z200US49817,49817,91155.0
860Z200US49818,49818,78700.0
860Z200US49820,49820,73625.0
860Z200US49821,49821,82105.0
860Z200US49822,49822,59997.0
860Z200US49825,49825,98677.0
860Z200US49826,49826,41424.0
860Z200US49827,49827,54718.0
860Z200US49829,49829,65688.0
860Z200US49831,49831,81139.0
860Z200US49833,49833,61381.0
860Z200US49834,49834,74187.0
860Z200US49835,49835,74753.0
860Z200US49836,49836,81126.0
860Z200US49837,49837,97414.0
860Z200US49838,49838,55233.0
860Z200US49839,49839,74714.0
860Z200US49840,49840,99779.0
860Z200US49841,49841,72301.0
860Z200US49847,49847,72577.0
860Z200US49848,49848,55669.0
860Z200US49849,49849,76124.0
860Z200US49852,49852,109969.0
860Z200US49853,49853,71334.0
860Z200US49854,49854,73009.0
860Z200US49855,49855,82828.0
860Z200US49858,49858,68211.0
860Z200US49861,49861,78469.0
860Z200US49862,49862,69442.0
860Z200US49863,49863,71381.0
860Z200US49864,49864,48447.0
860Z200US49866,49866,87236.0
860Z200US49868,49868,69321.0
860Z200US49870,49870,73443.0
860Z200US49871,49871,66329.0
860Z200US49872,49872,51900.0
860Z200US49873,49873,77864.0
860Z200US49874,49874,71523.0
860Z200US49876,49876,72128.0
860Z200US49877,49877,74604.0
860Z200US49878,49878,75089.0
860Z200US49879,49879,63173.0
860Z200US49880,49880,67295.0
860Z200US49881,49881,87605.0
860Z200US49883,49883,56124.0
860Z200US49884,49884,51578.0
860Z200US49885,49885,86880.0
860Z200US49886,49886,84957.0
860Z200US49887,49887,69012.0
860Z200US49891,49891,63587.0
860Z200US49892,49892,95574.0
860Z200US49893,49893,81629.0
860Z200US49894,49894,86018.0
860Z200US49895,49895,84379.0
860Z200US49896,49896,80006.0
860Z200US49901,49901,56544.0
860Z200US49902,49902,45594.0
860Z200US49903,49903,44669.0
860Z200US49905,49905,91295.0
860Z200US49908,49908,68827.0
860Z200US49910,49910,63833.0
860Z200US49911,49911,64718.0
860Z200US49912,49912,80552.0
860Z200US49913,49913,62758.0
860Z200US49915,49915,54609.0
860Z200US49916,49916,97491.0
860Z200US49917,49917,57924.0
860Z200US49918,49918,77345.0
860Z200US49919,49919,50038.0
860Z200US49920,49920,76189.0
860Z200US49921,49921,93162.0
860Z200US49922,49922,107158.0
860Z200US49925,49925,63697.0
860Z200US49927,49927,64303.0
860Z200US49929,49929,52345.0
860Z200US49930,49930,89942.0
860Z200US49931,49931,74985.0
860Z200US49934,49934,56515.0
860Z200US49935,49935,65288.0
860Z200US49938,49938,66852.0
860Z200US49942,49942,90527.0
860Z200US49945,49945,71164.0
860Z200US49946,49946,72906.0
860Z200US49947,49947,56528.0
860Z200US49948,49948,78754.0
860Z200US49950,49950,92316.0
860Z200US49952,49952,129217.0
860Z200US49953,49953,62795.0
860Z200US49955,49955,85895.0
860Z200US49958,49958,55298.0
860Z200US49959,49959,46508.0
860Z200US49960,49960,50941.0
860Z200US49961,49961,58632.0
860Z200US49962,49962,77512.0
860Z200US49963,49963,68780.0
860Z200US49965,49965,112762.0
860Z200US49967,49967,59851.0
860Z200US49968,49968,70917.0
860Z200US49969,49969,84242.0
860Z200US49970,49970,88826.0
860Z200US49971,49971,50116.0
860Z200US50001,50001,135177.0
860Z200US50002,50002,116767.0
860Z200US50003,50003,143069.0
860Z200US50005,50005,68582.0
860Z200US50006,50006,78548.0
860Z200US50007,50007,139556.0
860Z200US50008,50008,89737.0
860Z200US50009,50009,110305.0
860Z200US50010,50010,86789.0
860Z200US50012,50012,
860Z200US50013,50013,
860Z200US50014,50014,89144.0
860Z200US50020,50020,82864.0
860Z200US50021,50021,126601.0
860Z200US50022,50022,85031.0
860Z200US50023,50023,122243.0
860Z200US50025,50025,76348.0
860Z200US50026,50026,116021.0
860Z200US50027,50027,50360.0
860Z200US50028,50028,95501.0
860Z200US50029,50029,55156.0
860Z200US50031,50031,71650.0
860Z200US50032,50032,40667.0
860Z200US50033,50033,66929.0
860Z200US50034,50034,82832.0
860Z200US50035,50035,129370.0
860Z200US50036,50036,92996.0
860Z200US50038,50038,89421.0
860Z200US50039,50039,107604.0
860Z200US50040,50040,58864.0
860Z200US50041,50041,
860Z200US50042,50042,63470.0
860Z200US50044,50044,78041.0
860Z200US50046,50046,108664.0
860Z200US50047,50047,109608.0
860Z200US50048,50048,85329.0
860Z200US50049,50049,78002.0
860Z200US50050,50050,78330.0
860Z200US50051,50051,75206.0
860Z200US50052,50052,95168.0
860Z200US50054,50054,100535.0
860Z200US50055,50055,140290.0
860Z200US50056,50056,96310.0
860Z200US50057,50057,66993.0
860Z200US50058,50058,86192.0
860Z200US50060,50060,80678.0
860Z200US50061,50061,175415.0
860Z200US50062,50062,75104.0
860Z200US50063,50063,116312.0
860Z200US50064,50064,112914.0
860Z200US50065,50065,81081.0
860Z200US50066,50066,82479.0
860Z200US50067,50067,52244.0
860Z200US50068,50068,68304.0
860Z200US50069,50069,97075.0
860Z200US50070,50070,111302.0
860Z200US50071,50071,89236.0
860Z200US50072,50072,115735.0
860Z200US50073,50073,132215.0
860Z200US50074,50074,135153.0
860Z200US50075,50075,98465.0
860Z200US50076,50076,69650.0
860Z200US50078,50078,53896.0
860Z200US50101,50101,123363.0
860Z200US50102,50102,49789.0
860Z200US50103,50103,70209.0
860Z200US50104,50104,64178.0
860Z200US50105,50105,129424.0
860Z200US50106,50106,119333.0
860Z200US50107,50107,75121.0
860Z200US50108,50108,43865.0
860Z200US50109,50109,167577.0
860Z200US50110,50110,76941.0
860Z200US50111,50111,117931.0
860Z200US50112,50112,92618.0
860Z200US50115,50115,87088.0
860Z200US50116,50116,72291.0
860Z200US50117,50117,88207.0
860Z200US50118,50118,92529.0
860Z200US50119,50119,74539.0
860Z200US50120,50120,111856.0
860Z200US50122,50122,96423.0
860Z200US50123,50123,95100.0
860Z200US50124,50124,134326.0
860Z200US50125,50125,103397.0
860Z200US50126,50126,72049.0
860Z200US50127,50127,
860Z200US50128,50128,65863.0
860Z200US50129,50129,77059.0
860Z200US50130,50130,95071.0
860Z200US50131,50131,142323.0
860Z200US50132,50132,124081.0
860Z200US50133,50133,81171.0
860Z200US50134,50134,132680.0
860Z200US50135,50135,85022.0
860Z200US50136,50136,84840.0
860Z200US50137,50137,96424.0
860Z200US50138,50138,96089.0
860Z200US50139,50139,83711.0
860Z200US50140,50140,67312.0
860Z200US50141,50141,82371.0
860Z200US50142,50142,76402.0
860Z200US50143,50143,107441.0
860Z200US50144,50144,76324.0
860Z200US50145,50145,89236.0
860Z200US50146,50146,89302.0
860Z200US50147,50147,63494.0
860Z200US50148,50148,81219.0
860Z200US50149,50149,81661.0
860Z200US50150,50150,73012.0
860Z200US50151,50151,84088.0
860Z200US50152,50152,88455.0
860Z200US50153,50153,103031.0
860Z200US50154,50154,88363.0
860Z200US50155,50155,74529.0
860Z200US50156,50156,114109.0
860Z200US50157,50157,83955.0
860Z200US50158,50158,82584.0
860Z200US50160,50160,64745.0
860Z200US50161,50161,125204.0
860Z200US50162,50162,90639.0
860Z200US50163,50163,75065.0
860Z200US50164,50164,80059.0
860Z200US50165,50165,94863.0
860Z200US50166,50166,114910.0
860Z200US50167,50167,92391.0
860Z200US50168,50168,148384.0
860Z200US50169,50169,91553.0
860Z200US50170,50170,95386.0
860Z200US50171,50171,74172.0
860Z200US50173,50173,94338.0
860Z200US50174,50174,83475.0
860Z200US50201,50201,115070.0
860Z200US50206,50206,87610.0
860Z200US50207,50207,90143.0
860Z200US50208,50208,80819.0
860Z200US50210,50210,105644.0
860Z200US50211,50211,119445.0
860Z200US50212,50212,99548.0
860Z200US50213,50213,86151.0
860Z200US50214,50214,111933.0
860Z200US50216,50216,117655.0
860Z200US50217,50217,74015.0
860Z200US50218,50218,78967.0
860Z200US50219,50219,110685.0
860Z200US50220,50220,84809.0
860Z200US50222,50222,112625.0
860Z200US50223,50223,54045.0
860Z200US50225,50225,83376.0
860Z200US50226,50226,176959.0
860Z200US50227,50227,45888.0
860Z200US50228,50228,107039.0
860Z200US50229,50229,125598.0
860Z200US50230,50230,84017.0
860Z200US50231,50231,81774.0
860Z200US50232,50232,188524.0
860Z200US50233,50233,80590.0
860Z200US50234,50234,112974.0
860Z200US50235,50235,103070.0
860Z200US50236,50236,103252.0
860Z200US50237,50237,115214.0
860Z200US50238,50238,88107.0
860Z200US50239,50239,118652.0
860Z200US50240,50240,130020.0
860Z200US50241,50241,98094.0
860Z200US50242,50242,82395.0
860Z200US50243,50243,67677.0
860Z200US50244,50244,118606.0
860Z200US50246,50246,95345.0
860Z200US50247,50247,96482.0
860Z200US50248,50248,110690.0
860Z200US50249,50249,69791.0
860Z200US50250,50250,87426.0
860Z200US50251,50251,109815.0
860Z200US50252,50252,102753.0
860Z200US50254,50254,84007.0
860Z200US50255,50255,47530.0
860Z200US50256,50256,159163.0
860Z200US50257,50257,107076.0
860Z200US50258,50258,87680.0
860Z200US50261,50261,162779.0
860Z200US50262,50262,70423.0
860Z200US50263,50263,136279.0
860Z200US50264,50264,62323.0
860Z200US50265,50265,121210.0
860Z200US50266,50266,121449.0
860Z200US50268,50268,59665.0
860Z200US50269,50269,74213.0
860Z200US50271,50271,131562.0
860Z200US50272,50272,59138.0
860Z200US50273,50273,90074.0
860Z200US50274,50274,74851.0
860Z200US50275,50275,92833.0
860Z200US50276,50276,94367.0
860Z200US50277,50277,92990.0
860Z200US50278,50278,79953.0
860Z200US50309,50309,81801.0
860Z200US50310,50310,87927.0
860Z200US50311,50311,79976.0
860Z200US50312,50312,132204.0
860Z200US50313,50313,73374.0
860Z200US50314,50314,55445.0
860Z200US50315,50315,75488.0
860Z200US50316,50316,65844.0
860Z200US50317,50317,74105.0
860Z200US50319,50319,
860Z200US50320,50320,99713.0
860Z200US50321,50321,105257.0
860Z200US50322,50322,107195.0
860Z200US50323,50323,202398.0
860Z200US50324,50324,110963.0
860Z200US50325,50325,156724.0
860Z200US50327,50327,115652.0
860Z200US50401,50401,80571.0
860Z200US50420,50420,78114.0
860Z200US50421,50421,90337.0
860Z200US50423,50423,88572.0
860Z200US50424,50424,79146.0
860Z200US50426,50426,78676.0
860Z200US50427,50427,61657.0
860Z200US50428,50428,120397.0
860Z200US50430,50430,71430.0
860Z200US50431,50431,63184.0
860Z200US50432,50432,74396.0
860Z200US50433,50433,54205.0
860Z200US50434,50434,56862.0
860Z200US50435,50435,73260.0
860Z200US50436,50436,97202.0
860Z200US50438,50438,87414.0
860Z200US50439,50439,78238.0
860Z200US50440,50440,71481.0
860Z200US50441,50441,77688.0
860Z200US50444,50444,91319.0
860Z200US50446,50446,110436.0
860Z200US50447,50447,80184.0
860Z200US50448,50448,79690.0
860Z200US50449,50449,67818.0
860Z200US50450,50450,85356.0
860Z200US50451,50451,88798.0
860Z200US50452,50452,65802.0
860Z200US50453,50453,86144.0
860Z200US50454,50454,57528.0
860Z200US50455,50455,76008.0
860Z200US50456,50456,86944.0
860Z200US50457,50457,69328.0
860Z200US50458,50458,103975.0
860Z200US50459,50459,89095.0
860Z200US50460,50460,79041.0
860Z200US50461,50461,87653.0
860Z200US50464,50464,87831.0
860Z200US50465,50465,65021.0
860Z200US50466,50466,83698.0
860Z200US50467,50467,64776.0
860Z200US50468,50468,107808.0
860Z200US50469,50469,88242.0
860Z200US50470,50470,77293.0
860Z200US50471,50471,102434.0
860Z200US50472,50472,106113.0
860Z200US50473,50473,83239.0
860Z200US50475,50475,83620.0
860Z200US50476,50476,82203.0
860Z200US50477,50477,56059.0
860Z200US50478,50478,68216.0
860Z200US50479,50479,95373.0
860Z200US50480,50480,77648.0
860Z200US50482,50482,97152.0
860Z200US50483,50483,93191.0
860Z200US50484,50484,87469.0
860Z200US50501,50501,80278.0
860Z200US50510,50510,112170.0
860Z200US50511,50511,83091.0
860Z200US50514,50514,77270.0
860Z200US50515,50515,79449.0
860Z200US50516,50516,81409.0
860Z200US50517,50517,91049.0
860Z200US50518,50518,104869.0
860Z200US50519,50519,105107.0
860Z200US50520,50520,80350.0
860Z200US50521,50521,
860Z200US50522,50522,74294.0
860Z200US50523,50523,92277.0
860Z200US50524,50524,114311.0
860Z200US50525,50525,87923.0
860Z200US50527,50527,78519.0
860Z200US50528,50528,154910.0
860Z200US50529,50529,81441.0
860Z200US50530,50530,94497.0
860Z200US50531,50531,96943.0
860Z200US50532,50532,76149.0
860Z200US50533,50533,79998.0
860Z200US50535,50535,92419.0
860Z200US50536,50536,77421.0
860Z200US50538,50538,70444.0
860Z200US50539,50539,84248.0
860Z200US50540,50540,91410.0
860Z200US50541,50541,73085.0
860Z200US50542,50542,85386.0
860Z200US50543,50543,110851.0
860Z200US50544,50544,66902.0
860Z200US50545,50545,54483.0
860Z200US50546,50546,93833.0
860Z200US50548,50548,87080.0
860Z200US50551,50551,22257.0
860Z200US50552,50552,92742.0
860Z200US50554,50554,82133.0
860Z200US50556,50556,73782.0
860Z200US50557,50557,98594.0
860Z200US50558,50558,80275.0
860Z200US50559,50559,61705.0
860Z200US50560,50560,80530.0
860Z200US50561,50561,70675.0
860Z200US50562,50562,79794.0
860Z200US50563,50563,89949.0
860Z200US50565,50565,79559.0
860Z200US50566,50566,104542.0
860Z200US50567,50567,66754.0
860Z200US50568,50568,80998.0
860Z200US50569,50569,70851.0
860Z200US50570,50570,106573.0
860Z200US50571,50571,91536.0
860Z200US50573,50573,46688.0
860Z200US50574,50574,79437.0
860Z200US50575,50575,62628.0
860Z200US50576,50576,91084.0
860Z200US50577,50577,78687.0
860Z200US50578,50578,101321.0
860Z200US50579,50579,85784.0
860Z200US50581,50581,65129.0
860Z200US50582,50582,112367.0
860Z200US50583,50583,80521.0
860Z200US50585,50585,81514.0
860Z200US50586,50586,61797.0
860Z200US50588,50588,89135.0
860Z200US50590,50590,89353.0
860Z200US50591,50591,83331.0
860Z200US50592,50592,65861.0
860Z200US50593,50593,53239.0
860Z200US50594,50594,77480.0
860Z200US50595,50595,82729.0
860Z200US50597,50597,108760.0
860Z200US50598,50598,86244.0
860Z200US50599,50599,114345.0
860Z200US50601,50601,74888.0
860Z200US50602,50602,78163.0
860Z200US50603,50603,74156.0
860Z200US50604,50604,73693.0
860Z200US50605,50605,48891.0
860Z200US50606,50606,64086.0
860Z200US50607,50607,74898.0
860Z200US50608,50608,79956.0
860Z200US50609,50609,104902.0
860Z200US50611,50611,75195.0
860Z200US50612,50612,66841.0
860Z200US50613,50613,105596.0
860Z200US50616,50616,76499.0
860Z200US50619,50619,80856.0
860Z200US50620,50620,136591.0
860Z200US50621,50621,102287.0
860Z200US50622,50622,110398.0
860Z200US50623,50623,97207.0
860Z200US50624,50624,120364.0
860Z200US50625,50625,70861.0
860Z200US50626,50626,92398.0
860Z200US50627,50627,78699.0
860Z200US50628,50628,71055.0
860Z200US50629,50629,104012.0
860Z200US50630,50630,83961.0
860Z200US50631,50631,56847.0
860Z200US50632,50632,81347.0
860Z200US50633,50633,67415.0
860Z200US50634,50634,89676.0
860Z200US50635,50635,98753.0
860Z200US50636,50636,82971.0
860Z200US50638,50638,88439.0
860Z200US50641,50641,81670.0
860Z200US50642,50642,124080.0
860Z200US50643,50643,128868.0
860Z200US50644,50644,95731.0
860Z200US50645,50645,67382.0
860Z200US50647,50647,107620.0
860Z200US50648,50648,107335.0
860Z200US50649,50649,
860Z200US50650,50650,68820.0
860Z200US50651,50651,94461.0
860Z200US50652,50652,68914.0
860Z200US50653,50653,85282.0
860Z200US50654,50654,98480.0
860Z200US50655,50655,77537.0
860Z200US50657,50657,80157.0
860Z200US50658,50658,90737.0
860Z200US50659,50659,94273.0
860Z200US50660,50660,84334.0
860Z200US50662,50662,67031.0
860Z200US50664,50664,106922.0
860Z200US50665,50665,89583.0
860Z200US50666,50666,79410.0
860Z200US50667,50667,85173.0
860Z200US50668,50668,95920.0
860Z200US50669,50669,93000.0
860Z200US50670,50670,103580.0
860Z200US50671,50671,68526.0
860Z200US50672,50672,76723.0
860Z200US50673,50673,85163.0
860Z200US50674,50674,80203.0
860Z200US50675,50675,100700.0
860Z200US50676,50676,96852.0
860Z200US50677,50677,110556.0
860Z200US50680,50680,79880.0
860Z200US50681,50681,105062.0
860Z200US50682,50682,98967.0
860Z200US50701,50701,91760.0
860Z200US50702,50702,75375.0
860Z200US50703,50703,61617.0
860Z200US50707,50707,75743.0
860Z200US50801,50801,72878.0
860Z200US50830,50830,83391.0
860Z200US50831,50831,85200.0
860Z200US50833,50833,72623.0
860Z200US50835,50835,50745.0
860Z200US50836,50836,117802.0
860Z200US50837,50837,81389.0
860Z200US50839,50839,42343.0
860Z200US50840,50840,100511.0
860Z200US50841,50841,99705.0
860Z200US50842,50842,73195.0
860Z200US50843,50843,56633.0
860Z200US50845,50845,77162.0
860Z200US50846,50846,101785.0
860Z200US50847,50847,72200.0
860Z200US50848,50848,84636.0
860Z200US50849,50849,79298.0
860Z200US50851,50851,84884.0
860Z200US50853,50853,88795.0
860Z200US50854,50854,85688.0
860Z200US50857,50857,83068.0
860Z200US50858,50858,99522.0
860Z200US50859,50859,101874.0
860Z200US50860,50860,43872.0
860Z200US50861,50861,105925.0
860Z200US50862,50862,91872.0
860Z200US50863,50863,181439.0
860Z200US50864,50864,75562.0
860Z200US51001,51001,88181.0
860Z200US51002,51002,88880.0
860Z200US51003,51003,111251.0
860Z200US51004,51004,72819.0
860Z200US51005,51005,78956.0
860Z200US51006,51006,80077.0
860Z200US51007,51007,147020.0
860Z200US51008,51008,78743.0
860Z200US51009,51009,96635.0
860Z200US51010,51010,84737.0
860Z200US51011,51011,53302.0
860Z200US51012,51012,79450.0
860Z200US51014,51014,84785.0
860Z200US51015,51015,74308.0
860Z200US51016,51016,68299.0
860Z200US51018,51018,91034.0
860Z200US51019,51019,70187.0
860Z200US51020,51020,85937.0
860Z200US51022,51022,93853.0
860Z200US51023,51023,100750.0
860Z200US51024,51024,115298.0
860Z200US51025,51025,84869.0
860Z200US51026,51026,91362.0
860Z200US51027,51027,108466.0
860Z200US51028,51028,103733.0
860Z200US51029,51029,87687.0
860Z200US51030,51030,100083.0
860Z200US51031,51031,93109.0
860Z200US51033,51033,83360.0
860Z200US51034,51034,81490.0
860Z200US51035,51035,98439.0
860Z200US51036,51036,118716.0
860Z200US51037,51037,67911.0
860Z200US51038,51038,100567.0
860Z200US51039,51039,126389.0
860Z200US51040,51040,73199.0
860Z200US51041,51041,100382.0
860Z200US51044,51044,133450.0
860Z200US51045,51045,115754.0
860Z200US51046,51046,95996.0
860Z200US51047,51047,148643.0
860Z200US51048,51048,78898.0
860Z200US51049,51049,62753.0
860Z200US51050,51050,122197.0
860Z200US51051,51051,67348.0
860Z200US51052,51052,95820.0
860Z200US51053,51053,95148.0
860Z200US51054,51054,134679.0
860Z200US51055,51055,84914.0
860Z200US51056,51056,95819.0
860Z200US51058,51058,81088.0
860Z200US51060,51060,67483.0
860Z200US51061,51061,87525.0
860Z200US51062,51062,71596.0
860Z200US51063,51063,86198.0
860Z200US51101,51101,30890.0
860Z200US51103,51103,73708.0
860Z200US51104,51104,93023.0
860Z200US51105,51105,61805.0
860Z200US51106,51106,94014.0
860Z200US51108,51108,109931.0
860Z200US51109,51109,86148.0
860Z200US51111,51111,48337.0
860Z200US51201,51201,79456.0
860Z200US51230,51230,73606.0
860Z200US51231,51231,92128.0
860Z200US51232,51232,83109.0
860Z200US51234,51234,104538.0
860Z200US51235,51235,97255.0
860Z200US51237,51237,83029.0
860Z200US51238,51238,95402.0
860Z200US51239,51239,118779.0
860Z200US51240,51240,92125.0
860Z200US51241,51241,103652.0
860Z200US51242,51242,108444.0
860Z200US51243,51243,91361.0
860Z200US51244,51244,127925.0
860Z200US51245,51245,88116.0
860Z200US51246,51246,85554.0
860Z200US51247,51247,95049.0
860Z200US51248,51248,75907.0
860Z200US51249,51249,84253.0
860Z200US51250,51250,107390.0
860Z200US51301,51301,80090.0
860Z200US51331,51331,109911.0
860Z200US51333,51333,124382.0
860Z200US51334,51334,74245.0
860Z200US51338,51338,74394.0
860Z200US51340,51340,87124.0
860Z200US51341,51341,102727.0
860Z200US51342,51342,80204.0
860Z200US51343,51343,100261.0
860Z200US51345,51345,81611.0
860Z200US51346,51346,75673.0
860Z200US51347,51347,93632.0
860Z200US51350,51350,86341.0
860Z200US51351,51351,105296.0
860Z200US51354,51354,87789.0
860Z200US51355,51355,104488.0
860Z200US51357,51357,92389.0
860Z200US51358,51358,78436.0
860Z200US51360,51360,95506.0
860Z200US51363,51363,66049.0
860Z200US51364,51364,101080.0
860Z200US51365,51365,102099.0
860Z200US51366,51366,109423.0
860Z200US51401,51401,84036.0
860Z200US51430,51430,83169.0
860Z200US51431,51431,67156.0
860Z200US51432,51432,70463.0
860Z200US51433,51433,74351.0
860Z200US51436,51436,75356.0
860Z200US51439,51439,68870.0
860Z200US51440,51440,80269.0
860Z200US51441,51441,70362.0
860Z200US51442,51442,81707.0
860Z200US51443,51443,102397.0
860Z200US51444,51444,91087.0
860Z200US51445,51445,81816.0
860Z200US51446,51446,105089.0
860Z200US51447,51447,95211.0
860Z200US51448,51448,75174.0
860Z200US51449,51449,93014.0
860Z200US51450,51450,106012.0
860Z200US51451,51451,46965.0
860Z200US51452,51452,68735.0
860Z200US51453,51453,119570.0
860Z200US51454,51454,124415.0
860Z200US51455,51455,94429.0
860Z200US51458,51458,98755.0
860Z200US51459,51459,71212.0
860Z200US51460,51460,57255.0
860Z200US51461,51461,95674.0
860Z200US51462,51462,94725.0
860Z200US51463,51463,75583.0
860Z200US51465,51465,81803.0
860Z200US51466,51466,98476.0
860Z200US51467,51467,85022.0
860Z200US51501,51501,74400.0
860Z200US51503,51503,98341.0
860Z200US51510,51510,91875.0
860Z200US51520,51520,53644.0
860Z200US51521,51521,90795.0
860Z200US51523,51523,93534.0
860Z200US51525,51525,94776.0
860Z200US51526,51526,134879.0
860Z200US51527,51527,94552.0
860Z200US51528,51528,96421.0
860Z200US51529,51529,90730.0
860Z200US51530,51530,88680.0
860Z200US51531,51531,82811.0
860Z200US51532,51532,79031.0
860Z200US51533,51533,79451.0
860Z200US51534,51534,105690.0
860Z200US51535,51535,102151.0
860Z200US51536,51536,112023.0
860Z200US51537,51537,87384.0
860Z200US51540,51540,118751.0
860Z200US51541,51541,100516.0
860Z200US51542,51542,129001.0
860Z200US51543,51543,66173.0
860Z200US51544,51544,68776.0
860Z200US51545,51545,64217.0
860Z200US51546,51546,115494.0
860Z200US51548,51548,127211.0
860Z200US51549,51549,77303.0
860Z200US51550,51550,87385.0
860Z200US51551,51551,123260.0
860Z200US51552,51552,71614.0
860Z200US51553,51553,108914.0
860Z200US51554,51554,97736.0
860Z200US51555,51555,93433.0
860Z200US51556,51556,77802.0
860Z200US51557,51557,99114.0
860Z200US51558,51558,90600.0
860Z200US51559,51559,92611.0
860Z200US51560,51560,86542.0
860Z200US51561,51561,146388.0
860Z200US51562,51562,82970.0
860Z200US51563,51563,107954.0
860Z200US51564,51564,81320.0
860Z200US51565,51565,89200.0
860Z200US51566,51566,84852.0
860Z200US51570,51570,95770.0
860Z200US51571,51571,122257.0
860Z200US51572,51572,74386.0
860Z200US51573,51573,86728.0
860Z200US51575,51575,122819.0
860Z200US51576,51576,123005.0
860Z200US51577,51577,84973.0
860Z200US51578,51578,127200.0
860Z200US51579,51579,92158.0
860Z200US51601,51601,74431.0
860Z200US51630,51630,78042.0
860Z200US51631,51631,61494.0
860Z200US51632,51632,72085.0
860Z200US51636,51636,76236.0
860Z200US51637,51637,60741.0
860Z200US51638,51638,79187.0
860Z200US51639,51639,98520.0
860Z200US51640,51640,76285.0
860Z200US51645,51645,162439.0
860Z200US51646,51646,81517.0
860Z200US51647,51647,73431.0
860Z200US51648,51648,93746.0
860Z200US51649,51649,123376.0
860Z200US51650,51650,71957.0
860Z200US51651,51651,75246.0
860Z200US51652,51652,112877.0
860Z200US51653,51653,103910.0
860Z200US51654,51654,79676.0
860Z200US51656,51656,47833.0
860Z200US52001,52001,84396.0
860Z200US52002,52002,109518.0
860Z200US52003,52003,123708.0
860Z200US52030,52030,81779.0
860Z200US52031,52031,106426.0
860Z200US52032,52032,83987.0
860Z200US52033,52033,96543.0
860Z200US52035,52035,77977.0
860Z200US52036,52036,76180.0
860Z200US52037,52037,91030.0
860Z200US52038,52038,87085.0
860Z200US52039,52039,106654.0
860Z200US52040,52040,97065.0
860Z200US52041,52041,98100.0
860Z200US52042,52042,119873.0
860Z200US52043,52043,78065.0
860Z200US52044,52044,69772.0
860Z200US52045,52045,88253.0
860Z200US52046,52046,109743.0
860Z200US52047,52047,65271.0
860Z200US52048,52048,65489.0
860Z200US52049,52049,82926.0
860Z200US52050,52050,95702.0
860Z200US52052,52052,83364.0
860Z200US52053,52053,105688.0
860Z200US52054,52054,109925.0
860Z200US52056,52056,87658.0
860Z200US52057,52057,92319.0
860Z200US52060,52060,81575.0
860Z200US52064,52064,107930.0
860Z200US52065,52065,98979.0
860Z200US52066,52066,74444.0
860Z200US52068,52068,132975.0
860Z200US52069,52069,82755.0
860Z200US52070,52070,75088.0
860Z200US52071,52071,51357.0
860Z200US52072,52072,71452.0
860Z200US52073,52073,86517.0
860Z200US52074,52074,104347.0
860Z200US52075,52075,71728.0
860Z200US52076,52076,78146.0
860Z200US52077,52077,69940.0
860Z200US52078,52078,93238.0
860Z200US52079,52079,165995.0
860Z200US52101,52101,100217.0
860Z200US52132,52132,103039.0
860Z200US52133,52133,80511.0
860Z200US52134,52134,95033.0
860Z200US52135,52135,81699.0
860Z200US52136,52136,87256.0
860Z200US52140,52140,146803.0
860Z200US52141,52141,83064.0
860Z200US52142,52142,71168.0
860Z200US52144,52144,90576.0
860Z200US52146,52146,71433.0
860Z200US52147,52147,91089.0
860Z200US52151,52151,80795.0
860Z200US52154,52154,71237.0
860Z200US52155,52155,81038.0
860Z200US52156,52156,106061.0
860Z200US52157,52157,77793.0
860Z200US52158,52158,57025.0
860Z200US52159,52159,89533.0
860Z200US52160,52160,119608.0
860Z200US52161,52161,100246.0
860Z200US52162,52162,76299.0
860Z200US52163,52163,68400.0
860Z200US52164,52164,68985.0
860Z200US52165,52165,103622.0
860Z200US52166,52166,81179.0
860Z200US52168,52168,55228.0
860Z200US52169,52169,67093.0
860Z200US52170,52170,93348.0
860Z200US52171,52171,97984.0
860Z200US52172,52172,77398.0
860Z200US52175,52175,73770.0
860Z200US52201,52201,116172.0
860Z200US52202,52202,101623.0
860Z200US52203,52203,124001.0
860Z200US52205,52205,86601.0
860Z200US52206,52206,131212.0
860Z200US52207,52207,57695.0
860Z200US52208,52208,85725.0
860Z200US52209,52209,89513.0
860Z200US52210,52210,74987.0
860Z200US52211,52211,85630.0
860Z200US52212,52212,84180.0
860Z200US52213,52213,108481.0
860Z200US52214,52214,108594.0
860Z200US52215,52215,69744.0
860Z200US52216,52216,73723.0
860Z200US52217,52217,95045.0
860Z200US52218,52218,102278.0
860Z200US52219,52219,100242.0
860Z200US52220,52220,97798.0
860Z200US52221,52221,107689.0
860Z200US52222,52222,84019.0
860Z200US52223,52223,100106.0
860Z200US52224,52224,101847.0
860Z200US52225,52225,72376.0
860Z200US52227,52227,122784.0
860Z200US52228,52228,171886.0
860Z200US52229,52229,93193.0
860Z200US52231,52231,89607.0
860Z200US52232,52232,89998.0
860Z200US52233,52233,92286.0
860Z200US52235,52235,86731.0
860Z200US52236,52236,158924.0
860Z200US52237,52237,98246.0
860Z200US52240,52240,84001.0
860Z200US52241,52241,108534.0
860Z200US52242,52242,
860Z200US52245,52245,99535.0
860Z200US52246,52246,106801.0
860Z200US52247,52247,107071.0
860Z200US52248,52248,93027.0
860Z200US52249,52249,96766.0
860Z200US52251,52251,82017.0
860Z200US52252,52252,110882.0
860Z200US52253,52253,116490.0
860Z200US52254,52254,74851.0
860Z200US52255,52255,81183.0
860Z200US52257,52257,122423.0
860Z200US52301,52301,78911.0
860Z200US52302,52302,106586.0
860Z200US52305,52305,114829.0
860Z200US52306,52306,74719.0
860Z200US52307,52307,37400.0
860Z200US52308,52308,80931.0
860Z200US52309,52309,87461.0
860Z200US52310,52310,90964.0
860Z200US52312,52312,60891.0
860Z200US52313,52313,98488.0
860Z200US52314,52314,121053.0
860Z200US52315,52315,97493.0
860Z200US52316,52316,68994.0
860Z200US52317,52317,141639.0
860Z200US52318,52318,112038.0
860Z200US52320,52320,77341.0
860Z200US52321,52321,71723.0
860Z200US52322,52322,83333.0
860Z200US52323,52323,62143.0
860Z200US52324,52324,128842.0
860Z200US52325,52325,92810.0
860Z200US52326,52326,82842.0
860Z200US52327,52327,99287.0
860Z200US52328,52328,156634.0
860Z200US52329,52329,73346.0
860Z200US52330,52330,135988.0
860Z200US52332,52332,95945.0
860Z200US52333,52333,135571.0
860Z200US52334,52334,111609.0
860Z200US52335,52335,101914.0
860Z200US52336,52336,104394.0
860Z200US52337,52337,86628.0
860Z200US52338,52338,165904.0
860Z200US52339,52339,71450.0
860Z200US52340,52340,152866.0
860Z200US52341,52341,94479.0
860Z200US52342,52342,71556.0
860Z200US52344,52344,45536.0
860Z200US52345,52345,119047.0
860Z200US52346,52346,113184.0
860Z200US52347,52347,101954.0
860Z200US52348,52348,71408.0
860Z200US52349,52349,91700.0
860Z200US52351,52351,123925.0
860Z200US52352,52352,92002.0
860Z200US52353,52353,86020.0
860Z200US52354,52354,97022.0
860Z200US52355,52355,101548.0
860Z200US52356,52356,75983.0
860Z200US52358,52358,99469.0
860Z200US52359,52359,70909.0
860Z200US52361,52361,95155.0
860Z200US52362,52362,80033.0
860Z200US52401,52401,62294.0
860Z200US52402,52402,90480.0
860Z200US52403,52403,112011.0
860Z200US52404,52404,78053.0
860Z200US52405,52405,85743.0
860Z200US52411,52411,249965.0
860Z200US52501,52501,78371.0
860Z200US52530,52530,91294.0
860Z200US52531,52531,85374.0
860Z200US52533,52533,70133.0
860Z200US52534,52534,92031.0
860Z200US52535,52535,80298.0
860Z200US52536,52536,67839.0
860Z200US52537,52537,94413.0
860Z200US52540,52540,84804.0
860Z200US52542,52542,86253.0
860Z200US52543,52543,88065.0
860Z200US52544,52544,61241.0
860Z200US52548,52548,68260.0
860Z200US52549,52549,63638.0
860Z200US52550,52550,67785.0
860Z200US52551,52551,74418.0
860Z200US52552,52552,107981.0
860Z200US52553,52553,126336.0
860Z200US52554,52554,64772.0
860Z200US52555,52555,45824.0
860Z200US52556,52556,80299.0
860Z200US52557,52557,
860Z200US52560,52560,125882.0
860Z200US52561,52561,73486.0
860Z200US52562,52562,56888.0
860Z200US52563,52563,93738.0
860Z200US52565,52565,91499.0
860Z200US52566,52566,77654.0
860Z200US52567,52567,82016.0
860Z200US52568,52568,39831.0
860Z200US52569,52569,113461.0
860Z200US52570,52570,78958.0
860Z200US52571,52571,111326.0
860Z200US52572,52572,71475.0
860Z200US52573,52573,41886.0
860Z200US52574,52574,70481.0
860Z200US52576,52576,87896.0
860Z200US52577,52577,84559.0
860Z200US52580,52580,55628.0
860Z200US52581,52581,58673.0
860Z200US52583,52583,70519.0
860Z200US52584,52584,73997.0
860Z200US52585,52585,81520.0
860Z200US52586,52586,71649.0
860Z200US52588,52588,14929.0
860Z200US52590,52590,62161.0
860Z200US52591,52591,81189.0
860Z200US52593,52593,75543.0
860Z200US52594,52594,78250.0
860Z200US52595,52595,63564.0
860Z200US52601,52601,79411.0
860Z200US52619,52619,101113.0
860Z200US52620,52620,72328.0
860Z200US52621,52621,100713.0
860Z200US52623,52623,105313.0
860Z200US52624,52624,116012.0
860Z200US52625,52625,92292.0
860Z200US52626,52626,65135.0
860Z200US52627,52627,67644.0
860Z200US52630,52630,55187.0
860Z200US52631,52631,134066.0
860Z200US52632,52632,68415.0
860Z200US52635,52635,78589.0
860Z200US52637,52637,96129.0
860Z200US52638,52638,69023.0
860Z200US52639,52639,74514.0
860Z200US52640,52640,93964.0
860Z200US52641,52641,77956.0
860Z200US52644,52644,79907.0
860Z200US52645,52645,79938.0
860Z200US52646,52646,70555.0
860Z200US52647,52647,67091.0
860Z200US52649,52649,101035.0
860Z200US52650,52650,104256.0
860Z200US52651,52651,58144.0
860Z200US52652,52652,93889.0
860Z200US52653,52653,86249.0
860Z200US52654,52654,88404.0
860Z200US52655,52655,70320.0
860Z200US52656,52656,98961.0
860Z200US52657,52657,89341.0
860Z200US52658,52658,92516.0
860Z200US52659,52659,73296.0
860Z200US52660,52660,120170.0
860Z200US52701,52701,70111.0
860Z200US52720,52720,104341.0
860Z200US52721,52721,87088.0
860Z200US52722,52722,138655.0
860Z200US52726,52726,115043.0
860Z200US52727,52727,105284.0
860Z200US52728,52728,75176.0
860Z200US52729,52729,99906.0
860Z200US52730,52730,82694.0
860Z200US52731,52731,110209.0
860Z200US52732,52732,77333.0
860Z200US52737,52737,88834.0
860Z200US52738,52738,101715.0
860Z200US52739,52739,72258.0
860Z200US52742,52742,109010.0
860Z200US52745,52745,88704.0
860Z200US52746,52746,103401.0
860Z200US52747,52747,105579.0
860Z200US52748,52748,126004.0
860Z200US52749,52749,103800.0
860Z200US52750,52750,117977.0
860Z200US52751,52751,105870.0
860Z200US52752,52752,64462.0
860Z200US52753,52753,110962.0
860Z200US52754,52754,129598.0
860Z200US52755,52755,105032.0
860Z200US52756,52756,130100.0
860Z200US52757,52757,68582.0
860Z200US52758,52758,81345.0
860Z200US52759,52759,61860.0
860Z200US52760,52760,95956.0
860Z200US52761,52761,84347.0
860Z200US52765,52765,115835.0
860Z200US52766,52766,81210.0
860Z200US52767,52767,341236.0
860Z200US52768,52768,96381.0
860Z200US52769,52769,110792.0
860Z200US52771,52771,60652.0
860Z200US52772,52772,92855.0
860Z200US52773,52773,102667.0
860Z200US52774,52774,82757.0
860Z200US52776,52776,93874.0
860Z200US52777,52777,68274.0
860Z200US52778,52778,98248.0
860Z200US52801,52801,39771.0
860Z200US52802,52802,62425.0
860Z200US52803,52803,84111.0
860Z200US52804,52804,78705.0
860Z200US52806,52806,84728.0
860Z200US52807,52807,108622.0
860Z200US53001,53001,103894.0
860Z200US53002,53002,114560.0
860Z200US53003,53003,81175.0
860Z200US53004,53004,99902.0
860Z200US53005,53005,158698.0
860Z200US53006,53006,96055.0
860Z200US53007,53007,69534.0
860Z200US53010,53010,108457.0
860Z200US53011,53011,111280.0
860Z200US53012,53012,133538.0
860Z200US53013,53013,102457.0
860Z200US53014,53014,92802.0
860Z200US53015,53015,92676.0
860Z200US53016,53016,92110.0
860Z200US53017,53017,188412.0
860Z200US53018,53018,170092.0
860Z200US53019,53019,101362.0
860Z200US53020,53020,112120.0
860Z200US53021,53021,105562.0
860Z200US53022,53022,130301.0
860Z200US53023,53023,118038.0
860Z200US53024,53024,114196.0
860Z200US53027,53027,100911.0
860Z200US53029,53029,158884.0
860Z200US53031,53031,113689.0
860Z200US53032,53032,66198.0
860Z200US53033,53033,152770.0
860Z200US53034,53034,94654.0
860Z200US53035,53035,108747.0
860Z200US53036,53036,106231.0
860Z200US53037,53037,115155.0
860Z200US53038,53038,105572.0
860Z200US53039,53039,99137.0
860Z200US53040,53040,107958.0
860Z200US53042,53042,96781.0
860Z200US53044,53044,192866.0
860Z200US53045,53045,171088.0
860Z200US53046,53046,117514.0
860Z200US53047,53047,71364.0
860Z200US53048,53048,84772.0
860Z200US53049,53049,106517.0
860Z200US53050,53050,85260.0
860Z200US53051,53051,134488.0
860Z200US53057,53057,102647.0
860Z200US53058,53058,171055.0
860Z200US53059,53059,103467.0
860Z200US53061,53061,94944.0
860Z200US53063,53063,109672.0
860Z200US53065,53065,115192.0
860Z200US53066,53066,140293.0
860Z200US53069,53069,124227.0
860Z200US53070,53070,113691.0
860Z200US53072,53072,151488.0
860Z200US53073,53073,92085.0
860Z200US53074,53074,97640.0
860Z200US53075,53075,104863.0
860Z200US53076,53076,139262.0
860Z200US53078,53078,107697.0
860Z200US53079,53079,95092.0
860Z200US53080,53080,99245.0
860Z200US53081,53081,76984.0
860Z200US53083,53083,100708.0
860Z200US53085,53085,91806.0
860Z200US53086,53086,128753.0
860Z200US53088,53088,64857.0
860Z200US53089,53089,140061.0
860Z200US53090,53090,103178.0
860Z200US53091,53091,91675.0
860Z200US53092,53092,187104.0
860Z200US53093,53093,106456.0
860Z200US53094,53094,85557.0
860Z200US53095,53095,100336.0
860Z200US53097,53097,225641.0
860Z200US53098,53098,88950.0
860Z200US53099,53099,
860Z200US53103,53103,123497.0
860Z200US53104,53104,130013.0
860Z200US53105,53105,114774.0
860Z200US53108,53108,108210.0
860Z200US53110,53110,79378.0
860Z200US53114,53114,84967.0
860Z200US53115,53115,87717.0
860Z200US53118,53118,123043.0
860Z200US53119,53119,127334.0
860Z200US53120,53120,113578.0
860Z200US53121,53121,107371.0
860Z200US53122,53122,185285.0
860Z200US53125,53125,187883.0
860Z200US53126,53126,124774.0
860Z200US53127,53127,190687.0
860Z200US53128,53128,105848.0
860Z200US53129,53129,108423.0
860Z200US53130,53130,101716.0
860Z200US53132,53132,131256.0
860Z200US53137,53137,112706.0
860Z200US53139,53139,112684.0
860Z200US53140,53140,72331.0
860Z200US53142,53142,107203.0
860Z200US53143,53143,80536.0
860Z200US53144,53144,97213.0
860Z200US53146,53146,133829.0
860Z200US53147,53147,120257.0
860Z200US53149,53149,137663.0
860Z200US53150,53150,134824.0
860Z200US53151,53151,128914.0
860Z200US53153,53153,148488.0
860Z200US53154,53154,111965.0
860Z200US53156,53156,95875.0
860Z200US53157,53157,
860Z200US53158,53158,125950.0
860Z200US53167,53167,38272.0
860Z200US53168,53168,126765.0
860Z200US53170,53170,102800.0
860Z200US53172,53172,82285.0
860Z200US53176,53176,
860Z200US53177,53177,102265.0
860Z200US53178,53178,112497.0
860Z200US53179,53179,103918.0
860Z200US53181,53181,105985.0
860Z200US53182,53182,107178.0
860Z200US53183,53183,145227.0
860Z200US53184,53184,103253.0
860Z200US53185,53185,120694.0
860Z200US53186,53186,91916.0
860Z200US53188,53188,104838.0
860Z200US53189,53189,140524.0
860Z200US53190,53190,78468.0
860Z200US53191,53191,114190.0
860Z200US53192,53192,105424.0
860Z200US53195,53195,71367.0
860Z200US53202,53202,99962.0
860Z200US53203,53203,111796.0
860Z200US53204,53204,59085.0
860Z200US53205,53205,52861.0
860Z200US53206,53206,47101.0
860Z200US53207,53207,94562.0
860Z200US53208,53208,70670.0
860Z200US53209,53209,61985.0
860Z200US53210,53210,56044.0
860Z200US53211,53211,123466.0
860Z200US53212,53212,62977.0
860Z200US53213,53213,122572.0
860Z200US53214,53214,76541.0
860Z200US53215,53215,63874.0
860Z200US53216,53216,56704.0
860Z200US53217,53217,194650.0
860Z200US53218,53218,58815.0
860Z200US53219,53219,79233.0
860Z200US53220,53220,85693.0
860Z200US53221,53221,77910.0
860Z200US53222,53222,87263.0
860Z200US53223,53223,77124.0
860Z200US53224,53224,85000.0
860Z200US53225,53225,67982.0
860Z200US53226,53226,117527.0
860Z200US53227,53227,90453.0
860Z200US53228,53228,89302.0
860Z200US53233,53233,30925.0
860Z200US53235,53235,83664.0
860Z200US53295,53295,
860Z200US53402,53402,99174.0
860Z200US53403,53403,77876.0
860Z200US53404,53404,57016.0
860Z200US53405,53405,83509.0
860Z200US53406,53406,97423.0
860Z200US53501,53501,
860Z200US53502,53502,99211.0
860Z200US53503,53503,96703.0
860Z200US53504,53504,89110.0
860Z200US53505,53505,139269.0
860Z200US53506,53506,68784.0
860Z200US53507,53507,125779.0
860Z200US53508,53508,112321.0
860Z200US53510,53510,93687.0
860Z200US53511,53511,82099.0
860Z200US53515,53515,121199.0
860Z200US53516,53516,112172.0
860Z200US53517,53517,106585.0
860Z200US53518,53518,73060.0
860Z200US53520,53520,85682.0
860Z200US53521,53521,121074.0
860Z200US53522,53522,102588.0
860Z200US53523,53523,115889.0
860Z200US53525,53525,100174.0
860Z200US53526,53526,95356.0
860Z200US53527,53527,132250.0
860Z200US53528,53528,131545.0
860Z200US53529,53529,113333.0
860Z200US53530,53530,82561.0
860Z200US53531,53531,114909.0
860Z200US53532,53532,127519.0
860Z200US53533,53533,92961.0
860Z200US53534,53534,109938.0
860Z200US53536,53536,98699.0
860Z200US53537,53537,78026.0
860Z200US53538,53538,97744.0
860Z200US53540,53540,55082.0
860Z200US53541,53541,85709.0
860Z200US53543,53543,89339.0
860Z200US53544,53544,114697.0
860Z200US53545,53545,88243.0
860Z200US53546,53546,88202.0
860Z200US53548,53548,84457.0
860Z200US53549,53549,103269.0
860Z200US53550,53550,90351.0
860Z200US53551,53551,110648.0
860Z200US53553,53553,75534.0
860Z200US53554,53554,87615.0
860Z200US53555,53555,127523.0
860Z200US53556,53556,79963.0
860Z200US53557,53557,89003.0
860Z200US53558,53558,135252.0
860Z200US53559,53559,100336.0
860Z200US53560,53560,127054.0
860Z200US53561,53561,121118.0
860Z200US53562,53562,140054.0
860Z200US53563,53563,105641.0
860Z200US53565,53565,98539.0
860Z200US53566,53566,88825.0
860Z200US53569,53569,91020.0
860Z200US53570,53570,98475.0
860Z200US53571,53571,65540.0
860Z200US53572,53572,133007.0
860Z200US53573,53573,79054.0
860Z200US53574,53574,126372.0
860Z200US53575,53575,133115.0
860Z200US53576,53576,82073.0
860Z200US53577,53577,115403.0
860Z200US53578,53578,115529.0
860Z200US53579,53579,87784.0
860Z200US53580,53580,82451.0
860Z200US53581,53581,77510.0
860Z200US53582,53582,87856.0
860Z200US53583,53583,104214.0
860Z200US53584,53584,
860Z200US53585,53585,91898.0
860Z200US53586,53586,86396.0
860Z200US53587,53587,94655.0
860Z200US53588,53588,99591.0
860Z200US53589,53589,120673.0
860Z200US53590,53590,116642.0
860Z200US53593,53593,166856.0
860Z200US53594,53594,91320.0
860Z200US53597,53597,158445.0
860Z200US53598,53598,110151.0
860Z200US53599,53599,72023.0
860Z200US53703,53703,87295.0
860Z200US53704,53704,98959.0
860Z200US53705,53705,121060.0
860Z200US53706,53706,4280.0
860Z200US53711,53711,133838.0
860Z200US53713,53713,75736.0
860Z200US53714,53714,82933.0
860Z200US53715,53715,67078.0
860Z200US53716,53716,108624.0
860Z200US53717,53717,125053.0
860Z200US53718,53718,114319.0
860Z200US53719,53719,115444.0
860Z200US53726,53726,99761.0
860Z200US53792,53792,
860Z200US53801,53801,79713.0
860Z200US53802,53802,72541.0
860Z200US53803,53803,76635.0
860Z200US53804,53804,81285.0
860Z200US53805,53805,77218.0
860Z200US53806,53806,75031.0
860Z200US53807,53807,89078.0
860Z200US53808,53808,91104.0
860Z200US53809,53809,85454.0
860Z200US53810,53810,77162.0
860Z200US53811,53811,104349.0
860Z200US53812,53812,85317.0
860Z200US53813,53813,93644.0
860Z200US53816,53816,77376.0
860Z200US53817,53817,49700.0
860Z200US53818,53818,76148.0
860Z200US53820,53820,98123.0
860Z200US53821,53821,79658.0
860Z200US53825,53825,94510.0
860Z200US53826,53826,78502.0
860Z200US53827,53827,67937.0
860Z200US53901,53901,84553.0
860Z200US53910,53910,62177.0
860Z200US53911,53911,107587.0
860Z200US53913,53913,88670.0
860Z200US53916,53916,88618.0
860Z200US53919,53919,104552.0
860Z200US53920,53920,96490.0
860Z200US53922,53922,99276.0
860Z200US53923,53923,91252.0
860Z200US53924,53924,78675.0
860Z200US53925,53925,103335.0
860Z200US53926,53926,82310.0
860Z200US53928,53928,87621.0
860Z200US53929,53929,80211.0
860Z200US53930,53930,86036.0
860Z200US53931,53931,81927.0
860Z200US53932,53932,90572.0
860Z200US53933,53933,87727.0
860Z200US53934,53934,64320.0
860Z200US53935,53935,78166.0
860Z200US53936,53936,70758.0
860Z200US53937,53937,99240.0
860Z200US53939,53939,86413.0
860Z200US53940,53940,
860Z200US53941,53941,95708.0
860Z200US53942,53942,94216.0
860Z200US53943,53943,87422.0
860Z200US53944,53944,80566.0
860Z200US53946,53946,96438.0
860Z200US53947,53947,120897.0
860Z200US53948,53948,76223.0
860Z200US53949,53949,77100.0
860Z200US53950,53950,80126.0
860Z200US53951,53951,85345.0
860Z200US53952,53952,76632.0
860Z200US53953,53953,44969.0
860Z200US53954,53954,100610.0
860Z200US53955,53955,106921.0
860Z200US53956,53956,95037.0
860Z200US53959,53959,97696.0
860Z200US53960,53960,100366.0
860Z200US53961,53961,99931.0
860Z200US53962,53962,29838.0
860Z200US53963,53963,91585.0
860Z200US53964,53964,86647.0
860Z200US53965,53965,82634.0
860Z200US53968,53968,85040.0
860Z200US53969,53969,78535.0
860Z200US54001,54001,94093.0
860Z200US54002,54002,103595.0
860Z200US54003,54003,124037.0
860Z200US54004,54004,75847.0
860Z200US54005,54005,101264.0
860Z200US54006,54006,99213.0
860Z200US54007,54007,103970.0
860Z200US54009,54009,95444.0
860Z200US54011,54011,110880.0
860Z200US54013,54013,98786.0
860Z200US54014,54014,110587.0
860Z200US54015,54015,114151.0
860Z200US54016,54016,146445.0
860Z200US54017,54017,107691.0
860Z200US54020,54020,97737.0
860Z200US54021,54021,126648.0
860Z200US54022,54022,114044.0
860Z200US54023,54023,119094.0
860Z200US54024,54024,97406.0
860Z200US54025,54025,111016.0
860Z200US54026,54026,108376.0
860Z200US54027,54027,111815.0
860Z200US54028,54028,91347.0
860Z200US54082,54082,156522.0
860Z200US54101,54101,111463.0
860Z200US54102,54102,59512.0
860Z200US54103,54103,76537.0
860Z200US54104,54104,64253.0
860Z200US54106,54106,98403.0
860Z200US54107,54107,103511.0
860Z200US54110,54110,100614.0
860Z200US54111,54111,94829.0
860Z200US54112,54112,79392.0
860Z200US54113,54113,120055.0
860Z200US54114,54114,72327.0
860Z200US54115,54115,116601.0
860Z200US54119,54119,65008.0
860Z200US54120,54120,65264.0
860Z200US54121,54121,78405.0
860Z200US54123,54123,69114.0
860Z200US54124,54124,74720.0
860Z200US54125,54125,55408.0
860Z200US54126,54126,113436.0
860Z200US54127,54127,74311.0
860Z200US54128,54128,79815.0
860Z200US54129,54129,91430.0
860Z200US54130,54130,110420.0
860Z200US54135,54135,67328.0
860Z200US54136,54136,82625.0
860Z200US54137,54137,100135.0
860Z200US54138,54138,94399.0
860Z200US54139,54139,86923.0
860Z200US54140,54140,86071.0
860Z200US54141,54141,128636.0
860Z200US54143,54143,87462.0
860Z200US54149,54149,63856.0
860Z200US54150,54150,81772.0
860Z200US54151,54151,78330.0
860Z200US54152,54152,69238.0
860Z200US54153,54153,81028.0
860Z200US54154,54154,78306.0
860Z200US54155,54155,123234.0
860Z200US54156,54156,59912.0
860Z200US54157,54157,83290.0
860Z200US54159,54159,84628.0
860Z200US54160,54160,78692.0
860Z200US54161,54161,84751.0
860Z200US54162,54162,98423.0
860Z200US54165,54165,98310.0
860Z200US54166,54166,83148.0
860Z200US54169,54169,144179.0
860Z200US54170,54170,87167.0
860Z200US54171,54171,125843.0
860Z200US54173,54173,128075.0
860Z200US54174,54174,85988.0
860Z200US54175,54175,95737.0
860Z200US54177,54177,78007.0
860Z200US54180,54180,111230.0
860Z200US54201,54201,80378.0
860Z200US54202,54202,86977.0
860Z200US54204,54204,99210.0
860Z200US54205,54205,111835.0
860Z200US54207,54207,76051.0
860Z200US54208,54208,106498.0
860Z200US54209,54209,125923.0
860Z200US54210,54210,122555.0
860Z200US54211,54211,149899.0
860Z200US54212,54212,130449.0
860Z200US54213,54213,98711.0
860Z200US54214,54214,73189.0
860Z200US54215,54215,59437.0
860Z200US54216,54216,96920.0
860Z200US54217,54217,100762.0
860Z200US54220,54220,85904.0
860Z200US54227,54227,93104.0
860Z200US54228,54228,88041.0
860Z200US54229,54229,100420.0
860Z200US54230,54230,93325.0
860Z200US54232,54232,78451.0
860Z200US54234,54234,98570.0
860Z200US54235,54235,95028.0
860Z200US54241,54241,76341.0
860Z200US54245,54245,95479.0
860Z200US54246,54246,85863.0
860Z200US54247,54247,94983.0
860Z200US54301,54301,86451.0
860Z200US54302,54302,67000.0
860Z200US54303,54303,68758.0
860Z200US54304,54304,82493.0
860Z200US54307,54307,
860Z200US54311,54311,107942.0
860Z200US54313,54313,133740.0
860Z200US54401,54401,89039.0
860Z200US54403,54403,88996.0
860Z200US54405,54405,88789.0
860Z200US54406,54406,100837.0
860Z200US54407,54407,110197.0
860Z200US54408,54408,102341.0
860Z200US54409,54409,75353.0
860Z200US54410,54410,89300.0
860Z200US54411,54411,93125.0
860Z200US54412,54412,97590.0
860Z200US54413,54413,80311.0
860Z200US54414,54414,83288.0
860Z200US54416,54416,66474.0
860Z200US54417,54417,
860Z200US54418,54418,88843.0
860Z200US54420,54420,92218.0
860Z200US54421,54421,78992.0
860Z200US54422,54422,83828.0
860Z200US54423,54423,126306.0
860Z200US54424,54424,93143.0
860Z200US54425,54425,77851.0
860Z200US54426,54426,97180.0
860Z200US54427,54427,89127.0
860Z200US54428,54428,63967.0
860Z200US54430,54430,64306.0
860Z200US54433,54433,85802.0
860Z200US54435,54435,90944.0
860Z200US54436,54436,84227.0
860Z200US54437,54437,83315.0
860Z200US54440,54440,93621.0
860Z200US54441,54441,107297.0
860Z200US54442,54442,85785.0
860Z200US54443,54443,108308.0
860Z200US54446,54446,85392.0
860Z200US54447,54447,69911.0
860Z200US54448,54448,109196.0
860Z200US54449,54449,93397.0
860Z200US54450,54450,74458.0
860Z200US54451,54451,82990.0
860Z200US54452,54452,82574.0
860Z200US54454,54454,94129.0
860Z200US54455,54455,108903.0
860Z200US54456,54456,82161.0
860Z200US54457,54457,82219.0
860Z200US54458,54458,85180.0
860Z200US54459,54459,69281.0
860Z200US54460,54460,93826.0
860Z200US54462,54462,73283.0
860Z200US54463,54463,72693.0
860Z200US54464,54464,87558.0
860Z200US54465,54465,81831.0
860Z200US54466,54466,84313.0
860Z200US54467,54467,98608.0
860Z200US54469,54469,88763.0
860Z200US54470,54470,73825.0
860Z200US54471,54471,116041.0
860Z200US54473,54473,92315.0
860Z200US54474,54474,94386.0
860Z200US54475,54475,90721.0
860Z200US54476,54476,94659.0
860Z200US54479,54479,87584.0
860Z200US54480,54480,84210.0
860Z200US54481,54481,73565.0
860Z200US54482,54482,116894.0
860Z200US54484,54484,92942.0
860Z200US54485,54485,101916.0
860Z200US54486,54486,69918.0
860Z200US54487,54487,95711.0
860Z200US54488,54488,78088.0
860Z200US54489,54489,80881.0
860Z200US54490,54490,72661.0
860Z200US54491,54491,65607.0
860Z200US54493,54493,95162.0
860Z200US54494,54494,93917.0
860Z200US54495,54495,62346.0
860Z200US54498,54498,93354.0
860Z200US54499,54499,75947.0
860Z200US54501,54501,84235.0
860Z200US54511,54511,73524.0
860Z200US54512,54512,89168.0
860Z200US54513,54513,85756.0
860Z200US54514,54514,86146.0
860Z200US54515,54515,66899.0
860Z200US54517,54517,111060.0
860Z200US54519,54519,78525.0
860Z200US54520,54520,71280.0
860Z200US54521,54521,90173.0
860Z200US54524,54524,58950.0
860Z200US54525,54525,86028.0
860Z200US54526,54526,59770.0
860Z200US54527,54527,61475.0
860Z200US54529,54529,83537.0
860Z200US54530,54530,57631.0
860Z200US54531,54531,128779.0
860Z200US54534,54534,68392.0
860Z200US54536,54536,66450.0
860Z200US54537,54537,65676.0
860Z200US54538,54538,83053.0
860Z200US54539,54539,92796.0
860Z200US54540,54540,76696.0
860Z200US54541,54541,71711.0
860Z200US54542,54542,66610.0
860Z200US54545,54545,103515.0
860Z200US54546,54546,78138.0
860Z200US54547,54547,71971.0
860Z200US54548,54548,100761.0
860Z200US54550,54550,77016.0
860Z200US54552,54552,71817.0
860Z200US54554,54554,95748.0
860Z200US54555,54555,76861.0
860Z200US54556,54556,68538.0
860Z200US54557,54557,99894.0
860Z200US54558,54558,80391.0
860Z200US54559,54559,80655.0
860Z200US54560,54560,84043.0
860Z200US54561,54561,74368.0
860Z200US54562,54562,93967.0
860Z200US54563,54563,114751.0
860Z200US54564,54564,61798.0
860Z200US54565,54565,70743.0
860Z200US54566,54566,68440.0
860Z200US54568,54568,94912.0
860Z200US54601,54601,85740.0
860Z200US54603,54603,71380.0
860Z200US54610,54610,77284.0
860Z200US54611,54611,82974.0
860Z200US54612,54612,84407.0
860Z200US54613,54613,72522.0
860Z200US54614,54614,98170.0
860Z200US54615,54615,78657.0
860Z200US54616,54616,93361.0
860Z200US54618,54618,84611.0
860Z200US54619,54619,89820.0
860Z200US54621,54621,116500.0
860Z200US54622,54622,82490.0
860Z200US54623,54623,110225.0
860Z200US54624,54624,81338.0
860Z200US54625,54625,56590.0
860Z200US54626,54626,82948.0
860Z200US54627,54627,93671.0
860Z200US54628,54628,71249.0
860Z200US54629,54629,85190.0
860Z200US54630,54630,99123.0
860Z200US54631,54631,92231.0
860Z200US54632,54632,95317.0
860Z200US54634,54634,79228.0
860Z200US54635,54635,94467.0
860Z200US54636,54636,112288.0
860Z200US54637,54637,76266.0
860Z200US54638,54638,71707.0
860Z200US54639,54639,74136.0
860Z200US54642,54642,93296.0
860Z200US54643,54643,
860Z200US54644,54644,94957.0
860Z200US54645,54645,47484.0
860Z200US54646,54646,78322.0
860Z200US54648,54648,83295.0
860Z200US54650,54650,114166.0
860Z200US54651,54651,73027.0
860Z200US54652,54652,68722.0
860Z200US54653,54653,83331.0
860Z200US54654,54654,60931.0
860Z200US54655,54655,72535.0
860Z200US54656,54656,86514.0
860Z200US54657,54657,62356.0
860Z200US54658,54658,91508.0
860Z200US54659,54659,87530.0
860Z200US54660,54660,82504.0
860Z200US54661,54661,95808.0
860Z200US54664,54664,88324.0
860Z200US54665,54665,89465.0
860Z200US54666,54666,99067.0
860Z200US54667,54667,89669.0
860Z200US54669,54669,112166.0
860Z200US54670,54670,90533.0
860Z200US54701,54701,104725.0
860Z200US54703,54703,85268.0
860Z200US54720,54720,93287.0
860Z200US54721,54721,102941.0
860Z200US54722,54722,95794.0
860Z200US54723,54723,99285.0
860Z200US54724,54724,88426.0
860Z200US54725,54725,86035.0
860Z200US54726,54726,84841.0
860Z200US54727,54727,81998.0
860Z200US54728,54728,83947.0
860Z200US54729,54729,101200.0
860Z200US54730,54730,96177.0
860Z200US54731,54731,84131.0
860Z200US54732,54732,75991.0
860Z200US54733,54733,81130.0
860Z200US54734,54734,82181.0
860Z200US54736,54736,91925.0
860Z200US54737,54737,100885.0
860Z200US54738,54738,131210.0
860Z200US54739,54739,101577.0
860Z200US54740,54740,83954.0
860Z200US54741,54741,76452.0
860Z200US54742,54742,114641.0
860Z200US54745,54745,87589.0
860Z200US54746,54746,74022.0
860Z200US54747,54747,77930.0
860Z200US54748,54748,80311.0
860Z200US54749,54749,81237.0
860Z200US54750,54750,112350.0
860Z200US54751,54751,85879.0
860Z200US54754,54754,77271.0
860Z200US54755,54755,83111.0
860Z200US54756,54756,79563.0
860Z200US54757,54757,83336.0
860Z200US54758,54758,84516.0
860Z200US54759,54759,95625.0
860Z200US54760,54760,113310.0
860Z200US54761,54761,81352.0
860Z200US54762,54762,77780.0
860Z200US54763,54763,75365.0
860Z200US54766,54766,73213.0
860Z200US54767,54767,98455.0
860Z200US54768,54768,77105.0
860Z200US54769,54769,114311.0
860Z200US54770,54770,99524.0
860Z200US54771,54771,95061.0
860Z200US54772,54772,94035.0
860Z200US54773,54773,93214.0
860Z200US54801,54801,76604.0
860Z200US54805,54805,90267.0
860Z200US54806,54806,73500.0
860Z200US54810,54810,87453.0
860Z200US54812,54812,74125.0
860Z200US54813,54813,79085.0
860Z200US54814,54814,76771.0
860Z200US54817,54817,94186.0
860Z200US54819,54819,63665.0
860Z200US54820,54820,94740.0
860Z200US54821,54821,87770.0
860Z200US54822,54822,86087.0
860Z200US54824,54824,84428.0
860Z200US54826,54826,119821.0
860Z200US54827,54827,95482.0
860Z200US54828,54828,66887.0
860Z200US54829,54829,81741.0
860Z200US54830,54830,89276.0
860Z200US54832,54832,82347.0
860Z200US54835,54835,64278.0
860Z200US54836,54836,89786.0
860Z200US54837,54837,82529.0
860Z200US54838,54838,85346.0
860Z200US54839,54839,75290.0
860Z200US54840,54840,85823.0
860Z200US54841,54841,67706.0
860Z200US54842,54842,87568.0
860Z200US54843,54843,81369.0
860Z200US54844,54844,91939.0
860Z200US54845,54845,69648.0
860Z200US54846,54846,98685.0
860Z200US54847,54847,96460.0
860Z200US54848,54848,69486.0
860Z200US54849,54849,92131.0
860Z200US54850,54850,118036.0
860Z200US54853,54853,87779.0
860Z200US54854,54854,100164.0
860Z200US54855,54855,73807.0
860Z200US54856,54856,75057.0
860Z200US54857,54857,96050.0
860Z200US54858,54858,64408.0
860Z200US54859,54859,77723.0
860Z200US54861,54861,56022.0
860Z200US54862,54862,80855.0
860Z200US54864,54864,97798.0
860Z200US54865,54865,72974.0
860Z200US54867,54867,56848.0
860Z200US54868,54868,92078.0
860Z200US54870,54870,88576.0
860Z200US54871,54871,88621.0
860Z200US54872,54872,70517.0
860Z200US54873,54873,95571.0
860Z200US54874,54874,98569.0
860Z200US54875,54875,70760.0
860Z200US54876,54876,91187.0
860Z200US54880,54880,83670.0
860Z200US54888,54888,80889.0
860Z200US54889,54889,94173.0
860Z200US54891,54891,93285.0
860Z200US54893,54893,76720.0
860Z200US54895,54895,73263.0
860Z200US54896,54896,69962.0
860Z200US54901,54901,77856.0
860Z200US54902,54902,76838.0
860Z200US54904,54904,111431.0
860Z200US54909,54909,96017.0
860Z200US54911,54911,87212.0
860Z200US54913,54913,147065.0
860Z200US54914,54914,126505.0
860Z200US54915,54915,100056.0
860Z200US54921,54921,80353.0
860Z200US54922,54922,90279.0
860Z200US54923,54923,78080.0
860Z200US54926,54926,89477.0
860Z200US54927,54927,126631.0
860Z200US54928,54928,84210.0
860Z200US54929,54929,71889.0
860Z200US54930,54930,95391.0
860Z200US54931,54931,89106.0
860Z200US54932,54932,124347.0
860Z200US54933,54933,74723.0
860Z200US54935,54935,78428.0
860Z200US54937,54937,100260.0
860Z200US54940,54940,101803.0
860Z200US54941,54941,109820.0
860Z200US54942,54942,132515.0
860Z200US54943,54943,75581.0
860Z200US54944,54944,119536.0
860Z200US54945,54945,83022.0
860Z200US54946,54946,
860Z200US54947,54947,117115.0
860Z200US54948,54948,66924.0
860Z200US54949,54949,90106.0
860Z200US54950,54950,77353.0
860Z200US54952,54952,85496.0
860Z200US54956,54956,108247.0
860Z200US54960,54960,79530.0
860Z200US54961,54961,104629.0
860Z200US54962,54962,93937.0
860Z200US54963,54963,94578.0
860Z200US54964,54964,86488.0
860Z200US54965,54965,82590.0
860Z200US54966,54966,82227.0
860Z200US54967,54967,75945.0
860Z200US54968,54968,77708.0
860Z200US54970,54970,77268.0
860Z200US54971,54971,85894.0
860Z200US54974,54974,101681.0
860Z200US54977,54977,85600.0
860Z200US54978,54978,93707.0
860Z200US54979,54979,101614.0
860Z200US54980,54980,51913.0
860Z200US54981,54981,95456.0
860Z200US54982,54982,80893.0
860Z200US54983,54983,84022.0
860Z200US54984,54984,78442.0
860Z200US54985,54985,
860Z200US54986,54986,109735.0
860Z200US55001,55001,179832.0
860Z200US55003,55003,121788.0
860Z200US55005,55005,120306.0
860Z200US55006,55006,80764.0
860Z200US55007,55007,79707.0
860Z200US55008,55008,93809.0
860Z200US55009,55009,106280.0
860Z200US55011,55011,135843.0
860Z200US55012,55012,112580.0
860Z200US55013,55013,110706.0
860Z200US55014,55014,117926.0
860Z200US55016,55016,137642.0
860Z200US55017,55017,98100.0
860Z200US55018,55018,123508.0
860Z200US55019,55019,140906.0
860Z200US55020,55020,157943.0
860Z200US55021,55021,93775.0
860Z200US55024,55024,135907.0
860Z200US55025,55025,117406.0
860Z200US55026,55026,132861.0
860Z200US55027,55027,106821.0
860Z200US55029,55029,72800.0
860Z200US55030,55030,96361.0
860Z200US55031,55031,127426.0
860Z200US55032,55032,110357.0
860Z200US55033,55033,117540.0
860Z200US55036,55036,39890.0
860Z200US55037,55037,76135.0
860Z200US55038,55038,153583.0
860Z200US55040,55040,104795.0
860Z200US55041,55041,98029.0
860Z200US55042,55042,220493.0
860Z200US55043,55043,141018.0
860Z200US55044,55044,170042.0
860Z200US55045,55045,129103.0
860Z200US55046,55046,106151.0
860Z200US55047,55047,170670.0
860Z200US55049,55049,103478.0
860Z200US55051,55051,87737.0
860Z200US55052,55052,99795.0
860Z200US55053,55053,117078.0
860Z200US55054,55054,164832.0
860Z200US55055,55055,89921.0
860Z200US55056,55056,114268.0
860Z200US55057,55057,115330.0
860Z200US55060,55060,103042.0
860Z200US55063,55063,87244.0
860Z200US55065,55065,135690.0
860Z200US55066,55066,94493.0
860Z200US55068,55068,150505.0
860Z200US55069,55069,94035.0
860Z200US55070,55070,106611.0
860Z200US55071,55071,104008.0
860Z200US55072,55072,68425.0
860Z200US55073,55073,152965.0
860Z200US55074,55074,114086.0
860Z200US55075,55075,92841.0
860Z200US55076,55076,116165.0
860Z200US55077,55077,149635.0
860Z200US55079,55079,122887.0
860Z200US55080,55080,126030.0
860Z200US55082,55082,162276.0
860Z200US55084,55084,106011.0
860Z200US55085,55085,99960.0
860Z200US55087,55087,117055.0
860Z200US55088,55088,149734.0
860Z200US55089,55089,133996.0
860Z200US55090,55090,88252.0
860Z200US55092,55092,114536.0
860Z200US55101,55101,98282.0
860Z200US55102,55102,100797.0
860Z200US55103,55103,64869.0
860Z200US55104,55104,104220.0
860Z200US55105,55105,166521.0
860Z200US55106,55106,84225.0
860Z200US55107,55107,94858.0
860Z200US55108,55108,121858.0
860Z200US55109,55109,100925.0
860Z200US55110,55110,126149.0
860Z200US55111,55111,107899.0
860Z200US55112,55112,119932.0
860Z200US55113,55113,121338.0
860Z200US55114,55114,89690.0
860Z200US55115,55115,194218.0
860Z200US55116,55116,124075.0
860Z200US55117,55117,92740.0
860Z200US55118,55118,116353.0
860Z200US55119,55119,98888.0
860Z200US55120,55120,149446.0
860Z200US55121,55121,110629.0
860Z200US55122,55122,119228.0
860Z200US55123,55123,170960.0
860Z200US55124,55124,125930.0
860Z200US55125,55125,144009.0
860Z200US55126,55126,143123.0
860Z200US55127,55127,165460.0
860Z200US55128,55128,108350.0
860Z200US55129,55129,181616.0
860Z200US55130,55130,71693.0
860Z200US55150,55150,151793.0
860Z200US55155,55155,
860Z200US55301,55301,141436.0
860Z200US55302,55302,101617.0
860Z200US55303,55303,114692.0
860Z200US55304,55304,152141.0
860Z200US55305,55305,147885.0
860Z200US55306,55306,119078.0
860Z200US55307,55307,83915.0
860Z200US55308,55308,113945.0
860Z200US55309,55309,137635.0
860Z200US55310,55310,107176.0
860Z200US55311,55311,179159.0
860Z200US55312,55312,101302.0
860Z200US55313,55313,111742.0
860Z200US55314,55314,91961.0
860Z200US55315,55315,152437.0
860Z200US55316,55316,133534.0
860Z200US55317,55317,188488.0
860Z200US55318,55318,142462.0
860Z200US55319,55319,132120.0
860Z200US55320,55320,145766.0
860Z200US55321,55321,94578.0
860Z200US55322,55322,130404.0
860Z200US55324,55324,100646.0
860Z200US55325,55325,99028.0
860Z200US55327,55327,171761.0
860Z200US55328,55328,143797.0
860Z200US55329,55329,87556.0
860Z200US55330,55330,130896.0
860Z200US55331,55331,250938.0
860Z200US55332,55332,76976.0
860Z200US55333,55333,78889.0
860Z200US55334,55334,96967.0
860Z200US55335,55335,89735.0
860Z200US55336,55336,90371.0
860Z200US55337,55337,100195.0
860Z200US55338,55338,100172.0
860Z200US55339,55339,109567.0
860Z200US55340,55340,227361.0
860Z200US55341,55341,155491.0
860Z200US55342,55342,83140.0
860Z200US55343,55343,105834.0
860Z200US55344,55344,122247.0
860Z200US55345,55345,183598.0
860Z200US55346,55346,164202.0
860Z200US55347,55347,209493.0
860Z200US55349,55349,105238.0
860Z200US55350,55350,101928.0
860Z200US55352,55352,133731.0
860Z200US55353,55353,101467.0
860Z200US55354,55354,108163.0
860Z200US55355,55355,89180.0
860Z200US55356,55356,309302.0
860Z200US55357,55357,187509.0
860Z200US55358,55358,122964.0
860Z200US55359,55359,198696.0
860Z200US55360,55360,132416.0
860Z200US55362,55362,109137.0
860Z200US55363,55363,99692.0
860Z200US55364,55364,171987.0
860Z200US55366,55366,83734.0
860Z200US55367,55367,114783.0
860Z200US55368,55368,96024.0
860Z200US55369,55369,139988.0
860Z200US55370,55370,114577.0
860Z200US55371,55371,99581.0
860Z200US55372,55372,184443.0
860Z200US55373,55373,117334.0
860Z200US55374,55374,164971.0
860Z200US55375,55375,166421.0
860Z200US55376,55376,146172.0
860Z200US55378,55378,148041.0
860Z200US55379,55379,133526.0
860Z200US55381,55381,98524.0
860Z200US55382,55382,121894.0
860Z200US55384,55384,84073.0
860Z200US55385,55385,93700.0
860Z200US55386,55386,205506.0
860Z200US55387,55387,131941.0
860Z200US55388,55388,107645.0
860Z200US55389,55389,98358.0
860Z200US55390,55390,116153.0
860Z200US55391,55391,279373.0
860Z200US55395,55395,87672.0
860Z200US55396,55396,83519.0
860Z200US55397,55397,99086.0
860Z200US55398,55398,117742.0
860Z200US55401,55401,152794.0
860Z200US55402,55402,99339.0
860Z200US55403,55403,103336.0
860Z200US55404,55404,65521.0
860Z200US55405,55405,110663.0
860Z200US55406,55406,114202.0
860Z200US55407,55407,101109.0
860Z200US55408,55408,99219.0
860Z200US55409,55409,125111.0
860Z200US55410,55410,205390.0
860Z200US55411,55411,75239.0
860Z200US55412,55412,88488.0
860Z200US55413,55413,109886.0
860Z200US55414,55414,74434.0
860Z200US55415,55415,177674.0
860Z200US55416,55416,145944.0
860Z200US55417,55417,142945.0
860Z200US55418,55418,120354.0
860Z200US55419,55419,186648.0
860Z200US55420,55420,97658.0
860Z200US55421,55421,88593.0
860Z200US55422,55422,127636.0
860Z200US55423,55423,106518.0
860Z200US55424,55424,340154.0
860Z200US55425,55425,92794.0
860Z200US55426,55426,117740.0
860Z200US55427,55427,113783.0
860Z200US55428,55428,85928.0
860Z200US55429,55429,88279.0
860Z200US55430,55430,91179.0
860Z200US55431,55431,119172.0
860Z200US55432,55432,95355.0
860Z200US55433,55433,91308.0
860Z200US55434,55434,97046.0
860Z200US55435,55435,106977.0
860Z200US55436,55436,218152.0
860Z200US55437,55437,122843.0
860Z200US55438,55438,137432.0
860Z200US55439,55439,236379.0
860Z200US55441,55441,146616.0
860Z200US55442,55442,159984.0
860Z200US55443,55443,114956.0
860Z200US55444,55444,135600.0
860Z200US55445,55445,119514.0
860Z200US55446,55446,202587.0
860Z200US55447,55447,163304.0
860Z200US55448,55448,110847.0
860Z200US55449,55449,155673.0
860Z200US55450,55450,
860Z200US55454,55454,38979.0
860Z200US55455,55455,
860Z200US55601,55601,68027.0
860Z200US55602,55602,80351.0
860Z200US55603,55603,69965.0
860Z200US55604,55604,91160.0
860Z200US55605,55605,65149.0
860Z200US55606,55606,92033.0
860Z200US55607,55607,82530.0
860Z200US55609,55609,65780.0
860Z200US55612,55612,98973.0
860Z200US55613,55613,220089.0
860Z200US55614,55614,87207.0
860Z200US55615,55615,85783.0
860Z200US55616,55616,88953.0
860Z200US55702,55702,80327.0
860Z200US55703,55703,83475.0
860Z200US55704,55704,70544.0
860Z200US55705,55705,72599.0
860Z200US55706,55706,71682.0
860Z200US55707,55707,89642.0
860Z200US55708,55708,79330.0
860Z200US55709,55709,87534.0
860Z200US55710,55710,106194.0
860Z200US55711,55711,72171.0
860Z200US55712,55712,72605.0
860Z200US55713,55713,76210.0
860Z200US55716,55716,50936.0
860Z200US55717,55717,108268.0
860Z200US55718,55718,105655.0
860Z200US55719,55719,88216.0
860Z200US55720,55720,86382.0
860Z200US55721,55721,118282.0
860Z200US55722,55722,74874.0
860Z200US55723,55723,79378.0
860Z200US55724,55724,84231.0
860Z200US55725,55725,86368.0
860Z200US55726,55726,82697.0
860Z200US55731,55731,75092.0
860Z200US55732,55732,79881.0
860Z200US55733,55733,130996.0
860Z200US55734,55734,82151.0
860Z200US55735,55735,75052.0
860Z200US55736,55736,72735.0
860Z200US55738,55738,103927.0
860Z200US55741,55741,88938.0
860Z200US55742,55742,78836.0
860Z200US55744,55744,85758.0
860Z200US55746,55746,74236.0
860Z200US55748,55748,68191.0
860Z200US55749,55749,78435.0
860Z200US55750,55750,73671.0
860Z200US55751,55751,82189.0
860Z200US55752,55752,85306.0
860Z200US55753,55753,61124.0
860Z200US55756,55756,99241.0
860Z200US55757,55757,73021.0
860Z200US55758,55758,59418.0
860Z200US55760,55760,76550.0
860Z200US55763,55763,86616.0
860Z200US55764,55764,72391.0
860Z200US55765,55765,81815.0
860Z200US55767,55767,86105.0
860Z200US55768,55768,90499.0
860Z200US55769,55769,83675.0
860Z200US55771,55771,84454.0
860Z200US55772,55772,53697.0
860Z200US55775,55775,104651.0
860Z200US55779,55779,120349.0
860Z200US55780,55780,84114.0
860Z200US55781,55781,108683.0
860Z200US55782,55782,67800.0
860Z200US55783,55783,91145.0
860Z200US55784,55784,64064.0
860Z200US55785,55785,72543.0
860Z200US55786,55786,90422.0
860Z200US55787,55787,84643.0
860Z200US55790,55790,96051.0
860Z200US55792,55792,66156.0
860Z200US55793,55793,82828.0
860Z200US55795,55795,91719.0
860Z200US55796,55796,62517.0
860Z200US55797,55797,90634.0
860Z200US55798,55798,111164.0
860Z200US55802,55802,87120.0
860Z200US55803,55803,116212.0
860Z200US55804,55804,140218.0
860Z200US55805,55805,64045.0
860Z200US55806,55806,59424.0
860Z200US55807,55807,76839.0
860Z200US55808,55808,75649.0
860Z200US55810,55810,99568.0
860Z200US55811,55811,109929.0
860Z200US55812,55812,97656.0
860Z200US55814,55814,
860Z200US55901,55901,114145.0
860Z200US55902,55902,188448.0
860Z200US55903,55903,
860Z200US55904,55904,94891.0
860Z200US55905,55905,
860Z200US55906,55906,133085.0
860Z200US55909,55909,113644.0
860Z200US55910,55910,86493.0
860Z200US55912,55912,83638.0
860Z200US55917,55917,94264.0
860Z200US55918,55918,90135.0
860Z200US55919,55919,98060.0
860Z200US55920,55920,148704.0
860Z200US55921,55921,98527.0
860Z200US55922,55922,70083.0
860Z200US55923,55923,113835.0
860Z200US55924,55924,92971.0
860Z200US55925,55925,106965.0
860Z200US55926,55926,109425.0
860Z200US55927,55927,109118.0
860Z200US55929,55929,118666.0
860Z200US55931,55931,86017.0
860Z200US55932,55932,124426.0
860Z200US55933,55933,99145.0
860Z200US55934,55934,107426.0
860Z200US55935,55935,108946.0
860Z200US55936,55936,122295.0
860Z200US55939,55939,78078.0
860Z200US55940,55940,98325.0
860Z200US55941,55941,85165.0
860Z200US55943,55943,87021.0
860Z200US55944,55944,115554.0
860Z200US55945,55945,94489.0
860Z200US55946,55946,91898.0
860Z200US55947,55947,103678.0
860Z200US55949,55949,98155.0
860Z200US55950,55950,57868.0
860Z200US55951,55951,83956.0
860Z200US55952,55952,102316.0
860Z200US55953,55953,87409.0
860Z200US55954,55954,80947.0
860Z200US55955,55955,141627.0
860Z200US55956,55956,115126.0
860Z200US55957,55957,96406.0
860Z200US55959,55959,75446.0
860Z200US55960,55960,165433.0
860Z200US55961,55961,84995.0
860Z200US55962,55962,87213.0
860Z200US55963,55963,127169.0
860Z200US55964,55964,89809.0
860Z200US55965,55965,89605.0
860Z200US55967,55967,119473.0
860Z200US55968,55968,59120.0
860Z200US55969,55969,103023.0
860Z200US55970,55970,107736.0
860Z200US55971,55971,89334.0
860Z200US55972,55972,122652.0
860Z200US55973,55973,117627.0
860Z200US55974,55974,79329.0
860Z200US55975,55975,97082.0
860Z200US55976,55976,106256.0
860Z200US55977,55977,83651.0
860Z200US55979,55979,90735.0
860Z200US55981,55981,95083.0
860Z200US55982,55982,252835.0
860Z200US55983,55983,107645.0
860Z200US55985,55985,98198.0
860Z200US55987,55987,82991.0
860Z200US55990,55990,96855.0
860Z200US55991,55991,111996.0
860Z200US55992,55992,100611.0
860Z200US56001,56001,87834.0
860Z200US56003,56003,119183.0
860Z200US56007,56007,89724.0
860Z200US56009,56009,101663.0
860Z200US56010,56010,93723.0
860Z200US56011,56011,122199.0
860Z200US56013,56013,85400.0
860Z200US56014,56014,88845.0
860Z200US56016,56016,114010.0
860Z200US56017,56017,115887.0
860Z200US56019,56019,73698.0
860Z200US56020,56020,82961.0
860Z200US56021,56021,116626.0
860Z200US56022,56022,69382.0
860Z200US56023,56023,92660.0
860Z200US56024,56024,105408.0
860Z200US56025,56025,94099.0
860Z200US56026,56026,103513.0
860Z200US56027,56027,75422.0
860Z200US56028,56028,115602.0
860Z200US56029,56029,73345.0
860Z200US56030,56030,53700.0
860Z200US56031,56031,86666.0
860Z200US56032,56032,68065.0
860Z200US56033,56033,98270.0
860Z200US56034,56034,98795.0
860Z200US56035,56035,85209.0
860Z200US56036,56036,81122.0
860Z200US56037,56037,90676.0
860Z200US56039,56039,92415.0
860Z200US56041,56041,93298.0
860Z200US56042,56042,97707.0
860Z200US56043,56043,99568.0
860Z200US56044,56044,106655.0
860Z200US56045,56045,85849.0
860Z200US56046,56046,68581.0
860Z200US56048,56048,100254.0
860Z200US56050,56050,98130.0
860Z200US56051,56051,68869.0
860Z200US56052,56052,118198.0
860Z200US56054,56054,108923.0
860Z200US56055,56055,93271.0
860Z200US56056,56056,48556.0
860Z200US56057,56057,101167.0
860Z200US56058,56058,90722.0
860Z200US56060,56060,81179.0
860Z200US56062,56062,93985.0
860Z200US56063,56063,135595.0
860Z200US56065,56065,99113.0
860Z200US56068,56068,88626.0
860Z200US56069,56069,97134.0
860Z200US56071,56071,131359.0
860Z200US56072,56072,88593.0
860Z200US56073,56073,86914.0
860Z200US56074,56074,110993.0
860Z200US56075,56075,74028.0
860Z200US56078,56078,93514.0
860Z200US56080,56080,99588.0
860Z200US56081,56081,90478.0
860Z200US56082,56082,97270.0
860Z200US56083,56083,73122.0
860Z200US56085,56085,90594.0
860Z200US56087,56087,79539.0
860Z200US56088,56088,81931.0
860Z200US56089,56089,63096.0
860Z200US56090,56090,101349.0
860Z200US56091,56091,79177.0
860Z200US56093,56093,94336.0
860Z200US56096,56096,90062.0
860Z200US56097,56097,80687.0
860Z200US56098,56098,83952.0
860Z200US56101,56101,89605.0
860Z200US56110,56110,88743.0
860Z200US56111,56111,139279.0
860Z200US56113,56113,92397.0
860Z200US56114,56114,90607.0
860Z200US56115,56115,80837.0
860Z200US56116,56116,115142.0
860Z200US56117,56117,97891.0
860Z200US56118,56118,99983.0
860Z200US56119,56119,92958.0
860Z200US56120,56120,85291.0
860Z200US56121,56121,53973.0
860Z200US56122,56122,93807.0
860Z200US56123,56123,82821.0
860Z200US56125,56125,66004.0
860Z200US56127,56127,75527.0
860Z200US56128,56128,91808.0
860Z200US56129,56129,84645.0
860Z200US56131,56131,83194.0
860Z200US56132,56132,110976.0
860Z200US56134,56134,73436.0
860Z200US56136,56136,85732.0
860Z200US56137,56137,85697.0
860Z200US56138,56138,96458.0
860Z200US56139,56139,86030.0
860Z200US56140,56140,62261.0
860Z200US56141,56141,77411.0
860Z200US56142,56142,79758.0
860Z200US56143,56143,80675.0
860Z200US56144,56144,72118.0
860Z200US56145,56145,69060.0
860Z200US56146,56146,47107.0
860Z200US56147,56147,97141.0
860Z200US56149,56149,80144.0
860Z200US56150,56150,82670.0
860Z200US56151,56151,97119.0
860Z200US56152,56152,84148.0
860Z200US56153,56153,75815.0
860Z200US56155,56155,82581.0
860Z200US56156,56156,92998.0
860Z200US56157,56157,103360.0
860Z200US56158,56158,71667.0
860Z200US56159,56159,80748.0
860Z200US56160,56160,67635.0
860Z200US56161,56161,118730.0
860Z200US56162,56162,87302.0
860Z200US56164,56164,90870.0
860Z200US56165,56165,105142.0
860Z200US56166,56166,88391.0
860Z200US56167,56167,78235.0
860Z200US56168,56168,86516.0
860Z200US56169,56169,97941.0
860Z200US56170,56170,79504.0
860Z200US56171,56171,91095.0
860Z200US56172,56172,93457.0
860Z200US56173,56173,69689.0
860Z200US56174,56174,86911.0
860Z200US56175,56175,84314.0
860Z200US56176,56176,88524.0
860Z200US56178,56178,105028.0
860Z200US56180,56180,79596.0
860Z200US56181,56181,69650.0
860Z200US56183,56183,67394.0
860Z200US56185,56185,77626.0
860Z200US56186,56186,91366.0
860Z200US56187,56187,81604.0
860Z200US56201,56201,83044.0
860Z200US56207,56207,84790.0
860Z200US56208,56208,75083.0
860Z200US56209,56209,87764.0
860Z200US56210,56210,
860Z200US56211,56211,89703.0
860Z200US56212,56212,100139.0
860Z200US56214,56214,89619.0
860Z200US56215,56215,85027.0
860Z200US56216,56216,79887.0
860Z200US56218,56218,93308.0
860Z200US56219,56219,89255.0
860Z200US56220,56220,79790.0
860Z200US56221,56221,72910.0
860Z200US56222,56222,86634.0
860Z200US56223,56223,83201.0
860Z200US56224,56224,83476.0
860Z200US56225,56225,98834.0
860Z200US56226,56226,103204.0
860Z200US56227,56227,91378.0
860Z200US56228,56228,85894.0
860Z200US56229,56229,111010.0
860Z200US56230,56230,84898.0
860Z200US56231,56231,108887.0
860Z200US56232,56232,98835.0
860Z200US56235,56235,86588.0
860Z200US56236,56236,107317.0
860Z200US56237,56237,105058.0
860Z200US56239,56239,109043.0
860Z200US56240,56240,81137.0
860Z200US56241,56241,92966.0
860Z200US56243,56243,87870.0
860Z200US56244,56244,110421.0
860Z200US56245,56245,90771.0
860Z200US56248,56248,90823.0
860Z200US56249,56249,119270.0
860Z200US56251,56251,90156.0
860Z200US56252,56252,90936.0
860Z200US56253,56253,93501.0
860Z200US56255,56255,70962.0
860Z200US56256,56256,82051.0
860Z200US56257,56257,72834.0
860Z200US56258,56258,92398.0
860Z200US56260,56260,85599.0
860Z200US56262,56262,104489.0
860Z200US56263,56263,97066.0
860Z200US56264,56264,91534.0
860Z200US56265,56265,83211.0
860Z200US56266,56266,85128.0
860Z200US56267,56267,109715.0
860Z200US56270,56270,74249.0
860Z200US56271,56271,87471.0
860Z200US56273,56273,105034.0
860Z200US56274,56274,133709.0
860Z200US56276,56276,89478.0
860Z200US56277,56277,83799.0
860Z200US56278,56278,81398.0
860Z200US56279,56279,92000.0
860Z200US56280,56280,84717.0
860Z200US56281,56281,125373.0
860Z200US56282,56282,86071.0
860Z200US56283,56283,83312.0
860Z200US56284,56284,86265.0
860Z200US56285,56285,90400.0
860Z200US56287,56287,74019.0
860Z200US56288,56288,131239.0
860Z200US56289,56289,95055.0
860Z200US56291,56291,92361.0
860Z200US56292,56292,91688.0
860Z200US56293,56293,88338.0
860Z200US56294,56294,120709.0
860Z200US56295,56295,80802.0
860Z200US56296,56296,81847.0
860Z200US56297,56297,95932.0
860Z200US56301,56301,94500.0
860Z200US56303,56303,80589.0
860Z200US56304,56304,72638.0
860Z200US56307,56307,100816.0
860Z200US56308,56308,100370.0
860Z200US56309,56309,101253.0
860Z200US56310,56310,112741.0
860Z200US56311,56311,72938.0
860Z200US56312,56312,89608.0
860Z200US56313,56313,68572.0
860Z200US56314,56314,110199.0
860Z200US56315,56315,93701.0
860Z200US56316,56316,89646.0
860Z200US56318,56318,91409.0
860Z200US56319,56319,134653.0
860Z200US56320,56320,110832.0
860Z200US56321,56321,
860Z200US56323,56323,87773.0
860Z200US56324,56324,98748.0
860Z200US56325,56325,91936.0
860Z200US56326,56326,94192.0
860Z200US56327,56327,103472.0
860Z200US56328,56328,100044.0
860Z200US56329,56329,99968.0
860Z200US56330,56330,96786.0
860Z200US56331,56331,129281.0
860Z200US56332,56332,106116.0
860Z200US56334,56334,86579.0
860Z200US56335,56335,73099.0
860Z200US56336,56336,101262.0
860Z200US56338,56338,84524.0
860Z200US56339,56339,70963.0
860Z200US56340,56340,96981.0
860Z200US56342,56342,90003.0
860Z200US56343,56343,95289.0
860Z200US56345,56345,80857.0
860Z200US56347,56347,76664.0
860Z200US56349,56349,99807.0
860Z200US56350,56350,54926.0
860Z200US56352,56352,88849.0
860Z200US56353,56353,90302.0
860Z200US56354,56354,107861.0
860Z200US56355,56355,101438.0
860Z200US56356,56356,91359.0
860Z200US56357,56357,121278.0
860Z200US56358,56358,88942.0
860Z200US56359,56359,78195.0
860Z200US56360,56360,79707.0
860Z200US56361,56361,84931.0
860Z200US56362,56362,102056.0
860Z200US56363,56363,76045.0
860Z200US56364,56364,93227.0
860Z200US56367,56367,111034.0
860Z200US56368,56368,104230.0
860Z200US56369,56369,82520.0
860Z200US56371,56371,57100.0
860Z200US56373,56373,109904.0
860Z200US56374,56374,102478.0
860Z200US56375,56375,104694.0
860Z200US56376,56376,75552.0
860Z200US56377,56377,109016.0
860Z200US56378,56378,91530.0
860Z200US56379,56379,93842.0
860Z200US56381,56381,90773.0
860Z200US56382,56382,88883.0
860Z200US56384,56384,63217.0
860Z200US56385,56385,92626.0
860Z200US56386,56386,65078.0
860Z200US56387,56387,69849.0
860Z200US56389,56389,60497.0
860Z200US56401,56401,87647.0
860Z200US56425,56425,95614.0
860Z200US56431,56431,79866.0
860Z200US56433,56433,74427.0
860Z200US56434,56434,84120.0
860Z200US56435,56435,76137.0
860Z200US56437,56437,72470.0
860Z200US56438,56438,75484.0
860Z200US56440,56440,66957.0
860Z200US56441,56441,74074.0
860Z200US56442,56442,114705.0
860Z200US56443,56443,109101.0
860Z200US56444,56444,104424.0
860Z200US56446,56446,70317.0
860Z200US56447,56447,84374.0
860Z200US56448,56448,93768.0
860Z200US56449,56449,90147.0
860Z200US56450,56450,68418.0
860Z200US56452,56452,84034.0
860Z200US56453,56453,82722.0
860Z200US56455,56455,82315.0
860Z200US56458,56458,83919.0
860Z200US56461,56461,93812.0
860Z200US56464,56464,78329.0
860Z200US56465,56465,89927.0
860Z200US56466,56466,71611.0
860Z200US56467,56467,92314.0
860Z200US56468,56468,127986.0
860Z200US56469,56469,68950.0
860Z200US56470,56470,91304.0
860Z200US56472,56472,102474.0
860Z200US56473,56473,93838.0
860Z200US56474,56474,80789.0
860Z200US56475,56475,76340.0
860Z200US56477,56477,70939.0
860Z200US56479,56479,74495.0
860Z200US56481,56481,81938.0
860Z200US56482,56482,72286.0
860Z200US56484,56484,88389.0
860Z200US56501,56501,102090.0
860Z200US56510,56510,88519.0
860Z200US56511,56511,119552.0
860Z200US56514,56514,113160.0
860Z200US56515,56515,93565.0
860Z200US56516,56516,87891.0
860Z200US56517,56517,120767.0
860Z200US56518,56518,75278.0
860Z200US56519,56519,76421.0
860Z200US56520,56520,72653.0
860Z200US56521,56521,94339.0
860Z200US56522,56522,94032.0
860Z200US56523,56523,85351.0
860Z200US56524,56524,104384.0
860Z200US56525,56525,84006.0
860Z200US56527,56527,79204.0
860Z200US56528,56528,97462.0
860Z200US56529,56529,111406.0
860Z200US56531,56531,105526.0
860Z200US56533,56533,91989.0
860Z200US56534,56534,91755.0
860Z200US56535,56535,80616.0
860Z200US56536,56536,101524.0
860Z200US56537,56537,82488.0
860Z200US56540,56540,89109.0
860Z200US56541,56541,75688.0
860Z200US56542,56542,74298.0
860Z200US56543,56543,91572.0
860Z200US56544,56544,90664.0
860Z200US56545,56545,98100.0
860Z200US56546,56546,106213.0
860Z200US56547,56547,110428.0
860Z200US56548,56548,82214.0
860Z200US56549,56549,117579.0
860Z200US56550,56550,80527.0
860Z200US56551,56551,84533.0
860Z200US56552,56552,78604.0
860Z200US56553,56553,86030.0
860Z200US56554,56554,108054.0
860Z200US56556,56556,70371.0
860Z200US56557,56557,69891.0
860Z200US56560,56560,91178.0
860Z200US56562,56562,
860Z200US56563,56563,
860Z200US56565,56565,49245.0
860Z200US56566,56566,53969.0
860Z200US56567,56567,87609.0
860Z200US56568,56568,60053.0
860Z200US56569,56569,83120.0
860Z200US56570,56570,77767.0
860Z200US56571,56571,108877.0
860Z200US56572,56572,99281.0
860Z200US56573,56573,90575.0
860Z200US56574,56574,92580.0
860Z200US56575,56575,71135.0
860Z200US56576,56576,93547.0
860Z200US56578,56578,110674.0
860Z200US56579,56579,116217.0
860Z200US56580,56580,119743.0
860Z200US56581,56581,64841.0
860Z200US56583,56583,77504.0
860Z200US56584,56584,93161.0
860Z200US56585,56585,80663.0
860Z200US56586,56586,99238.0
860Z200US56587,56587,106527.0
860Z200US56588,56588,89324.0
860Z200US56589,56589,79771.0
860Z200US56590,56590,92376.0
860Z200US56591,56591,49512.0
860Z200US56592,56592,84594.0
860Z200US56594,56594,100321.0
860Z200US56601,56601,90679.0
860Z200US56621,56621,79838.0
860Z200US56623,56623,93798.0
860Z200US56626,56626,71360.0
860Z200US56627,56627,42989.0
860Z200US56628,56628,75134.0
860Z200US56629,56629,88943.0
860Z200US56630,56630,72931.0
860Z200US56633,56633,81194.0
860Z200US56634,56634,88548.0
860Z200US56636,56636,78685.0
860Z200US56637,56637,70978.0
860Z200US56639,56639,56054.0
860Z200US56641,56641,63199.0
860Z200US56644,56644,79577.0
860Z200US56646,56646,69648.0
860Z200US56647,56647,80603.0
860Z200US56649,56649,87599.0
860Z200US56650,56650,80023.0
860Z200US56651,56651,86300.0
860Z200US56652,56652,80544.0
860Z200US56653,56653,80781.0
860Z200US56654,56654,111325.0
860Z200US56655,56655,67255.0
860Z200US56657,56657,70663.0
860Z200US56658,56658,
860Z200US56659,56659,119309.0
860Z200US56660,56660,75365.0
860Z200US56661,56661,81232.0
860Z200US56662,56662,93244.0
860Z200US56663,56663,49031.0
860Z200US56666,56666,59541.0
860Z200US56667,56667,97344.0
860Z200US56668,56668,108314.0
860Z200US56669,56669,93811.0
860Z200US56670,56670,89188.0
860Z200US56671,56671,62864.0
860Z200US56672,56672,81238.0
860Z200US56673,56673,72009.0
860Z200US56676,56676,87210.0
860Z200US56678,56678,95068.0
860Z200US56680,56680,65484.0
860Z200US56681,56681,65305.0
860Z200US56683,56683,119205.0
860Z200US56684,56684,93893.0
860Z200US56685,56685,83451.0
860Z200US56686,56686,81968.0
860Z200US56688,56688,92271.0
860Z200US56701,56701,91248.0
860Z200US56710,56710,84652.0
860Z200US56711,56711,
860Z200US56713,56713,103389.0
860Z200US56714,56714,79545.0
860Z200US56715,56715,76153.0
860Z200US56716,56716,78107.0
860Z200US56720,56720,
860Z200US56721,56721,95647.0
860Z200US56722,56722,99067.0
860Z200US56723,56723,124119.0
860Z200US56724,56724,78186.0
860Z200US56725,56725,83875.0
860Z200US56726,56726,86930.0
860Z200US56727,56727,98871.0
860Z200US56728,56728,89035.0
860Z200US56729,56729,83945.0
860Z200US56731,56731,60661.0
860Z200US56732,56732,76502.0
860Z200US56733,56733,102151.0
860Z200US56734,56734,90620.0
860Z200US56735,56735,80143.0
860Z200US56736,56736,109890.0
860Z200US56737,56737,81690.0
860Z200US56738,56738,82388.0
860Z200US56742,56742,93931.0
860Z200US56744,56744,91385.0
860Z200US56748,56748,94213.0
860Z200US56750,56750,88164.0
860Z200US56751,56751,88667.0
860Z200US56754,56754,94641.0
860Z200US56755,56755,82134.0
860Z200US56756,56756,94584.0
860Z200US56757,56757,86048.0
860Z200US56758,56758,72172.0
860Z200US56759,56759,86079.0
860Z200US56760,56760,91187.0
860Z200US56761,56761,86127.0
860Z200US56762,56762,75522.0
860Z200US56763,56763,92145.0
860Z200US57001,57001,80221.0
860Z200US57002,57002,103351.0
860Z200US57003,57003,116709.0
860Z200US57004,57004,94739.0
860Z200US57005,57005,136700.0
860Z200US57006,57006,85755.0
860Z200US57007,57007,
860Z200US57010,57010,79950.0
860Z200US57012,57012,99921.0
860Z200US57013,57013,95984.0
860Z200US57014,57014,88171.0
860Z200US57015,57015,126973.0
860Z200US57016,57016,105461.0
860Z200US57017,57017,104009.0
860Z200US57018,57018,120562.0
860Z200US57020,57020,150161.0
860Z200US57021,57021,104163.0
860Z200US57022,57022,112708.0
860Z200US57024,57024,124768.0
860Z200US57025,57025,99881.0
860Z200US57026,57026,81206.0
860Z200US57027,57027,96924.0
860Z200US57028,57028,82606.0
860Z200US57029,57029,85381.0
860Z200US57030,57030,116081.0
860Z200US57031,57031,96437.0
860Z200US57032,57032,131301.0
860Z200US57033,57033,114200.0
860Z200US57034,57034,95006.0
860Z200US57035,57035,113529.0
860Z200US57036,57036,98160.0
860Z200US57037,57037,81598.0
860Z200US57038,57038,136089.0
860Z200US57039,57039,93383.0
860Z200US57040,57040,92843.0
860Z200US57041,57041,119312.0
860Z200US57042,57042,85907.0
860Z200US57043,57043,89617.0
860Z200US57045,57045,82815.0
860Z200US57046,57046,88417.0
860Z200US57047,57047,61526.0
860Z200US57048,57048,105647.0
860Z200US57049,57049,135713.0
860Z200US57050,57050,131263.0
860Z200US57051,57051,86495.0
860Z200US57052,57052,115344.0
860Z200US57053,57053,97311.0
860Z200US57054,57054,120105.0
860Z200US57055,57055,153535.0
860Z200US57057,57057,93462.0
860Z200US57058,57058,91963.0
860Z200US57059,57059,73617.0
860Z200US57061,57061,68621.0
860Z200US57062,57062,74241.0
860Z200US57063,57063,107688.0
860Z200US57064,57064,122143.0
860Z200US57065,57065,74974.0
860Z200US57066,57066,66483.0
860Z200US57067,57067,116287.0
860Z200US57068,57068,114026.0
860Z200US57069,57069,72708.0
860Z200US57070,57070,76175.0
860Z200US57071,57071,85682.0
860Z200US57072,57072,89118.0
860Z200US57073,57073,77583.0
860Z200US57075,57075,168701.0
860Z200US57076,57076,123266.0
860Z200US57077,57077,90545.0
860Z200US57078,57078,94078.0
860Z200US57103,57103,91944.0
860Z200US57104,57104,71645.0
860Z200US57105,57105,102811.0
860Z200US57106,57106,99355.0
860Z200US57107,57107,95279.0
860Z200US57108,57108,146543.0
860Z200US57110,57110,121546.0
860Z200US57117,57117,
860Z200US57197,57197,
860Z200US57201,57201,84165.0
860Z200US57212,57212,113018.0
860Z200US57213,57213,79713.0
860Z200US57214,57214,68874.0
860Z200US57216,57216,89382.0
860Z200US57217,57217,55857.0
860Z200US57218,57218,94905.0
860Z200US57219,57219,77553.0
860Z200US57220,57220,113333.0
860Z200US57221,57221,114232.0
860Z200US57223,57223,101606.0
860Z200US57224,57224,127660.0
860Z200US57225,57225,76943.0
860Z200US57226,57226,83105.0
860Z200US57227,57227,120103.0
860Z200US57231,57231,91534.0
860Z200US57232,57232,206346.0
860Z200US57233,57233,108133.0
860Z200US57234,57234,101067.0
860Z200US57235,57235,97919.0
860Z200US57236,57236,66854.0
860Z200US57237,57237,100435.0
860Z200US57238,57238,88751.0
860Z200US57239,57239,92366.0
860Z200US57241,57241,112807.0
860Z200US57242,57242,106375.0
860Z200US57243,57243,74694.0
860Z200US57245,57245,65036.0
860Z200US57246,57246,105207.0
860Z200US57247,57247,76445.0
860Z200US57248,57248,94853.0
860Z200US57249,57249,82554.0
860Z200US57251,57251,82153.0
860Z200US57252,57252,94956.0
860Z200US57255,57255,73967.0
860Z200US57256,57256,78981.0
860Z200US57257,57257,62524.0
860Z200US57258,57258,60670.0
860Z200US57259,57259,68809.0
860Z200US57260,57260,91204.0
860Z200US57261,57261,63936.0
860Z200US57262,57262,68918.0
860Z200US57263,57263,106119.0
860Z200US57264,57264,80898.0
860Z200US57265,57265,79413.0
860Z200US57266,57266,78630.0
860Z200US57268,57268,88629.0
860Z200US57269,57269,138676.0
860Z200US57270,57270,89659.0
860Z200US57271,57271,80049.0
860Z200US57272,57272,70539.0
860Z200US57273,57273,70646.0
860Z200US57274,57274,92395.0
860Z200US57276,57276,83858.0
860Z200US57278,57278,90483.0
860Z200US57279,57279,79753.0
860Z200US57301,57301,81247.0
860Z200US57311,57311,120232.0
860Z200US57312,57312,111641.0
860Z200US57313,57313,105964.0
860Z200US57314,57314,79799.0
860Z200US57315,57315,80500.0
860Z200US57317,57317,63789.0
860Z200US57319,57319,98113.0
860Z200US57321,57321,105416.0
860Z200US57322,57322,110318.0
860Z200US57323,57323,65875.0
860Z200US57324,57324,100294.0
860Z200US57325,57325,99270.0
860Z200US57328,57328,90145.0
860Z200US57329,57329,81746.0
860Z200US57330,57330,79599.0
860Z200US57331,57331,110556.0
860Z200US57332,57332,90767.0
860Z200US57334,57334,84176.0
860Z200US57335,57335,84775.0
860Z200US57337,57337,101357.0
860Z200US57339,57339,45936.0
860Z200US57340,57340,89311.0
860Z200US57341,57341,104389.0
860Z200US57342,57342,89912.0
860Z200US57344,57344,68161.0
860Z200US57345,57345,86370.0
860Z200US57346,57346,
860Z200US57348,57348,86996.0
860Z200US57349,57349,78653.0
860Z200US57350,57350,76540.0
860Z200US57353,57353,116240.0
860Z200US57354,57354,83490.0
860Z200US57355,57355,76947.0
860Z200US57356,57356,74398.0
860Z200US57358,57358,90483.0
860Z200US57359,57359,123971.0
860Z200US57361,57361,35408.0
860Z200US57362,57362,90043.0
860Z200US57363,57363,87056.0
860Z200US57364,57364,
860Z200US57365,57365,94716.0
860Z200US57366,57366,98891.0
860Z200US57367,57367,107406.0
860Z200US57368,57368,109985.0
860Z200US57369,57369,79527.0
860Z200US57370,57370,79733.0
860Z200US57371,57371,81549.0
860Z200US57373,57373,80662.0
860Z200US57374,57374,97266.0
860Z200US57375,57375,117844.0
860Z200US57376,57376,86940.0
860Z200US57379,57379,103480.0
860Z200US57380,57380,85181.0
860Z200US57381,57381,108294.0
860Z200US57382,57382,109794.0
860Z200US57383,57383,81517.0
860Z200US57384,57384,84436.0
860Z200US57385,57385,72861.0
860Z200US57386,57386,87441.0
860Z200US57401,57401,87427.0
860Z200US57420,57420,44379.0
860Z200US57421,57421,
860Z200US57422,57422,92196.0
860Z200US57424,57424,81762.0
860Z200US57426,57426,78089.0
860Z200US57427,57427,140675.0
860Z200US57428,57428,91997.0
860Z200US57429,57429,82568.0
860Z200US57430,57430,86754.0
860Z200US57432,57432,94951.0
860Z200US57433,57433,82150.0
860Z200US57434,57434,145579.0
860Z200US57435,57435,119133.0
860Z200US57436,57436,99826.0
860Z200US57437,57437,83114.0
860Z200US57438,57438,76540.0
860Z200US57439,57439,
860Z200US57440,57440,132174.0
860Z200US57441,57441,88831.0
860Z200US57442,57442,85508.0
860Z200US57445,57445,100974.0
860Z200US57446,57446,64366.0
860Z200US57448,57448,73842.0
860Z200US57449,57449,167485.0
860Z200US57450,57450,86900.0
860Z200US57451,57451,122242.0
860Z200US57452,57452,67552.0
860Z200US57454,57454,96259.0
860Z200US57455,57455,92445.0
860Z200US57456,57456,86174.0
860Z200US57457,57457,122271.0
860Z200US57460,57460,172611.0
860Z200US57461,57461,107118.0
860Z200US57465,57465,158140.0
860Z200US57466,57466,61594.0
860Z200US57467,57467,68753.0
860Z200US57468,57468,101223.0
860Z200US57469,57469,82654.0
860Z200US57470,57470,95950.0
860Z200US57471,57471,78842.0
860Z200US57472,57472,77783.0
860Z200US57473,57473,37018.0
860Z200US57474,57474,114684.0
860Z200US57475,57475,177383.0
860Z200US57476,57476,93215.0
860Z200US57477,57477,102002.0
860Z200US57479,57479,150628.0
860Z200US57481,57481,95677.0
860Z200US57501,57501,94703.0
860Z200US57520,57520,58731.0
860Z200US57521,57521,43282.0
860Z200US57522,57522,91816.0
860Z200US57523,57523,73380.0
860Z200US57528,57528,71873.0
860Z200US57529,57529,90666.0
860Z200US57531,57531,79087.0
860Z200US57532,57532,107995.0
860Z200US57533,57533,70625.0
860Z200US57534,57534,44561.0
860Z200US57536,57536,108872.0
860Z200US57537,57537,
860Z200US57538,57538,91029.0
860Z200US57540,57540,94563.0
860Z200US57541,57541,123942.0
860Z200US57543,57543,45292.0
860Z200US57544,57544,87089.0
860Z200US57547,57547,107128.0
860Z200US57548,57548,53345.0
860Z200US57551,57551,70156.0
860Z200US57552,57552,92682.0
860Z200US57553,57553,130694.0
860Z200US57555,57555,52413.0
860Z200US57559,57559,80080.0
860Z200US57560,57560,23523.0
860Z200US57562,57562,105740.0
860Z200US57563,57563,93819.0
860Z200US57564,57564,92882.0
860Z200US57566,57566,24795.0
860Z200US57567,57567,67596.0
860Z200US57568,57568,92323.0
860Z200US57569,57569,67976.0
860Z200US57570,57570,49982.0
860Z200US57571,57571,32829.0
860Z200US57572,57572,50077.0
860Z200US57574,57574,
860Z200US57576,57576,92474.0
860Z200US57577,57577,36141.0
860Z200US57579,57579,65708.0
860Z200US57580,57580,77517.0
860Z200US57584,57584,29500.0
860Z200US57585,57585,57963.0
860Z200US57601,57601,86972.0
860Z200US57620,57620,96055.0
860Z200US57621,57621,31789.0
860Z200US57622,57622,38421.0
860Z200US57623,57623,76419.0
860Z200US57625,57625,67045.0
860Z200US57626,57626,99751.0
860Z200US57630,57630,151825.0
860Z200US57631,57631,96122.0
860Z200US57632,57632,99154.0
860Z200US57633,57633,110080.0
860Z200US57634,57634,65571.0
860Z200US57636,57636,83938.0
860Z200US57638,57638,73112.0
860Z200US57639,57639,22303.0
860Z200US57640,57640,627466.0
860Z200US57641,57641,82816.0
860Z200US57642,57642,70585.0
860Z200US57644,57644,70738.0
860Z200US57645,57645,88088.0
860Z200US57646,57646,92815.0
860Z200US57648,57648,94141.0
860Z200US57649,57649,107245.0
860Z200US57650,57650,
860Z200US57651,57651,103253.0
860Z200US57652,57652,32413.0
860Z200US57656,57656,81861.0
860Z200US57657,57657,101352.0
860Z200US57658,57658,36123.0
860Z200US57659,57659,
860Z200US57660,57660,103809.0
860Z200US57661,57661,45583.0
860Z200US57701,57701,73584.0
860Z200US57702,57702,125002.0
860Z200US57703,57703,92499.0
860Z200US57706,57706,64899.0
860Z200US57714,57714,41027.0
860Z200US57716,57716,92173.0
860Z200US57717,57717,88788.0
860Z200US57718,57718,94521.0
860Z200US57719,57719,88282.0
860Z200US57720,57720,118609.0
860Z200US57722,57722,59335.0
860Z200US57724,57724,75648.0
860Z200US57725,57725,61267.0
860Z200US57730,57730,104762.0
860Z200US57732,57732,60975.0
860Z200US57735,57735,77830.0
860Z200US57737,57737,
860Z200US57738,57738,60271.0
860Z200US57741,57741,
860Z200US57744,57744,130539.0
860Z200US57745,57745,94501.0
860Z200US57747,57747,81571.0
860Z200US57748,57748,103790.0
860Z200US57750,57750,26210.0
860Z200US57751,57751,108365.0
860Z200US57752,57752,39322.0
860Z200US57754,57754,72597.0
860Z200US57755,57755,113465.0
860Z200US57756,57756,22246.0
860Z200US57758,57758,54856.0
860Z200US57759,57759,112598.0
860Z200US57760,57760,68820.0
860Z200US57761,57761,98387.0
860Z200US57762,57762,83941.0
860Z200US57763,57763,81024.0
860Z200US57764,57764,62023.0
860Z200US57766,57766,87132.0
860Z200US57767,57767,254619.0
860Z200US57769,57769,106814.0
860Z200US57770,57770,62982.0
860Z200US57772,57772,25524.0
860Z200US57773,57773,62519.0
860Z200US57775,57775,121770.0
860Z200US57776,57776,
860Z200US57779,57779,158210.0
860Z200US57780,57780,75271.0
860Z200US57782,57782,68060.0
860Z200US57783,57783,94888.0
860Z200US57785,57785,80210.0
860Z200US57787,57787,61721.0
860Z200US57788,57788,78035.0
860Z200US57790,57790,110842.0
860Z200US57791,57791,57205.0
860Z200US57792,57792,88227.0
860Z200US57793,57793,102458.0
860Z200US57794,57794,18744.0
860Z200US57799,57799,
860Z200US58001,58001,84213.0
860Z200US58002,58002,
860Z200US58004,58004,97807.0
860Z200US58005,58005,150362.0
860Z200US58006,58006,114739.0
860Z200US58007,58007,84410.0
860Z200US58008,58008,147966.0
860Z200US58009,58009,
860Z200US58011,58011,106166.0
860Z200US58012,58012,114309.0
860Z200US58013,58013,112247.0
860Z200US58015,58015,151079.0
860Z200US58016,58016,121605.0
860Z200US58017,58017,95711.0
860Z200US58018,58018,116026.0
860Z200US58021,58021,119058.0
860Z200US58027,58027,85973.0
860Z200US58029,58029,149032.0
860Z200US58030,58030,150764.0
860Z200US58031,58031,92582.0
860Z200US58032,58032,112675.0
860Z200US58033,58033,125225.0
860Z200US58035,58035,129835.0
860Z200US58036,58036,109841.0
860Z200US58038,58038,110002.0
860Z200US58040,58040,88285.0
860Z200US58041,58041,98624.0
860Z200US58042,58042,164208.0
860Z200US58043,58043,155141.0
860Z200US58045,58045,105264.0
860Z200US58046,58046,90105.0
860Z200US58047,58047,182669.0
860Z200US58048,58048,108058.0
860Z200US58049,58049,144295.0
860Z200US58051,58051,142140.0
860Z200US58052,58052,109014.0
860Z200US58053,58053,78254.0
860Z200US58054,58054,88728.0
860Z200US58056,58056,83013.0
860Z200US58057,58057,105665.0
860Z200US58058,58058,84428.0
860Z200US58059,58059,124265.0
860Z200US58060,58060,92467.0
860Z200US58061,58061,90925.0
860Z200US58062,58062,76698.0
860Z200US58063,58063,95368.0
860Z200US58064,58064,118178.0
860Z200US58065,58065,68313.0
860Z200US58067,58067,102784.0
860Z200US58068,58068,74586.0
860Z200US58069,58069,76453.0
860Z200US58071,58071,105742.0
860Z200US58072,58072,89297.0
860Z200US58074,58074,
860Z200US58075,58075,86256.0
860Z200US58076,58076,
860Z200US58077,58077,114871.0
860Z200US58078,58078,121929.0
860Z200US58079,58079,180245.0
860Z200US58081,58081,116976.0
860Z200US58102,58102,81878.0
860Z200US58103,58103,79103.0
860Z200US58104,58104,114094.0
860Z200US58105,58105,
860Z200US58201,58201,96785.0
860Z200US58202,58202,31915.0
860Z200US58203,58203,71355.0
860Z200US58204,58204,78107.0
860Z200US58205,58205,
860Z200US58210,58210,93719.0
860Z200US58212,58212,74865.0
860Z200US58214,58214,120795.0
860Z200US58216,58216,148969.0
860Z200US58218,58218,116074.0
860Z200US58219,58219,74816.0
860Z200US58220,58220,89256.0
860Z200US58222,58222,70430.0
860Z200US58223,58223,116364.0
860Z200US58224,58224,112744.0
860Z200US58225,58225,98448.0
860Z200US58227,58227,83277.0
860Z200US58228,58228,81696.0
860Z200US58229,58229,49143.0
860Z200US58230,58230,95758.0
860Z200US58231,58231,105194.0
860Z200US58233,58233,106911.0
860Z200US58235,58235,91271.0
860Z200US58236,58236,356737.0
860Z200US58237,58237,83003.0
860Z200US58238,58238,112428.0
860Z200US58239,58239,123656.0
860Z200US58240,58240,92054.0
860Z200US58241,58241,68449.0
860Z200US58243,58243,83088.0
860Z200US58244,58244,112167.0
860Z200US58249,58249,100424.0
860Z200US58250,58250,81107.0
860Z200US58251,58251,132974.0
860Z200US58254,58254,96046.0
860Z200US58255,58255,
860Z200US58256,58256,110643.0
860Z200US58257,58257,91115.0
860Z200US58258,58258,63270.0
860Z200US58259,58259,71599.0
860Z200US58260,58260,71335.0
860Z200US58261,58261,95336.0
860Z200US58262,58262,143600.0
860Z200US58265,58265,96481.0
860Z200US58266,58266,78990.0
860Z200US58267,58267,100452.0
860Z200US58269,58269,65271.0
860Z200US58270,58270,89075.0
860Z200US58271,58271,106745.0
860Z200US58272,58272,83906.0
860Z200US58273,58273,72558.0
860Z200US58274,58274,116170.0
860Z200US58275,58275,120123.0
860Z200US58276,58276,108663.0
860Z200US58277,58277,85152.0
860Z200US58278,58278,120604.0
860Z200US58281,58281,173418.0
860Z200US58282,58282,67645.0
860Z200US58301,58301,79309.0
860Z200US58310,58310,
860Z200US58311,58311,92572.0
860Z200US58313,58313,44442.0
860Z200US58316,58316,70837.0
860Z200US58317,58317,101883.0
860Z200US58318,58318,108216.0
860Z200US58321,58321,94585.0
860Z200US58323,58323,218480.0
860Z200US58324,58324,81255.0
860Z200US58325,58325,134973.0
860Z200US58327,58327,87961.0
860Z200US58329,58329,67650.0
860Z200US58330,58330,97295.0
860Z200US58331,58331,72980.0
860Z200US58332,58332,59278.0
860Z200US58335,58335,50117.0
860Z200US58338,58338,81190.0
860Z200US58339,58339,29280.0
860Z200US58341,58341,79005.0
860Z200US58343,58343,116466.0
860Z200US58344,58344,83161.0
860Z200US58345,58345,91043.0
860Z200US58346,58346,83355.0
860Z200US58348,58348,82183.0
860Z200US58351,58351,66912.0
860Z200US58352,58352,120212.0
860Z200US58353,58353,113827.0
860Z200US58355,58355,131891.0
860Z200US58356,58356,74663.0
860Z200US58357,58357,104422.0
860Z200US58361,58361,116776.0
860Z200US58362,58362,
860Z200US58363,58363,116435.0
860Z200US58365,58365,54085.0
860Z200US58366,58366,85804.0
860Z200US58367,58367,75243.0
860Z200US58368,58368,77851.0
860Z200US58369,58369,88185.0
860Z200US58370,58370,71738.0
860Z200US58372,58372,100423.0
860Z200US58374,58374,66534.0
860Z200US58377,58377,131962.0
860Z200US58379,58379,52764.0
860Z200US58380,58380,100241.0
860Z200US58381,58381,134292.0
860Z200US58382,58382,93901.0
860Z200US58384,58384,87074.0
860Z200US58385,58385,278998.0
860Z200US58386,58386,120023.0
860Z200US58401,58401,91129.0
860Z200US58402,58402,
860Z200US58405,58405,
860Z200US58413,58413,77078.0
860Z200US58415,58415,239492.0
860Z200US58416,58416,65843.0
860Z200US58418,58418,98443.0
860Z200US58420,58420,119254.0
860Z200US58421,58421,95905.0
860Z200US58422,58422,195759.0
860Z200US58423,58423,125487.0
860Z200US58424,58424,89543.0
860Z200US58425,58425,118400.0
860Z200US58426,58426,221124.0
860Z200US58428,58428,96508.0
860Z200US58429,58429,93412.0
860Z200US58430,58430,69359.0
860Z200US58431,58431,88465.0
860Z200US58433,58433,88904.0
860Z200US58436,58436,88161.0
860Z200US58438,58438,86998.0
860Z200US58439,58439,70821.0
860Z200US58440,58440,75062.0
860Z200US58441,58441,121948.0
860Z200US58442,58442,77313.0
860Z200US58443,58443,88943.0
860Z200US58444,58444,73038.0
860Z200US58445,58445,82486.0
860Z200US58448,58448,62956.0
860Z200US58451,58451,99992.0
860Z200US58452,58452,
860Z200US58454,58454,79419.0
860Z200US58455,58455,95798.0
860Z200US58456,58456,76477.0
860Z200US58458,58458,90070.0
860Z200US58460,58460,52793.0
860Z200US58461,58461,74050.0
860Z200US58463,58463,75363.0
860Z200US58464,58464,86701.0
860Z200US58466,58466,125657.0
860Z200US58467,58467,86683.0
860Z200US58472,58472,111694.0
860Z200US58474,58474,104223.0
860Z200US58475,58475,25520.0
860Z200US58476,58476,62402.0
860Z200US58477,58477,140336.0
860Z200US58478,58478,52559.0
860Z200US58479,58479,131622.0
860Z200US58480,58480,81162.0
860Z200US58481,58481,88612.0
860Z200US58482,58482,72078.0
860Z200US58483,58483,58477.0
860Z200US58484,58484,182795.0
860Z200US58486,58486,145916.0
860Z200US58487,58487,68320.0
860Z200US58488,58488,72668.0
860Z200US58490,58490,93279.0
860Z200US58492,58492,171420.0
860Z200US58494,58494,93148.0
860Z200US58495,58495,80877.0
860Z200US58496,58496,99408.0
860Z200US58497,58497,112642.0
860Z200US58501,58501,87621.0
860Z200US58503,58503,132288.0
860Z200US58504,58504,99049.0
860Z200US58505,58505,
860Z200US58520,58520,98753.0
860Z200US58521,58521,146661.0
860Z200US58523,58523,95199.0
860Z200US58524,58524,105126.0
860Z200US58528,58528,44207.0
860Z200US58529,58529,93899.0
860Z200US58530,58530,101157.0
860Z200US58531,58531,98590.0
860Z200US58532,58532,60911.0
860Z200US58533,58533,69902.0
860Z200US58535,58535,83038.0
860Z200US58538,58538,54834.0
860Z200US58540,58540,94265.0
860Z200US58541,58541,99106.0
860Z200US58542,58542,70992.0
860Z200US58544,58544,112245.0
860Z200US58545,58545,96470.0
860Z200US58549,58549,98853.0
860Z200US58552,58552,78503.0
860Z200US58554,58554,112810.0
860Z200US58558,58558,116980.0
860Z200US58559,58559,96807.0
860Z200US58560,58560,146047.0
860Z200US58561,58561,68104.0
860Z200US58562,58562,75713.0
860Z200US58563,58563,90446.0
860Z200US58564,58564,59175.0
860Z200US58565,58565,109007.0
860Z200US58566,58566,109847.0
860Z200US58568,58568,77099.0
860Z200US58569,58569,128240.0
860Z200US58570,58570,121320.0
860Z200US58571,58571,78635.0
860Z200US58572,58572,84694.0
860Z200US58573,58573,82594.0
860Z200US58575,58575,93490.0
860Z200US58576,58576,125461.0
860Z200US58577,58577,88695.0
860Z200US58579,58579,111959.0
860Z200US58580,58580,113420.0
860Z200US58581,58581,86201.0
860Z200US58601,58601,98806.0
860Z200US58620,58620,82103.0
860Z200US58621,58621,92374.0
860Z200US58622,58622,101663.0
860Z200US58623,58623,87873.0
860Z200US58625,58625,185113.0
860Z200US58626,58626,115759.0
860Z200US58627,58627,109668.0
860Z200US58630,58630,101395.0
860Z200US58631,58631,77544.0
860Z200US58632,58632,78745.0
860Z200US58634,58634,148422.0
860Z200US58636,58636,117899.0
860Z200US58638,58638,77905.0
860Z200US58639,58639,76382.0
860Z200US58640,58640,127431.0
860Z200US58641,58641,44948.0
860Z200US58642,58642,151979.0
860Z200US58643,58643,79591.0
860Z200US58644,58644,176463.0
860Z200US58645,58645,80931.0
860Z200US58646,58646,79059.0
860Z200US58647,58647,95879.0
860Z200US58649,58649,72442.0
860Z200US58650,58650,90940.0
860Z200US58651,58651,102123.0
860Z200US58652,58652,112633.0
860Z200US58653,58653,101240.0
860Z200US58654,58654,107825.0
860Z200US58655,58655,136219.0
860Z200US58656,58656,93517.0
860Z200US58701,58701,98396.0
860Z200US58703,58703,107394.0
860Z200US58704,58704,72824.0
860Z200US58705,58705,
860Z200US58707,58707,
860Z200US58710,58710,98315.0
860Z200US58711,58711,177100.0
860Z200US58712,58712,120082.0
860Z200US58713,58713,78322.0
860Z200US58716,58716,74870.0
860Z200US58718,58718,101289.0
860Z200US58721,58721,119673.0
860Z200US58722,58722,101207.0
860Z200US58723,58723,80761.0
860Z200US58725,58725,103290.0
860Z200US58727,58727,146882.0
860Z200US58730,58730,103602.0
860Z200US58731,58731,112849.0
860Z200US58733,58733,128830.0
860Z200US58734,58734,85965.0
860Z200US58735,58735,225691.0
860Z200US58736,58736,80016.0
860Z200US58737,58737,121433.0
860Z200US58740,58740,103835.0
860Z200US58741,58741,96034.0
860Z200US58744,58744,76260.0
860Z200US58746,58746,83239.0
860Z200US58748,58748,150335.0
860Z200US58750,58750,90267.0
860Z200US58752,58752,105933.0
860Z200US58755,58755,213653.0
860Z200US58756,58756,121809.0
860Z200US58757,58757,101104.0
860Z200US58758,58758,96534.0
860Z200US58759,58759,99872.0
860Z200US58760,58760,87885.0
860Z200US58761,58761,75188.0
860Z200US58762,58762,106365.0
860Z200US58763,58763,90223.0
860Z200US58765,58765,98834.0
860Z200US58768,58768,90430.0
860Z200US58769,58769,81336.0
860Z200US58770,58770,99240.0
860Z200US58771,58771,90840.0
860Z200US58772,58772,112207.0
860Z200US58773,58773,144790.0
860Z200US58775,58775,88170.0
860Z200US58776,58776,95072.0
860Z200US58778,58778,129088.0
860Z200US58779,58779,74065.0
860Z200US58781,58781,125184.0
860Z200US58782,58782,83515.0
860Z200US58783,58783,149690.0
860Z200US58784,58784,112725.0
860Z200US58785,58785,108506.0
860Z200US58787,58787,78736.0
860Z200US58788,58788,102935.0
860Z200US58789,58789,107463.0
860Z200US58790,58790,94809.0
860Z200US58792,58792,115905.0
860Z200US58793,58793,123894.0
860Z200US58794,58794,107915.0
860Z200US58795,58795,126589.0
860Z200US58801,58801,120847.0
860Z200US58830,58830,120896.0
860Z200US58831,58831,148529.0
860Z200US58833,58833,143382.0
860Z200US58835,58835,139299.0
860Z200US58838,58838,96132.0
860Z200US58843,58843,170563.0
860Z200US58844,58844,50536.0
860Z200US58845,58845,79774.0
860Z200US58847,58847,133073.0
860Z200US58849,58849,117256.0
860Z200US58852,58852,105942.0
860Z200US58853,58853,118074.0
860Z200US58854,58854,140923.0
860Z200US58856,58856,112799.0
860Z200US59001,59001,131023.0
860Z200US59002,59002,91864.0
860Z200US59003,59003,61794.0
860Z200US59006,59006,61200.0
860Z200US59007,59007,143330.0
860Z200US59008,59008,105005.0
860Z200US59010,59010,154111.0
860Z200US59011,59011,93071.0
860Z200US59012,59012,64559.0
860Z200US59013,59013,145817.0
860Z200US59014,59014,66291.0
860Z200US59015,59015,78250.0
860Z200US59016,59016,82075.0
860Z200US59018,59018,117117.0
860Z200US59019,59019,109010.0
860Z200US59020,59020,52218.0
860Z200US59022,59022,47158.0
860Z200US59024,59024,72526.0
860Z200US59025,59025,54292.0
860Z200US59026,59026,66216.0
860Z200US59027,59027,62113.0
860Z200US59028,59028,86862.0
860Z200US59029,59029,84507.0
860Z200US59030,59030,69680.0
860Z200US59031,59031,146929.0
860Z200US59032,59032,48452.0
860Z200US59033,59033,94242.0
860Z200US59034,59034,68046.0
860Z200US59035,59035,51372.0
860Z200US59036,59036,63911.0
860Z200US59037,59037,117435.0
860Z200US59038,59038,71748.0
860Z200US59039,59039,
860Z200US59041,59041,109313.0
860Z200US59043,59043,47098.0
860Z200US59044,59044,114552.0
860Z200US59046,59046,94049.0
860Z200US59047,59047,98273.0
860Z200US59050,59050,85986.0
860Z200US59052,59052,132077.0
860Z200US59053,59053,42634.0
860Z200US59054,59054,77122.0
860Z200US59055,59055,136007.0
860Z200US59057,59057,100703.0
860Z200US59058,59058,92659.0
860Z200US59059,59059,57507.0
860Z200US59061,59061,106249.0
860Z200US59062,59062,149715.0
860Z200US59063,59063,113907.0
860Z200US59064,59064,79071.0
860Z200US59065,59065,178017.0
860Z200US59066,59066,73597.0
860Z200US59067,59067,99125.0
860Z200US59068,59068,92591.0
860Z200US59069,59069,85928.0
860Z200US59070,59070,88972.0
860Z200US59071,59071,71203.0
860Z200US59072,59072,81532.0
860Z200US59074,59074,61916.0
860Z200US59075,59075,72680.0
860Z200US59076,59076,138524.0
860Z200US59077,59077,166586.0
860Z200US59078,59078,39559.0
860Z200US59079,59079,85925.0
860Z200US59081,59081,175320.0
860Z200US59082,59082,
860Z200US59083,59083,
860Z200US59085,59085,30972.0
860Z200US59086,59086,74669.0
860Z200US59087,59087,80518.0
860Z200US59088,59088,98176.0
860Z200US59089,59089,72947.0
860Z200US59101,59101,76779.0
860Z200US59102,59102,104295.0
860Z200US59105,59105,91648.0
860Z200US59106,59106,171499.0
860Z200US59201,59201,56246.0
860Z200US59211,59211,216916.0
860Z200US59212,59212,105178.0
860Z200US59213,59213,68109.0
860Z200US59214,59214,56879.0
860Z200US59215,59215,94083.0
860Z200US59217,59217,62828.0
860Z200US59218,59218,97072.0
860Z200US59219,59219,193396.0
860Z200US59221,59221,79982.0
860Z200US59222,59222,65646.0
860Z200US59223,59223,104133.0
860Z200US59225,59225,58874.0
860Z200US59226,59226,78871.0
860Z200US59230,59230,80280.0
860Z200US59231,59231,36824.0
860Z200US59240,59240,92275.0
860Z200US59241,59241,58959.0
860Z200US59242,59242,91630.0
860Z200US59243,59243,91928.0
860Z200US59244,59244,85643.0
860Z200US59247,59247,87941.0
860Z200US59248,59248,94263.0
860Z200US59250,59250,58321.0
860Z200US59252,59252,46519.0
860Z200US59253,59253,137092.0
860Z200US59254,59254,86915.0
860Z200US59255,59255,54866.0
860Z200US59256,59256,83160.0
860Z200US59257,59257,105100.0
860Z200US59258,59258,128909.0
860Z200US59259,59259,98385.0
860Z200US59260,59260,96728.0
860Z200US59261,59261,74361.0
860Z200US59262,59262,93717.0
860Z200US59263,59263,70555.0
860Z200US59270,59270,95746.0
860Z200US59273,59273,90400.0
860Z200US59274,59274,80186.0
860Z200US59275,59275,85547.0
860Z200US59276,59276,103130.0
860Z200US59301,59301,83484.0
860Z200US59311,59311,71529.0
860Z200US59312,59312,90300.0
860Z200US59313,59313,90074.0
860Z200US59314,59314,80810.0
860Z200US59315,59315,89747.0
860Z200US59316,59316,57820.0
860Z200US59317,59317,103688.0
860Z200US59318,59318,121880.0
860Z200US59319,59319,116285.0
860Z200US59322,59322,60881.0
860Z200US59323,59323,98617.0
860Z200US59324,59324,59944.0
860Z200US59326,59326,38561.0
860Z200US59327,59327,65397.0
860Z200US59330,59330,83199.0
860Z200US59332,59332,55747.0
860Z200US59333,59333,109464.0
860Z200US59336,59336,114639.0
860Z200US59337,59337,77758.0
860Z200US59338,59338,111577.0
860Z200US59339,59339,97354.0
860Z200US59343,59343,110795.0
860Z200US59344,59344,176804.0
860Z200US59345,59345,105362.0
860Z200US59347,59347,80063.0
860Z200US59349,59349,76896.0
860Z200US59351,59351,48009.0
860Z200US59353,59353,84355.0
860Z200US59354,59354,63175.0
860Z200US59401,59401,72997.0
860Z200US59404,59404,99625.0
860Z200US59405,59405,77272.0
860Z200US59410,59410,61965.0
860Z200US59411,59411,81493.0
860Z200US59412,59412,93589.0
860Z200US59414,59414,54533.0
860Z200US59416,59416,99318.0
860Z200US59417,59417,53244.0
860Z200US59418,59418,139112.0
860Z200US59419,59419,46722.0
860Z200US59420,59420,80091.0
860Z200US59421,59421,120332.0
860Z200US59422,59422,72245.0
860Z200US59424,59424,69903.0
860Z200US59425,59425,73198.0
860Z200US59427,59427,76080.0
860Z200US59430,59430,121489.0
860Z200US59432,59432,82590.0
860Z200US59433,59433,70384.0
860Z200US59434,59434,69782.0
860Z200US59435,59435,
860Z200US59436,59436,82867.0
860Z200US59440,59440,117624.0
860Z200US59441,59441,108386.0
860Z200US59442,59442,79475.0
860Z200US59443,59443,91674.0
860Z200US59444,59444,67135.0
860Z200US59446,59446,74181.0
860Z200US59447,59447,79735.0
860Z200US59448,59448,48471.0
860Z200US59450,59450,97381.0
860Z200US59451,59451,84965.0
860Z200US59452,59452,72941.0
860Z200US59453,59453,77314.0
860Z200US59454,59454,38823.0
860Z200US59456,59456,66075.0
860Z200US59457,59457,74764.0
860Z200US59460,59460,57104.0
860Z200US59461,59461,45503.0
860Z200US59462,59462,61164.0
860Z200US59463,59463,69037.0
860Z200US59464,59464,87748.0
860Z200US59465,59465,58845.0
860Z200US59466,59466,49664.0
860Z200US59467,59467,53150.0
860Z200US59468,59468,137603.0
860Z200US59469,59469,84222.0
860Z200US59471,59471,125764.0
860Z200US59472,59472,85183.0
860Z200US59474,59474,79032.0
860Z200US59477,59477,114848.0
860Z200US59479,59479,82927.0
860Z200US59480,59480,141014.0
860Z200US59482,59482,98252.0
860Z200US59483,59483,233902.0
860Z200US59484,59484,94454.0
860Z200US59485,59485,92524.0
860Z200US59486,59486,70817.0
860Z200US59487,59487,67804.0
860Z200US59489,59489,60948.0
860Z200US59501,59501,76710.0
860Z200US59520,59520,85341.0
860Z200US59521,59521,59000.0
860Z200US59522,59522,74199.0
860Z200US59523,59523,82953.0
860Z200US59524,59524,58387.0
860Z200US59525,59525,61865.0
860Z200US59526,59526,80237.0
860Z200US59527,59527,64484.0
860Z200US59528,59528,94368.0
860Z200US59529,59529,69582.0
860Z200US59530,59530,67633.0
860Z200US59531,59531,105655.0
860Z200US59532,59532,93411.0
860Z200US59535,59535,88236.0
860Z200US59537,59537,110430.0
860Z200US59538,59538,87761.0
860Z200US59540,59540,75503.0
860Z200US59542,59542,83543.0
860Z200US59544,59544,70401.0
860Z200US59545,59545,41941.0
860Z200US59546,59546,47209.0
860Z200US59547,59547,48454.0
860Z200US59601,59601,98334.0
860Z200US59602,59602,109047.0
860Z200US59623,59623,
860Z200US59625,59625,
860Z200US59631,59631,83515.0
860Z200US59632,59632,90081.0
860Z200US59633,59633,112762.0
860Z200US59634,59634,147285.0
860Z200US59635,59635,87219.0
860Z200US59636,59636,
860Z200US59638,59638,87505.0
860Z200US59639,59639,71782.0
860Z200US59640,59640,111432.0
860Z200US59642,59642,
860Z200US59643,59643,56879.0
860Z200US59644,59644,75741.0
860Z200US59645,59645,81725.0
860Z200US59647,59647,92251.0
860Z200US59648,59648,88172.0
860Z200US59701,59701,77500.0
860Z200US59710,59710,75374.0
860Z200US59711,59711,65661.0
860Z200US59713,59713,98080.0
860Z200US59714,59714,113839.0
860Z200US59715,59715,134270.0
860Z200US59716,59716,149749.0
860Z200US59718,59718,125700.0
860Z200US59720,59720,71892.0
860Z200US59721,59721,119109.0
860Z200US59722,59722,74202.0
860Z200US59724,59724,66658.0
860Z200US59725,59725,73887.0
860Z200US59727,59727,73611.0
860Z200US59728,59728,77582.0
860Z200US59729,59729,91633.0
860Z200US59730,59730,124747.0
860Z200US59731,59731,77910.0
860Z200US59732,59732,97945.0
860Z200US59733,59733,75684.0
860Z200US59735,59735,101536.0
860Z200US59736,59736,103844.0
860Z200US59739,59739,64489.0
860Z200US59740,59740,61873.0
860Z200US59741,59741,113783.0
860Z200US59743,59743,68730.0
860Z200US59745,59745,66265.0
860Z200US59746,59746,103673.0
860Z200US59747,59747,95786.0
860Z200US59748,59748,93497.0
860Z200US59749,59749,82300.0
860Z200US59750,59750,93771.0
860Z200US59751,59751,66478.0
860Z200US59752,59752,94400.0
860Z200US59754,59754,112750.0
860Z200US59755,59755,66766.0
860Z200US59756,59756,
860Z200US59758,59758,122322.0
860Z200US59759,59759,66827.0
860Z200US59760,59760,120639.0
860Z200US59761,59761,90643.0
860Z200US59762,59762,89356.0
860Z200US59801,59801,78072.0
860Z200US59802,59802,87231.0
860Z200US59803,59803,145048.0
860Z200US59804,59804,107427.0
860Z200US59808,59808,103404.0
860Z200US59812,59812,
860Z200US59820,59820,92092.0
860Z200US59821,59821,91026.0
860Z200US59823,59823,106924.0
860Z200US59824,59824,71808.0
860Z200US59825,59825,100542.0
860Z200US59826,59826,72858.0
860Z200US59827,59827,69452.0
860Z200US59828,59828,102444.0
860Z200US59829,59829,94379.0
860Z200US59830,59830,63136.0
860Z200US59831,59831,48803.0
860Z200US59832,59832,115517.0
860Z200US59833,59833,102768.0
860Z200US59834,59834,91768.0
860Z200US59837,59837,80999.0
860Z200US59840,59840,82437.0
860Z200US59841,59841,78963.0
860Z200US59842,59842,110214.0
860Z200US59843,59843,146045.0
860Z200US59844,59844,66791.0
860Z200US59845,59845,51020.0
860Z200US59846,59846,106614.0
860Z200US59847,59847,92759.0
860Z200US59848,59848,49173.0
860Z200US59851,59851,249272.0
860Z200US59853,59853,69126.0
860Z200US59854,59854,115500.0
860Z200US59855,59855,26808.0
860Z200US59856,59856,41602.0
860Z200US59858,59858,67455.0
860Z200US59859,59859,84012.0
860Z200US59860,59860,81166.0
860Z200US59863,59863,87155.0
860Z200US59864,59864,78893.0
860Z200US59865,59865,75988.0
860Z200US59866,59866,86089.0
860Z200US59867,59867,
860Z200US59868,59868,91280.0
860Z200US59870,59870,105216.0
860Z200US59871,59871,76277.0
860Z200US59872,59872,65895.0
860Z200US59873,59873,65719.0
860Z200US59874,59874,75768.0
860Z200US59875,59875,86062.0
860Z200US59901,59901,90764.0
860Z200US59910,59910,111607.0
860Z200US59911,59911,107538.0
860Z200US59912,59912,89719.0
860Z200US59913,59913,43915.0
860Z200US59914,59914,110943.0
860Z200US59915,59915,43296.0
860Z200US59916,59916,92409.0
860Z200US59917,59917,78243.0
860Z200US59918,59918,81637.0
860Z200US59919,59919,59083.0
860Z200US59920,59920,96330.0
860Z200US59922,59922,121163.0
860Z200US59923,59923,61548.0
860Z200US59925,59925,79850.0
860Z200US59926,59926,66183.0
860Z200US59927,59927,66347.0
860Z200US59928,59928,56738.0
860Z200US59929,59929,87231.0
860Z200US59930,59930,77239.0
860Z200US59931,59931,186356.0
860Z200US59932,59932,89093.0
860Z200US59933,59933,
860Z200US59934,59934,91102.0
860Z200US59935,59935,56141.0
860Z200US59936,59936,99947.0
860Z200US59937,59937,113584.0
860Z200US60002,60002,135926.0
860Z200US60004,60004,155376.0
860Z200US60005,60005,128284.0
860Z200US60007,60007,116279.0
860Z200US60008,60008,116785.0
860Z200US60010,60010,231011.0
860Z200US60012,60012,190635.0
860Z200US60013,60013,144571.0
860Z200US60014,60014,130438.0
860Z200US60015,60015,249611.0
860Z200US60016,60016,109173.0
860Z200US60018,60018,100712.0
860Z200US60020,60020,92085.0
860Z200US60021,60021,143767.0
860Z200US60022,60022,416080.0
860Z200US60025,60025,179876.0
860Z200US60026,60026,197461.0
860Z200US60029,60029,318594.0
860Z200US60030,60030,131108.0
860Z200US60031,60031,140572.0
860Z200US60033,60033,90037.0
860Z200US60034,60034,121398.0
860Z200US60035,60035,247444.0
860Z200US60040,60040,128703.0
860Z200US60041,60041,109773.0
860Z200US60042,60042,109185.0
860Z200US60043,60043,460411.0
860Z200US60044,60044,204881.0
860Z200US60045,60045,297423.0
860Z200US60046,60046,138643.0
860Z200US60047,60047,223171.0
860Z200US60048,60048,227846.0
860Z200US60050,60050,110011.0
860Z200US60051,60051,132190.0
860Z200US60053,60053,128058.0
860Z200US60056,60056,120594.0
860Z200US60060,60060,133712.0
860Z200US60061,60061,154460.0
860Z200US60062,60062,204402.0
860Z200US60064,60064,66168.0
860Z200US60067,60067,159332.0
860Z200US60068,60068,187917.0
860Z200US60069,60069,219963.0
860Z200US60070,60070,114227.0
860Z200US60071,60071,123412.0
860Z200US60072,60072,148858.0
860Z200US60073,60073,112945.0
860Z200US60074,60074,104591.0
860Z200US60075,60075,
860Z200US60076,60076,128839.0
860Z200US60077,60077,106009.0
860Z200US60081,60081,146559.0
860Z200US60083,60083,136557.0
860Z200US60084,60084,123085.0
860Z200US60085,60085,79102.0
860Z200US60087,60087,92757.0
860Z200US60088,60088,66853.0
860Z200US60089,60089,158829.0
860Z200US60090,60090,103896.0
860Z200US60091,60091,290688.0
860Z200US60093,60093,380923.0
860Z200US60096,60096,112795.0
860Z200US60097,60097,105864.0
860Z200US60098,60098,114423.0
860Z200US60099,60099,88735.0
860Z200US60101,60101,106661.0
860Z200US60102,60102,145951.0
860Z200US60103,60103,149385.0
860Z200US60104,60104,90199.0
860Z200US60106,60106,90623.0
860Z200US60107,60107,113455.0
860Z200US60108,60108,135967.0
860Z200US60109,60109,99809.0
860Z200US60110,60110,101239.0
860Z200US60111,60111,135031.0
860Z200US60112,60112,103599.0
860Z200US60113,60113,179952.0
860Z200US60115,60115,66017.0
860Z200US60118,60118,139356.0
860Z200US60119,60119,155230.0
860Z200US60120,60120,93743.0
860Z200US60123,60123,100004.0
860Z200US60124,60124,162249.0
860Z200US60126,60126,198527.0
860Z200US60129,60129,117496.0
860Z200US60130,60130,109157.0
860Z200US60131,60131,91776.0
860Z200US60133,60133,103703.0
860Z200US60134,60134,182536.0
860Z200US60135,60135,113840.0
860Z200US60136,60136,131439.0
860Z200US60137,60137,182373.0
860Z200US60139,60139,103049.0
860Z200US60140,60140,162001.0
860Z200US60141,60141,17196.0
860Z200US60142,60142,110961.0
860Z200US60143,60143,151890.0
860Z200US60144,60144,80168.0
860Z200US60145,60145,98501.0
860Z200US60146,60146,92304.0
860Z200US60148,60148,120851.0
860Z200US60150,60150,108945.0
860Z200US60151,60151,133305.0
860Z200US60152,60152,112501.0
860Z200US60153,60153,82701.0
860Z200US60154,60154,122769.0
860Z200US60155,60155,80559.0
860Z200US60156,60156,128493.0
860Z200US60157,60157,154099.0
860Z200US60160,60160,84563.0
860Z200US60162,60162,93656.0
860Z200US60163,60163,94054.0
860Z200US60164,60164,88750.0
860Z200US60165,60165,81551.0
860Z200US60169,60169,116924.0
860Z200US60171,60171,88544.0
860Z200US60172,60172,130403.0
860Z200US60173,60173,130454.0
860Z200US60174,60174,139210.0
860Z200US60175,60175,211604.0
860Z200US60176,60176,84691.0
860Z200US60177,60177,144238.0
860Z200US60178,60178,106681.0
860Z200US60180,60180,121675.0
860Z200US60181,60181,111157.0
860Z200US60183,60183,
860Z200US60184,60184,216027.0
860Z200US60185,60185,127033.0
860Z200US60187,60187,163058.0
860Z200US60188,60188,124813.0
860Z200US60189,60189,170050.0
860Z200US60190,60190,166710.0
860Z200US60191,60191,107829.0
860Z200US60192,60192,172126.0
860Z200US60193,60193,113635.0
860Z200US60194,60194,119171.0
860Z200US60195,60195,102717.0
860Z200US60201,60201,173566.0
860Z200US60202,60202,141407.0
860Z200US60203,60203,186096.0
860Z200US60208,60208,
860Z200US60301,60301,130663.0
860Z200US60302,60302,155854.0
860Z200US60304,60304,170516.0
860Z200US60305,60305,245054.0
860Z200US60401,60401,117034.0
860Z200US60402,60402,92985.0
860Z200US60403,60403,83173.0
860Z200US60404,60404,133042.0
860Z200US60406,60406,73744.0
860Z200US60407,60407,95953.0
860Z200US60408,60408,106835.0
860Z200US60409,60409,65792.0
860Z200US60410,60410,145352.0
860Z200US60411,60411,73423.0
860Z200US60415,60415,83220.0
860Z200US60416,60416,97103.0
860Z200US60417,60417,131164.0
860Z200US60418,60418,81539.0
860Z200US60419,60419,75998.0
860Z200US60420,60420,89178.0
860Z200US60421,60421,123175.0
860Z200US60422,60422,183800.0
860Z200US60423,60423,158751.0
860Z200US60424,60424,101612.0
860Z200US60425,60425,88274.0
860Z200US60426,60426,60692.0
860Z200US60428,60428,75076.0
860Z200US60429,60429,80642.0
860Z200US60430,60430,106707.0
860Z200US60431,60431,129880.0
860Z200US60432,60432,79291.0
860Z200US60433,60433,76428.0
860Z200US60435,60435,89313.0
860Z200US60436,60436,74056.0
860Z200US60437,60437,94207.0
860Z200US60438,60438,89200.0
860Z200US60439,60439,155347.0
860Z200US60440,60440,111028.0
860Z200US60441,60441,125955.0
860Z200US60442,60442,146999.0
860Z200US60443,60443,108976.0
860Z200US60444,60444,110031.0
860Z200US60445,60445,84383.0
860Z200US60446,60446,111669.0
860Z200US60447,60447,134461.0
860Z200US60448,60448,146735.0
860Z200US60449,60449,143828.0
860Z200US60450,60450,105266.0
860Z200US60451,60451,144286.0
860Z200US60452,60452,107471.0
860Z200US60453,60453,104659.0
860Z200US60455,60455,78008.0
860Z200US60456,60456,67485.0
860Z200US60457,60457,97526.0
860Z200US60458,60458,79689.0
860Z200US60459,60459,102340.0
860Z200US60460,60460,97470.0
860Z200US60461,60461,118722.0
860Z200US60462,60462,117570.0
860Z200US60463,60463,137549.0
860Z200US60464,60464,176580.0
860Z200US60465,60465,96319.0
860Z200US60466,60466,72771.0
860Z200US60467,60467,143310.0
860Z200US60468,60468,109044.0
860Z200US60469,60469,83123.0
860Z200US60470,60470,95487.0
860Z200US60471,60471,84937.0
860Z200US60472,60472,55772.0
860Z200US60473,60473,96426.0
860Z200US60474,60474,96536.0
860Z200US60475,60475,68975.0
860Z200US60476,60476,74889.0
860Z200US60477,60477,117247.0
860Z200US60478,60478,103186.0
860Z200US60479,60479,110704.0
860Z200US60480,60480,121802.0
860Z200US60481,60481,96007.0
860Z200US60482,60482,71823.0
860Z200US60484,60484,75469.0
860Z200US60487,60487,146320.0
860Z200US60490,60490,164734.0
860Z200US60491,60491,152595.0
860Z200US60501,60501,92970.0
860Z200US60502,60502,173412.0
860Z200US60503,60503,150012.0
860Z200US60504,60504,121397.0
860Z200US60505,60505,86710.0
860Z200US60506,60506,99875.0
860Z200US60510,60510,147043.0
860Z200US60511,60511,133440.0
860Z200US60512,60512,128363.0
860Z200US60513,60513,126906.0
860Z200US60514,60514,201314.0
860Z200US60515,60515,177247.0
860Z200US60516,60516,144967.0
860Z200US60517,60517,122726.0
860Z200US60518,60518,78590.0
860Z200US60519,60519,140822.0
860Z200US60520,60520,100265.0
860Z200US60521,60521,363418.0
860Z200US60523,60523,207003.0
860Z200US60525,60525,172364.0
860Z200US60526,60526,152032.0
860Z200US60527,60527,170087.0
860Z200US60530,60530,105521.0
860Z200US60531,60531,87050.0
860Z200US60532,60532,136613.0
860Z200US60534,60534,86540.0
860Z200US60536,60536,106718.0
860Z200US60537,60537,109278.0
860Z200US60538,60538,105039.0
860Z200US60539,60539,
860Z200US60540,60540,207107.0
860Z200US60541,60541,127593.0
860Z200US60542,60542,134540.0
860Z200US60543,60543,132707.0
860Z200US60544,60544,128370.0
860Z200US60545,60545,102010.0
860Z200US60546,60546,145441.0
860Z200US60548,60548,94758.0
860Z200US60549,60549,97739.0
860Z200US60550,60550,86629.0
860Z200US60551,60551,106723.0
860Z200US60552,60552,133376.0
860Z200US60553,60553,125931.0
860Z200US60554,60554,150541.0
860Z200US60555,60555,129538.0
860Z200US60556,60556,103863.0
860Z200US60557,60557,
860Z200US60558,60558,294896.0
860Z200US60559,60559,124671.0
860Z200US60560,60560,137675.0
860Z200US60561,60561,133597.0
860Z200US60563,60563,146759.0
860Z200US60564,60564,220934.0
860Z200US60565,60565,190135.0
860Z200US60585,60585,186810.0
860Z200US60586,60586,137512.0
860Z200US60601,60601,250335.0
860Z200US60602,60602,126923.0
860Z200US60603,60603,192215.0
860Z200US60604,60604,182244.0
860Z200US60605,60605,154389.0
860Z200US60606,60606,192142.0
860Z200US60607,60607,169954.0
860Z200US60608,60608,90495.0
860Z200US60609,60609,74628.0
860Z200US60610,60610,172895.0
860Z200US60611,60611,201700.0
860Z200US60612,60612,99705.0
860Z200US60613,60613,135493.0
860Z200US60614,60614,227916.0
860Z200US60615,60615,91576.0
860Z200US60616,60616,107521.0
860Z200US60617,60617,70010.0
860Z200US60618,60618,143989.0
860Z200US60619,60619,60852.0
860Z200US60620,60620,64281.0
860Z200US60621,60621,45127.0
860Z200US60622,60622,176355.0
860Z200US60623,60623,61412.0
860Z200US60624,60624,51347.0
860Z200US60625,60625,116388.0
860Z200US60626,60626,75956.0
860Z200US60628,60628,64621.0
860Z200US60629,60629,77752.0
860Z200US60630,60630,119376.0
860Z200US60631,60631,143453.0
860Z200US60632,60632,79772.0
860Z200US60633,60633,70670.0
860Z200US60634,60634,103563.0
860Z200US60636,60636,54333.0
860Z200US60637,60637,79178.0
860Z200US60638,60638,101735.0
860Z200US60639,60639,77633.0
860Z200US60640,60640,98340.0
860Z200US60641,60641,107988.0
860Z200US60642,60642,171898.0
860Z200US60643,60643,115834.0
860Z200US60644,60644,54134.0
860Z200US60645,60645,106792.0
860Z200US60646,60646,158167.0
860Z200US60647,60647,144749.0
860Z200US60649,60649,59220.0
860Z200US60651,60651,74084.0
860Z200US60652,60652,92225.0
860Z200US60653,60653,77735.0
860Z200US60654,60654,191912.0
860Z200US60655,60655,136585.0
860Z200US60656,60656,111329.0
860Z200US60657,60657,169785.0
860Z200US60659,60659,92062.0
860Z200US60660,60660,96921.0
860Z200US60661,60661,176904.0
860Z200US60706,60706,112885.0
860Z200US60707,60707,102658.0
860Z200US60712,60712,160784.0
860Z200US60714,60714,111624.0
860Z200US60803,60803,82719.0
860Z200US60804,60804,83618.0
860Z200US60805,60805,111512.0
860Z200US60827,60827,52329.0
860Z200US60901,60901,75548.0
860Z200US60910,60910,91472.0
860Z200US60911,60911,107351.0
860Z200US60912,60912,58229.0
860Z200US60913,60913,110326.0
860Z200US60914,60914,106198.0
860Z200US60915,60915,68729.0
860Z200US60917,60917,93121.0
860Z200US60918,60918,66160.0
860Z200US60919,60919,86474.0
860Z200US60920,60920,105569.0
860Z200US60921,60921,76678.0
860Z200US60922,60922,93072.0
860Z200US60924,60924,85942.0
860Z200US60926,60926,51265.0
860Z200US60927,60927,108988.0
860Z200US60928,60928,78708.0
860Z200US60929,60929,88656.0
860Z200US60930,60930,69869.0
860Z200US60931,60931,85154.0
860Z200US60932,60932,182342.0
860Z200US60933,60933,58294.0
860Z200US60934,60934,91838.0
860Z200US60935,60935,126053.0
860Z200US60936,60936,76523.0
860Z200US60938,60938,80279.0
860Z200US60939,60939,
860Z200US60940,60940,131480.0
860Z200US60941,60941,96373.0
860Z200US60942,60942,64576.0
860Z200US60945,60945,72118.0
860Z200US60946,60946,92299.0
860Z200US60948,60948,106945.0
860Z200US60949,60949,65071.0
860Z200US60950,60950,105561.0
860Z200US60951,60951,88058.0
860Z200US60952,60952,77882.0
860Z200US60953,60953,78968.0
860Z200US60954,60954,74916.0
860Z200US60955,60955,84384.0
860Z200US60956,60956,66765.0
860Z200US60957,60957,85475.0
860Z200US60958,60958,47296.0
860Z200US60959,60959,67624.0
860Z200US60960,60960,64180.0
860Z200US60961,60961,110506.0
860Z200US60962,60962,64700.0
860Z200US60963,60963,86509.0
860Z200US60964,60964,91979.0
860Z200US60966,60966,72458.0
860Z200US60967,60967,
860Z200US60968,60968,77907.0
860Z200US60969,60969,105385.0
860Z200US60970,60970,70003.0
860Z200US60973,60973,83676.0
860Z200US60974,60974,59602.0
860Z200US61001,61001,103119.0
860Z200US61006,61006,87632.0
860Z200US61007,61007,87689.0
860Z200US61008,61008,98364.0
860Z200US61010,61010,107256.0
860Z200US61011,61011,179374.0
860Z200US61012,61012,99536.0
860Z200US61013,61013,75134.0
860Z200US61014,61014,85549.0
860Z200US61015,61015,121096.0
860Z200US61016,61016,109518.0
860Z200US61018,61018,80288.0
860Z200US61019,61019,113696.0
860Z200US61020,61020,110583.0
860Z200US61021,61021,87051.0
860Z200US61024,61024,85160.0
860Z200US61025,61025,91932.0
860Z200US61027,61027,
860Z200US61028,61028,100224.0
860Z200US61030,61030,75699.0
860Z200US61031,61031,83367.0
860Z200US61032,61032,71383.0
860Z200US61036,61036,103974.0
860Z200US61037,61037,364465.0
860Z200US61038,61038,83170.0
860Z200US61039,61039,95667.0
860Z200US61041,61041,62882.0
860Z200US61042,61042,83051.0
860Z200US61043,61043,63855.0
860Z200US61044,61044,66122.0
860Z200US61046,61046,105555.0
860Z200US61047,61047,94050.0
860Z200US61048,61048,100890.0
860Z200US61049,61049,98643.0
860Z200US61050,61050,97726.0
860Z200US61051,61051,75608.0
860Z200US61052,61052,113549.0
860Z200US61053,61053,75622.0
860Z200US61054,61054,52612.0
860Z200US61057,61057,
860Z200US61059,61059,63426.0
860Z200US61060,61060,81893.0
860Z200US61061,61061,104284.0
860Z200US61062,61062,84045.0
860Z200US61063,61063,106825.0
860Z200US61064,61064,80053.0
860Z200US61065,61065,106149.0
860Z200US61067,61067,73076.0
860Z200US61068,61068,83025.0
860Z200US61070,61070,109680.0
860Z200US61071,61071,75112.0
860Z200US61072,61072,119692.0
860Z200US61073,61073,122215.0
860Z200US61074,61074,65674.0
860Z200US61075,61075,93470.0
860Z200US61077,61077,
860Z200US61078,61078,82890.0
860Z200US61079,61079,65471.0
860Z200US61080,61080,91820.0
860Z200US61081,61081,86436.0
860Z200US61084,61084,117502.0
860Z200US61085,61085,82151.0
860Z200US61087,61087,76061.0
860Z200US61088,61088,128374.0
860Z200US61089,61089,75992.0
860Z200US61091,61091,
860Z200US61101,61101,60078.0
860Z200US61102,61102,63848.0
860Z200US61103,61103,67594.0
860Z200US61104,61104,46108.0
860Z200US61107,61107,100386.0
860Z200US61108,61108,74753.0
860Z200US61109,61109,75336.0
860Z200US61111,61111,80766.0
860Z200US61112,61112,28015.0
860Z200US61114,61114,109669.0
860Z200US61115,61115,90283.0
860Z200US61201,61201,75870.0
860Z200US61230,61230,85811.0
860Z200US61231,61231,78315.0
860Z200US61232,61232,87626.0
860Z200US61233,61233,74842.0
860Z200US61234,61234,91914.0
860Z200US61235,61235,78645.0
860Z200US61236,61236,78671.0
860Z200US61237,61237,
860Z200US61238,61238,83196.0
860Z200US61239,61239,45562.0
860Z200US61240,61240,124943.0
860Z200US61241,61241,102386.0
860Z200US61242,61242,115258.0
860Z200US61243,61243,129120.0
860Z200US61244,61244,77072.0
860Z200US61250,61250,92860.0
860Z200US61251,61251,70057.0
860Z200US61252,61252,86274.0
860Z200US61254,61254,105842.0
860Z200US61256,61256,95678.0
860Z200US61257,61257,103036.0
860Z200US61258,61258,50421.0
860Z200US61259,61259,94138.0
860Z200US61260,61260,66559.0
860Z200US61261,61261,77764.0
860Z200US61262,61262,87297.0
860Z200US61263,61263,79104.0
860Z200US61264,61264,99684.0
860Z200US61265,61265,81598.0
860Z200US61270,61270,97517.0
860Z200US61272,61272,86336.0
860Z200US61273,61273,113178.0
860Z200US61274,61274,109421.0
860Z200US61275,61275,115423.0
860Z200US61276,61276,
860Z200US61277,61277,102381.0
860Z200US61278,61278,101725.0
860Z200US61279,61279,108228.0
860Z200US61281,61281,109698.0
860Z200US61282,61282,78160.0
860Z200US61283,61283,82228.0
860Z200US61284,61284,112548.0
860Z200US61285,61285,81215.0
860Z200US61301,61301,69458.0
860Z200US61310,61310,86802.0
860Z200US61311,61311,81982.0
860Z200US61312,61312,104192.0
860Z200US61313,61313,98408.0
860Z200US61314,61314,81498.0
860Z200US61315,61315,66605.0
860Z200US61316,61316,82293.0
860Z200US61317,61317,85769.0
860Z200US61318,61318,84406.0
860Z200US61319,61319,82379.0
860Z200US61320,61320,86367.0
860Z200US61321,61321,67150.0
860Z200US61322,61322,81429.0
860Z200US61323,61323,61965.0
860Z200US61324,61324,72987.0
860Z200US61325,61325,117683.0
860Z200US61326,61326,93474.0
860Z200US61327,61327,104938.0
860Z200US61328,61328,
860Z200US61329,61329,89072.0
860Z200US61330,61330,94476.0
860Z200US61331,61331,
860Z200US61332,61332,85302.0
860Z200US61333,61333,64299.0
860Z200US61334,61334,125085.0
860Z200US61335,61335,80280.0
860Z200US61336,61336,90357.0
860Z200US61337,61337,73139.0
860Z200US61338,61338,77653.0
860Z200US61340,61340,91646.0
860Z200US61341,61341,94232.0
860Z200US61342,61342,79909.0
860Z200US61344,61344,46521.0
860Z200US61345,61345,87599.0
860Z200US61346,61346,57548.0
860Z200US61348,61348,88018.0
860Z200US61349,61349,84858.0
860Z200US61350,61350,100343.0
860Z200US61353,61353,80299.0
860Z200US61354,61354,88990.0
860Z200US61356,61356,90637.0
860Z200US61358,61358,87707.0
860Z200US61359,61359,73278.0
860Z200US61360,61360,119232.0
860Z200US61361,61361,103138.0
860Z200US61362,61362,82018.0
860Z200US61363,61363,64166.0
860Z200US61364,61364,72975.0
860Z200US61367,61367,90834.0
860Z200US61368,61368,82170.0
860Z200US61369,61369,82531.0
860Z200US61370,61370,90741.0
860Z200US61371,61371,
860Z200US61372,61372,95438.0
860Z200US61373,61373,107273.0
860Z200US61374,61374,60641.0
860Z200US61375,61375,84330.0
860Z200US61376,61376,75777.0
860Z200US61377,61377,61452.0
860Z200US61378,61378,107979.0
860Z200US61379,61379,72070.0
860Z200US61401,61401,61897.0
860Z200US61402,61402,
860Z200US61410,61410,69895.0
860Z200US61411,61411,76523.0
860Z200US61412,61412,93689.0
860Z200US61413,61413,99567.0
860Z200US61414,61414,74088.0
860Z200US61415,61415,75753.0
860Z200US61416,61416,44277.0
860Z200US61417,61417,69830.0
860Z200US61418,61418,91978.0
860Z200US61419,61419,67119.0
860Z200US61420,61420,71050.0
860Z200US61421,61421,77217.0
860Z200US61422,61422,67060.0
860Z200US61423,61423,80539.0
860Z200US61424,61424,
860Z200US61425,61425,90128.0
860Z200US61426,61426,56141.0
860Z200US61427,61427,83108.0
860Z200US61428,61428,116224.0
860Z200US61430,61430,88292.0
860Z200US61431,61431,94269.0
860Z200US61432,61432,74459.0
860Z200US61433,61433,
860Z200US61434,61434,77448.0
860Z200US61435,61435,133073.0
860Z200US61436,61436,114755.0
860Z200US61437,61437,76246.0
860Z200US61438,61438,85836.0
860Z200US61439,61439,63240.0
860Z200US61440,61440,71572.0
860Z200US61441,61441,72898.0
860Z200US61442,61442,81347.0
860Z200US61443,61443,69552.0
860Z200US61447,61447,89698.0
860Z200US61448,61448,81818.0
860Z200US61449,61449,76974.0
860Z200US61450,61450,70246.0
860Z200US61451,61451,80271.0
860Z200US61452,61452,56784.0
860Z200US61453,61453,79119.0
860Z200US61454,61454,61332.0
860Z200US61455,61455,67812.0
860Z200US61458,61458,66657.0
860Z200US61459,61459,63195.0
860Z200US61460,61460,84433.0
860Z200US61462,61462,81475.0
860Z200US61465,61465,77450.0
860Z200US61466,61466,94691.0
860Z200US61467,61467,93346.0
860Z200US61468,61468,62064.0
860Z200US61469,61469,64955.0
860Z200US61470,61470,50962.0
860Z200US61471,61471,83325.0
860Z200US61472,61472,95370.0
860Z200US61473,61473,83073.0
860Z200US61474,61474,77404.0
860Z200US61475,61475,84625.0
860Z200US61476,61476,108915.0
860Z200US61477,61477,68207.0
860Z200US61478,61478,100053.0
860Z200US61479,61479,157191.0
860Z200US61480,61480,72736.0
860Z200US61482,61482,72397.0
860Z200US61483,61483,90782.0
860Z200US61484,61484,59137.0
860Z200US61485,61485,107723.0
860Z200US61486,61486,88820.0
860Z200US61488,61488,87445.0
860Z200US61489,61489,111751.0
860Z200US61490,61490,87468.0
860Z200US61491,61491,80209.0
860Z200US61501,61501,69298.0
860Z200US61516,61516,101297.0
860Z200US61517,61517,107061.0
860Z200US61519,61519,59621.0
860Z200US61520,61520,81874.0
860Z200US61523,61523,93220.0
860Z200US61524,61524,70339.0
860Z200US61525,61525,177339.0
860Z200US61526,61526,158052.0
860Z200US61528,61528,187916.0
860Z200US61529,61529,108395.0
860Z200US61530,61530,91019.0
860Z200US61531,61531,83005.0
860Z200US61532,61532,54768.0
860Z200US61533,61533,85755.0
860Z200US61534,61534,105920.0
860Z200US61535,61535,143632.0
860Z200US61536,61536,91653.0
860Z200US61537,61537,77406.0
860Z200US61539,61539,55101.0
860Z200US61540,61540,93550.0
860Z200US61541,61541,61884.0
860Z200US61542,61542,77953.0
860Z200US61543,61543,49517.0
860Z200US61544,61544,122468.0
860Z200US61545,61545,80361.0
860Z200US61546,61546,90243.0
860Z200US61547,61547,122522.0
860Z200US61548,61548,132347.0
860Z200US61550,61550,116148.0
860Z200US61552,61552,62655.0
860Z200US61553,61553,85096.0
860Z200US61554,61554,80266.0
860Z200US61559,61559,111012.0
860Z200US61560,61560,77969.0
860Z200US61561,61561,97183.0
860Z200US61562,61562,
860Z200US61563,61563,68819.0
860Z200US61564,61564,82912.0
860Z200US61565,61565,85117.0
860Z200US61567,61567,72451.0
860Z200US61568,61568,136674.0
860Z200US61569,61569,93620.0
860Z200US61570,61570,85262.0
860Z200US61571,61571,107853.0
860Z200US61572,61572,82306.0
860Z200US61602,61602,41292.0
860Z200US61603,61603,54616.0
860Z200US61604,61604,67732.0
860Z200US61605,61605,36977.0
860Z200US61606,61606,81148.0
860Z200US61607,61607,94174.0
860Z200US61610,61610,62885.0
860Z200US61611,61611,89467.0
860Z200US61614,61614,93692.0
860Z200US61615,61615,123994.0
860Z200US61616,61616,88011.0
860Z200US61625,61625,
860Z200US61701,61701,73163.0
860Z200US61704,61704,123906.0
860Z200US61705,61705,146072.0
860Z200US61720,61720,94848.0
860Z200US61721,61721,96274.0
860Z200US61722,61722,92001.0
860Z200US61723,61723,83808.0
860Z200US61724,61724,112480.0
860Z200US61725,61725,144295.0
860Z200US61726,61726,117730.0
860Z200US61727,61727,81565.0
860Z200US61728,61728,118684.0
860Z200US61729,61729,115441.0
860Z200US61730,61730,82918.0
860Z200US61731,61731,68184.0
860Z200US61732,61732,125661.0
860Z200US61733,61733,98406.0
860Z200US61734,61734,84688.0
860Z200US61735,61735,90518.0
860Z200US61736,61736,143213.0
860Z200US61737,61737,82075.0
860Z200US61738,61738,103222.0
860Z200US61739,61739,92817.0
860Z200US61740,61740,109126.0
860Z200US61741,61741,90862.0
860Z200US61742,61742,118493.0
860Z200US61743,61743,99770.0
860Z200US61744,61744,89992.0
860Z200US61745,61745,117795.0
860Z200US61747,61747,97449.0
860Z200US61748,61748,153138.0
860Z200US61749,61749,75720.0
860Z200US61750,61750,34078.0
860Z200US61751,61751,79513.0
860Z200US61752,61752,106931.0
860Z200US61753,61753,130590.0
860Z200US61754,61754,134943.0
860Z200US61755,61755,106617.0
860Z200US61756,61756,104862.0
860Z200US61759,61759,96954.0
860Z200US61760,61760,82200.0
860Z200US61761,61761,94332.0
860Z200US61764,61764,86317.0
860Z200US61769,61769,78684.0
860Z200US61770,61770,80249.0
860Z200US61771,61771,114540.0
860Z200US61772,61772,118383.0
860Z200US61773,61773,84728.0
860Z200US61774,61774,88718.0
860Z200US61775,61775,73409.0
860Z200US61776,61776,127253.0
860Z200US61777,61777,104052.0
860Z200US61778,61778,76738.0
860Z200US61801,61801,63820.0
860Z200US61802,61802,83856.0
860Z200US61810,61810,72646.0
860Z200US61811,61811,76134.0
860Z200US61812,61812,104861.0
860Z200US61813,61813,84080.0
860Z200US61814,61814,85331.0
860Z200US61815,61815,80338.0
860Z200US61816,61816,94384.0
860Z200US61817,61817,83575.0
860Z200US61818,61818,84444.0
860Z200US61820,61820,52648.0
860Z200US61821,61821,94493.0
860Z200US61822,61822,129102.0
860Z200US61830,61830,86980.0
860Z200US61831,61831,89233.0
860Z200US61832,61832,65080.0
860Z200US61833,61833,56528.0
860Z200US61834,61834,99407.0
860Z200US61839,61839,112796.0
860Z200US61840,61840,110365.0
860Z200US61841,61841,85828.0
860Z200US61842,61842,82397.0
860Z200US61843,61843,108368.0
860Z200US61844,61844,115239.0
860Z200US61845,61845,90812.0
860Z200US61846,61846,72917.0
860Z200US61847,61847,93280.0
860Z200US61848,61848,82821.0
860Z200US61849,61849,128200.0
860Z200US61850,61850,67175.0
860Z200US61851,61851,83384.0
860Z200US61852,61852,102691.0
860Z200US61853,61853,133015.0
860Z200US61854,61854,116118.0
860Z200US61855,61855,38563.0
860Z200US61856,61856,109147.0
860Z200US61857,61857,76317.0
860Z200US61858,61858,71043.0
860Z200US61859,61859,124634.0
860Z200US61862,61862,114859.0
860Z200US61863,61863,107693.0
860Z200US61864,61864,105941.0
860Z200US61865,61865,94988.0
860Z200US61866,61866,64457.0
860Z200US61870,61870,62245.0
860Z200US61871,61871,106232.0
860Z200US61872,61872,103486.0
860Z200US61873,61873,122672.0
860Z200US61874,61874,114687.0
860Z200US61875,61875,138502.0
860Z200US61876,61876,87650.0
860Z200US61877,61877,114069.0
860Z200US61878,61878,103362.0
860Z200US61880,61880,107598.0
860Z200US61882,61882,92799.0
860Z200US61883,61883,62728.0
860Z200US61884,61884,182199.0
860Z200US61910,61910,96169.0
860Z200US61911,61911,87098.0
860Z200US61912,61912,84964.0
860Z200US61913,61913,79380.0
860Z200US61914,61914,77384.0
860Z200US61917,61917,69535.0
860Z200US61919,61919,80272.0
860Z200US61920,61920,78482.0
860Z200US61924,61924,82865.0
860Z200US61925,61925,92308.0
860Z200US61928,61928,95684.0
860Z200US61929,61929,69315.0
860Z200US61930,61930,93651.0
860Z200US61931,61931,77006.0
860Z200US61932,61932,73156.0
860Z200US61933,61933,89305.0
860Z200US61936,61936,67609.0
860Z200US61937,61937,78878.0
860Z200US61938,61938,75939.0
860Z200US61940,61940,66019.0
860Z200US61941,61941,
860Z200US61942,61942,81521.0
860Z200US61943,61943,71854.0
860Z200US61944,61944,73304.0
860Z200US61949,61949,79340.0
860Z200US61951,61951,97076.0
860Z200US61953,61953,91536.0
860Z200US61955,61955,56532.0
860Z200US61956,61956,77723.0
860Z200US61957,61957,75558.0
860Z200US62001,62001,90031.0
860Z200US62002,62002,75010.0
860Z200US62006,62006,98102.0
860Z200US62009,62009,75530.0
860Z200US62010,62010,93270.0
860Z200US62011,62011,39971.0
860Z200US62012,62012,103324.0
860Z200US62013,62013,86651.0
860Z200US62014,62014,111372.0
860Z200US62015,62015,71625.0
860Z200US62016,62016,87539.0
860Z200US62017,62017,78881.0
860Z200US62018,62018,50895.0
860Z200US62019,62019,58421.0
860Z200US62021,62021,139478.0
860Z200US62022,62022,100281.0
860Z200US62023,62023,81323.0
860Z200US62024,62024,74180.0
860Z200US62025,62025,136692.0
860Z200US62026,62026,
860Z200US62027,62027,75899.0
860Z200US62028,62028,60745.0
860Z200US62030,62030,43000.0
860Z200US62031,62031,99750.0
860Z200US62032,62032,108784.0
860Z200US62033,62033,88985.0
860Z200US62034,62034,122396.0
860Z200US62035,62035,109304.0
860Z200US62036,62036,106524.0
860Z200US62037,62037,132462.0
860Z200US62040,62040,73549.0
860Z200US62044,62044,96789.0
860Z200US62045,62045,90761.0
860Z200US62046,62046,107012.0
860Z200US62047,62047,122227.0
860Z200US62048,62048,56940.0
860Z200US62049,62049,82943.0
860Z200US62050,62050,119628.0
860Z200US62051,62051,56554.0
860Z200US62052,62052,90441.0
860Z200US62053,62053,98079.0
860Z200US62054,62054,66194.0
860Z200US62056,62056,79206.0
860Z200US62058,62058,84733.0
860Z200US62059,62059,56869.0
860Z200US62060,62060,47248.0
860Z200US62061,62061,90683.0
860Z200US62062,62062,117288.0
860Z200US62063,62063,63326.0
860Z200US62067,62067,84858.0
860Z200US62069,62069,82594.0
860Z200US62074,62074,107582.0
860Z200US62075,62075,77201.0
860Z200US62076,62076,51700.0
860Z200US62077,62077,58548.0
860Z200US62078,62078,62835.0
860Z200US62079,62079,142657.0
860Z200US62080,62080,70469.0
860Z200US62081,62081,69861.0
860Z200US62082,62082,75895.0
860Z200US62083,62083,39240.0
860Z200US62084,62084,74511.0
860Z200US62085,62085,65316.0
860Z200US62086,62086,107523.0
860Z200US62087,62087,64123.0
860Z200US62088,62088,78611.0
860Z200US62089,62089,69695.0
860Z200US62090,62090,55688.0
860Z200US62091,62091,91856.0
860Z200US62092,62092,69776.0
860Z200US62093,62093,59394.0
860Z200US62094,62094,76277.0
860Z200US62095,62095,80093.0
860Z200US62097,62097,97898.0
860Z200US62098,62098,45193.0
860Z200US62201,62201,38231.0
860Z200US62203,62203,53902.0
860Z200US62204,62204,40705.0
860Z200US62205,62205,61869.0
860Z200US62206,62206,52967.0
860Z200US62207,62207,44083.0
860Z200US62208,62208,94777.0
860Z200US62214,62214,114359.0
860Z200US62215,62215,118353.0
860Z200US62216,62216,129106.0
860Z200US62217,62217,74168.0
860Z200US62218,62218,108904.0
860Z200US62219,62219,71860.0
860Z200US62220,62220,85021.0
860Z200US62221,62221,98192.0
860Z200US62223,62223,92155.0
860Z200US62225,62225,108050.0
860Z200US62226,62226,90895.0
860Z200US62230,62230,132922.0
860Z200US62231,62231,98062.0
860Z200US62232,62232,107746.0
860Z200US62233,62233,84143.0
860Z200US62234,62234,90355.0
860Z200US62236,62236,132463.0
860Z200US62237,62237,72964.0
860Z200US62238,62238,77295.0
860Z200US62239,62239,73869.0
860Z200US62240,62240,78219.0
860Z200US62241,62241,88182.0
860Z200US62242,62242,74859.0
860Z200US62243,62243,110070.0
860Z200US62244,62244,109985.0
860Z200US62245,62245,106971.0
860Z200US62246,62246,88801.0
860Z200US62248,62248,86870.0
860Z200US62249,62249,113883.0
860Z200US62250,62250,75196.0
860Z200US62253,62253,64870.0
860Z200US62254,62254,113973.0
860Z200US62255,62255,78627.0
860Z200US62256,62256,110025.0
860Z200US62257,62257,75460.0
860Z200US62258,62258,108265.0
860Z200US62260,62260,119344.0
860Z200US62261,62261,
860Z200US62262,62262,74947.0
860Z200US62263,62263,80579.0
860Z200US62264,62264,79624.0
860Z200US62265,62265,101225.0
860Z200US62266,62266,
860Z200US62268,62268,129155.0
860Z200US62269,62269,127004.0
860Z200US62271,62271,97342.0
860Z200US62272,62272,64426.0
860Z200US62273,62273,54063.0
860Z200US62274,62274,76308.0
860Z200US62275,62275,93731.0
860Z200US62277,62277,80161.0
860Z200US62278,62278,99001.0
860Z200US62279,62279,189212.0
860Z200US62280,62280,135616.0
860Z200US62281,62281,134280.0
860Z200US62282,62282,110498.0
860Z200US62284,62284,58070.0
860Z200US62285,62285,129470.0
860Z200US62286,62286,80972.0
860Z200US62288,62288,81412.0
860Z200US62289,62289,70638.0
860Z200US62292,62292,65102.0
860Z200US62293,62293,122496.0
860Z200US62294,62294,127253.0
860Z200US62295,62295,101402.0
860Z200US62297,62297,80719.0
860Z200US62298,62298,117745.0
860Z200US62301,62301,70287.0
860Z200US62305,62305,102127.0
860Z200US62311,62311,84013.0
860Z200US62312,62312,73716.0
860Z200US62313,62313,95087.0
860Z200US62314,62314,93207.0
860Z200US62316,62316,69727.0
860Z200US62319,62319,56189.0
860Z200US62320,62320,82188.0
860Z200US62321,62321,90851.0
860Z200US62323,62323,101706.0
860Z200US62324,62324,79046.0
860Z200US62325,62325,79574.0
860Z200US62326,62326,79557.0
860Z200US62330,62330,72396.0
860Z200US62334,62334,33537.0
860Z200US62336,62336,54653.0
860Z200US62338,62338,98939.0
860Z200US62339,62339,125497.0
860Z200US62340,62340,53727.0
860Z200US62341,62341,101819.0
860Z200US62343,62343,70596.0
860Z200US62344,62344,89093.0
860Z200US62345,62345,81389.0
860Z200US62346,62346,106134.0
860Z200US62347,62347,98211.0
860Z200US62348,62348,86346.0
860Z200US62349,62349,87965.0
860Z200US62351,62351,89490.0
860Z200US62352,62352,56347.0
860Z200US62353,62353,84110.0
860Z200US62354,62354,73286.0
860Z200US62355,62355,88488.0
860Z200US62356,62356,76495.0
860Z200US62357,62357,80954.0
860Z200US62358,62358,82568.0
860Z200US62359,62359,
860Z200US62360,62360,83247.0
860Z200US62361,62361,54417.0
860Z200US62362,62362,64847.0
860Z200US62363,62363,72881.0
860Z200US62365,62365,88742.0
860Z200US62366,62366,73290.0
860Z200US62367,62367,68896.0
860Z200US62370,62370,95644.0
860Z200US62373,62373,115761.0
860Z200US62374,62374,64913.0
860Z200US62375,62375,82262.0
860Z200US62376,62376,75815.0
860Z200US62378,62378,82310.0
860Z200US62379,62379,86275.0
860Z200US62380,62380,105799.0
860Z200US62401,62401,98365.0
860Z200US62410,62410,89181.0
860Z200US62411,62411,85984.0
860Z200US62413,62413,129023.0
860Z200US62414,62414,75781.0
860Z200US62417,62417,73003.0
860Z200US62418,62418,77173.0
860Z200US62419,62419,97790.0
860Z200US62420,62420,77390.0
860Z200US62421,62421,74687.0
860Z200US62422,62422,69167.0
860Z200US62423,62423,99296.0
860Z200US62424,62424,89540.0
860Z200US62425,62425,84521.0
860Z200US62426,62426,65950.0
860Z200US62427,62427,85609.0
860Z200US62428,62428,87987.0
860Z200US62431,62431,83452.0
860Z200US62432,62432,130936.0
860Z200US62433,62433,76534.0
860Z200US62434,62434,62166.0
860Z200US62436,62436,64046.0
860Z200US62438,62438,60146.0
860Z200US62439,62439,77994.0
860Z200US62440,62440,78070.0
860Z200US62441,62441,87935.0
860Z200US62442,62442,78211.0
860Z200US62443,62443,91155.0
860Z200US62444,62444,61919.0
860Z200US62445,62445,84800.0
860Z200US62446,62446,88271.0
860Z200US62447,62447,98100.0
860Z200US62448,62448,87285.0
860Z200US62449,62449,70890.0
860Z200US62450,62450,75990.0
860Z200US62451,62451,79431.0
860Z200US62452,62452,77811.0
860Z200US62454,62454,92521.0
860Z200US62458,62458,69515.0
860Z200US62459,62459,79833.0
860Z200US62460,62460,93014.0
860Z200US62461,62461,82077.0
860Z200US62462,62462,101486.0
860Z200US62463,62463,64152.0
860Z200US62464,62464,73208.0
860Z200US62465,62465,102625.0
860Z200US62466,62466,78122.0
860Z200US62467,62467,119815.0
860Z200US62468,62468,81263.0
860Z200US62469,62469,106149.0
860Z200US62471,62471,80279.0
860Z200US62473,62473,78246.0
860Z200US62474,62474,71277.0
860Z200US62475,62475,96521.0
860Z200US62476,62476,73648.0
860Z200US62477,62477,63796.0
860Z200US62478,62478,102190.0
860Z200US62479,62479,76697.0
860Z200US62480,62480,79358.0
860Z200US62481,62481,106538.0
860Z200US62501,62501,128960.0
860Z200US62510,62510,67685.0
860Z200US62512,62512,55988.0
860Z200US62513,62513,92823.0
860Z200US62514,62514,96937.0
860Z200US62515,62515,92796.0
860Z200US62517,62517,79182.0
860Z200US62518,62518,61003.0
860Z200US62519,62519,
860Z200US62520,62520,97014.0
860Z200US62521,62521,86811.0
860Z200US62522,62522,71326.0
860Z200US62523,62523,31356.0
860Z200US62526,62526,66045.0
860Z200US62530,62530,74923.0
860Z200US62531,62531,107267.0
860Z200US62532,62532,48170.0
860Z200US62533,62533,82406.0
860Z200US62534,62534,72170.0
860Z200US62535,62535,166941.0
860Z200US62536,62536,117093.0
860Z200US62537,62537,84147.0
860Z200US62538,62538,69385.0
860Z200US62539,62539,93777.0
860Z200US62540,62540,91019.0
860Z200US62541,62541,
860Z200US62543,62543,97347.0
860Z200US62544,62544,121084.0
860Z200US62545,62545,97799.0
860Z200US62546,62546,101065.0
860Z200US62547,62547,72589.0
860Z200US62548,62548,76326.0
860Z200US62549,62549,115715.0
860Z200US62550,62550,88143.0
860Z200US62551,62551,88137.0
860Z200US62553,62553,86798.0
860Z200US62554,62554,96009.0
860Z200US62555,62555,88269.0
860Z200US62556,62556,71773.0
860Z200US62557,62557,73326.0
860Z200US62558,62558,98965.0
860Z200US62560,62560,89918.0
860Z200US62561,62561,89402.0
860Z200US62563,62563,129659.0
860Z200US62565,62565,73462.0
860Z200US62567,62567,67094.0
860Z200US62568,62568,67421.0
860Z200US62570,62570,83585.0
860Z200US62571,62571,74179.0
860Z200US62572,62572,85338.0
860Z200US62573,62573,87306.0
860Z200US62601,62601,105586.0
860Z200US62610,62610,62113.0
860Z200US62611,62611,82697.0
860Z200US62612,62612,80862.0
860Z200US62613,62613,103786.0
860Z200US62615,62615,97499.0
860Z200US62617,62617,70653.0
860Z200US62618,62618,73160.0
860Z200US62621,62621,99733.0
860Z200US62622,62622,
860Z200US62624,62624,60283.0
860Z200US62625,62625,152504.0
860Z200US62626,62626,90337.0
860Z200US62627,62627,78736.0
860Z200US62628,62628,96133.0
860Z200US62629,62629,121398.0
860Z200US62630,62630,112941.0
860Z200US62631,62631,110957.0
860Z200US62633,62633,83212.0
860Z200US62634,62634,102054.0
860Z200US62635,62635,87096.0
860Z200US62638,62638,107343.0
860Z200US62639,62639,72061.0
860Z200US62640,62640,79489.0
860Z200US62642,62642,81713.0
860Z200US62643,62643,85959.0
860Z200US62644,62644,74590.0
860Z200US62649,62649,81160.0
860Z200US62650,62650,84692.0
860Z200US62655,62655,81676.0
860Z200US62656,62656,81280.0
860Z200US62661,62661,96189.0
860Z200US62663,62663,85801.0
860Z200US62664,62664,85295.0
860Z200US62665,62665,63535.0
860Z200US62666,62666,92431.0
860Z200US62667,62667,78668.0
860Z200US62668,62668,86850.0
860Z200US62670,62670,102272.0
860Z200US62671,62671,138340.0
860Z200US62672,62672,55683.0
860Z200US62673,62673,79074.0
860Z200US62674,62674,73714.0
860Z200US62675,62675,101171.0
860Z200US62677,62677,142505.0
860Z200US62681,62681,82923.0
860Z200US62682,62682,78813.0
860Z200US62684,62684,152412.0
860Z200US62685,62685,76110.0
860Z200US62688,62688,82639.0
860Z200US62689,62689,88730.0
860Z200US62690,62690,86344.0
860Z200US62691,62691,89104.0
860Z200US62692,62692,85183.0
860Z200US62693,62693,158650.0
860Z200US62694,62694,80957.0
860Z200US62695,62695,80161.0
860Z200US62701,62701,70183.0
860Z200US62702,62702,65266.0
860Z200US62703,62703,62338.0
860Z200US62704,62704,88930.0
860Z200US62706,62706,
860Z200US62707,62707,100077.0
860Z200US62711,62711,162531.0
860Z200US62712,62712,143694.0
860Z200US62801,62801,70932.0
860Z200US62803,62803,88035.0
860Z200US62806,62806,77364.0
860Z200US62807,62807,94718.0
860Z200US62808,62808,86491.0
860Z200US62809,62809,59699.0
860Z200US62810,62810,71242.0
860Z200US62811,62811,58792.0
860Z200US62812,62812,73345.0
860Z200US62814,62814,72555.0
860Z200US62815,62815,84379.0
860Z200US62816,62816,64393.0
860Z200US62817,62817,107842.0
860Z200US62818,62818,70229.0
860Z200US62819,62819,59064.0
860Z200US62820,62820,107194.0
860Z200US62821,62821,74423.0
860Z200US62822,62822,58231.0
860Z200US62823,62823,75877.0
860Z200US62824,62824,73842.0
860Z200US62825,62825,54162.0
860Z200US62827,62827,63839.0
860Z200US62828,62828,83114.0
860Z200US62829,62829,109256.0
860Z200US62830,62830,69570.0
860Z200US62831,62831,81461.0
860Z200US62832,62832,71559.0
860Z200US62833,62833,63010.0
860Z200US62835,62835,61475.0
860Z200US62836,62836,82143.0
860Z200US62837,62837,72443.0
860Z200US62838,62838,86152.0
860Z200US62839,62839,87651.0
860Z200US62841,62841,57276.0
860Z200US62842,62842,82850.0
860Z200US62843,62843,25498.0
860Z200US62844,62844,65774.0
860Z200US62846,62846,79313.0
860Z200US62848,62848,77483.0
860Z200US62849,62849,73106.0
860Z200US62850,62850,110586.0
860Z200US62851,62851,84138.0
860Z200US62852,62852,81944.0
860Z200US62853,62853,72638.0
860Z200US62854,62854,65029.0
860Z200US62856,62856,75535.0
860Z200US62858,62858,74297.0
860Z200US62859,62859,83627.0
860Z200US62860,62860,66988.0
860Z200US62861,62861,57413.0
860Z200US62862,62862,82760.0
860Z200US62863,62863,82405.0
860Z200US62864,62864,77497.0
860Z200US62865,62865,92199.0
860Z200US62867,62867,49958.0
860Z200US62868,62868,67303.0
860Z200US62869,62869,65602.0
860Z200US62870,62870,82250.0
860Z200US62871,62871,87232.0
860Z200US62872,62872,73378.0
860Z200US62874,62874,52872.0
860Z200US62875,62875,84803.0
860Z200US62876,62876,61506.0
860Z200US62877,62877,81028.0
860Z200US62878,62878,55815.0
860Z200US62879,62879,54033.0
860Z200US62880,62880,86457.0
860Z200US62881,62881,86601.0
860Z200US62882,62882,60719.0
860Z200US62883,62883,128653.0
860Z200US62884,62884,76277.0
860Z200US62885,62885,61144.0
860Z200US62886,62886,67243.0
860Z200US62887,62887,28834.0
860Z200US62888,62888,80659.0
860Z200US62889,62889,68785.0
860Z200US62890,62890,63983.0
860Z200US62891,62891,49375.0
860Z200US62892,62892,63521.0
860Z200US62893,62893,85701.0
860Z200US62894,62894,83639.0
860Z200US62895,62895,67989.0
860Z200US62896,62896,69942.0
860Z200US62897,62897,62169.0
860Z200US62898,62898,89858.0
860Z200US62899,62899,65947.0
860Z200US62901,62901,57940.0
860Z200US62902,62902,103914.0
860Z200US62903,62903,61976.0
860Z200US62905,62905,74445.0
860Z200US62906,62906,69383.0
860Z200US62907,62907,88737.0
860Z200US62908,62908,85509.0
860Z200US62910,62910,70499.0
860Z200US62912,62912,70939.0
860Z200US62914,62914,47995.0
860Z200US62915,62915,41837.0
860Z200US62916,62916,114448.0
860Z200US62917,62917,100976.0
860Z200US62918,62918,99847.0
860Z200US62919,62919,71947.0
860Z200US62920,62920,82707.0
860Z200US62921,62921,62536.0
860Z200US62922,62922,91804.0
860Z200US62923,62923,78337.0
860Z200US62924,62924,70049.0
860Z200US62926,62926,85685.0
860Z200US62927,62927,54655.0
860Z200US62928,62928,47691.0
860Z200US62930,62930,89976.0
860Z200US62931,62931,60664.0
860Z200US62932,62932,55319.0
860Z200US62933,62933,82966.0
860Z200US62934,62934,127888.0
860Z200US62935,62935,90469.0
860Z200US62938,62938,78514.0
860Z200US62939,62939,85527.0
860Z200US62940,62940,58013.0
860Z200US62941,62941,63489.0
860Z200US62942,62942,65612.0
860Z200US62943,62943,66178.0
860Z200US62946,62946,71909.0
860Z200US62947,62947,66199.0
860Z200US62948,62948,78198.0
860Z200US62949,62949,54453.0
860Z200US62950,62950,68057.0
860Z200US62951,62951,67547.0
860Z200US62952,62952,69814.0
860Z200US62953,62953,59197.0
860Z200US62954,62954,128229.0
860Z200US62956,62956,67636.0
860Z200US62957,62957,69368.0
860Z200US62958,62958,97025.0
860Z200US62959,62959,88525.0
860Z200US62960,62960,75352.0
860Z200US62961,62961,89833.0
860Z200US62962,62962,
860Z200US62963,62963,56535.0
860Z200US62964,62964,41479.0
860Z200US62965,62965,60321.0
860Z200US62966,62966,75117.0
860Z200US62967,62967,64233.0
860Z200US62969,62969,42356.0
860Z200US62970,62970,53284.0
860Z200US62972,62972,105704.0
860Z200US62974,62974,93783.0
860Z200US62975,62975,106883.0
860Z200US62976,62976,48346.0
860Z200US62977,62977,99805.0
860Z200US62979,62979,89099.0
860Z200US62982,62982,59982.0
860Z200US62983,62983,67259.0
860Z200US62984,62984,80586.0
860Z200US62985,62985,83210.0
860Z200US62987,62987,81530.0
860Z200US62988,62988,65989.0
860Z200US62990,62990,73370.0
860Z200US62992,62992,73419.0
860Z200US62994,62994,70857.0
860Z200US62995,62995,68776.0
860Z200US62996,62996,79124.0
860Z200US62997,62997,77961.0
860Z200US62998,62998,106891.0
860Z200US62999,62999,50235.0
860Z200US63005,63005,278007.0
860Z200US63010,63010,89035.0
860Z200US63011,63011,147009.0
860Z200US63012,63012,124233.0
860Z200US63013,63013,121207.0
860Z200US63014,63014,69808.0
860Z200US63015,63015,91068.0
860Z200US63016,63016,92653.0
860Z200US63017,63017,182585.0
860Z200US63019,63019,78226.0
860Z200US63020,63020,76104.0
860Z200US63021,63021,136526.0
860Z200US63023,63023,85974.0
860Z200US63025,63025,148475.0
860Z200US63026,63026,118632.0
860Z200US63028,63028,92624.0
860Z200US63030,63030,92309.0
860Z200US63031,63031,87769.0
860Z200US63033,63033,75850.0
860Z200US63034,63034,122054.0
860Z200US63036,63036,94500.0
860Z200US63037,63037,73353.0
860Z200US63038,63038,221844.0
860Z200US63039,63039,82044.0
860Z200US63040,63040,162716.0
860Z200US63041,63041,83071.0
860Z200US63042,63042,58814.0
860Z200US63043,63043,99937.0
860Z200US63044,63044,102202.0
860Z200US63045,63045,
860Z200US63047,63047,
860Z200US63048,63048,91308.0
860Z200US63049,63049,110543.0
860Z200US63050,63050,93227.0
860Z200US63051,63051,91195.0
860Z200US63052,63052,109249.0
860Z200US63053,63053,59616.0
860Z200US63055,63055,93992.0
860Z200US63056,63056,91424.0
860Z200US63060,63060,72194.0
860Z200US63061,63061,89033.0
860Z200US63068,63068,92992.0
860Z200US63069,63069,102525.0
860Z200US63070,63070,77049.0
860Z200US63071,63071,55297.0
860Z200US63072,63072,106328.0
860Z200US63073,63073,347637.0
860Z200US63074,63074,61712.0
860Z200US63077,63077,70399.0
860Z200US63079,63079,114263.0
860Z200US63080,63080,86919.0
860Z200US63084,63084,85359.0
860Z200US63087,63087,83792.0
860Z200US63088,63088,83753.0
860Z200US63089,63089,87341.0
860Z200US63090,63090,101762.0
860Z200US63091,63091,89418.0
860Z200US63101,63101,102856.0
860Z200US63102,63102,79832.0
860Z200US63103,63103,61469.0
860Z200US63104,63104,106960.0
860Z200US63105,63105,205330.0
860Z200US63106,63106,40304.0
860Z200US63107,63107,46493.0
860Z200US63108,63108,97893.0
860Z200US63109,63109,91142.0
860Z200US63110,63110,103774.0
860Z200US63111,63111,55054.0
860Z200US63112,63112,69120.0
860Z200US63113,63113,52225.0
860Z200US63114,63114,67290.0
860Z200US63115,63115,49108.0
860Z200US63116,63116,78805.0
860Z200US63117,63117,129861.0
860Z200US63118,63118,76071.0
860Z200US63119,63119,142565.0
860Z200US63120,63120,43831.0
860Z200US63121,63121,55872.0
860Z200US63122,63122,168887.0
860Z200US63123,63123,92485.0
860Z200US63124,63124,349511.0
860Z200US63125,63125,74442.0
860Z200US63126,63126,122283.0
860Z200US63127,63127,183030.0
860Z200US63128,63128,123191.0
860Z200US63129,63129,116919.0
860Z200US63130,63130,145594.0
860Z200US63131,63131,335161.0
860Z200US63132,63132,119030.0
860Z200US63133,63133,47221.0
860Z200US63134,63134,56034.0
860Z200US63135,63135,66693.0
860Z200US63136,63136,53013.0
860Z200US63137,63137,53773.0
860Z200US63138,63138,67582.0
860Z200US63139,63139,93411.0
860Z200US63140,63140,54228.0
860Z200US63141,63141,191184.0
860Z200US63143,63143,78942.0
860Z200US63144,63144,130775.0
860Z200US63146,63146,110767.0
860Z200US63147,63147,48937.0
860Z200US63155,63155,
860Z200US63301,63301,102161.0
860Z200US63303,63303,130180.0
860Z200US63304,63304,154926.0
860Z200US63330,63330,49694.0
860Z200US63332,63332,136059.0
860Z200US63333,63333,85563.0
860Z200US63334,63334,69161.0
860Z200US63336,63336,113233.0
860Z200US63339,63339,73106.0
860Z200US63341,63341,235525.0
860Z200US63343,63343,83419.0
860Z200US63344,63344,90663.0
860Z200US63345,63345,62511.0
860Z200US63347,63347,83062.0
860Z200US63348,63348,131620.0
860Z200US63349,63349,88464.0
860Z200US63350,63350,100258.0
860Z200US63351,63351,76153.0
860Z200US63352,63352,62012.0
860Z200US63353,63353,65060.0
860Z200US63357,63357,105761.0
860Z200US63359,63359,86456.0
860Z200US63361,63361,68607.0
860Z200US63362,63362,97246.0
860Z200US63363,63363,67806.0
860Z200US63365,63365,169741.0
860Z200US63366,63366,113150.0
860Z200US63367,63367,152502.0
860Z200US63368,63368,139582.0
860Z200US63369,63369,105510.0
860Z200US63373,63373,97203.0
860Z200US63376,63376,111556.0
860Z200US63377,63377,92865.0
860Z200US63379,63379,97651.0
860Z200US63380,63380,82802.0
860Z200US63381,63381,98335.0
860Z200US63382,63382,64716.0
860Z200US63383,63383,89883.0
860Z200US63384,63384,95878.0
860Z200US63385,63385,136206.0
860Z200US63386,63386,109204.0
860Z200US63387,63387,89282.0
860Z200US63388,63388,77179.0
860Z200US63389,63389,101861.0
860Z200US63390,63390,93870.0
860Z200US63401,63401,77242.0
860Z200US63430,63430,66750.0
860Z200US63431,63431,78518.0
860Z200US63432,63432,85944.0
860Z200US63433,63433,
860Z200US63434,63434,81097.0
860Z200US63435,63435,74073.0
860Z200US63436,63436,76732.0
860Z200US63437,63437,59399.0
860Z200US63438,63438,33572.0
860Z200US63439,63439,28502.0
860Z200US63440,63440,73092.0
860Z200US63441,63441,84370.0
860Z200US63443,63443,43232.0
860Z200US63445,63445,63524.0
860Z200US63446,63446,57439.0
860Z200US63447,63447,44862.0
860Z200US63448,63448,70471.0
860Z200US63450,63450,113548.0
860Z200US63451,63451,74987.0
860Z200US63452,63452,62884.0
860Z200US63453,63453,147596.0
860Z200US63454,63454,91751.0
860Z200US63456,63456,72482.0
860Z200US63457,63457,86511.0
860Z200US63458,63458,68080.0
860Z200US63459,63459,79760.0
860Z200US63460,63460,55350.0
860Z200US63461,63461,79984.0
860Z200US63462,63462,60247.0
860Z200US63463,63463,80278.0
860Z200US63465,63465,90624.0
860Z200US63466,63466,
860Z200US63467,63467,
860Z200US63468,63468,66528.0
860Z200US63469,63469,64663.0
860Z200US63471,63471,106866.0
860Z200US63472,63472,41430.0
860Z200US63473,63473,71897.0
860Z200US63474,63474,80495.0
860Z200US63501,63501,93718.0
860Z200US63530,63530,74172.0
860Z200US63531,63531,83184.0
860Z200US63532,63532,77896.0
860Z200US63533,63533,79059.0
860Z200US63534,63534,61861.0
860Z200US63535,63535,
860Z200US63536,63536,60975.0
860Z200US63537,63537,77510.0
860Z200US63538,63538,51614.0
860Z200US63539,63539,52853.0
860Z200US63540,63540,55600.0
860Z200US63541,63541,82524.0
860Z200US63543,63543,95507.0
860Z200US63544,63544,61291.0
860Z200US63545,63545,59254.0
860Z200US63546,63546,76566.0
860Z200US63547,63547,48126.0
860Z200US63548,63548,69814.0
860Z200US63549,63549,68409.0
860Z200US63551,63551,69692.0
860Z200US63552,63552,68750.0
860Z200US63555,63555,85154.0
860Z200US63556,63556,65504.0
860Z200US63557,63557,75514.0
860Z200US63558,63558,68751.0
860Z200US63559,63559,81033.0
860Z200US63560,63560,92225.0
860Z200US63561,63561,61818.0
860Z200US63563,63563,74762.0
860Z200US63565,63565,76908.0
860Z200US63566,63566,117603.0
860Z200US63567,63567,51726.0
860Z200US63601,63601,69222.0
860Z200US63620,63620,64222.0
860Z200US63621,63621,92385.0
860Z200US63622,63622,51621.0
860Z200US63623,63623,51615.0
860Z200US63624,63624,53052.0
860Z200US63625,63625,84114.0
860Z200US63626,63626,78085.0
860Z200US63627,63627,101093.0
860Z200US63628,63628,80262.0
860Z200US63629,63629,57550.0
860Z200US63630,63630,65196.0
860Z200US63631,63631,94435.0
860Z200US63633,63633,59413.0
860Z200US63636,63636,59859.0
860Z200US63637,63637,63226.0
860Z200US63638,63638,65248.0
860Z200US63640,63640,76186.0
860Z200US63645,63645,80172.0
860Z200US63648,63648,50963.0
860Z200US63650,63650,60072.0
860Z200US63653,63653,52616.0
860Z200US63654,63654,47038.0
860Z200US63655,63655,65082.0
860Z200US63656,63656,69117.0
860Z200US63660,63660,70245.0
860Z200US63662,63662,51762.0
860Z200US63663,63663,57879.0
860Z200US63664,63664,70621.0
860Z200US63665,63665,49309.0
860Z200US63670,63670,87561.0
860Z200US63673,63673,94207.0
860Z200US63674,63674,
860Z200US63675,63675,
860Z200US63701,63701,89673.0
860Z200US63703,63703,53282.0
860Z200US63730,63730,69936.0
860Z200US63732,63732,92875.0
860Z200US63735,63735,45628.0
860Z200US63736,63736,75480.0
860Z200US63738,63738,
860Z200US63739,63739,74675.0
860Z200US63740,63740,74816.0
860Z200US63742,63742,80188.0
860Z200US63743,63743,
860Z200US63744,63744,56073.0
860Z200US63745,63745,110668.0
860Z200US63746,63746,
860Z200US63747,63747,113062.0
860Z200US63748,63748,73483.0
860Z200US63750,63750,77531.0
860Z200US63751,63751,61413.0
860Z200US63755,63755,100173.0
860Z200US63758,63758,78020.0
860Z200US63760,63760,82240.0
860Z200US63763,63763,33224.0
860Z200US63764,63764,60296.0
860Z200US63766,63766,85619.0
860Z200US63767,63767,57904.0
860Z200US63769,63769,89277.0
860Z200US63770,63770,97355.0
860Z200US63771,63771,76276.0
860Z200US63774,63774,61147.0
860Z200US63775,63775,81452.0
860Z200US63780,63780,82020.0
860Z200US63781,63781,74173.0
860Z200US63782,63782,65038.0
860Z200US63783,63783,58153.0
860Z200US63784,63784,46768.0
860Z200US63785,63785,74768.0
860Z200US63787,63787,60838.0
860Z200US63801,63801,81077.0
860Z200US63820,63820,46721.0
860Z200US63821,63821,53293.0
860Z200US63822,63822,60677.0
860Z200US63823,63823,72601.0
860Z200US63824,63824,57234.0
860Z200US63825,63825,64259.0
860Z200US63826,63826,69863.0
860Z200US63827,63827,80465.0
860Z200US63828,63828,58801.0
860Z200US63829,63829,46279.0
860Z200US63830,63830,66242.0
860Z200US63833,63833,65536.0
860Z200US63834,63834,57177.0
860Z200US63837,63837,53685.0
860Z200US63839,63839,125374.0
860Z200US63840,63840,46304.0
860Z200US63841,63841,73268.0
860Z200US63845,63845,57973.0
860Z200US63846,63846,60865.0
860Z200US63847,63847,34110.0
860Z200US63848,63848,79745.0
860Z200US63849,63849,90551.0
860Z200US63850,63850,
860Z200US63851,63851,42353.0
860Z200US63852,63852,65462.0
860Z200US63853,63853,78978.0
860Z200US63855,63855,67246.0
860Z200US63857,63857,69478.0
860Z200US63860,63860,49456.0
860Z200US63862,63862,58562.0
860Z200US63863,63863,71993.0
860Z200US63866,63866,46357.0
860Z200US63867,63867,51757.0
860Z200US63868,63868,42114.0
860Z200US63869,63869,64146.0
860Z200US63870,63870,59565.0
860Z200US63873,63873,75702.0
860Z200US63874,63874,54498.0
860Z200US63876,63876,60251.0
860Z200US63877,63877,69941.0
860Z200US63878,63878,49685.0
860Z200US63879,63879,60072.0
860Z200US63880,63880,
860Z200US63882,63882,43705.0
860Z200US63901,63901,64813.0
860Z200US63932,63932,68239.0
860Z200US63933,63933,64414.0
860Z200US63934,63934,
860Z200US63935,63935,59223.0
860Z200US63936,63936,76094.0
860Z200US63937,63937,91894.0
860Z200US63939,63939,59947.0
860Z200US63940,63940,69782.0
860Z200US63941,63941,37733.0
860Z200US63942,63942,57194.0
860Z200US63943,63943,49191.0
860Z200US63944,63944,83691.0
860Z200US63945,63945,59842.0
860Z200US63950,63950,
860Z200US63951,63951,35674.0
860Z200US63952,63952,53648.0
860Z200US63953,63953,53518.0
860Z200US63954,63954,79797.0
860Z200US63955,63955,46185.0
860Z200US63956,63956,62636.0
860Z200US63957,63957,51946.0
860Z200US63960,63960,59783.0
860Z200US63961,63961,76886.0
860Z200US63962,63962,
860Z200US63964,63964,54951.0
860Z200US63965,63965,42769.0
860Z200US63966,63966,63347.0
860Z200US63967,63967,71075.0
860Z200US64001,64001,78409.0
860Z200US64011,64011,104576.0
860Z200US64012,64012,94787.0
860Z200US64014,64014,108208.0
860Z200US64015,64015,103870.0
860Z200US64016,64016,100622.0
860Z200US64017,64017,70558.0
860Z200US64018,64018,125414.0
860Z200US64019,64019,87419.0
860Z200US64020,64020,83814.0
860Z200US64021,64021,96703.0
860Z200US64022,64022,67944.0
860Z200US64024,64024,86817.0
860Z200US64028,64028,119850.0
860Z200US64029,64029,111538.0
860Z200US64030,64030,67001.0
860Z200US64034,64034,137861.0
860Z200US64035,64035,96379.0
860Z200US64036,64036,45875.0
860Z200US64037,64037,92525.0
860Z200US64040,64040,82563.0
860Z200US64048,64048,128690.0
860Z200US64050,64050,65527.0
860Z200US64052,64052,65337.0
860Z200US64053,64053,61154.0
860Z200US64054,64054,63899.0
860Z200US64055,64055,76985.0
860Z200US64056,64056,81007.0
860Z200US64057,64057,91617.0
860Z200US64058,64058,86203.0
860Z200US64060,64060,124772.0
860Z200US64061,64061,98811.0
860Z200US64062,64062,134470.0
860Z200US64063,64063,95174.0
860Z200US64064,64064,142880.0
860Z200US64065,64065,182111.0
860Z200US64066,64066,82128.0
860Z200US64067,64067,83862.0
860Z200US64068,64068,105047.0
860Z200US64070,64070,128134.0
860Z200US64071,64071,177026.0
860Z200US64072,64072,74560.0
860Z200US64074,64074,132109.0
860Z200US64075,64075,97367.0
860Z200US64076,64076,93534.0
860Z200US64077,64077,88530.0
860Z200US64078,64078,102274.0
860Z200US64079,64079,114309.0
860Z200US64080,64080,111833.0
860Z200US64081,64081,128594.0
860Z200US64082,64082,152403.0
860Z200US64083,64083,115792.0
860Z200US64084,64084,68126.0
860Z200US64085,64085,77321.0
860Z200US64086,64086,130692.0
860Z200US64088,64088,101076.0
860Z200US64089,64089,122634.0
860Z200US64090,64090,64968.0
860Z200US64092,64092,
860Z200US64093,64093,80316.0
860Z200US64096,64096,71184.0
860Z200US64097,64097,100174.0
860Z200US64098,64098,108069.0
860Z200US64101,64101,53633.0
860Z200US64102,64102,
860Z200US64105,64105,84830.0
860Z200US64106,64106,75836.0
860Z200US64108,64108,98415.0
860Z200US64109,64109,71806.0
860Z200US64110,64110,84091.0
860Z200US64111,64111,86266.0
860Z200US64112,64112,148514.0
860Z200US64113,64113,225607.0
860Z200US64114,64114,96115.0
860Z200US64116,64116,82192.0
860Z200US64117,64117,69738.0
860Z200US64118,64118,86004.0
860Z200US64119,64119,92834.0
860Z200US64120,64120,89977.0
860Z200US64123,64123,68615.0
860Z200US64124,64124,55625.0
860Z200US64125,64125,60214.0
860Z200US64126,64126,45874.0
860Z200US64127,64127,46135.0
860Z200US64128,64128,56011.0
860Z200US64129,64129,75942.0
860Z200US64130,64130,52036.0
860Z200US64131,64131,80242.0
860Z200US64132,64132,53175.0
860Z200US64133,64133,77696.0
860Z200US64134,64134,70573.0
860Z200US64136,64136,112779.0
860Z200US64137,64137,74910.0
860Z200US64138,64138,74624.0
860Z200US64139,64139,118102.0
860Z200US64145,64145,115361.0
860Z200US64146,64146,71193.0
860Z200US64147,64147,21507.0
860Z200US64149,64149,115603.0
860Z200US64150,64150,90569.0
860Z200US64151,64151,109663.0
860Z200US64152,64152,153058.0
860Z200US64153,64153,103682.0
860Z200US64154,64154,122373.0
860Z200US64155,64155,111534.0
860Z200US64156,64156,148645.0
860Z200US64157,64157,176738.0
860Z200US64158,64158,132848.0
860Z200US64161,64161,74508.0
860Z200US64163,64163,72583.0
860Z200US64164,64164,216956.0
860Z200US64165,64165,172749.0
860Z200US64166,64166,173954.0
860Z200US64167,64167,259548.0
860Z200US64401,64401,101704.0
860Z200US64402,64402,60404.0
860Z200US64420,64420,79700.0
860Z200US64421,64421,71464.0
860Z200US64422,64422,85668.0
860Z200US64423,64423,82895.0
860Z200US64424,64424,63422.0
860Z200US64426,64426,63477.0
860Z200US64427,64427,74763.0
860Z200US64428,64428,65011.0
860Z200US64429,64429,79612.0
860Z200US64430,64430,93205.0
860Z200US64431,64431,89916.0
860Z200US64432,64432,64562.0
860Z200US64433,64433,76970.0
860Z200US64434,64434,92234.0
860Z200US64436,64436,108146.0
860Z200US64437,64437,73126.0
860Z200US64438,64438,107830.0
860Z200US64439,64439,94522.0
860Z200US64440,64440,95088.0
860Z200US64441,64441,47991.0
860Z200US64442,64442,82148.0
860Z200US64443,64443,133530.0
860Z200US64444,64444,84490.0
860Z200US64445,64445,72668.0
860Z200US64446,64446,66241.0
860Z200US64448,64448,80658.0
860Z200US64449,64449,76444.0
860Z200US64451,64451,55207.0
860Z200US64453,64453,104611.0
860Z200US64454,64454,93505.0
860Z200US64455,64455,72900.0
860Z200US64456,64456,67586.0
860Z200US64457,64457,54511.0
860Z200US64458,64458,34367.0
860Z200US64459,64459,70103.0
860Z200US64461,64461,98436.0
860Z200US64463,64463,78373.0
860Z200US64465,64465,82466.0
860Z200US64466,64466,113053.0
860Z200US64467,64467,55449.0
860Z200US64468,64468,67456.0
860Z200US64469,64469,74054.0
860Z200US64470,64470,83754.0
860Z200US64471,64471,54646.0
860Z200US64473,64473,72805.0
860Z200US64474,64474,70820.0
860Z200US64475,64475,64108.0
860Z200US64476,64476,82159.0
860Z200US64477,64477,78470.0
860Z200US64479,64479,74547.0
860Z200US64480,64480,126415.0
860Z200US64481,64481,61575.0
860Z200US64482,64482,86141.0
860Z200US64483,64483,76594.0
860Z200US64484,64484,70970.0
860Z200US64485,64485,78338.0
860Z200US64486,64486,58260.0
860Z200US64487,64487,60688.0
860Z200US64489,64489,88693.0
860Z200US64490,64490,94844.0
860Z200US64491,64491,73706.0
860Z200US64492,64492,82906.0
860Z200US64493,64493,101762.0
860Z200US64494,64494,74774.0
860Z200US64496,64496,53640.0
860Z200US64497,64497,101821.0
860Z200US64498,64498,79464.0
860Z200US64499,64499,105711.0
860Z200US64501,64501,57025.0
860Z200US64503,64503,69592.0
860Z200US64504,64504,75267.0
860Z200US64505,64505,105079.0
860Z200US64506,64506,88955.0
860Z200US64507,64507,78378.0
860Z200US64601,64601,80731.0
860Z200US64620,64620,96835.0
860Z200US64622,64622,94681.0
860Z200US64623,64623,65150.0
860Z200US64624,64624,72859.0
860Z200US64625,64625,63364.0
860Z200US64628,64628,84239.0
860Z200US64630,64630,64456.0
860Z200US64631,64631,67116.0
860Z200US64632,64632,65141.0
860Z200US64633,64633,80099.0
860Z200US64635,64635,87608.0
860Z200US64636,64636,49499.0
860Z200US64637,64637,66012.0
860Z200US64638,64638,78971.0
860Z200US64639,64639,85691.0
860Z200US64640,64640,73666.0
860Z200US64641,64641,72874.0
860Z200US64642,64642,63368.0
860Z200US64643,64643,65123.0
860Z200US64644,64644,89057.0
860Z200US64645,64645,78791.0
860Z200US64646,64646,102002.0
860Z200US64647,64647,56048.0
860Z200US64648,64648,113131.0
860Z200US64649,64649,69795.0
860Z200US64650,64650,58428.0
860Z200US64651,64651,69830.0
860Z200US64652,64652,74520.0
860Z200US64653,64653,80103.0
860Z200US64654,64654,165661.0
860Z200US64655,64655,68596.0
860Z200US64656,64656,66662.0
860Z200US64657,64657,74608.0
860Z200US64658,64658,84365.0
860Z200US64659,64659,85864.0
860Z200US64660,64660,83201.0
860Z200US64661,64661,73985.0
860Z200US64664,64664,75807.0
860Z200US64667,64667,68702.0
860Z200US64668,64668,80579.0
860Z200US64670,64670,106339.0
860Z200US64671,64671,89848.0
860Z200US64672,64672,53879.0
860Z200US64673,64673,63717.0
860Z200US64674,64674,69594.0
860Z200US64676,64676,61350.0
860Z200US64679,64679,73060.0
860Z200US64681,64681,68178.0
860Z200US64682,64682,74874.0
860Z200US64683,64683,73981.0
860Z200US64686,64686,93165.0
860Z200US64688,64688,83035.0
860Z200US64689,64689,82614.0
860Z200US64701,64701,90996.0
860Z200US64720,64720,79233.0
860Z200US64722,64722,88809.0
860Z200US64723,64723,82054.0
860Z200US64724,64724,66458.0
860Z200US64725,64725,95421.0
860Z200US64726,64726,67611.0
860Z200US64728,64728,82735.0
860Z200US64730,64730,68571.0
860Z200US64733,64733,109356.0
860Z200US64734,64734,107705.0
860Z200US64735,64735,78001.0
860Z200US64738,64738,61096.0
860Z200US64739,64739,93925.0
860Z200US64740,64740,61037.0
860Z200US64741,64741,40120.0
860Z200US64742,64742,115539.0
860Z200US64743,64743,61816.0
860Z200US64744,64744,66647.0
860Z200US64745,64745,51763.0
860Z200US64746,64746,101896.0
860Z200US64747,64747,93735.0
860Z200US64748,64748,62197.0
860Z200US64750,64750,64080.0
860Z200US64752,64752,71176.0
860Z200US64755,64755,77323.0
860Z200US64756,64756,55594.0
860Z200US64759,64759,61436.0
860Z200US64761,64761,74132.0
860Z200US64762,64762,73998.0
860Z200US64763,64763,71792.0
860Z200US64765,64765,24040.0
860Z200US64767,64767,61800.0
860Z200US64769,64769,80063.0
860Z200US64770,64770,67025.0
860Z200US64771,64771,74985.0
860Z200US64772,64772,67580.0
860Z200US64776,64776,51407.0
860Z200US64778,64778,69482.0
860Z200US64779,64779,62726.0
860Z200US64780,64780,58481.0
860Z200US64781,64781,47260.0
860Z200US64783,64783,59619.0
860Z200US64784,64784,63084.0
860Z200US64788,64788,97420.0
860Z200US64790,64790,63936.0
860Z200US64801,64801,71220.0
860Z200US64804,64804,87467.0
860Z200US64830,64830,59278.0
860Z200US64831,64831,70977.0
860Z200US64832,64832,84491.0
860Z200US64833,64833,62450.0
860Z200US64834,64834,110170.0
860Z200US64835,64835,57571.0
860Z200US64836,64836,76441.0
860Z200US64840,64840,89914.0
860Z200US64841,64841,58472.0
860Z200US64842,64842,134086.0
860Z200US64843,64843,64906.0
860Z200US64844,64844,64427.0
860Z200US64847,64847,46855.0
860Z200US64848,64848,133134.0
860Z200US64849,64849,68751.0
860Z200US64850,64850,72829.0
860Z200US64854,64854,65802.0
860Z200US64855,64855,83217.0
860Z200US64856,64856,61102.0
860Z200US64857,64857,56683.0
860Z200US64858,64858,220743.0
860Z200US64859,64859,66989.0
860Z200US64861,64861,76487.0
860Z200US64862,64862,62936.0
860Z200US64863,64863,70709.0
860Z200US64865,64865,81128.0
860Z200US64866,64866,83779.0
860Z200US64867,64867,60480.0
860Z200US64868,64868,71193.0
860Z200US64870,64870,76460.0
860Z200US64873,64873,79345.0
860Z200US64874,64874,38352.0
860Z200US65001,65001,102872.0
860Z200US65010,65010,107520.0
860Z200US65011,65011,56984.0
860Z200US65013,65013,69818.0
860Z200US65014,65014,75335.0
860Z200US65016,65016,104424.0
860Z200US65017,65017,57560.0
860Z200US65018,65018,76447.0
860Z200US65020,65020,78448.0
860Z200US65023,65023,81083.0
860Z200US65024,65024,76427.0
860Z200US65025,65025,66828.0
860Z200US65026,65026,60553.0
860Z200US65032,65032,88045.0
860Z200US65034,65034,53375.0
860Z200US65035,65035,95895.0
860Z200US65037,65037,95623.0
860Z200US65039,65039,151150.0
860Z200US65040,65040,100356.0
860Z200US65041,65041,101304.0
860Z200US65043,65043,101553.0
860Z200US65046,65046,87972.0
860Z200US65047,65047,87175.0
860Z200US65048,65048,88428.0
860Z200US65049,65049,110440.0
860Z200US65050,65050,78046.0
860Z200US65051,65051,74330.0
860Z200US65052,65052,107300.0
860Z200US65053,65053,143256.0
860Z200US65054,65054,308441.0
860Z200US65058,65058,93941.0
860Z200US65059,65059,74280.0
860Z200US65061,65061,84253.0
860Z200US65062,65062,
860Z200US65063,65063,91919.0
860Z200US65064,65064,71239.0
860Z200US65065,65065,80868.0
860Z200US65066,65066,70590.0
860Z200US65067,65067,60253.0
860Z200US65068,65068,72199.0
860Z200US65069,65069,74016.0
860Z200US65072,65072,84990.0
860Z200US65074,65074,78027.0
860Z200US65075,65075,123473.0
860Z200US65076,65076,84189.0
860Z200US65077,65077,86696.0
860Z200US65078,65078,53590.0
860Z200US65079,65079,97764.0
860Z200US65080,65080,100092.0
860Z200US65081,65081,94050.0
860Z200US65082,65082,94996.0
860Z200US65083,65083,68259.0
860Z200US65084,65084,73682.0
860Z200US65085,65085,122607.0
860Z200US65101,65101,87562.0
860Z200US65109,65109,93690.0
860Z200US65201,65201,69644.0
860Z200US65202,65202,86040.0
860Z200US65203,65203,118122.0
860Z200US65215,65215,
860Z200US65216,65216,
860Z200US65230,65230,74915.0
860Z200US65231,65231,80436.0
860Z200US65232,65232,75031.0
860Z200US65233,65233,78487.0
860Z200US65236,65236,72155.0
860Z200US65237,65237,78326.0
860Z200US65239,65239,89463.0
860Z200US65240,65240,81470.0
860Z200US65243,65243,97152.0
860Z200US65244,65244,65714.0
860Z200US65246,65246,130724.0
860Z200US65247,65247,75705.0
860Z200US65248,65248,70833.0
860Z200US65250,65250,129780.0
860Z200US65251,65251,85503.0
860Z200US65254,65254,74721.0
860Z200US65255,65255,93582.0
860Z200US65256,65256,98934.0
860Z200US65257,65257,64885.0
860Z200US65258,65258,74865.0
860Z200US65259,65259,68568.0
860Z200US65260,65260,86778.0
860Z200US65261,65261,70249.0
860Z200US65262,65262,72525.0
860Z200US65263,65263,68110.0
860Z200US65264,65264,73982.0
860Z200US65265,65265,71633.0
860Z200US65270,65270,64724.0
860Z200US65274,65274,92338.0
860Z200US65275,65275,70063.0
860Z200US65276,65276,80209.0
860Z200US65278,65278,60648.0
860Z200US65279,65279,123110.0
860Z200US65280,65280,80421.0
860Z200US65281,65281,79544.0
860Z200US65282,65282,41285.0
860Z200US65283,65283,58274.0
860Z200US65284,65284,97614.0
860Z200US65285,65285,83879.0
860Z200US65286,65286,59515.0
860Z200US65287,65287,108728.0
860Z200US65301,65301,77486.0
860Z200US65305,65305,69956.0
860Z200US65320,65320,61945.0
860Z200US65321,65321,85887.0
860Z200US65322,65322,80607.0
860Z200US65323,65323,65029.0
860Z200US65324,65324,91282.0
860Z200US65325,65325,75038.0
860Z200US65326,65326,66204.0
860Z200US65327,65327,102258.0
860Z200US65329,65329,109569.0
860Z200US65330,65330,63477.0
860Z200US65332,65332,78151.0
860Z200US65333,65333,72876.0
860Z200US65334,65334,90318.0
860Z200US65335,65335,66876.0
860Z200US65336,65336,82010.0
860Z200US65337,65337,93089.0
860Z200US65338,65338,101763.0
860Z200US65339,65339,60009.0
860Z200US65340,65340,77299.0
860Z200US65344,65344,93577.0
860Z200US65345,65345,65512.0
860Z200US65347,65347,87174.0
860Z200US65348,65348,69741.0
860Z200US65349,65349,58165.0
860Z200US65350,65350,74197.0
860Z200US65351,65351,73070.0
860Z200US65354,65354,53215.0
860Z200US65355,65355,60058.0
860Z200US65360,65360,64314.0
860Z200US65401,65401,69569.0
860Z200US65409,65409,
860Z200US65436,65436,
860Z200US65438,65438,58281.0
860Z200US65439,65439,
860Z200US65440,65440,55028.0
860Z200US65441,65441,116118.0
860Z200US65443,65443,66777.0
860Z200US65444,65444,73201.0
860Z200US65446,65446,82719.0
860Z200US65449,65449,29849.0
860Z200US65452,65452,67429.0
860Z200US65453,65453,73779.0
860Z200US65456,65456,131612.0
860Z200US65457,65457,67641.0
860Z200US65459,65459,78461.0
860Z200US65461,65461,57626.0
860Z200US65462,65462,71877.0
860Z200US65463,65463,66386.0
860Z200US65464,65464,38384.0
860Z200US65466,65466,52810.0
860Z200US65468,65468,
860Z200US65470,65470,75739.0
860Z200US65473,65473,74721.0
860Z200US65479,65479,53870.0
860Z200US65483,65483,58908.0
860Z200US65484,65484,
860Z200US65486,65486,83204.0
860Z200US65501,65501,38488.0
860Z200US65529,65529,93399.0
860Z200US65534,65534,49490.0
860Z200US65535,65535,57594.0
860Z200US65536,65536,70000.0
860Z200US65541,65541,97615.0
860Z200US65542,65542,59311.0
860Z200US65543,65543,78996.0
860Z200US65548,65548,61785.0
860Z200US65550,65550,72481.0
860Z200US65552,65552,70585.0
860Z200US65555,65555,61081.0
860Z200US65556,65556,55596.0
860Z200US65557,65557,86779.0
860Z200US65559,65559,82860.0
860Z200US65560,65560,64942.0
860Z200US65564,65564,
860Z200US65565,65565,60250.0
860Z200US65566,65566,76850.0
860Z200US65567,65567,80389.0
860Z200US65570,65570,55291.0
860Z200US65571,65571,57570.0
860Z200US65580,65580,70624.0
860Z200US65582,65582,72216.0
860Z200US65583,65583,86125.0
860Z200US65584,65584,81330.0
860Z200US65586,65586,
860Z200US65588,65588,57880.0
860Z200US65589,65589,67942.0
860Z200US65590,65590,79820.0
860Z200US65591,65591,68977.0
860Z200US65601,65601,59191.0
860Z200US65603,65603,94285.0
860Z200US65604,65604,110215.0
860Z200US65605,65605,71334.0
860Z200US65606,65606,61713.0
860Z200US65608,65608,70018.0
860Z200US65609,65609,81081.0
860Z200US65610,65610,88696.0
860Z200US65611,65611,71862.0
860Z200US65612,65612,72490.0
860Z200US65613,65613,75477.0
860Z200US65614,65614,66103.0
860Z200US65616,65616,81596.0
860Z200US65617,65617,64268.0
860Z200US65618,65618,136448.0
860Z200US65619,65619,91299.0
860Z200US65620,65620,72106.0
860Z200US65622,65622,66112.0
860Z200US65623,65623,73086.0
860Z200US65624,65624,69531.0
860Z200US65625,65625,87747.0
860Z200US65626,65626,60722.0
860Z200US65627,65627,62042.0
860Z200US65629,65629,70570.0
860Z200US65630,65630,140679.0
860Z200US65631,65631,96571.0
860Z200US65632,65632,69346.0
860Z200US65633,65633,77270.0
860Z200US65634,65634,46594.0
860Z200US65635,65635,106129.0
860Z200US65637,65637,63455.0
860Z200US65638,65638,65118.0
860Z200US65640,65640,59788.0
860Z200US65641,65641,64381.0
860Z200US65644,65644,76953.0
860Z200US65646,65646,78956.0
860Z200US65647,65647,71813.0
860Z200US65648,65648,108937.0
860Z200US65649,65649,57503.0
860Z200US65650,65650,48784.0
860Z200US65652,65652,111911.0
860Z200US65653,65653,63703.0
860Z200US65654,65654,59198.0
860Z200US65655,65655,81158.0
860Z200US65656,65656,79775.0
860Z200US65657,65657,71089.0
860Z200US65658,65658,74122.0
860Z200US65660,65660,79113.0
860Z200US65661,65661,58650.0
860Z200US65662,65662,54047.0
860Z200US65663,65663,73669.0
860Z200US65664,65664,27986.0
860Z200US65666,65666,
860Z200US65667,65667,59085.0
860Z200US65668,65668,46420.0
860Z200US65669,65669,103541.0
860Z200US65672,65672,80357.0
860Z200US65674,65674,74420.0
860Z200US65675,65675,75083.0
860Z200US65676,65676,44213.0
860Z200US65679,65679,62512.0
860Z200US65680,65680,83298.0
860Z200US65681,65681,66328.0
860Z200US65682,65682,69686.0
860Z200US65685,65685,67864.0
860Z200US65686,65686,73639.0
860Z200US65688,65688,49703.0
860Z200US65689,65689,66228.0
860Z200US65690,65690,107607.0
860Z200US65692,65692,63748.0
860Z200US65702,65702,85592.0
860Z200US65704,65704,54377.0
860Z200US65705,65705,73444.0
860Z200US65706,65706,84265.0
860Z200US65707,65707,73163.0
860Z200US65708,65708,80246.0
860Z200US65710,65710,74311.0
860Z200US65711,65711,65830.0
860Z200US65712,65712,79031.0
860Z200US65713,65713,74911.0
860Z200US65714,65714,102013.0
860Z200US65715,65715,
860Z200US65717,65717,88678.0
860Z200US65720,65720,71252.0
860Z200US65721,65721,104440.0
860Z200US65722,65722,72687.0
860Z200US65723,65723,55361.0
860Z200US65724,65724,47613.0
860Z200US65725,65725,133120.0
860Z200US65726,65726,
860Z200US65727,65727,79400.0
860Z200US65728,65728,
860Z200US65729,65729,63800.0
860Z200US65730,65730,
860Z200US65731,65731,51787.0
860Z200US65732,65732,52068.0
860Z200US65733,65733,68566.0
860Z200US65734,65734,72743.0
860Z200US65735,65735,29509.0
860Z200US65737,65737,87411.0
860Z200US65738,65738,83430.0
860Z200US65739,65739,78651.0
860Z200US65740,65740,59579.0
860Z200US65741,65741,
860Z200US65742,65742,100753.0
860Z200US65744,65744,38838.0
860Z200US65745,65745,63291.0
860Z200US65746,65746,67126.0
860Z200US65747,65747,67524.0
860Z200US65752,65752,76021.0
860Z200US65753,65753,127233.0
860Z200US65754,65754,74489.0
860Z200US65755,65755,62016.0
860Z200US65756,65756,107898.0
860Z200US65757,65757,88195.0
860Z200US65759,65759,86461.0
860Z200US65760,65760,44875.0
860Z200US65761,65761,47713.0
860Z200US65762,65762,62217.0
860Z200US65764,65764,40623.0
860Z200US65766,65766,55148.0
860Z200US65767,65767,67847.0
860Z200US65768,65768,52765.0
860Z200US65769,65769,66611.0
860Z200US65770,65770,69864.0
860Z200US65771,65771,142188.0
860Z200US65772,65772,72519.0
860Z200US65773,65773,55726.0
860Z200US65774,65774,47090.0
860Z200US65775,65775,64160.0
860Z200US65777,65777,
860Z200US65778,65778,55975.0
860Z200US65779,65779,46884.0
860Z200US65781,65781,88057.0
860Z200US65783,65783,63825.0
860Z200US65784,65784,
860Z200US65785,65785,80388.0
860Z200US65786,65786,71975.0
860Z200US65787,65787,79750.0
860Z200US65788,65788,67915.0
860Z200US65789,65789,76022.0
860Z200US65790,65790,49513.0
860Z200US65791,65791,57867.0
860Z200US65793,65793,72486.0
860Z200US65801,65801,
860Z200US65802,65802,67928.0
860Z200US65803,65803,60867.0
860Z200US65804,65804,87171.0
860Z200US65806,65806,39885.0
860Z200US65807,65807,65391.0
860Z200US65809,65809,168940.0
860Z200US65810,65810,121747.0
860Z200US65897,65897,
860Z200US66002,66002,78680.0
860Z200US66006,66006,108430.0
860Z200US66007,66007,119358.0
860Z200US66008,66008,89103.0
860Z200US66010,66010,55188.0
860Z200US66012,66012,118318.0
860Z200US66013,66013,204756.0
860Z200US66014,66014,85788.0
860Z200US66015,66015,67674.0
860Z200US66016,66016,102579.0
860Z200US66017,66017,89862.0
860Z200US66018,66018,131988.0
860Z200US66020,66020,109180.0
860Z200US66021,66021,116916.0
860Z200US66023,66023,65732.0
860Z200US66024,66024,71956.0
860Z200US66025,66025,109362.0
860Z200US66026,66026,90232.0
860Z200US66027,66027,117137.0
860Z200US66030,66030,109398.0
860Z200US66031,66031,
860Z200US66032,66032,77840.0
860Z200US66033,66033,91358.0
860Z200US66035,66035,83754.0
860Z200US66039,66039,58723.0
860Z200US66040,66040,75330.0
860Z200US66041,66041,66725.0
860Z200US66042,66042,77859.0
860Z200US66043,66043,114767.0
860Z200US66044,66044,73601.0
860Z200US66045,66045,
860Z200US66046,66046,73669.0
860Z200US66047,66047,88303.0
860Z200US66048,66048,89045.0
860Z200US66049,66049,118411.0
860Z200US66050,66050,127021.0
860Z200US66052,66052,118925.0
860Z200US66053,66053,102327.0
860Z200US66054,66054,101881.0
860Z200US66056,66056,68275.0
860Z200US66058,66058,83590.0
860Z200US66060,66060,103840.0
860Z200US66061,66061,134458.0
860Z200US66062,66062,132819.0
860Z200US66064,66064,80389.0
860Z200US66066,66066,95317.0
860Z200US66067,66067,79080.0
860Z200US66070,66070,89060.0
860Z200US66071,66071,106815.0
860Z200US66072,66072,148041.0
860Z200US66073,66073,110272.0
860Z200US66075,66075,73967.0
860Z200US66076,66076,92821.0
860Z200US66078,66078,95414.0
860Z200US66079,66079,80752.0
860Z200US66080,66080,105461.0
860Z200US66083,66083,129662.0
860Z200US66085,66085,187957.0
860Z200US66086,66086,108579.0
860Z200US66087,66087,74228.0
860Z200US66088,66088,89685.0
860Z200US66090,66090,95812.0
860Z200US66091,66091,57922.0
860Z200US66092,66092,101381.0
860Z200US66093,66093,83570.0
860Z200US66094,66094,98562.0
860Z200US66095,66095,74862.0
860Z200US66097,66097,83064.0
860Z200US66101,66101,50803.0
860Z200US66102,66102,64489.0
860Z200US66103,66103,61864.0
860Z200US66104,66104,68215.0
860Z200US66105,66105,40986.0
860Z200US66106,66106,73537.0
860Z200US66109,66109,111747.0
860Z200US66111,66111,78426.0
860Z200US66112,66112,72513.0
860Z200US66115,66115,
860Z200US66118,66118,
860Z200US66160,66160,
860Z200US66202,66202,92627.0
860Z200US66203,66203,88470.0
860Z200US66204,66204,89888.0
860Z200US66205,66205,154279.0
860Z200US66206,66206,213918.0
860Z200US66207,66207,155494.0
860Z200US66208,66208,196239.0
860Z200US66209,66209,222181.0
860Z200US66210,66210,110784.0
860Z200US66211,66211,194566.0
860Z200US66212,66212,98073.0
860Z200US66213,66213,144696.0
860Z200US66214,66214,91285.0
860Z200US66215,66215,106939.0
860Z200US66216,66216,140342.0
860Z200US66217,66217,135176.0
860Z200US66218,66218,171411.0
860Z200US66219,66219,130830.0
860Z200US66220,66220,205765.0
860Z200US66221,66221,240958.0
860Z200US66223,66223,148180.0
860Z200US66224,66224,263971.0
860Z200US66226,66226,175903.0
860Z200US66227,66227,153370.0
860Z200US66251,66251,
860Z200US66401,66401,94582.0
860Z200US66402,66402,93008.0
860Z200US66403,66403,87510.0
860Z200US66404,66404,113235.0
860Z200US66406,66406,59371.0
860Z200US66407,66407,72453.0
860Z200US66408,66408,97239.0
860Z200US66409,66409,132030.0
860Z200US66411,66411,83072.0
860Z200US66412,66412,137880.0
860Z200US66413,66413,75665.0
860Z200US66414,66414,79997.0
860Z200US66415,66415,118011.0
860Z200US66416,66416,85856.0
860Z200US66417,66417,95693.0
860Z200US66418,66418,83266.0
860Z200US66419,66419,79714.0
860Z200US66422,66422,69214.0
860Z200US66423,66423,68887.0
860Z200US66424,66424,69106.0
860Z200US66425,66425,63747.0
860Z200US66427,66427,94310.0
860Z200US66428,66428,93787.0
860Z200US66429,66429,78724.0
860Z200US66431,66431,84194.0
860Z200US66432,66432,95261.0
860Z200US66434,66434,86771.0
860Z200US66436,66436,79599.0
860Z200US66438,66438,84653.0
860Z200US66439,66439,62722.0
860Z200US66440,66440,98792.0
860Z200US66441,66441,69884.0
860Z200US66442,66442,55869.0
860Z200US66449,66449,102701.0
860Z200US66451,66451,100623.0
860Z200US66501,66501,84688.0
860Z200US66502,66502,71484.0
860Z200US66503,66503,129550.0
860Z200US66506,66506,
860Z200US66507,66507,101647.0
860Z200US66508,66508,83649.0
860Z200US66509,66509,90301.0
860Z200US66510,66510,67439.0
860Z200US66512,66512,92506.0
860Z200US66514,66514,96214.0
860Z200US66515,66515,93503.0
860Z200US66516,66516,72997.0
860Z200US66517,66517,66804.0
860Z200US66518,66518,49899.0
860Z200US66520,66520,109149.0
860Z200US66521,66521,74205.0
860Z200US66522,66522,51860.0
860Z200US66523,66523,75245.0
860Z200US66524,66524,92458.0
860Z200US66526,66526,85913.0
860Z200US66527,66527,79548.0
860Z200US66528,66528,84224.0
860Z200US66531,66531,98851.0
860Z200US66532,66532,93908.0
860Z200US66533,66533,87513.0
860Z200US66534,66534,93830.0
860Z200US66535,66535,94867.0
860Z200US66536,66536,93758.0
860Z200US66537,66537,74563.0
860Z200US66538,66538,97697.0
860Z200US66539,66539,96609.0
860Z200US66540,66540,66156.0
860Z200US66541,66541,49744.0
860Z200US66542,66542,142992.0
860Z200US66543,66543,93814.0
860Z200US66544,66544,104902.0
860Z200US66546,66546,103052.0
860Z200US66547,66547,106226.0
860Z200US66548,66548,77782.0
860Z200US66549,66549,70654.0
860Z200US66550,66550,82675.0
860Z200US66552,66552,90848.0
860Z200US66554,66554,99236.0
860Z200US66603,66603,46863.0
860Z200US66604,66604,76482.0
860Z200US66605,66605,74506.0
860Z200US66606,66606,80181.0
860Z200US66607,66607,43179.0
860Z200US66608,66608,63782.0
860Z200US66609,66609,87547.0
860Z200US66610,66610,162928.0
860Z200US66611,66611,76091.0
860Z200US66612,66612,31633.0
860Z200US66614,66614,88883.0
860Z200US66615,66615,108800.0
860Z200US66616,66616,61391.0
860Z200US66617,66617,97018.0
860Z200US66618,66618,117453.0
860Z200US66619,66619,70369.0
860Z200US66621,66621,
860Z200US66622,66622,
860Z200US66701,66701,76995.0
860Z200US66710,66710,70873.0
860Z200US66711,66711,65750.0
860Z200US66712,66712,70364.0
860Z200US66713,66713,72411.0
860Z200US66714,66714,51132.0
860Z200US66716,66716,81048.0
860Z200US66717,66717,74074.0
860Z200US66720,66720,72208.0
860Z200US66724,66724,63829.0
860Z200US66725,66725,72952.0
860Z200US66732,66732,78204.0
860Z200US66733,66733,66485.0
860Z200US66734,66734,93039.0
860Z200US66735,66735,62491.0
860Z200US66736,66736,76297.0
860Z200US66738,66738,68533.0
860Z200US66739,66739,65160.0
860Z200US66740,66740,74332.0
860Z200US66741,66741,99827.0
860Z200US66742,66742,78347.0
860Z200US66743,66743,70356.0
860Z200US66746,66746,76006.0
860Z200US66748,66748,73681.0
860Z200US66749,66749,67923.0
860Z200US66751,66751,58746.0
860Z200US66753,66753,69190.0
860Z200US66754,66754,51189.0
860Z200US66755,66755,70459.0
860Z200US66756,66756,92626.0
860Z200US66757,66757,76072.0
860Z200US66758,66758,52193.0
860Z200US66760,66760,
860Z200US66761,66761,86666.0
860Z200US66762,66762,66287.0
860Z200US66763,66763,75037.0
860Z200US66767,66767,119125.0
860Z200US66769,66769,80070.0
860Z200US66770,66770,88044.0
860Z200US66771,66771,71573.0
860Z200US66772,66772,69148.0
860Z200US66773,66773,77192.0
860Z200US66775,66775,63959.0
860Z200US66776,66776,78384.0
860Z200US66777,66777,53286.0
860Z200US66778,66778,
860Z200US66779,66779,77864.0
860Z200US66780,66780,100492.0
860Z200US66781,66781,62988.0
860Z200US66782,66782,56059.0
860Z200US66783,66783,72425.0
860Z200US66801,66801,68648.0
860Z200US66830,66830,73049.0
860Z200US66833,66833,66683.0
860Z200US66834,66834,66002.0
860Z200US66835,66835,90411.0
860Z200US66838,66838,72304.0
860Z200US66839,66839,91194.0
860Z200US66840,66840,62727.0
860Z200US66842,66842,110793.0
860Z200US66843,66843,39598.0
860Z200US66845,66845,59561.0
860Z200US66846,66846,77065.0
860Z200US66849,66849,110800.0
860Z200US66850,66850,200199.0
860Z200US66851,66851,52813.0
860Z200US66852,66852,71066.0
860Z200US66853,66853,102490.0
860Z200US66854,66854,91559.0
860Z200US66856,66856,87656.0
860Z200US66857,66857,79008.0
860Z200US66858,66858,74795.0
860Z200US66859,66859,78146.0
860Z200US66860,66860,107662.0
860Z200US66861,66861,84225.0
860Z200US66862,66862,79252.0
860Z200US66863,66863,89962.0
860Z200US66864,66864,64234.0
860Z200US66865,66865,135349.0
860Z200US66866,66866,67185.0
860Z200US66868,66868,115036.0
860Z200US66869,66869,60011.0
860Z200US66870,66870,48510.0
860Z200US66871,66871,76201.0
860Z200US66872,66872,71218.0
860Z200US66873,66873,82907.0
860Z200US66901,66901,69089.0
860Z200US66930,66930,57080.0
860Z200US66932,66932,68293.0
860Z200US66933,66933,106372.0
860Z200US66935,66935,69580.0
860Z200US66936,66936,58967.0
860Z200US66937,66937,74103.0
860Z200US66938,66938,78969.0
860Z200US66939,66939,72072.0
860Z200US66940,66940,52398.0
860Z200US66941,66941,84832.0
860Z200US66942,66942,69769.0
860Z200US66943,66943,78079.0
860Z200US66944,66944,105806.0
860Z200US66945,66945,75383.0
860Z200US66946,66946,108738.0
860Z200US66948,66948,80893.0
860Z200US66949,66949,63367.0
860Z200US66951,66951,80998.0
860Z200US66952,66952,65028.0
860Z200US66953,66953,68600.0
860Z200US66955,66955,70100.0
860Z200US66956,66956,83946.0
860Z200US66958,66958,73280.0
860Z200US66959,66959,70323.0
860Z200US66960,66960,55293.0
860Z200US66961,66961,
860Z200US66962,66962,84297.0
860Z200US66963,66963,52842.0
860Z200US66964,66964,67169.0
860Z200US66966,66966,67499.0
860Z200US66967,66967,78090.0
860Z200US66968,66968,73485.0
860Z200US66970,66970,100124.0
860Z200US67001,67001,119921.0
860Z200US67002,67002,135186.0
860Z200US67003,67003,59625.0
860Z200US67004,67004,71661.0
860Z200US67005,67005,69677.0
860Z200US67008,67008,93786.0
860Z200US67009,67009,70312.0
860Z200US67010,67010,91733.0
860Z200US67012,67012,
860Z200US67013,67013,88619.0
860Z200US67016,67016,94318.0
860Z200US67017,67017,109225.0
860Z200US67018,67018,85062.0
860Z200US67019,67019,69049.0
860Z200US67020,67020,78751.0
860Z200US67021,67021,47393.0
860Z200US67022,67022,73017.0
860Z200US67023,67023,66000.0
860Z200US67024,67024,44222.0
860Z200US67025,67025,99842.0
860Z200US67026,67026,111943.0
860Z200US67028,67028,96551.0
860Z200US67029,67029,59978.0
860Z200US67030,67030,129152.0
860Z200US67031,67031,96234.0
860Z200US67035,67035,108930.0
860Z200US67036,67036,68641.0
860Z200US67037,67037,100928.0
860Z200US67038,67038,62505.0
860Z200US67039,67039,106560.0
860Z200US67041,67041,102409.0
860Z200US67042,67042,71181.0
860Z200US67045,67045,70711.0
860Z200US67047,67047,70273.0
860Z200US67049,67049,
860Z200US67050,67050,133530.0
860Z200US67051,67051,67080.0
860Z200US67052,67052,126211.0
860Z200US67053,67053,116661.0
860Z200US67054,67054,115554.0
860Z200US67055,67055,54115.0
860Z200US67056,67056,87862.0
860Z200US67057,67057,51640.0
860Z200US67058,67058,86082.0
860Z200US67059,67059,88371.0
860Z200US67060,67060,90448.0
860Z200US67061,67061,90956.0
860Z200US67062,67062,95213.0
860Z200US67063,67063,98283.0
860Z200US67065,67065,163159.0
860Z200US67066,67066,55513.0
860Z200US67067,67067,110539.0
860Z200US67068,67068,70473.0
860Z200US67070,67070,85470.0
860Z200US67071,67071,
860Z200US67072,67072,43272.0
860Z200US67073,67073,90256.0
860Z200US67074,67074,95356.0
860Z200US67101,67101,127073.0
860Z200US67102,67102,72608.0
860Z200US67103,67103,57304.0
860Z200US67104,67104,70095.0
860Z200US67105,67105,88084.0
860Z200US67106,67106,104891.0
860Z200US67107,67107,85330.0
860Z200US67108,67108,98404.0
860Z200US67109,67109,79092.0
860Z200US67110,67110,92320.0
860Z200US67111,67111,134981.0
860Z200US67112,67112,69169.0
860Z200US67114,67114,82772.0
860Z200US67117,67117,103404.0
860Z200US67118,67118,83584.0
860Z200US67119,67119,71511.0
860Z200US67120,67120,114126.0
860Z200US67122,67122,97856.0
860Z200US67123,67123,61002.0
860Z200US67124,67124,82954.0
860Z200US67127,67127,75626.0
860Z200US67131,67131,85425.0
860Z200US67132,67132,138848.0
860Z200US67133,67133,115342.0
860Z200US67134,67134,87869.0
860Z200US67135,67135,103473.0
860Z200US67137,67137,69179.0
860Z200US67138,67138,79564.0
860Z200US67140,67140,72439.0
860Z200US67142,67142,96898.0
860Z200US67143,67143,60871.0
860Z200US67144,67144,92382.0
860Z200US67146,67146,89939.0
860Z200US67147,67147,99233.0
860Z200US67149,67149,151531.0
860Z200US67150,67150,20900.0
860Z200US67151,67151,70169.0
860Z200US67152,67152,68222.0
860Z200US67154,67154,72661.0
860Z200US67155,67155,48565.0
860Z200US67156,67156,87684.0
860Z200US67159,67159,66747.0
860Z200US67202,67202,66794.0
860Z200US67203,67203,63427.0
860Z200US67204,67204,88499.0
860Z200US67205,67205,142989.0
860Z200US67206,67206,153596.0
860Z200US67207,67207,90578.0
860Z200US67208,67208,87286.0
860Z200US67209,67209,98220.0
860Z200US67210,67210,63000.0
860Z200US67211,67211,52578.0
860Z200US67212,67212,81002.0
860Z200US67213,67213,57589.0
860Z200US67214,67214,44028.0
860Z200US67215,67215,132409.0
860Z200US67216,67216,57381.0
860Z200US67217,67217,66618.0
860Z200US67218,67218,67052.0
860Z200US67219,67219,79091.0
860Z200US67220,67220,86237.0
860Z200US67221,67221,
860Z200US67223,67223,150094.0
860Z200US67226,67226,126384.0
860Z200US67227,67227,83168.0
860Z200US67228,67228,202447.0
860Z200US67230,67230,201990.0
860Z200US67232,67232,112299.0
860Z200US67235,67235,133706.0
860Z200US67260,67260,
860Z200US67301,67301,72234.0
860Z200US67330,67330,77615.0
860Z200US67332,67332,76461.0
860Z200US67333,67333,79634.0
860Z200US67334,67334,113061.0
860Z200US67335,67335,63088.0
860Z200US67336,67336,45308.0
860Z200US67337,67337,58469.0
860Z200US67340,67340,76270.0
860Z200US67341,67341,85941.0
860Z200US67342,67342,67436.0
860Z200US67344,67344,71722.0
860Z200US67345,67345,59904.0
860Z200US67346,67346,78051.0
860Z200US67347,67347,81018.0
860Z200US67349,67349,69154.0
860Z200US67351,67351,76537.0
860Z200US67352,67352,59090.0
860Z200US67353,67353,62856.0
860Z200US67354,67354,63816.0
860Z200US67355,67355,81876.0
860Z200US67356,67356,78643.0
860Z200US67357,67357,70817.0
860Z200US67360,67360,118103.0
860Z200US67361,67361,62622.0
860Z200US67363,67363,
860Z200US67364,67364,34765.0
860Z200US67401,67401,80410.0
860Z200US67410,67410,85303.0
860Z200US67416,67416,86395.0
860Z200US67417,67417,92150.0
860Z200US67418,67418,70263.0
860Z200US67420,67420,79128.0
860Z200US67422,67422,107376.0
860Z200US67423,67423,79148.0
860Z200US67425,67425,90610.0
860Z200US67427,67427,56186.0
860Z200US67428,67428,78501.0
860Z200US67430,67430,68299.0
860Z200US67431,67431,87217.0
860Z200US67432,67432,77180.0
860Z200US67436,67436,76630.0
860Z200US67437,67437,83792.0
860Z200US67438,67438,98944.0
860Z200US67439,67439,88338.0
860Z200US67441,67441,64039.0
860Z200US67442,67442,56575.0
860Z200US67443,67443,103825.0
860Z200US67444,67444,90390.0
860Z200US67445,67445,60342.0
860Z200US67446,67446,86570.0
860Z200US67447,67447,96399.0
860Z200US67448,67448,107649.0
860Z200US67449,67449,79076.0
860Z200US67450,67450,86954.0
860Z200US67451,67451,65730.0
860Z200US67452,67452,109470.0
860Z200US67454,67454,63456.0
860Z200US67455,67455,68334.0
860Z200US67456,67456,88526.0
860Z200US67457,67457,92947.0
860Z200US67458,67458,87461.0
860Z200US67459,67459,77208.0
860Z200US67460,67460,87380.0
860Z200US67464,67464,91219.0
860Z200US67466,67466,69675.0
860Z200US67467,67467,81956.0
860Z200US67468,67468,64223.0
860Z200US67470,67470,84352.0
860Z200US67473,67473,77158.0
860Z200US67474,67474,86435.0
860Z200US67475,67475,101333.0
860Z200US67476,67476,
860Z200US67478,67478,69512.0
860Z200US67480,67480,89127.0
860Z200US67481,67481,69100.0
860Z200US67482,67482,69846.0
860Z200US67483,67483,84119.0
860Z200US67484,67484,88137.0
860Z200US67485,67485,88321.0
860Z200US67487,67487,82737.0
860Z200US67490,67490,78246.0
860Z200US67491,67491,81193.0
860Z200US67492,67492,68444.0
860Z200US67501,67501,61590.0
860Z200US67502,67502,91621.0
860Z200US67505,67505,64781.0
860Z200US67510,67510,98448.0
860Z200US67511,67511,48670.0
860Z200US67512,67512,78550.0
860Z200US67513,67513,412514.0
860Z200US67514,67514,63848.0
860Z200US67515,67515,147978.0
860Z200US67516,67516,83579.0
860Z200US67518,67518,
860Z200US67519,67519,80089.0
860Z200US67520,67520,162594.0
860Z200US67521,67521,142489.0
860Z200US67522,67522,89927.0
860Z200US67523,67523,91671.0
860Z200US67524,67524,68185.0
860Z200US67525,67525,80983.0
860Z200US67526,67526,68255.0
860Z200US67529,67529,124154.0
860Z200US67530,67530,72465.0
860Z200US67543,67543,76769.0
860Z200US67544,67544,79237.0
860Z200US67545,67545,121059.0
860Z200US67546,67546,87041.0
860Z200US67547,67547,74100.0
860Z200US67548,67548,74861.0
860Z200US67550,67550,91111.0
860Z200US67552,67552,74295.0
860Z200US67553,67553,73372.0
860Z200US67554,67554,81587.0
860Z200US67556,67556,49600.0
860Z200US67557,67557,72024.0
860Z200US67559,67559,115200.0
860Z200US67560,67560,111399.0
860Z200US67561,67561,60528.0
860Z200US67563,67563,76234.0
860Z200US67564,67564,87141.0
860Z200US67565,67565,62272.0
860Z200US67566,67566,55080.0
860Z200US67567,67567,71356.0
860Z200US67568,67568,60101.0
860Z200US67570,67570,92127.0
860Z200US67572,67572,70717.0
860Z200US67573,67573,80631.0
860Z200US67574,67574,59349.0
860Z200US67575,67575,80324.0
860Z200US67576,67576,103918.0
860Z200US67578,67578,71337.0
860Z200US67579,67579,76754.0
860Z200US67581,67581,76845.0
860Z200US67583,67583,61825.0
860Z200US67584,67584,64919.0
860Z200US67601,67601,82901.0
860Z200US67621,67621,51898.0
860Z200US67622,67622,70805.0
860Z200US67623,67623,83841.0
860Z200US67625,67625,46111.0
860Z200US67626,67626,62222.0
860Z200US67627,67627,61207.0
860Z200US67628,67628,123808.0
860Z200US67629,67629,64424.0
860Z200US67631,67631,71546.0
860Z200US67632,67632,64824.0
860Z200US67634,67634,83293.0
860Z200US67635,67635,103269.0
860Z200US67637,67637,146267.0
860Z200US67638,67638,57004.0
860Z200US67639,67639,99733.0
860Z200US67640,67640,81757.0
860Z200US67642,67642,68786.0
860Z200US67643,67643,85093.0
860Z200US67644,67644,58356.0
860Z200US67645,67645,49841.0
860Z200US67646,67646,67037.0
860Z200US67647,67647,77133.0
860Z200US67648,67648,52574.0
860Z200US67649,67649,64647.0
860Z200US67650,67650,65742.0
860Z200US67651,67651,68243.0
860Z200US67653,67653,70249.0
860Z200US67654,67654,67610.0
860Z200US67656,67656,86969.0
860Z200US67657,67657,67446.0
860Z200US67658,67658,89548.0
860Z200US67659,67659,60278.0
860Z200US67660,67660,37568.0
860Z200US67661,67661,76718.0
860Z200US67663,67663,81025.0
860Z200US67664,67664,115083.0
860Z200US67665,67665,70543.0
860Z200US67667,67667,79123.0
860Z200US67669,67669,79042.0
860Z200US67671,67671,96748.0
860Z200US67672,67672,96438.0
860Z200US67673,67673,63311.0
860Z200US67674,67674,100371.0
860Z200US67675,67675,78744.0
860Z200US67701,67701,95819.0
860Z200US67730,67730,74621.0
860Z200US67731,67731,69701.0
860Z200US67732,67732,76115.0
860Z200US67733,67733,91558.0
860Z200US67734,67734,121633.0
860Z200US67735,67735,109346.0
860Z200US67736,67736,78588.0
860Z200US67737,67737,88447.0
860Z200US67738,67738,92137.0
860Z200US67739,67739,64273.0
860Z200US67740,67740,107728.0
860Z200US67741,67741,92823.0
860Z200US67743,67743,75425.0
860Z200US67744,67744,88742.0
860Z200US67745,67745,74720.0
860Z200US67747,67747,110798.0
860Z200US67748,67748,91717.0
860Z200US67749,67749,68249.0
860Z200US67751,67751,97457.0
860Z200US67752,67752,81763.0
860Z200US67753,67753,118399.0
860Z200US67756,67756,71355.0
860Z200US67757,67757,78498.0
860Z200US67758,67758,80041.0
860Z200US67761,67761,104277.0
860Z200US67762,67762,70615.0
860Z200US67764,67764,80026.0
860Z200US67801,67801,85900.0
860Z200US67831,67831,79335.0
860Z200US67834,67834,76969.0
860Z200US67835,67835,92131.0
860Z200US67836,67836,74779.0
860Z200US67837,67837,89667.0
860Z200US67838,67838,84492.0
860Z200US67839,67839,86969.0
860Z200US67840,67840,37410.0
860Z200US67841,67841,105010.0
860Z200US67842,67842,100237.0
860Z200US67843,67843,37920.0
860Z200US67844,67844,72906.0
860Z200US67846,67846,89547.0
860Z200US67849,67849,86552.0
860Z200US67850,67850,69070.0
860Z200US67851,67851,96242.0
860Z200US67853,67853,98726.0
860Z200US67854,67854,87160.0
860Z200US67855,67855,92253.0
860Z200US67857,67857,46096.0
860Z200US67859,67859,76549.0
860Z200US67860,67860,90074.0
860Z200US67861,67861,84026.0
860Z200US67862,67862,66596.0
860Z200US67863,67863,137183.0
860Z200US67864,67864,139775.0
860Z200US67865,67865,91506.0
860Z200US67867,67867,99291.0
860Z200US67868,67868,28882.0
860Z200US67869,67869,88720.0
860Z200US67870,67870,82710.0
860Z200US67871,67871,84681.0
860Z200US67876,67876,81785.0
860Z200US67877,67877,90137.0
860Z200US67878,67878,80547.0
860Z200US67879,67879,95022.0
860Z200US67880,67880,111445.0
860Z200US67882,67882,47932.0
860Z200US67901,67901,78305.0
860Z200US67950,67950,78046.0
860Z200US67951,67951,89877.0
860Z200US67952,67952,103958.0
860Z200US67953,67953,71741.0
860Z200US67954,67954,74236.0
860Z200US68001,68001,57779.0
860Z200US68002,68002,106096.0
860Z200US68003,68003,104919.0
860Z200US68004,68004,82115.0
860Z200US68005,68005,86647.0
860Z200US68007,68007,196836.0
860Z200US68008,68008,109220.0
860Z200US68010,68010,219908.0
860Z200US68014,68014,97427.0
860Z200US68015,68015,102018.0
860Z200US68016,68016,124380.0
860Z200US68017,68017,105363.0
860Z200US68018,68018,100204.0
860Z200US68019,68019,71657.0
860Z200US68020,68020,66868.0
860Z200US68022,68022,184096.0
860Z200US68023,68023,122424.0
860Z200US68025,68025,84070.0
860Z200US68028,68028,163527.0
860Z200US68029,68029,77691.0
860Z200US68030,68030,93549.0
860Z200US68031,68031,107065.0
860Z200US68033,68033,90642.0
860Z200US68034,68034,113039.0
860Z200US68036,68036,84652.0
860Z200US68037,68037,125950.0
860Z200US68038,68038,76613.0
860Z200US68039,68039,52050.0
860Z200US68040,68040,95218.0
860Z200US68041,68041,86580.0
860Z200US68042,68042,77500.0
860Z200US68044,68044,101720.0
860Z200US68045,68045,96989.0
860Z200US68046,68046,148071.0
860Z200US68047,68047,97402.0
860Z200US68048,68048,110493.0
860Z200US68050,68050,78416.0
860Z200US68055,68055,89209.0
860Z200US68056,68056,
860Z200US68057,68057,94390.0
860Z200US68058,68058,125348.0
860Z200US68059,68059,126210.0
860Z200US68061,68061,79036.0
860Z200US68062,68062,108786.0
860Z200US68063,68063,74226.0
860Z200US68064,68064,135725.0
860Z200US68065,68065,108998.0
860Z200US68066,68066,114176.0
860Z200US68067,68067,67122.0
860Z200US68068,68068,109455.0
860Z200US68069,68069,195413.0
860Z200US68070,68070,103106.0
860Z200US68071,68071,68813.0
860Z200US68072,68072,94445.0
860Z200US68073,68073,135301.0
860Z200US68102,68102,99335.0
860Z200US68104,68104,77063.0
860Z200US68105,68105,70711.0
860Z200US68106,68106,91415.0
860Z200US68107,68107,72866.0
860Z200US68108,68108,72435.0
860Z200US68110,68110,49289.0
860Z200US68111,68111,52590.0
860Z200US68112,68112,76521.0
860Z200US68113,68113,67475.0
860Z200US68114,68114,123534.0
860Z200US68116,68116,140510.0
860Z200US68117,68117,81555.0
860Z200US68118,68118,183462.0
860Z200US68122,68122,107647.0
860Z200US68123,68123,110995.0
860Z200US68124,68124,140579.0
860Z200US68127,68127,84335.0
860Z200US68128,68128,107838.0
860Z200US68130,68130,185773.0
860Z200US68131,68131,66477.0
860Z200US68132,68132,131243.0
860Z200US68133,68133,140915.0
860Z200US68134,68134,82292.0
860Z200US68135,68135,167764.0
860Z200US68136,68136,145666.0
860Z200US68137,68137,96562.0
860Z200US68138,68138,96567.0
860Z200US68142,68142,172288.0
860Z200US68144,68144,106225.0
860Z200US68147,68147,97074.0
860Z200US68152,68152,117495.0
860Z200US68154,68154,129792.0
860Z200US68157,68157,100941.0
860Z200US68164,68164,104758.0
860Z200US68178,68178,31204.0
860Z200US68182,68182,
860Z200US68183,68183,
860Z200US68301,68301,128323.0
860Z200US68303,68303,75219.0
860Z200US68304,68304,93172.0
860Z200US68305,68305,89125.0
860Z200US68307,68307,74216.0
860Z200US68309,68309,54428.0
860Z200US68310,68310,74166.0
860Z200US68313,68313,119014.0
860Z200US68314,68314,96298.0
860Z200US68315,68315,90050.0
860Z200US68316,68316,100307.0
860Z200US68317,68317,122906.0
860Z200US68318,68318,62294.0
860Z200US68319,68319,73413.0
860Z200US68320,68320,112610.0
860Z200US68321,68321,121133.0
860Z200US68322,68322,95838.0
860Z200US68323,68323,96990.0
860Z200US68324,68324,381114.0
860Z200US68325,68325,72549.0
860Z200US68326,68326,90989.0
860Z200US68327,68327,60080.0
860Z200US68328,68328,84272.0
860Z200US68329,68329,90121.0
860Z200US68330,68330,138507.0
860Z200US68331,68331,120564.0
860Z200US68332,68332,85261.0
860Z200US68333,68333,93299.0
860Z200US68335,68335,76338.0
860Z200US68336,68336,132512.0
860Z200US68337,68337,70906.0
860Z200US68338,68338,117969.0
860Z200US68339,68339,125594.0
860Z200US68340,68340,97723.0
860Z200US68341,68341,91241.0
860Z200US68342,68342,83803.0
860Z200US68343,68343,83004.0
860Z200US68344,68344,106886.0
860Z200US68345,68345,54752.0
860Z200US68346,68346,116184.0
860Z200US68347,68347,102094.0
860Z200US68348,68348,88101.0
860Z200US68349,68349,99688.0
860Z200US68350,68350,94444.0
860Z200US68351,68351,100363.0
860Z200US68352,68352,67920.0
860Z200US68354,68354,72448.0
860Z200US68355,68355,77942.0
860Z200US68357,68357,121057.0
860Z200US68358,68358,108245.0
860Z200US68359,68359,103447.0
860Z200US68360,68360,71725.0
860Z200US68361,68361,113154.0
860Z200US68362,68362,68769.0
860Z200US68364,68364,103973.0
860Z200US68365,68365,84833.0
860Z200US68366,68366,114078.0
860Z200US68367,68367,99753.0
860Z200US68368,68368,109110.0
860Z200US68370,68370,78492.0
860Z200US68371,68371,88066.0
860Z200US68372,68372,132275.0
860Z200US68375,68375,34684.0
860Z200US68376,68376,79307.0
860Z200US68377,68377,79749.0
860Z200US68378,68378,85898.0
860Z200US68379,68379,52183.0
860Z200US68380,68380,41900.0
860Z200US68381,68381,142224.0
860Z200US68382,68382,70221.0
860Z200US68401,68401,103945.0
860Z200US68402,68402,150965.0
860Z200US68403,68403,89072.0
860Z200US68404,68404,91088.0
860Z200US68405,68405,98595.0
860Z200US68406,68406,85630.0
860Z200US68407,68407,116410.0
860Z200US68409,68409,95186.0
860Z200US68410,68410,94770.0
860Z200US68413,68413,144654.0
860Z200US68414,68414,89328.0
860Z200US68415,68415,116300.0
860Z200US68416,68416,82041.0
860Z200US68417,68417,81687.0
860Z200US68418,68418,99751.0
860Z200US68419,68419,117621.0
860Z200US68420,68420,57420.0
860Z200US68421,68421,64796.0
860Z200US68422,68422,106310.0
860Z200US68423,68423,109695.0
860Z200US68424,68424,79986.0
860Z200US68428,68428,149043.0
860Z200US68429,68429,54907.0
860Z200US68430,68430,152897.0
860Z200US68431,68431,86637.0
860Z200US68433,68433,47995.0
860Z200US68434,68434,95695.0
860Z200US68436,68436,105456.0
860Z200US68437,68437,79898.0
860Z200US68438,68438,73725.0
860Z200US68439,68439,112472.0
860Z200US68440,68440,109979.0
860Z200US68441,68441,54029.0
860Z200US68442,68442,61231.0
860Z200US68443,68443,80566.0
860Z200US68444,68444,147943.0
860Z200US68445,68445,71622.0
860Z200US68446,68446,100461.0
860Z200US68447,68447,84901.0
860Z200US68448,68448,126291.0
860Z200US68450,68450,63785.0
860Z200US68452,68452,60728.0
860Z200US68453,68453,88182.0
860Z200US68454,68454,102956.0
860Z200US68455,68455,106009.0
860Z200US68456,68456,96950.0
860Z200US68457,68457,83919.0
860Z200US68458,68458,99673.0
860Z200US68460,68460,128265.0
860Z200US68461,68461,251217.0
860Z200US68462,68462,116592.0
860Z200US68463,68463,91770.0
860Z200US68464,68464,82601.0
860Z200US68465,68465,100547.0
860Z200US68466,68466,75409.0
860Z200US68467,68467,87063.0
860Z200US68502,68502,83385.0
860Z200US68503,68503,68872.0
860Z200US68504,68504,65217.0
860Z200US68505,68505,83336.0
860Z200US68506,68506,93336.0
860Z200US68507,68507,90385.0
860Z200US68508,68508,48131.0
860Z200US68510,68510,84448.0
860Z200US68512,68512,130999.0
860Z200US68514,68514,109605.0
860Z200US68516,68516,126308.0
860Z200US68517,68517,272921.0
860Z200US68520,68520,143614.0
860Z200US68521,68521,89608.0
860Z200US68522,68522,97492.0
860Z200US68523,68523,208107.0
860Z200US68524,68524,84875.0
860Z200US68526,68526,205652.0
860Z200US68527,68527,166461.0
860Z200US68528,68528,107053.0
860Z200US68531,68531,161385.0
860Z200US68532,68532,212064.0
860Z200US68588,68588,
860Z200US68601,68601,91499.0
860Z200US68620,68620,98646.0
860Z200US68621,68621,83198.0
860Z200US68622,68622,99584.0
860Z200US68623,68623,84601.0
860Z200US68624,68624,78959.0
860Z200US68626,68626,104892.0
860Z200US68627,68627,63854.0
860Z200US68628,68628,72190.0
860Z200US68629,68629,91982.0
860Z200US68631,68631,82577.0
860Z200US68632,68632,109857.0
860Z200US68633,68633,96473.0
860Z200US68634,68634,71556.0
860Z200US68635,68635,103503.0
860Z200US68636,68636,84531.0
860Z200US68637,68637,69475.0
860Z200US68638,68638,74573.0
860Z200US68640,68640,89859.0
860Z200US68641,68641,78442.0
860Z200US68642,68642,97997.0
860Z200US68643,68643,97917.0
860Z200US68644,68644,98772.0
860Z200US68647,68647,93457.0
860Z200US68648,68648,75557.0
860Z200US68649,68649,105736.0
860Z200US68651,68651,88037.0
860Z200US68652,68652,79709.0
860Z200US68653,68653,91944.0
860Z200US68654,68654,80666.0
860Z200US68655,68655,97255.0
860Z200US68658,68658,106065.0
860Z200US68659,68659,65823.0
860Z200US68660,68660,84032.0
860Z200US68661,68661,106974.0
860Z200US68662,68662,102720.0
860Z200US68663,68663,72055.0
860Z200US68664,68664,94722.0
860Z200US68665,68665,78631.0
860Z200US68666,68666,94314.0
860Z200US68667,68667,126210.0
860Z200US68669,68669,183519.0
860Z200US68701,68701,89418.0
860Z200US68710,68710,77281.0
860Z200US68711,68711,56109.0
860Z200US68713,68713,98052.0
860Z200US68714,68714,79492.0
860Z200US68715,68715,103633.0
860Z200US68716,68716,86527.0
860Z200US68717,68717,76343.0
860Z200US68718,68718,72589.0
860Z200US68719,68719,99616.0
860Z200US68720,68720,90708.0
860Z200US68722,68722,61296.0
860Z200US68723,68723,88250.0
860Z200US68724,68724,86809.0
860Z200US68725,68725,70256.0
860Z200US68726,68726,82858.0
860Z200US68727,68727,80665.0
860Z200US68728,68728,92341.0
860Z200US68729,68729,81782.0
860Z200US68730,68730,91555.0
860Z200US68731,68731,94913.0
860Z200US68732,68732,92156.0
860Z200US68733,68733,77829.0
860Z200US68734,68734,195078.0
860Z200US68735,68735,87701.0
860Z200US68736,68736,90854.0
860Z200US68739,68739,98900.0
860Z200US68740,68740,114783.0
860Z200US68741,68741,118782.0
860Z200US68742,68742,75411.0
860Z200US68743,68743,80773.0
860Z200US68745,68745,97092.0
860Z200US68746,68746,61980.0
860Z200US68747,68747,106476.0
860Z200US68748,68748,82813.0
860Z200US68749,68749,68944.0
860Z200US68751,68751,66516.0
860Z200US68752,68752,85171.0
860Z200US68753,68753,55193.0
860Z200US68755,68755,105874.0
860Z200US68756,68756,78149.0
860Z200US68757,68757,94404.0
860Z200US68758,68758,74067.0
860Z200US68759,68759,112734.0
860Z200US68760,68760,61599.0
860Z200US68761,68761,72342.0
860Z200US68763,68763,82855.0
860Z200US68764,68764,92524.0
860Z200US68765,68765,89492.0
860Z200US68766,68766,91282.0
860Z200US68767,68767,86734.0
860Z200US68768,68768,86042.0
860Z200US68769,68769,75882.0
860Z200US68770,68770,127062.0
860Z200US68771,68771,89096.0
860Z200US68773,68773,65212.0
860Z200US68774,68774,98630.0
860Z200US68776,68776,82053.0
860Z200US68777,68777,72995.0
860Z200US68778,68778,88863.0
860Z200US68779,68779,103358.0
860Z200US68780,68780,101498.0
860Z200US68781,68781,82879.0
860Z200US68783,68783,66514.0
860Z200US68784,68784,75691.0
860Z200US68785,68785,100957.0
860Z200US68786,68786,90031.0
860Z200US68787,68787,73331.0
860Z200US68788,68788,89619.0
860Z200US68789,68789,136626.0
860Z200US68790,68790,88407.0
860Z200US68791,68791,84122.0
860Z200US68792,68792,69559.0
860Z200US68801,68801,84993.0
860Z200US68803,68803,87973.0
860Z200US68810,68810,61238.0
860Z200US68812,68812,83632.0
860Z200US68813,68813,107179.0
860Z200US68814,68814,89415.0
860Z200US68815,68815,91373.0
860Z200US68816,68816,74214.0
860Z200US68817,68817,73793.0
860Z200US68818,68818,94481.0
860Z200US68820,68820,100968.0
860Z200US68821,68821,43940.0
860Z200US68822,68822,82240.0
860Z200US68823,68823,80173.0
860Z200US68824,68824,83512.0
860Z200US68825,68825,92221.0
860Z200US68826,68826,82553.0
860Z200US68827,68827,106582.0
860Z200US68828,68828,83850.0
860Z200US68831,68831,74184.0
860Z200US68832,68832,108724.0
860Z200US68833,68833,125978.0
860Z200US68834,68834,85078.0
860Z200US68835,68835,74764.0
860Z200US68836,68836,94338.0
860Z200US68837,68837,69294.0
860Z200US68838,68838,85609.0
860Z200US68840,68840,90355.0
860Z200US68841,68841,105740.0
860Z200US68842,68842,68016.0
860Z200US68843,68843,92332.0
860Z200US68844,68844,94464.0
860Z200US68845,68845,101285.0
860Z200US68846,68846,86790.0
860Z200US68847,68847,90652.0
860Z200US68849,68849,
860Z200US68850,68850,77647.0
860Z200US68852,68852,91985.0
860Z200US68853,68853,64564.0
860Z200US68854,68854,99684.0
860Z200US68855,68855,108779.0
860Z200US68856,68856,107799.0
860Z200US68858,68858,83784.0
860Z200US68859,68859,67880.0
860Z200US68860,68860,71319.0
860Z200US68861,68861,45845.0
860Z200US68862,68862,87335.0
860Z200US68863,68863,91090.0
860Z200US68864,68864,91253.0
860Z200US68865,68865,111736.0
860Z200US68866,68866,93439.0
860Z200US68869,68869,81411.0
860Z200US68870,68870,94455.0
860Z200US68871,68871,75413.0
860Z200US68872,68872,97991.0
860Z200US68873,68873,86146.0
860Z200US68874,68874,65314.0
860Z200US68875,68875,73863.0
860Z200US68876,68876,100420.0
860Z200US68878,68878,89391.0
860Z200US68879,68879,67959.0
860Z200US68881,68881,
860Z200US68882,68882,63511.0
860Z200US68883,68883,101455.0
860Z200US68901,68901,85462.0
860Z200US68920,68920,100554.0
860Z200US68922,68922,70274.0
860Z200US68923,68923,68100.0
860Z200US68924,68924,107916.0
860Z200US68925,68925,78767.0
860Z200US68926,68926,72925.0
860Z200US68927,68927,80999.0
860Z200US68928,68928,84470.0
860Z200US68929,68929,55671.0
860Z200US68930,68930,79605.0
860Z200US68932,68932,85240.0
860Z200US68933,68933,92663.0
860Z200US68934,68934,62676.0
860Z200US68935,68935,69330.0
860Z200US68936,68936,64020.0
860Z200US68937,68937,89137.0
860Z200US68938,68938,89131.0
860Z200US68939,68939,90972.0
860Z200US68940,68940,129470.0
860Z200US68941,68941,94321.0
860Z200US68942,68942,69395.0
860Z200US68943,68943,101218.0
860Z200US68944,68944,85873.0
860Z200US68945,68945,69649.0
860Z200US68946,68946,43617.0
860Z200US68947,68947,95607.0
860Z200US68948,68948,91834.0
860Z200US68949,68949,91856.0
860Z200US68950,68950,89252.0
860Z200US68952,68952,281546.0
860Z200US68954,68954,55364.0
860Z200US68955,68955,111747.0
860Z200US68956,68956,111010.0
860Z200US68957,68957,115027.0
860Z200US68958,68958,86544.0
860Z200US68959,68959,88637.0
860Z200US68960,68960,70610.0
860Z200US68961,68961,80067.0
860Z200US68964,68964,150377.0
860Z200US68966,68966,69834.0
860Z200US68967,68967,64171.0
860Z200US68970,68970,65818.0
860Z200US68971,68971,87519.0
860Z200US68972,68972,76775.0
860Z200US68973,68973,86471.0
860Z200US68974,68974,99244.0
860Z200US68975,68975,77100.0
860Z200US68976,68976,120329.0
860Z200US68977,68977,82256.0
860Z200US68978,68978,86686.0
860Z200US68979,68979,136120.0
860Z200US68980,68980,101476.0
860Z200US68981,68981,74145.0
860Z200US68982,68982,78037.0
860Z200US69001,69001,83309.0
860Z200US69020,69020,85707.0
860Z200US69021,69021,77864.0
860Z200US69022,69022,95143.0
860Z200US69023,69023,151588.0
860Z200US69024,69024,70633.0
860Z200US69025,69025,69310.0
860Z200US69026,69026,77338.0
860Z200US69027,69027,
860Z200US69028,69028,89025.0
860Z200US69029,69029,72753.0
860Z200US69030,69030,97395.0
860Z200US69032,69032,72140.0
860Z200US69033,69033,90833.0
860Z200US69034,69034,75765.0
860Z200US69036,69036,48550.0
860Z200US69037,69037,90972.0
860Z200US69038,69038,85412.0
860Z200US69039,69039,53297.0
860Z200US69040,69040,80289.0
860Z200US69041,69041,69195.0
860Z200US69042,69042,
860Z200US69043,69043,60431.0
860Z200US69044,69044,66377.0
860Z200US69045,69045,64855.0
860Z200US69046,69046,92320.0
860Z200US69101,69101,74627.0
860Z200US69120,69120,100882.0
860Z200US69121,69121,82884.0
860Z200US69122,69122,89039.0
860Z200US69123,69123,104103.0
860Z200US69125,69125,69338.0
860Z200US69127,69127,81034.0
860Z200US69128,69128,51594.0
860Z200US69129,69129,90777.0
860Z200US69130,69130,83718.0
860Z200US69131,69131,75405.0
860Z200US69132,69132,97873.0
860Z200US69133,69133,69174.0
860Z200US69134,69134,108789.0
860Z200US69135,69135,
860Z200US69138,69138,109768.0
860Z200US69140,69140,85338.0
860Z200US69141,69141,214077.0
860Z200US69142,69142,91589.0
860Z200US69143,69143,104721.0
860Z200US69144,69144,75051.0
860Z200US69145,69145,77758.0
860Z200US69146,69146,45088.0
860Z200US69147,69147,68857.0
860Z200US69148,69148,31757.0
860Z200US69149,69149,67173.0
860Z200US69150,69150,81937.0
860Z200US69151,69151,99015.0
860Z200US69152,69152,61475.0
860Z200US69153,69153,73214.0
860Z200US69154,69154,61523.0
860Z200US69155,69155,93709.0
860Z200US69156,69156,93072.0
860Z200US69157,69157,110054.0
860Z200US69161,69161,60210.0
860Z200US69162,69162,68876.0
860Z200US69163,69163,105361.0
860Z200US69165,69165,101344.0
860Z200US69166,69166,79173.0
860Z200US69167,69167,72709.0
860Z200US69168,69168,96052.0
860Z200US69169,69169,75717.0
860Z200US69170,69170,77403.0
860Z200US69171,69171,
860Z200US69201,69201,69364.0
860Z200US69210,69210,88466.0
860Z200US69211,69211,119439.0
860Z200US69212,69212,38983.0
860Z200US69214,69214,82609.0
860Z200US69216,69216,81123.0
860Z200US69217,69217,53026.0
860Z200US69218,69218,120296.0
860Z200US69219,69219,155730.0
860Z200US69220,69220,48429.0
860Z200US69221,69221,47866.0
860Z200US69301,69301,78203.0
860Z200US69331,69331,
860Z200US69333,69333,90592.0
860Z200US69334,69334,78711.0
860Z200US69335,69335,115457.0
860Z200US69336,69336,80549.0
860Z200US69337,69337,68547.0
860Z200US69339,69339,75891.0
860Z200US69340,69340,194398.0
860Z200US69341,69341,82253.0
860Z200US69343,69343,81673.0
860Z200US69345,69345,89678.0
860Z200US69346,69346,75601.0
860Z200US69347,69347,91814.0
860Z200US69348,69348,81253.0
860Z200US69350,69350,65445.0
860Z200US69351,69351,93434.0
860Z200US69352,69352,63700.0
860Z200US69353,69353,40315.0
860Z200US69354,69354,76061.0
860Z200US69355,69355,52339.0
860Z200US69356,69356,70959.0
860Z200US69357,69357,86820.0
860Z200US69358,69358,62722.0
860Z200US69360,69360,62409.0
860Z200US69361,69361,77731.0
860Z200US69365,69365,
860Z200US69366,69366,110226.0
860Z200US69367,69367,64745.0
860Z200US70001,70001,94538.0
860Z200US70002,70002,101709.0
860Z200US70003,70003,99622.0
860Z200US70005,70005,126386.0
860Z200US70006,70006,97371.0
860Z200US70030,70030,172405.0
860Z200US70031,70031,75688.0
860Z200US70032,70032,71410.0
860Z200US70036,70036,87253.0
860Z200US70037,70037,113274.0
860Z200US70038,70038,
860Z200US70039,70039,82658.0
860Z200US70040,70040,73365.0
860Z200US70041,70041,53110.0
860Z200US70043,70043,78851.0
860Z200US70047,70047,113268.0
860Z200US70049,70049,80638.0
860Z200US70050,70050,
860Z200US70051,70051,88219.0
860Z200US70052,70052,86266.0
860Z200US70053,70053,63062.0
860Z200US70056,70056,85690.0
860Z200US70057,70057,93786.0
860Z200US70058,70058,98771.0
860Z200US70062,70062,78282.0
860Z200US70065,70065,97747.0
860Z200US70067,70067,82444.0
860Z200US70068,70068,87454.0
860Z200US70070,70070,99681.0
860Z200US70071,70071,75522.0
860Z200US70072,70072,71057.0
860Z200US70075,70075,88837.0
860Z200US70076,70076,
860Z200US70079,70079,103133.0
860Z200US70080,70080,95237.0
860Z200US70082,70082,35621.0
860Z200US70083,70083,86621.0
860Z200US70084,70084,68355.0
860Z200US70085,70085,63726.0
860Z200US70086,70086,55287.0
860Z200US70087,70087,79409.0
860Z200US70090,70090,83466.0
860Z200US70091,70091,78648.0
860Z200US70092,70092,79347.0
860Z200US70094,70094,68399.0
860Z200US70112,70112,63959.0
860Z200US70113,70113,68517.0
860Z200US70114,70114,60668.0
860Z200US70115,70115,148288.0
860Z200US70116,70116,83434.0
860Z200US70117,70117,67052.0
860Z200US70118,70118,117910.0
860Z200US70119,70119,77506.0
860Z200US70121,70121,75994.0
860Z200US70122,70122,72632.0
860Z200US70123,70123,103894.0
860Z200US70124,70124,178687.0
860Z200US70125,70125,92695.0
860Z200US70126,70126,51751.0
860Z200US70127,70127,54627.0
860Z200US70128,70128,74166.0
860Z200US70129,70129,71241.0
860Z200US70130,70130,124675.0
860Z200US70131,70131,89875.0
860Z200US70139,70139,
860Z200US70148,70148,
860Z200US70163,70163,
860Z200US70301,70301,83596.0
860Z200US70310,70310,
860Z200US70339,70339,79336.0
860Z200US70340,70340,
860Z200US70341,70341,85971.0
860Z200US70342,70342,77119.0
860Z200US70343,70343,110566.0
860Z200US70344,70344,70405.0
860Z200US70345,70345,78230.0
860Z200US70346,70346,60073.0
860Z200US70352,70352,100914.0
860Z200US70353,70353,55965.0
860Z200US70354,70354,78683.0
860Z200US70355,70355,80687.0
860Z200US70356,70356,50580.0
860Z200US70357,70357,75956.0
860Z200US70358,70358,66097.0
860Z200US70359,70359,79636.0
860Z200US70360,70360,106431.0
860Z200US70363,70363,66292.0
860Z200US70364,70364,79244.0
860Z200US70372,70372,58831.0
860Z200US70373,70373,81621.0
860Z200US70374,70374,84440.0
860Z200US70375,70375,101727.0
860Z200US70377,70377,110457.0
860Z200US70380,70380,75915.0
860Z200US70390,70390,71592.0
860Z200US70391,70391,
860Z200US70392,70392,72383.0
860Z200US70393,70393,43650.0
860Z200US70394,70394,78692.0
860Z200US70395,70395,112658.0
860Z200US70397,70397,98870.0
860Z200US70401,70401,72052.0
860Z200US70402,70402,
860Z200US70403,70403,68985.0
860Z200US70420,70420,96992.0
860Z200US70422,70422,96597.0
860Z200US70426,70426,47603.0
860Z200US70427,70427,60498.0
860Z200US70431,70431,86187.0
860Z200US70433,70433,110700.0
860Z200US70435,70435,103026.0
860Z200US70436,70436,95331.0
860Z200US70437,70437,86313.0
860Z200US70438,70438,73919.0
860Z200US70441,70441,54063.0
860Z200US70442,70442,51134.0
860Z200US70443,70443,75283.0
860Z200US70444,70444,77852.0
860Z200US70445,70445,92856.0
860Z200US70446,70446,84263.0
860Z200US70447,70447,150520.0
860Z200US70448,70448,123405.0
860Z200US70449,70449,87906.0
860Z200US70450,70450,63695.0
860Z200US70451,70451,
860Z200US70452,70452,86817.0
860Z200US70453,70453,60116.0
860Z200US70454,70454,89629.0
860Z200US70455,70455,82196.0
860Z200US70456,70456,61405.0
860Z200US70457,70457,
860Z200US70458,70458,90076.0
860Z200US70460,70460,75140.0
860Z200US70461,70461,114487.0
860Z200US70462,70462,85723.0
860Z200US70463,70463,26231.0
860Z200US70464,70464,10142.0
860Z200US70465,70465,34517.0
860Z200US70466,70466,78920.0
860Z200US70471,70471,137732.0
860Z200US70501,70501,43689.0
860Z200US70503,70503,148148.0
860Z200US70506,70506,74595.0
860Z200US70507,70507,85717.0
860Z200US70508,70508,119484.0
860Z200US70510,70510,68526.0
860Z200US70512,70512,72115.0
860Z200US70513,70513,
860Z200US70514,70514,45834.0
860Z200US70515,70515,68800.0
860Z200US70516,70516,60361.0
860Z200US70517,70517,73921.0
860Z200US70518,70518,119986.0
860Z200US70519,70519,
860Z200US70520,70520,87479.0
860Z200US70522,70522,40587.0
860Z200US70523,70523,61227.0
860Z200US70524,70524,65621.0
860Z200US70525,70525,68536.0
860Z200US70526,70526,58183.0
860Z200US70528,70528,63047.0
860Z200US70529,70529,67989.0
860Z200US70531,70531,75187.0
860Z200US70532,70532,56973.0
860Z200US70533,70533,83836.0
860Z200US70534,70534,67434.0
860Z200US70535,70535,63229.0
860Z200US70537,70537,114343.0
860Z200US70538,70538,67505.0
860Z200US70541,70541,48929.0
860Z200US70542,70542,84346.0
860Z200US70543,70543,83326.0
860Z200US70544,70544,71190.0
860Z200US70546,70546,76119.0
860Z200US70548,70548,69119.0
860Z200US70549,70549,69475.0
860Z200US70550,70550,
860Z200US70551,70551,52146.0
860Z200US70552,70552,55935.0
860Z200US70554,70554,47061.0
860Z200US70555,70555,89198.0
860Z200US70556,70556,83657.0
860Z200US70558,70558,
860Z200US70559,70559,70596.0
860Z200US70560,70560,70436.0
860Z200US70563,70563,89780.0
860Z200US70570,70570,59961.0
860Z200US70575,70575,
860Z200US70576,70576,46081.0
860Z200US70577,70577,56167.0
860Z200US70578,70578,69776.0
860Z200US70580,70580,72829.0
860Z200US70581,70581,52691.0
860Z200US70582,70582,72599.0
860Z200US70583,70583,68597.0
860Z200US70584,70584,81904.0
860Z200US70585,70585,81889.0
860Z200US70586,70586,64845.0
860Z200US70589,70589,77187.0
860Z200US70591,70591,83184.0
860Z200US70592,70592,106471.0
860Z200US70601,70601,85653.0
860Z200US70605,70605,119779.0
860Z200US70607,70607,69312.0
860Z200US70609,70609,
860Z200US70611,70611,120176.0
860Z200US70615,70615,65315.0
860Z200US70629,70629,
860Z200US70630,70630,95735.0
860Z200US70631,70631,64879.0
860Z200US70632,70632,33828.0
860Z200US70633,70633,90550.0
860Z200US70634,70634,83251.0
860Z200US70637,70637,115587.0
860Z200US70638,70638,67825.0
860Z200US70639,70639,94944.0
860Z200US70640,70640,36971.0
860Z200US70643,70643,39560.0
860Z200US70644,70644,28396.0
860Z200US70645,70645,110144.0
860Z200US70646,70646,92418.0
860Z200US70647,70647,99767.0
860Z200US70648,70648,63171.0
860Z200US70650,70650,42996.0
860Z200US70651,70651,38802.0
860Z200US70652,70652,80375.0
860Z200US70653,70653,76316.0
860Z200US70654,70654,
860Z200US70655,70655,69897.0
860Z200US70656,70656,83154.0
860Z200US70657,70657,86437.0
860Z200US70658,70658,86182.0
860Z200US70659,70659,76602.0
860Z200US70660,70660,118386.0
860Z200US70661,70661,69259.0
860Z200US70662,70662,80284.0
860Z200US70663,70663,75329.0
860Z200US70665,70665,107508.0
860Z200US70668,70668,78528.0
860Z200US70669,70669,84920.0
860Z200US70706,70706,103234.0
860Z200US70710,70710,124492.0
860Z200US70711,70711,107020.0
860Z200US70712,70712,112834.0
860Z200US70714,70714,72270.0
860Z200US70715,70715,73107.0
860Z200US70719,70719,108501.0
860Z200US70721,70721,29473.0
860Z200US70722,70722,99058.0
860Z200US70723,70723,135581.0
860Z200US70725,70725,64640.0
860Z200US70726,70726,91865.0
860Z200US70729,70729,142064.0
860Z200US70730,70730,98213.0
860Z200US70732,70732,66855.0
860Z200US70733,70733,84372.0
860Z200US70734,70734,139451.0
860Z200US70736,70736,45099.0
860Z200US70737,70737,100631.0
860Z200US70739,70739,126502.0
860Z200US70740,70740,82858.0
860Z200US70743,70743,126217.0
860Z200US70744,70744,69976.0
860Z200US70747,70747,72227.0
860Z200US70748,70748,101481.0
860Z200US70749,70749,78075.0
860Z200US70750,70750,71442.0
860Z200US70752,70752,117428.0
860Z200US70753,70753,42880.0
860Z200US70754,70754,81272.0
860Z200US70755,70755,79688.0
860Z200US70756,70756,60525.0
860Z200US70757,70757,62378.0
860Z200US70759,70759,54595.0
860Z200US70760,70760,65297.0
860Z200US70761,70761,64706.0
860Z200US70762,70762,104897.0
860Z200US70763,70763,110007.0
860Z200US70764,70764,80556.0
860Z200US70767,70767,84218.0
860Z200US70769,70769,135705.0
860Z200US70770,70770,94598.0
860Z200US70772,70772,108690.0
860Z200US70773,70773,
860Z200US70774,70774,104860.0
860Z200US70775,70775,104644.0
860Z200US70776,70776,89441.0
860Z200US70777,70777,116936.0
860Z200US70778,70778,108244.0
860Z200US70780,70780,122375.0
860Z200US70782,70782,70627.0
860Z200US70783,70783,105884.0
860Z200US70785,70785,94501.0
860Z200US70786,70786,
860Z200US70787,70787,31439.0
860Z200US70788,70788,59513.0
860Z200US70789,70789,37007.0
860Z200US70791,70791,107543.0
860Z200US70801,70801,107901.0
860Z200US70802,70802,51785.0
860Z200US70803,70803,
860Z200US70805,70805,40893.0
860Z200US70806,70806,87725.0
860Z200US70807,70807,48101.0
860Z200US70808,70808,122765.0
860Z200US70809,70809,121250.0
860Z200US70810,70810,139785.0
860Z200US70811,70811,62800.0
860Z200US70812,70812,59238.0
860Z200US70813,70813,
860Z200US70814,70814,64077.0
860Z200US70815,70815,78082.0
860Z200US70816,70816,85559.0
860Z200US70817,70817,134924.0
860Z200US70818,70818,101380.0
860Z200US70819,70819,97756.0
860Z200US70820,70820,74926.0
860Z200US70825,70825,
860Z200US70836,70836,60512.0
860Z200US71001,71001,49970.0
860Z200US71002,71002,51351.0
860Z200US71003,71003,58595.0
860Z200US71004,71004,94395.0
860Z200US71006,71006,120697.0
860Z200US71007,71007,51337.0
860Z200US71008,71008,51016.0
860Z200US71009,71009,102464.0
860Z200US71016,71016,57659.0
860Z200US71018,71018,52142.0
860Z200US71019,71019,63628.0
860Z200US71021,71021,28317.0
860Z200US71023,71023,60932.0
860Z200US71024,71024,63588.0
860Z200US71027,71027,74817.0
860Z200US71028,71028,49630.0
860Z200US71029,71029,76626.0
860Z200US71030,71030,69966.0
860Z200US71031,71031,58048.0
860Z200US71032,71032,100612.0
860Z200US71033,71033,94669.0
860Z200US71034,71034,72486.0
860Z200US71037,71037,87259.0
860Z200US71038,71038,38003.0
860Z200US71039,71039,75958.0
860Z200US71040,71040,60955.0
860Z200US71043,71043,59878.0
860Z200US71044,71044,66030.0
860Z200US71045,71045,67814.0
860Z200US71046,71046,70461.0
860Z200US71047,71047,77209.0
860Z200US71048,71048,74116.0
860Z200US71049,71049,60791.0
860Z200US71051,71051,80052.0
860Z200US71052,71052,47197.0
860Z200US71055,71055,59262.0
860Z200US71060,71060,61073.0
860Z200US71061,71061,47804.0
860Z200US71063,71063,56430.0
860Z200US71064,71064,50038.0
860Z200US71065,71065,52130.0
860Z200US71066,71066,
860Z200US71067,71067,58279.0
860Z200US71068,71068,64221.0
860Z200US71069,71069,50760.0
860Z200US71070,71070,66467.0
860Z200US71071,71071,53312.0
860Z200US71072,71072,92545.0
860Z200US71073,71073,59339.0
860Z200US71075,71075,41802.0
860Z200US71078,71078,106352.0
860Z200US71079,71079,47774.0
860Z200US71082,71082,38690.0
860Z200US71101,71101,34986.0
860Z200US71103,71103,42418.0
860Z200US71104,71104,80577.0
860Z200US71105,71105,91868.0
860Z200US71106,71106,139017.0
860Z200US71107,71107,67947.0
860Z200US71108,71108,44481.0
860Z200US71109,71109,45826.0
860Z200US71110,71110,81707.0
860Z200US71111,71111,96847.0
860Z200US71112,71112,75731.0
860Z200US71115,71115,95887.0
860Z200US71118,71118,68499.0
860Z200US71119,71119,82528.0
860Z200US71129,71129,71007.0
860Z200US71201,71201,93637.0
860Z200US71202,71202,37775.0
860Z200US71203,71203,73256.0
860Z200US71209,71209,
860Z200US71212,71212,
860Z200US71218,71218,
860Z200US71219,71219,76156.0
860Z200US71220,71220,53274.0
860Z200US71222,71222,47962.0
860Z200US71223,71223,33219.0
860Z200US71225,71225,111997.0
860Z200US71226,71226,58391.0
860Z200US71227,71227,94645.0
860Z200US71229,71229,74059.0
860Z200US71230,71230,
860Z200US71232,71232,72258.0
860Z200US71233,71233,63817.0
860Z200US71234,71234,102382.0
860Z200US71235,71235,65438.0
860Z200US71237,71237,71306.0
860Z200US71238,71238,58630.0
860Z200US71241,71241,63692.0
860Z200US71242,71242,39144.0
860Z200US71243,71243,139985.0
860Z200US71245,71245,34305.0
860Z200US71247,71247,45010.0
860Z200US71250,71250,42364.0
860Z200US71251,71251,61256.0
860Z200US71253,71253,65421.0
860Z200US71254,71254,46036.0
860Z200US71256,71256,62232.0
860Z200US71259,71259,62122.0
860Z200US71260,71260,46588.0
860Z200US71261,71261,48437.0
860Z200US71263,71263,68342.0
860Z200US71264,71264,78653.0
860Z200US71266,71266,60738.0
860Z200US71268,71268,86433.0
860Z200US71269,71269,69657.0
860Z200US71270,71270,64573.0
860Z200US71272,71272,
860Z200US71275,71275,58687.0
860Z200US71276,71276,80119.0
860Z200US71277,71277,50124.0
860Z200US71279,71279,
860Z200US71280,71280,105293.0
860Z200US71282,71282,55541.0
860Z200US71286,71286,62224.0
860Z200US71291,71291,84960.0
860Z200US71292,71292,78608.0
860Z200US71295,71295,67198.0
860Z200US71301,71301,69490.0
860Z200US71302,71302,57236.0
860Z200US71303,71303,89954.0
860Z200US71316,71316,
860Z200US71320,71320,28844.0
860Z200US71322,71322,48922.0
860Z200US71323,71323,45780.0
860Z200US71325,71325,62565.0
860Z200US71326,71326,42097.0
860Z200US71327,71327,56624.0
860Z200US71328,71328,83933.0
860Z200US71330,71330,
860Z200US71331,71331,74239.0
860Z200US71333,71333,52818.0
860Z200US71334,71334,56205.0
860Z200US71336,71336,64340.0
860Z200US71339,71339,
860Z200US71340,71340,78838.0
860Z200US71341,71341,56643.0
860Z200US71342,71342,82095.0
860Z200US71343,71343,57496.0
860Z200US71345,71345,
860Z200US71346,71346,67262.0
860Z200US71350,71350,65888.0
860Z200US71351,71351,62907.0
860Z200US71353,71353,55908.0
860Z200US71354,71354,75034.0
860Z200US71355,71355,60449.0
860Z200US71356,71356,55733.0
860Z200US71357,71357,49060.0
860Z200US71358,71358,67201.0
860Z200US71359,71359,
860Z200US71360,71360,83815.0
860Z200US71362,71362,57999.0
860Z200US71366,71366,61179.0
860Z200US71367,71367,71236.0
860Z200US71368,71368,47199.0
860Z200US71369,71369,59163.0
860Z200US71371,71371,106050.0
860Z200US71373,71373,59513.0
860Z200US71375,71375,32776.0
860Z200US71378,71378,62919.0
860Z200US71401,71401,
860Z200US71403,71403,85109.0
860Z200US71404,71404,67450.0
860Z200US71405,71405,84858.0
860Z200US71406,71406,
860Z200US71407,71407,142824.0
860Z200US71409,71409,87791.0
860Z200US71410,71410,30670.0
860Z200US71411,71411,51682.0
860Z200US71414,71414,51026.0
860Z200US71415,71415,61352.0
860Z200US71416,71416,66623.0
860Z200US71417,71417,66419.0
860Z200US71418,71418,62381.0
860Z200US71419,71419,82557.0
860Z200US71422,71422,69197.0
860Z200US71423,71423,72208.0
860Z200US71424,71424,88765.0
860Z200US71425,71425,
860Z200US71426,71426,45673.0
860Z200US71427,71427,58251.0
860Z200US71428,71428,
860Z200US71429,71429,64284.0
860Z200US71430,71430,74349.0
860Z200US71432,71432,59206.0
860Z200US71433,71433,73044.0
860Z200US71434,71434,62348.0
860Z200US71435,71435,73783.0
860Z200US71438,71438,84250.0
860Z200US71439,71439,64537.0
860Z200US71441,71441,108344.0
860Z200US71446,71446,72470.0
860Z200US71447,71447,70079.0
860Z200US71449,71449,73873.0
860Z200US71450,71450,57584.0
860Z200US71452,71452,53638.0
860Z200US71454,71454,60068.0
860Z200US71455,71455,
860Z200US71456,71456,109226.0
860Z200US71457,71457,70278.0
860Z200US71459,71459,77633.0
860Z200US71461,71461,58067.0
860Z200US71462,71462,61616.0
860Z200US71463,71463,64332.0
860Z200US71465,71465,80200.0
860Z200US71466,71466,39871.0
860Z200US71467,71467,80847.0
860Z200US71468,71468,91622.0
860Z200US71469,71469,64334.0
860Z200US71472,71472,
860Z200US71473,71473,46365.0
860Z200US71474,71474,78913.0
860Z200US71475,71475,
860Z200US71479,71479,101423.0
860Z200US71480,71480,72970.0
860Z200US71483,71483,73880.0
860Z200US71485,71485,106220.0
860Z200US71486,71486,70457.0
860Z200US71497,71497,9469.0
860Z200US71601,71601,49811.0
860Z200US71602,71602,76296.0
860Z200US71603,71603,67213.0
860Z200US71630,71630,48169.0
860Z200US71631,71631,48390.0
860Z200US71635,71635,64291.0
860Z200US71638,71638,48165.0
860Z200US71639,71639,48543.0
860Z200US71640,71640,43467.0
860Z200US71642,71642,55052.0
860Z200US71643,71643,47902.0
860Z200US71644,71644,61358.0
860Z200US71646,71646,56435.0
860Z200US71647,71647,53066.0
860Z200US71651,71651,97113.0
860Z200US71652,71652,71030.0
860Z200US71653,71653,77817.0
860Z200US71654,71654,62448.0
860Z200US71655,71655,63501.0
860Z200US71658,71658,48923.0
860Z200US71659,71659,
860Z200US71660,71660,67693.0
860Z200US71661,71661,39330.0
860Z200US71662,71662,
860Z200US71663,71663,61521.0
860Z200US71665,71665,65721.0
860Z200US71666,71666,
860Z200US71667,71667,69763.0
860Z200US71670,71670,78666.0
860Z200US71671,71671,68741.0
860Z200US71674,71674,63206.0
860Z200US71675,71675,49567.0
860Z200US71676,71676,40067.0
860Z200US71677,71677,45837.0
860Z200US71678,71678,
860Z200US71701,71701,64877.0
860Z200US71720,71720,75562.0
860Z200US71721,71721,
860Z200US71722,71722,49858.0
860Z200US71724,71724,58062.0
860Z200US71725,71725,38694.0
860Z200US71726,71726,44799.0
860Z200US71728,71728,278125.0
860Z200US71730,71730,72893.0
860Z200US71740,71740,85526.0
860Z200US71742,71742,54496.0
860Z200US71743,71743,57291.0
860Z200US71744,71744,76903.0
860Z200US71745,71745,67219.0
860Z200US71747,71747,50976.0
860Z200US71748,71748,100552.0
860Z200US71749,71749,101856.0
860Z200US71751,71751,61762.0
860Z200US71752,71752,47595.0
860Z200US71753,71753,65519.0
860Z200US71758,71758,42312.0
860Z200US71759,71759,62550.0
860Z200US71762,71762,68572.0
860Z200US71763,71763,75698.0
860Z200US71764,71764,52149.0
860Z200US71765,71765,72443.0
860Z200US71766,71766,73535.0
860Z200US71770,71770,61262.0
860Z200US71772,71772,81678.0
860Z200US71801,71801,67367.0
860Z200US71820,71820,69150.0
860Z200US71822,71822,70404.0
860Z200US71823,71823,57626.0
860Z200US71825,71825,75398.0
860Z200US71826,71826,59634.0
860Z200US71827,71827,67564.0
860Z200US71831,71831,
860Z200US71832,71832,61520.0
860Z200US71833,71833,54346.0
860Z200US71834,71834,79728.0
860Z200US71835,71835,82361.0
860Z200US71836,71836,70777.0
860Z200US71837,71837,80704.0
860Z200US71838,71838,61407.0
860Z200US71839,71839,50523.0
860Z200US71841,71841,55513.0
860Z200US71842,71842,101963.0
860Z200US71845,71845,47839.0
860Z200US71846,71846,69084.0
860Z200US71847,71847,40098.0
860Z200US71851,71851,65481.0
860Z200US71852,71852,69987.0
860Z200US71853,71853,49071.0
860Z200US71854,71854,67212.0
860Z200US71855,71855,30660.0
860Z200US71857,71857,48148.0
860Z200US71858,71858,57699.0
860Z200US71859,71859,69886.0
860Z200US71860,71860,46047.0
860Z200US71861,71861,58272.0
860Z200US71862,71862,37357.0
860Z200US71864,71864,58055.0
860Z200US71865,71865,54586.0
860Z200US71866,71866,68589.0
860Z200US71901,71901,72637.0
860Z200US71909,71909,83631.0
860Z200US71913,71913,75985.0
860Z200US71921,71921,81649.0
860Z200US71922,71922,30882.0
860Z200US71923,71923,70727.0
860Z200US71929,71929,65641.0
860Z200US71933,71933,63406.0
860Z200US71935,71935,57599.0
860Z200US71937,71937,73200.0
860Z200US71940,71940,59488.0
860Z200US71941,71941,92001.0
860Z200US71942,71942,79329.0
860Z200US71943,71943,60994.0
860Z200US71944,71944,78516.0
860Z200US71945,71945,46911.0
860Z200US71949,71949,59548.0
860Z200US71950,71950,124975.0
860Z200US71952,71952,70444.0
860Z200US71953,71953,80975.0
860Z200US71956,71956,52869.0
860Z200US71957,71957,67975.0
860Z200US71958,71958,54221.0
860Z200US71959,71959,67047.0
860Z200US71960,71960,69512.0
860Z200US71961,71961,51700.0
860Z200US71962,71962,48793.0
860Z200US71964,71964,77344.0
860Z200US71965,71965,53528.0
860Z200US71968,71968,82136.0
860Z200US71969,71969,56568.0
860Z200US71970,71970,79782.0
860Z200US71971,71971,75530.0
860Z200US71972,71972,74428.0
860Z200US71973,71973,50235.0
860Z200US71998,71998,
860Z200US71999,71999,
860Z200US72001,72001,62159.0
860Z200US72002,72002,99001.0
860Z200US72003,72003,65766.0
860Z200US72004,72004,51698.0
860Z200US72005,72005,35954.0
860Z200US72006,72006,62521.0
860Z200US72007,72007,93822.0
860Z200US72010,72010,59982.0
860Z200US72011,72011,101286.0
860Z200US72012,72012,82628.0
860Z200US72013,72013,65968.0
860Z200US72014,72014,102788.0
860Z200US72015,72015,82345.0
860Z200US72016,72016,73793.0
860Z200US72017,72017,70836.0
860Z200US72019,72019,102206.0
860Z200US72020,72020,61484.0
860Z200US72021,72021,48417.0
860Z200US72022,72022,99273.0
860Z200US72023,72023,93916.0
860Z200US72024,72024,76936.0
860Z200US72025,72025,76439.0
860Z200US72026,72026,49755.0
860Z200US72027,72027,68599.0
860Z200US72028,72028,
860Z200US72029,72029,54413.0
860Z200US72030,72030,58781.0
860Z200US72031,72031,58833.0
860Z200US72032,72032,75816.0
860Z200US72034,72034,89029.0
860Z200US72035,72035,
860Z200US72036,72036,29333.0
860Z200US72038,72038,60084.0
860Z200US72039,72039,90224.0
860Z200US72040,72040,68319.0
860Z200US72041,72041,65205.0
860Z200US72042,72042,81700.0
860Z200US72044,72044,61390.0
860Z200US72045,72045,82808.0
860Z200US72046,72046,71603.0
860Z200US72047,72047,70511.0
860Z200US72048,72048,221479.0
860Z200US72051,72051,42891.0
860Z200US72052,72052,69381.0
860Z200US72053,72053,
860Z200US72055,72055,81942.0
860Z200US72057,72057,109082.0
860Z200US72058,72058,99501.0
860Z200US72059,72059,
860Z200US72060,72060,48334.0
860Z200US72061,72061,77163.0
860Z200US72063,72063,69176.0
860Z200US72064,72064,88753.0
860Z200US72065,72065,89355.0
860Z200US72066,72066,44980.0
860Z200US72067,72067,79926.0
860Z200US72068,72068,60274.0
860Z200US72069,72069,67972.0
860Z200US72070,72070,93883.0
860Z200US72072,72072,50763.0
860Z200US72073,72073,65428.0
860Z200US72074,72074,88676.0
860Z200US72075,72075,
860Z200US72076,72076,71734.0
860Z200US72079,72079,98002.0
860Z200US72080,72080,44211.0
860Z200US72081,72081,79577.0
860Z200US72082,72082,39835.0
860Z200US72083,72083,60950.0
860Z200US72084,72084,65239.0
860Z200US72085,72085,100441.0
860Z200US72086,72086,90131.0
860Z200US72087,72087,48702.0
860Z200US72088,72088,67021.0
860Z200US72099,72099,
860Z200US72101,72101,75461.0
860Z200US72102,72102,68540.0
860Z200US72103,72103,72829.0
860Z200US72104,72104,63171.0
860Z200US72106,72106,75573.0
860Z200US72107,72107,58530.0
860Z200US72108,72108,
860Z200US72110,72110,61141.0
860Z200US72111,72111,65630.0
860Z200US72112,72112,56857.0
860Z200US72113,72113,99974.0
860Z200US72114,72114,42915.0
860Z200US72116,72116,94264.0
860Z200US72117,72117,54761.0
860Z200US72118,72118,65535.0
860Z200US72119,72119,
860Z200US72120,72120,93318.0
860Z200US72121,72121,58115.0
860Z200US72122,72122,121003.0
860Z200US72123,72123,54652.0
860Z200US72125,72125,61397.0
860Z200US72126,72126,69719.0
860Z200US72127,72127,76663.0
860Z200US72128,72128,91040.0
860Z200US72129,72129,78167.0
860Z200US72130,72130,114907.0
860Z200US72131,72131,60474.0
860Z200US72132,72132,71650.0
860Z200US72133,72133,
860Z200US72134,72134,113487.0
860Z200US72135,72135,179788.0
860Z200US72136,72136,72973.0
860Z200US72137,72137,65982.0
860Z200US72139,72139,29535.0
860Z200US72140,72140,76757.0
860Z200US72141,72141,37890.0
860Z200US72142,72142,75343.0
860Z200US72143,72143,76167.0
860Z200US72150,72150,94368.0
860Z200US72152,72152,92598.0
860Z200US72153,72153,63252.0
860Z200US72156,72156,125290.0
860Z200US72157,72157,64013.0
860Z200US72160,72160,69131.0
860Z200US72165,72165,
860Z200US72166,72166,103081.0
860Z200US72167,72167,119124.0
860Z200US72168,72168,62580.0
860Z200US72169,72169,154150.0
860Z200US72170,72170,56179.0
860Z200US72173,72173,95164.0
860Z200US72175,72175,44935.0
860Z200US72176,72176,84124.0
860Z200US72178,72178,45432.0
860Z200US72179,72179,64130.0
860Z200US72180,72180,
860Z200US72181,72181,146534.0
860Z200US72182,72182,10442.0
860Z200US72183,72183,
860Z200US72199,72199,
860Z200US72201,72201,160870.0
860Z200US72202,72202,80431.0
860Z200US72204,72204,54585.0
860Z200US72205,72205,96881.0
860Z200US72206,72206,71919.0
860Z200US72207,72207,165051.0
860Z200US72209,72209,50410.0
860Z200US72210,72210,82859.0
860Z200US72211,72211,116222.0
860Z200US72212,72212,164109.0
860Z200US72223,72223,162727.0
860Z200US72227,72227,123735.0
860Z200US72301,72301,56186.0
860Z200US72311,72311,64664.0
860Z200US72313,72313,
860Z200US72315,72315,76635.0
860Z200US72320,72320,
860Z200US72322,72322,39975.0
860Z200US72324,72324,69199.0
860Z200US72325,72325,
860Z200US72326,72326,59714.0
860Z200US72327,72327,87623.0
860Z200US72328,72328,
860Z200US72329,72329,
860Z200US72330,72330,51887.0
860Z200US72331,72331,53986.0
860Z200US72332,72332,29911.0
860Z200US72333,72333,46413.0
860Z200US72335,72335,58792.0
860Z200US72338,72338,
860Z200US72339,72339,35703.0
860Z200US72340,72340,78919.0
860Z200US72341,72341,49139.0
860Z200US72342,72342,44777.0
860Z200US72346,72346,63948.0
860Z200US72347,72347,58001.0
860Z200US72348,72348,69539.0
860Z200US72350,72350,93863.0
860Z200US72351,72351,59600.0
860Z200US72352,72352,68657.0
860Z200US72353,72353,
860Z200US72354,72354,71789.0
860Z200US72355,72355,71577.0
860Z200US72358,72358,49756.0
860Z200US72359,72359,69467.0
860Z200US72360,72360,42945.0
860Z200US72364,72364,100151.0
860Z200US72365,72365,57208.0
860Z200US72366,72366,57738.0
860Z200US72367,72367,
860Z200US72368,72368,144208.0
860Z200US72369,72369,
860Z200US72370,72370,63948.0
860Z200US72372,72372,68826.0
860Z200US72373,72373,34131.0
860Z200US72374,72374,74852.0
860Z200US72376,72376,71481.0
860Z200US72377,72377,
860Z200US72379,72379,
860Z200US72383,72383,
860Z200US72384,72384,59426.0
860Z200US72386,72386,75335.0
860Z200US72387,72387,
860Z200US72389,72389,58470.0
860Z200US72390,72390,49535.0
860Z200US72391,72391,
860Z200US72392,72392,79028.0
860Z200US72394,72394,58686.0
860Z200US72395,72395,87870.0
860Z200US72396,72396,73862.0
860Z200US72401,72401,66533.0
860Z200US72404,72404,99475.0
860Z200US72405,72405,107501.0
860Z200US72410,72410,56339.0
860Z200US72411,72411,57544.0
860Z200US72412,72412,77109.0
860Z200US72413,72413,63880.0
860Z200US72414,72414,71182.0
860Z200US72415,72415,86208.0
860Z200US72416,72416,76038.0
860Z200US72417,72417,77120.0
860Z200US72419,72419,59366.0
860Z200US72421,72421,51741.0
860Z200US72422,72422,62857.0
860Z200US72424,72424,37644.0
860Z200US72425,72425,64452.0
860Z200US72426,72426,76857.0
860Z200US72427,72427,57415.0
860Z200US72428,72428,28531.0
860Z200US72429,72429,48517.0
860Z200US72430,72430,56253.0
860Z200US72431,72431,86618.0
860Z200US72432,72432,71454.0
860Z200US72433,72433,56160.0
860Z200US72434,72434,67570.0
860Z200US72435,72435,68739.0
860Z200US72436,72436,78699.0
860Z200US72437,72437,77295.0
860Z200US72438,72438,70117.0
860Z200US72440,72440,65830.0
860Z200US72441,72441,72381.0
860Z200US72442,72442,104727.0
860Z200US72443,72443,61714.0
860Z200US72444,72444,51679.0
860Z200US72445,72445,61155.0
860Z200US72447,72447,76096.0
860Z200US72449,72449,56434.0
860Z200US72450,72450,69763.0
860Z200US72453,72453,63572.0
860Z200US72454,72454,61859.0
860Z200US72455,72455,69900.0
860Z200US72456,72456,59904.0
860Z200US72457,72457,73849.0
860Z200US72458,72458,78693.0
860Z200US72459,72459,47211.0
860Z200US72460,72460,72352.0
860Z200US72461,72461,67476.0
860Z200US72462,72462,67127.0
860Z200US72464,72464,31240.0
860Z200US72466,72466,189047.0
860Z200US72467,72467,
860Z200US72469,72469,55940.0
860Z200US72470,72470,75578.0
860Z200US72471,72471,55044.0
860Z200US72472,72472,54374.0
860Z200US72473,72473,65495.0
860Z200US72476,72476,63857.0
860Z200US72478,72478,47740.0
860Z200US72479,72479,63175.0
860Z200US72482,72482,51875.0
860Z200US72501,72501,78862.0
860Z200US72512,72512,58362.0
860Z200US72513,72513,49021.0
860Z200US72515,72515,
860Z200US72517,72517,37059.0
860Z200US72519,72519,57419.0
860Z200US72520,72520,41941.0
860Z200US72521,72521,69611.0
860Z200US72522,72522,35415.0
860Z200US72523,72523,59358.0
860Z200US72524,72524,22141.0
860Z200US72526,72526,72331.0
860Z200US72527,72527,59744.0
860Z200US72528,72528,26114.0
860Z200US72529,72529,52186.0
860Z200US72530,72530,74890.0
860Z200US72531,72531,58142.0
860Z200US72532,72532,47636.0
860Z200US72533,72533,62282.0
860Z200US72534,72534,62321.0
860Z200US72536,72536,74649.0
860Z200US72537,72537,55777.0
860Z200US72538,72538,73250.0
860Z200US72539,72539,46444.0
860Z200US72540,72540,39191.0
860Z200US72542,72542,62305.0
860Z200US72543,72543,79989.0
860Z200US72544,72544,52622.0
860Z200US72546,72546,
860Z200US72550,72550,90683.0
860Z200US72553,72553,30894.0
860Z200US72554,72554,64664.0
860Z200US72555,72555,47380.0
860Z200US72556,72556,65821.0
860Z200US72560,72560,51219.0
860Z200US72561,72561,68619.0
860Z200US72562,72562,63298.0
860Z200US72564,72564,96174.0
860Z200US72565,72565,59454.0
860Z200US72566,72566,45812.0
860Z200US72567,72567,74745.0
860Z200US72568,72568,78133.0
860Z200US72569,72569,62356.0
860Z200US72571,72571,123947.0
860Z200US72572,72572,61528.0
860Z200US72573,72573,148511.0
860Z200US72576,72576,50764.0
860Z200US72577,72577,64563.0
860Z200US72578,72578,
860Z200US72579,72579,95261.0
860Z200US72581,72581,48053.0
860Z200US72583,72583,49936.0
860Z200US72584,72584,63064.0
860Z200US72585,72585,55502.0
860Z200US72587,72587,
860Z200US72601,72601,72424.0
860Z200US72611,72611,57866.0
860Z200US72615,72615,56220.0
860Z200US72616,72616,73450.0
860Z200US72617,72617,58192.0
860Z200US72619,72619,72475.0
860Z200US72623,72623,75591.0
860Z200US72624,72624,54486.0
860Z200US72626,72626,60464.0
860Z200US72628,72628,61299.0
860Z200US72629,72629,57654.0
860Z200US72630,72630,53835.0
860Z200US72631,72631,75818.0
860Z200US72632,72632,66077.0
860Z200US72633,72633,64889.0
860Z200US72634,72634,59120.0
860Z200US72635,72635,59687.0
860Z200US72636,72636,
860Z200US72638,72638,67739.0
860Z200US72639,72639,83181.0
860Z200US72640,72640,64487.0
860Z200US72641,72641,59442.0
860Z200US72642,72642,75723.0
860Z200US72644,72644,62152.0
860Z200US72645,72645,47597.0
860Z200US72648,72648,77227.0
860Z200US72650,72650,49403.0
860Z200US72651,72651,60853.0
860Z200US72653,72653,69872.0
860Z200US72655,72655,56249.0
860Z200US72658,72658,68714.0
860Z200US72660,72660,94721.0
860Z200US72661,72661,48718.0
860Z200US72662,72662,70355.0
860Z200US72663,72663,110182.0
860Z200US72666,72666,57390.0
860Z200US72668,72668,61699.0
860Z200US72669,72669,74151.0
860Z200US72670,72670,91824.0
860Z200US72672,72672,52008.0
860Z200US72675,72675,56583.0
860Z200US72677,72677,53578.0
860Z200US72679,72679,50792.0
860Z200US72680,72680,49224.0
860Z200US72682,72682,42325.0
860Z200US72683,72683,55317.0
860Z200US72685,72685,53622.0
860Z200US72686,72686,37239.0
860Z200US72687,72687,66123.0
860Z200US72701,72701,80003.0
860Z200US72703,72703,99973.0
860Z200US72704,72704,118902.0
860Z200US72712,72712,155757.0
860Z200US72713,72713,146537.0
860Z200US72714,72714,120710.0
860Z200US72715,72715,126210.0
860Z200US72717,72717,62249.0
860Z200US72718,72718,162939.0
860Z200US72719,72719,144961.0
860Z200US72721,72721,52014.0
860Z200US72722,72722,81293.0
860Z200US72727,72727,83317.0
860Z200US72729,72729,78894.0
860Z200US72730,72730,97760.0
860Z200US72732,72732,98023.0
860Z200US72734,72734,79946.0
860Z200US72736,72736,95162.0
860Z200US72738,72738,98691.0
860Z200US72739,72739,142225.0
860Z200US72740,72740,82636.0
860Z200US72742,72742,72890.0
860Z200US72744,72744,80578.0
860Z200US72745,72745,106909.0
860Z200US72747,72747,
860Z200US72749,72749,
860Z200US72751,72751,104917.0
860Z200US72752,72752,51515.0
860Z200US72753,72753,79118.0
860Z200US72756,72756,96304.0
860Z200US72758,72758,131656.0
860Z200US72760,72760,79044.0
860Z200US72761,72761,84071.0
860Z200US72762,72762,108353.0
860Z200US72764,72764,89229.0
860Z200US72768,72768,74801.0
860Z200US72769,72769,65593.0
860Z200US72773,72773,68209.0
860Z200US72774,72774,91923.0
860Z200US72776,72776,38336.0
860Z200US72801,72801,60944.0
860Z200US72802,72802,85195.0
860Z200US72821,72821,55365.0
860Z200US72823,72823,87004.0
860Z200US72824,72824,69328.0
860Z200US72826,72826,
860Z200US72827,72827,18994.0
860Z200US72828,72828,
860Z200US72829,72829,
860Z200US72830,72830,61748.0
860Z200US72832,72832,36822.0
860Z200US72833,72833,69643.0
860Z200US72834,72834,69998.0
860Z200US72835,72835,70261.0
860Z200US72837,72837,70148.0
860Z200US72838,72838,104563.0
860Z200US72839,72839,69120.0
860Z200US72840,72840,50972.0
860Z200US72841,72841,41289.0
860Z200US72842,72842,70416.0
860Z200US72843,72843,69001.0
860Z200US72845,72845,54257.0
860Z200US72846,72846,73049.0
860Z200US72847,72847,71890.0
860Z200US72851,72851,65072.0
860Z200US72852,72852,63020.0
860Z200US72853,72853,53541.0
860Z200US72854,72854,42301.0
860Z200US72855,72855,79606.0
860Z200US72856,72856,118421.0
860Z200US72857,72857,63659.0
860Z200US72858,72858,138902.0
860Z200US72860,72860,76432.0
860Z200US72863,72863,72509.0
860Z200US72865,72865,73445.0
860Z200US72901,72901,60351.0
860Z200US72903,72903,89370.0
860Z200US72904,72904,49765.0
860Z200US72905,72905,
860Z200US72908,72908,90391.0
860Z200US72916,72916,187588.0
860Z200US72921,72921,86651.0
860Z200US72923,72923,70056.0
860Z200US72926,72926,60269.0
860Z200US72927,72927,70938.0
860Z200US72928,72928,36297.0
860Z200US72930,72930,57152.0
860Z200US72932,72932,69649.0
860Z200US72933,72933,79878.0
860Z200US72934,72934,61950.0
860Z200US72935,72935,70065.0
860Z200US72936,72936,93111.0
860Z200US72937,72937,80565.0
860Z200US72938,72938,89901.0
860Z200US72940,72940,70930.0
860Z200US72941,72941,95123.0
860Z200US72943,72943,66380.0
860Z200US72944,72944,58722.0
860Z200US72945,72945,47352.0
860Z200US72946,72946,78481.0
860Z200US72947,72947,67070.0
860Z200US72948,72948,75649.0
860Z200US72949,72949,65327.0
860Z200US72950,72950,56409.0
860Z200US72951,72951,51843.0
860Z200US72952,72952,63892.0
860Z200US72955,72955,37256.0
860Z200US72956,72956,74652.0
860Z200US72958,72958,56589.0
860Z200US72959,72959,60414.0
860Z200US73001,73001,77553.0
860Z200US73002,73002,71943.0
860Z200US73003,73003,96048.0
860Z200US73004,73004,91830.0
860Z200US73005,73005,58647.0
860Z200US73006,73006,62705.0
860Z200US73007,73007,165037.0
860Z200US73008,73008,68989.0
860Z200US73009,73009,69031.0
860Z200US73010,73010,108127.0
860Z200US73011,73011,70289.0
860Z200US73012,73012,148819.0
860Z200US73013,73013,150124.0
860Z200US73014,73014,109994.0
860Z200US73015,73015,61819.0
860Z200US73016,73016,109271.0
860Z200US73017,73017,67538.0
860Z200US73018,73018,78633.0
860Z200US73019,73019,
860Z200US73020,73020,116677.0
860Z200US73021,73021,77562.0
860Z200US73022,73022,
860Z200US73024,73024,62919.0
860Z200US73025,73025,224556.0
860Z200US73026,73026,121312.0
860Z200US73027,73027,84276.0
860Z200US73028,73028,77337.0
860Z200US73029,73029,70514.0
860Z200US73030,73030,80044.0
860Z200US73031,73031,52294.0
860Z200US73032,73032,68972.0
860Z200US73033,73033,75663.0
860Z200US73034,73034,148406.0
860Z200US73036,73036,79249.0
860Z200US73038,73038,69484.0
860Z200US73040,73040,78020.0
860Z200US73041,73041,91086.0
860Z200US73042,73042,70412.0
860Z200US73043,73043,100830.0
860Z200US73044,73044,93495.0
860Z200US73045,73045,96904.0
860Z200US73047,73047,71062.0
860Z200US73048,73048,77441.0
860Z200US73049,73049,123408.0
860Z200US73050,73050,32460.0
860Z200US73051,73051,84025.0
860Z200US73052,73052,77794.0
860Z200US73053,73053,81163.0
860Z200US73054,73054,84768.0
860Z200US73055,73055,79719.0
860Z200US73056,73056,69526.0
860Z200US73057,73057,74611.0
860Z200US73058,73058,100984.0
860Z200US73059,73059,87529.0
860Z200US73061,73061,99163.0
860Z200US73062,73062,74234.0
860Z200US73063,73063,85663.0
860Z200US73064,73064,112542.0
860Z200US73065,73065,104308.0
860Z200US73066,73066,92899.0
860Z200US73067,73067,85263.0
860Z200US73068,73068,89141.0
860Z200US73069,73069,76105.0
860Z200US73070,73070,
860Z200US73071,73071,79898.0
860Z200US73072,73072,110519.0
860Z200US73073,73073,78735.0
860Z200US73074,73074,87251.0
860Z200US73075,73075,72782.0
860Z200US73077,73077,88024.0
860Z200US73078,73078,110067.0
860Z200US73079,73079,94732.0
860Z200US73080,73080,86971.0
860Z200US73082,73082,80276.0
860Z200US73084,73084,60704.0
860Z200US73086,73086,89884.0
860Z200US73089,73089,113291.0
860Z200US73090,73090,92375.0
860Z200US73092,73092,62001.0
860Z200US73093,73093,126045.0
860Z200US73095,73095,87816.0
860Z200US73096,73096,83686.0
860Z200US73097,73097,
860Z200US73098,73098,78457.0
860Z200US73099,73099,102650.0
860Z200US73102,73102,83358.0
860Z200US73103,73103,108859.0
860Z200US73104,73104,125248.0
860Z200US73105,73105,58443.0
860Z200US73106,73106,90605.0
860Z200US73107,73107,74251.0
860Z200US73108,73108,49092.0
860Z200US73109,73109,49988.0
860Z200US73110,73110,69991.0
860Z200US73111,73111,53305.0
860Z200US73112,73112,70848.0
860Z200US73114,73114,64142.0
860Z200US73115,73115,61312.0
860Z200US73116,73116,169867.0
860Z200US73117,73117,39213.0
860Z200US73118,73118,105298.0
860Z200US73119,73119,50972.0
860Z200US73120,73120,100230.0
860Z200US73121,73121,100636.0
860Z200US73122,73122,63563.0
860Z200US73127,73127,59609.0
860Z200US73128,73128,91526.0
860Z200US73129,73129,56572.0
860Z200US73130,73130,89121.0
860Z200US73131,73131,154479.0
860Z200US73132,73132,80265.0
860Z200US73134,73134,76704.0
860Z200US73135,73135,77162.0
860Z200US73139,73139,59978.0
860Z200US73141,73141,66520.0
860Z200US73142,73142,116329.0
860Z200US73145,73145,79263.0
860Z200US73149,73149,56936.0
860Z200US73150,73150,114205.0
860Z200US73151,73151,217306.0
860Z200US73159,73159,68785.0
860Z200US73160,73160,92023.0
860Z200US73162,73162,105505.0
860Z200US73165,73165,149509.0
860Z200US73169,73169,107411.0
860Z200US73170,73170,115738.0
860Z200US73173,73173,154906.0
860Z200US73179,73179,122816.0
860Z200US73401,73401,82375.0
860Z200US73425,73425,66304.0
860Z200US73430,73430,83289.0
860Z200US73432,73432,69179.0
860Z200US73433,73433,81480.0
860Z200US73434,73434,74853.0
860Z200US73435,73435,47322.0
860Z200US73436,73436,67839.0
860Z200US73437,73437,
860Z200US73438,73438,58352.0
860Z200US73439,73439,67753.0
860Z200US73440,73440,80933.0
860Z200US73441,73441,41565.0
860Z200US73442,73442,98600.0
860Z200US73443,73443,77732.0
860Z200US73444,73444,95363.0
860Z200US73446,73446,72098.0
860Z200US73447,73447,57312.0
860Z200US73448,73448,79146.0
860Z200US73449,73449,69366.0
860Z200US73450,73450,66505.0
860Z200US73453,73453,133112.0
860Z200US73455,73455,74781.0
860Z200US73456,73456,68684.0
860Z200US73458,73458,97100.0
860Z200US73459,73459,78700.0
860Z200US73460,73460,61604.0
860Z200US73461,73461,60197.0
860Z200US73463,73463,77300.0
860Z200US73481,73481,71356.0
860Z200US73487,73487,41867.0
860Z200US73488,73488,42175.0
860Z200US73491,73491,72345.0
860Z200US73501,73501,66354.0
860Z200US73503,73503,69743.0
860Z200US73505,73505,75609.0
860Z200US73507,73507,77122.0
860Z200US73520,73520,55928.0
860Z200US73521,73521,76540.0
860Z200US73523,73523,
860Z200US73526,73526,87773.0
860Z200US73527,73527,81522.0
860Z200US73528,73528,79320.0
860Z200US73529,73529,87053.0
860Z200US73530,73530,65163.0
860Z200US73531,73531,82282.0
860Z200US73532,73532,86713.0
860Z200US73533,73533,84275.0
860Z200US73537,73537,84104.0
860Z200US73538,73538,99185.0
860Z200US73539,73539,88193.0
860Z200US73540,73540,94652.0
860Z200US73541,73541,97958.0
860Z200US73542,73542,64559.0
860Z200US73543,73543,87414.0
860Z200US73544,73544,71846.0
860Z200US73546,73546,54440.0
860Z200US73547,73547,73002.0
860Z200US73548,73548,57917.0
860Z200US73549,73549,163032.0
860Z200US73550,73550,78147.0
860Z200US73551,73551,82963.0
860Z200US73552,73552,90187.0
860Z200US73553,73553,59050.0
860Z200US73554,73554,64690.0
860Z200US73555,73555,71957.0
860Z200US73556,73556,78998.0
860Z200US73557,73557,157604.0
860Z200US73559,73559,45436.0
860Z200US73560,73560,63506.0
860Z200US73562,73562,125804.0
860Z200US73564,73564,63385.0
860Z200US73565,73565,56133.0
860Z200US73566,73566,71760.0
860Z200US73567,73567,80151.0
860Z200US73568,73568,60880.0
860Z200US73569,73569,50983.0
860Z200US73570,73570,74222.0
860Z200US73571,73571,42507.0
860Z200US73572,73572,73810.0
860Z200US73573,73573,85259.0
860Z200US73601,73601,83183.0
860Z200US73620,73620,63974.0
860Z200US73622,73622,60578.0
860Z200US73624,73624,61711.0
860Z200US73625,73625,82241.0
860Z200US73626,73626,87542.0
860Z200US73627,73627,150188.0
860Z200US73628,73628,94603.0
860Z200US73632,73632,68276.0
860Z200US73638,73638,65909.0
860Z200US73639,73639,66019.0
860Z200US73641,73641,55868.0
860Z200US73642,73642,85831.0
860Z200US73644,73644,71950.0
860Z200US73645,73645,63850.0
860Z200US73646,73646,123954.0
860Z200US73647,73647,86491.0
860Z200US73650,73650,158811.0
860Z200US73651,73651,50487.0
860Z200US73654,73654,90529.0
860Z200US73655,73655,65866.0
860Z200US73658,73658,54122.0
860Z200US73659,73659,118478.0
860Z200US73660,73660,70977.0
860Z200US73661,73661,100374.0
860Z200US73662,73662,78363.0
860Z200US73663,73663,84038.0
860Z200US73664,73664,107208.0
860Z200US73666,73666,74868.0
860Z200US73667,73667,74661.0
860Z200US73668,73668,53880.0
860Z200US73669,73669,76740.0
860Z200US73673,73673,63580.0
860Z200US73701,73701,65355.0
860Z200US73703,73703,97873.0
860Z200US73705,73705,
860Z200US73716,73716,88118.0
860Z200US73717,73717,70613.0
860Z200US73718,73718,95397.0
860Z200US73719,73719,87849.0
860Z200US73720,73720,80591.0
860Z200US73722,73722,94179.0
860Z200US73724,73724,87905.0
860Z200US73726,73726,81569.0
860Z200US73727,73727,75606.0
860Z200US73728,73728,78649.0
860Z200US73729,73729,75800.0
860Z200US73730,73730,75793.0
860Z200US73731,73731,66249.0
860Z200US73733,73733,105134.0
860Z200US73734,73734,90849.0
860Z200US73735,73735,102864.0
860Z200US73736,73736,139808.0
860Z200US73737,73737,76598.0
860Z200US73738,73738,91621.0
860Z200US73739,73739,87083.0
860Z200US73741,73741,77691.0
860Z200US73742,73742,92322.0
860Z200US73743,73743,44951.0
860Z200US73744,73744,84164.0
860Z200US73746,73746,
860Z200US73747,73747,49551.0
860Z200US73749,73749,79299.0
860Z200US73750,73750,97038.0
860Z200US73753,73753,116154.0
860Z200US73754,73754,97093.0
860Z200US73755,73755,87205.0
860Z200US73756,73756,115359.0
860Z200US73757,73757,87573.0
860Z200US73758,73758,90948.0
860Z200US73759,73759,76014.0
860Z200US73760,73760,81888.0
860Z200US73761,73761,77774.0
860Z200US73762,73762,132327.0
860Z200US73763,73763,62819.0
860Z200US73764,73764,61940.0
860Z200US73766,73766,82633.0
860Z200US73768,73768,96864.0
860Z200US73770,73770,48756.0
860Z200US73771,73771,50686.0
860Z200US73772,73772,75391.0
860Z200US73773,73773,86596.0
860Z200US73801,73801,88658.0
860Z200US73832,73832,82414.0
860Z200US73834,73834,77584.0
860Z200US73835,73835,71656.0
860Z200US73838,73838,117416.0
860Z200US73840,73840,75506.0
860Z200US73841,73841,105610.0
860Z200US73842,73842,64395.0
860Z200US73843,73843,65696.0
860Z200US73844,73844,109603.0
860Z200US73848,73848,66981.0
860Z200US73851,73851,78722.0
860Z200US73852,73852,78994.0
860Z200US73853,73853,95747.0
860Z200US73855,73855,57409.0
860Z200US73857,73857,69986.0
860Z200US73858,73858,64735.0
860Z200US73859,73859,72768.0
860Z200US73860,73860,77964.0
860Z200US73901,73901,58155.0
860Z200US73931,73931,83146.0
860Z200US73932,73932,72388.0
860Z200US73933,73933,79026.0
860Z200US73937,73937,87694.0
860Z200US73938,73938,89926.0
860Z200US73939,73939,79380.0
860Z200US73942,73942,70055.0
860Z200US73944,73944,71804.0
860Z200US73945,73945,63447.0
860Z200US73946,73946,
860Z200US73947,73947,141698.0
860Z200US73949,73949,84886.0
860Z200US73950,73950,81461.0
860Z200US73951,73951,51457.0
860Z200US73960,73960,
860Z200US74001,74001,62059.0
860Z200US74002,74002,75457.0
860Z200US74003,74003,71160.0
860Z200US74006,74006,96055.0
860Z200US74008,74008,123481.0
860Z200US74010,74010,73375.0
860Z200US74011,74011,124778.0
860Z200US74012,74012,109108.0
860Z200US74014,74014,111825.0
860Z200US74015,74015,90567.0
860Z200US74016,74016,68749.0
860Z200US74017,74017,81592.0
860Z200US74019,74019,103584.0
860Z200US74020,74020,74858.0
860Z200US74021,74021,105606.0
860Z200US74022,74022,66653.0
860Z200US74023,74023,67848.0
860Z200US74026,74026,65355.0
860Z200US74027,74027,59237.0
860Z200US74028,74028,74340.0
860Z200US74029,74029,72207.0
860Z200US74030,74030,55430.0
860Z200US74032,74032,70249.0
860Z200US74033,74033,102927.0
860Z200US74034,74034,40156.0
860Z200US74035,74035,60758.0
860Z200US74036,74036,97043.0
860Z200US74037,74037,125524.0
860Z200US74038,74038,71404.0
860Z200US74039,74039,79682.0
860Z200US74041,74041,96586.0
860Z200US74042,74042,70507.0
860Z200US74044,74044,82884.0
860Z200US74045,74045,84593.0
860Z200US74046,74046,61972.0
860Z200US74047,74047,106064.0
860Z200US74048,74048,75590.0
860Z200US74050,74050,63882.0
860Z200US74051,74051,77636.0
860Z200US74052,74052,46607.0
860Z200US74053,74053,98173.0
860Z200US74054,74054,71039.0
860Z200US74055,74055,110242.0
860Z200US74056,74056,62858.0
860Z200US74058,74058,70006.0
860Z200US74059,74059,64696.0
860Z200US74060,74060,64514.0
860Z200US74061,74061,106747.0
860Z200US74062,74062,61548.0
860Z200US74063,74063,90032.0
860Z200US74066,74066,80311.0
860Z200US74068,74068,
860Z200US74070,74070,87112.0
860Z200US74071,74071,33473.0
860Z200US74072,74072,75676.0
860Z200US74073,74073,106336.0
860Z200US74074,74074,82630.0
860Z200US74075,74075,63568.0
860Z200US74077,74077,
860Z200US74078,74078,
860Z200US74079,74079,82864.0
860Z200US74080,74080,124133.0
860Z200US74081,74081,74590.0
860Z200US74082,74082,134454.0
860Z200US74083,74083,72291.0
860Z200US74084,74084,56365.0
860Z200US74085,74085,59781.0
860Z200US74103,74103,129541.0
860Z200US74104,74104,73844.0
860Z200US74105,74105,129936.0
860Z200US74106,74106,51318.0
860Z200US74107,74107,65988.0
860Z200US74108,74108,72455.0
860Z200US74110,74110,47648.0
860Z200US74112,74112,69992.0
860Z200US74114,74114,165138.0
860Z200US74115,74115,52522.0
860Z200US74116,74116,74291.0
860Z200US74117,74117,
860Z200US74119,74119,74640.0
860Z200US74120,74120,114603.0
860Z200US74126,74126,54878.0
860Z200US74127,74127,61845.0
860Z200US74128,74128,61233.0
860Z200US74129,74129,60289.0
860Z200US74130,74130,58579.0
860Z200US74131,74131,94629.0
860Z200US74132,74132,110460.0
860Z200US74133,74133,103909.0
860Z200US74134,74134,95550.0
860Z200US74135,74135,91034.0
860Z200US74136,74136,86154.0
860Z200US74137,74137,157716.0
860Z200US74145,74145,72206.0
860Z200US74146,74146,55093.0
860Z200US74171,74171,
860Z200US74301,74301,68165.0
860Z200US74330,74330,97299.0
860Z200US74331,74331,78455.0
860Z200US74332,74332,64335.0
860Z200US74333,74333,83275.0
860Z200US74337,74337,72622.0
860Z200US74338,74338,69489.0
860Z200US74339,74339,51522.0
860Z200US74340,74340,63205.0
860Z200US74342,74342,63522.0
860Z200US74343,74343,54171.0
860Z200US74344,74344,80039.0
860Z200US74346,74346,66359.0
860Z200US74347,74347,63399.0
860Z200US74349,74349,69134.0
860Z200US74350,74350,67024.0
860Z200US74352,74352,69331.0
860Z200US74354,74354,64497.0
860Z200US74358,74358,50951.0
860Z200US74359,74359,48764.0
860Z200US74360,74360,
860Z200US74361,74361,76671.0
860Z200US74363,74363,65350.0
860Z200US74364,74364,80774.0
860Z200US74365,74365,71197.0
860Z200US74366,74366,47533.0
860Z200US74367,74367,62510.0
860Z200US74368,74368,58436.0
860Z200US74369,74369,67659.0
860Z200US74370,74370,65857.0
860Z200US74401,74401,61299.0
860Z200US74403,74403,73091.0
860Z200US74421,74421,83083.0
860Z200US74422,74422,82094.0
860Z200US74423,74423,56558.0
860Z200US74425,74425,69439.0
860Z200US74426,74426,66418.0
860Z200US74427,74427,93021.0
860Z200US74428,74428,73286.0
860Z200US74429,74429,91187.0
860Z200US74430,74430,87444.0
860Z200US74431,74431,70897.0
860Z200US74432,74432,64568.0
860Z200US74434,74434,88425.0
860Z200US74435,74435,60810.0
860Z200US74436,74436,76531.0
860Z200US74437,74437,65055.0
860Z200US74438,74438,49389.0
860Z200US74441,74441,67603.0
860Z200US74442,74442,87398.0
860Z200US74445,74445,76707.0
860Z200US74446,74446,54678.0
860Z200US74447,74447,67906.0
860Z200US74450,74450,75595.0
860Z200US74451,74451,69118.0
860Z200US74452,74452,69061.0
860Z200US74454,74454,78910.0
860Z200US74455,74455,60184.0
860Z200US74456,74456,69603.0
860Z200US74457,74457,85287.0
860Z200US74458,74458,69419.0
860Z200US74459,74459,53090.0
860Z200US74460,74460,79742.0
860Z200US74462,74462,68192.0
860Z200US74463,74463,36074.0
860Z200US74464,74464,75348.0
860Z200US74467,74467,75619.0
860Z200US74468,74468,68082.0
860Z200US74469,74469,59385.0
860Z200US74470,74470,70005.0
860Z200US74471,74471,74797.0
860Z200US74472,74472,53283.0
860Z200US74477,74477,
860Z200US74501,74501,74929.0
860Z200US74521,74521,39845.0
860Z200US74522,74522,87630.0
860Z200US74523,74523,52884.0
860Z200US74525,74525,68241.0
860Z200US74528,74528,65784.0
860Z200US74530,74530,50070.0
860Z200US74531,74531,58075.0
860Z200US74533,74533,95761.0
860Z200US74534,74534,34462.0
860Z200US74535,74535,38270.0
860Z200US74536,74536,57964.0
860Z200US74538,74538,65226.0
860Z200US74540,74540,42184.0
860Z200US74543,74543,104966.0
860Z200US74546,74546,94364.0
860Z200US74547,74547,72169.0
860Z200US74549,74549,77213.0
860Z200US74552,74552,68113.0
860Z200US74553,74553,73565.0
860Z200US74554,74554,55942.0
860Z200US74555,74555,71134.0
860Z200US74556,74556,51243.0
860Z200US74557,74557,63705.0
860Z200US74558,74558,62188.0
860Z200US74560,74560,59763.0
860Z200US74561,74561,68106.0
860Z200US74562,74562,90328.0
860Z200US74563,74563,70636.0
860Z200US74565,74565,67853.0
860Z200US74567,74567,43748.0
860Z200US74569,74569,70100.0
860Z200US74570,74570,72776.0
860Z200US74571,74571,62432.0
860Z200US74572,74572,75266.0
860Z200US74574,74574,52923.0
860Z200US74576,74576,87144.0
860Z200US74577,74577,50713.0
860Z200US74578,74578,55297.0
860Z200US74601,74601,63954.0
860Z200US74604,74604,111347.0
860Z200US74630,74630,65394.0
860Z200US74631,74631,70003.0
860Z200US74632,74632,82984.0
860Z200US74633,74633,89671.0
860Z200US74636,74636,127457.0
860Z200US74637,74637,81157.0
860Z200US74640,74640,87218.0
860Z200US74641,74641,80590.0
860Z200US74643,74643,76947.0
860Z200US74644,74644,59888.0
860Z200US74646,74646,85225.0
860Z200US74647,74647,72489.0
860Z200US74650,74650,71662.0
860Z200US74651,74651,89706.0
860Z200US74652,74652,71694.0
860Z200US74653,74653,69072.0
860Z200US74701,74701,72539.0
860Z200US74720,74720,65437.0
860Z200US74721,74721,
860Z200US74722,74722,85675.0
860Z200US74723,74723,60987.0
860Z200US74724,74724,63198.0
860Z200US74726,74726,69237.0
860Z200US74727,74727,57319.0
860Z200US74728,74728,75773.0
860Z200US74729,74729,88500.0
860Z200US74730,74730,75023.0
860Z200US74731,74731,53995.0
860Z200US74733,74733,67484.0
860Z200US74734,74734,68568.0
860Z200US74735,74735,67941.0
860Z200US74736,74736,76094.0
860Z200US74737,74737,54983.0
860Z200US74738,74738,69253.0
860Z200US74740,74740,53636.0
860Z200US74741,74741,77034.0
860Z200US74743,74743,55582.0
860Z200US74745,74745,59158.0
860Z200US74747,74747,91089.0
860Z200US74748,74748,68829.0
860Z200US74750,74750,47877.0
860Z200US74753,74753,
860Z200US74754,74754,74706.0
860Z200US74755,74755,53530.0
860Z200US74756,74756,85327.0
860Z200US74759,74759,77186.0
860Z200US74760,74760,53980.0
860Z200US74761,74761,48614.0
860Z200US74764,74764,69858.0
860Z200US74766,74766,58279.0
860Z200US74801,74801,71084.0
860Z200US74804,74804,83145.0
860Z200US74820,74820,80133.0
860Z200US74824,74824,80418.0
860Z200US74825,74825,59319.0
860Z200US74826,74826,84858.0
860Z200US74827,74827,73870.0
860Z200US74829,74829,42682.0
860Z200US74830,74830,54543.0
860Z200US74831,74831,68927.0
860Z200US74832,74832,71422.0
860Z200US74833,74833,64951.0
860Z200US74834,74834,79745.0
860Z200US74836,74836,71394.0
860Z200US74837,74837,55755.0
860Z200US74839,74839,48152.0
860Z200US74840,74840,80324.0
860Z200US74842,74842,65462.0
860Z200US74843,74843,107326.0
860Z200US74844,74844,54040.0
860Z200US74845,74845,67078.0
860Z200US74848,74848,60222.0
860Z200US74849,74849,58963.0
860Z200US74850,74850,60251.0
860Z200US74851,74851,88627.0
860Z200US74852,74852,65584.0
860Z200US74854,74854,68897.0
860Z200US74855,74855,74727.0
860Z200US74856,74856,80737.0
860Z200US74857,74857,103711.0
860Z200US74859,74859,61726.0
860Z200US74860,74860,76215.0
860Z200US74864,74864,72932.0
860Z200US74865,74865,72575.0
860Z200US74866,74866,60093.0
860Z200US74867,74867,58223.0
860Z200US74868,74868,60066.0
860Z200US74869,74869,67865.0
860Z200US74871,74871,86341.0
860Z200US74872,74872,77848.0
860Z200US74873,74873,70019.0
860Z200US74875,74875,88587.0
860Z200US74878,74878,77433.0
860Z200US74880,74880,70202.0
860Z200US74881,74881,75766.0
860Z200US74883,74883,51808.0
860Z200US74884,74884,57482.0
860Z200US74901,74901,55228.0
860Z200US74902,74902,61759.0
860Z200US74930,74930,60993.0
860Z200US74931,74931,68542.0
860Z200US74932,74932,71901.0
860Z200US74935,74935,56914.0
860Z200US74936,74936,69805.0
860Z200US74937,74937,59553.0
860Z200US74939,74939,40159.0
860Z200US74940,74940,66483.0
860Z200US74941,74941,72317.0
860Z200US74942,74942,40782.0
860Z200US74943,74943,99188.0
860Z200US74944,74944,50489.0
860Z200US74945,74945,56114.0
860Z200US74946,74946,29600.0
860Z200US74947,74947,43274.0
860Z200US74948,74948,64308.0
860Z200US74949,74949,61865.0
860Z200US74951,74951,56548.0
860Z200US74953,74953,69258.0
860Z200US74954,74954,69772.0
860Z200US74955,74955,63013.0
860Z200US74956,74956,62235.0
860Z200US74957,74957,59607.0
860Z200US74959,74959,65269.0
860Z200US74960,74960,58239.0
860Z200US74962,74962,68815.0
860Z200US74963,74963,67812.0
860Z200US74964,74964,64465.0
860Z200US74965,74965,54360.0
860Z200US74966,74966,80855.0
860Z200US75001,75001,102815.0
860Z200US75002,75002,155746.0
860Z200US75006,75006,107478.0
860Z200US75007,75007,131459.0
860Z200US75009,75009,187057.0
860Z200US75010,75010,146709.0
860Z200US75013,75013,187085.0
860Z200US75019,75019,188551.0
860Z200US75020,75020,88867.0
860Z200US75021,75021,81927.0
860Z200US75022,75022,226147.0
860Z200US75023,75023,128044.0
860Z200US75024,75024,159988.0
860Z200US75025,75025,165380.0
860Z200US75028,75028,171754.0
860Z200US75032,75032,177859.0
860Z200US75033,75033,208929.0
860Z200US75034,75034,159158.0
860Z200US75035,75035,190576.0
860Z200US75036,75036,176204.0
860Z200US75038,75038,101928.0
860Z200US75039,75039,139288.0
860Z200US75040,75040,92706.0
860Z200US75041,75041,87951.0
860Z200US75042,75042,78682.0
860Z200US75043,75043,90165.0
860Z200US75044,75044,116489.0
860Z200US75048,75048,161411.0
860Z200US75050,75050,84170.0
860Z200US75051,75051,70013.0
860Z200US75052,75052,105063.0
860Z200US75054,75054,198287.0
860Z200US75056,75056,151872.0
860Z200US75057,75057,89813.0
860Z200US75058,75058,138626.0
860Z200US75060,75060,86123.0
860Z200US75061,75061,78585.0
860Z200US75062,75062,94781.0
860Z200US75063,75063,145014.0
860Z200US75065,75065,127938.0
860Z200US75067,75067,95147.0
860Z200US75068,75068,144367.0
860Z200US75069,75069,114943.0
860Z200US75070,75070,134828.0
860Z200US75071,75071,159307.0
860Z200US75072,75072,181350.0
860Z200US75074,75074,109496.0
860Z200US75075,75075,123173.0
860Z200US75076,75076,101196.0
860Z200US75077,75077,148403.0
860Z200US75078,75078,223917.0
860Z200US75080,75080,129596.0
860Z200US75081,75081,114850.0
860Z200US75082,75082,141368.0
860Z200US75087,75087,155694.0
860Z200US75088,75088,125274.0
860Z200US75089,75089,135046.0
860Z200US75090,75090,76571.0
860Z200US75092,75092,88970.0
860Z200US75093,75093,193686.0
860Z200US75094,75094,176117.0
860Z200US75098,75098,133520.0
860Z200US75101,75101,71131.0
860Z200US75102,75102,116117.0
860Z200US75103,75103,90372.0
860Z200US75104,75104,114505.0
860Z200US75105,75105,54782.0
860Z200US75109,75109,94165.0
860Z200US75110,75110,75397.0
860Z200US75114,75114,96889.0
860Z200US75115,75115,103525.0
860Z200US75116,75116,71634.0
860Z200US75117,75117,127259.0
860Z200US75119,75119,94096.0
860Z200US75124,75124,91677.0
860Z200US75125,75125,77384.0
860Z200US75126,75126,125192.0
860Z200US75127,75127,88618.0
860Z200US75132,75132,
860Z200US75134,75134,80288.0
860Z200US75135,75135,123281.0
860Z200US75137,75137,103664.0
860Z200US75140,75140,84064.0
860Z200US75141,75141,56913.0
860Z200US75142,75142,97887.0
860Z200US75143,75143,88437.0
860Z200US75144,75144,80847.0
860Z200US75146,75146,86595.0
860Z200US75147,75147,81307.0
860Z200US75148,75148,83570.0
860Z200US75149,75149,81040.0
860Z200US75150,75150,79110.0
860Z200US75152,75152,108181.0
860Z200US75153,75153,103831.0
860Z200US75154,75154,118534.0
860Z200US75155,75155,72059.0
860Z200US75156,75156,86129.0
860Z200US75157,75157,74250.0
860Z200US75158,75158,110319.0
860Z200US75159,75159,91679.0
860Z200US75160,75160,87756.0
860Z200US75161,75161,97145.0
860Z200US75163,75163,69928.0
860Z200US75164,75164,63078.0
860Z200US75165,75165,101516.0
860Z200US75166,75166,147087.0
860Z200US75167,75167,134387.0
860Z200US75169,75169,86329.0
860Z200US75172,75172,72582.0
860Z200US75173,75173,119196.0
860Z200US75180,75180,82646.0
860Z200US75181,75181,112553.0
860Z200US75182,75182,185400.0
860Z200US75189,75189,124546.0
860Z200US75201,75201,142308.0
860Z200US75202,75202,152876.0
860Z200US75203,75203,64186.0
860Z200US75204,75204,131847.0
860Z200US75205,75205,328834.0
860Z200US75206,75206,128329.0
860Z200US75207,75207,97686.0
860Z200US75208,75208,125067.0
860Z200US75209,75209,233213.0
860Z200US75210,75210,46265.0
860Z200US75211,75211,72741.0
860Z200US75212,75212,70803.0
860Z200US75214,75214,199795.0
860Z200US75215,75215,69943.0
860Z200US75216,75216,52760.0
860Z200US75217,75217,64327.0
860Z200US75218,75218,162615.0
860Z200US75219,75219,130263.0
860Z200US75220,75220,111352.0
860Z200US75223,75223,90205.0
860Z200US75224,75224,68879.0
860Z200US75225,75225,327179.0
860Z200US75226,75226,80293.0
860Z200US75227,75227,71528.0
860Z200US75228,75228,78274.0
860Z200US75229,75229,208359.0
860Z200US75230,75230,209268.0
860Z200US75231,75231,86880.0
860Z200US75232,75232,69630.0
860Z200US75233,75233,77777.0
860Z200US75234,75234,108896.0
860Z200US75235,75235,76361.0
860Z200US75236,75236,68782.0
860Z200US75237,75237,49899.0
860Z200US75238,75238,128290.0
860Z200US75240,75240,83124.0
860Z200US75241,75241,59605.0
860Z200US75243,75243,74785.0
860Z200US75244,75244,166955.0
860Z200US75246,75246,69066.0
860Z200US75247,75247,19224.0
860Z200US75248,75248,161890.0
860Z200US75249,75249,91007.0
860Z200US75251,75251,87476.0
860Z200US75252,75252,131655.0
860Z200US75253,75253,70119.0
860Z200US75254,75254,100007.0
860Z200US75261,75261,
860Z200US75270,75270,
860Z200US75287,75287,93171.0
860Z200US75390,75390,
860Z200US75401,75401,67631.0
860Z200US75402,75402,100989.0
860Z200US75407,75407,107688.0
860Z200US75409,75409,113131.0
860Z200US75410,75410,83966.0
860Z200US75411,75411,42939.0
860Z200US75412,75412,68831.0
860Z200US75413,75413,57293.0
860Z200US75414,75414,90111.0
860Z200US75415,75415,119619.0
860Z200US75416,75416,91430.0
860Z200US75417,75417,65443.0
860Z200US75418,75418,91625.0
860Z200US75420,75420,74286.0
860Z200US75421,75421,85061.0
860Z200US75422,75422,100121.0
860Z200US75423,75423,76416.0
860Z200US75424,75424,103784.0
860Z200US75426,75426,50372.0
860Z200US75428,75428,65424.0
860Z200US75429,75429,
860Z200US75431,75431,85176.0
860Z200US75432,75432,74704.0
860Z200US75433,75433,101518.0
860Z200US75434,75434,
860Z200US75435,75435,62594.0
860Z200US75436,75436,90508.0
860Z200US75437,75437,92876.0
860Z200US75438,75438,113391.0
860Z200US75439,75439,74862.0
860Z200US75440,75440,107162.0
860Z200US75441,75441,
860Z200US75442,75442,101053.0
860Z200US75446,75446,81429.0
860Z200US75447,75447,95133.0
860Z200US75448,75448,109136.0
860Z200US75449,75449,71199.0
860Z200US75450,75450,81155.0
860Z200US75451,75451,72122.0
860Z200US75452,75452,114103.0
860Z200US75453,75453,95284.0
860Z200US75454,75454,144912.0
860Z200US75455,75455,77126.0
860Z200US75457,75457,101669.0
860Z200US75459,75459,98133.0
860Z200US75460,75460,57274.0
860Z200US75462,75462,93834.0
860Z200US75468,75468,106040.0
860Z200US75469,75469,104151.0
860Z200US75470,75470,74800.0
860Z200US75471,75471,86287.0
860Z200US75472,75472,81217.0
860Z200US75473,75473,103756.0
860Z200US75474,75474,85099.0
860Z200US75475,75475,122133.0
860Z200US75476,75476,88087.0
860Z200US75477,75477,93255.0
860Z200US75478,75478,75085.0
860Z200US75479,75479,87994.0
860Z200US75480,75480,119895.0
860Z200US75481,75481,80523.0
860Z200US75482,75482,84253.0
860Z200US75486,75486,146215.0
860Z200US75487,75487,47714.0
860Z200US75488,75488,71705.0
860Z200US75489,75489,98142.0
860Z200US75490,75490,112557.0
860Z200US75491,75491,91202.0
860Z200US75492,75492,100794.0
860Z200US75493,75493,66569.0
860Z200US75494,75494,90154.0
860Z200US75495,75495,127370.0
860Z200US75496,75496,88545.0
860Z200US75497,75497,84862.0
860Z200US75501,75501,64767.0
860Z200US75503,75503,101906.0
860Z200US75550,75550,86415.0
860Z200US75551,75551,83670.0
860Z200US75554,75554,66146.0
860Z200US75555,75555,74589.0
860Z200US75556,75556,86874.0
860Z200US75558,75558,76457.0
860Z200US75559,75559,74335.0
860Z200US75560,75560,71774.0
860Z200US75561,75561,72847.0
860Z200US75562,75562,
860Z200US75563,75563,63126.0
860Z200US75564,75564,
860Z200US75565,75565,29069.0
860Z200US75566,75566,68112.0
860Z200US75567,75567,78248.0
860Z200US75568,75568,59625.0
860Z200US75569,75569,64586.0
860Z200US75570,75570,102825.0
860Z200US75571,75571,70702.0
860Z200US75572,75572,63420.0
860Z200US75573,75573,69986.0
860Z200US75574,75574,71021.0
860Z200US75601,75601,84947.0
860Z200US75602,75602,69516.0
860Z200US75603,75603,87773.0
860Z200US75604,75604,83790.0
860Z200US75605,75605,105652.0
860Z200US75630,75630,67897.0
860Z200US75631,75631,105482.0
860Z200US75633,75633,92081.0
860Z200US75638,75638,67764.0
860Z200US75639,75639,64157.0
860Z200US75640,75640,96028.0
860Z200US75641,75641,58634.0
860Z200US75642,75642,
860Z200US75643,75643,78796.0
860Z200US75644,75644,79647.0
860Z200US75645,75645,90980.0
860Z200US75647,75647,94104.0
860Z200US75650,75650,100146.0
860Z200US75651,75651,84026.0
860Z200US75652,75652,126749.0
860Z200US75654,75654,85420.0
860Z200US75656,75656,57466.0
860Z200US75657,75657,65897.0
860Z200US75658,75658,
860Z200US75659,75659,
860Z200US75661,75661,77734.0
860Z200US75662,75662,83565.0
860Z200US75667,75667,77950.0
860Z200US75668,75668,59641.0
860Z200US75669,75669,87593.0
860Z200US75670,75670,56497.0
860Z200US75671,75671,
860Z200US75672,75672,90781.0
860Z200US75680,75680,
860Z200US75681,75681,79734.0
860Z200US75682,75682,65004.0
860Z200US75683,75683,58022.0
860Z200US75684,75684,87203.0
860Z200US75686,75686,78640.0
860Z200US75687,75687,
860Z200US75689,75689,64183.0
860Z200US75691,75691,89154.0
860Z200US75692,75692,81107.0
860Z200US75693,75693,96719.0
860Z200US75694,75694,
860Z200US75701,75701,80106.0
860Z200US75702,75702,61428.0
860Z200US75703,75703,112634.0
860Z200US75704,75704,82842.0
860Z200US75705,75705,71692.0
860Z200US75706,75706,73815.0
860Z200US75707,75707,102655.0
860Z200US75708,75708,90659.0
860Z200US75709,75709,103252.0
860Z200US75711,75711,
860Z200US75750,75750,76955.0
860Z200US75751,75751,85441.0
860Z200US75752,75752,77873.0
860Z200US75754,75754,93516.0
860Z200US75755,75755,68789.0
860Z200US75756,75756,120073.0
860Z200US75757,75757,113437.0
860Z200US75758,75758,68809.0
860Z200US75759,75759,240557.0
860Z200US75760,75760,92740.0
860Z200US75762,75762,118886.0
860Z200US75763,75763,76014.0
860Z200US75764,75764,77510.0
860Z200US75765,75765,93992.0
860Z200US75766,75766,70308.0
860Z200US75770,75770,108941.0
860Z200US75771,75771,109058.0
860Z200US75773,75773,85869.0
860Z200US75778,75778,69075.0
860Z200US75779,75779,
860Z200US75780,75780,107380.0
860Z200US75782,75782,54574.0
860Z200US75783,75783,79055.0
860Z200US75784,75784,97423.0
860Z200US75785,75785,78430.0
860Z200US75788,75788,
860Z200US75789,75789,87960.0
860Z200US75790,75790,85091.0
860Z200US75791,75791,108001.0
860Z200US75792,75792,74223.0
860Z200US75801,75801,73735.0
860Z200US75803,75803,75090.0
860Z200US75831,75831,72023.0
860Z200US75833,75833,75787.0
860Z200US75835,75835,75376.0
860Z200US75838,75838,37202.0
860Z200US75839,75839,100070.0
860Z200US75840,75840,82058.0
860Z200US75844,75844,75064.0
860Z200US75845,75845,81263.0
860Z200US75846,75846,101207.0
860Z200US75847,75847,77431.0
860Z200US75848,75848,77643.0
860Z200US75849,75849,52380.0
860Z200US75850,75850,93104.0
860Z200US75851,75851,77011.0
860Z200US75852,75852,80061.0
860Z200US75853,75853,67128.0
860Z200US75855,75855,59515.0
860Z200US75856,75856,137593.0
860Z200US75858,75858,71164.0
860Z200US75859,75859,93650.0
860Z200US75860,75860,71908.0
860Z200US75861,75861,69045.0
860Z200US75862,75862,70987.0
860Z200US75865,75865,
860Z200US75884,75884,
860Z200US75886,75886,
860Z200US75901,75901,76345.0
860Z200US75903,75903,29542.0
860Z200US75904,75904,76033.0
860Z200US75925,75925,75473.0
860Z200US75926,75926,83032.0
860Z200US75928,75928,28791.0
860Z200US75929,75929,91074.0
860Z200US75930,75930,80611.0
860Z200US75931,75931,81436.0
860Z200US75932,75932,68051.0
860Z200US75933,75933,64615.0
860Z200US75934,75934,
860Z200US75935,75935,76065.0
860Z200US75936,75936,87166.0
860Z200US75937,75937,71923.0
860Z200US75938,75938,64454.0
860Z200US75939,75939,60040.0
860Z200US75941,75941,76571.0
860Z200US75942,75942,
860Z200US75943,75943,86335.0
860Z200US75944,75944,49037.0
860Z200US75946,75946,71428.0
860Z200US75948,75948,82238.0
860Z200US75949,75949,70500.0
860Z200US75951,75951,67350.0
860Z200US75954,75954,72748.0
860Z200US75956,75956,62521.0
860Z200US75959,75959,55258.0
860Z200US75960,75960,72415.0
860Z200US75961,75961,66351.0
860Z200US75962,75962,
860Z200US75964,75964,68524.0
860Z200US75965,75965,85752.0
860Z200US75966,75966,54621.0
860Z200US75968,75968,61752.0
860Z200US75969,75969,87738.0
860Z200US75972,75972,75993.0
860Z200US75973,75973,77862.0
860Z200US75974,75974,61917.0
860Z200US75975,75975,80574.0
860Z200US75976,75976,80707.0
860Z200US75977,75977,33730.0
860Z200US75979,75979,101063.0
860Z200US75980,75980,61520.0
860Z200US76001,76001,123516.0
860Z200US76002,76002,121088.0
860Z200US76005,76005,204234.0
860Z200US76006,76006,85744.0
860Z200US76008,76008,189327.0
860Z200US76009,76009,93545.0
860Z200US76010,76010,57500.0
860Z200US76011,76011,67217.0
860Z200US76012,76012,111367.0
860Z200US76013,76013,88870.0
860Z200US76014,76014,75085.0
860Z200US76015,76015,86925.0
860Z200US76016,76016,128614.0
860Z200US76017,76017,113368.0
860Z200US76018,76018,96401.0
860Z200US76020,76020,109588.0
860Z200US76021,76021,108058.0
860Z200US76022,76022,89123.0
860Z200US76023,76023,106195.0
860Z200US76028,76028,116622.0
860Z200US76031,76031,79689.0
860Z200US76033,76033,92234.0
860Z200US76034,76034,264405.0
860Z200US76035,76035,137079.0
860Z200US76036,76036,112029.0
860Z200US76039,76039,102990.0
860Z200US76040,76040,86738.0
860Z200US76041,76041,138571.0
860Z200US76043,76043,96941.0
860Z200US76044,76044,114693.0
860Z200US76048,76048,91566.0
860Z200US76049,76049,125855.0
860Z200US76050,76050,103795.0
860Z200US76051,76051,141995.0
860Z200US76052,76052,157194.0
860Z200US76053,76053,81103.0
860Z200US76054,76054,123394.0
860Z200US76055,76055,103163.0
860Z200US76058,76058,83559.0
860Z200US76059,76059,61689.0
860Z200US76060,76060,137209.0
860Z200US76061,76061,
860Z200US76063,76063,137136.0
860Z200US76064,76064,82797.0
860Z200US76065,76065,138755.0
860Z200US76066,76066,112044.0
860Z200US76067,76067,71935.0
860Z200US76070,76070,116869.0
860Z200US76071,76071,123889.0
860Z200US76073,76073,129505.0
860Z200US76077,76077,202049.0
860Z200US76078,76078,108536.0
860Z200US76082,76082,111990.0
860Z200US76084,76084,107174.0
860Z200US76085,76085,114104.0
860Z200US76086,76086,79368.0
860Z200US76087,76087,141911.0
860Z200US76088,76088,130767.0
860Z200US76092,76092,382281.0
860Z200US76093,76093,79903.0
860Z200US76102,76102,104830.0
860Z200US76103,76103,79021.0
860Z200US76104,76104,70125.0
860Z200US76105,76105,58325.0
860Z200US76106,76106,65481.0
860Z200US76107,76107,132708.0
860Z200US76108,76108,96898.0
860Z200US76109,76109,169603.0
860Z200US76110,76110,95561.0
860Z200US76111,76111,74480.0
860Z200US76112,76112,72432.0
860Z200US76114,76114,80095.0
860Z200US76115,76115,61135.0
860Z200US76116,76116,88128.0
860Z200US76117,76117,69723.0
860Z200US76118,76118,107124.0
860Z200US76119,76119,58944.0
860Z200US76120,76120,92788.0
860Z200US76123,76123,115111.0
860Z200US76126,76126,147204.0
860Z200US76127,76127,
860Z200US76129,76129,
860Z200US76131,76131,114900.0
860Z200US76132,76132,110640.0
860Z200US76133,76133,90591.0
860Z200US76134,76134,83527.0
860Z200US76135,76135,102386.0
860Z200US76137,76137,104532.0
860Z200US76140,76140,83960.0
860Z200US76148,76148,97724.0
860Z200US76155,76155,77251.0
860Z200US76164,76164,58399.0
860Z200US76177,76177,127628.0
860Z200US76179,76179,126813.0
860Z200US76180,76180,97518.0
860Z200US76182,76182,148644.0
860Z200US76201,76201,55170.0
860Z200US76203,76203,
860Z200US76205,76205,82799.0
860Z200US76207,76207,111369.0
860Z200US76208,76208,121840.0
860Z200US76209,76209,86397.0
860Z200US76210,76210,132002.0
860Z200US76225,76225,101364.0
860Z200US76226,76226,213780.0
860Z200US76227,76227,125615.0
860Z200US76228,76228,98271.0
860Z200US76230,76230,77498.0
860Z200US76233,76233,92710.0
860Z200US76234,76234,116839.0
860Z200US76238,76238,128791.0
860Z200US76239,76239,82120.0
860Z200US76240,76240,97510.0
860Z200US76241,76241,
860Z200US76244,76244,139257.0
860Z200US76245,76245,88665.0
860Z200US76247,76247,145139.0
860Z200US76248,76248,211738.0
860Z200US76249,76249,123162.0
860Z200US76250,76250,99631.0
860Z200US76251,76251,89017.0
860Z200US76252,76252,119246.0
860Z200US76253,76253,71606.0
860Z200US76255,76255,68341.0
860Z200US76258,76258,135762.0
860Z200US76259,76259,127150.0
860Z200US76261,76261,72051.0
860Z200US76262,76262,202003.0
860Z200US76263,76263,
860Z200US76264,76264,128463.0
860Z200US76265,76265,91800.0
860Z200US76266,76266,124714.0
860Z200US76267,76267,
860Z200US76268,76268,76120.0
860Z200US76270,76270,89681.0
860Z200US76271,76271,105156.0
860Z200US76272,76272,115203.0
860Z200US76273,76273,125689.0
860Z200US76301,76301,54001.0
860Z200US76302,76302,87448.0
860Z200US76305,76305,87626.0
860Z200US76306,76306,67227.0
860Z200US76308,76308,93864.0
860Z200US76309,76309,75954.0
860Z200US76310,76310,114596.0
860Z200US76311,76311,93461.0
860Z200US76351,76351,67331.0
860Z200US76354,76354,82776.0
860Z200US76357,76357,90632.0
860Z200US76360,76360,77318.0
860Z200US76363,76363,65197.0
860Z200US76364,76364,90882.0
860Z200US76365,76365,83695.0
860Z200US76366,76366,96983.0
860Z200US76367,76367,95242.0
860Z200US76370,76370,75144.0
860Z200US76371,76371,72750.0
860Z200US76372,76372,89659.0
860Z200US76373,76373,55204.0
860Z200US76374,76374,70345.0
860Z200US76377,76377,68418.0
860Z200US76379,76379,85488.0
860Z200US76380,76380,61653.0
860Z200US76384,76384,69069.0
860Z200US76388,76388,56812.0
860Z200US76389,76389,113106.0
860Z200US76401,76401,83215.0
860Z200US76402,76402,
860Z200US76424,76424,73421.0
860Z200US76426,76426,104500.0
860Z200US76427,76427,69293.0
860Z200US76429,76429,77349.0
860Z200US76430,76430,84150.0
860Z200US76431,76431,91319.0
860Z200US76432,76432,80093.0
860Z200US76433,76433,110539.0
860Z200US76435,76435,96418.0
860Z200US76436,76436,65400.0
860Z200US76437,76437,81882.0
860Z200US76439,76439,
860Z200US76442,76442,75432.0
860Z200US76443,76443,65054.0
860Z200US76444,76444,83061.0
860Z200US76445,76445,130033.0
860Z200US76446,76446,84333.0
860Z200US76448,76448,90249.0
860Z200US76449,76449,120363.0
860Z200US76450,76450,90019.0
860Z200US76452,76452,193391.0
860Z200US76453,76453,120779.0
860Z200US76454,76454,54512.0
860Z200US76455,76455,77793.0
860Z200US76457,76457,87565.0
860Z200US76458,76458,83284.0
860Z200US76459,76459,54272.0
860Z200US76460,76460,90684.0
860Z200US76462,76462,118971.0
860Z200US76463,76463,79422.0
860Z200US76464,76464,60762.0
860Z200US76466,76466,81283.0
860Z200US76469,76469,80470.0
860Z200US76470,76470,54134.0
860Z200US76471,76471,79713.0
860Z200US76472,76472,138500.0
860Z200US76474,76474,65652.0
860Z200US76475,76475,58362.0
860Z200US76476,76476,98911.0
860Z200US76481,76481,68624.0
860Z200US76483,76483,58940.0
860Z200US76484,76484,111169.0
860Z200US76486,76486,108168.0
860Z200US76487,76487,95174.0
860Z200US76490,76490,
860Z200US76491,76491,97738.0
860Z200US76501,76501,70603.0
860Z200US76502,76502,102766.0
860Z200US76504,76504,64599.0
860Z200US76511,76511,87621.0
860Z200US76513,76513,125637.0
860Z200US76518,76518,69713.0
860Z200US76519,76519,91507.0
860Z200US76520,76520,79226.0
860Z200US76522,76522,84228.0
860Z200US76523,76523,81143.0
860Z200US76524,76524,123229.0
860Z200US76525,76525,95149.0
860Z200US76527,76527,104812.0
860Z200US76528,76528,85813.0
860Z200US76530,76530,122066.0
860Z200US76531,76531,101238.0
860Z200US76534,76534,91813.0
860Z200US76537,76537,103438.0
860Z200US76538,76538,90634.0
860Z200US76539,76539,106335.0
860Z200US76541,76541,53522.0
860Z200US76542,76542,87561.0
860Z200US76543,76543,65928.0
860Z200US76544,76544,72347.0
860Z200US76548,76548,99189.0
860Z200US76549,76549,76107.0
860Z200US76550,76550,94867.0
860Z200US76554,76554,87997.0
860Z200US76556,76556,82813.0
860Z200US76557,76557,103208.0
860Z200US76559,76559,89927.0
860Z200US76561,76561,83951.0
860Z200US76565,76565,
860Z200US76566,76566,127940.0
860Z200US76567,76567,87441.0
860Z200US76569,76569,91624.0
860Z200US76570,76570,62715.0
860Z200US76571,76571,142984.0
860Z200US76573,76573,
860Z200US76574,76574,91870.0
860Z200US76577,76577,80504.0
860Z200US76578,76578,97541.0
860Z200US76579,76579,95064.0
860Z200US76596,76596,
860Z200US76597,76597,
860Z200US76598,76598,
860Z200US76599,76599,
860Z200US76621,76621,117593.0
860Z200US76622,76622,84800.0
860Z200US76623,76623,60018.0
860Z200US76624,76624,99169.0
860Z200US76626,76626,105926.0
860Z200US76627,76627,79278.0
860Z200US76628,76628,88757.0
860Z200US76629,76629,78035.0
860Z200US76630,76630,77763.0
860Z200US76631,76631,106087.0
860Z200US76632,76632,101047.0
860Z200US76633,76633,140315.0
860Z200US76634,76634,93860.0
860Z200US76635,76635,83024.0
860Z200US76636,76636,76922.0
860Z200US76637,76637,80058.0
860Z200US76638,76638,168743.0
860Z200US76639,76639,69955.0
860Z200US76640,76640,82402.0
860Z200US76641,76641,80219.0
860Z200US76642,76642,80019.0
860Z200US76643,76643,100767.0
860Z200US76645,76645,74867.0
860Z200US76648,76648,64822.0
860Z200US76649,76649,99433.0
860Z200US76650,76650,85109.0
860Z200US76651,76651,85963.0
860Z200US76652,76652,88276.0
860Z200US76653,76653,74550.0
860Z200US76654,76654,84873.0
860Z200US76655,76655,121961.0
860Z200US76656,76656,101050.0
860Z200US76657,76657,133112.0
860Z200US76660,76660,60792.0
860Z200US76661,76661,50348.0
860Z200US76664,76664,86657.0
860Z200US76665,76665,89446.0
860Z200US76666,76666,58728.0
860Z200US76667,76667,62324.0
860Z200US76670,76670,83270.0
860Z200US76671,76671,90060.0
860Z200US76673,76673,86808.0
860Z200US76676,76676,92119.0
860Z200US76678,76678,67982.0
860Z200US76679,76679,86295.0
860Z200US76680,76680,
860Z200US76681,76681,58607.0
860Z200US76682,76682,92617.0
860Z200US76685,76685,76611.0
860Z200US76686,76686,73468.0
860Z200US76687,76687,81993.0
860Z200US76689,76689,96201.0
860Z200US76690,76690,68679.0
860Z200US76691,76691,97874.0
860Z200US76692,76692,75779.0
860Z200US76693,76693,72973.0
860Z200US76701,76701,53364.0
860Z200US76704,76704,34353.0
860Z200US76705,76705,80307.0
860Z200US76706,76706,61498.0
860Z200US76707,76707,52928.0
860Z200US76708,76708,85955.0
860Z200US76710,76710,81757.0
860Z200US76711,76711,58292.0
860Z200US76712,76712,125885.0
860Z200US76798,76798,
860Z200US76801,76801,74725.0
860Z200US76802,76802,91096.0
860Z200US76820,76820,42823.0
860Z200US76821,76821,78470.0
860Z200US76823,76823,77893.0
860Z200US76824,76824,
860Z200US76825,76825,68640.0
860Z200US76827,76827,61437.0
860Z200US76828,76828,51756.0
860Z200US76831,76831,
860Z200US76832,76832,87423.0
860Z200US76834,76834,74577.0
860Z200US76836,76836,
860Z200US76837,76837,68301.0
860Z200US76841,76841,
860Z200US76842,76842,41280.0
860Z200US76844,76844,88428.0
860Z200US76845,76845,61223.0
860Z200US76848,76848,
860Z200US76849,76849,85562.0
860Z200US76852,76852,79582.0
860Z200US76853,76853,98443.0
860Z200US76854,76854,79507.0
860Z200US76856,76856,91996.0
860Z200US76857,76857,81361.0
860Z200US76858,76858,71957.0
860Z200US76859,76859,61218.0
860Z200US76861,76861,103692.0
860Z200US76862,76862,79627.0
860Z200US76864,76864,69508.0
860Z200US76865,76865,73853.0
860Z200US76866,76866,68298.0
860Z200US76869,76869,
860Z200US76870,76870,90172.0
860Z200US76871,76871,117246.0
860Z200US76872,76872,80889.0
860Z200US76873,76873,107848.0
860Z200US76874,76874,
860Z200US76875,76875,91488.0
860Z200US76877,76877,67570.0
860Z200US76878,76878,77680.0
860Z200US76880,76880,
860Z200US76882,76882,85799.0
860Z200US76884,76884,75933.0
860Z200US76885,76885,127434.0
860Z200US76887,76887,105937.0
860Z200US76888,76888,70160.0
860Z200US76890,76890,78187.0
860Z200US76901,76901,82381.0
860Z200US76902,76902,
860Z200US76903,76903,64766.0
860Z200US76904,76904,107955.0
860Z200US76905,76905,86806.0
860Z200US76908,76908,
860Z200US76909,76909,
860Z200US76930,76930,53838.0
860Z200US76932,76932,83198.0
860Z200US76933,76933,68457.0
860Z200US76934,76934,71020.0
860Z200US76935,76935,125977.0
860Z200US76936,76936,86314.0
860Z200US76937,76937,92626.0
860Z200US76939,76939,
860Z200US76940,76940,
860Z200US76941,76941,77182.0
860Z200US76943,76943,99640.0
860Z200US76945,76945,65809.0
860Z200US76950,76950,80422.0
860Z200US76951,76951,112935.0
860Z200US76953,76953,86300.0
860Z200US76955,76955,89548.0
860Z200US76957,76957,
860Z200US76958,76958,128513.0
860Z200US77002,77002,119248.0
860Z200US77003,77003,112078.0
860Z200US77004,77004,103879.0
860Z200US77005,77005,338011.0
860Z200US77006,77006,161495.0
860Z200US77007,77007,192202.0
860Z200US77008,77008,214481.0
860Z200US77009,77009,141999.0
860Z200US77010,77010,298088.0
860Z200US77011,77011,61214.0
860Z200US77012,77012,58160.0
860Z200US77013,77013,59935.0
860Z200US77014,77014,81919.0
860Z200US77015,77015,72100.0
860Z200US77016,77016,59323.0
860Z200US77017,77017,66309.0
860Z200US77018,77018,167265.0
860Z200US77019,77019,215950.0
860Z200US77020,77020,65482.0
860Z200US77021,77021,82887.0
860Z200US77022,77022,64358.0
860Z200US77023,77023,76624.0
860Z200US77024,77024,266428.0
860Z200US77025,77025,148664.0
860Z200US77026,77026,49534.0
860Z200US77027,77027,166591.0
860Z200US77028,77028,53474.0
860Z200US77029,77029,61480.0
860Z200US77030,77030,148884.0
860Z200US77031,77031,68041.0
860Z200US77032,77032,51922.0
860Z200US77033,77033,56230.0
860Z200US77034,77034,76629.0
860Z200US77035,77035,84830.0
860Z200US77036,77036,55920.0
860Z200US77037,77037,65589.0
860Z200US77038,77038,70980.0
860Z200US77039,77039,62977.0
860Z200US77040,77040,92624.0
860Z200US77041,77041,140286.0
860Z200US77042,77042,84227.0
860Z200US77043,77043,116730.0
860Z200US77044,77044,112214.0
860Z200US77045,77045,76261.0
860Z200US77046,77046,182130.0
860Z200US77047,77047,95993.0
860Z200US77048,77048,66136.0
860Z200US77049,77049,85953.0
860Z200US77050,77050,41664.0
860Z200US77051,77051,53054.0
860Z200US77053,77053,79163.0
860Z200US77054,77054,67616.0
860Z200US77055,77055,141366.0
860Z200US77056,77056,188372.0
860Z200US77057,77057,114217.0
860Z200US77058,77058,88896.0
860Z200US77059,77059,195143.0
860Z200US77060,77060,46714.0
860Z200US77061,77061,66304.0
860Z200US77062,77062,125585.0
860Z200US77063,77063,88697.0
860Z200US77064,77064,105966.0
860Z200US77065,77065,96806.0
860Z200US77066,77066,97210.0
860Z200US77067,77067,67366.0
860Z200US77068,77068,118548.0
860Z200US77069,77069,108105.0
860Z200US77070,77070,95046.0
860Z200US77071,77071,84256.0
860Z200US77072,77072,65627.0
860Z200US77073,77073,89010.0
860Z200US77074,77074,63814.0
860Z200US77075,77075,82926.0
860Z200US77076,77076,56478.0
860Z200US77077,77077,108278.0
860Z200US77078,77078,60558.0
860Z200US77079,77079,172342.0
860Z200US77080,77080,95811.0
860Z200US77081,77081,54234.0
860Z200US77082,77082,86439.0
860Z200US77083,77083,89271.0
860Z200US77084,77084,95470.0
860Z200US77085,77085,86768.0
860Z200US77086,77086,74037.0
860Z200US77087,77087,66235.0
860Z200US77088,77088,70569.0
860Z200US77089,77089,108549.0
860Z200US77090,77090,74698.0
860Z200US77091,77091,57202.0
860Z200US77092,77092,82427.0
860Z200US77093,77093,56758.0
860Z200US77094,77094,181385.0
860Z200US77095,77095,120820.0
860Z200US77096,77096,129686.0
860Z200US77098,77098,179538.0
860Z200US77099,77099,67910.0
860Z200US77204,77204,
860Z200US77301,77301,82302.0
860Z200US77302,77302,110651.0
860Z200US77303,77303,92481.0
860Z200US77304,77304,103811.0
860Z200US77306,77306,82948.0
860Z200US77316,77316,153941.0
860Z200US77318,77318,120173.0
860Z200US77320,77320,72635.0
860Z200US77326,77326,28817.0
860Z200US77327,77327,74925.0
860Z200US77328,77328,79905.0
860Z200US77331,77331,84092.0
860Z200US77334,77334,
860Z200US77335,77335,84134.0
860Z200US77336,77336,104318.0
860Z200US77338,77338,82171.0
860Z200US77339,77339,113308.0
860Z200US77340,77340,62033.0
860Z200US77341,77341,
860Z200US77342,77342,
860Z200US77345,77345,197118.0
860Z200US77346,77346,133667.0
860Z200US77350,77350,41948.0
860Z200US77351,77351,77672.0
860Z200US77354,77354,151261.0
860Z200US77355,77355,135308.0
860Z200US77356,77356,153111.0
860Z200US77357,77357,97517.0
860Z200US77358,77358,90660.0
860Z200US77359,77359,65225.0
860Z200US77360,77360,65274.0
860Z200US77362,77362,128989.0
860Z200US77363,77363,82198.0
860Z200US77364,77364,78912.0
860Z200US77365,77365,121689.0
860Z200US77367,77367,100702.0
860Z200US77368,77368,
860Z200US77369,77369,39003.0
860Z200US77371,77371,81619.0
860Z200US77372,77372,94220.0
860Z200US77373,77373,101965.0
860Z200US77374,77374,111763.0
860Z200US77375,77375,119329.0
860Z200US77376,77376,50059.0
860Z200US77377,77377,160143.0
860Z200US77378,77378,90490.0
860Z200US77379,77379,137103.0
860Z200US77380,77380,133565.0
860Z200US77381,77381,197662.0
860Z200US77382,77382,227160.0
860Z200US77384,77384,139471.0
860Z200US77385,77385,132517.0
860Z200US77386,77386,161982.0
860Z200US77388,77388,119721.0
860Z200US77389,77389,181029.0
860Z200US77396,77396,103398.0
860Z200US77401,77401,310845.0
860Z200US77406,77406,160288.0
860Z200US77407,77407,127945.0
860Z200US77412,77412,
860Z200US77414,77414,73531.0
860Z200US77415,77415,44576.0
860Z200US77417,77417,65034.0
860Z200US77418,77418,100259.0
860Z200US77419,77419,46336.0
860Z200US77420,77420,176612.0
860Z200US77422,77422,86768.0
860Z200US77423,77423,106262.0
860Z200US77426,77426,113972.0
860Z200US77428,77428,
860Z200US77429,77429,150522.0
860Z200US77430,77430,111547.0
860Z200US77431,77431,
860Z200US77432,77432,
860Z200US77433,77433,166458.0
860Z200US77434,77434,84525.0
860Z200US77435,77435,94768.0
860Z200US77436,77436,
860Z200US77437,77437,87186.0
860Z200US77440,77440,
860Z200US77441,77441,215880.0
860Z200US77442,77442,84186.0
860Z200US77443,77443,
860Z200US77444,77444,56709.0
860Z200US77445,77445,84023.0
860Z200US77446,77446,33744.0
860Z200US77447,77447,120945.0
860Z200US77448,77448,
860Z200US77449,77449,100335.0
860Z200US77450,77450,143200.0
860Z200US77451,77451,56623.0
860Z200US77453,77453,
860Z200US77454,77454,
860Z200US77455,77455,70067.0
860Z200US77456,77456,63677.0
860Z200US77457,77457,39602.0
860Z200US77458,77458,
860Z200US77459,77459,154755.0
860Z200US77460,77460,
860Z200US77461,77461,112879.0
860Z200US77464,77464,62486.0
860Z200US77465,77465,80725.0
860Z200US77466,77466,54114.0
860Z200US77467,77467,
860Z200US77468,77468,
860Z200US77469,77469,120958.0
860Z200US77470,77470,36716.0
860Z200US77471,77471,79628.0
860Z200US77473,77473,
860Z200US77474,77474,93069.0
860Z200US77475,77475,58899.0
860Z200US77476,77476,142257.0
860Z200US77477,77477,90248.0
860Z200US77478,77478,155203.0
860Z200US77479,77479,196125.0
860Z200US77480,77480,91989.0
860Z200US77481,77481,20225.0
860Z200US77482,77482,95499.0
860Z200US77483,77483,51071.0
860Z200US77484,77484,91406.0
860Z200US77485,77485,75312.0
860Z200US77486,77486,93861.0
860Z200US77488,77488,73638.0
860Z200US77489,77489,88350.0
860Z200US77493,77493,130844.0
860Z200US77494,77494,168633.0
860Z200US77498,77498,120360.0
860Z200US77502,77502,73792.0
860Z200US77503,77503,73385.0
860Z200US77504,77504,69938.0
860Z200US77505,77505,122491.0
860Z200US77506,77506,64231.0
860Z200US77507,77507,99409.0
860Z200US77510,77510,110997.0
860Z200US77511,77511,93450.0
860Z200US77514,77514,88123.0
860Z200US77515,77515,111770.0
860Z200US77517,77517,106081.0
860Z200US77518,77518,76866.0
860Z200US77519,77519,83345.0
860Z200US77520,77520,71677.0
860Z200US77521,77521,90782.0
860Z200US77523,77523,130608.0
860Z200US77530,77530,86874.0
860Z200US77531,77531,95338.0
860Z200US77532,77532,109473.0
860Z200US77533,77533,67242.0
860Z200US77534,77534,136241.0
860Z200US77535,77535,100329.0
860Z200US77536,77536,121259.0
860Z200US77538,77538,97365.0
860Z200US77539,77539,99388.0
860Z200US77541,77541,80651.0
860Z200US77545,77545,112489.0
860Z200US77546,77546,157866.0
860Z200US77547,77547,68529.0
860Z200US77550,77550,70814.0
860Z200US77551,77551,86237.0
860Z200US77554,77554,141676.0
860Z200US77555,77555,
860Z200US77560,77560,103000.0
860Z200US77561,77561,
860Z200US77562,77562,85123.0
860Z200US77563,77563,100515.0
860Z200US77564,77564,76685.0
860Z200US77565,77565,117847.0
860Z200US77566,77566,113395.0
860Z200US77568,77568,91706.0
860Z200US77571,77571,121728.0
860Z200US77573,77573,143454.0
860Z200US77575,77575,84911.0
860Z200US77577,77577,85935.0
860Z200US77578,77578,143354.0
860Z200US77580,77580,
860Z200US77581,77581,135004.0
860Z200US77582,77582,104325.0
860Z200US77583,77583,131778.0
860Z200US77584,77584,147801.0
860Z200US77585,77585,56560.0
860Z200US77586,77586,138980.0
860Z200US77587,77587,67130.0
860Z200US77590,77590,84752.0
860Z200US77591,77591,78416.0
860Z200US77597,77597,122309.0
860Z200US77598,77598,87049.0
860Z200US77611,77611,122202.0
860Z200US77612,77612,98210.0
860Z200US77613,77613,92582.0
860Z200US77614,77614,57727.0
860Z200US77615,77615,62429.0
860Z200US77616,77616,82156.0
860Z200US77617,77617,62832.0
860Z200US77619,77619,91226.0
860Z200US77622,77622,112269.0
860Z200US77623,77623,81391.0
860Z200US77624,77624,74775.0
860Z200US77625,77625,84818.0
860Z200US77627,77627,99214.0
860Z200US77629,77629,69145.0
860Z200US77630,77630,84228.0
860Z200US77632,77632,102995.0
860Z200US77640,77640,71589.0
860Z200US77642,77642,62259.0
860Z200US77650,77650,79638.0
860Z200US77651,77651,115560.0
860Z200US77655,77655,83529.0
860Z200US77656,77656,78538.0
860Z200US77657,77657,110994.0
860Z200US77659,77659,115078.0
860Z200US77660,77660,87779.0
860Z200US77661,77661,
860Z200US77662,77662,88740.0
860Z200US77663,77663,99764.0
860Z200US77664,77664,83620.0
860Z200US77665,77665,92598.0
860Z200US77701,77701,60897.0
860Z200US77702,77702,93763.0
860Z200US77703,77703,41980.0
860Z200US77705,77705,68775.0
860Z200US77706,77706,109621.0
860Z200US77707,77707,93571.0
860Z200US77708,77708,78379.0
860Z200US77713,77713,105205.0
860Z200US77801,77801,45317.0
860Z200US77802,77802,86798.0
860Z200US77803,77803,65860.0
860Z200US77807,77807,97943.0
860Z200US77808,77808,122886.0
860Z200US77830,77830,98920.0
860Z200US77831,77831,91931.0
860Z200US77833,77833,97177.0
860Z200US77835,77835,119411.0
860Z200US77836,77836,102912.0
860Z200US77837,77837,74453.0
860Z200US77840,77840,48555.0
860Z200US77843,77843,
860Z200US77845,77845,127499.0
860Z200US77852,77852,
860Z200US77853,77853,75234.0
860Z200US77855,77855,138734.0
860Z200US77856,77856,106775.0
860Z200US77857,77857,89304.0
860Z200US77859,77859,65003.0
860Z200US77861,77861,104168.0
860Z200US77863,77863,
860Z200US77864,77864,76665.0
860Z200US77865,77865,78885.0
860Z200US77866,77866,
860Z200US77867,77867,49573.0
860Z200US77868,77868,93877.0
860Z200US77871,77871,80878.0
860Z200US77872,77872,94443.0
860Z200US77873,77873,83475.0
860Z200US77875,77875,
860Z200US77876,77876,69177.0
860Z200US77878,77878,71389.0
860Z200US77879,77879,81610.0
860Z200US77880,77880,120161.0
860Z200US77882,77882,
860Z200US77901,77901,68019.0
860Z200US77904,77904,107205.0
860Z200US77905,77905,102068.0
860Z200US77950,77950,59407.0
860Z200US77951,77951,55328.0
860Z200US77954,77954,88318.0
860Z200US77957,77957,84095.0
860Z200US77960,77960,
860Z200US77961,77961,
860Z200US77962,77962,81113.0
860Z200US77963,77963,82627.0
860Z200US77964,77964,88929.0
860Z200US77968,77968,109489.0
860Z200US77969,77969,73636.0
860Z200US77970,77970,97919.0
860Z200US77971,77971,75975.0
860Z200US77973,77973,
860Z200US77974,77974,113344.0
860Z200US77975,77975,89199.0
860Z200US77976,77976,
860Z200US77977,77977,52734.0
860Z200US77978,77978,111296.0
860Z200US77979,77979,86607.0
860Z200US77982,77982,77233.0
860Z200US77983,77983,113561.0
860Z200US77984,77984,116361.0
860Z200US77986,77986,
860Z200US77987,77987,92265.0
860Z200US77988,77988,85903.0
860Z200US77990,77990,75566.0
860Z200US77991,77991,124579.0
860Z200US77993,77993,69574.0
860Z200US77994,77994,104281.0
860Z200US77995,77995,70057.0
860Z200US78001,78001,
860Z200US78002,78002,88109.0
860Z200US78003,78003,77863.0
860Z200US78004,78004,173602.0
860Z200US78005,78005,109334.0
860Z200US78006,78006,161078.0
860Z200US78007,78007,55954.0
860Z200US78008,78008,70197.0
860Z200US78009,78009,118933.0
860Z200US78010,78010,93186.0
860Z200US78011,78011,50387.0
860Z200US78012,78012,51403.0
860Z200US78013,78013,115890.0
860Z200US78014,78014,64007.0
860Z200US78015,78015,194741.0
860Z200US78016,78016,85758.0
860Z200US78017,78017,71717.0
860Z200US78019,78019,74339.0
860Z200US78021,78021,
860Z200US78022,78022,68293.0
860Z200US78023,78023,153059.0
860Z200US78024,78024,135530.0
860Z200US78025,78025,89390.0
860Z200US78026,78026,91907.0
860Z200US78027,78027,107489.0
860Z200US78028,78028,89566.0
860Z200US78029,78029,
860Z200US78039,78039,104601.0
860Z200US78040,78040,52230.0
860Z200US78041,78041,90103.0
860Z200US78043,78043,70036.0
860Z200US78044,78044,49533.0
860Z200US78045,78045,107529.0
860Z200US78046,78046,67519.0
860Z200US78050,78050,85909.0
860Z200US78052,78052,86049.0
860Z200US78055,78055,100921.0
860Z200US78056,78056,139485.0
860Z200US78057,78057,65527.0
860Z200US78058,78058,170165.0
860Z200US78059,78059,84560.0
860Z200US78061,78061,62709.0
860Z200US78062,78062,
860Z200US78063,78063,104343.0
860Z200US78064,78064,84743.0
860Z200US78065,78065,80185.0
860Z200US78066,78066,86551.0
860Z200US78067,78067,77200.0
860Z200US78069,78069,84781.0
860Z200US78070,78070,145478.0
860Z200US78071,78071,74675.0
860Z200US78072,78072,77256.0
860Z200US78073,78073,76477.0
860Z200US78074,78074,
860Z200US78075,78075,63674.0
860Z200US78076,78076,55402.0
860Z200US78101,78101,104095.0
860Z200US78102,78102,74342.0
860Z200US78104,78104,71107.0
860Z200US78107,78107,166042.0
860Z200US78108,78108,122562.0
860Z200US78109,78109,97362.0
860Z200US78111,78111,
860Z200US78112,78112,68840.0
860Z200US78113,78113,104724.0
860Z200US78114,78114,111574.0
860Z200US78116,78116,209395.0
860Z200US78117,78117,104963.0
860Z200US78118,78118,103745.0
860Z200US78119,78119,63426.0
860Z200US78121,78121,143632.0
860Z200US78122,78122,110192.0
860Z200US78123,78123,103908.0
860Z200US78124,78124,129102.0
860Z200US78125,78125,35669.0
860Z200US78130,78130,108467.0
860Z200US78132,78132,171109.0
860Z200US78133,78133,104340.0
860Z200US78140,78140,63462.0
860Z200US78141,78141,68786.0
860Z200US78142,78142,35685.0
860Z200US78143,78143,
860Z200US78144,78144,
860Z200US78145,78145,36610.0
860Z200US78146,78146,65819.0
860Z200US78147,78147,96932.0
860Z200US78148,78148,99003.0
860Z200US78150,78150,
860Z200US78151,78151,72253.0
860Z200US78152,78152,123302.0
860Z200US78154,78154,115096.0
860Z200US78155,78155,93803.0
860Z200US78159,78159,55680.0
860Z200US78160,78160,84020.0
860Z200US78161,78161,75104.0
860Z200US78162,78162,71716.0
860Z200US78163,78163,157792.0
860Z200US78164,78164,104862.0
860Z200US78201,78201,61897.0
860Z200US78202,78202,74916.0
860Z200US78203,78203,50857.0
860Z200US78204,78204,84212.0
860Z200US78205,78205,53692.0
860Z200US78207,78207,43307.0
860Z200US78208,78208,38253.0
860Z200US78209,78209,153127.0
860Z200US78210,78210,68472.0
860Z200US78211,78211,64782.0
860Z200US78212,78212,119845.0
860Z200US78213,78213,72164.0
860Z200US78214,78214,63021.0
860Z200US78215,78215,105524.0
860Z200US78216,78216,78446.0
860Z200US78217,78217,71615.0
860Z200US78218,78218,75664.0
860Z200US78219,78219,66355.0
860Z200US78220,78220,52553.0
860Z200US78221,78221,69138.0
860Z200US78222,78222,79830.0
860Z200US78223,78223,65756.0
860Z200US78224,78224,72304.0
860Z200US78225,78225,58801.0
860Z200US78226,78226,49744.0
860Z200US78227,78227,62900.0
860Z200US78228,78228,66028.0
860Z200US78229,78229,58576.0
860Z200US78230,78230,107498.0
860Z200US78231,78231,129470.0
860Z200US78232,78232,116049.0
860Z200US78233,78233,83308.0
860Z200US78234,78234,108240.0
860Z200US78235,78235,73740.0
860Z200US78236,78236,108906.0
860Z200US78237,78237,56803.0
860Z200US78238,78238,67894.0
860Z200US78239,78239,92693.0
860Z200US78240,78240,86741.0
860Z200US78242,78242,57992.0
860Z200US78243,78243,
860Z200US78244,78244,84686.0
860Z200US78245,78245,97737.0
860Z200US78247,78247,105270.0
860Z200US78248,78248,160093.0
860Z200US78249,78249,99261.0
860Z200US78250,78250,94521.0
860Z200US78251,78251,97846.0
860Z200US78252,78252,88681.0
860Z200US78253,78253,122993.0
860Z200US78254,78254,124910.0
860Z200US78255,78255,189276.0
860Z200US78256,78256,114144.0
860Z200US78257,78257,134226.0
860Z200US78258,78258,159054.0
860Z200US78259,78259,134342.0
860Z200US78260,78260,173284.0
860Z200US78261,78261,159501.0
860Z200US78263,78263,108455.0
860Z200US78264,78264,65599.0
860Z200US78266,78266,169161.0
860Z200US78330,78330,81419.0
860Z200US78332,78332,68177.0
860Z200US78336,78336,78264.0
860Z200US78338,78338,
860Z200US78339,78339,87223.0
860Z200US78340,78340,63150.0
860Z200US78341,78341,60052.0
860Z200US78342,78342,51141.0
860Z200US78343,78343,78986.0
860Z200US78344,78344,90687.0
860Z200US78347,78347,
860Z200US78349,78349,45292.0
860Z200US78351,78351,51486.0
860Z200US78352,78352,
860Z200US78353,78353,57820.0
860Z200US78355,78355,56247.0
860Z200US78357,78357,74163.0
860Z200US78358,78358,91193.0
860Z200US78359,78359,63787.0
860Z200US78360,78360,
860Z200US78361,78361,60452.0
860Z200US78362,78362,91921.0
860Z200US78363,78363,69757.0
860Z200US78368,78368,67038.0
860Z200US78369,78369,104139.0
860Z200US78370,78370,90685.0
860Z200US78371,78371,46121.0
860Z200US78372,78372,77474.0
860Z200US78373,78373,140289.0
860Z200US78374,78374,105732.0
860Z200US78375,78375,59021.0
860Z200US78376,78376,42852.0
860Z200US78377,78377,64604.0
860Z200US78379,78379,95613.0
860Z200US78380,78380,77039.0
860Z200US78382,78382,90893.0
860Z200US78383,78383,102470.0
860Z200US78384,78384,50506.0
860Z200US78385,78385,74447.0
860Z200US78387,78387,66753.0
860Z200US78389,78389,53137.0
860Z200US78390,78390,86521.0
860Z200US78391,78391,62964.0
860Z200US78393,78393,72936.0
860Z200US78401,78401,59966.0
860Z200US78402,78402,64420.0
860Z200US78404,78404,88698.0
860Z200US78405,78405,49149.0
860Z200US78406,78406,66566.0
860Z200US78407,78407,65464.0
860Z200US78408,78408,47283.0
860Z200US78409,78409,64523.0
860Z200US78410,78410,99281.0
860Z200US78411,78411,85467.0
860Z200US78412,78412,80154.0
860Z200US78413,78413,93229.0
860Z200US78414,78414,119174.0
860Z200US78415,78415,67775.0
860Z200US78416,78416,52420.0
860Z200US78417,78417,69617.0
860Z200US78418,78418,114281.0
860Z200US78419,78419,85184.0
860Z200US78501,78501,66679.0
860Z200US78503,78503,82206.0
860Z200US78504,78504,109605.0
860Z200US78516,78516,63997.0
860Z200US78520,78520,64195.0
860Z200US78521,78521,56911.0
860Z200US78526,78526,82904.0
860Z200US78535,78535,51519.0
860Z200US78536,78536,49903.0
860Z200US78537,78537,51140.0
860Z200US78538,78538,54205.0
860Z200US78539,78539,96002.0
860Z200US78540,78540,
860Z200US78541,78541,67887.0
860Z200US78542,78542,66420.0
860Z200US78543,78543,69374.0
860Z200US78545,78545,35862.0
860Z200US78547,78547,19284.0
860Z200US78548,78548,45135.0
860Z200US78549,78549,26280.0
860Z200US78550,78550,68137.0
860Z200US78552,78552,86214.0
860Z200US78557,78557,71239.0
860Z200US78558,78558,47595.0
860Z200US78559,78559,67817.0
860Z200US78560,78560,66115.0
860Z200US78561,78561,61234.0
860Z200US78562,78562,73097.0
860Z200US78563,78563,57091.0
860Z200US78564,78564,
860Z200US78565,78565,
860Z200US78566,78566,83391.0
860Z200US78567,78567,66889.0
860Z200US78569,78569,77137.0
860Z200US78570,78570,57815.0
860Z200US78572,78572,73842.0
860Z200US78573,78573,71508.0
860Z200US78574,78574,72005.0
860Z200US78575,78575,97034.0
860Z200US78576,78576,65037.0
860Z200US78577,78577,66465.0
860Z200US78578,78578,77658.0
860Z200US78579,78579,43293.0
860Z200US78580,78580,62234.0
860Z200US78582,78582,60144.0
860Z200US78583,78583,72544.0
860Z200US78584,78584,56090.0
860Z200US78585,78585,
860Z200US78586,78586,59600.0
860Z200US78588,78588,90332.0
860Z200US78589,78589,63827.0
860Z200US78590,78590,79217.0
860Z200US78591,78591,59135.0
860Z200US78592,78592,52840.0
860Z200US78593,78593,55148.0
860Z200US78594,78594,39331.0
860Z200US78595,78595,56978.0
860Z200US78596,78596,69926.0
860Z200US78597,78597,128378.0
860Z200US78598,78598,40622.0
860Z200US78599,78599,67373.0
860Z200US78602,78602,101013.0
860Z200US78605,78605,112479.0
860Z200US78606,78606,136997.0
860Z200US78607,78607,50796.0
860Z200US78608,78608,63544.0
860Z200US78609,78609,94353.0
860Z200US78610,78610,126989.0
860Z200US78611,78611,105184.0
860Z200US78612,78612,98505.0
860Z200US78613,78613,142125.0
860Z200US78614,78614,61450.0
860Z200US78615,78615,112739.0
860Z200US78616,78616,98247.0
860Z200US78617,78617,108031.0
860Z200US78618,78618,123312.0
860Z200US78619,78619,189280.0
860Z200US78620,78620,184202.0
860Z200US78621,78621,104529.0
860Z200US78622,78622,67558.0
860Z200US78623,78623,137777.0
860Z200US78624,78624,103789.0
860Z200US78626,78626,115052.0
860Z200US78628,78628,152215.0
860Z200US78629,78629,80436.0
860Z200US78631,78631,93813.0
860Z200US78632,78632,79739.0
860Z200US78633,78633,136104.0
860Z200US78634,78634,126015.0
860Z200US78635,78635,78830.0
860Z200US78636,78636,93602.0
860Z200US78638,78638,107816.0
860Z200US78639,78639,99534.0
860Z200US78640,78640,99627.0
860Z200US78641,78641,163659.0
860Z200US78642,78642,148886.0
860Z200US78643,78643,94813.0
860Z200US78644,78644,85652.0
860Z200US78645,78645,140183.0
860Z200US78648,78648,70933.0
860Z200US78650,78650,88457.0
860Z200US78652,78652,140532.0
860Z200US78653,78653,102063.0
860Z200US78654,78654,108661.0
860Z200US78655,78655,74375.0
860Z200US78656,78656,101071.0
860Z200US78657,78657,164524.0
860Z200US78658,78658,
860Z200US78659,78659,111220.0
860Z200US78660,78660,125983.0
860Z200US78661,78661,66271.0
860Z200US78662,78662,101698.0
860Z200US78663,78663,179965.0
860Z200US78664,78664,109617.0
860Z200US78665,78665,143492.0
860Z200US78666,78666,71653.0
860Z200US78669,78669,172601.0
860Z200US78670,78670,90415.0
860Z200US78671,78671,65996.0
860Z200US78672,78672,63931.0
860Z200US78674,78674,86058.0
860Z200US78675,78675,37844.0
860Z200US78676,78676,117056.0
860Z200US78677,78677,
860Z200US78681,78681,160154.0
860Z200US78701,78701,209307.0
860Z200US78702,78702,126212.0
860Z200US78703,78703,242627.0
860Z200US78704,78704,152537.0
860Z200US78705,78705,67046.0
860Z200US78712,78712,
860Z200US78717,78717,173302.0
860Z200US78719,78719,77343.0
860Z200US78721,78721,135622.0
860Z200US78722,78722,138434.0
860Z200US78723,78723,119432.0
860Z200US78724,78724,101416.0
860Z200US78725,78725,125009.0
860Z200US78726,78726,142727.0
860Z200US78727,78727,136870.0
860Z200US78728,78728,99795.0
860Z200US78729,78729,111527.0
860Z200US78730,78730,199258.0
860Z200US78731,78731,172848.0
860Z200US78732,78732,235877.0
860Z200US78733,78733,289204.0
860Z200US78734,78734,181342.0
860Z200US78735,78735,193891.0
860Z200US78736,78736,145434.0
860Z200US78737,78737,215229.0
860Z200US78738,78738,227612.0
860Z200US78739,78739,251559.0
860Z200US78741,78741,90715.0
860Z200US78742,78742,78631.0
860Z200US78744,78744,98115.0
860Z200US78745,78745,106803.0
860Z200US78746,78746,277896.0
860Z200US78747,78747,101421.0
860Z200US78748,78748,133422.0
860Z200US78749,78749,137559.0
860Z200US78750,78750,158599.0
860Z200US78751,78751,105547.0
860Z200US78752,78752,85344.0
860Z200US78753,78753,87189.0
860Z200US78754,78754,103259.0
860Z200US78756,78756,143602.0
860Z200US78757,78757,141701.0
860Z200US78758,78758,92661.0
860Z200US78759,78759,142718.0
860Z200US78801,78801,72411.0
860Z200US78802,78802,
860Z200US78827,78827,43789.0
860Z200US78828,78828,
860Z200US78829,78829,38788.0
860Z200US78830,78830,41954.0
860Z200US78832,78832,71116.0
860Z200US78833,78833,60395.0
860Z200US78834,78834,59048.0
860Z200US78836,78836,77908.0
860Z200US78837,78837,63343.0
860Z200US78838,78838,77315.0
860Z200US78839,78839,57753.0
860Z200US78840,78840,75775.0
860Z200US78841,78841,
860Z200US78842,78842,
860Z200US78843,78843,
860Z200US78850,78850,92442.0
860Z200US78851,78851,
860Z200US78852,78852,67012.0
860Z200US78860,78860,
860Z200US78861,78861,78583.0
860Z200US78870,78870,77195.0
860Z200US78871,78871,
860Z200US78872,78872,54257.0
860Z200US78873,78873,75367.0
860Z200US78877,78877,48219.0
860Z200US78879,78879,85686.0
860Z200US78880,78880,47803.0
860Z200US78881,78881,45817.0
860Z200US78883,78883,49810.0
860Z200US78884,78884,143911.0
860Z200US78885,78885,84225.0
860Z200US78886,78886,127058.0
860Z200US78931,78931,129613.0
860Z200US78932,78932,102380.0
860Z200US78933,78933,112078.0
860Z200US78934,78934,122444.0
860Z200US78935,78935,88998.0
860Z200US78938,78938,64769.0
860Z200US78940,78940,106837.0
860Z200US78941,78941,84197.0
860Z200US78942,78942,73973.0
860Z200US78943,78943,69153.0
860Z200US78944,78944,121996.0
860Z200US78945,78945,101349.0
860Z200US78946,78946,68276.0
860Z200US78947,78947,90008.0
860Z200US78948,78948,57442.0
860Z200US78949,78949,113155.0
860Z200US78950,78950,122389.0
860Z200US78951,78951,
860Z200US78953,78953,101834.0
860Z200US78954,78954,154504.0
860Z200US78956,78956,81722.0
860Z200US78957,78957,87743.0
860Z200US78959,78959,72443.0
860Z200US78962,78962,112244.0
860Z200US78963,78963,101345.0
860Z200US79001,79001,136054.0
860Z200US79002,79002,
860Z200US79003,79003,70607.0
860Z200US79005,79005,84502.0
860Z200US79007,79007,85112.0
860Z200US79008,79008,
860Z200US79009,79009,70627.0
860Z200US79010,79010,127102.0
860Z200US79011,79011,77494.0
860Z200US79012,79012,
860Z200US79013,79013,63652.0
860Z200US79014,79014,114217.0
860Z200US79015,79015,102222.0
860Z200US79016,79016,
860Z200US79018,79018,108856.0
860Z200US79019,79019,83288.0
860Z200US79021,79021,113228.0
860Z200US79022,79022,90674.0
860Z200US79024,79024,87783.0
860Z200US79025,79025,
860Z200US79027,79027,76089.0
860Z200US79029,79029,79469.0
860Z200US79031,79031,73215.0
860Z200US79032,79032,96688.0
860Z200US79033,79033,
860Z200US79034,79034,93967.0
860Z200US79035,79035,93174.0
860Z200US79036,79036,87008.0
860Z200US79039,79039,108522.0
860Z200US79040,79040,150021.0
860Z200US79041,79041,68895.0
860Z200US79042,79042,86746.0
860Z200US79043,79043,70914.0
860Z200US79044,79044,86008.0
860Z200US79045,79045,71679.0
860Z200US79046,79046,103719.0
860Z200US79051,79051,
860Z200US79052,79052,62953.0
860Z200US79053,79053,76046.0
860Z200US79054,79054,81629.0
860Z200US79056,79056,60183.0
860Z200US79057,79057,89722.0
860Z200US79058,79058,
860Z200US79059,79059,80229.0
860Z200US79061,79061,89411.0
860Z200US79062,79062,103149.0
860Z200US79063,79063,128690.0
860Z200US79064,79064,72581.0
860Z200US79065,79065,80257.0
860Z200US79066,79066,
860Z200US79068,79068,104164.0
860Z200US79070,79070,83528.0
860Z200US79072,79072,65593.0
860Z200US79073,79073,
860Z200US79078,79078,80329.0
860Z200US79079,79079,73499.0
860Z200US79080,79080,68596.0
860Z200US79081,79081,95572.0
860Z200US79082,79082,71399.0
860Z200US79083,79083,72790.0
860Z200US79084,79084,96151.0
860Z200US79085,79085,
860Z200US79086,79086,90560.0
860Z200US79087,79087,92507.0
860Z200US79088,79088,57039.0
860Z200US79091,79091,
860Z200US79092,79092,110798.0
860Z200US79093,79093,113698.0
860Z200US79094,79094,
860Z200US79095,79095,74100.0
860Z200US79096,79096,84485.0
860Z200US79097,79097,108751.0
860Z200US79098,79098,66605.0
860Z200US79101,79101,51575.0
860Z200US79102,79102,57845.0
860Z200US79103,79103,68430.0
860Z200US79104,79104,53932.0
860Z200US79106,79106,76847.0
860Z200US79107,79107,49383.0
860Z200US79108,79108,74462.0
860Z200US79109,79109,96446.0
860Z200US79110,79110,79809.0
860Z200US79111,79111,73944.0
860Z200US79118,79118,98046.0
860Z200US79119,79119,151975.0
860Z200US79121,79121,105235.0
860Z200US79124,79124,141581.0
860Z200US79201,79201,81257.0
860Z200US79220,79220,65407.0
860Z200US79223,79223,
860Z200US79225,79225,80053.0
860Z200US79226,79226,66672.0
860Z200US79227,79227,68655.0
860Z200US79229,79229,55773.0
860Z200US79230,79230,53654.0
860Z200US79231,79231,
860Z200US79233,79233,58408.0
860Z200US79234,79234,79721.0
860Z200US79235,79235,94706.0
860Z200US79236,79236,71928.0
860Z200US79237,79237,82594.0
860Z200US79239,79239,46551.0
860Z200US79240,79240,
860Z200US79241,79241,66413.0
860Z200US79243,79243,47689.0
860Z200US79244,79244,80439.0
860Z200US79245,79245,60675.0
860Z200US79247,79247,134764.0
860Z200US79248,79248,62490.0
860Z200US79250,79250,59354.0
860Z200US79251,79251,163369.0
860Z200US79252,79252,70771.0
860Z200US79255,79255,73404.0
860Z200US79256,79256,58791.0
860Z200US79257,79257,66662.0
860Z200US79258,79258,
860Z200US79259,79259,
860Z200US79261,79261,76905.0
860Z200US79311,79311,81323.0
860Z200US79312,79312,65069.0
860Z200US79313,79313,71304.0
860Z200US79314,79314,50768.0
860Z200US79316,79316,63306.0
860Z200US79322,79322,101025.0
860Z200US79323,79323,102387.0
860Z200US79324,79324,
860Z200US79325,79325,85351.0
860Z200US79326,79326,
860Z200US79329,79329,94625.0
860Z200US79330,79330,91292.0
860Z200US79331,79331,71766.0
860Z200US79336,79336,73517.0
860Z200US79339,79339,72338.0
860Z200US79342,79342,112353.0
860Z200US79343,79343,72902.0
860Z200US79344,79344,
860Z200US79345,79345,81450.0
860Z200US79346,79346,59112.0
860Z200US79347,79347,81810.0
860Z200US79350,79350,67502.0
860Z200US79351,79351,108797.0
860Z200US79353,79353,180536.0
860Z200US79355,79355,77606.0
860Z200US79356,79356,66934.0
860Z200US79357,79357,66096.0
860Z200US79358,79358,104123.0
860Z200US79359,79359,90875.0
860Z200US79360,79360,95990.0
860Z200US79363,79363,114418.0
860Z200US79364,79364,71215.0
860Z200US79366,79366,158368.0
860Z200US79367,79367,63256.0
860Z200US79369,79369,
860Z200US79370,79370,78986.0
860Z200US79371,79371,79773.0
860Z200US79372,79372,85816.0
860Z200US79373,79373,80836.0
860Z200US79376,79376,
860Z200US79377,79377,67411.0
860Z200US79378,79378,100143.0
860Z200US79379,79379,68527.0
860Z200US79380,79380,70334.0
860Z200US79381,79381,101237.0
860Z200US79382,79382,101969.0
860Z200US79383,79383,33070.0
860Z200US79401,79401,48135.0
860Z200US79402,79402,
860Z200US79403,79403,61485.0
860Z200US79404,79404,62626.0
860Z200US79406,79406,
860Z200US79407,79407,87714.0
860Z200US79410,79410,74688.0
860Z200US79411,79411,51139.0
860Z200US79412,79412,56669.0
860Z200US79413,79413,85084.0
860Z200US79414,79414,60842.0
860Z200US79415,79415,52131.0
860Z200US79416,79416,89760.0
860Z200US79423,79423,107951.0
860Z200US79424,79424,128444.0
860Z200US79501,79501,69419.0
860Z200US79502,79502,107723.0
860Z200US79503,79503,105898.0
860Z200US79504,79504,88688.0
860Z200US79505,79505,71062.0
860Z200US79506,79506,72751.0
860Z200US79508,79508,96192.0
860Z200US79510,79510,83641.0
860Z200US79511,79511,118874.0
860Z200US79512,79512,84338.0
860Z200US79517,79517,85494.0
860Z200US79518,79518,54269.0
860Z200US79519,79519,124995.0
860Z200US79520,79520,71629.0
860Z200US79521,79521,106955.0
860Z200US79525,79525,105369.0
860Z200US79526,79526,89961.0
860Z200US79527,79527,124874.0
860Z200US79528,79528,82268.0
860Z200US79529,79529,70222.0
860Z200US79530,79530,86960.0
860Z200US79532,79532,79945.0
860Z200US79533,79533,62073.0
860Z200US79534,79534,99923.0
860Z200US79535,79535,81302.0
860Z200US79536,79536,96945.0
860Z200US79537,79537,76879.0
860Z200US79538,79538,114807.0
860Z200US79539,79539,72238.0
860Z200US79540,79540,109197.0
860Z200US79541,79541,115444.0
860Z200US79543,79543,81902.0
860Z200US79544,79544,69639.0
860Z200US79545,79545,73110.0
860Z200US79546,79546,78187.0
860Z200US79547,79547,60765.0
860Z200US79548,79548,87743.0
860Z200US79549,79549,85431.0
860Z200US79553,79553,52006.0
860Z200US79556,79556,72580.0
860Z200US79560,79560,94783.0
860Z200US79561,79561,92345.0
860Z200US79562,79562,114630.0
860Z200US79563,79563,61986.0
860Z200US79565,79565,141582.0
860Z200US79566,79566,102329.0
860Z200US79567,79567,67926.0
860Z200US79601,79601,67582.0
860Z200US79602,79602,99919.0
860Z200US79603,79603,66554.0
860Z200US79605,79605,85072.0
860Z200US79606,79606,101574.0
860Z200US79607,79607,78542.0
860Z200US79699,79699,
860Z200US79701,79701,81040.0
860Z200US79703,79703,100660.0
860Z200US79705,79705,136306.0
860Z200US79706,79706,129246.0
860Z200US79707,79707,154433.0
860Z200US79713,79713,110450.0
860Z200US79714,79714,102475.0
860Z200US79718,79718,44034.0
860Z200US79719,79719,73373.0
860Z200US79720,79720,91419.0
860Z200US79721,79721,
860Z200US79730,79730,85676.0
860Z200US79731,79731,82040.0
860Z200US79733,79733,79253.0
860Z200US79734,79734,74625.0
860Z200US79735,79735,89269.0
860Z200US79738,79738,97812.0
860Z200US79739,79739,130412.0
860Z200US79741,79741,118278.0
860Z200US79742,79742,92303.0
860Z200US79743,79743,152461.0
860Z200US79744,79744,74670.0
860Z200US79745,79745,90962.0
860Z200US79748,79748,167780.0
860Z200US79749,79749,74831.0
860Z200US79752,79752,59071.0
860Z200US79754,79754,122464.0
860Z200US79755,79755,
860Z200US79756,79756,102150.0
860Z200US79758,79758,137424.0
860Z200US79759,79759,
860Z200US79761,79761,83642.0
860Z200US79762,79762,93909.0
860Z200US79763,79763,77348.0
860Z200US79764,79764,100441.0
860Z200US79765,79765,119017.0
860Z200US79766,79766,94225.0
860Z200US79769,79769,
860Z200US79770,79770,
860Z200US79772,79772,71499.0
860Z200US79776,79776,
860Z200US79777,79777,115200.0
860Z200US79778,79778,89034.0
860Z200US79780,79780,
860Z200US79781,79781,69742.0
860Z200US79782,79782,116759.0
860Z200US79783,79783,298193.0
860Z200US79785,79785,30238.0
860Z200US79788,79788,82410.0
860Z200US79789,79789,113250.0
860Z200US79821,79821,65559.0
860Z200US79830,79830,74380.0
860Z200US79832,79832,
860Z200US79834,79834,66789.0
860Z200US79835,79835,62278.0
860Z200US79836,79836,65234.0
860Z200US79837,79837,69285.0
860Z200US79838,79838,53119.0
860Z200US79839,79839,40799.0
860Z200US79842,79842,46082.0
860Z200US79843,79843,73792.0
860Z200US79845,79845,28484.0
860Z200US79846,79846,
860Z200US79847,79847,113195.0
860Z200US79848,79848,66306.0
860Z200US79849,79849,54672.0
860Z200US79851,79851,68591.0
860Z200US79852,79852,42797.0
860Z200US79853,79853,71922.0
860Z200US79854,79854,57456.0
860Z200US79855,79855,53548.0
860Z200US79901,79901,25016.0
860Z200US79902,79902,78280.0
860Z200US79903,79903,53444.0
860Z200US79904,79904,58046.0
860Z200US79905,79905,40939.0
860Z200US79906,79906,62782.0
860Z200US79907,79907,54594.0
860Z200US79908,79908,66703.0
860Z200US79911,79911,128155.0
860Z200US79912,79912,107659.0
860Z200US79915,79915,47335.0
860Z200US79916,79916,
860Z200US79918,79918,
860Z200US79920,79920,
860Z200US79922,79922,180088.0
860Z200US79924,79924,67436.0
860Z200US79925,79925,72867.0
860Z200US79927,79927,63688.0
860Z200US79928,79928,89212.0
860Z200US79930,79930,58433.0
860Z200US79932,79932,107393.0
860Z200US79934,79934,89835.0
860Z200US79935,79935,85823.0
860Z200US79936,79936,82939.0
860Z200US79938,79938,88805.0
860Z200US80002,80002,114531.0
860Z200US80003,80003,103516.0
860Z200US80004,80004,122778.0
860Z200US80005,80005,157760.0
860Z200US80007,80007,207085.0
860Z200US80010,80010,82013.0
860Z200US80011,80011,84704.0
860Z200US80012,80012,89268.0
860Z200US80013,80013,112173.0
860Z200US80014,80014,92370.0
860Z200US80015,80015,144556.0
860Z200US80016,80016,191085.0
860Z200US80017,80017,90519.0
860Z200US80018,80018,139975.0
860Z200US80019,80019,135146.0
860Z200US80020,80020,137986.0
860Z200US80021,80021,126845.0
860Z200US80022,80022,117524.0
860Z200US80023,80023,195844.0
860Z200US80024,80024,
860Z200US80025,80025,107057.0
860Z200US80026,80026,159520.0
860Z200US80027,80027,184793.0
860Z200US80030,80030,84637.0
860Z200US80031,80031,135881.0
860Z200US80033,80033,110340.0
860Z200US80045,80045,56308.0
860Z200US80101,80101,91869.0
860Z200US80102,80102,130535.0
860Z200US80103,80103,117274.0
860Z200US80104,80104,151581.0
860Z200US80105,80105,103088.0
860Z200US80106,80106,138326.0
860Z200US80107,80107,159908.0
860Z200US80108,80108,229236.0
860Z200US80109,80109,168755.0
860Z200US80110,80110,106788.0
860Z200US80111,80111,205567.0
860Z200US80112,80112,141609.0
860Z200US80113,80113,174788.0
860Z200US80116,80116,214740.0
860Z200US80117,80117,123022.0
860Z200US80118,80118,203216.0
860Z200US80120,80120,118150.0
860Z200US80121,80121,217343.0
860Z200US80122,80122,153299.0
860Z200US80123,80123,144183.0
860Z200US80124,80124,163967.0
860Z200US80125,80125,203566.0
860Z200US80126,80126,199748.0
860Z200US80127,80127,168513.0
860Z200US80128,80128,146218.0
860Z200US80129,80129,158758.0
860Z200US80130,80130,178065.0
860Z200US80131,80131,97278.0
860Z200US80132,80132,176229.0
860Z200US80133,80133,127767.0
860Z200US80134,80134,170043.0
860Z200US80135,80135,195127.0
860Z200US80136,80136,119102.0
860Z200US80137,80137,141547.0
860Z200US80138,80138,178550.0
860Z200US80202,80202,164526.0
860Z200US80203,80203,93726.0
860Z200US80204,80204,119985.0
860Z200US80205,80205,120698.0
860Z200US80206,80206,155818.0
860Z200US80207,80207,156082.0
860Z200US80209,80209,187400.0
860Z200US80210,80210,176300.0
860Z200US80211,80211,158352.0
860Z200US80212,80212,157261.0
860Z200US80214,80214,99150.0
860Z200US80215,80215,117833.0
860Z200US80216,80216,104585.0
860Z200US80218,80218,132053.0
860Z200US80219,80219,83491.0
860Z200US80220,80220,169433.0
860Z200US80221,80221,101451.0
860Z200US80222,80222,127354.0
860Z200US80223,80223,106509.0
860Z200US80224,80224,112620.0
860Z200US80226,80226,97456.0
860Z200US80227,80227,112858.0
860Z200US80228,80228,150471.0
860Z200US80229,80229,96136.0
860Z200US80230,80230,164720.0
860Z200US80231,80231,95514.0
860Z200US80232,80232,107448.0
860Z200US80233,80233,98850.0
860Z200US80234,80234,115167.0
860Z200US80235,80235,105447.0
860Z200US80236,80236,99483.0
860Z200US80237,80237,115625.0
860Z200US80238,80238,212070.0
860Z200US80239,80239,98721.0
860Z200US80241,80241,128173.0
860Z200US80246,80246,100402.0
860Z200US80247,80247,78338.0
860Z200US80249,80249,106861.0
860Z200US80260,80260,73658.0
860Z200US80264,80264,
860Z200US80266,80266,
860Z200US80290,80290,96979.0
860Z200US80293,80293,
860Z200US80294,80294,
860Z200US80301,80301,133736.0
860Z200US80302,80302,129747.0
860Z200US80303,80303,128441.0
860Z200US80304,80304,186333.0
860Z200US80305,80305,166519.0
860Z200US80310,80310,
860Z200US80401,80401,154670.0
860Z200US80403,80403,192285.0
860Z200US80419,80419,
860Z200US80420,80420,114495.0
860Z200US80421,80421,119646.0
860Z200US80422,80422,113148.0
860Z200US80423,80423,24651.0
860Z200US80424,80424,129226.0
860Z200US80425,80425,90144.0
860Z200US80426,80426,
860Z200US80427,80427,89802.0
860Z200US80428,80428,130300.0
860Z200US80430,80430,111211.0
860Z200US80432,80432,55738.0
860Z200US80433,80433,179462.0
860Z200US80434,80434,
860Z200US80435,80435,127860.0
860Z200US80436,80436,80406.0
860Z200US80438,80438,75178.0
860Z200US80439,80439,196967.0
860Z200US80440,80440,93281.0
860Z200US80442,80442,116489.0
860Z200US80443,80443,149231.0
860Z200US80444,80444,95972.0
860Z200US80446,80446,109859.0
860Z200US80447,80447,95920.0
860Z200US80448,80448,
860Z200US80449,80449,91843.0
860Z200US80451,80451,107193.0
860Z200US80452,80452,94952.0
860Z200US80453,80453,135547.0
860Z200US80454,80454,165838.0
860Z200US80455,80455,192597.0
860Z200US80456,80456,145967.0
860Z200US80457,80457,201353.0
860Z200US80459,80459,108714.0
860Z200US80461,80461,110604.0
860Z200US80463,80463,141194.0
860Z200US80465,80465,163989.0
860Z200US80466,80466,146278.0
860Z200US80467,80467,122365.0
860Z200US80468,80468,103190.0
860Z200US80469,80469,115390.0
860Z200US80470,80470,163167.0
860Z200US80471,80471,
860Z200US80473,80473,43142.0
860Z200US80474,80474,108143.0
860Z200US80475,80475,
860Z200US80476,80476,84228.0
860Z200US80478,80478,171806.0
860Z200US80479,80479,
860Z200US80480,80480,76326.0
860Z200US80481,80481,137655.0
860Z200US80482,80482,83126.0
860Z200US80483,80483,105792.0
860Z200US80487,80487,160011.0
860Z200US80498,80498,149648.0
860Z200US80501,80501,95819.0
860Z200US80503,80503,153424.0
860Z200US80504,80504,130686.0
860Z200US80510,80510,172364.0
860Z200US80512,80512,117228.0
860Z200US80513,80513,140544.0
860Z200US80514,80514,114854.0
860Z200US80515,80515,95766.0
860Z200US80516,80516,177707.0
860Z200US80517,80517,121400.0
860Z200US80520,80520,79645.0
860Z200US80521,80521,82937.0
860Z200US80524,80524,123944.0
860Z200US80525,80525,121256.0
860Z200US80526,80526,107428.0
860Z200US80528,80528,164289.0
860Z200US80530,80530,133256.0
860Z200US80532,80532,82054.0
860Z200US80534,80534,139670.0
860Z200US80535,80535,103681.0
860Z200US80536,80536,143789.0
860Z200US80537,80537,102377.0
860Z200US80538,80538,108075.0
860Z200US80540,80540,152316.0
860Z200US80542,80542,144978.0
860Z200US80543,80543,111863.0
860Z200US80544,80544,
860Z200US80545,80545,88861.0
860Z200US80546,80546,107385.0
860Z200US80547,80547,260928.0
860Z200US80549,80549,121560.0
860Z200US80550,80550,139796.0
860Z200US80601,80601,119337.0
860Z200US80602,80602,171623.0
860Z200US80603,80603,121733.0
860Z200US80610,80610,114793.0
860Z200US80611,80611,104033.0
860Z200US80612,80612,164562.0
860Z200US80615,80615,155746.0
860Z200US80620,80620,84432.0
860Z200US80621,80621,94329.0
860Z200US80622,80622,129520.0
860Z200US80623,80623,83074.0
860Z200US80624,80624,92700.0
860Z200US80631,80631,70107.0
860Z200US80634,80634,105874.0
860Z200US80640,80640,125063.0
860Z200US80642,80642,142878.0
860Z200US80643,80643,111115.0
860Z200US80644,80644,100114.0
860Z200US80645,80645,106165.0
860Z200US80646,80646,
860Z200US80648,80648,145029.0
860Z200US80649,80649,467459.0
860Z200US80650,80650,81480.0
860Z200US80651,80651,110283.0
860Z200US80652,80652,54955.0
860Z200US80653,80653,85439.0
860Z200US80654,80654,105259.0
860Z200US80701,80701,82840.0
860Z200US80705,80705,70267.0
860Z200US80720,80720,82701.0
860Z200US80721,80721,85133.0
860Z200US80722,80722,99584.0
860Z200US80723,80723,87961.0
860Z200US80726,80726,113188.0
860Z200US80727,80727,69565.0
860Z200US80728,80728,76155.0
860Z200US80729,80729,71306.0
860Z200US80731,80731,85410.0
860Z200US80732,80732,23440.0
860Z200US80733,80733,78056.0
860Z200US80734,80734,113646.0
860Z200US80735,80735,97364.0
860Z200US80736,80736,82489.0
860Z200US80737,80737,80033.0
860Z200US80740,80740,52568.0
860Z200US80741,80741,103202.0
860Z200US80742,80742,88379.0
860Z200US80743,80743,83089.0
860Z200US80744,80744,64270.0
860Z200US80745,80745,55655.0
860Z200US80746,80746,71217.0
860Z200US80747,80747,93683.0
860Z200US80749,80749,86455.0
860Z200US80750,80750,93896.0
860Z200US80751,80751,68828.0
860Z200US80754,80754,116779.0
860Z200US80755,80755,80641.0
860Z200US80757,80757,74849.0
860Z200US80758,80758,86620.0
860Z200US80759,80759,78844.0
860Z200US80801,80801,60890.0
860Z200US80802,80802,56659.0
860Z200US80804,80804,68269.0
860Z200US80805,80805,73267.0
860Z200US80807,80807,98533.0
860Z200US80808,80808,93469.0
860Z200US80809,80809,119638.0
860Z200US80810,80810,84032.0
860Z200US80812,80812,76185.0
860Z200US80813,80813,76830.0
860Z200US80814,80814,93729.0
860Z200US80815,80815,64459.0
860Z200US80816,80816,101564.0
860Z200US80817,80817,98172.0
860Z200US80818,80818,80916.0
860Z200US80819,80819,132094.0
860Z200US80820,80820,124593.0
860Z200US80821,80821,81534.0
860Z200US80822,80822,77778.0
860Z200US80823,80823,54304.0
860Z200US80824,80824,126201.0
860Z200US80825,80825,103701.0
860Z200US80826,80826,
860Z200US80827,80827,81313.0
860Z200US80828,80828,109421.0
860Z200US80829,80829,111763.0
860Z200US80830,80830,117759.0
860Z200US80831,80831,149361.0
860Z200US80832,80832,94165.0
860Z200US80833,80833,69103.0
860Z200US80834,80834,66737.0
860Z200US80835,80835,108581.0
860Z200US80836,80836,94473.0
860Z200US80840,80840,95521.0
860Z200US80860,80860,64126.0
860Z200US80861,80861,81247.0
860Z200US80862,80862,103317.0
860Z200US80863,80863,116915.0
860Z200US80864,80864,78897.0
860Z200US80902,80902,75501.0
860Z200US80903,80903,82568.0
860Z200US80904,80904,99850.0
860Z200US80905,80905,97440.0
860Z200US80906,80906,137299.0
860Z200US80907,80907,99598.0
860Z200US80908,80908,174134.0
860Z200US80909,80909,78393.0
860Z200US80910,80910,70718.0
860Z200US80911,80911,93396.0
860Z200US80913,80913,
860Z200US80914,80914,
860Z200US80915,80915,82230.0
860Z200US80916,80916,74517.0
860Z200US80917,80917,93398.0
860Z200US80918,80918,106003.0
860Z200US80919,80919,142956.0
860Z200US80920,80920,130926.0
860Z200US80921,80921,169092.0
860Z200US80922,80922,115693.0
860Z200US80923,80923,119048.0
860Z200US80924,80924,164536.0
860Z200US80925,80925,122867.0
860Z200US80926,80926,134808.0
860Z200US80927,80927,145612.0
860Z200US80928,80928,110835.0
860Z200US80929,80929,
860Z200US80930,80930,118270.0
860Z200US80938,80938,105777.0
860Z200US80939,80939,
860Z200US80951,80951,106914.0
860Z200US81001,81001,68996.0
860Z200US81003,81003,58015.0
860Z200US81004,81004,62208.0
860Z200US81005,81005,87762.0
860Z200US81006,81006,88833.0
860Z200US81007,81007,112530.0
860Z200US81008,81008,93528.0
860Z200US81019,81019,67923.0
860Z200US81020,81020,45212.0
860Z200US81021,81021,28691.0
860Z200US81022,81022,75048.0
860Z200US81023,81023,91970.0
860Z200US81024,81024,22424.0
860Z200US81025,81025,71120.0
860Z200US81027,81027,64685.0
860Z200US81029,81029,57768.0
860Z200US81030,81030,41564.0
860Z200US81033,81033,47504.0
860Z200US81036,81036,68550.0
860Z200US81039,81039,63075.0
860Z200US81040,81040,47418.0
860Z200US81041,81041,72239.0
860Z200US81043,81043,22900.0
860Z200US81044,81044,86343.0
860Z200US81045,81045,77027.0
860Z200US81046,81046,
860Z200US81047,81047,64603.0
860Z200US81049,81049,55486.0
860Z200US81050,81050,72489.0
860Z200US81052,81052,89035.0
860Z200US81054,81054,53896.0
860Z200US81055,81055,72934.0
860Z200US81057,81057,72392.0
860Z200US81058,81058,66610.0
860Z200US81059,81059,93237.0
860Z200US81062,81062,60987.0
860Z200US81063,81063,54951.0
860Z200US81064,81064,77598.0
860Z200US81067,81067,62047.0
860Z200US81069,81069,97701.0
860Z200US81071,81071,94304.0
860Z200US81073,81073,63676.0
860Z200US81076,81076,65022.0
860Z200US81077,81077,78206.0
860Z200US81081,81081,64457.0
860Z200US81082,81082,71707.0
860Z200US81084,81084,31363.0
860Z200US81087,81087,56063.0
860Z200US81089,81089,89685.0
860Z200US81090,81090,56938.0
860Z200US81091,81091,62583.0
860Z200US81092,81092,92818.0
860Z200US81101,81101,73219.0
860Z200US81120,81120,60003.0
860Z200US81121,81121,78105.0
860Z200US81122,81122,118764.0
860Z200US81123,81123,45138.0
860Z200US81124,81124,103766.0
860Z200US81125,81125,71057.0
860Z200US81126,81126,86839.0
860Z200US81128,81128,
860Z200US81129,81129,
860Z200US81130,81130,77510.0
860Z200US81131,81131,141135.0
860Z200US81132,81132,75608.0
860Z200US81133,81133,67326.0
860Z200US81136,81136,80227.0
860Z200US81137,81137,91529.0
860Z200US81138,81138,
860Z200US81140,81140,68098.0
860Z200US81141,81141,92979.0
860Z200US81143,81143,56463.0
860Z200US81144,81144,88862.0
860Z200US81146,81146,90017.0
860Z200US81147,81147,99107.0
860Z200US81148,81148,49073.0
860Z200US81149,81149,56430.0
860Z200US81151,81151,57153.0
860Z200US81152,81152,52532.0
860Z200US81154,81154,100623.0
860Z200US81155,81155,84018.0
860Z200US81201,81201,101590.0
860Z200US81210,81210,99702.0
860Z200US81211,81211,94953.0
860Z200US81212,81212,78559.0
860Z200US81220,81220,232969.0
860Z200US81221,81221,67477.0
860Z200US81222,81222,355273.0
860Z200US81223,81223,62876.0
860Z200US81224,81224,126473.0
860Z200US81225,81225,115348.0
860Z200US81226,81226,74121.0
860Z200US81227,81227,
860Z200US81228,81228,
860Z200US81230,81230,88902.0
860Z200US81232,81232,
860Z200US81233,81233,92649.0
860Z200US81235,81235,89451.0
860Z200US81236,81236,119734.0
860Z200US81237,81237,119475.0
860Z200US81239,81239,
860Z200US81240,81240,116804.0
860Z200US81241,81241,48106.0
860Z200US81242,81242,100927.0
860Z200US81243,81243,65773.0
860Z200US81244,81244,60245.0
860Z200US81248,81248,105931.0
860Z200US81251,81251,80733.0
860Z200US81252,81252,91841.0
860Z200US81253,81253,69866.0
860Z200US81301,81301,102912.0
860Z200US81303,81303,112828.0
860Z200US81320,81320,35694.0
860Z200US81321,81321,80446.0
860Z200US81323,81323,88218.0
860Z200US81324,81324,90080.0
860Z200US81325,81325,60582.0
860Z200US81326,81326,111787.0
860Z200US81327,81327,111908.0
860Z200US81328,81328,87538.0
860Z200US81330,81330,
860Z200US81331,81331,76925.0
860Z200US81332,81332,129009.0
860Z200US81334,81334,39366.0
860Z200US81335,81335,99510.0
860Z200US81401,81401,82928.0
860Z200US81403,81403,101136.0
860Z200US81410,81410,82760.0
860Z200US81411,81411,
860Z200US81413,81413,76137.0
860Z200US81415,81415,91674.0
860Z200US81416,81416,83227.0
860Z200US81418,81418,65922.0
860Z200US81419,81419,90124.0
860Z200US81422,81422,48128.0
860Z200US81423,81423,78627.0
860Z200US81424,81424,50611.0
860Z200US81425,81425,85973.0
860Z200US81426,81426,128237.0
860Z200US81427,81427,98576.0
860Z200US81428,81428,85705.0
860Z200US81429,81429,70186.0
860Z200US81430,81430,139747.0
860Z200US81431,81431,99163.0
860Z200US81432,81432,113640.0
860Z200US81433,81433,78270.0
860Z200US81434,81434,102216.0
860Z200US81435,81435,144192.0
860Z200US81501,81501,68142.0
860Z200US81503,81503,80784.0
860Z200US81504,81504,79189.0
860Z200US81505,81505,115870.0
860Z200US81506,81506,108886.0
860Z200US81507,81507,134345.0
860Z200US81520,81520,67247.0
860Z200US81521,81521,104386.0
860Z200US81522,81522,
860Z200US81523,81523,96992.0
860Z200US81524,81524,114486.0
860Z200US81525,81525,108120.0
860Z200US81526,81526,98227.0
860Z200US81527,81527,116942.0
860Z200US81601,81601,122002.0
860Z200US81610,81610,60824.0
860Z200US81611,81611,225089.0
860Z200US81612,81612,
860Z200US81615,81615,182790.0
860Z200US81620,81620,148436.0
860Z200US81621,81621,149360.0
860Z200US81623,81623,143151.0
860Z200US81624,81624,104216.0
860Z200US81625,81625,86495.0
860Z200US81630,81630,79255.0
860Z200US81631,81631,143356.0
860Z200US81632,81632,162391.0
860Z200US81633,81633,
860Z200US81635,81635,84065.0
860Z200US81637,81637,150234.0
860Z200US81638,81638,76770.0
860Z200US81639,81639,108649.0
860Z200US81640,81640,46883.0
860Z200US81641,81641,80139.0
860Z200US81642,81642,
860Z200US81643,81643,117246.0
860Z200US81645,81645,120674.0
860Z200US81646,81646,96972.0
860Z200US81647,81647,100322.0
860Z200US81648,81648,82111.0
860Z200US81649,81649,93589.0
860Z200US81650,81650,98566.0
860Z200US81652,81652,118092.0
860Z200US81653,81653,
860Z200US81654,81654,136157.0
860Z200US81655,81655,64927.0
860Z200US81656,81656,290779.0
860Z200US81657,81657,191751.0
860Z200US82001,82001,88919.0
860Z200US82005,82005,
860Z200US82007,82007,71175.0
860Z200US82009,82009,128268.0
860Z200US82050,82050,128166.0
860Z200US82051,82051,152514.0
860Z200US82052,82052,72593.0
860Z200US82053,82053,137860.0
860Z200US82054,82054,61866.0
860Z200US82055,82055,108084.0
860Z200US82058,82058,
860Z200US82059,82059,159911.0
860Z200US82060,82060,96858.0
860Z200US82061,82061,
860Z200US82063,82063,87406.0
860Z200US82070,82070,85437.0
860Z200US82072,82072,82374.0
860Z200US82073,82073,
860Z200US82081,82081,
860Z200US82082,82082,74401.0
860Z200US82083,82083,108931.0
860Z200US82084,82084,87615.0
860Z200US82190,82190,73013.0
860Z200US82201,82201,84128.0
860Z200US82210,82210,64366.0
860Z200US82212,82212,73979.0
860Z200US82213,82213,64652.0
860Z200US82214,82214,78484.0
860Z200US82215,82215,137692.0
860Z200US82217,82217,
860Z200US82218,82218,
860Z200US82219,82219,389531.0
860Z200US82221,82221,47310.0
860Z200US82222,82222,48593.0
860Z200US82223,82223,70240.0
860Z200US82224,82224,
860Z200US82225,82225,70433.0
860Z200US82227,82227,63922.0
860Z200US82229,82229,
860Z200US82240,82240,80652.0
860Z200US82242,82242,114822.0
860Z200US82243,82243,157776.0
860Z200US82244,82244,111341.0
860Z200US82301,82301,86225.0
860Z200US82310,82310,
860Z200US82321,82321,79739.0
860Z200US82322,82322,66004.0
860Z200US82323,82323,72002.0
860Z200US82324,82324,60516.0
860Z200US82325,82325,74202.0
860Z200US82327,82327,73571.0
860Z200US82329,82329,41898.0
860Z200US82331,82331,90188.0
860Z200US82332,82332,
860Z200US82334,82334,103748.0
860Z200US82335,82335,
860Z200US82336,82336,75835.0
860Z200US82401,82401,81576.0
860Z200US82410,82410,76018.0
860Z200US82411,82411,109672.0
860Z200US82412,82412,84785.0
860Z200US82414,82414,96916.0
860Z200US82420,82420,89539.0
860Z200US82421,82421,55626.0
860Z200US82422,82422,
860Z200US82423,82423,75018.0
860Z200US82426,82426,66206.0
860Z200US82428,82428,41331.0
860Z200US82430,82430,37630.0
860Z200US82431,82431,83446.0
860Z200US82432,82432,113192.0
860Z200US82433,82433,64015.0
860Z200US82434,82434,33278.0
860Z200US82435,82435,93814.0
860Z200US82440,82440,24131.0
860Z200US82441,82441,77041.0
860Z200US82442,82442,68275.0
860Z200US82443,82443,78096.0
860Z200US82450,82450,
860Z200US82501,82501,78887.0
860Z200US82510,82510,60880.0
860Z200US82512,82512,72678.0
860Z200US82513,82513,76034.0
860Z200US82514,82514,56148.0
860Z200US82515,82515,75536.0
860Z200US82516,82516,66485.0
860Z200US82520,82520,92675.0
860Z200US82523,82523,76743.0
860Z200US82601,82601,88820.0
860Z200US82604,82604,92710.0
860Z200US82609,82609,111327.0
860Z200US82620,82620,213854.0
860Z200US82630,82630,
860Z200US82633,82633,98411.0
860Z200US82635,82635,26651.0
860Z200US82636,82636,87132.0
860Z200US82637,82637,84643.0
860Z200US82638,82638,
860Z200US82639,82639,82305.0
860Z200US82640,82640,253875.0
860Z200US82642,82642,81021.0
860Z200US82643,82643,69294.0
860Z200US82644,82644,77011.0
860Z200US82646,82646,
860Z200US82648,82648,
860Z200US82649,82649,74610.0
860Z200US82701,82701,103670.0
860Z200US82710,82710,79287.0
860Z200US82711,82711,
860Z200US82712,82712,64125.0
860Z200US82714,82714,
860Z200US82716,82716,93694.0
860Z200US82718,82718,114910.0
860Z200US82720,82720,80050.0
860Z200US82721,82721,82584.0
860Z200US82723,82723,78353.0
860Z200US82725,82725,
860Z200US82727,82727,98904.0
860Z200US82729,82729,93285.0
860Z200US82730,82730,87791.0
860Z200US82731,82731,84436.0
860Z200US82732,82732,89426.0
860Z200US82801,82801,90416.0
860Z200US82831,82831,237532.0
860Z200US82832,82832,88295.0
860Z200US82833,82833,33185.0
860Z200US82834,82834,80827.0
860Z200US82835,82835,85027.0
860Z200US82836,82836,150138.0
860Z200US82837,82837,56050.0
860Z200US82838,82838,79473.0
860Z200US82839,82839,68540.0
860Z200US82842,82842,114654.0
860Z200US82844,82844,
860Z200US82845,82845,109310.0
860Z200US82901,82901,99681.0
860Z200US82922,82922,503082.0
860Z200US82923,82923,57010.0
860Z200US82925,82925,339987.0
860Z200US82929,82929,
860Z200US82930,82930,85157.0
860Z200US82932,82932,86163.0
860Z200US82933,82933,119163.0
860Z200US82934,82934,79333.0
860Z200US82935,82935,100365.0
860Z200US82936,82936,
860Z200US82937,82937,99299.0
860Z200US82938,82938,73641.0
860Z200US82939,82939,86364.0
860Z200US82941,82941,123122.0
860Z200US82942,82942,
860Z200US82943,82943,33495.0
860Z200US82944,82944,162031.0
860Z200US82945,82945,69074.0
860Z200US83001,83001,179405.0
860Z200US83011,83011,707101.0
860Z200US83012,83012,
860Z200US83013,83013,143957.0
860Z200US83014,83014,174847.0
860Z200US83025,83025,208155.0
860Z200US83101,83101,89007.0
860Z200US83110,83110,91119.0
860Z200US83111,83111,104668.0
860Z200US83112,83112,150354.0
860Z200US83113,83113,79209.0
860Z200US83114,83114,89786.0
860Z200US83115,83115,68571.0
860Z200US83116,83116,76284.0
860Z200US83118,83118,68410.0
860Z200US83119,83119,
860Z200US83120,83120,72891.0
860Z200US83121,83121,
860Z200US83122,83122,78915.0
860Z200US83123,83123,158725.0
860Z200US83124,83124,112390.0
860Z200US83126,83126,161975.0
860Z200US83127,83127,112670.0
860Z200US83128,83128,120728.0
860Z200US83201,83201,83077.0
860Z200US83202,83202,85102.0
860Z200US83203,83203,
860Z200US83204,83204,76004.0
860Z200US83209,83209,18892.0
860Z200US83210,83210,83735.0
860Z200US83211,83211,73751.0
860Z200US83212,83212,58732.0
860Z200US83213,83213,62010.0
860Z200US83214,83214,88956.0
860Z200US83215,83215,57056.0
860Z200US83217,83217,87220.0
860Z200US83218,83218,79908.0
860Z200US83220,83220,66702.0
860Z200US83221,83221,92271.0
860Z200US83223,83223,104486.0
860Z200US83226,83226,52075.0
860Z200US83227,83227,42276.0
860Z200US83228,83228,89028.0
860Z200US83232,83232,93766.0
860Z200US83233,83233,
860Z200US83234,83234,76652.0
860Z200US83235,83235,
860Z200US83236,83236,79413.0
860Z200US83237,83237,92995.0
860Z200US83238,83238,73479.0
860Z200US83239,83239,100690.0
860Z200US83241,83241,78945.0
860Z200US83243,83243,
860Z200US83244,83244,68575.0
860Z200US83245,83245,117261.0
860Z200US83246,83246,84793.0
860Z200US83250,83250,110074.0
860Z200US83251,83251,74379.0
860Z200US83252,83252,82474.0
860Z200US83253,83253,137875.0
860Z200US83254,83254,73317.0
860Z200US83255,83255,76267.0
860Z200US83261,83261,85600.0
860Z200US83262,83262,74427.0
860Z200US83263,83263,88450.0
860Z200US83271,83271,69306.0
860Z200US83272,83272,102180.0
860Z200US83274,83274,121171.0
860Z200US83276,83276,75810.0
860Z200US83277,83277,73581.0
860Z200US83278,83278,93832.0
860Z200US83281,83281,125443.0
860Z200US83283,83283,240909.0
860Z200US83285,83285,152147.0
860Z200US83286,83286,103200.0
860Z200US83287,83287,151965.0
860Z200US83301,83301,84487.0
860Z200US83302,83302,90031.0
860Z200US83311,83311,89464.0
860Z200US83312,83312,43968.0
860Z200US83313,83313,94812.0
860Z200US83314,83314,81321.0
860Z200US83316,83316,88064.0
860Z200US83318,83318,90170.0
860Z200US83320,83320,65459.0
860Z200US83321,83321,67331.0
860Z200US83322,83322,57763.0
860Z200US83323,83323,87396.0
860Z200US83324,83324,86769.0
860Z200US83325,83325,100429.0
860Z200US83327,83327,85223.0
860Z200US83328,83328,93147.0
860Z200US83330,83330,83949.0
860Z200US83332,83332,83838.0
860Z200US83333,83333,122658.0
860Z200US83334,83334,72048.0
860Z200US83335,83335,76075.0
860Z200US83336,83336,111516.0
860Z200US83337,83337,
860Z200US83338,83338,87852.0
860Z200US83340,83340,133112.0
860Z200US83341,83341,103522.0
860Z200US83342,83342,67339.0
860Z200US83344,83344,86746.0
860Z200US83346,83346,93951.0
860Z200US83347,83347,82626.0
860Z200US83348,83348,31630.0
860Z200US83349,83349,79905.0
860Z200US83350,83350,75114.0
860Z200US83352,83352,70215.0
860Z200US83353,83353,163646.0
860Z200US83354,83354,
860Z200US83355,83355,76366.0
860Z200US83401,83401,99034.0
860Z200US83402,83402,86966.0
860Z200US83404,83404,107843.0
860Z200US83406,83406,108892.0
860Z200US83414,83414,148376.0
860Z200US83420,83420,109360.0
860Z200US83421,83421,142964.0
860Z200US83422,83422,119663.0
860Z200US83423,83423,58393.0
860Z200US83424,83424,149913.0
860Z200US83425,83425,104385.0
860Z200US83427,83427,101518.0
860Z200US83428,83428,162174.0
860Z200US83429,83429,79684.0
860Z200US83431,83431,106473.0
860Z200US83433,83433,75747.0
860Z200US83434,83434,93956.0
860Z200US83435,83435,103745.0
860Z200US83436,83436,106778.0
860Z200US83438,83438,133013.0
860Z200US83440,83440,89384.0
860Z200US83442,83442,96864.0
860Z200US83443,83443,71789.0
860Z200US83444,83444,90668.0
860Z200US83445,83445,77741.0
860Z200US83446,83446,62314.0
860Z200US83448,83448,94439.0
860Z200US83449,83449,109532.0
860Z200US83450,83450,75480.0
860Z200US83451,83451,94790.0
860Z200US83452,83452,103026.0
860Z200US83454,83454,59219.0
860Z200US83455,83455,121895.0
860Z200US83460,83460,
860Z200US83462,83462,70992.0
860Z200US83463,83463,43745.0
860Z200US83464,83464,80526.0
860Z200US83465,83465,55282.0
860Z200US83466,83466,108898.0
860Z200US83467,83467,72633.0
860Z200US83468,83468,62088.0
860Z200US83469,83469,
860Z200US83501,83501,92558.0
860Z200US83520,83520,34966.0
860Z200US83522,83522,88382.0
860Z200US83523,83523,76510.0
860Z200US83524,83524,70661.0
860Z200US83525,83525,50888.0
860Z200US83526,83526,110024.0
860Z200US83530,83530,86028.0
860Z200US83533,83533,146571.0
860Z200US83535,83535,91071.0
860Z200US83536,83536,64619.0
860Z200US83537,83537,84992.0
860Z200US83539,83539,59077.0
860Z200US83540,83540,71436.0
860Z200US83541,83541,81408.0
860Z200US83542,83542,70898.0
860Z200US83543,83543,95536.0
860Z200US83544,83544,76853.0
860Z200US83545,83545,72953.0
860Z200US83546,83546,75417.0
860Z200US83547,83547,54885.0
860Z200US83548,83548,80449.0
860Z200US83549,83549,69875.0
860Z200US83552,83552,83886.0
860Z200US83553,83553,48578.0
860Z200US83554,83554,58781.0
860Z200US83555,83555,79657.0
860Z200US83602,83602,
860Z200US83604,83604,67178.0
860Z200US83605,83605,69079.0
860Z200US83607,83607,95660.0
860Z200US83610,83610,82971.0
860Z200US83611,83611,83180.0
860Z200US83612,83612,66331.0
860Z200US83615,83615,185133.0
860Z200US83616,83616,168993.0
860Z200US83617,83617,87264.0
860Z200US83619,83619,78888.0
860Z200US83622,83622,90793.0
860Z200US83623,83623,70591.0
860Z200US83624,83624,74489.0
860Z200US83626,83626,81420.0
860Z200US83627,83627,52414.0
860Z200US83628,83628,68381.0
860Z200US83629,83629,80026.0
860Z200US83631,83631,85668.0
860Z200US83632,83632,101387.0
860Z200US83633,83633,138302.0
860Z200US83634,83634,105848.0
860Z200US83636,83636,126277.0
860Z200US83637,83637,49788.0
860Z200US83638,83638,111181.0
860Z200US83639,83639,70013.0
860Z200US83641,83641,104828.0
860Z200US83642,83642,123384.0
860Z200US83643,83643,49542.0
860Z200US83644,83644,99715.0
860Z200US83645,83645,81665.0
860Z200US83646,83646,134403.0
860Z200US83647,83647,74579.0
860Z200US83648,83648,82701.0
860Z200US83650,83650,95609.0
860Z200US83651,83651,82891.0
860Z200US83654,83654,111330.0
860Z200US83655,83655,86411.0
860Z200US83656,83656,78513.0
860Z200US83657,83657,64142.0
860Z200US83660,83660,85590.0
860Z200US83661,83661,76302.0
860Z200US83666,83666,78457.0
860Z200US83669,83669,116923.0
860Z200US83670,83670,92355.0
860Z200US83672,83672,66869.0
860Z200US83676,83676,93299.0
860Z200US83677,83677,30811.0
860Z200US83686,83686,99667.0
860Z200US83687,83687,93664.0
860Z200US83702,83702,153538.0
860Z200US83703,83703,107471.0
860Z200US83704,83704,85593.0
860Z200US83705,83705,80883.0
860Z200US83706,83706,112586.0
860Z200US83709,83709,113550.0
860Z200US83712,83712,161892.0
860Z200US83713,83713,108669.0
860Z200US83714,83714,114883.0
860Z200US83716,83716,144833.0
860Z200US83720,83720,
860Z200US83725,83725,
860Z200US83801,83801,86744.0
860Z200US83802,83802,49904.0
860Z200US83803,83803,90371.0
860Z200US83804,83804,68965.0
860Z200US83805,83805,76855.0
860Z200US83806,83806,59873.0
860Z200US83808,83808,51167.0
860Z200US83809,83809,126185.0
860Z200US83810,83810,111845.0
860Z200US83811,83811,51263.0
860Z200US83812,83812,64900.0
860Z200US83813,83813,83439.0
860Z200US83814,83814,106585.0
860Z200US83815,83815,93570.0
860Z200US83821,83821,134084.0
860Z200US83822,83822,77483.0
860Z200US83823,83823,90837.0
860Z200US83824,83824,104879.0
860Z200US83825,83825,87018.0
860Z200US83826,83826,
860Z200US83827,83827,65178.0
860Z200US83830,83830,39007.0
860Z200US83832,83832,105429.0
860Z200US83833,83833,110922.0
860Z200US83834,83834,126405.0
860Z200US83835,83835,107727.0
860Z200US83836,83836,155002.0
860Z200US83837,83837,59750.0
860Z200US83839,83839,67671.0
860Z200US83840,83840,67014.0
860Z200US83841,83841,76122.0
860Z200US83842,83842,78229.0
860Z200US83843,83843,83713.0
860Z200US83844,83844,
860Z200US83845,83845,75280.0
860Z200US83846,83846,72245.0
860Z200US83847,83847,70826.0
860Z200US83848,83848,117110.0
860Z200US83849,83849,58505.0
860Z200US83850,83850,74098.0
860Z200US83851,83851,77330.0
860Z200US83852,83852,62512.0
860Z200US83854,83854,88501.0
860Z200US83855,83855,88465.0
860Z200US83856,83856,92379.0
860Z200US83857,83857,75461.0
860Z200US83858,83858,112868.0
860Z200US83860,83860,113156.0
860Z200US83861,83861,79847.0
860Z200US83864,83864,89904.0
860Z200US83866,83866,35372.0
860Z200US83867,83867,88484.0
860Z200US83868,83868,51681.0
860Z200US83869,83869,88772.0
860Z200US83870,83870,80219.0
860Z200US83871,83871,100675.0
860Z200US83872,83872,106678.0
860Z200US83873,83873,59507.0
860Z200US83874,83874,40425.0
860Z200US83876,83876,85669.0
860Z200US84001,84001,76491.0
860Z200US84002,84002,60166.0
860Z200US84003,84003,160174.0
860Z200US84004,84004,196331.0
860Z200US84005,84005,119312.0
860Z200US84006,84006,90031.0
860Z200US84007,84007,89360.0
860Z200US84008,84008,
860Z200US84009,84009,155589.0
860Z200US84010,84010,126302.0
860Z200US84013,84013,115184.0
860Z200US84014,84014,135402.0
860Z200US84015,84015,105342.0
860Z200US84017,84017,112343.0
860Z200US84018,84018,145530.0
860Z200US84020,84020,172277.0
860Z200US84021,84021,89430.0
860Z200US84022,84022,101068.0
860Z200US84023,84023,51005.0
860Z200US84024,84024,61320.0
860Z200US84025,84025,150952.0
860Z200US84026,84026,89269.0
860Z200US84027,84027,102367.0
860Z200US84028,84028,66136.0
860Z200US84029,84029,126183.0
860Z200US84031,84031,118148.0
860Z200US84032,84032,134787.0
860Z200US84033,84033,112242.0
860Z200US84034,84034,72878.0
860Z200US84035,84035,61691.0
860Z200US84036,84036,177349.0
860Z200US84037,84037,166581.0
860Z200US84038,84038,94484.0
860Z200US84039,84039,87442.0
860Z200US84040,84040,150925.0
860Z200US84041,84041,104967.0
860Z200US84042,84042,136088.0
860Z200US84043,84043,148368.0
860Z200US84044,84044,97711.0
860Z200US84045,84045,139704.0
860Z200US84046,84046,82107.0
860Z200US84047,84047,89530.0
860Z200US84049,84049,203463.0
860Z200US84050,84050,152973.0
860Z200US84051,84051,129261.0
860Z200US84052,84052,76727.0
860Z200US84053,84053,90486.0
860Z200US84054,84054,129473.0
860Z200US84055,84055,162215.0
860Z200US84056,84056,81859.0
860Z200US84057,84057,95289.0
860Z200US84058,84058,97471.0
860Z200US84059,84059,137408.0
860Z200US84060,84060,247595.0
860Z200US84061,84061,154251.0
860Z200US84062,84062,130046.0
860Z200US84063,84063,47152.0
860Z200US84064,84064,96926.0
860Z200US84065,84065,147200.0
860Z200US84066,84066,96143.0
860Z200US84067,84067,99035.0
860Z200US84069,84069,98980.0
860Z200US84070,84070,100433.0
860Z200US84071,84071,158509.0
860Z200US84072,84072,65301.0
860Z200US84073,84073,81535.0
860Z200US84074,84074,120777.0
860Z200US84075,84075,148988.0
860Z200US84076,84076,121709.0
860Z200US84078,84078,93514.0
860Z200US84080,84080,78079.0
860Z200US84081,84081,129511.0
860Z200US84082,84082,121276.0
860Z200US84083,84083,57005.0
860Z200US84084,84084,105008.0
860Z200US84085,84085,64911.0
860Z200US84086,84086,91239.0
860Z200US84087,84087,150231.0
860Z200US84088,84088,111760.0
860Z200US84092,84092,191835.0
860Z200US84093,84093,169346.0
860Z200US84094,84094,123250.0
860Z200US84095,84095,153067.0
860Z200US84096,84096,127915.0
860Z200US84097,84097,130306.0
860Z200US84098,84098,240604.0
860Z200US84101,84101,105005.0
860Z200US84102,84102,72949.0
860Z200US84103,84103,143001.0
860Z200US84104,84104,75814.0
860Z200US84105,84105,132960.0
860Z200US84106,84106,124224.0
860Z200US84107,84107,96744.0
860Z200US84108,84108,191188.0
860Z200US84109,84109,178234.0
860Z200US84111,84111,79651.0
860Z200US84112,84112,29377.0
860Z200US84113,84113,
860Z200US84114,84114,
860Z200US84115,84115,80893.0
860Z200US84116,84116,82652.0
860Z200US84117,84117,138610.0
860Z200US84118,84118,101516.0
860Z200US84119,84119,81727.0
860Z200US84120,84120,102917.0
860Z200US84121,84121,145177.0
860Z200US84123,84123,95799.0
860Z200US84124,84124,165034.0
860Z200US84128,84128,116086.0
860Z200US84129,84129,109714.0
860Z200US84138,84138,
860Z200US84150,84150,
860Z200US84180,84180,
860Z200US84301,84301,103226.0
860Z200US84302,84302,88429.0
860Z200US84304,84304,
860Z200US84305,84305,76167.0
860Z200US84306,84306,110789.0
860Z200US84307,84307,78417.0
860Z200US84308,84308,107333.0
860Z200US84309,84309,113973.0
860Z200US84310,84310,165884.0
860Z200US84311,84311,92770.0
860Z200US84312,84312,90231.0
860Z200US84313,84313,
860Z200US84314,84314,105311.0
860Z200US84315,84315,140153.0
860Z200US84316,84316,95410.0
860Z200US84317,84317,141927.0
860Z200US84318,84318,150747.0
860Z200US84319,84319,99669.0
860Z200US84320,84320,118672.0
860Z200US84321,84321,82998.0
860Z200US84322,84322,
860Z200US84324,84324,152370.0
860Z200US84325,84325,156193.0
860Z200US84326,84326,117386.0
860Z200US84327,84327,95691.0
860Z200US84328,84328,129909.0
860Z200US84329,84329,62317.0
860Z200US84330,84330,101768.0
860Z200US84331,84331,93390.0
860Z200US84332,84332,142456.0
860Z200US84333,84333,130124.0
860Z200US84334,84334,63495.0
860Z200US84335,84335,102853.0
860Z200US84336,84336,87869.0
860Z200US84337,84337,97760.0
860Z200US84338,84338,86387.0
860Z200US84339,84339,146024.0
860Z200US84340,84340,114225.0
860Z200US84341,84341,92386.0
860Z200US84401,84401,95212.0
860Z200US84403,84403,113478.0
860Z200US84404,84404,95154.0
860Z200US84405,84405,104039.0
860Z200US84408,84408,
860Z200US84414,84414,128886.0
860Z200US84501,84501,72039.0
860Z200US84511,84511,89310.0
860Z200US84512,84512,65440.0
860Z200US84513,84513,76337.0
860Z200US84515,84515,
860Z200US84516,84516,55104.0
860Z200US84518,84518,112170.0
860Z200US84520,84520,62308.0
860Z200US84521,84521,62156.0
860Z200US84522,84522,96632.0
860Z200US84523,84523,73478.0
860Z200US84525,84525,76839.0
860Z200US84526,84526,69818.0
860Z200US84528,84528,88231.0
860Z200US84529,84529,
860Z200US84530,84530,47275.0
860Z200US84531,84531,51631.0
860Z200US84532,84532,87124.0
860Z200US84533,84533,
860Z200US84534,84534,61522.0
860Z200US84535,84535,76807.0
860Z200US84536,84536,54247.0
860Z200US84537,84537,96692.0
860Z200US84539,84539,46561.0
860Z200US84540,84540,
860Z200US84542,84542,72043.0
860Z200US84601,84601,81109.0
860Z200US84602,84602,30105.0
860Z200US84604,84604,106544.0
860Z200US84606,84606,69325.0
860Z200US84620,84620,102300.0
860Z200US84621,84621,
860Z200US84622,84622,90609.0
860Z200US84623,84623,44721.0
860Z200US84624,84624,79066.0
860Z200US84626,84626,62468.0
860Z200US84627,84627,83266.0
860Z200US84628,84628,81782.0
860Z200US84629,84629,113863.0
860Z200US84630,84630,59073.0
860Z200US84631,84631,83671.0
860Z200US84632,84632,79615.0
860Z200US84633,84633,94384.0
860Z200US84634,84634,77826.0
860Z200US84635,84635,90073.0
860Z200US84636,84636,85823.0
860Z200US84637,84637,81950.0
860Z200US84638,84638,100653.0
860Z200US84639,84639,83597.0
860Z200US84640,84640,62591.0
860Z200US84642,84642,78545.0
860Z200US84643,84643,83995.0
860Z200US84644,84644,52891.0
860Z200US84645,84645,107838.0
860Z200US84646,84646,76957.0
860Z200US84647,84647,75661.0
860Z200US84648,84648,103943.0
860Z200US84649,84649,85743.0
860Z200US84651,84651,105277.0
860Z200US84652,84652,88041.0
860Z200US84653,84653,138194.0
860Z200US84654,84654,74205.0
860Z200US84655,84655,108538.0
860Z200US84656,84656,86601.0
860Z200US84657,84657,85438.0
860Z200US84660,84660,115874.0
860Z200US84662,84662,86172.0
860Z200US84663,84663,104479.0
860Z200US84664,84664,176263.0
860Z200US84665,84665,136106.0
860Z200US84667,84667,81908.0
860Z200US84701,84701,86195.0
860Z200US84710,84710,55872.0
860Z200US84711,84711,89813.0
860Z200US84712,84712,83072.0
860Z200US84713,84713,93081.0
860Z200US84714,84714,80751.0
860Z200US84715,84715,83949.0
860Z200US84716,84716,66959.0
860Z200US84718,84718,43879.0
860Z200US84719,84719,59577.0
860Z200US84720,84720,86835.0
860Z200US84721,84721,87925.0
860Z200US84722,84722,97981.0
860Z200US84723,84723,81682.0
860Z200US84724,84724,69315.0
860Z200US84725,84725,88936.0
860Z200US84726,84726,69619.0
860Z200US84728,84728,85068.0
860Z200US84729,84729,85768.0
860Z200US84730,84730,119973.0
860Z200US84731,84731,111716.0
860Z200US84732,84732,39094.0
860Z200US84733,84733,100077.0
860Z200US84734,84734,35860.0
860Z200US84735,84735,73318.0
860Z200US84736,84736,48349.0
860Z200US84737,84737,95580.0
860Z200US84738,84738,105371.0
860Z200US84739,84739,88731.0
860Z200US84740,84740,65445.0
860Z200US84741,84741,95626.0
860Z200US84742,84742,163146.0
860Z200US84743,84743,45747.0
860Z200US84744,84744,65562.0
860Z200US84745,84745,71382.0
860Z200US84746,84746,95920.0
860Z200US84747,84747,83763.0
860Z200US84749,84749,96056.0
860Z200US84750,84750,49218.0
860Z200US84751,84751,87621.0
860Z200US84752,84752,89248.0
860Z200US84753,84753,
860Z200US84754,84754,90767.0
860Z200US84755,84755,168529.0
860Z200US84756,84756,65411.0
860Z200US84757,84757,90793.0
860Z200US84758,84758,105166.0
860Z200US84759,84759,103364.0
860Z200US84760,84760,69944.0
860Z200US84761,84761,65672.0
860Z200US84762,84762,77960.0
860Z200US84763,84763,63229.0
860Z200US84764,84764,75699.0
860Z200US84765,84765,122514.0
860Z200US84766,84766,55463.0
860Z200US84767,84767,158601.0
860Z200US84770,84770,87345.0
860Z200US84772,84772,107688.0
860Z200US84773,84773,88707.0
860Z200US84774,84774,128501.0
860Z200US84775,84775,89174.0
860Z200US84776,84776,85790.0
860Z200US84779,84779,102993.0
860Z200US84780,84780,129762.0
860Z200US84781,84781,107426.0
860Z200US84782,84782,82223.0
860Z200US84783,84783,110779.0
860Z200US84784,84784,101427.0
860Z200US84790,84790,111536.0
860Z200US85003,85003,86218.0
860Z200US85004,85004,99952.0
860Z200US85006,85006,77053.0
860Z200US85007,85007,81922.0
860Z200US85008,85008,78452.0
860Z200US85009,85009,64830.0
860Z200US85012,85012,124522.0
860Z200US85013,85013,104363.0
860Z200US85014,85014,106586.0
860Z200US85015,85015,69761.0
860Z200US85016,85016,130744.0
860Z200US85017,85017,65900.0
860Z200US85018,85018,168851.0
860Z200US85019,85019,77438.0
860Z200US85020,85020,116675.0
860Z200US85021,85021,88538.0
860Z200US85022,85022,95184.0
860Z200US85023,85023,100040.0
860Z200US85024,85024,118704.0
860Z200US85026,85026,
860Z200US85027,85027,94508.0
860Z200US85028,85028,155929.0
860Z200US85029,85029,79903.0
860Z200US85031,85031,74584.0
860Z200US85032,85032,97798.0
860Z200US85033,85033,75929.0
860Z200US85034,85034,87351.0
860Z200US85035,85035,77638.0
860Z200US85037,85037,95931.0
860Z200US85040,85040,66852.0
860Z200US85041,85041,88518.0
860Z200US85042,85042,113870.0
860Z200US85043,85043,86943.0
860Z200US85044,85044,124205.0
860Z200US85045,85045,186233.0
860Z200US85048,85048,163768.0
860Z200US85050,85050,179626.0
860Z200US85051,85051,77485.0
860Z200US85053,85053,91491.0
860Z200US85054,85054,135105.0
860Z200US85083,85083,189419.0
860Z200US85085,85085,148303.0
860Z200US85086,85086,151255.0
860Z200US85087,85087,128721.0
860Z200US85118,85118,113380.0
860Z200US85119,85119,92395.0
860Z200US85120,85120,69191.0
860Z200US85121,85121,46020.0
860Z200US85122,85122,91015.0
860Z200US85123,85123,71595.0
860Z200US85128,85128,80535.0
860Z200US85131,85131,68096.0
860Z200US85132,85132,92620.0
860Z200US85135,85135,46024.0
860Z200US85137,85137,73568.0
860Z200US85138,85138,108917.0
860Z200US85139,85139,97329.0
860Z200US85140,85140,121898.0
860Z200US85141,85141,66267.0
860Z200US85142,85142,146909.0
860Z200US85143,85143,101544.0
860Z200US85145,85145,92904.0
860Z200US85147,85147,67143.0
860Z200US85172,85172,81896.0
860Z200US85173,85173,58161.0
860Z200US85191,85191,
860Z200US85192,85192,57680.0
860Z200US85193,85193,79056.0
860Z200US85194,85194,101488.0
860Z200US85201,85201,81697.0
860Z200US85202,85202,85979.0
860Z200US85203,85203,98533.0
860Z200US85204,85204,86865.0
860Z200US85205,85205,96068.0
860Z200US85206,85206,88785.0
860Z200US85207,85207,132087.0
860Z200US85208,85208,82139.0
860Z200US85209,85209,98483.0
860Z200US85210,85210,78435.0
860Z200US85212,85212,146311.0
860Z200US85213,85213,127557.0
860Z200US85215,85215,115899.0
860Z200US85224,85224,107430.0
860Z200US85225,85225,102457.0
860Z200US85226,85226,124023.0
860Z200US85233,85233,126260.0
860Z200US85234,85234,142701.0
860Z200US85236,85236,
860Z200US85248,85248,136099.0
860Z200US85249,85249,189732.0
860Z200US85250,85250,138363.0
860Z200US85251,85251,146685.0
860Z200US85253,85253,318105.0
860Z200US85254,85254,162697.0
860Z200US85255,85255,226231.0
860Z200US85256,85256,72703.0
860Z200US85257,85257,102281.0
860Z200US85258,85258,165883.0
860Z200US85259,85259,208448.0
860Z200US85260,85260,141740.0
860Z200US85262,85262,266521.0
860Z200US85263,85263,193472.0
860Z200US85264,85264,86001.0
860Z200US85266,85266,207759.0
860Z200US85268,85268,141099.0
860Z200US85281,85281,76241.0
860Z200US85282,85282,95276.0
860Z200US85283,85283,105616.0
860Z200US85284,85284,188599.0
860Z200US85286,85286,151989.0
860Z200US85295,85295,146713.0
860Z200US85296,85296,143010.0
860Z200US85297,85297,153768.0
860Z200US85298,85298,169996.0
860Z200US85301,85301,56711.0
860Z200US85302,85302,79013.0
860Z200US85303,85303,88407.0
860Z200US85304,85304,105551.0
860Z200US85305,85305,112393.0
860Z200US85306,85306,93329.0
860Z200US85307,85307,91953.0
860Z200US85308,85308,113881.0
860Z200US85309,85309,
860Z200US85310,85310,145834.0
860Z200US85320,85320,37628.0
860Z200US85321,85321,66607.0
860Z200US85322,85322,81410.0
860Z200US85323,85323,93052.0
860Z200US85324,85324,86962.0
860Z200US85325,85325,47854.0
860Z200US85326,85326,98385.0
860Z200US85328,85328,13490.0
860Z200US85329,85329,48456.0
860Z200US85331,85331,159846.0
860Z200US85332,85332,76693.0
860Z200US85333,85333,47570.0
860Z200US85334,85334,49902.0
860Z200US85335,85335,84605.0
860Z200US85336,85336,68579.0
860Z200US85337,85337,70919.0
860Z200US85338,85338,112626.0
860Z200US85339,85339,124500.0
860Z200US85340,85340,129502.0
860Z200US85341,85341,
860Z200US85342,85342,69969.0
860Z200US85343,85343,122579.0
860Z200US85344,85344,77886.0
860Z200US85345,85345,79262.0
860Z200US85346,85346,49948.0
860Z200US85347,85347,96286.0
860Z200US85348,85348,86876.0
860Z200US85349,85349,66568.0
860Z200US85350,85350,75622.0
860Z200US85351,85351,63591.0
860Z200US85352,85352,50493.0
860Z200US85353,85353,99038.0
860Z200US85354,85354,78299.0
860Z200US85355,85355,131967.0
860Z200US85356,85356,69657.0
860Z200US85357,85357,50290.0
860Z200US85360,85360,81716.0
860Z200US85361,85361,118044.0
860Z200US85362,85362,54104.0
860Z200US85363,85363,72103.0
860Z200US85364,85364,77671.0
860Z200US85365,85365,88024.0
860Z200US85367,85367,69243.0
860Z200US85371,85371,24111.0
860Z200US85373,85373,87835.0
860Z200US85374,85374,91968.0
860Z200US85375,85375,86095.0
860Z200US85377,85377,193201.0
860Z200US85378,85378,70735.0
860Z200US85379,85379,119242.0
860Z200US85381,85381,113938.0
860Z200US85382,85382,110021.0
860Z200US85383,85383,169654.0
860Z200US85387,85387,107972.0
860Z200US85388,85388,132407.0
860Z200US85390,85390,92394.0
860Z200US85392,85392,99948.0
860Z200US85395,85395,133289.0
860Z200US85396,85396,133623.0
860Z200US85501,85501,75111.0
860Z200US85530,85530,57238.0
860Z200US85531,85531,112803.0
860Z200US85532,85532,63171.0
860Z200US85533,85533,74190.0
860Z200US85534,85534,81285.0
860Z200US85535,85535,
860Z200US85536,85536,90730.0
860Z200US85539,85539,70248.0
860Z200US85540,85540,96394.0
860Z200US85541,85541,80716.0
860Z200US85542,85542,49588.0
860Z200US85543,85543,95777.0
860Z200US85544,85544,79490.0
860Z200US85545,85545,61648.0
860Z200US85546,85546,74674.0
860Z200US85550,85550,71142.0
860Z200US85551,85551,73486.0
860Z200US85552,85552,92329.0
860Z200US85553,85553,55784.0
860Z200US85554,85554,46649.0
860Z200US85601,85601,31641.0
860Z200US85602,85602,68403.0
860Z200US85603,85603,59695.0
860Z200US85605,85605,60645.0
860Z200US85606,85606,86896.0
860Z200US85607,85607,58589.0
860Z200US85608,85608,
860Z200US85609,85609,106562.0
860Z200US85610,85610,69908.0
860Z200US85611,85611,86597.0
860Z200US85613,85613,95830.0
860Z200US85614,85614,82530.0
860Z200US85615,85615,101052.0
860Z200US85616,85616,65009.0
860Z200US85617,85617,53148.0
860Z200US85618,85618,55641.0
860Z200US85619,85619,
860Z200US85620,85620,58797.0
860Z200US85621,85621,58753.0
860Z200US85622,85622,94967.0
860Z200US85623,85623,108180.0
860Z200US85624,85624,63415.0
860Z200US85625,85625,72212.0
860Z200US85626,85626,64998.0
860Z200US85627,85627,81974.0
860Z200US85629,85629,115626.0
860Z200US85630,85630,67521.0
860Z200US85631,85631,57781.0
860Z200US85632,85632,72129.0
860Z200US85633,85633,31429.0
860Z200US85634,85634,52556.0
860Z200US85635,85635,79766.0
860Z200US85637,85637,100795.0
860Z200US85638,85638,71643.0
860Z200US85639,85639,41668.0
860Z200US85640,85640,48703.0
860Z200US85641,85641,133482.0
860Z200US85643,85643,73044.0
860Z200US85645,85645,76773.0
860Z200US85646,85646,94526.0
860Z200US85648,85648,79355.0
860Z200US85650,85650,102711.0
860Z200US85653,85653,103239.0
860Z200US85654,85654,
860Z200US85658,85658,144472.0
860Z200US85701,85701,78649.0
860Z200US85704,85704,106358.0
860Z200US85705,85705,50199.0
860Z200US85706,85706,66164.0
860Z200US85707,85707,
860Z200US85708,85708,72509.0
860Z200US85709,85709,
860Z200US85710,85710,72128.0
860Z200US85711,85711,68182.0
860Z200US85712,85712,69336.0
860Z200US85713,85713,65434.0
860Z200US85714,85714,58624.0
860Z200US85715,85715,114064.0
860Z200US85716,85716,69019.0
860Z200US85718,85718,170918.0
860Z200US85719,85719,58756.0
860Z200US85721,85721,
860Z200US85723,85723,
860Z200US85724,85724,
860Z200US85726,85726,
860Z200US85730,85730,77644.0
860Z200US85734,85734,
860Z200US85735,85735,79585.0
860Z200US85736,85736,62275.0
860Z200US85737,85737,125642.0
860Z200US85739,85739,112385.0
860Z200US85741,85741,89331.0
860Z200US85742,85742,124818.0
860Z200US85743,85743,108213.0
860Z200US85745,85745,94004.0
860Z200US85746,85746,78026.0
860Z200US85747,85747,118307.0
860Z200US85748,85748,126468.0
860Z200US85749,85749,142654.0
860Z200US85750,85750,152089.0
860Z200US85755,85755,150510.0
860Z200US85756,85756,84459.0
860Z200US85757,85757,93966.0
860Z200US85901,85901,81089.0
860Z200US85902,85902,
860Z200US85911,85911,56480.0
860Z200US85912,85912,74144.0
860Z200US85920,85920,64856.0
860Z200US85922,85922,65818.0
860Z200US85923,85923,77094.0
860Z200US85924,85924,44816.0
860Z200US85925,85925,85583.0
860Z200US85926,85926,37362.0
860Z200US85927,85927,83119.0
860Z200US85928,85928,55836.0
860Z200US85929,85929,72886.0
860Z200US85930,85930,74237.0
860Z200US85931,85931,124243.0
860Z200US85932,85932,67141.0
860Z200US85933,85933,65178.0
860Z200US85934,85934,92456.0
860Z200US85935,85935,90403.0
860Z200US85936,85936,151278.0
860Z200US85937,85937,77710.0
860Z200US85938,85938,70278.0
860Z200US85939,85939,78471.0
860Z200US85940,85940,73486.0
860Z200US85941,85941,55342.0
860Z200US85942,85942,
860Z200US86001,86001,95896.0
860Z200US86003,86003,59649.0
860Z200US86004,86004,104050.0
860Z200US86005,86005,114628.0
860Z200US86011,86011,38667.0
860Z200US86015,86015,114996.0
860Z200US86016,86016,20443.0
860Z200US86017,86017,80510.0
860Z200US86018,86018,106813.0
860Z200US86020,86020,54479.0
860Z200US86021,86021,99670.0
860Z200US86022,86022,71551.0
860Z200US86023,86023,87638.0
860Z200US86024,86024,121112.0
860Z200US86025,86025,72053.0
860Z200US86028,86028,
860Z200US86029,86029,
860Z200US86030,86030,22632.0
860Z200US86031,86031,38697.0
860Z200US86032,86032,77240.0
860Z200US86033,86033,55551.0
860Z200US86034,86034,43308.0
860Z200US86035,86035,62635.0
860Z200US86036,86036,62150.0
860Z200US86038,86038,53032.0
860Z200US86039,86039,51334.0
860Z200US86040,86040,100199.0
860Z200US86042,86042,68450.0
860Z200US86043,86043,36782.0
860Z200US86044,86044,48096.0
860Z200US86045,86045,69287.0
860Z200US86046,86046,82854.0
860Z200US86047,86047,62204.0
860Z200US86052,86052,
860Z200US86053,86053,58181.0
860Z200US86054,86054,45107.0
860Z200US86301,86301,91670.0
860Z200US86303,86303,97735.0
860Z200US86305,86305,118206.0
860Z200US86313,86313,
860Z200US86314,86314,81109.0
860Z200US86315,86315,110863.0
860Z200US86320,86320,58349.0
860Z200US86321,86321,84897.0
860Z200US86322,86322,82428.0
860Z200US86323,86323,78515.0
860Z200US86324,86324,54984.0
860Z200US86325,86325,90527.0
860Z200US86326,86326,72953.0
860Z200US86327,86327,88272.0
860Z200US86329,86329,64018.0
860Z200US86331,86331,50251.0
860Z200US86332,86332,66166.0
860Z200US86333,86333,64914.0
860Z200US86334,86334,91390.0
860Z200US86335,86335,68596.0
860Z200US86336,86336,104957.0
860Z200US86337,86337,60054.0
860Z200US86338,86338,79699.0
860Z200US86343,86343,102558.0
860Z200US86351,86351,109403.0
860Z200US86401,86401,78764.0
860Z200US86403,86403,77332.0
860Z200US86404,86404,91567.0
860Z200US86406,86406,96755.0
860Z200US86409,86409,65585.0
860Z200US86411,86411,90422.0
860Z200US86413,86413,55322.0
860Z200US86426,86426,74816.0
860Z200US86429,86429,110347.0
860Z200US86431,86431,55980.0
860Z200US86432,86432,60212.0
860Z200US86433,86433,
860Z200US86434,86434,55460.0
860Z200US86435,86435,
860Z200US86436,86436,61489.0
860Z200US86437,86437,91091.0
860Z200US86438,86438,51208.0
860Z200US86440,86440,80923.0
860Z200US86441,86441,44853.0
860Z200US86442,86442,60686.0
860Z200US86443,86443,
860Z200US86444,86444,57462.0
860Z200US86445,86445,32938.0
860Z200US86502,86502,33293.0
860Z200US86503,86503,48749.0
860Z200US86504,86504,56091.0
860Z200US86505,86505,44958.0
860Z200US86506,86506,41999.0
860Z200US86507,86507,42951.0
860Z200US86508,86508,31138.0
860Z200US86510,86510,38984.0
860Z200US86511,86511,54967.0
860Z200US86512,86512,40396.0
860Z200US86514,86514,57437.0
860Z200US86515,86515,54893.0
860Z200US86520,86520,31601.0
860Z200US86535,86535,33093.0
860Z200US86538,86538,34616.0
860Z200US86540,86540,36530.0
860Z200US86544,86544,43491.0
860Z200US86545,86545,40363.0
860Z200US86547,86547,58026.0
860Z200US86556,86556,41645.0
860Z200US87001,87001,98170.0
860Z200US87002,87002,70326.0
860Z200US87004,87004,86496.0
860Z200US87005,87005,
860Z200US87006,87006,99707.0
860Z200US87007,87007,46469.0
860Z200US87008,87008,129426.0
860Z200US87010,87010,62314.0
860Z200US87011,87011,
860Z200US87012,87012,45311.0
860Z200US87013,87013,43645.0
860Z200US87014,87014,23007.0
860Z200US87015,87015,90647.0
860Z200US87016,87016,56986.0
860Z200US87017,87017,100568.0
860Z200US87018,87018,36239.0
860Z200US87020,87020,74901.0
860Z200US87021,87021,58165.0
860Z200US87022,87022,60890.0
860Z200US87023,87023,30817.0
860Z200US87024,87024,73142.0
860Z200US87025,87025,173798.0
860Z200US87026,87026,67573.0
860Z200US87027,87027,29721.0
860Z200US87028,87028,
860Z200US87029,87029,68003.0
860Z200US87031,87031,80789.0
860Z200US87032,87032,
860Z200US87034,87034,77709.0
860Z200US87035,87035,60007.0
860Z200US87036,87036,73674.0
860Z200US87037,87037,31647.0
860Z200US87038,87038,
860Z200US87040,87040,
860Z200US87041,87041,75897.0
860Z200US87042,87042,82469.0
860Z200US87043,87043,140447.0
860Z200US87044,87044,52204.0
860Z200US87045,87045,33704.0
860Z200US87046,87046,57342.0
860Z200US87047,87047,137750.0
860Z200US87048,87048,152381.0
860Z200US87049,87049,
860Z200US87051,87051,
860Z200US87052,87052,78237.0
860Z200US87053,87053,66208.0
860Z200US87056,87056,101232.0
860Z200US87059,87059,119858.0
860Z200US87060,87060,
860Z200US87061,87061,47211.0
860Z200US87062,87062,55123.0
860Z200US87063,87063,76678.0
860Z200US87064,87064,57538.0
860Z200US87068,87068,88958.0
860Z200US87070,87070,
860Z200US87072,87072,94919.0
860Z200US87083,87083,73245.0
860Z200US87101,87101,
860Z200US87102,87102,53274.0
860Z200US87104,87104,99816.0
860Z200US87105,87105,66385.0
860Z200US87106,87106,78411.0
860Z200US87107,87107,88252.0
860Z200US87108,87108,61766.0
860Z200US87109,87109,80916.0
860Z200US87110,87110,84445.0
860Z200US87111,87111,110889.0
860Z200US87112,87112,86393.0
860Z200US87113,87113,124369.0
860Z200US87114,87114,103351.0
860Z200US87116,87116,85699.0
860Z200US87117,87117,
860Z200US87120,87120,103685.0
860Z200US87121,87121,69224.0
860Z200US87122,87122,203900.0
860Z200US87123,87123,83046.0
860Z200US87124,87124,100134.0
860Z200US87144,87144,107762.0
860Z200US87151,87151,
860Z200US87301,87301,73459.0
860Z200US87305,87305,55794.0
860Z200US87310,87310,56390.0
860Z200US87311,87311,53518.0
860Z200US87312,87312,51047.0
860Z200US87313,87313,51783.0
860Z200US87315,87315,
860Z200US87316,87316,124600.0
860Z200US87317,87317,50032.0
860Z200US87319,87319,41528.0
860Z200US87320,87320,54436.0
860Z200US87321,87321,72599.0
860Z200US87322,87322,71098.0
860Z200US87323,87323,56643.0
860Z200US87325,87325,44782.0
860Z200US87326,87326,52310.0
860Z200US87327,87327,56472.0
860Z200US87328,87328,45092.0
860Z200US87347,87347,58379.0
860Z200US87357,87357,45388.0
860Z200US87364,87364,43287.0
860Z200US87365,87365,
860Z200US87375,87375,52328.0
860Z200US87401,87401,79330.0
860Z200US87402,87402,107541.0
860Z200US87410,87410,70980.0
860Z200US87412,87412,53797.0
860Z200US87413,87413,65783.0
860Z200US87415,87415,65808.0
860Z200US87416,87416,57710.0
860Z200US87417,87417,70444.0
860Z200US87418,87418,87526.0
860Z200US87419,87419,37309.0
860Z200US87420,87420,61106.0
860Z200US87421,87421,61925.0
860Z200US87455,87455,53914.0
860Z200US87461,87461,43236.0
860Z200US87499,87499,52507.0
860Z200US87501,87501,123549.0
860Z200US87505,87505,107505.0
860Z200US87506,87506,141030.0
860Z200US87507,87507,83736.0
860Z200US87508,87508,131906.0
860Z200US87510,87510,91627.0
860Z200US87511,87511,86285.0
860Z200US87512,87512,
860Z200US87513,87513,69689.0
860Z200US87514,87514,91373.0
860Z200US87515,87515,135976.0
860Z200US87516,87516,94572.0
860Z200US87517,87517,
860Z200US87518,87518,
860Z200US87519,87519,95483.0
860Z200US87520,87520,87250.0
860Z200US87521,87521,49305.0
860Z200US87522,87522,69776.0
860Z200US87523,87523,26759.0
860Z200US87524,87524,
860Z200US87525,87525,
860Z200US87527,87527,54694.0
860Z200US87528,87528,56452.0
860Z200US87529,87529,86395.0
860Z200US87530,87530,36921.0
860Z200US87531,87531,
860Z200US87532,87532,76616.0
860Z200US87535,87535,78969.0
860Z200US87537,87537,72214.0
860Z200US87538,87538,86701.0
860Z200US87539,87539,
860Z200US87540,87540,77680.0
860Z200US87543,87543,
860Z200US87544,87544,160130.0
860Z200US87547,87547,189374.0
860Z200US87548,87548,75185.0
860Z200US87549,87549,126485.0
860Z200US87551,87551,140337.0
860Z200US87552,87552,73541.0
860Z200US87553,87553,67202.0
860Z200US87554,87554,
860Z200US87556,87556,59005.0
860Z200US87557,87557,60379.0
860Z200US87558,87558,80415.0
860Z200US87560,87560,57462.0
860Z200US87562,87562,79625.0
860Z200US87564,87564,
860Z200US87565,87565,20881.0
860Z200US87566,87566,77094.0
860Z200US87567,87567,58071.0
860Z200US87569,87569,98750.0
860Z200US87571,87571,105603.0
860Z200US87573,87573,
860Z200US87575,87575,81648.0
860Z200US87577,87577,21169.0
860Z200US87578,87578,45610.0
860Z200US87579,87579,73803.0
860Z200US87580,87580,54376.0
860Z200US87581,87581,
860Z200US87582,87582,140815.0
860Z200US87583,87583,48514.0
860Z200US87701,87701,62340.0
860Z200US87710,87710,89874.0
860Z200US87711,87711,33588.0
860Z200US87712,87712,14901.0
860Z200US87713,87713,71685.0
860Z200US87714,87714,49715.0
860Z200US87715,87715,35076.0
860Z200US87718,87718,52032.0
860Z200US87722,87722,88404.0
860Z200US87723,87723,125173.0
860Z200US87724,87724,
860Z200US87728,87728,53599.0
860Z200US87729,87729,47346.0
860Z200US87730,87730,132267.0
860Z200US87731,87731,40841.0
860Z200US87732,87732,60542.0
860Z200US87733,87733,41720.0
860Z200US87734,87734,49689.0
860Z200US87735,87735,
860Z200US87736,87736,
860Z200US87740,87740,63499.0
860Z200US87742,87742,59854.0
860Z200US87743,87743,169205.0
860Z200US87745,87745,72974.0
860Z200US87746,87746,80617.0
860Z200US87747,87747,76287.0
860Z200US87749,87749,
860Z200US87750,87750,
860Z200US87752,87752,63393.0
860Z200US87753,87753,
860Z200US87801,87801,65948.0
860Z200US87820,87820,42003.0
860Z200US87821,87821,62532.0
860Z200US87823,87823,69041.0
860Z200US87824,87824,
860Z200US87825,87825,56387.0
860Z200US87827,87827,87269.0
860Z200US87828,87828,277173.0
860Z200US87829,87829,52913.0
860Z200US87830,87830,67189.0
860Z200US87831,87831,22819.0
860Z200US87832,87832,21844.0
860Z200US87901,87901,47095.0
860Z200US87930,87930,64714.0
860Z200US87931,87931,37706.0
860Z200US87933,87933,
860Z200US87935,87935,61154.0
860Z200US87936,87936,25234.0
860Z200US87937,87937,61797.0
860Z200US87939,87939,84606.0
860Z200US87940,87940,51161.0
860Z200US87941,87941,50608.0
860Z200US87942,87942,50019.0
860Z200US87943,87943,63951.0
860Z200US88001,88001,46019.0
860Z200US88002,88002,101122.0
860Z200US88003,88003,
860Z200US88004,88004,
860Z200US88005,88005,69075.0
860Z200US88007,88007,85784.0
860Z200US88008,88008,78106.0
860Z200US88009,88009,
860Z200US88011,88011,104877.0
860Z200US88012,88012,90428.0
860Z200US88020,88020,83410.0
860Z200US88021,88021,59798.0
860Z200US88022,88022,78653.0
860Z200US88023,88023,56585.0
860Z200US88024,88024,36548.0
860Z200US88025,88025,108566.0
860Z200US88026,88026,59259.0
860Z200US88027,88027,76838.0
860Z200US88028,88028,42856.0
860Z200US88029,88029,30931.0
860Z200US88030,88030,54766.0
860Z200US88034,88034,
860Z200US88038,88038,41547.0
860Z200US88039,88039,48095.0
860Z200US88040,88040,
860Z200US88041,88041,52647.0
860Z200US88042,88042,25189.0
860Z200US88043,88043,56259.0
860Z200US88044,88044,80681.0
860Z200US88045,88045,57986.0
860Z200US88046,88046,87917.0
860Z200US88047,88047,55804.0
860Z200US88048,88048,56444.0
860Z200US88049,88049,59149.0
860Z200US88051,88051,67168.0
860Z200US88052,88052,218698.0
860Z200US88053,88053,43339.0
860Z200US88055,88055,
860Z200US88056,88056,52987.0
860Z200US88061,88061,72666.0
860Z200US88063,88063,53110.0
860Z200US88065,88065,113612.0
860Z200US88072,88072,63173.0
860Z200US88081,88081,56208.0
860Z200US88101,88101,72186.0
860Z200US88103,88103,
860Z200US88112,88112,66294.0
860Z200US88113,88113,49296.0
860Z200US88114,88114,117250.0
860Z200US88115,88115,74175.0
860Z200US88116,88116,93212.0
860Z200US88118,88118,60276.0
860Z200US88119,88119,56488.0
860Z200US88120,88120,73296.0
860Z200US88121,88121,70827.0
860Z200US88124,88124,84830.0
860Z200US88125,88125,
860Z200US88126,88126,55463.0
860Z200US88130,88130,68994.0
860Z200US88132,88132,72330.0
860Z200US88134,88134,
860Z200US88135,88135,76521.0
860Z200US88136,88136,64610.0
860Z200US88201,88201,92117.0
860Z200US88203,88203,56551.0
860Z200US88210,88210,97068.0
860Z200US88220,88220,98114.0
860Z200US88230,88230,53165.0
860Z200US88231,88231,88241.0
860Z200US88232,88232,81072.0
860Z200US88240,88240,91592.0
860Z200US88242,88242,107299.0
860Z200US88244,88244,
860Z200US88250,88250,98284.0
860Z200US88252,88252,86039.0
860Z200US88253,88253,122726.0
860Z200US88254,88254,
860Z200US88255,88255,
860Z200US88256,88256,96819.0
860Z200US88260,88260,91275.0
860Z200US88262,88262,
860Z200US88263,88263,
860Z200US88264,88264,
860Z200US88265,88265,75892.0
860Z200US88267,88267,73653.0
860Z200US88268,88268,
860Z200US88301,88301,60091.0
860Z200US88310,88310,72767.0
860Z200US88311,88311,33241.0
860Z200US88312,88312,128160.0
860Z200US88314,88314,
860Z200US88316,88316,73877.0
860Z200US88317,88317,104851.0
860Z200US88318,88318,74670.0
860Z200US88321,88321,76418.0
860Z200US88323,88323,
860Z200US88324,88324,
860Z200US88325,88325,87294.0
860Z200US88330,88330,71366.0
860Z200US88336,88336,37877.0
860Z200US88337,88337,69428.0
860Z200US88338,88338,89235.0
860Z200US88339,88339,101401.0
860Z200US88340,88340,53453.0
860Z200US88341,88341,97319.0
860Z200US88342,88342,
860Z200US88343,88343,
860Z200US88344,88344,115241.0
860Z200US88345,88345,67635.0
860Z200US88346,88346,42099.0
860Z200US88347,88347,
860Z200US88348,88348,82446.0
860Z200US88349,88349,
860Z200US88350,88350,
860Z200US88351,88351,40340.0
860Z200US88352,88352,67716.0
860Z200US88353,88353,38158.0
860Z200US88354,88354,
860Z200US88355,88355,41073.0
860Z200US88401,88401,56315.0
860Z200US88410,88410,84309.0
860Z200US88411,88411,68547.0
860Z200US88414,88414,79925.0
860Z200US88415,88415,108672.0
860Z200US88416,88416,42647.0
860Z200US88417,88417,62394.0
860Z200US88418,88418,77208.0
860Z200US88419,88419,111876.0
860Z200US88421,88421,
860Z200US88422,88422,58313.0
860Z200US88424,88424,63709.0
860Z200US88426,88426,39674.0
860Z200US88427,88427,73246.0
860Z200US88430,88430,40220.0
860Z200US88431,88431,
860Z200US88434,88434,85158.0
860Z200US88435,88435,107707.0
860Z200US88436,88436,67175.0
860Z200US88439,88439,
860Z200US89001,89001,102004.0
860Z200US89002,89002,122654.0
860Z200US89003,89003,40049.0
860Z200US89004,89004,94287.0
860Z200US89005,89005,103899.0
860Z200US89007,89007,135101.0
860Z200US89008,89008,65372.0
860Z200US89010,89010,68153.0
860Z200US89011,89011,128626.0
860Z200US89012,89012,138271.0
860Z200US89013,89013,96063.0
860Z200US89014,89014,95478.0
860Z200US89015,89015,90761.0
860Z200US89017,89017,
860Z200US89018,89018,69784.0
860Z200US89019,89019,70883.0
860Z200US89020,89020,58484.0
860Z200US89021,89021,114993.0
860Z200US89022,89022,
860Z200US89025,89025,88172.0
860Z200US89026,89026,
860Z200US89027,89027,87788.0
860Z200US89029,89029,61426.0
860Z200US89030,89030,59639.0
860Z200US89031,89031,97605.0
860Z200US89032,89032,88410.0
860Z200US89034,89034,106605.0
860Z200US89039,89039,47461.0
860Z200US89040,89040,106071.0
860Z200US89042,89042,95985.0
860Z200US89043,89043,83004.0
860Z200US89044,89044,138038.0
860Z200US89045,89045,105348.0
860Z200US89046,89046,45794.0
860Z200US89047,89047,85057.0
860Z200US89048,89048,74925.0
860Z200US89049,89049,54273.0
860Z200US89052,89052,137478.0
860Z200US89054,89054,36387.0
860Z200US89060,89060,75975.0
860Z200US89061,89061,87289.0
860Z200US89070,89070,
860Z200US89074,89074,116324.0
860Z200US89081,89081,100359.0
860Z200US89084,89084,113855.0
860Z200US89085,89085,129584.0
860Z200US89086,89086,101358.0
860Z200US89101,89101,55984.0
860Z200US89102,89102,73316.0
860Z200US89103,89103,68433.0
860Z200US89104,89104,66714.0
860Z200US89106,89106,63121.0
860Z200US89107,89107,80598.0
860Z200US89108,89108,70773.0
860Z200US89109,89109,130892.0
860Z200US89110,89110,71675.0
860Z200US89113,89113,119969.0
860Z200US89115,89115,60716.0
860Z200US89117,89117,99729.0
860Z200US89118,89118,94722.0
860Z200US89119,89119,61369.0
860Z200US89120,89120,101033.0
860Z200US89121,89121,74205.0
860Z200US89122,89122,71887.0
860Z200US89123,89123,110126.0
860Z200US89124,89124,159191.0
860Z200US89128,89128,94800.0
860Z200US89129,89129,120967.0
860Z200US89130,89130,101466.0
860Z200US89131,89131,135635.0
860Z200US89134,89134,122459.0
860Z200US89135,89135,185271.0
860Z200US89138,89138,207473.0
860Z200US89139,89139,117334.0
860Z200US89141,89141,151578.0
860Z200US89142,89142,80747.0
860Z200US89143,89143,121423.0
860Z200US89144,89144,160725.0
860Z200US89145,89145,100904.0
860Z200US89146,89146,89911.0
860Z200US89147,89147,96401.0
860Z200US89148,89148,112303.0
860Z200US89149,89149,123680.0
860Z200US89156,89156,79749.0
860Z200US89158,89158,208484.0
860Z200US89161,89161,95173.0
860Z200US89166,89166,120752.0
860Z200US89169,89169,53755.0
860Z200US89178,89178,124777.0
860Z200US89179,89179,121257.0
860Z200US89183,89183,108513.0
860Z200US89191,89191,
860Z200US89301,89301,86253.0
860Z200US89310,89310,58645.0
860Z200US89311,89311,68219.0
860Z200US89314,89314,48424.0
860Z200US89315,89315,
860Z200US89316,89316,98851.0
860Z200US89317,89317,33690.0
860Z200US89318,89318,67122.0
860Z200US89319,89319,53419.0
860Z200US89402,89402,776285.0
860Z200US89403,89403,99625.0
860Z200US89404,89404,
860Z200US89405,89405,
860Z200US89406,89406,91460.0
860Z200US89408,89408,100876.0
860Z200US89409,89409,70254.0
860Z200US89410,89410,103777.0
860Z200US89411,89411,178041.0
860Z200US89412,89412,
860Z200US89413,89413,300122.0
860Z200US89414,89414,
860Z200US89415,89415,63122.0
860Z200US89418,89418,31587.0
860Z200US89419,89419,77507.0
860Z200US89420,89420,
860Z200US89421,89421,45344.0
860Z200US89422,89422,61182.0
860Z200US89423,89423,119747.0
860Z200US89424,89424,49714.0
860Z200US89425,89425,68089.0
860Z200US89426,89426,114766.0
860Z200US89427,89427,56678.0
860Z200US89428,89428,112161.0
860Z200US89429,89429,85486.0
860Z200US89430,89430,126717.0
860Z200US89431,89431,78029.0
860Z200US89433,89433,87136.0
860Z200US89434,89434,108490.0
860Z200US89436,89436,129441.0
860Z200US89437,89437,
860Z200US89438,89438,
860Z200US89439,89439,142472.0
860Z200US89440,89440,111214.0
860Z200US89441,89441,150873.0
860Z200US89442,89442,86806.0
860Z200US89444,89444,70439.0
860Z200US89445,89445,98296.0
860Z200US89446,89446,
860Z200US89447,89447,66391.0
860Z200US89448,89448,235298.0
860Z200US89449,89449,163180.0
860Z200US89450,89450,
860Z200US89451,89451,253718.0
860Z200US89460,89460,110693.0
860Z200US89496,89496,
860Z200US89501,89501,65295.0
860Z200US89502,89502,77637.0
860Z200US89503,89503,86474.0
860Z200US89506,89506,102649.0
860Z200US89508,89508,102418.0
860Z200US89509,89509,123486.0
860Z200US89510,89510,119242.0
860Z200US89511,89511,186548.0
860Z200US89512,89512,59647.0
860Z200US89519,89519,234623.0
860Z200US89521,89521,148338.0
860Z200US89523,89523,127236.0
860Z200US89557,89557,19323.0
860Z200US89701,89701,98553.0
860Z200US89703,89703,108597.0
860Z200US89704,89704,127039.0
860Z200US89705,89705,102077.0
860Z200US89706,89706,76023.0
860Z200US89801,89801,104352.0
860Z200US89815,89815,121797.0
860Z200US89820,89820,97762.0
860Z200US89821,89821,71076.0
860Z200US89822,89822,81665.0
860Z200US89823,89823,88619.0
860Z200US89825,89825,75802.0
860Z200US89826,89826,
860Z200US89828,89828,60893.0
860Z200US89830,89830,47007.0
860Z200US89831,89831,
860Z200US89832,89832,56450.0
860Z200US89833,89833,79550.0
860Z200US89834,89834,106957.0
860Z200US89835,89835,76779.0
860Z200US89883,89883,64211.0
860Z200US90001,90001,75364.0
860Z200US90002,90002,71839.0
860Z200US90003,90003,68591.0
860Z200US90004,90004,108663.0
860Z200US90005,90005,81488.0
860Z200US90006,90006,67837.0
860Z200US90007,90007,56585.0
860Z200US90008,90008,87590.0
860Z200US90010,90010,130759.0
860Z200US90011,90011,71532.0
860Z200US90012,90012,95618.0
860Z200US90013,90013,82448.0
860Z200US90014,90014,75752.0
860Z200US90015,90015,103796.0
860Z200US90016,90016,104246.0
860Z200US90017,90017,72475.0
860Z200US90018,90018,83701.0
860Z200US90019,90019,105712.0
860Z200US90020,90020,95478.0
860Z200US90021,90021,105609.0
860Z200US90022,90022,83252.0
860Z200US90023,90023,70049.0
860Z200US90024,90024,165828.0
860Z200US90025,90025,150946.0
860Z200US90026,90026,121928.0
860Z200US90027,90027,133186.0
860Z200US90028,90028,84620.0
860Z200US90029,90029,87431.0
860Z200US90031,90031,94499.0
860Z200US90032,90032,104321.0
860Z200US90033,90033,68844.0
860Z200US90034,90034,137237.0
860Z200US90035,90035,171499.0
860Z200US90036,90036,147010.0
860Z200US90037,90037,74092.0
860Z200US90038,90038,89005.0
860Z200US90039,90039,157136.0
860Z200US90040,90040,89152.0
860Z200US90041,90041,159681.0
860Z200US90042,90042,125850.0
860Z200US90043,90043,96346.0
860Z200US90044,90044,70206.0
860Z200US90045,90045,175995.0
860Z200US90046,90046,149429.0
860Z200US90047,90047,90343.0
860Z200US90048,90048,173412.0
860Z200US90049,90049,282206.0
860Z200US90052,90052,
860Z200US90056,90056,178268.0
860Z200US90057,90057,58907.0
860Z200US90058,90058,55912.0
860Z200US90059,90059,72969.0
860Z200US90061,90061,82913.0
860Z200US90062,90062,87903.0
860Z200US90063,90063,86538.0
860Z200US90064,90064,206993.0
860Z200US90065,90065,140534.0
860Z200US90066,90066,162059.0
860Z200US90067,90067,210291.0
860Z200US90068,90068,175547.0
860Z200US90069,90069,184768.0
860Z200US90071,90071,
860Z200US90073,90073,
860Z200US90077,90077,377880.0
860Z200US90079,90079,
860Z200US90089,90089,
860Z200US90094,90094,214015.0
860Z200US90095,90095,
860Z200US90201,90201,69763.0
860Z200US90210,90210,350722.0
860Z200US90211,90211,182103.0
860Z200US90212,90212,202277.0
860Z200US90220,90220,90130.0
860Z200US90221,90221,85518.0
860Z200US90222,90222,86417.0
860Z200US90230,90230,161251.0
860Z200US90232,90232,189730.0
860Z200US90240,90240,138837.0
860Z200US90241,90241,112917.0
860Z200US90242,90242,105530.0
860Z200US90245,90245,187378.0
860Z200US90247,90247,94331.0
860Z200US90248,90248,111617.0
860Z200US90249,90249,102787.0
860Z200US90250,90250,100274.0
860Z200US90254,90254,235429.0
860Z200US90255,90255,76227.0
860Z200US90260,90260,101789.0
860Z200US90262,90262,85617.0
860Z200US90263,90263,
860Z200US90265,90265,292723.0
860Z200US90266,90266,290648.0
860Z200US90270,90270,73612.0
860Z200US90272,90272,374808.0
860Z200US90274,90274,324207.0
860Z200US90275,90275,230749.0
860Z200US90277,90277,184665.0
860Z200US90278,90278,192381.0
860Z200US90280,90280,86183.0
860Z200US90290,90290,214360.0
860Z200US90291,90291,188925.0
860Z200US90292,90292,181019.0
860Z200US90293,90293,179025.0
860Z200US90301,90301,80861.0
860Z200US90302,90302,89048.0
860Z200US90303,90303,92563.0
860Z200US90304,90304,80697.0
860Z200US90305,90305,110156.0
860Z200US90401,90401,164030.0
860Z200US90402,90402,329688.0
860Z200US90403,90403,171495.0
860Z200US90404,90404,127424.0
860Z200US90405,90405,176707.0
860Z200US90501,90501,129165.0
860Z200US90502,90502,115363.0
860Z200US90503,90503,146128.0
860Z200US90504,90504,133155.0
860Z200US90505,90505,147185.0
860Z200US90506,90506,
860Z200US90601,90601,122869.0
860Z200US90602,90602,95340.0
860Z200US90603,90603,144722.0
860Z200US90604,90604,117451.0
860Z200US90605,90605,119309.0
860Z200US90606,90606,110240.0
860Z200US90620,90620,139715.0
860Z200US90621,90621,113864.0
860Z200US90623,90623,152866.0
860Z200US90630,90630,152442.0
860Z200US90631,90631,132286.0
860Z200US90638,90638,125922.0
860Z200US90639,90639,
860Z200US90640,90640,98400.0
860Z200US90650,90650,114972.0
860Z200US90660,90660,108961.0
860Z200US90670,90670,123260.0
860Z200US90680,90680,115189.0
860Z200US90701,90701,111245.0
860Z200US90703,90703,164729.0
860Z200US90704,90704,114425.0
860Z200US90706,90706,93520.0
860Z200US90710,90710,108407.0
860Z200US90712,90712,140507.0
860Z200US90713,90713,147103.0
860Z200US90715,90715,111375.0
860Z200US90716,90716,86085.0
860Z200US90717,90717,120248.0
860Z200US90720,90720,197234.0
860Z200US90723,90723,88329.0
860Z200US90731,90731,98465.0
860Z200US90732,90732,150485.0
860Z200US90740,90740,127805.0
860Z200US90742,90742,154673.0
860Z200US90743,90743,153284.0
860Z200US90744,90744,83982.0
860Z200US90745,90745,129010.0
860Z200US90746,90746,131568.0
860Z200US90747,90747,
860Z200US90755,90755,129102.0
860Z200US90802,90802,95199.0
860Z200US90803,90803,150461.0
860Z200US90804,90804,87794.0
860Z200US90805,90805,87297.0
860Z200US90806,90806,100302.0
860Z200US90807,90807,127634.0
860Z200US90808,90808,154457.0
860Z200US90810,90810,100305.0
860Z200US90813,90813,66333.0
860Z200US90814,90814,126122.0
860Z200US90815,90815,155060.0
860Z200US90822,90822,
860Z200US90831,90831,
860Z200US90840,90840,
860Z200US91001,91001,185548.0
860Z200US91006,91006,175454.0
860Z200US91007,91007,146212.0
860Z200US91008,91008,253511.0
860Z200US91010,91010,116677.0
860Z200US91011,91011,316810.0
860Z200US91016,91016,125718.0
860Z200US91020,91020,98136.0
860Z200US91024,91024,193571.0
860Z200US91030,91030,189883.0
860Z200US91040,91040,128971.0
860Z200US91042,91042,110622.0
860Z200US91046,91046,66685.0
860Z200US91101,91101,112516.0
860Z200US91103,91103,138725.0
860Z200US91104,91104,135200.0
860Z200US91105,91105,230899.0
860Z200US91106,91106,151997.0
860Z200US91107,91107,168823.0
860Z200US91108,91108,282186.0
860Z200US91125,91125,
860Z200US91201,91201,109047.0
860Z200US91202,91202,134313.0
860Z200US91203,91203,100802.0
860Z200US91204,91204,92569.0
860Z200US91205,91205,83913.0
860Z200US91206,91206,122158.0
860Z200US91207,91207,166855.0
860Z200US91208,91208,166783.0
860Z200US91210,91210,234089.0
860Z200US91214,91214,171425.0
860Z200US91301,91301,228731.0
860Z200US91302,91302,281115.0
860Z200US91303,91303,91104.0
860Z200US91304,91304,117650.0
860Z200US91306,91306,112234.0
860Z200US91307,91307,181086.0
860Z200US91311,91311,145740.0
860Z200US91316,91316,142354.0
860Z200US91320,91320,185652.0
860Z200US91321,91321,122141.0
860Z200US91324,91324,125671.0
860Z200US91325,91325,128276.0
860Z200US91326,91326,183940.0
860Z200US91330,91330,
860Z200US91331,91331,98598.0
860Z200US91335,91335,102460.0
860Z200US91340,91340,106521.0
860Z200US91342,91342,111145.0
860Z200US91343,91343,108166.0
860Z200US91344,91344,145886.0
860Z200US91345,91345,110491.0
860Z200US91350,91350,160210.0
860Z200US91351,91351,128950.0
860Z200US91352,91352,96863.0
860Z200US91354,91354,178608.0
860Z200US91355,91355,141926.0
860Z200US91356,91356,172460.0
860Z200US91360,91360,146013.0
860Z200US91361,91361,216120.0
860Z200US91362,91362,184483.0
860Z200US91364,91364,185125.0
860Z200US91367,91367,143604.0
860Z200US91371,91371,
860Z200US91377,91377,216098.0
860Z200US91381,91381,178719.0
860Z200US91384,91384,151154.0
860Z200US91387,91387,139140.0
860Z200US91390,91390,171301.0
860Z200US91401,91401,104953.0
860Z200US91402,91402,78327.0
860Z200US91403,91403,183910.0
860Z200US91405,91405,82760.0
860Z200US91406,91406,103586.0
860Z200US91411,91411,107197.0
860Z200US91423,91423,170312.0
860Z200US91436,91436,285180.0
860Z200US91501,91501,122481.0
860Z200US91502,91502,86427.0
860Z200US91504,91504,156631.0
860Z200US91505,91505,133550.0
860Z200US91506,91506,150225.0
860Z200US91601,91601,101307.0
860Z200US91602,91602,145510.0
860Z200US91604,91604,222132.0
860Z200US91605,91605,87687.0
860Z200US91606,91606,87406.0
860Z200US91607,91607,117638.0
860Z200US91608,91608,
860Z200US91701,91701,134626.0
860Z200US91702,91702,103129.0
860Z200US91706,91706,96059.0
860Z200US91708,91708,114095.0
860Z200US91709,91709,149675.0
860Z200US91710,91710,122580.0
860Z200US91711,91711,157189.0
860Z200US91722,91722,113846.0
860Z200US91723,91723,106228.0
860Z200US91724,91724,131553.0
860Z200US91730,91730,109157.0
860Z200US91731,91731,76450.0
860Z200US91732,91732,87983.0
860Z200US91733,91733,85441.0
860Z200US91737,91737,156012.0
860Z200US91739,91739,182510.0
860Z200US91740,91740,119995.0
860Z200US91741,91741,168695.0
860Z200US91744,91744,109267.0
860Z200US91745,91745,133068.0
860Z200US91746,91746,106741.0
860Z200US91748,91748,118086.0
860Z200US91750,91750,134231.0
860Z200US91752,91752,129785.0
860Z200US91754,91754,110468.0
860Z200US91755,91755,100635.0
860Z200US91759,91759,109632.0
860Z200US91761,91761,115368.0
860Z200US91762,91762,100899.0
860Z200US91763,91763,94316.0
860Z200US91764,91764,88780.0
860Z200US91765,91765,137661.0
860Z200US91766,91766,94869.0
860Z200US91767,91767,100321.0
860Z200US91768,91768,91205.0
860Z200US91770,91770,92894.0
860Z200US91773,91773,135719.0
860Z200US91775,91775,149135.0
860Z200US91776,91776,99056.0
860Z200US91780,91780,130203.0
860Z200US91784,91784,182048.0
860Z200US91786,91786,108368.0
860Z200US91789,91789,155931.0
860Z200US91790,91790,124545.0
860Z200US91791,91791,125969.0
860Z200US91792,91792,112781.0
860Z200US91801,91801,112234.0
860Z200US91803,91803,110994.0
860Z200US91901,91901,136046.0
860Z200US91902,91902,160640.0
860Z200US91905,91905,84801.0
860Z200US91906,91906,88434.0
860Z200US91910,91910,111278.0
860Z200US91911,91911,100266.0
860Z200US91913,91913,156334.0
860Z200US91914,91914,175397.0
860Z200US91915,91915,147259.0
860Z200US91916,91916,134412.0
860Z200US91917,91917,119807.0
860Z200US91931,91931,60431.0
860Z200US91932,91932,103548.0
860Z200US91934,91934,51576.0
860Z200US91935,91935,155286.0
860Z200US91941,91941,142304.0
860Z200US91942,91942,105722.0
860Z200US91945,91945,98720.0
860Z200US91948,91948,66749.0
860Z200US91950,91950,78695.0
860Z200US91962,91962,142580.0
860Z200US91963,91963,58473.0
860Z200US91977,91977,117273.0
860Z200US91978,91978,135156.0
860Z200US91980,91980,
860Z200US92003,92003,158187.0
860Z200US92004,92004,93030.0
860Z200US92007,92007,207786.0
860Z200US92008,92008,151954.0
860Z200US92009,92009,214482.0
860Z200US92010,92010,146824.0
860Z200US92011,92011,188974.0
860Z200US92014,92014,264732.0
860Z200US92019,92019,129034.0
860Z200US92020,92020,99387.0
860Z200US92021,92021,99447.0
860Z200US92024,92024,207614.0
860Z200US92025,92025,109285.0
860Z200US92026,92026,125668.0
860Z200US92027,92027,108069.0
860Z200US92028,92028,125088.0
860Z200US92029,92029,154909.0
860Z200US92036,92036,99643.0
860Z200US92037,92037,210725.0
860Z200US92040,92040,125405.0
860Z200US92054,92054,105384.0
860Z200US92055,92055,
860Z200US92056,92056,124104.0
860Z200US92057,92057,129493.0
860Z200US92058,92058,87105.0
860Z200US92059,92059,117296.0
860Z200US92060,92060,161969.0
860Z200US92061,92061,114668.0
860Z200US92064,92064,179240.0
860Z200US92065,92065,144035.0
860Z200US92066,92066,61027.0
860Z200US92067,92067,348417.0
860Z200US92069,92069,116118.0
860Z200US92070,92070,99012.0
860Z200US92071,92071,125238.0
860Z200US92075,92075,209465.0
860Z200US92078,92078,144840.0
860Z200US92081,92081,128380.0
860Z200US92082,92082,150125.0
860Z200US92083,92083,113287.0
860Z200US92084,92084,124847.0
860Z200US92086,92086,83226.0
860Z200US92091,92091,193690.0
860Z200US92092,92092,
860Z200US92093,92093,
860Z200US92096,92096,
860Z200US92101,92101,121818.0
860Z200US92102,92102,89329.0
860Z200US92103,92103,142202.0
860Z200US92104,92104,117559.0
860Z200US92105,92105,83709.0
860Z200US92106,92106,177409.0
860Z200US92107,92107,145881.0
860Z200US92108,92108,118865.0
860Z200US92109,92109,153640.0
860Z200US92110,92110,119172.0
860Z200US92111,92111,113776.0
860Z200US92113,92113,73696.0
860Z200US92114,92114,106263.0
860Z200US92115,92115,99811.0
860Z200US92116,92116,125120.0
860Z200US92117,92117,134066.0
860Z200US92118,92118,202767.0
860Z200US92119,92119,141821.0
860Z200US92120,92120,148156.0
860Z200US92121,92121,162890.0
860Z200US92122,92122,132894.0
860Z200US92123,92123,134414.0
860Z200US92124,92124,135016.0
860Z200US92126,92126,148733.0
860Z200US92127,92127,242836.0
860Z200US92128,92128,157470.0
860Z200US92129,92129,185468.0
860Z200US92130,92130,261764.0
860Z200US92131,92131,219877.0
860Z200US92132,92132,
860Z200US92134,92134,
860Z200US92135,92135,
860Z200US92136,92136,
860Z200US92139,92139,110631.0
860Z200US92140,92140,
860Z200US92145,92145,
860Z200US92147,92147,
860Z200US92154,92154,106584.0
860Z200US92155,92155,
860Z200US92161,92161,
860Z200US92173,92173,82654.0
860Z200US92179,92179,
860Z200US92182,92182,
860Z200US92201,92201,89496.0
860Z200US92203,92203,125363.0
860Z200US92210,92210,281407.0
860Z200US92211,92211,122212.0
860Z200US92220,92220,82409.0
860Z200US92222,92222,
860Z200US92223,92223,117123.0
860Z200US92225,92225,69356.0
860Z200US92227,92227,83897.0
860Z200US92230,92230,92821.0
860Z200US92231,92231,72270.0
860Z200US92233,92233,57033.0
860Z200US92234,92234,91920.0
860Z200US92236,92236,81107.0
860Z200US92239,92239,66275.0
860Z200US92240,92240,68527.0
860Z200US92241,92241,63381.0
860Z200US92242,92242,60807.0
860Z200US92243,92243,77486.0
860Z200US92249,92249,81885.0
860Z200US92250,92250,82220.0
860Z200US92251,92251,98669.0
860Z200US92252,92252,84162.0
860Z200US92253,92253,148463.0
860Z200US92254,92254,59168.0
860Z200US92256,92256,75137.0
860Z200US92257,92257,42788.0
860Z200US92258,92258,54716.0
860Z200US92259,92259,30812.0
860Z200US92260,92260,114923.0
860Z200US92262,92262,114158.0
860Z200US92264,92264,123558.0
860Z200US92266,92266,28960.0
860Z200US92267,92267,
860Z200US92268,92268,85982.0
860Z200US92270,92270,173382.0
860Z200US92273,92273,67877.0
860Z200US92274,92274,55529.0
860Z200US92275,92275,47380.0
860Z200US92276,92276,87014.0
860Z200US92277,92277,74670.0
860Z200US92278,92278,
860Z200US92280,92280,
860Z200US92281,92281,53008.0
860Z200US92282,92282,72917.0
860Z200US92283,92283,51673.0
860Z200US92284,92284,76926.0
860Z200US92285,92285,59079.0
860Z200US92301,92301,77579.0
860Z200US92304,92304,
860Z200US92305,92305,146691.0
860Z200US92307,92307,98116.0
860Z200US92308,92308,84093.0
860Z200US92309,92309,60947.0
860Z200US92310,92310,76674.0
860Z200US92311,92311,75287.0
860Z200US92313,92313,101909.0
860Z200US92314,92314,93608.0
860Z200US92315,92315,112557.0
860Z200US92316,92316,96954.0
860Z200US92317,92317,80409.0
860Z200US92320,92320,106390.0
860Z200US92321,92321,135945.0
860Z200US92322,92322,129324.0
860Z200US92324,92324,81915.0
860Z200US92325,92325,90573.0
860Z200US92327,92327,33613.0
860Z200US92328,92328,102474.0
860Z200US92332,92332,44935.0
860Z200US92333,92333,118620.0
860Z200US92335,92335,86000.0
860Z200US92336,92336,136716.0
860Z200US92337,92337,115226.0
860Z200US92338,92338,
860Z200US92339,92339,96674.0
860Z200US92341,92341,99550.0
860Z200US92342,92342,141866.0
860Z200US92344,92344,137048.0
860Z200US92345,92345,80888.0
860Z200US92346,92346,114728.0
860Z200US92347,92347,51166.0
860Z200US92350,92350,
860Z200US92352,92352,156802.0
860Z200US92354,92354,113807.0
860Z200US92356,92356,60956.0
860Z200US92358,92358,92212.0
860Z200US92359,92359,96551.0
860Z200US92363,92363,68472.0
860Z200US92364,92364,
860Z200US92365,92365,63168.0
860Z200US92368,92368,81037.0
860Z200US92369,92369,
860Z200US92371,92371,91619.0
860Z200US92372,92372,120041.0
860Z200US92373,92373,152576.0
860Z200US92374,92374,116375.0
860Z200US92376,92376,92397.0
860Z200US92377,92377,125382.0
860Z200US92378,92378,77925.0
860Z200US92382,92382,98366.0
860Z200US92384,92384,
860Z200US92385,92385,116461.0
860Z200US92386,92386,64516.0
860Z200US92389,92389,43689.0
860Z200US92391,92391,68064.0
860Z200US92392,92392,104446.0
860Z200US92394,92394,116147.0
860Z200US92395,92395,76806.0
860Z200US92397,92397,115250.0
860Z200US92398,92398,78305.0
860Z200US92399,92399,115696.0
860Z200US92401,92401,60878.0
860Z200US92404,92404,80245.0
860Z200US92405,92405,71667.0
860Z200US92407,92407,108370.0
860Z200US92408,92408,80280.0
860Z200US92410,92410,67809.0
860Z200US92411,92411,74144.0
860Z200US92415,92415,
860Z200US92501,92501,97739.0
860Z200US92503,92503,115539.0
860Z200US92504,92504,108753.0
860Z200US92505,92505,102683.0
860Z200US92506,92506,151029.0
860Z200US92507,92507,89985.0
860Z200US92508,92508,162460.0
860Z200US92509,92509,113157.0
860Z200US92518,92518,86443.0
860Z200US92521,92521,
860Z200US92530,92530,106262.0
860Z200US92532,92532,133980.0
860Z200US92536,92536,105062.0
860Z200US92539,92539,83151.0
860Z200US92543,92543,68629.0
860Z200US92544,92544,86598.0
860Z200US92545,92545,81801.0
860Z200US92548,92548,77630.0
860Z200US92549,92549,122651.0
860Z200US92551,92551,100852.0
860Z200US92553,92553,84278.0
860Z200US92555,92555,132268.0
860Z200US92557,92557,107697.0
860Z200US92561,92561,132565.0
860Z200US92562,92562,140145.0
860Z200US92563,92563,141828.0
860Z200US92567,92567,126224.0
860Z200US92570,92570,94811.0
860Z200US92571,92571,101772.0
860Z200US92582,92582,116520.0
860Z200US92583,92583,76781.0
860Z200US92584,92584,133293.0
860Z200US92585,92585,114561.0
860Z200US92586,92586,69142.0
860Z200US92587,92587,130363.0
860Z200US92590,92590,176740.0
860Z200US92591,92591,124741.0
860Z200US92592,92592,156617.0
860Z200US92595,92595,117964.0
860Z200US92596,92596,142033.0
860Z200US92602,92602,185730.0
860Z200US92603,92603,226728.0
860Z200US92604,92604,156672.0
860Z200US92606,92606,161340.0
860Z200US92610,92610,196646.0
860Z200US92612,92612,121999.0
860Z200US92614,92614,148256.0
860Z200US92617,92617,134336.0
860Z200US92618,92618,178073.0
860Z200US92620,92620,185970.0
860Z200US92624,92624,173947.0
860Z200US92625,92625,290327.0
860Z200US92626,92626,147593.0
860Z200US92627,92627,147692.0
860Z200US92629,92629,184882.0
860Z200US92630,92630,155556.0
860Z200US92637,92637,78479.0
860Z200US92646,92646,163888.0
860Z200US92647,92647,129383.0
860Z200US92648,92648,166505.0
860Z200US92649,92649,164623.0
860Z200US92651,92651,242232.0
860Z200US92653,92653,185437.0
860Z200US92655,92655,87118.0
860Z200US92656,92656,165007.0
860Z200US92657,92657,295487.0
860Z200US92660,92660,253488.0
860Z200US92661,92661,273897.0
860Z200US92662,92662,226757.0
860Z200US92663,92663,203153.0
860Z200US92672,92672,162856.0
860Z200US92673,92673,225406.0
860Z200US92675,92675,172826.0
860Z200US92676,92676,177792.0
860Z200US92677,92677,191269.0
860Z200US92678,92678,121555.0
860Z200US92679,92679,261579.0
860Z200US92683,92683,109217.0
860Z200US92688,92688,167986.0
860Z200US92691,92691,161176.0
860Z200US92692,92692,171280.0
860Z200US92694,92694,225848.0
860Z200US92697,92697,
860Z200US92701,92701,86536.0
860Z200US92703,92703,101249.0
860Z200US92704,92704,117593.0
860Z200US92705,92705,186894.0
860Z200US92706,92706,120696.0
860Z200US92707,92707,117218.0
860Z200US92708,92708,141527.0
860Z200US92780,92780,125797.0
860Z200US92782,92782,186946.0
860Z200US92801,92801,92003.0
860Z200US92802,92802,102183.0
860Z200US92804,92804,95059.0
860Z200US92805,92805,104096.0
860Z200US92806,92806,123326.0
860Z200US92807,92807,167999.0
860Z200US92808,92808,185751.0
860Z200US92821,92821,144486.0
860Z200US92823,92823,193734.0
860Z200US92831,92831,127997.0
860Z200US92832,92832,109688.0
860Z200US92833,92833,139907.0
860Z200US92835,92835,184333.0
860Z200US92840,92840,114102.0
860Z200US92841,92841,98495.0
860Z200US92843,92843,100808.0
860Z200US92844,92844,92628.0
860Z200US92845,92845,151441.0
860Z200US92860,92860,143269.0
860Z200US92861,92861,272401.0
860Z200US92865,92865,145794.0
860Z200US92866,92866,124353.0
860Z200US92867,92867,167980.0
860Z200US92868,92868,108175.0
860Z200US92869,92869,187064.0
860Z200US92870,92870,138818.0
860Z200US92879,92879,112580.0
860Z200US92880,92880,168505.0
860Z200US92881,92881,161124.0
860Z200US92882,92882,122041.0
860Z200US92883,92883,159800.0
860Z200US92886,92886,187585.0
860Z200US92887,92887,206252.0
860Z200US93001,93001,116350.0
860Z200US93003,93003,126182.0
860Z200US93004,93004,132168.0
860Z200US93010,93010,147475.0
860Z200US93012,93012,166272.0
860Z200US93013,93013,166646.0
860Z200US93015,93015,109643.0
860Z200US93021,93021,173391.0
860Z200US93022,93022,127298.0
860Z200US93023,93023,141407.0
860Z200US93030,93030,105389.0
860Z200US93033,93033,101505.0
860Z200US93035,93035,135397.0
860Z200US93036,93036,115864.0
860Z200US93040,93040,125687.0
860Z200US93041,93041,92578.0
860Z200US93042,93042,
860Z200US93043,93043,
860Z200US93060,93060,101050.0
860Z200US93063,93063,149654.0
860Z200US93064,93064,
860Z200US93065,93065,149428.0
860Z200US93066,93066,300257.0
860Z200US93067,93067,139006.0
860Z200US93101,93101,116465.0
860Z200US93103,93103,153628.0
860Z200US93105,93105,185698.0
860Z200US93106,93106,84024.0
860Z200US93108,93108,321885.0
860Z200US93109,93109,171756.0
860Z200US93110,93110,168883.0
860Z200US93111,93111,189365.0
860Z200US93117,93117,116763.0
860Z200US93201,93201,54588.0
860Z200US93202,93202,75739.0
860Z200US93203,93203,65005.0
860Z200US93204,93204,62422.0
860Z200US93205,93205,40623.0
860Z200US93206,93206,64157.0
860Z200US93207,93207,119274.0
860Z200US93208,93208,63800.0
860Z200US93210,93210,84903.0
860Z200US93212,93212,66025.0
860Z200US93215,93215,76251.0
860Z200US93218,93218,86370.0
860Z200US93219,93219,59132.0
860Z200US93220,93220,
860Z200US93221,93221,126721.0
860Z200US93222,93222,80966.0
860Z200US93223,93223,65483.0
860Z200US93224,93224,74317.0
860Z200US93225,93225,84148.0
860Z200US93226,93226,99679.0
860Z200US93227,93227,
860Z200US93230,93230,90951.0
860Z200US93234,93234,62900.0
860Z200US93235,93235,73636.0
860Z200US93237,93237,62640.0
860Z200US93238,93238,72434.0
860Z200US93239,93239,54877.0
860Z200US93240,93240,49259.0
860Z200US93241,93241,45587.0
860Z200US93242,93242,75002.0
860Z200US93243,93243,69238.0
860Z200US93244,93244,123785.0
860Z200US93245,93245,92938.0
860Z200US93246,93246,
860Z200US93247,93247,73809.0
860Z200US93249,93249,52960.0
860Z200US93250,93250,63717.0
860Z200US93251,93251,72858.0
860Z200US93252,93252,59969.0
860Z200US93254,93254,71179.0
860Z200US93255,93255,53634.0
860Z200US93256,93256,75684.0
860Z200US93257,93257,76336.0
860Z200US93258,93258,61603.0
860Z200US93260,93260,70745.0
860Z200US93261,93261,49632.0
860Z200US93262,93262,
860Z200US93263,93263,81417.0
860Z200US93265,93265,132302.0
860Z200US93266,93266,93878.0
860Z200US93267,93267,68906.0
860Z200US93268,93268,74032.0
860Z200US93270,93270,104261.0
860Z200US93271,93271,117356.0
860Z200US93272,93272,71809.0
860Z200US93274,93274,89541.0
860Z200US93276,93276,69267.0
860Z200US93277,93277,97031.0
860Z200US93280,93280,73392.0
860Z200US93283,93283,49441.0
860Z200US93285,93285,61583.0
860Z200US93286,93286,64632.0
860Z200US93287,93287,72158.0
860Z200US93291,93291,106429.0
860Z200US93292,93292,105772.0
860Z200US93301,93301,69229.0
860Z200US93304,93304,67937.0
860Z200US93305,93305,58609.0
860Z200US93306,93306,89305.0
860Z200US93307,93307,67001.0
860Z200US93308,93308,81878.0
860Z200US93309,93309,78593.0
860Z200US93311,93311,156373.0
860Z200US93312,93312,134523.0
860Z200US93313,93313,110020.0
860Z200US93314,93314,164837.0
860Z200US93401,93401,134299.0
860Z200US93402,93402,124153.0
860Z200US93405,93405,89036.0
860Z200US93407,93407,
860Z200US93408,93408,
860Z200US93409,93409,
860Z200US93410,93410,
860Z200US93420,93420,125934.0
860Z200US93422,93422,147172.0
860Z200US93424,93424,280278.0
860Z200US93426,93426,134816.0
860Z200US93427,93427,129152.0
860Z200US93428,93428,113872.0
860Z200US93429,93429,91422.0
860Z200US93430,93430,109469.0
860Z200US93432,93432,162691.0
860Z200US93433,93433,104524.0
860Z200US93434,93434,88998.0
860Z200US93436,93436,95663.0
860Z200US93437,93437,87475.0
860Z200US93440,93440,77870.0
860Z200US93441,93441,173431.0
860Z200US93442,93442,125041.0
860Z200US93444,93444,127281.0
860Z200US93445,93445,89437.0
860Z200US93446,93446,125773.0
860Z200US93449,93449,143198.0
860Z200US93450,93450,103208.0
860Z200US93451,93451,113320.0
860Z200US93452,93452,51925.0
860Z200US93453,93453,119402.0
860Z200US93454,93454,101595.0
860Z200US93455,93455,136211.0
860Z200US93458,93458,90085.0
860Z200US93460,93460,205002.0
860Z200US93461,93461,95506.0
860Z200US93463,93463,175347.0
860Z200US93465,93465,152918.0
860Z200US93501,93501,67011.0
860Z200US93505,93505,70806.0
860Z200US93510,93510,137549.0
860Z200US93512,93512,50223.0
860Z200US93513,93513,86551.0
860Z200US93514,93514,98198.0
860Z200US93516,93516,93672.0
860Z200US93517,93517,93191.0
860Z200US93518,93518,83193.0
860Z200US93519,93519,
860Z200US93522,93522,
860Z200US93523,93523,78518.0
860Z200US93524,93524,
860Z200US93526,93526,80079.0
860Z200US93527,93527,89782.0
860Z200US93528,93528,
860Z200US93529,93529,68866.0
860Z200US93530,93530,
860Z200US93531,93531,122447.0
860Z200US93532,93532,105346.0
860Z200US93534,93534,73384.0
860Z200US93535,93535,83934.0
860Z200US93536,93536,121380.0
860Z200US93541,93541,104201.0
860Z200US93543,93543,87139.0
860Z200US93544,93544,89407.0
860Z200US93545,93545,99179.0
860Z200US93546,93546,125954.0
860Z200US93549,93549,73713.0
860Z200US93550,93550,76944.0
860Z200US93551,93551,133105.0
860Z200US93552,93552,101544.0
860Z200US93553,93553,80960.0
860Z200US93554,93554,37883.0
860Z200US93555,93555,105140.0
860Z200US93558,93558,
860Z200US93560,93560,92086.0
860Z200US93561,93561,106887.0
860Z200US93562,93562,74080.0
860Z200US93563,93563,167098.0
860Z200US93581,93581,
860Z200US93591,93591,83284.0
860Z200US93601,93601,96999.0
860Z200US93602,93602,101004.0
860Z200US93603,93603,69700.0
860Z200US93604,93604,186708.0
860Z200US93605,93605,95803.0
860Z200US93606,93606,53308.0
860Z200US93608,93608,52174.0
860Z200US93609,93609,91043.0
860Z200US93610,93610,89661.0
860Z200US93611,93611,139881.0
860Z200US93612,93612,80903.0
860Z200US93614,93614,95121.0
860Z200US93615,93615,78650.0
860Z200US93616,93616,69991.0
860Z200US93618,93618,81681.0
860Z200US93619,93619,167449.0
860Z200US93620,93620,64460.0
860Z200US93621,93621,130305.0
860Z200US93622,93622,56979.0
860Z200US93623,93623,
860Z200US93624,93624,47045.0
860Z200US93625,93625,90638.0
860Z200US93626,93626,159019.0
860Z200US93627,93627,72087.0
860Z200US93628,93628,42311.0
860Z200US93630,93630,85260.0
860Z200US93631,93631,101266.0
860Z200US93633,93633,
860Z200US93634,93634,
860Z200US93635,93635,83904.0
860Z200US93636,93636,148117.0
860Z200US93637,93637,106785.0
860Z200US93638,93638,79052.0
860Z200US93640,93640,57444.0
860Z200US93641,93641,40767.0
860Z200US93643,93643,73542.0
860Z200US93644,93644,95932.0
860Z200US93645,93645,98613.0
860Z200US93646,93646,60815.0
860Z200US93647,93647,66281.0
860Z200US93648,93648,66416.0
860Z200US93650,93650,54857.0
860Z200US93651,93651,105951.0
860Z200US93652,93652,55890.0
860Z200US93653,93653,132922.0
860Z200US93654,93654,88123.0
860Z200US93656,93656,76739.0
860Z200US93657,93657,97082.0
860Z200US93660,93660,72093.0
860Z200US93662,93662,73106.0
860Z200US93664,93664,127311.0
860Z200US93665,93665,
860Z200US93666,93666,49670.0
860Z200US93667,93667,84263.0
860Z200US93668,93668,82751.0
860Z200US93669,93669,73243.0
860Z200US93670,93670,
860Z200US93673,93673,69842.0
860Z200US93675,93675,111033.0
860Z200US93701,93701,42845.0
860Z200US93702,93702,59101.0
860Z200US93703,93703,60128.0
860Z200US93704,93704,97896.0
860Z200US93705,93705,74057.0
860Z200US93706,93706,63723.0
860Z200US93710,93710,81300.0
860Z200US93711,93711,137843.0
860Z200US93720,93720,130832.0
860Z200US93721,93721,48808.0
860Z200US93722,93722,97073.0
860Z200US93723,93723,128920.0
860Z200US93725,93725,89503.0
860Z200US93726,93726,65674.0
860Z200US93727,93727,101961.0
860Z200US93728,93728,78700.0
860Z200US93730,93730,218293.0
860Z200US93737,93737,129030.0
860Z200US93740,93740,
860Z200US93741,93741,
860Z200US93901,93901,110461.0
860Z200US93905,93905,93219.0
860Z200US93906,93906,117482.0
860Z200US93907,93907,141155.0
860Z200US93908,93908,217890.0
860Z200US93920,93920,108348.0
860Z200US93921,93921,126524.0
860Z200US93923,93923,230137.0
860Z200US93924,93924,222077.0
860Z200US93925,93925,97977.0
860Z200US93926,93926,98921.0
860Z200US93927,93927,92340.0
860Z200US93928,93928,
860Z200US93930,93930,88040.0
860Z200US93932,93932,92643.0
860Z200US93933,93933,116185.0
860Z200US93940,93940,151085.0
860Z200US93943,93943,
860Z200US93944,93944,
860Z200US93950,93950,142943.0
860Z200US93953,93953,276082.0
860Z200US93954,93954,66451.0
860Z200US93955,93955,102663.0
860Z200US93960,93960,100921.0
860Z200US93962,93962,156564.0
860Z200US94002,94002,256668.0
860Z200US94005,94005,260165.0
860Z200US94010,94010,304931.0
860Z200US94014,94014,138516.0
860Z200US94015,94015,153286.0
860Z200US94018,94018,252655.0
860Z200US94019,94019,220245.0
860Z200US94020,94020,270683.0
860Z200US94021,94021,263636.0
860Z200US94022,94022,407675.0
860Z200US94024,94024,424309.0
860Z200US94025,94025,346798.0
860Z200US94027,94027,618416.0
860Z200US94028,94028,445629.0
860Z200US94030,94030,210044.0
860Z200US94037,94037,259909.0
860Z200US94038,94038,159208.0
860Z200US94040,94040,260929.0
860Z200US94041,94041,223786.0
860Z200US94043,94043,245017.0
860Z200US94044,94044,186129.0
860Z200US94060,94060,141513.0
860Z200US94061,94061,204793.0
860Z200US94062,94062,367175.0
860Z200US94063,94063,164663.0
860Z200US94065,94065,281506.0
860Z200US94066,94066,168441.0
860Z200US94070,94070,336471.0
860Z200US94074,94074,364969.0
860Z200US94080,94080,175310.0
860Z200US94085,94085,238495.0
860Z200US94086,94086,232194.0
860Z200US94087,94087,279474.0
860Z200US94089,94089,209183.0
860Z200US94102,94102,113263.0
860Z200US94103,94103,170311.0
860Z200US94104,94104,163354.0
860Z200US94105,94105,347293.0
860Z200US94107,94107,235705.0
860Z200US94108,94108,114335.0
860Z200US94109,94109,173745.0
860Z200US94110,94110,224198.0
860Z200US94111,94111,195560.0
860Z200US94112,94112,177328.0
860Z200US94114,94114,272979.0
860Z200US94115,94115,219027.0
860Z200US94116,94116,204139.0
860Z200US94117,94117,244214.0
860Z200US94118,94118,235834.0
860Z200US94121,94121,192421.0
860Z200US94122,94122,186478.0
860Z200US94123,94123,312481.0
860Z200US94124,94124,128016.0
860Z200US94127,94127,293010.0
860Z200US94128,94128,
860Z200US94129,94129,279532.0
860Z200US94130,94130,140427.0
860Z200US94131,94131,261966.0
860Z200US94132,94132,161421.0
860Z200US94133,94133,156055.0
860Z200US94134,94134,145557.0
860Z200US94158,94158,267800.0
860Z200US94188,94188,
860Z200US94301,94301,342198.0
860Z200US94303,94303,223571.0
860Z200US94304,94304,252961.0
860Z200US94305,94305,163783.0
860Z200US94306,94306,276816.0
860Z200US94401,94401,157656.0
860Z200US94402,94402,261492.0
860Z200US94403,94403,224540.0
860Z200US94404,94404,233361.0
860Z200US94501,94501,174665.0
860Z200US94502,94502,221783.0
860Z200US94503,94503,151494.0
860Z200US94505,94505,174656.0
860Z200US94506,94506,341620.0
860Z200US94507,94507,403890.0
860Z200US94508,94508,171337.0
860Z200US94509,94509,107855.0
860Z200US94510,94510,150931.0
860Z200US94511,94511,92308.0
860Z200US94512,94512,28328.0
860Z200US94513,94513,171056.0
860Z200US94514,94514,120183.0
860Z200US94515,94515,169598.0
860Z200US94516,94516,159700.0
860Z200US94517,94517,192765.0
860Z200US94518,94518,140691.0
860Z200US94519,94519,142290.0
860Z200US94520,94520,99863.0
860Z200US94521,94521,150882.0
860Z200US94523,94523,170866.0
860Z200US94525,94525,135351.0
860Z200US94526,94526,279061.0
860Z200US94528,94528,285808.0
860Z200US94530,94530,174428.0
860Z200US94531,94531,148492.0
860Z200US94533,94533,107272.0
860Z200US94534,94534,169945.0
860Z200US94535,94535,95382.0
860Z200US94536,94536,189812.0
860Z200US94538,94538,173843.0
860Z200US94539,94539,278088.0
860Z200US94541,94541,127046.0
860Z200US94542,94542,177257.0
860Z200US94544,94544,131657.0
860Z200US94545,94545,145612.0
860Z200US94546,94546,156642.0
860Z200US94547,94547,155359.0
860Z200US94548,94548,181199.0
860Z200US94549,94549,318555.0
860Z200US94550,94550,229239.0
860Z200US94551,94551,158250.0
860Z200US94552,94552,218478.0
860Z200US94553,94553,149886.0
860Z200US94555,94555,250911.0
860Z200US94556,94556,262685.0
860Z200US94558,94558,148624.0
860Z200US94559,94559,139982.0
860Z200US94560,94560,207090.0
860Z200US94561,94561,140119.0
860Z200US94562,94562,
860Z200US94563,94563,370280.0
860Z200US94564,94564,139720.0
860Z200US94565,94565,118714.0
860Z200US94566,94566,248717.0
860Z200US94567,94567,102242.0
860Z200US94568,94568,237655.0
860Z200US94569,94569,49289.0
860Z200US94571,94571,98598.0
860Z200US94572,94572,109716.0
860Z200US94573,94573,151856.0
860Z200US94574,94574,243572.0
860Z200US94575,94575,
860Z200US94576,94576,149155.0
860Z200US94577,94577,139504.0
860Z200US94578,94578,106972.0
860Z200US94579,94579,120550.0
860Z200US94580,94580,133247.0
860Z200US94582,94582,253323.0
860Z200US94583,94583,216412.0
860Z200US94585,94585,110474.0
860Z200US94586,94586,264108.0
860Z200US94587,94587,173278.0
860Z200US94588,94588,230312.0
860Z200US94589,94589,111872.0
860Z200US94590,94590,87368.0
860Z200US94591,94591,130540.0
860Z200US94592,94592,147461.0
860Z200US94595,94595,152766.0
860Z200US94596,94596,190348.0
860Z200US94597,94597,161865.0
860Z200US94598,94598,239529.0
860Z200US94599,94599,130936.0
860Z200US94601,94601,91260.0
860Z200US94602,94602,178838.0
860Z200US94603,94603,88642.0
860Z200US94605,94605,141515.0
860Z200US94606,94606,101296.0
860Z200US94607,94607,131425.0
860Z200US94608,94608,152549.0
860Z200US94609,94609,162264.0
860Z200US94610,94610,178103.0
860Z200US94611,94611,246706.0
860Z200US94612,94612,115981.0
860Z200US94613,94613,
860Z200US94618,94618,270996.0
860Z200US94619,94619,176111.0
860Z200US94621,94621,76246.0
860Z200US94702,94702,150396.0
860Z200US94703,94703,160152.0
860Z200US94704,94704,88180.0
860Z200US94705,94705,227991.0
860Z200US94706,94706,183096.0
860Z200US94707,94707,259015.0
860Z200US94708,94708,269343.0
860Z200US94709,94709,136474.0
860Z200US94710,94710,156926.0
860Z200US94720,94720,106426.0
860Z200US94801,94801,103328.0
860Z200US94803,94803,153352.0
860Z200US94804,94804,108807.0
860Z200US94805,94805,140990.0
860Z200US94806,94806,102717.0
860Z200US94901,94901,181659.0
860Z200US94903,94903,183711.0
860Z200US94904,94904,278308.0
860Z200US94920,94920,397596.0
860Z200US94922,94922,146007.0
860Z200US94923,94923,152686.0
860Z200US94924,94924,183548.0
860Z200US94925,94925,294416.0
860Z200US94928,94928,121709.0
860Z200US94929,94929,436288.0
860Z200US94930,94930,182461.0
860Z200US94931,94931,126038.0
860Z200US94933,94933,158422.0
860Z200US94937,94937,171898.0
860Z200US94938,94938,153615.0
860Z200US94939,94939,239679.0
860Z200US94940,94940,292346.0
860Z200US94941,94941,295554.0
860Z200US94945,94945,159262.0
860Z200US94946,94946,284335.0
860Z200US94947,94947,172082.0
860Z200US94949,94949,177979.0
860Z200US94950,94950,
860Z200US94951,94951,158109.0
860Z200US94952,94952,154846.0
860Z200US94954,94954,139166.0
860Z200US94956,94956,112805.0
860Z200US94957,94957,481836.0
860Z200US94960,94960,261935.0
860Z200US94963,94963,301074.0
860Z200US94964,94964,
860Z200US94965,94965,210798.0
860Z200US94970,94970,133395.0
860Z200US94971,94971,349496.0
860Z200US94972,94972,
860Z200US94973,94973,208783.0
860Z200US95002,95002,154429.0
860Z200US95003,95003,191854.0
860Z200US95004,95004,180136.0
860Z200US95005,95005,145256.0
860Z200US95006,95006,158631.0
860Z200US95007,95007,201171.0
860Z200US95008,95008,203185.0
860Z200US95010,95010,133522.0
860Z200US95012,95012,93884.0
860Z200US95013,95013,
860Z200US95014,95014,292163.0
860Z200US95017,95017,134982.0
860Z200US95018,95018,155106.0
860Z200US95019,95019,85972.0
860Z200US95020,95020,167067.0
860Z200US95023,95023,136448.0
860Z200US95030,95030,387645.0
860Z200US95032,95032,298868.0
860Z200US95033,95033,251103.0
860Z200US95035,95035,209038.0
860Z200US95037,95037,202098.0
860Z200US95039,95039,97612.0
860Z200US95041,95041,157796.0
860Z200US95043,95043,263789.0
860Z200US95045,95045,130857.0
860Z200US95046,95046,206853.0
860Z200US95050,95050,183123.0
860Z200US95051,95051,235882.0
860Z200US95053,95053,
860Z200US95054,95054,243928.0
860Z200US95060,95060,156522.0
860Z200US95062,95062,145237.0
860Z200US95064,95064,120255.0
860Z200US95065,95065,190488.0
860Z200US95066,95066,196628.0
860Z200US95070,95070,345618.0
860Z200US95073,95073,157561.0
860Z200US95075,95075,161379.0
860Z200US95076,95076,119183.0
860Z200US95110,95110,168720.0
860Z200US95111,95111,126443.0
860Z200US95112,95112,125850.0
860Z200US95113,95113,162060.0
860Z200US95116,95116,115856.0
860Z200US95117,95117,157108.0
860Z200US95118,95118,198300.0
860Z200US95119,95119,194039.0
860Z200US95120,95120,317049.0
860Z200US95121,95121,165705.0
860Z200US95122,95122,131288.0
860Z200US95123,95123,170881.0
860Z200US95124,95124,239329.0
860Z200US95125,95125,239713.0
860Z200US95126,95126,168767.0
860Z200US95127,95127,161125.0
860Z200US95128,95128,173618.0
860Z200US95129,95129,236400.0
860Z200US95130,95130,208269.0
860Z200US95131,95131,206040.0
860Z200US95132,95132,207690.0
860Z200US95133,95133,169092.0
860Z200US95134,95134,219495.0
860Z200US95135,95135,244123.0
860Z200US95136,95136,182203.0
860Z200US95138,95138,272393.0
860Z200US95139,95139,193040.0
860Z200US95140,95140,231306.0
860Z200US95148,95148,193846.0
860Z200US95202,95202,41757.0
860Z200US95203,95203,76539.0
860Z200US95204,95204,91381.0
860Z200US95205,95205,73552.0
860Z200US95206,95206,95816.0
860Z200US95207,95207,90969.0
860Z200US95209,95209,124615.0
860Z200US95210,95210,83179.0
860Z200US95211,95211,
860Z200US95212,95212,122512.0
860Z200US95215,95215,89826.0
860Z200US95219,95219,141924.0
860Z200US95220,95220,152151.0
860Z200US95221,95221,62454.0
860Z200US95222,95222,88086.0
860Z200US95223,95223,133368.0
860Z200US95224,95224,57328.0
860Z200US95225,95225,140337.0
860Z200US95226,95226,
860Z200US95227,95227,146038.0
860Z200US95228,95228,128322.0
860Z200US95230,95230,117680.0
860Z200US95231,95231,88601.0
860Z200US95232,95232,72871.0
860Z200US95233,95233,61679.0
860Z200US95236,95236,111978.0
860Z200US95237,95237,115844.0
860Z200US95240,95240,96969.0
860Z200US95242,95242,125790.0
860Z200US95245,95245,101484.0
860Z200US95246,95246,89380.0
860Z200US95247,95247,104537.0
860Z200US95248,95248,
860Z200US95249,95249,75461.0
860Z200US95251,95251,92200.0
860Z200US95252,95252,108798.0
860Z200US95253,95253,108966.0
860Z200US95254,95254,86827.0
860Z200US95255,95255,71877.0
860Z200US95257,95257,102260.0
860Z200US95258,95258,126974.0
860Z200US95301,95301,105289.0
860Z200US95303,95303,163024.0
860Z200US95304,95304,169819.0
860Z200US95305,95305,66738.0
860Z200US95306,95306,89114.0
860Z200US95307,95307,91890.0
860Z200US95309,95309,
860Z200US95310,95310,73559.0
860Z200US95311,95311,88908.0
860Z200US95312,95312,108547.0
860Z200US95313,95313,102658.0
860Z200US95315,95315,87965.0
860Z200US95316,95316,114843.0
860Z200US95317,95317,97841.0
860Z200US95318,95318,69685.0
860Z200US95319,95319,61254.0
860Z200US95320,95320,128015.0
860Z200US95321,95321,103759.0
860Z200US95322,95322,76524.0
860Z200US95323,95323,112857.0
860Z200US95324,95324,95944.0
860Z200US95325,95325,
860Z200US95326,95326,105580.0
860Z200US95327,95327,82542.0
860Z200US95328,95328,61964.0
860Z200US95329,95329,97099.0
860Z200US95330,95330,135893.0
860Z200US95333,95333,74551.0
860Z200US95334,95334,87666.0
860Z200US95335,95335,61611.0
860Z200US95336,95336,107635.0
860Z200US95337,95337,131046.0
860Z200US95338,95338,87807.0
860Z200US95340,95340,98998.0
860Z200US95341,95341,69269.0
860Z200US95345,95345,72182.0
860Z200US95346,95346,137231.0
860Z200US95348,95348,81559.0
860Z200US95350,95350,93197.0
860Z200US95351,95351,73405.0
860Z200US95354,95354,85694.0
860Z200US95355,95355,106803.0
860Z200US95356,95356,136406.0
860Z200US95357,95357,122201.0
860Z200US95358,95358,98952.0
860Z200US95360,95360,94211.0
860Z200US95361,95361,115007.0
860Z200US95363,95363,112487.0
860Z200US95364,95364,
860Z200US95365,95365,61640.0
860Z200US95366,95366,145849.0
860Z200US95367,95367,113372.0
860Z200US95368,95368,119537.0
860Z200US95369,95369,84543.0
860Z200US95370,95370,99205.0
860Z200US95372,95372,97829.0
860Z200US95374,95374,59617.0
860Z200US95375,95375,
860Z200US95376,95376,122321.0
860Z200US95377,95377,177199.0
860Z200US95379,95379,87426.0
860Z200US95380,95380,89540.0
860Z200US95382,95382,118585.0
860Z200US95383,95383,118022.0
860Z200US95385,95385,72516.0
860Z200US95386,95386,94395.0
860Z200US95387,95387,59098.0
860Z200US95388,95388,80105.0
860Z200US95389,95389,66365.0
860Z200US95391,95391,186273.0
860Z200US95401,95401,123867.0
860Z200US95403,95403,120614.0
860Z200US95404,95404,148453.0
860Z200US95405,95405,151323.0
860Z200US95407,95407,99766.0
860Z200US95409,95409,144952.0
860Z200US95410,95410,56197.0
860Z200US95412,95412,115362.0
860Z200US95415,95415,94843.0
860Z200US95417,95417,
860Z200US95419,95419,132484.0
860Z200US95420,95420,165832.0
860Z200US95421,95421,111689.0
860Z200US95422,95422,56985.0
860Z200US95423,95423,75227.0
860Z200US95425,95425,137124.0
860Z200US95426,95426,91948.0
860Z200US95427,95427,116089.0
860Z200US95428,95428,61403.0
860Z200US95429,95429,18817.0
860Z200US95430,95430,
860Z200US95431,95431,
860Z200US95432,95432,76227.0
860Z200US95435,95435,
860Z200US95436,95436,123531.0
860Z200US95437,95437,83390.0
860Z200US95439,95439,133926.0
860Z200US95441,95441,186383.0
860Z200US95442,95442,254697.0
860Z200US95443,95443,
860Z200US95444,95444,291898.0
860Z200US95445,95445,121225.0
860Z200US95446,95446,115659.0
860Z200US95448,95448,155806.0
860Z200US95449,95449,90048.0
860Z200US95450,95450,112248.0
860Z200US95451,95451,98878.0
860Z200US95452,95452,226774.0
860Z200US95453,95453,101064.0
860Z200US95454,95454,41472.0
860Z200US95456,95456,96843.0
860Z200US95457,95457,113420.0
860Z200US95458,95458,59380.0
860Z200US95459,95459,109009.0
860Z200US95460,95460,104754.0
860Z200US95461,95461,116571.0
860Z200US95462,95462,108261.0
860Z200US95463,95463,
860Z200US95464,95464,62304.0
860Z200US95465,95465,155357.0
860Z200US95466,95466,88117.0
860Z200US95467,95467,98551.0
860Z200US95468,95468,126163.0
860Z200US95469,95469,85138.0
860Z200US95470,95470,106800.0
860Z200US95471,95471,91210.0
860Z200US95472,95472,146505.0
860Z200US95476,95476,151776.0
860Z200US95480,95480,
860Z200US95482,95482,93321.0
860Z200US95485,95485,96386.0
860Z200US95486,95486,
860Z200US95488,95488,77296.0
860Z200US95490,95490,92549.0
860Z200US95492,95492,155920.0
860Z200US95493,95493,96588.0
860Z200US95494,95494,112666.0
860Z200US95497,95497,155091.0
860Z200US95501,95501,81784.0
860Z200US95503,95503,103865.0
860Z200US95511,95511,
860Z200US95514,95514,
860Z200US95519,95519,90201.0
860Z200US95521,95521,74613.0
860Z200US95524,95524,131219.0
860Z200US95525,95525,85133.0
860Z200US95526,95526,74404.0
860Z200US95527,95527,77741.0
860Z200US95528,95528,100082.0
860Z200US95531,95531,87998.0
860Z200US95536,95536,97140.0
860Z200US95537,95537,70449.0
860Z200US95538,95538,79488.0
860Z200US95540,95540,87655.0
860Z200US95542,95542,68476.0
860Z200US95543,95543,57290.0
860Z200US95545,95545,178803.0
860Z200US95546,95546,74400.0
860Z200US95547,95547,128729.0
860Z200US95548,95548,64731.0
860Z200US95549,95549,121828.0
860Z200US95550,95550,96111.0
860Z200US95551,95551,92349.0
860Z200US95552,95552,53671.0
860Z200US95553,95553,40455.0
860Z200US95554,95554,58522.0
860Z200US95555,95555,63677.0
860Z200US95556,95556,84349.0
860Z200US95558,95558,62128.0
860Z200US95559,95559,
860Z200US95560,95560,46569.0
860Z200US95562,95562,58398.0
860Z200US95563,95563,73230.0
860Z200US95564,95564,82894.0
860Z200US95565,95565,97218.0
860Z200US95567,95567,88530.0
860Z200US95568,95568,115953.0
860Z200US95569,95569,101865.0
860Z200US95570,95570,110214.0
860Z200US95571,95571,
860Z200US95573,95573,54703.0
860Z200US95585,95585,49934.0
860Z200US95587,95587,
860Z200US95589,95589,49787.0
860Z200US95595,95595,204103.0
860Z200US95601,95601,100928.0
860Z200US95602,95602,137815.0
860Z200US95603,95603,117589.0
860Z200US95604,95604,
860Z200US95605,95605,91816.0
860Z200US95606,95606,220759.0
860Z200US95607,95607,164440.0
860Z200US95608,95608,116337.0
860Z200US95610,95610,95015.0
860Z200US95612,95612,153441.0
860Z200US95613,95613,
860Z200US95614,95614,144918.0
860Z200US95615,95615,75953.0
860Z200US95616,95616,116644.0
860Z200US95618,95618,151189.0
860Z200US95619,95619,92666.0
860Z200US95620,95620,120793.0
860Z200US95621,95621,91018.0
860Z200US95623,95623,117989.0
860Z200US95624,95624,143182.0
860Z200US95625,95625,105769.0
860Z200US95626,95626,107444.0
860Z200US95627,95627,117339.0
860Z200US95628,95628,137388.0
860Z200US95629,95629,97500.0
860Z200US95630,95630,169650.0
860Z200US95631,95631,110669.0
860Z200US95632,95632,123251.0
860Z200US95633,95633,118119.0
860Z200US95634,95634,90782.0
860Z200US95635,95635,89430.0
860Z200US95636,95636,109592.0
860Z200US95637,95637,143028.0
860Z200US95638,95638,109894.0
860Z200US95639,95639,81487.0
860Z200US95640,95640,108874.0
860Z200US95641,95641,85724.0
860Z200US95642,95642,108871.0
860Z200US95645,95645,66818.0
860Z200US95646,95646,143840.0
860Z200US95648,95648,138449.0
860Z200US95650,95650,203928.0
860Z200US95651,95651,199350.0
860Z200US95652,95652,47063.0
860Z200US95653,95653,56799.0
860Z200US95655,95655,134947.0
860Z200US95658,95658,161199.0
860Z200US95659,95659,128046.0
860Z200US95660,95660,82925.0
860Z200US95661,95661,134755.0
860Z200US95662,95662,114637.0
860Z200US95663,95663,167009.0
860Z200US95664,95664,106576.0
860Z200US95665,95665,101614.0
860Z200US95666,95666,98045.0
860Z200US95667,95667,116734.0
860Z200US95668,95668,123373.0
860Z200US95669,95669,113554.0
860Z200US95670,95670,111897.0
860Z200US95671,95671,
860Z200US95672,95672,172072.0
860Z200US95673,95673,117734.0
860Z200US95674,95674,132764.0
860Z200US95675,95675,
860Z200US95676,95676,58057.0
860Z200US95677,95677,134974.0
860Z200US95678,95678,122320.0
860Z200US95679,95679,175067.0
860Z200US95680,95680,
860Z200US95681,95681,95242.0
860Z200US95682,95682,152449.0
860Z200US95683,95683,159459.0
860Z200US95684,95684,108020.0
860Z200US95685,95685,88797.0
860Z200US95686,95686,65303.0
860Z200US95687,95687,126757.0
860Z200US95688,95688,145229.0
860Z200US95689,95689,138888.0
860Z200US95690,95690,106745.0
860Z200US95691,95691,124695.0
860Z200US95692,95692,114712.0
860Z200US95693,95693,161098.0
860Z200US95694,95694,138693.0
860Z200US95695,95695,111256.0
860Z200US95697,95697,39159.0
860Z200US95698,95698,133106.0
860Z200US95699,95699,560113.0
860Z200US95701,95701,164439.0
860Z200US95703,95703,131286.0
860Z200US95709,95709,125584.0
860Z200US95713,95713,112175.0
860Z200US95714,95714,91609.0
860Z200US95715,95715,163806.0
860Z200US95717,95717,48316.0
860Z200US95720,95720,128920.0
860Z200US95721,95721,
860Z200US95722,95722,159519.0
860Z200US95726,95726,110026.0
860Z200US95728,95728,157632.0
860Z200US95735,95735,105339.0
860Z200US95736,95736,117610.0
860Z200US95742,95742,180150.0
860Z200US95746,95746,238142.0
860Z200US95747,95747,158396.0
860Z200US95757,95757,157501.0
860Z200US95758,95758,127543.0
860Z200US95762,95762,213340.0
860Z200US95765,95765,163310.0
860Z200US95776,95776,129118.0
860Z200US95811,95811,106474.0
860Z200US95814,95814,78016.0
860Z200US95815,95815,79683.0
860Z200US95816,95816,125209.0
860Z200US95817,95817,92082.0
860Z200US95818,95818,152614.0
860Z200US95819,95819,169541.0
860Z200US95820,95820,91539.0
860Z200US95821,95821,89358.0
860Z200US95822,95822,98955.0
860Z200US95823,95823,81040.0
860Z200US95824,95824,73743.0
860Z200US95825,95825,78073.0
860Z200US95826,95826,93987.0
860Z200US95827,95827,94835.0
860Z200US95828,95828,96032.0
860Z200US95829,95829,134540.0
860Z200US95830,95830,179244.0
860Z200US95831,95831,127796.0
860Z200US95832,95832,87978.0
860Z200US95833,95833,112752.0
860Z200US95834,95834,115913.0
860Z200US95835,95835,137244.0
860Z200US95837,95837,188130.0
860Z200US95838,95838,81280.0
860Z200US95841,95841,86988.0
860Z200US95842,95842,78405.0
860Z200US95843,95843,113600.0
860Z200US95864,95864,181399.0
860Z200US95901,95901,84837.0
860Z200US95903,95903,68998.0
860Z200US95910,95910,
860Z200US95912,95912,108332.0
860Z200US95913,95913,112492.0
860Z200US95914,95914,116374.0
860Z200US95915,95915,
860Z200US95916,95916,59975.0
860Z200US95917,95917,88371.0
860Z200US95918,95918,110368.0
860Z200US95919,95919,63556.0
860Z200US95920,95920,113701.0
860Z200US95922,95922,56124.0
860Z200US95923,95923,85337.0
860Z200US95925,95925,66447.0
860Z200US95926,95926,88182.0
860Z200US95928,95928,99801.0
860Z200US95929,95929,
860Z200US95930,95930,122359.0
860Z200US95932,95932,86504.0
860Z200US95934,95934,21816.0
860Z200US95935,95935,67869.0
860Z200US95936,95936,102647.0
860Z200US95937,95937,100940.0
860Z200US95938,95938,135674.0
860Z200US95939,95939,53915.0
860Z200US95941,95941,71844.0
860Z200US95942,95942,188717.0
860Z200US95943,95943,101183.0
860Z200US95944,95944,
860Z200US95945,95945,83745.0
860Z200US95946,95946,112850.0
860Z200US95947,95947,139209.0
860Z200US95948,95948,92199.0
860Z200US95949,95949,117963.0
860Z200US95950,95950,50384.0
860Z200US95951,95951,87463.0
860Z200US95953,95953,90087.0
860Z200US95954,95954,78810.0
860Z200US95955,95955,89684.0
860Z200US95956,95956,80730.0
860Z200US95957,95957,101621.0
860Z200US95958,95958,
860Z200US95959,95959,111285.0
860Z200US95960,95960,57633.0
860Z200US95961,95961,106251.0
860Z200US95962,95962,81028.0
860Z200US95963,95963,86311.0
860Z200US95965,95965,76091.0
860Z200US95966,95966,86648.0
860Z200US95968,95968,61901.0
860Z200US95969,95969,90541.0
860Z200US95970,95970,104600.0
860Z200US95971,95971,97812.0
860Z200US95972,95972,
860Z200US95973,95973,117155.0
860Z200US95974,95974,58129.0
860Z200US95975,95975,80703.0
860Z200US95977,95977,103518.0
860Z200US95978,95978,76026.0
860Z200US95979,95979,61769.0
860Z200US95981,95981,
860Z200US95982,95982,109069.0
860Z200US95983,95983,66467.0
860Z200US95984,95984,46810.0
860Z200US95986,95986,72540.0
860Z200US95987,95987,100137.0
860Z200US95988,95988,87364.0
860Z200US95991,95991,87503.0
860Z200US95993,95993,118883.0
860Z200US96001,96001,102971.0
860Z200US96002,96002,96758.0
860Z200US96003,96003,91545.0
860Z200US96006,96006,50560.0
860Z200US96007,96007,81324.0
860Z200US96008,96008,111568.0
860Z200US96009,96009,103932.0
860Z200US96010,96010,
860Z200US96011,96011,44790.0
860Z200US96013,96013,68135.0
860Z200US96014,96014,85489.0
860Z200US96015,96015,60093.0
860Z200US96016,96016,54267.0
860Z200US96017,96017,56732.0
860Z200US96019,96019,74116.0
860Z200US96020,96020,126065.0
860Z200US96021,96021,71709.0
860Z200US96022,96022,106773.0
860Z200US96023,96023,46075.0
860Z200US96024,96024,67210.0
860Z200US96025,96025,76675.0
860Z200US96027,96027,78010.0
860Z200US96028,96028,79551.0
860Z200US96029,96029,76694.0
860Z200US96031,96031,34656.0
860Z200US96032,96032,85533.0
860Z200US96033,96033,73268.0
860Z200US96034,96034,78162.0
860Z200US96035,96035,75257.0
860Z200US96037,96037,
860Z200US96038,96038,61898.0
860Z200US96039,96039,50418.0
860Z200US96040,96040,102382.0
860Z200US96041,96041,72848.0
860Z200US96044,96044,64988.0
860Z200US96046,96046,
860Z200US96047,96047,161336.0
860Z200US96048,96048,64878.0
860Z200US96050,96050,50365.0
860Z200US96051,96051,66488.0
860Z200US96052,96052,77256.0
860Z200US96054,96054,105339.0
860Z200US96055,96055,74640.0
860Z200US96056,96056,212622.0
860Z200US96057,96057,64160.0
860Z200US96058,96058,60687.0
860Z200US96059,96059,152203.0
860Z200US96061,96061,
860Z200US96062,96062,124990.0
860Z200US96063,96063,86485.0
860Z200US96064,96064,75777.0
860Z200US96065,96065,119011.0
860Z200US96067,96067,81717.0
860Z200US96068,96068,36717.0
860Z200US96069,96069,86434.0
860Z200US96071,96071,
860Z200US96073,96073,160114.0
860Z200US96074,96074,69378.0
860Z200US96075,96075,59573.0
860Z200US96076,96076,29981.0
860Z200US96078,96078,
860Z200US96080,96080,105889.0
860Z200US96084,96084,70458.0
860Z200US96085,96085,108125.0
860Z200US96086,96086,72326.0
860Z200US96087,96087,162033.0
860Z200US96088,96088,88708.0
860Z200US96090,96090,73848.0
860Z200US96091,96091,85644.0
860Z200US96092,96092,78951.0
860Z200US96093,96093,97068.0
860Z200US96094,96094,91717.0
860Z200US96096,96096,103138.0
860Z200US96097,96097,73233.0
860Z200US96101,96101,74069.0
860Z200US96103,96103,99946.0
860Z200US96104,96104,70160.0
860Z200US96105,96105,92806.0
860Z200US96106,96106,67988.0
860Z200US96107,96107,64985.0
860Z200US96108,96108,135569.0
860Z200US96109,96109,61085.0
860Z200US96110,96110,74771.0
860Z200US96111,96111,
860Z200US96112,96112,57547.0
860Z200US96113,96113,70125.0
860Z200US96114,96114,84523.0
860Z200US96115,96115,74822.0
860Z200US96116,96116,
860Z200US96117,96117,85543.0
860Z200US96118,96118,87695.0
860Z200US96119,96119,
860Z200US96120,96120,160552.0
860Z200US96121,96121,69767.0
860Z200US96122,96122,60863.0
860Z200US96123,96123,57719.0
860Z200US96124,96124,158267.0
860Z200US96125,96125,95929.0
860Z200US96126,96126,55971.0
860Z200US96128,96128,96805.0
860Z200US96129,96129,151655.0
860Z200US96130,96130,85395.0
860Z200US96132,96132,49288.0
860Z200US96133,96133,49825.0
860Z200US96134,96134,67037.0
860Z200US96135,96135,
860Z200US96136,96136,
860Z200US96137,96137,80407.0
860Z200US96140,96140,208678.0
860Z200US96141,96141,204192.0
860Z200US96142,96142,111314.0
860Z200US96143,96143,94598.0
860Z200US96145,96145,167658.0
860Z200US96146,96146,197155.0
860Z200US96148,96148,94647.0
860Z200US96150,96150,128072.0
860Z200US96155,96155,
860Z200US96161,96161,190864.0
860Z200US96701,96701,136285.0
860Z200US96703,96703,98386.0
860Z200US96704,96704,139939.0
860Z200US96705,96705,129352.0
860Z200US96706,96706,139623.0
860Z200US96707,96707,147519.0
860Z200US96708,96708,117223.0
860Z200US96710,96710,93043.0
860Z200US96712,96712,140046.0
860Z200US96713,96713,65600.0
860Z200US96714,96714,140126.0
860Z200US96716,96716,111648.0
860Z200US96717,96717,123359.0
860Z200US96719,96719,106414.0
860Z200US96720,96720,106053.0
860Z200US96722,96722,149228.0
860Z200US96725,96725,111878.0
860Z200US96726,96726,
860Z200US96727,96727,93111.0
860Z200US96728,96728,107125.0
860Z200US96729,96729,79482.0
860Z200US96730,96730,122215.0
860Z200US96731,96731,102519.0
860Z200US96732,96732,116758.0
860Z200US96734,96734,166738.0
860Z200US96737,96737,57344.0
860Z200US96738,96738,104869.0
860Z200US96740,96740,127761.0
860Z200US96741,96741,142326.0
860Z200US96742,96742,67936.0
860Z200US96743,96743,127917.0
860Z200US96744,96744,155130.0
860Z200US96746,96746,123944.0
860Z200US96747,96747,127029.0
860Z200US96748,96748,93859.0
860Z200US96749,96749,94147.0
860Z200US96750,96750,122877.0
860Z200US96751,96751,
860Z200US96752,96752,92677.0
860Z200US96753,96753,130761.0
860Z200US96754,96754,123311.0
860Z200US96755,96755,137276.0
860Z200US96756,96756,138113.0
860Z200US96757,96757,80270.0
860Z200US96759,96759,
860Z200US96760,96760,83839.0
860Z200US96761,96761,153260.0
860Z200US96762,96762,122819.0
860Z200US96763,96763,103233.0
860Z200US96764,96764,70639.0
860Z200US96765,96765,99742.0
860Z200US96766,96766,121581.0
860Z200US96768,96768,137519.0
860Z200US96769,96769,62113.0
860Z200US96770,96770,82553.0
860Z200US96771,96771,72100.0
860Z200US96772,96772,77281.0
860Z200US96773,96773,68416.0
860Z200US96774,96774,87433.0
860Z200US96776,96776,100151.0
860Z200US96777,96777,76708.0
860Z200US96778,96778,55067.0
860Z200US96779,96779,139588.0
860Z200US96780,96780,61604.0
860Z200US96781,96781,109429.0
860Z200US96782,96782,130143.0
860Z200US96783,96783,91760.0
860Z200US96785,96785,83325.0
860Z200US96786,96786,101851.0
860Z200US96789,96789,145206.0
860Z200US96790,96790,128317.0
860Z200US96791,96791,122696.0
860Z200US96792,96792,100977.0
860Z200US96793,96793,127225.0
860Z200US96795,96795,163221.0
860Z200US96796,96796,100149.0
860Z200US96797,96797,132659.0
860Z200US96813,96813,127015.0
860Z200US96814,96814,105655.0
860Z200US96815,96815,105398.0
860Z200US96816,96816,154705.0
860Z200US96817,96817,113357.0
860Z200US96818,96818,118356.0
860Z200US96819,96819,141264.0
860Z200US96820,96820,
860Z200US96821,96821,232927.0
860Z200US96822,96822,134210.0
860Z200US96825,96825,179030.0
860Z200US96826,96826,83247.0
860Z200US96848,96848,
860Z200US96850,96850,
860Z200US96853,96853,
860Z200US96857,96857,
860Z200US96858,96858,
860Z200US96859,96859,
860Z200US96860,96860,
860Z200US96863,96863,
860Z200US97001,97001,47267.0
860Z200US97002,97002,92782.0
860Z200US97003,97003,112802.0
860Z200US97004,97004,134155.0
860Z200US97005,97005,96192.0
860Z200US97006,97006,122992.0
860Z200US97007,97007,151136.0
860Z200US97008,97008,112998.0
860Z200US97009,97009,132657.0
860Z200US97011,97011,148097.0
860Z200US97013,97013,118739.0
860Z200US97014,97014,91137.0
860Z200US97015,97015,108185.0
860Z200US97016,97016,89527.0
860Z200US97017,97017,105060.0
860Z200US97018,97018,101592.0
860Z200US97019,97019,124181.0
860Z200US97020,97020,94006.0
860Z200US97021,97021,89230.0
860Z200US97022,97022,90436.0
860Z200US97023,97023,90036.0
860Z200US97024,97024,96311.0
860Z200US97026,97026,117928.0
860Z200US97027,97027,113084.0
860Z200US97028,97028,84420.0
860Z200US97029,97029,54574.0
860Z200US97030,97030,79719.0
860Z200US97031,97031,123653.0
860Z200US97032,97032,116097.0
860Z200US97033,97033,70816.0
860Z200US97034,97034,236778.0
860Z200US97035,97035,172703.0
860Z200US97037,97037,83628.0
860Z200US97038,97038,110223.0
860Z200US97039,97039,84098.0
860Z200US97040,97040,98467.0
860Z200US97041,97041,99285.0
860Z200US97042,97042,123636.0
860Z200US97045,97045,121106.0
860Z200US97048,97048,94944.0
860Z200US97049,97049,108655.0
860Z200US97050,97050,63185.0
860Z200US97051,97051,93948.0
860Z200US97053,97053,124702.0
860Z200US97054,97054,91463.0
860Z200US97055,97055,117460.0
860Z200US97056,97056,116207.0
860Z200US97057,97057,19940.0
860Z200US97058,97058,93121.0
860Z200US97060,97060,96777.0
860Z200US97062,97062,129930.0
860Z200US97063,97063,73742.0
860Z200US97064,97064,87377.0
860Z200US97065,97065,81803.0
860Z200US97067,97067,99052.0
860Z200US97068,97068,198188.0
860Z200US97070,97070,126654.0
860Z200US97071,97071,96941.0
860Z200US97078,97078,105140.0
860Z200US97080,97080,119282.0
860Z200US97086,97086,138723.0
860Z200US97089,97089,137856.0
860Z200US97101,97101,126002.0
860Z200US97102,97102,157625.0
860Z200US97103,97103,92467.0
860Z200US97106,97106,134182.0
860Z200US97107,97107,84164.0
860Z200US97108,97108,85459.0
860Z200US97109,97109,226749.0
860Z200US97110,97110,113881.0
860Z200US97111,97111,126062.0
860Z200US97112,97112,71852.0
860Z200US97113,97113,116284.0
860Z200US97114,97114,116521.0
860Z200US97115,97115,124825.0
860Z200US97116,97116,105070.0
860Z200US97117,97117,138379.0
860Z200US97118,97118,70619.0
860Z200US97119,97119,130942.0
860Z200US97121,97121,75331.0
860Z200US97122,97122,68363.0
860Z200US97123,97123,128070.0
860Z200US97124,97124,140250.0
860Z200US97125,97125,195503.0
860Z200US97127,97127,99490.0
860Z200US97128,97128,93646.0
860Z200US97130,97130,129341.0
860Z200US97131,97131,83913.0
860Z200US97132,97132,126128.0
860Z200US97133,97133,150459.0
860Z200US97134,97134,75035.0
860Z200US97135,97135,83762.0
860Z200US97136,97136,84943.0
860Z200US97137,97137,137067.0
860Z200US97138,97138,93244.0
860Z200US97140,97140,153687.0
860Z200US97141,97141,84090.0
860Z200US97144,97144,101030.0
860Z200US97145,97145,105980.0
860Z200US97146,97146,93257.0
860Z200US97147,97147,55633.0
860Z200US97148,97148,109472.0
860Z200US97149,97149,74109.0
860Z200US97201,97201,115229.0
860Z200US97202,97202,135586.0
860Z200US97203,97203,101097.0
860Z200US97204,97204,42256.0
860Z200US97205,97205,105059.0
860Z200US97206,97206,116767.0
860Z200US97208,97208,
860Z200US97209,97209,123335.0
860Z200US97210,97210,141211.0
860Z200US97211,97211,134049.0
860Z200US97212,97212,175760.0
860Z200US97213,97213,130023.0
860Z200US97214,97214,118878.0
860Z200US97215,97215,143103.0
860Z200US97216,97216,87728.0
860Z200US97217,97217,123579.0
860Z200US97218,97218,96313.0
860Z200US97219,97219,167319.0
860Z200US97220,97220,88994.0
860Z200US97221,97221,225884.0
860Z200US97222,97222,98004.0
860Z200US97223,97223,126549.0
860Z200US97224,97224,126879.0
860Z200US97225,97225,165620.0
860Z200US97227,97227,111161.0
860Z200US97229,97229,198124.0
860Z200US97230,97230,93480.0
860Z200US97231,97231,190069.0
860Z200US97232,97232,107201.0
860Z200US97233,97233,70762.0
860Z200US97236,97236,90255.0
860Z200US97239,97239,146019.0
860Z200US97258,97258,
860Z200US97266,97266,90978.0
860Z200US97267,97267,102545.0
860Z200US97301,97301,70317.0
860Z200US97302,97302,109912.0
860Z200US97303,97303,96537.0
860Z200US97304,97304,120880.0
860Z200US97305,97305,78775.0
860Z200US97306,97306,109925.0
860Z200US97310,97310,
860Z200US97317,97317,94632.0
860Z200US97321,97321,111883.0
860Z200US97322,97322,82823.0
860Z200US97324,97324,84936.0
860Z200US97325,97325,114665.0
860Z200US97326,97326,107065.0
860Z200US97327,97327,102335.0
860Z200US97329,97329,54514.0
860Z200US97330,97330,99478.0
860Z200US97331,97331,
860Z200US97333,97333,93899.0
860Z200US97335,97335,113561.0
860Z200US97336,97336,
860Z200US97338,97338,100548.0
860Z200US97341,97341,80790.0
860Z200US97342,97342,87651.0
860Z200US97343,97343,150436.0
860Z200US97344,97344,68625.0
860Z200US97345,97345,76681.0
860Z200US97346,97346,90250.0
860Z200US97347,97347,50849.0
860Z200US97348,97348,121886.0
860Z200US97350,97350,61075.0
860Z200US97351,97351,92918.0
860Z200US97352,97352,118030.0
860Z200US97355,97355,79502.0
860Z200US97357,97357,46696.0
860Z200US97358,97358,117158.0
860Z200US97360,97360,73066.0
860Z200US97361,97361,89062.0
860Z200US97362,97362,81752.0
860Z200US97364,97364,75103.0
860Z200US97365,97365,85268.0
860Z200US97366,97366,98214.0
860Z200US97367,97367,91094.0
860Z200US97368,97368,79237.0
860Z200US97369,97369,75249.0
860Z200US97370,97370,107264.0
860Z200US97371,97371,57292.0
860Z200US97373,97373,
860Z200US97374,97374,112896.0
860Z200US97375,97375,104433.0
860Z200US97376,97376,62690.0
860Z200US97377,97377,121207.0
860Z200US97378,97378,98790.0
860Z200US97380,97380,83356.0
860Z200US97381,97381,104645.0
860Z200US97383,97383,107233.0
860Z200US97384,97384,
860Z200US97385,97385,96648.0
860Z200US97386,97386,84312.0
860Z200US97388,97388,93972.0
860Z200US97389,97389,113939.0
860Z200US97390,97390,65703.0
860Z200US97391,97391,73232.0
860Z200US97392,97392,142199.0
860Z200US97394,97394,74215.0
860Z200US97396,97396,79521.0
860Z200US97401,97401,77586.0
860Z200US97402,97402,72635.0
860Z200US97403,97403,93270.0
860Z200US97404,97404,96547.0
860Z200US97405,97405,125557.0
860Z200US97406,97406,85048.0
860Z200US97408,97408,134176.0
860Z200US97410,97410,97542.0
860Z200US97411,97411,71688.0
860Z200US97412,97412,106685.0
860Z200US97413,97413,83610.0
860Z200US97414,97414,36217.0
860Z200US97415,97415,88353.0
860Z200US97416,97416,77000.0
860Z200US97417,97417,55569.0
860Z200US97419,97419,94267.0
860Z200US97420,97420,77048.0
860Z200US97423,97423,68009.0
860Z200US97424,97424,85261.0
860Z200US97426,97426,100069.0
860Z200US97429,97429,65634.0
860Z200US97430,97430,68978.0
860Z200US97431,97431,82132.0
860Z200US97432,97432,31334.0
860Z200US97434,97434,59001.0
860Z200US97435,97435,79478.0
860Z200US97436,97436,77152.0
860Z200US97437,97437,96195.0
860Z200US97438,97438,121886.0
860Z200US97439,97439,78442.0
860Z200US97441,97441,98991.0
860Z200US97442,97442,54598.0
860Z200US97443,97443,91081.0
860Z200US97444,97444,88988.0
860Z200US97446,97446,88569.0
860Z200US97447,97447,74524.0
860Z200US97448,97448,109062.0
860Z200US97449,97449,74153.0
860Z200US97450,97450,76420.0
860Z200US97451,97451,97258.0
860Z200US97452,97452,104852.0
860Z200US97453,97453,66970.0
860Z200US97454,97454,138447.0
860Z200US97455,97455,135441.0
860Z200US97456,97456,87180.0
860Z200US97457,97457,68453.0
860Z200US97458,97458,64620.0
860Z200US97459,97459,100057.0
860Z200US97461,97461,101311.0
860Z200US97462,97462,76392.0
860Z200US97463,97463,53818.0
860Z200US97465,97465,53270.0
860Z200US97466,97466,58225.0
860Z200US97467,97467,77314.0
860Z200US97469,97469,70026.0
860Z200US97470,97470,68536.0
860Z200US97471,97471,97853.0
860Z200US97473,97473,52365.0
860Z200US97476,97476,37122.0
860Z200US97477,97477,73300.0
860Z200US97478,97478,93741.0
860Z200US97479,97479,82361.0
860Z200US97480,97480,65616.0
860Z200US97481,97481,85512.0
860Z200US97484,97484,59384.0
860Z200US97486,97486,96644.0
860Z200US97487,97487,95391.0
860Z200US97488,97488,82938.0
860Z200US97489,97489,78711.0
860Z200US97490,97490,116414.0
860Z200US97492,97492,51920.0
860Z200US97493,97493,96126.0
860Z200US97494,97494,
860Z200US97495,97495,92717.0
860Z200US97496,97496,65357.0
860Z200US97497,97497,62577.0
860Z200US97498,97498,88425.0
860Z200US97499,97499,75562.0
860Z200US97501,97501,74618.0
860Z200US97502,97502,100168.0
860Z200US97503,97503,79783.0
860Z200US97504,97504,105426.0
860Z200US97520,97520,102474.0
860Z200US97522,97522,65346.0
860Z200US97523,97523,70482.0
860Z200US97524,97524,97403.0
860Z200US97525,97525,89141.0
860Z200US97526,97526,77966.0
860Z200US97527,97527,93785.0
860Z200US97530,97530,137408.0
860Z200US97531,97531,
860Z200US97532,97532,89667.0
860Z200US97534,97534,40293.0
860Z200US97535,97535,81343.0
860Z200US97536,97536,63642.0
860Z200US97537,97537,104653.0
860Z200US97538,97538,60705.0
860Z200US97539,97539,64560.0
860Z200US97540,97540,81199.0
860Z200US97541,97541,60359.0
860Z200US97543,97543,98526.0
860Z200US97544,97544,76945.0
860Z200US97601,97601,77904.0
860Z200US97603,97603,79473.0
860Z200US97604,97604,
860Z200US97620,97620,61148.0
860Z200US97621,97621,231333.0
860Z200US97622,97622,29452.0
860Z200US97623,97623,87748.0
860Z200US97624,97624,66275.0
860Z200US97625,97625,139630.0
860Z200US97626,97626,27312.0
860Z200US97627,97627,78701.0
860Z200US97630,97630,81239.0
860Z200US97632,97632,72143.0
860Z200US97633,97633,73950.0
860Z200US97634,97634,67835.0
860Z200US97635,97635,117009.0
860Z200US97636,97636,60062.0
860Z200US97637,97637,63094.0
860Z200US97638,97638,83677.0
860Z200US97639,97639,
860Z200US97640,97640,66370.0
860Z200US97641,97641,43976.0
860Z200US97701,97701,100818.0
860Z200US97702,97702,125722.0
860Z200US97703,97703,173883.0
860Z200US97707,97707,114033.0
860Z200US97709,97709,
860Z200US97710,97710,58350.0
860Z200US97711,97711,110778.0
860Z200US97712,97712,
860Z200US97720,97720,55013.0
860Z200US97721,97721,79293.0
860Z200US97722,97722,67390.0
860Z200US97730,97730,105812.0
860Z200US97731,97731,76000.0
860Z200US97732,97732,30804.0
860Z200US97733,97733,58010.0
860Z200US97734,97734,98594.0
860Z200US97735,97735,114301.0
860Z200US97736,97736,146813.0
860Z200US97737,97737,232683.0
860Z200US97738,97738,86335.0
860Z200US97739,97739,72938.0
860Z200US97741,97741,85660.0
860Z200US97750,97750,65884.0
860Z200US97751,97751,
860Z200US97752,97752,
860Z200US97753,97753,177356.0
860Z200US97754,97754,89416.0
860Z200US97756,97756,100149.0
860Z200US97758,97758,58983.0
860Z200US97759,97759,127350.0
860Z200US97760,97760,111122.0
860Z200US97761,97761,80616.0
860Z200US97801,97801,87361.0
860Z200US97810,97810,94524.0
860Z200US97812,97812,93036.0
860Z200US97813,97813,101625.0
860Z200US97814,97814,81587.0
860Z200US97817,97817,
860Z200US97818,97818,86488.0
860Z200US97819,97819,48686.0
860Z200US97820,97820,88256.0
860Z200US97823,97823,63671.0
860Z200US97824,97824,141859.0
860Z200US97825,97825,67840.0
860Z200US97826,97826,81648.0
860Z200US97827,97827,83247.0
860Z200US97828,97828,94680.0
860Z200US97830,97830,81534.0
860Z200US97833,97833,117381.0
860Z200US97834,97834,59207.0
860Z200US97835,97835,128221.0
860Z200US97836,97836,97304.0
860Z200US97837,97837,27990.0
860Z200US97838,97838,94824.0
860Z200US97839,97839,94374.0
860Z200US97840,97840,109330.0
860Z200US97841,97841,130404.0
860Z200US97842,97842,45379.0
860Z200US97843,97843,116102.0
860Z200US97844,97844,78039.0
860Z200US97845,97845,79842.0
860Z200US97846,97846,78289.0
860Z200US97848,97848,65018.0
860Z200US97850,97850,75573.0
860Z200US97856,97856,73883.0
860Z200US97857,97857,74331.0
860Z200US97859,97859,69463.0
860Z200US97862,97862,70135.0
860Z200US97864,97864,57099.0
860Z200US97865,97865,74127.0
860Z200US97867,97867,99950.0
860Z200US97868,97868,95706.0
860Z200US97869,97869,69467.0
860Z200US97870,97870,64463.0
860Z200US97873,97873,71578.0
860Z200US97874,97874,61104.0
860Z200US97875,97875,75685.0
860Z200US97876,97876,113630.0
860Z200US97877,97877,44272.0
860Z200US97880,97880,66339.0
860Z200US97882,97882,76060.0
860Z200US97883,97883,71289.0
860Z200US97884,97884,70835.0
860Z200US97885,97885,76189.0
860Z200US97886,97886,90598.0
860Z200US97901,97901,75893.0
860Z200US97902,97902,55113.0
860Z200US97903,97903,79407.0
860Z200US97904,97904,65788.0
860Z200US97905,97905,129914.0
860Z200US97906,97906,102189.0
860Z200US97907,97907,59782.0
860Z200US97908,97908,119425.0
860Z200US97909,97909,
860Z200US97910,97910,77589.0
860Z200US97911,97911,41519.0
860Z200US97913,97913,63720.0
860Z200US97914,97914,67349.0
860Z200US97917,97917,96625.0
860Z200US97918,97918,72608.0
860Z200US97920,97920,23825.0
860Z200US98001,98001,127106.0
860Z200US98002,98002,87790.0
860Z200US98003,98003,89267.0
860Z200US98004,98004,260065.0
860Z200US98005,98005,230456.0
860Z200US98006,98006,254916.0
860Z200US98007,98007,162375.0
860Z200US98008,98008,227886.0
860Z200US98010,98010,179381.0
860Z200US98011,98011,155378.0
860Z200US98012,98012,167152.0
860Z200US98014,98014,187726.0
860Z200US98019,98019,189085.0
860Z200US98020,98020,190041.0
860Z200US98021,98021,206422.0
860Z200US98022,98022,141958.0
860Z200US98023,98023,124331.0
860Z200US98024,98024,170601.0
860Z200US98025,98025,
860Z200US98026,98026,156573.0
860Z200US98027,98027,200481.0
860Z200US98028,98028,179437.0
860Z200US98029,98029,222537.0
860Z200US98030,98030,109324.0
860Z200US98031,98031,122466.0
860Z200US98032,98032,108605.0
860Z200US98033,98033,258223.0
860Z200US98034,98034,170175.0
860Z200US98036,98036,119407.0
860Z200US98037,98037,120875.0
860Z200US98038,98038,165244.0
860Z200US98039,98039,459352.0
860Z200US98040,98040,303425.0
860Z200US98042,98042,153784.0
860Z200US98043,98043,125976.0
860Z200US98045,98045,206505.0
860Z200US98047,98047,104133.0
860Z200US98050,98050,
860Z200US98051,98051,137174.0
860Z200US98052,98052,210914.0
860Z200US98053,98053,263865.0
860Z200US98055,98055,121445.0
860Z200US98056,98056,142083.0
860Z200US98057,98057,96023.0
860Z200US98058,98058,134892.0
860Z200US98059,98059,187124.0
860Z200US98065,98065,230124.0
860Z200US98068,98068,128904.0
860Z200US98070,98070,151619.0
860Z200US98072,98072,212788.0
860Z200US98074,98074,280141.0
860Z200US98075,98075,318921.0
860Z200US98077,98077,250456.0
860Z200US98087,98087,122180.0
860Z200US98092,98092,139975.0
860Z200US98101,98101,165196.0
860Z200US98102,98102,158102.0
860Z200US98103,98103,179625.0
860Z200US98104,98104,92004.0
860Z200US98105,98105,157426.0
860Z200US98106,98106,138448.0
860Z200US98107,98107,174744.0
860Z200US98108,98108,135555.0
860Z200US98109,98109,178679.0
860Z200US98110,98110,228970.0
860Z200US98112,98112,272609.0
860Z200US98115,98115,196414.0
860Z200US98116,98116,181620.0
860Z200US98117,98117,229779.0
860Z200US98118,98118,148842.0
860Z200US98119,98119,176316.0
860Z200US98121,98121,171413.0
860Z200US98122,98122,157427.0
860Z200US98125,98125,137738.0
860Z200US98126,98126,150137.0
860Z200US98133,98133,124438.0
860Z200US98134,98134,71374.0
860Z200US98136,98136,185083.0
860Z200US98144,98144,153441.0
860Z200US98146,98146,131501.0
860Z200US98148,98148,115170.0
860Z200US98154,98154,
860Z200US98155,98155,163272.0
860Z200US98158,98158,
860Z200US98164,98164,389962.0
860Z200US98166,98166,152946.0
860Z200US98168,98168,106199.0
860Z200US98174,98174,
860Z200US98177,98177,207386.0
860Z200US98178,98178,134659.0
860Z200US98188,98188,95322.0
860Z200US98195,98195,
860Z200US98198,98198,107473.0
860Z200US98199,98199,220625.0
860Z200US98201,98201,99511.0
860Z200US98203,98203,119911.0
860Z200US98204,98204,83672.0
860Z200US98207,98207,
860Z200US98208,98208,133911.0
860Z200US98220,98220,126004.0
860Z200US98221,98221,123167.0
860Z200US98222,98222,136234.0
860Z200US98223,98223,120664.0
860Z200US98224,98224,117500.0
860Z200US98225,98225,90337.0
860Z200US98226,98226,103181.0
860Z200US98229,98229,119427.0
860Z200US98230,98230,102742.0
860Z200US98232,98232,134898.0
860Z200US98233,98233,97928.0
860Z200US98235,98235,58768.0
860Z200US98236,98236,129371.0
860Z200US98237,98237,88151.0
860Z200US98238,98238,
860Z200US98239,98239,102720.0
860Z200US98240,98240,132647.0
860Z200US98241,98241,80923.0
860Z200US98243,98243,197420.0
860Z200US98244,98244,95420.0
860Z200US98245,98245,121384.0
860Z200US98247,98247,95841.0
860Z200US98248,98248,124082.0
860Z200US98249,98249,117153.0
860Z200US98250,98250,142206.0
860Z200US98251,98251,87860.0
860Z200US98252,98252,112711.0
860Z200US98253,98253,106303.0
860Z200US98255,98255,56993.0
860Z200US98256,98256,87243.0
860Z200US98257,98257,115765.0
860Z200US98258,98258,140741.0
860Z200US98260,98260,131672.0
860Z200US98261,98261,109441.0
860Z200US98262,98262,108072.0
860Z200US98263,98263,121277.0
860Z200US98264,98264,120373.0
860Z200US98266,98266,65704.0
860Z200US98267,98267,74215.0
860Z200US98270,98270,116297.0
860Z200US98271,98271,119027.0
860Z200US98272,98272,139346.0
860Z200US98273,98273,97333.0
860Z200US98274,98274,119475.0
860Z200US98275,98275,158285.0
860Z200US98276,98276,105217.0
860Z200US98277,98277,100131.0
860Z200US98278,98278,
860Z200US98279,98279,101722.0
860Z200US98280,98280,118096.0
860Z200US98281,98281,150975.0
860Z200US98282,98282,120307.0
860Z200US98283,98283,78204.0
860Z200US98284,98284,102964.0
860Z200US98286,98286,78635.0
860Z200US98288,98288,94663.0
860Z200US98290,98290,155054.0
860Z200US98292,98292,133665.0
860Z200US98294,98294,106018.0
860Z200US98295,98295,98036.0
860Z200US98296,98296,194737.0
860Z200US98297,98297,89442.0
860Z200US98303,98303,150214.0
860Z200US98304,98304,89251.0
860Z200US98305,98305,85235.0
860Z200US98310,98310,89855.0
860Z200US98311,98311,115409.0
860Z200US98312,98312,105724.0
860Z200US98314,98314,191169.0
860Z200US98315,98315,91526.0
860Z200US98320,98320,69662.0
860Z200US98321,98321,156367.0
860Z200US98323,98323,146547.0
860Z200US98325,98325,99257.0
860Z200US98326,98326,53297.0
860Z200US98327,98327,135706.0
860Z200US98328,98328,128066.0
860Z200US98329,98329,120308.0
860Z200US98330,98330,
860Z200US98331,98331,69847.0
860Z200US98332,98332,171457.0
860Z200US98333,98333,240099.0
860Z200US98335,98335,171729.0
860Z200US98336,98336,69783.0
860Z200US98337,98337,90734.0
860Z200US98338,98338,126823.0
860Z200US98339,98339,83993.0
860Z200US98340,98340,114374.0
860Z200US98342,98342,130475.0
860Z200US98345,98345,116897.0
860Z200US98346,98346,128955.0
860Z200US98349,98349,110964.0
860Z200US98350,98350,47453.0
860Z200US98351,98351,158229.0
860Z200US98353,98353,
860Z200US98354,98354,111452.0
860Z200US98355,98355,94977.0
860Z200US98356,98356,63335.0
860Z200US98357,98357,73170.0
860Z200US98358,98358,132190.0
860Z200US98359,98359,115420.0
860Z200US98360,98360,137443.0
860Z200US98361,98361,75037.0
860Z200US98362,98362,85829.0
860Z200US98363,98363,83637.0
860Z200US98364,98364,
860Z200US98365,98365,121084.0
860Z200US98366,98366,107022.0
860Z200US98367,98367,123507.0
860Z200US98368,98368,100313.0
860Z200US98370,98370,132757.0
860Z200US98371,98371,116538.0
860Z200US98372,98372,122519.0
860Z200US98373,98373,124245.0
860Z200US98374,98374,130209.0
860Z200US98375,98375,125297.0
860Z200US98376,98376,82965.0
860Z200US98377,98377,72264.0
860Z200US98380,98380,136090.0
860Z200US98381,98381,65757.0
860Z200US98382,98382,99729.0
860Z200US98383,98383,132130.0
860Z200US98385,98385,313108.0
860Z200US98387,98387,115384.0
860Z200US98388,98388,121729.0
860Z200US98390,98390,114756.0
860Z200US98391,98391,160668.0
860Z200US98392,98392,105110.0
860Z200US98394,98394,99861.0
860Z200US98396,98396,115447.0
860Z200US98402,98402,76505.0
860Z200US98403,98403,121678.0
860Z200US98404,98404,93492.0
860Z200US98405,98405,93479.0
860Z200US98406,98406,130442.0
860Z200US98407,98407,133143.0
860Z200US98408,98408,96369.0
860Z200US98409,98409,92485.0
860Z200US98416,98416,
860Z200US98418,98418,92440.0
860Z200US98421,98421,46138.0
860Z200US98422,98422,146113.0
860Z200US98424,98424,108870.0
860Z200US98430,98430,
860Z200US98433,98433,66110.0
860Z200US98438,98438,17860.0
860Z200US98439,98439,55595.0
860Z200US98443,98443,131558.0
860Z200US98444,98444,81773.0
860Z200US98445,98445,101875.0
860Z200US98446,98446,121014.0
860Z200US98447,98447,
860Z200US98465,98465,109339.0
860Z200US98466,98466,123215.0
860Z200US98467,98467,112054.0
860Z200US98498,98498,113606.0
860Z200US98499,98499,90855.0
860Z200US98501,98501,116746.0
860Z200US98502,98502,113950.0
860Z200US98503,98503,97827.0
860Z200US98505,98505,
860Z200US98506,98506,106572.0
860Z200US98512,98512,117981.0
860Z200US98513,98513,126189.0
860Z200US98516,98516,114432.0
860Z200US98520,98520,79182.0
860Z200US98524,98524,113107.0
860Z200US98526,98526,58664.0
860Z200US98527,98527,119551.0
860Z200US98528,98528,107385.0
860Z200US98530,98530,75072.0
860Z200US98531,98531,76277.0
860Z200US98532,98532,102732.0
860Z200US98533,98533,62787.0
860Z200US98535,98535,61803.0
860Z200US98536,98536,
860Z200US98537,98537,91587.0
860Z200US98538,98538,139186.0
860Z200US98539,98539,81659.0
860Z200US98541,98541,86001.0
860Z200US98542,98542,61528.0
860Z200US98544,98544,
860Z200US98546,98546,110652.0
860Z200US98547,98547,58289.0
860Z200US98548,98548,91047.0
860Z200US98550,98550,75819.0
860Z200US98552,98552,146481.0
860Z200US98555,98555,82896.0
860Z200US98556,98556,
860Z200US98557,98557,87238.0
860Z200US98558,98558,
860Z200US98559,98559,
860Z200US98560,98560,65302.0
860Z200US98562,98562,32119.0
860Z200US98563,98563,106121.0
860Z200US98564,98564,74506.0
860Z200US98565,98565,76289.0
860Z200US98566,98566,56134.0
860Z200US98568,98568,91485.0
860Z200US98569,98569,73729.0
860Z200US98570,98570,81830.0
860Z200US98571,98571,
860Z200US98572,98572,67371.0
860Z200US98575,98575,88932.0
860Z200US98576,98576,100304.0
860Z200US98577,98577,81153.0
860Z200US98579,98579,103967.0
860Z200US98580,98580,136827.0
860Z200US98581,98581,47672.0
860Z200US98582,98582,86438.0
860Z200US98583,98583,61771.0
860Z200US98584,98584,93227.0
860Z200US98585,98585,68826.0
860Z200US98586,98586,68856.0
860Z200US98587,98587,67130.0
860Z200US98588,98588,96316.0
860Z200US98589,98589,104629.0
860Z200US98590,98590,92897.0
860Z200US98591,98591,97268.0
860Z200US98592,98592,124733.0
860Z200US98593,98593,70442.0
860Z200US98595,98595,71300.0
860Z200US98596,98596,100771.0
860Z200US98597,98597,102486.0
860Z200US98601,98601,122050.0
860Z200US98602,98602,112240.0
860Z200US98603,98603,85930.0
860Z200US98604,98604,126789.0
860Z200US98605,98605,88338.0
860Z200US98606,98606,140618.0
860Z200US98607,98607,169117.0
860Z200US98609,98609,
860Z200US98610,98610,81888.0
860Z200US98611,98611,97716.0
860Z200US98612,98612,76511.0
860Z200US98613,98613,112493.0
860Z200US98614,98614,182192.0
860Z200US98616,98616,47302.0
860Z200US98617,98617,79948.0
860Z200US98619,98619,89806.0
860Z200US98620,98620,77488.0
860Z200US98621,98621,97202.0
860Z200US98623,98623,
860Z200US98624,98624,107897.0
860Z200US98625,98625,130304.0
860Z200US98626,98626,86121.0
860Z200US98628,98628,65125.0
860Z200US98629,98629,122292.0
860Z200US98631,98631,100006.0
860Z200US98632,98632,86400.0
860Z200US98635,98635,82104.0
860Z200US98638,98638,92590.0
860Z200US98639,98639,91321.0
860Z200US98640,98640,80498.0
860Z200US98641,98641,87427.0
860Z200US98642,98642,157892.0
860Z200US98643,98643,81681.0
860Z200US98644,98644,67569.0
860Z200US98645,98645,113803.0
860Z200US98647,98647,45118.0
860Z200US98648,98648,111159.0
860Z200US98649,98649,90657.0
860Z200US98650,98650,109480.0
860Z200US98651,98651,134839.0
860Z200US98660,98660,103291.0
860Z200US98661,98661,96856.0
860Z200US98662,98662,113763.0
860Z200US98663,98663,102023.0
860Z200US98664,98664,104971.0
860Z200US98665,98665,100510.0
860Z200US98670,98670,60904.0
860Z200US98671,98671,130144.0
860Z200US98672,98672,128077.0
860Z200US98673,98673,49902.0
860Z200US98674,98674,111877.0
860Z200US98675,98675,126048.0
860Z200US98682,98682,114632.0
860Z200US98683,98683,113203.0
860Z200US98684,98684,108694.0
860Z200US98685,98685,155151.0
860Z200US98686,98686,123573.0
860Z200US98801,98801,100921.0
860Z200US98802,98802,120599.0
860Z200US98811,98811,
860Z200US98812,98812,63018.0
860Z200US98813,98813,59561.0
860Z200US98814,98814,140160.0
860Z200US98815,98815,117949.0
860Z200US98816,98816,101171.0
860Z200US98817,98817,42400.0
860Z200US98819,98819,59971.0
860Z200US98821,98821,
860Z200US98822,98822,100984.0
860Z200US98823,98823,87554.0
860Z200US98824,98824,68840.0
860Z200US98826,98826,117582.0
860Z200US98827,98827,49727.0
860Z200US98828,98828,100806.0
860Z200US98829,98829,57643.0
860Z200US98830,98830,82416.0
860Z200US98831,98831,125467.0
860Z200US98832,98832,55055.0
860Z200US98833,98833,104640.0
860Z200US98834,98834,102776.0
860Z200US98836,98836,106483.0
860Z200US98837,98837,91539.0
860Z200US98840,98840,87433.0
860Z200US98841,98841,79854.0
860Z200US98843,98843,113853.0
860Z200US98844,98844,66815.0
860Z200US98845,98845,71892.0
860Z200US98846,98846,94228.0
860Z200US98847,98847,93493.0
860Z200US98848,98848,91226.0
860Z200US98849,98849,71343.0
860Z200US98850,98850,72509.0
860Z200US98851,98851,98877.0
860Z200US98852,98852,67568.0
860Z200US98853,98853,
860Z200US98855,98855,68875.0
860Z200US98856,98856,73808.0
860Z200US98857,98857,86714.0
860Z200US98858,98858,94628.0
860Z200US98859,98859,85409.0
860Z200US98860,98860,62076.0
860Z200US98862,98862,93899.0
860Z200US98901,98901,75973.0
860Z200US98902,98902,75613.0
860Z200US98903,98903,90259.0
860Z200US98908,98908,100014.0
860Z200US98921,98921,
860Z200US98922,98922,112693.0
860Z200US98923,98923,57545.0
860Z200US98925,98925,139770.0
860Z200US98926,98926,87550.0
860Z200US98930,98930,78400.0
860Z200US98932,98932,99644.0
860Z200US98933,98933,90260.0
860Z200US98934,98934,87771.0
860Z200US98935,98935,79603.0
860Z200US98936,98936,105110.0
860Z200US98937,98937,76048.0
860Z200US98938,98938,55373.0
860Z200US98939,98939,37300.0
860Z200US98940,98940,168923.0
860Z200US98941,98941,106622.0
860Z200US98942,98942,101857.0
860Z200US98943,98943,66965.0
860Z200US98944,98944,79258.0
860Z200US98946,98946,141188.0
860Z200US98947,98947,82752.0
860Z200US98948,98948,77934.0
860Z200US98950,98950,
860Z200US98951,98951,78114.0
860Z200US98952,98952,61301.0
860Z200US98953,98953,102420.0
860Z200US99001,99001,74764.0
860Z200US99003,99003,105750.0
860Z200US99004,99004,85527.0
860Z200US99005,99005,142282.0
860Z200US99006,99006,95321.0
860Z200US99008,99008,156755.0
860Z200US99009,99009,84103.0
860Z200US99011,99011,79776.0
860Z200US99012,99012,88665.0
860Z200US99013,99013,56977.0
860Z200US99014,99014,
860Z200US99016,99016,121257.0
860Z200US99017,99017,51877.0
860Z200US99018,99018,57855.0
860Z200US99019,99019,145613.0
860Z200US99020,99020,
860Z200US99021,99021,102675.0
860Z200US99022,99022,93339.0
860Z200US99023,99023,153309.0
860Z200US99025,99025,132466.0
860Z200US99026,99026,114713.0
860Z200US99027,99027,90534.0
860Z200US99029,99029,98385.0
860Z200US99030,99030,102293.0
860Z200US99031,99031,99998.0
860Z200US99032,99032,75999.0
860Z200US99033,99033,74856.0
860Z200US99034,99034,
860Z200US99036,99036,142956.0
860Z200US99037,99037,108731.0
860Z200US99039,99039,68013.0
860Z200US99040,99040,70056.0
860Z200US99101,99101,95963.0
860Z200US99102,99102,67235.0
860Z200US99103,99103,77866.0
860Z200US99105,99105,155843.0
860Z200US99109,99109,85796.0
860Z200US99110,99110,90810.0
860Z200US99111,99111,86029.0
860Z200US99113,99113,114862.0
860Z200US99114,99114,86378.0
860Z200US99115,99115,59026.0
860Z200US99116,99116,92790.0
860Z200US99117,99117,96524.0
860Z200US99118,99118,71620.0
860Z200US99119,99119,85363.0
860Z200US99121,99121,100379.0
860Z200US99122,99122,94923.0
860Z200US99123,99123,92611.0
860Z200US99124,99124,67226.0
860Z200US99125,99125,60079.0
860Z200US99126,99126,50840.0
860Z200US99128,99128,78864.0
860Z200US99129,99129,53567.0
860Z200US99130,99130,86484.0
860Z200US99131,99131,43556.0
860Z200US99133,99133,78136.0
860Z200US99134,99134,81042.0
860Z200US99135,99135,77564.0
860Z200US99136,99136,62377.0
860Z200US99137,99137,60037.0
860Z200US99138,99138,64867.0
860Z200US99139,99139,76405.0
860Z200US99140,99140,61216.0
860Z200US99141,99141,85897.0
860Z200US99143,99143,69056.0
860Z200US99144,99144,
860Z200US99146,99146,111565.0
860Z200US99147,99147,125473.0
860Z200US99148,99148,102019.0
860Z200US99149,99149,44812.0
860Z200US99150,99150,81660.0
860Z200US99151,99151,47345.0
860Z200US99152,99152,69622.0
860Z200US99153,99153,73844.0
860Z200US99154,99154,107013.0
860Z200US99155,99155,69632.0
860Z200US99156,99156,85735.0
860Z200US99157,99157,63401.0
860Z200US99158,99158,86672.0
860Z200US99159,99159,81132.0
860Z200US99160,99160,25258.0
860Z200US99161,99161,101111.0
860Z200US99163,99163,76505.0
860Z200US99166,99166,82819.0
860Z200US99167,99167,83952.0
860Z200US99169,99169,81544.0
860Z200US99170,99170,92700.0
860Z200US99171,99171,72113.0
860Z200US99173,99173,86613.0
860Z200US99174,99174,62900.0
860Z200US99176,99176,105432.0
860Z200US99179,99179,117985.0
860Z200US99180,99180,90551.0
860Z200US99181,99181,67173.0
860Z200US99185,99185,87066.0
860Z200US99201,99201,66293.0
860Z200US99202,99202,73838.0
860Z200US99203,99203,127443.0
860Z200US99204,99204,72806.0
860Z200US99205,99205,84196.0
860Z200US99206,99206,92852.0
860Z200US99207,99207,70613.0
860Z200US99208,99208,111179.0
860Z200US99212,99212,85003.0
860Z200US99216,99216,80484.0
860Z200US99217,99217,90855.0
860Z200US99218,99218,101918.0
860Z200US99223,99223,130928.0
860Z200US99224,99224,107687.0
860Z200US99251,99251,
860Z200US99258,99258,
860Z200US99301,99301,104821.0
860Z200US99320,99320,98148.0
860Z200US99321,99321,80086.0
860Z200US99322,99322,73535.0
860Z200US99323,99323,103422.0
860Z200US99324,99324,91554.0
860Z200US99326,99326,79965.0
860Z200US99328,99328,91806.0
860Z200US99329,99329,207505.0
860Z200US99330,99330,229554.0
860Z200US99333,99333,113383.0
860Z200US99335,99335,87420.0
860Z200US99336,99336,80439.0
860Z200US99337,99337,111997.0
860Z200US99338,99338,151638.0
860Z200US99341,99341,85740.0
860Z200US99343,99343,115387.0
860Z200US99344,99344,85650.0
860Z200US99345,99345,103519.0
860Z200US99346,99346,60983.0
860Z200US99347,99347,76655.0
860Z200US99348,99348,97585.0
860Z200US99349,99349,87441.0
860Z200US99350,99350,90332.0
860Z200US99352,99352,140628.0
860Z200US99353,99353,135968.0
860Z200US99354,99354,105373.0
860Z200US99356,99356,146396.0
860Z200US99357,99357,86325.0
860Z200US99359,99359,65582.0
860Z200US99360,99360,94311.0
860Z200US99361,99361,100649.0
860Z200US99362,99362,96150.0
860Z200US99363,99363,49808.0
860Z200US99371,99371,71980.0
860Z200US99401,99401,74573.0
860Z200US99402,99402,120373.0
860Z200US99403,99403,88249.0
860Z200US99501,99501,97333.0
860Z200US99502,99502,146730.0
860Z200US99503,99503,97712.0
860Z200US99504,99504,102322.0
860Z200US99505,99505,103857.0
860Z200US99506,99506,76915.0
860Z200US99507,99507,144177.0
860Z200US99508,99508,93311.0
860Z200US99513,99513,
860Z200US99515,99515,139370.0
860Z200US99516,99516,203294.0
860Z200US99517,99517,145238.0
860Z200US99518,99518,106012.0
860Z200US99519,99519,
860Z200US99530,99530,
860Z200US99540,99540,103370.0
860Z200US99546,99546,82564.0
860Z200US99547,99547,59700.0
860Z200US99548,99548,51417.0
860Z200US99549,99549,54342.0
860Z200US99550,99550,69309.0
860Z200US99551,99551,47082.0
860Z200US99552,99552,69305.0
860Z200US99553,99553,46139.0
860Z200US99554,99554,55852.0
860Z200US99555,99555,87336.0
860Z200US99556,99556,84999.0
860Z200US99557,99557,104650.0
860Z200US99558,99558,71300.0
860Z200US99559,99559,119302.0
860Z200US99561,99561,69321.0
860Z200US99563,99563,73675.0
860Z200US99564,99564,96300.0
860Z200US99565,99565,84742.0
860Z200US99566,99566,61295.0
860Z200US99567,99567,143086.0
860Z200US99568,99568,122374.0
860Z200US99569,99569,60838.0
860Z200US99571,99571,98474.0
860Z200US99572,99572,134467.0
860Z200US99573,99573,94119.0
860Z200US99574,99574,107005.0
860Z200US99575,99575,46622.0
860Z200US99576,99576,107809.0
860Z200US99577,99577,151491.0
860Z200US99578,99578,80539.0
860Z200US99579,99579,67733.0
860Z200US99580,99580,59043.0
860Z200US99581,99581,67677.0
860Z200US99583,99583,82882.0
860Z200US99585,99585,58177.0
860Z200US99586,99586,84349.0
860Z200US99587,99587,174256.0
860Z200US99588,99588,97956.0
860Z200US99589,99589,33506.0
860Z200US99590,99590,60848.0
860Z200US99591,99591,88310.0
860Z200US99602,99602,42457.0
860Z200US99603,99603,98845.0
860Z200US99604,99604,58987.0
860Z200US99605,99605,101234.0
860Z200US99606,99606,74656.0
860Z200US99607,99607,69432.0
860Z200US99608,99608,
860Z200US99609,99609,68122.0
860Z200US99610,99610,84413.0
860Z200US99611,99611,99942.0
860Z200US99612,99612,79027.0
860Z200US99613,99613,146067.0
860Z200US99614,99614,53870.0
860Z200US99615,99615,104941.0
860Z200US99620,99620,57461.0
860Z200US99621,99621,62815.0
860Z200US99622,99622,66920.0
860Z200US99623,99623,107101.0
860Z200US99624,99624,70782.0
860Z200US99625,99625,45431.0
860Z200US99626,99626,53280.0
860Z200US99627,99627,67596.0
860Z200US99628,99628,69291.0
860Z200US99630,99630,48472.0
860Z200US99631,99631,106267.0
860Z200US99632,99632,68221.0
860Z200US99633,99633,121429.0
860Z200US99634,99634,45896.0
860Z200US99635,99635,
860Z200US99636,99636,65340.0
860Z200US99637,99637,69996.0
860Z200US99638,99638,
860Z200US99639,99639,65173.0
860Z200US99640,99640,53174.0
860Z200US99641,99641,69969.0
860Z200US99643,99643,47449.0
860Z200US99644,99644,51310.0
860Z200US99645,99645,118167.0
860Z200US99647,99647,120050.0
860Z200US99648,99648,53514.0
860Z200US99649,99649,101030.0
860Z200US99650,99650,62117.0
860Z200US99651,99651,
860Z200US99652,99652,96500.0
860Z200US99653,99653,71488.0
860Z200US99654,99654,115548.0
860Z200US99655,99655,66324.0
860Z200US99656,99656,
860Z200US99657,99657,58010.0
860Z200US99658,99658,67842.0
860Z200US99659,99659,73121.0
860Z200US99660,99660,103989.0
860Z200US99661,99661,98929.0
860Z200US99662,99662,51391.0
860Z200US99663,99663,90020.0
860Z200US99664,99664,92516.0
860Z200US99665,99665,61900.0
860Z200US99666,99666,
860Z200US99667,99667,52239.0
860Z200US99668,99668,45929.0
860Z200US99669,99669,112905.0
860Z200US99670,99670,58725.0
860Z200US99671,99671,58610.0
860Z200US99672,99672,121802.0
860Z200US99674,99674,90385.0
860Z200US99675,99675,59540.0
860Z200US99676,99676,86396.0
860Z200US99677,99677,50667.0
860Z200US99678,99678,70015.0
860Z200US99679,99679,103325.0
860Z200US99680,99680,57429.0
860Z200US99681,99681,65639.0
860Z200US99682,99682,69792.0
860Z200US99683,99683,88328.0
860Z200US99684,99684,109124.0
860Z200US99685,99685,130025.0
860Z200US99686,99686,114806.0
860Z200US99688,99688,83749.0
860Z200US99689,99689,92687.0
860Z200US99690,99690,57379.0
860Z200US99691,99691,57681.0
860Z200US99692,99692,129664.0
860Z200US99693,99693,79627.0
860Z200US99694,99694,93812.0
860Z200US99695,99695,
860Z200US99701,99701,88804.0
860Z200US99702,99702,90363.0
860Z200US99703,99703,76280.0
860Z200US99704,99704,
860Z200US99705,99705,129846.0
860Z200US99706,99706,24981.0
860Z200US99707,99707,
860Z200US99709,99709,115269.0
860Z200US99712,99712,129036.0
860Z200US99714,99714,79848.0
860Z200US99720,99720,39876.0
860Z200US99721,99721,88738.0
860Z200US99722,99722,47749.0
860Z200US99723,99723,116200.0
860Z200US99724,99724,46800.0
860Z200US99725,99725,50773.0
860Z200US99726,99726,87636.0
860Z200US99727,99727,82786.0
860Z200US99729,99729,49586.0
860Z200US99730,99730,37704.0
860Z200US99732,99732,
860Z200US99733,99733,42647.0
860Z200US99734,99734,
860Z200US99736,99736,82286.0
860Z200US99737,99737,105428.0
860Z200US99738,99738,72395.0
860Z200US99739,99739,67559.0
860Z200US99740,99740,60069.0
860Z200US99741,99741,101340.0
860Z200US99742,99742,58703.0
860Z200US99743,99743,123574.0
860Z200US99744,99744,105890.0
860Z200US99745,99745,25763.0
860Z200US99746,99746,60100.0
860Z200US99747,99747,127762.0
860Z200US99748,99748,46982.0
860Z200US99749,99749,90000.0
860Z200US99750,99750,82925.0
860Z200US99751,99751,53726.0
860Z200US99752,99752,123435.0
860Z200US99753,99753,51685.0
860Z200US99754,99754,32369.0
860Z200US99755,99755,83012.0
860Z200US99756,99756,92169.0
860Z200US99757,99757,135036.0
860Z200US99758,99758,66228.0
860Z200US99759,99759,105665.0
860Z200US99760,99760,73368.0
860Z200US99761,99761,94025.0
860Z200US99762,99762,128465.0
860Z200US99763,99763,82158.0
860Z200US99764,99764,62426.0
860Z200US99765,99765,68428.0
860Z200US99766,99766,103045.0
860Z200US99767,99767,
860Z200US99768,99768,53014.0
860Z200US99769,99769,72429.0
860Z200US99770,99770,62708.0
860Z200US99771,99771,72906.0
860Z200US99772,99772,75214.0
860Z200US99773,99773,106105.0
860Z200US99774,99774,
860Z200US99775,99775,69283.0
860Z200US99776,99776,60749.0
860Z200US99777,99777,84746.0
860Z200US99778,99778,71633.0
860Z200US99780,99780,68745.0
860Z200US99781,99781,47215.0
860Z200US99782,99782,94956.0
860Z200US99783,99783,51408.0
860Z200US99784,99784,64913.0
860Z200US99785,99785,63850.0
860Z200US99786,99786,51263.0
860Z200US99788,99788,41013.0
860Z200US99789,99789,83113.0
860Z200US99790,99790,
860Z200US99791,99791,105663.0
860Z200US99801,99801,124113.0
860Z200US99820,99820,65328.0
860Z200US99824,99824,104537.0
860Z200US99825,99825,
860Z200US99826,99826,82867.0
860Z200US99827,99827,81695.0
860Z200US99829,99829,99260.0
860Z200US99830,99830,72036.0
860Z200US99832,99832,74659.0
860Z200US99833,99833,98129.0
860Z200US99835,99835,107564.0
860Z200US99836,99836,42162.0
860Z200US99840,99840,98060.0
860Z200US99841,99841,79795.0
860Z200US99850,99850,
860Z200US99901,99901,112238.0
860Z200US99903,99903,
860Z200US99918,99918,77321.0
860Z200US99919,99919,72226.0
860Z200US99921,99921,79544.0
860Z200US99922,99922,65089.0
860Z200US99923,99923,
860Z200US99925,99925,96344.0
860Z200US99926,99926,83973.0
860Z200US99927,99927,
860Z200US99929,99929,81514.0
