Id,ZipCode,Longitude,Latitude,NumberOfBeds,TraumaLevel,HasHelipad
8237,36420,-86.49454911,31.29579533,88,3.0,True
8238,35611,-86.9784072099999,34.8041639300001,71,3.0,False
8239,36502,-87.47879851,31.0170238700001,51,3.0,True
8240,36117,-86.17493002,32.3763995,150,,True
8241,36111,-86.27754935,32.3281539500001,432,2.0,True
8242,36693,-88.17800813,30.6248084900001,60,,False
8243,36049,-86.26319151,31.69458855,28,,True
8244,35042,-87.14831123,32.95135837,35,,True
8245,35209,-86.7766650999999,33.46425993,595,3.0,True
8246,35401,-87.53815802,33.2163030900001,0,,False
8247,36089,-85.7170093299999,32.14663511,61,,False
8248,36083,-85.71214861,32.44521832,143,,True
8249,35233,-86.8051591399999,33.5040481500001,332,1.0,True
8250,36904,-88.20949244,32.0931053400001,25,,True
8251,35161,-86.0907834,33.4402768200001,122,3.0,True
8252,36251,-85.8239827799999,33.2775639400001,53,,True
8253,36078,-85.91224661,32.53390983,69,3.0,True
8254,35150,-86.25548758,33.1645602300001,168,3.0,False
8255,36049,-86.2650457,31.69354407,65,,True
8256,35801,-86.5721715399999,34.6936114000001,180,3.0,False
8257,36116,-86.28134483,32.32346327,60,,False
8258,35058,-86.80572957,34.2013272,150,3.0,True
8259,36427,-87.0734993,31.1270339100001,91,3.0,True
8260,36360,-85.63208804,31.4515766600001,89,3.0,True
8261,35401,-87.52741947,33.2048205300001,583,3.0,True
8262,35601,-86.9714815299999,34.59034409,273,3.0,True
8263,35601,-87.0158086599999,34.57689679,120,,False
8264,35601,-87.02541659,34.58368232,64,,False
8265,35968,-85.7562183699999,34.44127984,134,3.0,True
8266,36854,-85.16870267,32.8245981100001,115,,True
8267,36801,-85.4044747899999,32.63852487,314,3.0,True
8268,36526,-87.8951390999999,30.6352891500001,66,,False
8269,36092,-86.18639645,32.5522669700001,69,,True
8270,35209,-86.78833499,33.46911585,100,,False
8271,36301,-85.3658126299999,31.2179119100001,51,,True
8272,35903,-85.96848844,34.00674122,48,,True
8273,36116,-86.2807098,32.3191069800001,75,,False
8274,35801,-86.57986887,34.71920943,70,,True
8275,35124,-86.7988099999999,33.2832999,34,,False
8276,36401,-86.94048359,31.43079857,58,,True
8277,35555,-87.82468898,33.70817814,61,,True
8278,36305,-85.45704246,31.2374299900001,235,3.0,True
8279,35960,-85.65108878,34.1614583,60,,True
8280,35903,-85.9659821399999,34.0077362800001,346,3.0,True
8281,35243,-86.71744146,33.43293355,434,3.0,True
8282,35462,-87.8904834799999,32.84324894,20,,True
8283,36451,-87.7760246299999,31.6943023000001,50,3.0,True
8284,36744,-87.58693419,32.69537224,39,,False
8285,35660,-87.70026146,34.7459501500001,185,3.0,True
8286,35768,-86.0474907999999,34.6620379300001,170,3.0,True
8287,35212,-86.7301833,33.5488342800001,94,,False
8288,36925,-88.29552376,32.49199422,33,,False
8289,35801,-86.5808055099999,34.7214331000001,881,1.0,True
8290,36607,-88.08029057,30.6969006900001,31,,True
8291,36726,-87.30025784,31.9975251500001,30,,True
8292,36867,-85.00888474,32.50801426,70,,False
8293,36106,-86.2853855399999,32.366953,344,3.0,True
8294,36545,-87.89513456,31.53106846,35,3.0,True
8295,36853,-85.74113991,32.8185985700001,46,,True
8296,35565,-87.5913657999999,34.24191187,49,,True
8297,36301,-85.38460112,31.2038156400001,46,,False
8298,35650,-87.28531044,34.48341465,98,,True
8299,35758,-86.7645278799999,34.7470600400001,90,,False
8300,35976,-86.42135153,34.3649133500001,90,3.0,True
8301,35957,-86.1606281699999,34.2214658500001,150,3.0,True
8302,35402,-87.533981,33.2190660000001,96,,False
8303,36027,-85.1564054199999,31.8886450800001,74,3.0,True
8304,36330,-85.85536974,31.3187724000001,131,3.0,False
8305,35022,-86.99074849,33.3718483100001,310,3.0,True
8306,36467,-86.25452692,31.29195824,99,3.0,False
8307,36607,-88.07977619,30.6957249600001,681,3.0,True
8308,36460,-87.32076663,31.4978172,94,3.0,True
8309,35904,-86.0197660699999,34.07242575,68,,False
8310,36202,-85.82323962,33.6556551900001,38,3.0,True
8311,35261,-86.68602206,33.4149192100001,45,,False
8312,36302,-85.36294421,31.21628917,38,,False
8313,36106,-86.2857900499999,32.3669693300001,65,3.0,True
8314,35401,-87.52636438,33.2051744500001,32,,True
8315,35630,-87.65082721,34.8050981600001,263,3.0,True
8316,35611,-86.9788726,34.80424558,31,,True
8317,36507,-87.7850225,30.9039343600001,78,3.0,True
8318,35570,-87.9907687799999,34.1259771800001,49,,True
8319,36202,-85.82324214,33.65557526,338,3.0,True
8320,35476,-87.5709108999999,33.23398145,204,,False
8321,35594,-87.82452474,33.93053767,49,3.0,True
8322,36067,-86.45225293,32.46389172,107,,False
8323,35211,-86.84718778,33.4980065300001,505,3.0,True
8324,36685,-88.1990793699999,30.6793276600001,349,3.0,True
8325,35582,-88.14732506,34.45810576,25,,True
8326,36037,-86.6463641999999,31.8290344000001,72,3.0,True
8327,36867,-85.04640733,32.49884817,58,,False
8328,35901,-86.00342706,34.00432554,281,3.0,True
8329,35010,-85.9695661499999,32.93021327,81,3.0,True
8330,35653,-87.71838607,34.5108181200001,100,3.0,True
8331,35209,-86.77625339,33.4637309400001,38,3.0,True
8332,35007,-86.8130430099999,33.2523648700001,252,3.0,True
8333,35661,-87.67621342,34.7471929600001,198,,True
8334,36535,-87.6846856499999,30.42583568,112,3.0,True
8335,36301,-85.36363112,31.21630365,420,2.0,True
8336,36608,-88.13133629,30.6845174900001,263,3.0,True
8337,35205,-86.78912153,33.5074771700001,409,3.0,False
8338,35121,-86.4941186299999,33.92965073,40,,True
8339,35046,-86.62279,32.8802860000001,30,,True
8340,35235,-86.66761102,33.59615452,362,3.0,True
8341,35125,-86.30223929,33.6039924200001,40,,True
8342,36207,-85.82371273,33.6682359000001,125,3.0,False
8343,36278,-85.480689,33.295332,15,,True
8344,36532,-87.88944744,30.5188790300001,176,3.0,False
8345,36784,-87.745143,31.8761846,29,,
8346,36081,-85.94556625,31.7815156500001,97,3.0,True
8347,35404,-87.48831785,33.1899356700001,0,,False
8348,35233,-86.80289191,33.5040061,106,,True
8349,35806,-86.66569635,34.75317024,20,,False
8350,35233,-86.8020354,33.5056032900001,1157,1.0,True
8351,36604,-88.0778076399999,30.6976838200001,152,3.0,True
8352,36617,-88.09833486,30.70706198,406,1.0,True
8353,36701,-87.05597305,32.42946521,175,,True
8354,35502,-87.2359995799999,33.8427289000001,267,3.0,True
8355,36518,-88.23507989,31.4595381500001,25,,True
8356,36732,-87.8363988,32.50478853,99,3.0,True
8357,36340,-85.89253669,31.04879399,83,,True
8358,99508,-149.82898817,61.21073914,250,,True
8359,99801,-134.46515263,58.32907951,73,,True
8360,99669,-151.07782696,60.4931690500001,49,2.0,True
8361,99701,-147.73939282,64.8317447100001,152,,True
8362,99645,-149.25831116,61.56289358,125,,True
8363,99654,-149.4270914,61.5864231,0,,False
8364,99508,-149.8199587,61.1887628800001,401,3.0,True
8365,99503,-149.88011561,61.1764109900001,56,,False
8366,99508,-149.82980155,61.1850968000001,80,,False
8367,99508,-149.83348441,61.2079072000001,74,,False
8368,99508,-149.80975832,61.20563044,36,,False
8369,99508,-149.8317182,61.2081495,30,,False
8370,99574,-145.75064915,60.5412547700001,23,,True
8371,99576,-158.5355047,59.0000942,16,,False
8372,99901,-131.68578842,55.3537186900001,25,,False
8373,99762,-165.37840769,64.49950291,18,,False
8374,99833,-132.95520506,56.8128840800001,12,,False
8375,99615,-152.37560773,57.8008999800001,25,,False
8376,99664,-149.44642548,60.1050201100001,6,,True
8377,99686,-146.34655167,61.13653378,11,,True
8378,99723,-156.72903697,71.29772504,10,,False
8379,99603,-151.55012983,59.65247012,22,,True
8380,99929,-132.3758039,56.47178239,8,,False
8381,99588,-145.540928,62.108932,4,,False
8382,99685,-166.5393244,53.8722442000001,4,,False
8383,96799,-170.685741,-14.290242,150,,False
8384,85297,-111.75197649,33.2872664500001,22,,True
8385,85541,-111.32065115,34.23007678,25,,True
8386,85602,-110.3081187,31.96510498,22,,True
8387,85501,-110.82640787,33.4060443600001,25,,True
8388,85603,-109.88302823,31.4178109600001,14,,True
8389,86042,-110.42669889,35.8021344000001,0,,True
8390,85621,-110.95974713,31.3402868800001,25,,True
8391,85344,-114.28521966,34.1364324800001,25,,True
8392,86047,-110.69250885,35.0358076900001,25,,True
8393,86505,-109.54355573,35.7107458200001,25,,False
8394,85643,-109.83814424,32.2649674,24,,True
8395,86040,-111.46358713,36.91764799,25,,True
8396,85938,-109.28525796,34.13173504,21,,False
8397,85390,-112.73993184,33.9783637400001,19,,True
8398,85710,-110.83808282,32.2312412000001,34,,False
8399,85378,-112.341321,33.6393944000001,13,,False
8400,85203,-111.82208245,33.42548358,48,,True
8401,85013,-112.07999224,33.48214432,48,,True
8402,85006,-112.06017578,33.4639159500001,32,,True
8403,85711,-110.85851627,32.22564684,51,,False
8404,85713,-110.96493489,32.18123222,0,,True
8405,85008,-112.02934361,33.4550443800001,143,,False
8406,85008,-112.02809075,33.45342284,159,,False
8407,85302,-112.18937168,33.5812353100001,100,,False
8408,85283,-111.93913469,33.3642810100001,138,,False
8409,85374,-112.38116229,33.63441097,32,,False
8410,85251,-111.91887885,33.48320442,156,,False
8411,85929,-109.97538595,34.1652321,16,,False
8412,85297,-111.750194,33.2821941,72,,False
8413,85392,-112.28768324,33.4652729200001,72,,False
8414,85712,-110.8556645,32.2398469,54,,False
8415,85378,-112.34380725,33.64112837,99,,False
8416,86004,-111.60649395,35.20669667,16,,False
8417,85007,-112.08117563,33.4356313500001,57,,False
8418,85225,-111.84738448,33.3402740600001,94,,False
8419,85712,-110.87611878,32.25593768,84,,False
8420,85006,-112.05282546,33.4660456400001,96,,False
8421,85027,-112.11384238,33.6778566300001,116,,False
8422,85704,-111.0073363,32.31676456,140,,False
8423,85006,-112.04204647,33.4549441500001,127,,True
8424,85007,-112.0840587,33.4346887,40,,False
8425,86429,-114.528661,35.186387,24,,False
8426,85018,-112.00597019,33.48286813,122,,False
8427,86314,-112.32766139,34.59050187,16,,True
8428,85006,-112.063426,33.4633930000001,56,,False
8429,85381,-112.26179888,33.60420695,56,,False
8430,85378,-112.34113547,33.63931726,27,,False
8431,85224,-111.8686893,33.305529,50,,False
8432,85206,-111.70987496,33.37995297,60,,False
8433,85704,-111.00846929,32.3185910300001,60,,True
8434,85260,-111.87281182,33.5830879000001,60,,False
8435,85712,-110.88296381,32.2559568500001,80,,False
8436,85304,-112.20389582,33.60780443,75,,False
8437,85258,-111.89026145,33.56112225,50,,False
8438,86409,-113.98571896,35.2190708300001,18,,True
8439,86314,-112.32841054,34.5961893300001,44,,False
8440,86001,-111.63041947,35.21008656,40,,False
8441,85364,-114.63004394,32.68332744,51,,False
8442,85016,-112.03966773,33.4808672300001,59,,True
8443,85308,-112.20158176,33.6550542000001,217,,True
8444,85331,-111.96854787,33.7986857400001,0,,False
8445,85015,-112.10218155,33.52481593,206,,True
8446,85206,-111.7082731,33.380214,8,,False
8447,85032,-111.99746997,33.6397581800001,120,3.0,True
8448,85374,-112.4206714,33.6374373,8,,False
8449,85395,-112.35340015,33.4615884500001,200,1.0,True
8450,85206,-111.73480037,33.38030393,23,,False
8451,85006,-112.05738174,33.46442144,766,1.0,True
8452,85724,-110.94630651,32.2419737700001,625,1.0,True
8453,85206,-111.68799961,33.4110054000001,359,3.0,True
8454,85351,-112.28366707,33.60423473,410,,True
8455,85122,-111.71074859,32.88115523,141,,True
8456,85375,-112.37250587,33.6596894300001,391,3.0,True
8457,85202,-111.87756751,33.3894771600001,605,1.0,True
8458,85037,-112.25779128,33.4786071400001,317,,True
8459,85234,-111.72300023,33.38475362,177,,True
8460,85120,-111.5671567,33.39427956,20,,True
8461,85286,-111.85675526,33.28557024,94,,True
8462,85206,-111.68649231,33.4116920700001,111,,True
8463,85140,-111.56559085,33.2144353800001,89,,True
8464,85306,-112.17968539,33.6083543,595,1.0,True
8465,85713,-110.93069873,32.1758547000001,245,,True
8466,85635,-110.22977963,31.5524178000001,100,3.0,True
8467,85742,-111.08531186,32.3609004300001,8,1.0,False
8468,85015,-112.09911252,33.532134,28,,False
8469,85941,-109.95906629,33.8765490000001,0,,True
8470,86503,-109.6081006,36.1576028600001,0,,False
8471,85224,-111.87461186,33.29739077,429,1.0,True
8472,85339,-112.1670055,33.3802854,16,,False
8473,85212,-111.63696248,33.35075182,50,,True
8474,86001,-111.6439482,35.20964623,268,1.0,True
8475,85132,-111.48568867,33.07313487,36,,True
8476,86504,-109.04848784,35.75930577,0,,True
8477,85251,-111.92555162,33.4901910400001,26,,False
8478,86403,-114.33878975,34.4804539900001,152,3.0,True
8479,85085,-112.13035843,33.7855884300001,70,,True
8480,85027,-112.11606718,33.6661282700001,204,1.0,True
8481,85020,-112.07077104,33.56914841,262,1.0,True
8482,85251,-111.92296685,33.4883938500001,325,1.0,True
8483,85260,-111.88518409,33.58083809,427,,True
8484,85255,-111.9223224,33.67112932,120,,True
8485,86409,-114.03697743,35.2200708400001,235,,True
8486,85054,-111.95644824,33.6590826300001,316,,True
8487,85297,-111.75243904,33.2868555800001,197,,True
8488,85209,-111.61116328,33.3914970700001,178,3.0,True
8489,85546,-109.73515724,32.82275472,25,,True
8490,85741,-112.29846083,33.60904041,300,,False
8491,85629,-110.98527679,31.95586934,18,,True
8492,85008,-111.99661459,33.4566498300001,64,,False
8493,85755,-110.94877018,32.4290227600001,146,,True
8494,85224,-111.89128381,33.3338859900001,24,,False
8495,85248,-111.88207143,33.2609327000001,3,,False
8496,85542,-110.41787595,33.2957575300001,0,,True
8497,85614,-111.00990386,31.8067235400001,49,,True
8498,85711,-110.85512155,32.2265061300001,486,3.0,True
8499,85307,-112.27553187,33.54242652,23,,True
8500,85006,-112.0422176,33.45477758,219,,True
8501,85013,-112.07940279,33.48097074,586,1.0,True
8502,85745,-111.00017368,32.2281177300001,400,,True
8503,85901,-110.01770074,34.20249383,101,,True
8504,85281,-111.9406125,33.4125968600001,74,,True
8505,85712,-110.88449797,32.2487826500001,16,,False
8506,85634,-111.89048857,31.91850571,0,,True
8507,86045,-111.23730391,36.1357736100001,0,,True
8508,85711,-110.8948742,32.2221731000001,4,,False
8509,85712,-110.87929885,32.2523042500001,596,,True
8510,86426,-114.59639772,35.00223558,84,,True
8511,85008,-112.02641296,33.4578471,758,1.0,True
8512,86326,-112.0295646,34.7353596400001,98,,True
8513,86442,-114.5550477,35.1108471700001,139,,True
8514,85338,-112.36440187,33.4538635800001,38,,False
8515,86301,-112.48127115,34.5602200500001,146,,True
8516,86314,-112.33037981,34.5905394500001,72,,True
8517,85364,-114.63538324,32.6827470900001,405,,True
8518,85006,-112.05699762,33.4628877600001,0,,True
8519,85724,-110.94685512,32.24135269,0,,True
8520,72042,-91.33823119,34.27979487,25,,True
8521,71635,-91.9387990499999,33.13845416,33,,True
8522,72653,-92.3965442099999,36.34210333,268,3.0,True
8523,72758,-94.1461075999999,36.2785567,36,,False
8524,72758,-94.18297802,36.30899285,275,3.0,True
8525,72712,-94.1913569,36.3399063300001,128,3.0,True
8526,72736,-94.45911011,36.40858329,25,,True
8527,72761,-94.50765532,36.1897842700001,73,,True
8528,72601,-93.10913937,36.2365313600001,174,3.0,True
8529,71671,-92.05925489,33.6103641300001,33,,True
8530,72632,-93.7442359199999,36.4001637900001,15,,True
8531,72616,-93.5518257699999,36.3590621000001,25,,True
8532,71653,-91.2903315999999,33.3147629000001,10,,False
8533,71923,-93.0888241599999,34.12291357,25,,True
8534,72454,-90.20483796,36.3901194700001,25,,True
8535,72543,-91.9979984999999,35.5045011300001,25,,True
8536,71753,-93.23913276,33.27419818,49,,True
8537,72110,-92.7213513199999,35.1680149100001,25,,True
8538,72401,-90.666568,35.808393,99,,True
8539,72401,-90.6930359099999,35.8326775,80,,False
8540,72405,-90.6365143099999,35.8668293700001,228,3.0,True
8541,72401,-90.70261858,35.8364980200001,378,3.0,True
8542,72405,-90.66978926,35.85221482,62,,False
8543,72956,-94.3387977099999,35.43540066,103,,True
8544,72301,-90.17783336,35.16795985,11,,True
8545,72396,-90.78664054,35.2195579200001,25,,True
8546,71742,-92.4255876399999,33.81085539,25,,True
8547,71639,-91.48036852,33.8732016700001,25,,True
8548,71654,-91.39227634,33.6184553200001,25,,True
8549,72032,-92.4195706199999,35.05671664,111,3.0,True
8550,72034,-92.42399239,35.0381092800001,80,,False
8551,72034,-92.4578835999999,35.08566805,150,3.0,True
8552,72034,-92.4556860499999,35.08929113,26,,False
8553,72949,-93.83344375,35.4858200100001,25,,True
8554,72576,-91.81030795,36.3829008800001,25,,True
8555,71913,-93.06627041,34.46802567,282,2.0,True
8556,71913,-93.0749322299999,34.4642512300001,48,,False
8557,71913,-93.0672341,34.4680542200001,27,,True
8558,71901,-93.05757749,34.5098970700001,50,,False
8559,71901,-93.0353852699999,34.48610511,163,,True
8560,72450,-90.4984570399999,36.0519443100001,129,,True
8561,71801,-93.58441613,33.64817908,48,,True
8562,72104,-92.84270041,34.3448684700001,28,,False
8563,72104,-92.7858884,34.3587740400001,72,,True
8564,71852,-93.8805491799999,33.94972276,20,,True
8565,72501,-91.63459098,35.7678692600001,224,3.0,True
8566,72519,-92.12808717,36.1267768500001,25,,False
8567,72112,-91.2650600599999,35.60856885,133,,True
8568,71603,-92.0176802,34.1877346900001,300,3.0,True
8569,72830,-93.44408063,35.46157579,90,,True
8570,72476,-90.96782345,36.0737585000001,25,,True
8571,71822,-94.13485202,33.6692528200001,25,,False
8572,72927,-93.93517063,35.1403219200001,25,,True
8573,72855,-93.72487855,35.28929334,16,,True
8574,72023,-92.0347837,34.9816286000001,4,,False
8575,71854,-94.0340908699999,33.4610700200001,62,,False
8576,72315,-89.91731125,35.94301993,99,,True
8577,72370,-89.97557004,35.6997050800001,25,,False
8578,71701,-92.8367393299999,33.5758211300001,98,,True
8579,72342,-90.62710336,34.5102853400001,155,,True
8580,71953,-94.22163124,34.5890536000001,65,,True
8581,72801,-93.15007797,35.2835554600001,170,3.0,True
8582,72202,-92.2931766899999,34.7432363500001,336,1.0,True
8583,72211,-92.39327696,34.7391732,110,,True
8584,72118,-92.3488871499999,34.8002103900001,47,,False
8585,72205,-92.38121,34.7441789000001,36,,True
8586,72205,-92.38065104,34.7438933500001,827,2.0,True
8587,72209,-92.40274425,34.6573267200001,24,,True
8588,72117,-92.22340916,34.78365489,225,3.0,True
8589,72205,-92.38181609,34.74429608,120,,True
8590,72205,-92.33939373,34.75001981,615,2.0,True
8591,72120,-92.20902203,34.8133971300001,80,,False
8592,72205,-92.33858471,34.75040053,40,,True
8593,72211,-92.4017145299999,34.7461006,127,,False
8594,72120,-92.2076906299999,34.8130951700001,69,,True
8595,72113,-92.35476763,34.8220666500001,127,,False
8596,72205,-92.32013731,34.7490251500001,450,1.0,True
8597,72113,-92.39441325,34.87643567,60,,False
8598,72455,-90.99738763,36.28976027,50,,True
8599,72019,-92.5329313299999,34.6138459800001,80,,False
8600,72015,-92.5859901699999,34.5733526000001,177,3.0,True
8601,72958,-94.105868,34.89455358,24,,True
8602,72901,-94.4194573,35.37494781,492,3.0,True
8603,72903,-94.35252746,35.35586935,25,,True
8604,72901,-94.41875448,35.3739403100001,80,,True
8605,72903,-94.35205497,35.35586599,336,3.0,True
8606,72903,-94.34345322,35.3474569800001,24,,False
8607,72901,-94.41973301,35.3750165700001,34,,True
8608,72923,-94.31306819,35.34133753,114,,False
8609,72335,-90.77588392,35.0400192500001,118,,True
8610,72560,-92.0828645299999,35.85658313,25,,True
8611,72031,-92.45217357,35.55950138,25,,False
8612,72762,-94.19046429,36.1624095,24,,True
8613,72703,-94.1548450399999,36.10909938,80,,False
8614,72703,-94.1340395999999,36.1213263600001,20,,False
8615,72764,-94.13664285,36.17987716,222,3.0,True
8616,72741,-94.1862192199999,36.1355102700001,64,,True
8617,72764,-94.1369787799999,36.18053846,25,,True
8618,72703,-94.11985143,36.1278907600001,114,,False
8619,72703,-94.1600515599999,36.10928262,425,2.0,True
8620,72143,-91.73120168,35.2336399500001,27,,True
8621,72143,-91.73184178,35.2340138500001,193,,True
8622,72143,-91.69700113,35.25188604,245,3.0,True
8623,72833,-93.3880591399999,35.0544297800001,42,,True
8624,72834,-93.1572646399999,35.22048712,35,,False
8625,72916,-94.3167917499999,35.3194863300001,50,,False
8626,71653,-91.29038904,33.3065987700001,25,,True
8627,72704,-94.18683551,36.1084831100001,80,,False
8628,95823,-121.41652644,38.4635474500001,158,,False
8629,95642,-120.76434117,38.3501170100001,52,,True
8630,95602,-121.10074822,38.9451037200001,64,,False
8631,95817,-121.45545551,38.55492974,646,,True
8632,96150,-119.99654685,38.91157868,63,3.0,True
8633,95203,-121.30098296,37.9616732600001,202,,False
8634,95336,-121.19691688,37.8015830200001,73,,False
8635,95249,-120.6705756,38.19005959,25,,True
8636,95667,-120.791412,38.72494785,111,3.0,False
8637,95350,-120.99702069,37.6651476000001,394,2.0,True
8638,95355,-120.97416039,37.66832477,419,2.0,True
8639,95819,-121.45246843,38.5700612800001,313,,False
8640,95382,-120.83915092,37.51231404,209,,True
8641,95608,-121.31410819,38.6698292900001,384,2.0,True
8642,95354,-120.99090489,37.6435662800001,96,,False
8643,95825,-121.39314403,38.6017977500001,287,,False
8644,95361,-120.86099657,37.75761627,35,,True
8645,95823,-121.4225467,38.47063789,241,2.0,True
8646,95661,-121.24930864,38.7661600000001,382,2.0,True
8647,95231,-121.2826766,37.88672574,152,2.0,True
8648,95240,-121.28681843,38.1213233400001,194,,True
8649,95376,-121.43392974,37.7442185200001,77,,False
8650,95204,-121.28818276,37.9704671900001,355,,True
8651,95695,-121.79214525,38.6639250200001,74,,False
8652,95616,-121.77074002,38.56250391,48,,False
8653,95816,-121.46922481,38.57196715,523,,True
8654,95695,-121.7920967,38.6641007000001,31,,False
8655,95823,-121.41711167,38.4667802800001,171,,False
8656,95370,-120.39080129,37.9796874,12,,False
8657,95826,-121.41461678,38.54992593,73,,False
8658,95841,-121.36468093,38.64339455,125,,False
8659,95204,-121.29107093,37.9765963,35,,False
8660,95630,-121.14567691,38.6703149100001,106,,True
8661,95630,-121.1582091,38.68118058,58,,False
8662,95337,-121.24588639,37.7981165900001,61,,True
8663,95661,-121.2509392,38.7468058700001,352,,False
8664,95817,-121.45533004,38.55296329,80,,False
8665,95355,-120.92223193,37.6658240100001,67,,False
8666,95355,-120.95849992,37.6648010700001,23,,False
8667,95370,-120.37085046,37.97723023,72,,True
8668,93611,-119.66047665,36.8390899,208,,True
8669,93210,-120.34068403,36.15247112,24,,True
8670,93721,-119.7852398,36.74389038,685,1.0,True
8671,95338,-119.97731444,37.5001239000001,18,,True
8672,93635,-120.85918961,37.06409769,38,,True
8673,93637,-120.0446582,36.9438121200001,106,,False
8674,95340,-120.46752827,37.3398556600001,186,,True
8675,93662,-119.59866736,36.5678670400001,62,,False
8676,93654,-119.45214935,36.60826833,49,,True
8677,93720,-119.76576285,36.83508748,436,,True
8678,93636,-119.80024241,36.88404783,358,,True
8679,93710,-119.78216158,36.82491409,27,,False
8680,93720,-119.75766232,36.8404012300001,73,,False
8681,93720,-119.76055349,36.83997451,62,,False
8682,93720,-119.7803051,36.84252969,169,,False
8683,93720,-119.78857173,36.8601259100001,57,,False
8684,93420,-120.5909362,35.11310809,67,,False
8685,93003,-119.25830263,34.2746459900001,250,,True
8686,93401,-120.65064141,35.27793151,98,,False
8687,93111,-119.81062997,34.4331333900001,52,,False
8688,93436,-120.43953237,34.6409109900001,60,,False
8689,91360,-118.88289489,34.2079705100001,325,2.0,True
8690,93454,-120.41313054,34.95119993,226,3.0,True
8691,93105,-119.72274312,34.4329679000001,38,,False
8692,93023,-119.26438431,34.4429151900001,25,,False
8693,93010,-119.01944767,34.24367912,58,,False
8694,93463,-120.12630389,34.6020827900001,11,,False
8695,93405,-120.66605068,35.29179679,162,3.0,True
8696,93030,-119.15571826,34.21633831,269,,True
8697,93465,-120.71958843,35.5552378900001,122,,True
8698,93003,-119.25213366,34.2773502000001,180,2.0,True
8699,93001,-119.28366353,34.3077643500001,87,,False
8700,93003,-119.2534163,34.2765360000001,43,,False
8701,93105,-119.72380904,34.42946669,461,,True
8702,93065,-118.74453532,34.2891653900001,144,,True
8703,91362,-118.81573639,34.15493887,40,,False
8704,93110,-119.7806333,34.4441369,16,,False
8705,93105,-119.72364378,34.4299440200001,20,,True
8706,91361,-118.86938419,34.1748609700001,21,,False
8707,92801,-117.93444769,33.84815379,223,,False
8708,92869,-117.82641316,33.7886149400001,75,,False
8709,92868,-117.86577646,33.7808101300001,334,,True
8710,92627,-117.91185211,33.65185454,23,,False
8711,92708,-117.93596951,33.7149347700001,293,,True
8712,92780,-117.82857161,33.7302566600001,135,,False
8713,92663,-117.92930201,33.6244711200001,434,,True
8714,92647,-117.98785846,33.70331242,82,,False
8715,92804,-117.99507363,33.82538521,167,,False
8716,92683,-117.99525596,33.76353321,109,,False
8717,92704,-117.88462221,33.7111339900001,109,,False
8718,90623,-118.03830233,33.8475141800001,115,,True
8719,90720,-118.06714976,33.8044134900001,172,,False
8720,90502,-118.29171381,33.83047377,415,,True
8721,90242,-118.15887868,33.9284015000001,158,,False
8722,90059,-118.24380128,33.9226370700001,131,,False
8723,91342,-118.44554264,34.32594082,303,,True
8724,90033,-118.20835661,34.05956159,600,,True
8725,92843,-117.91309288,33.77498597,167,,False
8726,92691,-117.6653937,33.5610153000001,345,,True
8727,92870,-117.84320483,33.8870517500001,114,,False
8728,92653,-117.70912816,33.60897585,248,,True
8729,92673,-117.65018392,33.4570652400001,73,,False
8730,92651,-117.74090661,33.50066116,123,,False
8731,92868,-117.86422271,33.7814698,426,,False
8732,92835,-117.92746269,33.8935483500001,320,,False
8733,92868,-117.88866335,33.7887867200001,459,,True
8734,92705,-117.83342282,33.75438381,254,2.0,True
8735,92805,-117.90935523,33.8197332600001,99,,False
8736,92663,-117.90753578,33.62228516,36,,False
8737,92708,-117.95589422,33.70046195,222,,False
8738,92647,-117.9864477,33.7037638,49,,False
8739,91342,-118.4457641,34.3258717200001,52,,True
8740,92805,-117.9097961,33.8196827,90,,False
8741,92868,-117.8654245,33.7820441000001,37,,True
8742,92651,-117.74079471,33.50066063,36,,False
8743,90502,-118.292219,33.8304589000001,38,,True
8744,90033,-120.44477712,34.64133085,76,,False
8745,92627,-117.91181,33.6517953000001,99,,False
8746,92708,-117.93454792,33.71466444,107,,True
8747,90623,-118.03836684,33.8475658300001,23,,True
8748,92618,-117.77240948,33.6607017700001,96,,False
8749,92780,-117.83105563,33.7474607400001,48,,False
8750,92691,-117.6658226,33.56040427,54,,True
8751,92705,-117.8328006,33.7542839000001,28,,True
8752,92821,-117.89394879,33.9344958900001,48,,False
8753,92704,-117.88433153,33.7111038900001,23,,False
8754,92804,-117.9950032,33.8252217,30,,False
8755,92866,-117.83389187,33.78272717,6,,False
8756,92869,-117.8262888,33.7886124,12,,False
8757,95116,-121.84892445,37.36231615,258,2.0,True
8758,95032,-121.96940656,37.26252715,143,,False
8759,93940,-121.91312865,36.57890187,240,,False
8760,95065,-121.98404501,36.9900207000001,222,,True
8761,93930,-121.13285735,36.20581243,25,,True
8762,95023,-121.38619364,36.83420125,25,,True
8763,93906,-121.63170864,36.69876047,150,2.0,True
8764,95128,-121.93839201,37.3279247400001,334,,False
8765,93901,-121.6459838,36.6590304600001,263,,False
8766,95128,-121.93296275,37.3128895300001,681,,True
8767,95119,-121.80021567,37.23980334,247,,False
8768,95124,-121.94657688,37.2520787400001,404,,True
8769,95032,-121.94807381,37.2447147300001,49,,False
8770,95076,-121.79291107,36.9271306700001,106,,False
8771,93940,-121.91308747,36.57889304,18,,False
8772,95128,-121.9332672,37.3128569,50,,True
8773,93906,-121.6330887,36.6966688000001,22,,True
8774,95020,-121.57137104,37.0365583600001,72,,True
8775,95008,-121.94755405,37.2597573900001,4,,False
8776,95065,-121.97741662,36.9876997600001,28,,False
8777,94304,-122.17539004,37.43600458,456,,True
8778,94040,-122.07999567,37.36945882,275,,False
8779,94040,-122.07928337,37.36877388,36,,False
8780,95051,-121.99887305,37.3354013800001,343,,True
8781,94305,-122.1748831,37.43465244,206,1.0,True
8782,94305,-122.175122299,37.4335053200001,30,,True
8783,95032,-121.9479332,37.2447534,21,,False
8784,92037,-117.24287107,32.8968589,173,,False
8785,92123,-117.15130103,32.7979585300001,444,,True
8786,92123,-117.15447284,32.7992843500001,656,2.0,True
8787,91942,-117.00678153,32.7805704400001,466,,True
8788,92120,-117.09515955,32.7915625800001,368,,False
8789,92064,-121.76310337,37.6255542700001,95,,True
8790,92037,-117.22546021,32.88518451,426,2.0,True
8791,92024,-117.28418338,33.0373447800001,187,2.0,True
8792,92056,-117.29026731,33.1856204000001,368,,True
8793,91942,-117.04416179,32.7746316700001,66,,False
8794,92056,-117.2904359,33.1856484,18,,False
8795,92025,-117.0752947,33.1250851200001,288,,True
8796,92128,-117.07531757,32.99118313,101,,False
8797,92111,-117.15447621,32.80601161,16,,False
8798,92064,-117.05547925,32.9971364800001,12,,True
8799,91942,-117.00694323,32.7807674700001,46,,True
8800,92123,-117.15497782,32.79829578,206,,True
8801,92120,-117.0570646,32.77658639,222,,False
8802,91910,-117.08325873,32.6337464600001,173,,False
8803,91911,-117.02318561,32.61897607,349,,False
8804,92103,-117.16005359,32.7514306200001,446,1.0,True
8805,92118,-117.16859221,32.6941428000001,59,,False
8806,92243,-115.56872826,32.78043468,161,,True
8807,92104,-117.1446454,32.75638366,70,,False
8808,91950,-117.08233671,32.68534055,188,,False
8809,92227,-115.55379865,32.95909297,107,,True
8810,92103,-117.16573138,32.7547702300001,381,1.0,True
8811,92110,-117.20206559,32.7536780900001,109,,False
8812,91950,-117.0828852,32.6851132,39,,True
8813,92103,-117.1605559,32.7510887,36,,True
8814,92120,-117.05768127,32.7768583500001,80,,False
8815,92103,-117.15976944,32.74962807,110,,False
8816,92037,-117.22559887,32.8780233100001,418,,True
8817,91911,-117.07171213,32.61749401,64,,False
8818,95403,-122.75187197,38.4949592200001,84,,True
8819,95490,-123.33872976,39.3896987200001,25,,True
8820,95448,-122.86440198,38.6270955100001,26,,False
8821,94533,-122.04754781,38.2618305500001,154,3.0,True
8822,94589,-122.2483773,38.12690208,248,,False
8823,95453,-122.90668998,39.1049534700001,30,,True
8824,95521,-124.09118922,40.8960565900001,78,,True
8825,95437,-123.80088057,39.43123374,25,,True
8826,95472,-122.81902624,38.39717434,37,,False
8827,94954,-122.63177833,38.2546958,80,,True
8828,94558,-122.29705681,38.32450327,200,3.0,True
8829,95422,-122.62014453,38.93561886,32,,True
8830,95540,-124.13640529,40.5826249200001,35,,False
8831,95531,-124.19412339,41.7737268400001,49,,False
8832,95476,-122.4650102,38.2880738700001,24,,False
8833,95542,-123.79225463,40.1016781600001,9,,False
8834,94574,-122.47485724,38.5425492900001,151,,True
8835,95501,-124.14223691,40.7841218500001,138,3.0,True
8836,94589,-122.23735858,38.13118388,106,,True
8837,95501,-124.14026282,40.7881685500001,15,,False
8838,95482,-123.20280834,39.1529058900001,68,,True
8839,94590,-122.24889369,38.11790375,61,,False
8840,95687,-121.95174902,38.35579706,50,,True
8841,95403,-122.72706436,38.4717930100001,172,,False
8842,95501,-124.16060022,40.7807165500001,16,,False
8843,94903,-122.55457038,38.0047544600001,116,,False
8844,94904,-122.55249586,37.9587062200001,60,,False
8845,94904,-122.53585894,37.94725336,310,3.0,False
8846,94904,-122.53568422,37.94725291,17,,False
8847,94945,-122.56002452,38.0992549200001,47,,False
8848,93308,-119.03959053,35.4117405800001,43,,False
8849,93215,-119.238822,35.76226418,105,,False
8850,93301,-119.00687331,35.39134233,385,,True
8851,93306,-118.96977367,35.38249885,197,2.0,True
8852,93240,-118.40699173,35.6350283,27,,True
8853,93306,-118.97012618,35.38218096,25,,True
8854,93301,-119.02770461,35.37286364,144,,False
8855,93555,-117.67125097,35.6406720200001,72,,True
8856,93301,-119.02052376,35.3833996400001,254,,True
8857,93561,-118.45072312,35.14768438,25,,True
8858,93309,-119.05767184,35.3671915,86,,False
8859,93308,-119.0396283,35.4116960000001,21,,False
8860,93311,-119.11245047,35.35150429,85,,False
8861,93308,-119.0399964,35.3848296100001,47,,False
8862,93291,-119.29510056,36.3278429200001,480,3.0,True
8863,93277,-119.34823453,36.32084395,63,,False
8864,93257,-119.02736042,36.0685371700001,132,,False
8865,93274,-119.33866085,36.2211957600001,108,,False
8866,94704,-122.26857762,37.8644118600001,69,,False
8867,94501,-122.25421359,37.76279436,66,,False
8868,94705,-122.25726569,37.85587637,339,,False
8869,94609,-122.26742072,37.8370373600001,215,,True
8870,94509,-121.80297851,37.9822344500001,141,,True
8871,94609,-122.26408747,37.8193271000001,24,,False
8872,94602,-122.23119563,37.7988016200001,169,1.0,False
8873,94545,-122.08791253,37.6334419900001,171,,False
8874,94538,-121.97980839,37.5572828800001,415,,True
8875,94577,-122.13056397,37.7162326000001,99,,False
8876,94546,-122.08986105,37.69830547,130,2.0,True
8877,94578,-122.11870995,37.7076845600001,159,,False
8878,94598,-122.0412565,37.9129102100001,554,2.0,True
8879,94611,-122.25788503,37.8236132600001,315,,False
8880,94596,-122.05883931,37.8913463600001,233,,False
8881,94801,-122.36137844,37.9371846600001,50,,False
8882,94553,-122.13281479,38.0067980100001,124,,False
8883,94520,-122.0334968,37.9830895800001,244,,False
8884,94550,-121.78179165,37.6773201400001,35,,False
8885,94609,-122.26400415,37.8201396100001,58,,False
8886,94704,-122.2687119,37.8640724000001,68,,False
8887,94553,-122.1327778,38.0060892000001,43,,False
8888,94578,-122.12020329,37.7105796600001,80,,False
8889,94609,-122.26306059,37.8212158600001,403,,False
8890,94583,-121.95727902,37.77459185,64,,False
8891,94583,-121.9581807,37.7758794900001,123,,False
8892,94538,-121.97964311,37.5466295000001,148,,True
8893,94588,-121.88030761,37.69359647,167,,True
8894,94520,-122.03710226,37.9859883600001,73,,False
8895,94550,-121.7817662,37.6772624600001,14,,False
8896,94538,-121.9750842,37.55279037,100,,False
8897,95405,-122.70173965,38.4437493,283,2.0,True
8898,95405,-122.70246029,38.4417306500001,15,,False
8899,94558,-122.26703341,38.27803987,151,,False
8900,93422,-120.63489061,35.46271761,311,,False
8901,92369,-117.21758236,34.13810098,427,,False
8902,90650,-118.06798967,33.92803135,1004,,False
8903,93257,-118.98341878,36.03977122,17,,False
8904,94133,-122.40916876,37.79548828,88,,False
8905,94403,-122.2994948,37.53114656,69,,False
8906,94115,-122.44325335,37.78228361,239,,False
8907,94080,-122.43926996,37.6596877600001,120,,False
8908,94063,-122.22339013,37.4888478400001,153,,False
8909,94116,-122.42587335,37.7743640800001,11,,False
8910,94115,-122.43914721,37.7849197100001,140,,False
8911,94010,-122.3823236,37.59251275,241,,True
8912,94110,-122.4207679,37.7477178600001,120,,False
8913,94110,-122.40576212,37.75657562,284,1.0,False
8914,94109,-122.42224961,37.7858287700001,274,,False
8915,94117,-122.43436005,37.7688860920001,153,,False
8916,94062,-122.25488434,37.47936502,208,,False
8917,94015,-122.47423757,37.67988504,250,,False
8918,94038,-122.50727662,37.5263914500001,5,,False
8919,94109,-122.45689637,37.7493223700001,259,,False
8920,94117,-122.45375164,37.77408876,240,,False
8921,94143,-122.45787718,37.7630768500001,559,,False
8922,94143,-122.45685062,37.76347235,56,,False
8923,94117,-122.4538893,37.7740749000001,35,,False
8924,94109,-122.4167294,37.7893799,35,,False
8925,94115,-122.43151197,37.78993968,18,,False
8926,94403,-122.29985318,37.5310104100001,34,,False
8927,94015,-122.4740564,37.6801347000001,24,,False
8928,94112,-122.43089102,37.72777424,13,,False
8929,94110,-122.4047401,37.7557238000001,83,,False
8930,94117,-122.434800079,37.768556301,191,,False
8931,95948,-121.6896546,39.36752632,24,,False
8932,95926,-121.84799638,39.75249689,30,,False
8933,96122,-120.46281013,39.8055505200001,9,,False
8934,95988,-122.20804539,39.5212786700001,47,,False
8935,96130,-120.62772848,40.4368832800001,25,,True
8936,96028,-121.42405441,41.0238893600001,16,,False
8937,96001,-122.39541057,40.5719249800001,266,2.0,True
8938,96101,-120.54574399,41.48005626,8,,True
8939,96067,-122.32112569,41.31865738,33,3.0,True
8940,95926,-121.85039434,39.7418275900001,228,2.0,True
8941,95966,-121.54115814,39.5061496000001,133,,True
8942,95971,-120.96170025,39.93972896,16,,True
8943,96001,-122.38786832,40.5856318200001,226,,True
8944,96020,-121.23476753,40.30576261,10,,False
8945,96097,-122.64571656,41.71937331,28,,False
8946,96080,-122.21905251,40.1484949800001,76,3.0,True
8947,96104,-120.17142808,41.5314890700001,4,,False
8948,96093,-122.93965693,40.7380835100001,25,,True
8949,95932,-122.00037941,39.20646086,42,,True
8950,95901,-121.59391248,39.1380049900001,221,3.0,True
8951,95945,-121.04749978,39.22801629,104,,True
8952,96161,-120.20077332,39.3251073800001,33,,True
8953,95926,-121.8481661,39.7526032000001,30,,False
8954,95926,-121.86753186,39.7541865600001,40,,False
8955,96001,-122.41354965,40.58517421,50,,False
8956,96001,-122.4168309,40.58592165,10,,False
8957,92311,-117.01719353,34.89252953,30,,True
8958,92315,-116.88820761,34.2464007500001,9,,True
8959,91710,-117.68602553,34.0256879,112,,False
8960,93546,-118.96232892,37.6439502100001,17,,False
8961,91763,-117.69597657,34.07875777,106,,False
8962,92252,-116.27513924,34.1318995500001,59,,True
8963,92335,-117.43401791,34.0731024400001,450,,True
8964,92354,-117.25163678,34.04730564,134,,False
8965,92354,-117.26401236,34.04966684,320,,True
8966,92363,-114.61749396,34.83306592,25,,True
8967,93514,-118.40623977,37.36206187,25,,False
8968,91764,-117.64247932,34.06917586,91,,False
8969,92373,-117.2050148,34.03646309,195,,False
8970,92352,-117.16829537,34.2654122100001,17,,True
8971,91786,-117.63756603,34.10180934,363,,True
8972,92395,-117.29319765,34.52830642,101,,True
8973,92411,-117.32181397,34.13136432,185,,True
8974,92324,-117.35100495,34.07398951,366,2.0,True
8975,93545,-118.05791185,36.6091002000001,4,,True
8976,92404,-117.27701998,34.13467236,342,,False
8977,92307,-117.26569152,34.54148837,213,,True
8978,92411,-117.3209714,34.1313185000001,74,,True
8979,92373,-117.2058328,34.0367064000001,18,,False
8980,92324,-117.3512727,34.0752955,90,,True
8981,92373,-117.21408314,34.04943883,89,,False
8982,91710,-117.68799396,34.0090831300001,157,,False
8983,92411,-117.32545959,34.12937191,60,,False
8984,92395,-117.29815821,34.4724019400001,148,,True
8985,91730,-117.56629378,34.10371431,55,,False
8986,92571,-117.22233948,33.8124777100001,40,,False
8987,92882,-117.56832093,33.8730377000001,160,,False
8988,92879,-117.55385804,33.85808331,238,,False
8989,92262,-116.54345357,33.83866785,353,2.0,True
8990,92270,-116.40624109,33.7633520700001,437,,True
8991,92543,-116.96018545,33.7501697000001,304,,False
8992,92201,-116.23525807,33.7065682800001,145,,True
8993,92225,-114.59511628,33.6128617700001,25,,False
8994,92503,-117.4393743,33.9272164500001,193,,False
8995,92506,-117.3952935,33.96230639,68,,False
8996,92501,-117.38098895,33.97655423,478,1.0,True
8997,92555,-117.19582976,33.91191123,362,,True
8998,92220,-116.94610216,33.93182075,79,,True
8999,92270,-116.40070576,33.76230051,100,,False
9000,92595,-117.23760107,33.59168162,120,2.0,True
9001,92503,-117.4598561,33.9190012,77,,False
9002,92562,-117.18406775,33.5587769100001,120,,True
9003,92505,-117.46925913,33.90492377,226,,False
9004,92585,-117.16803304,33.7195022700001,84,,True
9005,92879,-117.5537121,33.8581423000001,38,,False
9006,93210,-120.24044596,36.1335482900001,50,,False
9007,92123,-117.15509633,32.79562758,159,,False
9008,93060,-119.06491481,34.3664467,49,,True
9009,94531,-121.77513822,37.95099113,150,,True
9010,91335,-118.55314803,34.2005459900001,10,,False
9011,90048,-118.38071212,34.07629445,889,,True
9012,95356,-121.05177845,37.7065222800001,152,,True
9013,92618,-117.77492779,33.65823563,264,,True
9014,94305,-122.175306798,37.432503233,0,,True
9015,95991,-121.61345406,39.13145021,14,,False
9016,92555,-117.18600322,33.8970320700001,94,,False
9017,90026,-118.26352585,34.06966945,29,,False
9018,92123,-117.15147716,32.798193,0,,True
9019,94143,-122.4578207,37.7631182000001,0,,False
9020,92373,-117.22021636,34.0489404100001,28,,False
9021,92868,-117.88850768,33.7870304,0,,True
9022,95688,-121.93910482,38.3886276600001,144,2.0,True
9023,92354,-117.24469751,34.07023245,25,,False
9024,94115,-122.4313063,37.7908536,0,,False
9025,90027,-118.29103759,34.09763014,413,,True
9026,92103,-117.166135,32.7542698,0,,True
9027,95401,-122.77162617,38.45039782,95,,False
9028,92618,-117.77320644,33.6603969400001,70,,False
9029,93230,-119.66722347,36.3236339700001,173,,True
9030,92563,-117.16907031,33.6147769400001,111,,True
9031,94401,-122.32650937,37.56518478,60,,False
9032,91761,-117.60859933,34.0320795600001,176,,False
9033,95051,-122.00203141,37.3363326,24,,False
9034,92123,-117.151407,32.7977575,24,,True
9035,92029,-117.12137086,33.12221694,286,2.0,True
9036,94578,-122.14349369,37.7122883500001,91,,False
9037,92806,-117.84419454,33.85198788,262,,True
9038,92592,-117.10603074,33.4807975900001,140,,True
9039,94577,-122.16465452,37.7064062000001,216,,False
9040,95062,-121.99394705,36.98336892,16,,False
9041,90806,-118.15073686,33.80492093,36,,False
9042,92354,-117.26409446,34.0501308300001,364,,True
9043,94158,-122.39007048,37.76548003,289,,True
9044,95138,-121.77445823,37.24902093,80,,False
9045,95355,-120.97578532,37.6970277300001,50,,False
9046,90806,-118.19338993,33.8070928700001,221,,False
9047,93309,-119.06053458,35.31672358,90,,False
9048,94117,-122.45403004,37.7740387900001,60,,False
9049,92656,-117.70124693,33.57117142,93,,False
9050,92123,-117.1252232,32.8303178900001,253,,False
9051,92270,-116.43945,33.81487,50,,False
9052,92563,-117.16202041,33.60658089,50,,False
9053,92014,-117.22595106,32.9838858100001,93,,False
9054,94304,-122.1770842,37.4342813000001,368,,True
9055,92029,-117.12104399,33.1199981400001,52,,False
9056,90015,-118.26597607,34.03735377,318,2.0,False
9057,91801,-118.14403481,34.0902158700001,118,,False
9058,93534,-118.15882602,34.68826898,390,2.0,True
9059,90640,-118.10044688,34.01455951,202,,False
9060,90704,-118.33070512,33.33920404,8,,False
9061,90026,-118.24836126,34.0760965800001,105,,False
9062,90232,-118.3970661,34.0232026300001,311,,False
9063,90706,-118.12960781,33.8744084800001,112,,False
9064,91767,-117.74727563,34.09809331,99,,False
9065,91770,-118.07401554,34.08843641,97,,False
9066,90301,-118.34823599,33.9504444300001,362,,False
9067,91105,-118.15238299,34.13445374,578,2.0,True
9068,91402,-118.456665,34.2202962000001,85,,False
9069,91307,-118.62862367,34.20285942,260,,True
9070,90067,-118.41186805,34.0591029300001,138,,False
9071,90723,-118.16226707,33.8846318600001,177,,False
9072,90027,-118.29002763,34.0974728,495,,True
9073,90026,-118.2634888,34.0695317,122,,False
9074,91010,-117.97113797,34.12980151,217,,False
9075,90650,-118.09882162,33.91269312,117,,False
9076,90247,-118.29743826,33.8900864400001,54,,False
9077,90255,-118.22418986,33.98948957,81,,False
9078,91776,-118.10591879,34.10086879,187,,False
9079,91791,-117.91725121,34.0871916,76,,False
9080,90292,-118.43923224,33.9821616200001,103,,False
9081,90712,-118.14840297,33.8597066200001,172,,False
9082,90404,-118.4868924,34.02770868,281,,False
9083,91402,-118.43021929,34.2185641900001,218,,False
9084,90241,-118.13090396,33.9343518000001,199,,False
9085,90023,-118.18416481,34.0236473000001,102,,False
9086,91436,-118.48702421,34.1572271000001,107,,False
9087,91741,-117.87125972,34.1326545800001,105,,True
9088,91754,-118.12385734,34.0681632500001,210,,False
9089,91206,-118.23006375,34.1503629700001,415,,True
9090,91733,-118.04329487,34.0480352800001,104,,False
9091,91355,-118.55387859,34.39772694,334,2.0,True
9092,90028,-118.32523487,34.09639136,100,,False
9093,90027,-118.29047045,34.0964510200001,345,,True
9094,91345,-118.45980766,34.27954744,329,2.0,True
9095,90017,-118.26515847,34.0546744100001,380,,True
9096,91723,-117.89302158,34.08830922,138,,False
9097,90710,-118.29598266,33.78859527,257,,False
9098,90027,-118.29417533,34.09857365,492,,False
9099,90242,-118.12899785,33.9195067900001,424,,False
9100,90034,-118.37469638,34.03849668,265,,False
9101,93551,-118.14436687,34.58287763,184,,True
9102,90503,-118.35729724,33.8384929000001,327,,False
9103,90804,-118.14524061,33.78848636,178,,False
9104,90813,-118.19413912,33.78828429,36,,False
9105,90023,-118.18651367,34.0193463100001,91,,False
9106,90056,-118.37845111,33.99013059,81,,False
9107,90638,-118.01335391,33.9163642400001,118,,False
9108,91356,-118.53190406,34.1703932200001,249,,False
9109,90247,-118.29478349,33.8929648800001,103,,False
9110,91204,-118.25664317,34.1281656300001,255,,False
9111,90250,-118.35204394,33.9117288,64,,False
9112,90806,-118.18692987,33.8081953700001,411,,True
9113,91007,-118.04171175,34.1344874600001,348,,False
9114,90602,-118.04992861,33.96994342,488,,True
9115,90404,-118.47945038,34.0308259500001,266,,False
9116,91505,-118.32886911,34.1570435300001,392,,True
9117,90813,-118.18611537,33.7804233800001,360,2.0,True
9118,91016,-117.99266766,34.1487586600001,49,,False
9119,91754,-118.13826223,34.04946606,101,,False
9120,91364,-118.63663587,34.15797825,12,,False
9121,91325,-118.53306819,34.2198249300001,354,,True
9122,90650,-118.06412435,33.9106711900001,50,,False
9123,90012,-118.24340189,34.06689734,68,,False
9124,91724,-117.86647858,34.09980534,134,,False
9125,91767,-117.75055202,34.0768488200001,412,2.0,True
9126,91773,-117.83463577,34.09750932,101,,False
9127,90505,-118.34429293,33.8117542200001,570,,True
9128,90262,-118.20327957,33.9295718400001,314,2.0,True
9129,91405,-118.46302129,34.1949895000001,350,,False
9130,91790,-117.94566602,34.0634630800001,325,,False
9131,91352,-118.39636291,34.24009834,95,,False
9132,91107,-118.0909706,34.14164966,118,,False
9133,91403,-118.44941401,34.1601949600001,112,,True
9134,91706,-117.96743779,34.0630389300001,91,,False
9135,90505,-118.34351745,33.8102699900001,166,,True
9136,90026,-118.25658079,34.0852414,55,,False
9137,90605,-118.00396099,33.9501630300001,148,,False
9138,90095,-118.44658769,34.0654038600001,74,,True
9139,90732,-118.30500436,33.7384230700001,158,,False
9140,90036,-118.36245858,34.0573663500001,17,,False
9141,91356,-118.5398562,34.1794458300001,60,,False
9142,91770,-118.10568845,34.0695660700001,118,,False
9143,90095,-118.44662507,34.0665543800001,446,,True
9144,90089,-118.20478551,34.06135541,60,,True
9145,91401,-118.44749083,34.1769007,59,,False
9146,91208,-118.21598001,34.20488886,116,,True
9147,91790,-117.94490301,34.0713694500001,13,,False
9148,90033,-118.2179995,34.0491115,293,,False
9149,90813,-118.19664647,33.78936752,63,,False
9150,90011,-118.26621008,34.00729948,72,,False
9151,90703,-118.1029467,33.8843352700001,187,,False
9152,91367,-118.58968722,34.1703945,274,,False
9153,90232,-118.39669906,34.0230942000001,103,,False
9154,90804,-118.14462465,33.7884719100001,0,,False
9155,90262,-118.20282854,33.92974616,40,,True
9156,91706,-117.9676425,34.0630569,4,,False
9157,91325,-118.533657,34.2201988,40,,True
9158,93534,-118.15850593,34.6882544200001,30,,True
9159,91206,-118.23000525,34.15044282,60,,True
9160,91768,-117.79063593,34.0609925700001,40,,False
9161,91723,-117.8935005,34.0878738000001,30,,False
9162,90732,-118.30764378,33.73810424,48,,False
9163,91776,-118.1058436,34.1010384,42,,False
9164,91352,-118.3960912,34.2405259000001,38,,False
9165,91204,-118.2569564,34.1280862,49,,False
9166,90033,-118.2173882,34.0495414000001,33,,False
9167,91436,-118.4870017,34.1574278000001,13,,False
9168,91355,-118.5526337,34.3988591,23,2.0,True
9169,90706,-118.1297319,33.8743136000001,32,,False
9170,90033,-118.2013106,34.06202984,401,,True
9171,90292,-118.4392262,33.9821449,30,,False
9172,90732,-118.305098,33.7382583,25,,False
9173,91105,-118.15298394,34.1343853600001,41,2.0,True
9174,91740,-117.86513794,34.1274871300001,63,,False
9175,91706,-117.98569517,34.06534422,272,,False
9176,91208,-118.21570392,34.2047447800001,24,,True
9177,92706,-117.89159475,33.7621497000001,54,,False
9178,91403,-118.4495134,34.1602807,19,,True
9179,90806,-118.18545758,33.80817455,357,,True
9180,90232,-118.3970127,34.02350241,18,,False
9181,91402,-118.45666936,34.2204145600001,60,,False
9182,81301,-107.87115236,37.2490827300001,12,,False
9183,81050,-103.54957879,37.97806683,25,,True
9184,81611,-106.8395395,39.1903806500001,25,3.0,True
9185,80528,-105.00936069,40.5211229600001,29,,True
9186,80011,-104.8270392,39.7284112,120,,True
9187,80109,-104.88456375,39.4051195600001,90,3.0,True
9188,80906,-104.8162352,38.8023163400001,76,,False
9189,80112,-104.82378475,39.59418272,20,,True
9190,80027,-105.14795153,39.95191192,104,,False
9191,80027,-105.15178165,39.9519092200001,114,3.0,True
9192,80122,-104.98607382,39.57633122,231,2.0,True
9193,80907,-104.82233834,38.86520555,300,2.0,True
9194,80210,-104.974143,39.6704232000001,0,,True
9195,80228,-105.12928005,39.7162090400001,237,1.0,True
9196,80923,-104.717482,38.9386391100001,222,3.0,True
9197,81004,-104.62257768,38.23380336,408,3.0,True
9198,81212,-105.23094679,38.45529191,25,,True
9199,80129,-105.01001289,39.5573325,16,,True
9200,80534,-104.97518073,40.4045274900001,92,,False
9201,80020,-105.06819796,39.88763727,36,,False
9202,81521,-108.73666511,39.1636840400001,25,,False
9203,80236,-105.03242738,39.64106738,94,,False
9204,81003,-104.63060299,38.2889440500001,516,,False
9205,80701,-103.79547935,40.2600213800001,50,3.0,True
9206,81505,-108.61518639,39.10494171,60,3.0,False
9207,80113,-104.97858932,39.6542872700001,93,,True
9208,81416,-108.04701861,38.7449646200001,49,,True
9209,80204,-104.99097511,39.7282011400001,555,1.0,True
9210,80112,-104.82755155,39.5567824400001,96,,False
9211,80723,-103.64947821,40.25589605,25,,True
9212,80230,-104.89201866,39.7232211200001,72,,False
9213,80218,-104.96803105,39.7455849200001,36,,True
9214,80230,-104.8941775,39.7238004600001,24,,False
9215,80230,-104.89433434,39.7220527800001,29,,False
9216,80901,-104.81694722,38.8012936700001,0,,False
9217,80120,-105.00009816,39.57454183,60,,False
9218,80910,-104.79146875,38.8280758600001,64,,False
9219,80517,-105.51511239,40.37152286,23,,True
9220,80303,-105.23625162,40.01629753,167,2.0,True
9221,80026,-105.08655902,39.9705351700001,234,2.0,True
9222,81650,-107.77017877,39.52123318,25,,True
9223,81230,-106.92474584,38.5513953600001,24,,True
9224,80731,-102.63139823,40.6417925000001,25,,False
9225,81201,-106.00884678,38.5432124100001,25,,True
9226,80130,-104.90767313,39.5627578,86,,False
9227,80813,-105.1822323,38.7531342,0,,False
9228,80534,-104.97508863,40.4043987000001,92,,False
9229,80810,-102.35501131,38.8257277800001,25,,True
9230,80210,-104.97466465,39.67032342,28,,True
9231,80011,-104.82697382,39.72813068,37,,True
9232,80218,-104.964522,39.746336,81,,False
9233,80807,-102.270492,39.3031960000001,19,,False
9234,80821,-103.4737372,39.13843589,15,,True
9235,80501,-105.12665369,40.1821357700001,186,3.0,True
9236,80504,-105.05837006,40.16185088,57,3.0,True
9237,80033,-105.08992112,39.76847264,338,2.0,True
9238,80538,-105.05147836,40.4129916800001,118,3.0,True
9239,80012,-104.83192087,39.6900632800001,269,2.0,True
9240,80538,-104.9973755,40.41572467,174,2.0,True
9241,80734,-102.28990254,40.57927084,15,,True
9242,81625,-107.58011974,40.51849766,25,,True
9243,81301,-107.82626845,37.23602793,82,3.0,True
9244,80459,-106.39041389,40.05697157,18,,True
9245,80446,-105.925792,40.075728,7,,True
9246,81401,-107.86902127,38.48003993,75,3.0,True
9247,81082,-104.48761163,37.1732064,25,,True
9248,80206,-104.94205727,39.7391367700001,46,,False
9249,80631,-104.70857763,40.4145676200001,378,2.0,True
9250,80229,-104.98530648,39.8633858800001,157,2.0,True
9251,80534,-104.97130148,40.4064759500001,20,,False
9252,80534,-104.971311,40.406238,40,,False
9253,80228,-105.12986705,39.71620404,48,,True
9254,81147,-107.07831196,37.2521482500001,11,,True
9255,80401,-105.2046261,39.7272616000001,0,,False
9256,80204,-105.0349823,39.74359911,63,,False
9257,80138,-104.77102407,39.54820081,170,2.0,True
9258,81007,-104.7016949,38.3285812,0,,True
9259,81003,-104.61273633,38.2816371800001,350,2.0,True
9260,80923,-104.71296913,38.9374869800001,112,,False
9261,81641,-107.88126343,40.04640332,16,,True
9262,80601,-104.76919683,39.9647248800001,98,3.0,True
9263,80524,-105.05691757,40.5717845300001,255,3.0,True
9264,80218,-104.96678851,39.7472209900001,680,,True
9265,81052,-102.61012319,38.07060898,25,,True
9266,81648,-108.80686095,40.07878915,25,,True
9267,80238,-104.88225139,39.7814708400001,40,,False
9268,80112,-104.8636637,39.5600552000001,40,,False
9269,81132,-106.36392683,37.67431142,17,,True
9270,80220,-104.93450914,39.73197795,422,,True
9271,80218,-104.96992434,39.7458780700001,400,3.0,True
9272,81101,-105.88274238,37.472182,49,3.0,True
9273,81140,-105.96553353,37.2627940400001,17,,True
9274,80233,-104.98407333,39.91240745,8,,False
9275,80737,-102.26832422,40.99391889,15,,True
9276,80124,-104.8711824,39.5290899600001,284,2.0,True
9277,81073,-102.61228291,37.40437038,23,,False
9278,81321,-108.57452494,37.3622022000001,25,,True
9279,80011,-104.82747275,39.7310299600001,78,,False
9280,80218,-104.96798062,39.74664992,22,,True
9281,81089,-104.83117802,37.60051672,20,,True
9282,80023,-104.99114069,39.95659556,121,3.0,True
9283,80443,-106.07795417,39.56943684,35,3.0,True
9284,81501,-108.56357249,39.0905071600001,346,2.0,True
9285,80461,-106.30345296,39.24499904,25,,True
9286,80751,-103.22075862,40.6125290700001,25,3.0,True
9287,80113,-104.98054029,39.65385659,408,1.0,True
9288,80021,-105.091519,39.9105225700001,40,,False
9289,80918,-104.81688024,38.9108641400001,22,,False
9290,80634,-104.79053651,40.3909429600001,53,3.0,True
9291,80129,-105.00561838,39.5524962900001,93,3.0,True
9292,80863,-105.07371201,38.9743439600001,15,,True
9293,80487,-106.81485813,40.4632064200001,39,3.0,False
9294,80909,-104.79945361,38.8394666300001,583,1.0,True
9295,80920,-104.75473269,38.96684595,130,3.0,True
9296,80045,-104.84112208,39.7423045,678,1.0,True
9297,80045,-104.8420288,39.7426294000001,698,1.0,True
9298,81054,-103.1314526,38.07475319,0,,False
9299,80220,-104.93648196,39.7320120100001,0,,False
9300,81657,-106.381464,39.64366971,0,,
9301,81657,-106.38198523,39.64337027,56,3.0,True
9302,81601,-107.32210539,39.5323214800001,78,3.0,True
9303,80229,-104.9799113,39.85016211,54,,False
9304,80229,-104.9804143,39.8502597,31,,False
9305,81036,-102.78486743,38.4803197300001,25,,False
9306,81501,-108.52038175,39.07926073,64,,False
9307,80758,-102.23499661,40.07620337,16,,True
9308,80759,-102.73671118,40.12025952,12,,True
9309,06106,-72.6818001,41.75366781,185,,True
9310,06053,-72.80199357,41.6891819200001,228,,False
9311,06112,-72.69393602,41.80002111,60,,False
9312,06492,-72.85676125,41.4728847800001,137,,False
9313,06040,-72.5256751599999,41.7815081700001,249,,True
9314,06069,-73.48173833,41.88054263,78,,True
9315,06320,-72.10497646,41.3364517800001,280,,True
9316,06610,-73.16659472,41.1893773800001,501,3.0,True
9317,06706,-73.03671049,41.55320586,347,3.0,True
9318,06360,-72.08931881,41.5427735600001,213,3.0,True
9319,06260,-71.9144552,41.90665998,104,,True
9320,06790,-73.1331193199999,41.7918383000001,109,,True
9321,06052,-72.7877483999999,41.6610486700001,446,,True
9322,06010,-72.93551293,41.67634286,154,,True
9323,06032,-72.79058452,41.73076488,169,,True
9324,06904,-73.55312508,41.0550166900001,305,3.0,True
9325,06451,-72.80122911,41.5493917700001,156,,True
9326,06708,-73.0587052,41.55975885,357,3.0,True
9327,06457,-72.6475693799999,41.5543372600001,297,,True
9328,06418,-73.0892051399999,41.3356130000001,160,,False
9329,06810,-73.4461948599999,41.4050509,456,3.0,True
9330,06856,-73.42194562,41.11153017,366,3.0,True
9331,06226,-72.2263752599999,41.7173006400001,130,,True
9332,06510,-72.9354136599999,41.30469134,1541,1.0,True
9333,06106,-72.6821331,41.749671,0,,False
9334,06405,-72.83233261,41.2558933700001,52,,False
9335,06105,-72.69868009,41.77381387,617,1.0,True
9336,06830,-73.63029318,41.03382609,206,,False
9337,06076,-72.39088638,41.9801016800001,64,,True
9338,06066,-72.4512112899999,41.86660055,102,,True
9339,06606,-73.20170224,41.2010451800001,473,3.0,True
9340,06250,-72.1980114799999,41.7411039200001,57,,False
9341,06840,-73.46992282,41.1654062900001,129,,False
9342,06492,-72.8362394,41.4627059200001,80,,False
9343,06457,-72.6258903999999,41.55204,229,,False
9344,06117,-72.72927157,41.80292552,38,,False
9345,06810,-73.4471809999999,41.4043950000001,0,,True
9346,19901,-75.52369592,39.1507908,266,3.0,True
9347,19963,-75.391695,38.8869,152,3.0,False
9348,19958,-75.1432676699999,38.7717604700001,210,3.0,True
9349,19718,-75.66912143,39.6874860400001,906,1.0,True
9350,19899,-75.5496618,39.7514639,321,3.0,True
9351,19720,-75.57631556,39.70064567,200,,False
9352,19901,-75.4842601399999,39.15367085,104,,False
9353,19709,-75.67752226,39.4534342100001,40,,False
9354,19720,-75.62934354,39.63972812,120,,False
9355,19803,-75.55532113,39.7793809200001,260,,True
9356,19904,-75.5555085999999,39.1773838,34,,False
9357,19713,-75.6610423399999,39.6952703000001,140,,False
9358,19805,-75.56674041,39.7500297400001,35,,False
9359,19805,-75.5668735099999,39.7498689400001,395,3.0,False
9360,19947,-75.4074171,38.6990883,90,,False
9361,39710,-88.4535777999999,33.6257558,0,,False
9362,96853,-157.95852789,21.3394511400001,0,,False
9363,72099,-92.14981865,34.8956635600001,0,,False
9364,32544,-86.6810169999999,30.4194026000001,0,,False
9365,29152,-80.4889838999999,33.9708044000001,0,,False
9366,67221,-97.24611967,37.6324176000001,0,,False
9367,31699,-83.2072927199999,30.9765612200001,0,,False
9368,88103,-103.32853292,34.4019124800001,0,,False
9369,57706,-103.0726056,44.1473989,0,,False
9370,71110,-93.6805103,32.4914255,0,,False
9371,31905,-82.15805095,33.42351282,0,,False
9372,93437,-120.54161146,34.74461769,0,,True
9373,20032,-77.01418597,38.83614664,0,,False
9374,58205,-97.37394655,47.95062491,0,,False
9375,32403,-85.6028464,30.071384,0,,False
9376,59402,-111.1955012,47.5165614000001,0,,False
9377,99702,-147.09262453,64.67840671,0,,False
9378,85707,-110.85980967,32.17326043,0,,False
9379,83648,-115.850283,43.065168,0,,False
9380,87108,-106.58148568,35.05404937,0,,False
9381,93524,-117.89816679,34.9241734,0,,False
9382,36112,-86.3460928,32.3758145,0,,False
9383,19902,-75.4754583,39.1220950000001,0,,False
9384,32925,-80.60448955,28.2143606700001,0,,False
9385,80011,-104.77309604,39.7115551000001,0,,False
9386,80011,-104.77549733,39.7081618600001,0,,False
9387,88330,-106.073297,32.8388557500001,0,,False
9388,65305,-93.5723712,38.7282561000001,0,,False
9389,85309,-112.3572473,33.5412922,0,,False
9390,78236,-98.62219938,29.39956048,0,,False
9391,58705,-101.3021616,48.4172037000001,0,,False
9392,94535,-121.9637813,38.2700215,0,,True
9393,90245,-118.3811649,33.9190368000001,0,,False
9394,29404,-80.0582946,32.8970776,0,,False
9395,98438,-122.496288569,47.1296484540001,0,,False
9396,23665,-76.35761381,37.0735426800001,0,,False
9397,01731,-71.282688,42.4578802,0,,False
9398,99506,-149.74466706,61.23509597,0,,True
9399,33621,-82.5007394,27.8600535,0,,False
9400,84056,-111.98453756,41.1056993500001,0,,False
9401,31098,-83.5855701099999,32.60402708,0,,False
9402,39534,-88.91008169,30.4124274100001,0,,False
9403,08641,-74.6157832599999,40.03179885,0,,False
9404,45433,-84.03740713,39.80534785,57,,False
9405,82005,-104.861211,41.1588527000001,0,,False
9406,99011,-117.64527527,47.6394160400001,48,,True
9407,32542,-86.5552326499999,30.4608398600001,0,,True
9408,89191,-115.04928189,36.24602701,0,,True
9409,95903,-121.34158828,39.11515208,0,,False
9410,98431,-122.55160462,47.10837883,0,,False
9411,37389,-86.03722685,35.3839551200001,0,,False
9412,78234,-98.4159233,29.4603228600001,0,,True
9413,99703,-147.66222916,64.8297002400001,23,,True
9414,71459,-93.2138014,31.0624557,22,,True
9415,23461,-75.9605789,36.7746353000001,0,,False
9416,42223,-87.4474845,36.6366409,41,,True
9417,78234,-98.41559126,29.4600959800001,483,1.0,True
9418,42223,-87.45199952,36.60436851,0,,False
9419,42223,-87.4850418999999,36.668554,0,,False
9420,60064,-87.86051071,42.3070482300001,100,,True
9421,76544,-97.7742904,31.1309055300001,128,3.0,False
9422,06320,-72.1004210999999,41.3752134000001,0,,False
9423,90731,-118.26841019,33.7247670200001,0,,False
9424,97146,-123.8824535,46.1540113,0,,False
9425,13602,-75.7920599,44.0553640000001,0,,False
9426,76522,-97.90744841,31.11522662,0,,False
9427,22025,-76.3957111399999,37.0536278600001,127,,False
9428,30905,-82.12589716,33.4303328500001,125,,True
9429,80913,-104.79706889,38.71911428,92,,False
9430,22033,-77.3764952,38.8620530000001,0,,False
9431,22060,-77.14368028,38.7056025200001,120,,True
9432,66442,-96.7683039,39.0830322,0,,True
9433,66442,-96.8151293,39.1122537000001,0,,False
9434,35809,-86.66023089,34.6962142,0,,False
9435,99731,-145.7134337,63.9716633400001,0,,False
9436,65473,-92.11483258,37.76616456,46,,True
9437,10996,-73.9771370399999,41.40187124,20,,True
9438,76542,-97.7104004,31.0746998000001,0,,False
9439,20755,-76.7285714,39.0981144,0,,False
9440,28326,-79.0303824,35.2543434,0,,False
9441,31905,-84.9281850899999,32.37180614,57,,True
9442,23604,-76.57322626,37.1619543100001,30,,False
9443,66027,-94.9249508,39.3553971000001,0,,False
9444,29902,-80.6822799299999,32.3894647000001,0,,False
9445,98312,-122.69156053,47.59499772,40,,True
9446,92055,-117.3888045,33.2213161,42,,True
9447,32214,-81.68410578,30.20883704,64,,False
9448,32512,-87.29861569,30.39856995,0,,True
9449,92278,-116.04879378,34.2270664700001,19,,True
9450,28547,-77.35805206,34.72306625,60,3.0,True
9451,23708,-76.30576791,36.8454139300001,202,,True
9452,92134,-117.14593729,32.72752023,272,,True
9453,98433,-122.60169433,47.1273733300001,0,,False
9454,85613,-110.35227366,31.5491681400001,0,,False
9455,96859,-157.890273,21.35964934,450,2.0,True
9456,97459,-124.242333,43.4114667000001,0,,True
9457,20889,-77.09358972,39.0012869500001,244,,True
9458,96707,-158.0711325,21.3192517000001,0,,False
9459,92310,-116.68832955,35.2654396,27,,True
9460,78251,-98.687265,29.4623946,0,,False
9461,79918,-106.32634812,31.83452249,0,3.0,True
9462,31314,-81.60038895,31.8722569600001,39,,True
9463,28310,-79.0021702299999,35.1456262400001,138,3.0,True
9464,20010,-77.01439372,38.92726607,323,1.0,True
9465,20037,-77.05063668,38.9013190100001,395,1.0,False
9466,20017,-76.9808447999999,38.94116394,114,,False
9467,20060,-77.0200937499999,38.9175484100001,482,1.0,False
9468,20007,-77.07525457,38.91195851,609,,True
9469,20010,-77.0133434799999,38.9305425200001,137,,True
9470,20010,-77.0156483,38.92965194,912,1.0,True
9471,20017,-76.9920274999999,38.9439999000001,0,,False
9472,20016,-77.07796244,38.9439026200001,130,,False
9473,20016,-77.1092389,38.9362208000001,342,,True
9474,20002,-76.99586342,38.8929214200001,60,,False
9475,20032,-77.01314839,38.82512896,53,,False
9476,20032,-76.98825527,38.84792787,292,,False
9477,20032,-76.98498477,38.8359557000001,210,,True
9478,32701,-81.37015839,28.6653794800001,393,,True
9479,32703,-81.5402728999999,28.6492298000001,120,,True
9480,33614,-82.50400725,28.0132377300001,103,,False
9481,34747,-81.54085293,28.32812848,317,,True
9482,34637,-82.48991382,28.29527309,77,,False
9483,33525,-82.2007200799999,28.3479628600001,120,,False
9484,32117,-81.10765678,29.2431096,362,,True
9485,32720,-81.31734404,29.04365274,164,,True
9486,32822,-81.28154012,28.53998025,295,,True
9487,32763,-81.28516232,28.91437125,257,,True
9488,33837,-81.64141275,28.18143194,202,,True
9489,34744,-81.4059707,28.3161350400001,162,,True
9490,33852,-81.3697301299999,27.3200428600001,33,,True
9491,33853,-81.56527627,27.89619993,160,,True
9492,32168,-80.92185958,29.0202914700001,109,,False
9493,34689,-82.75778618,28.1329338200001,168,,True
9494,34471,-82.1389948199999,29.1749043900001,385,,True
9495,32803,-81.36999643,28.57441435,1400,,True
9496,32164,-81.18904651,29.47896072,99,,True
9497,33872,-81.50920998,27.5397512700001,171,,True
9498,33613,-82.42406118,28.07109597,626,,True
9499,32778,-81.7117937099999,28.82367264,300,,True
9500,33873,-81.8072774,27.5394213000001,25,,True
9501,33544,-82.35114261,28.1956241300001,169,,True
9502,32792,-81.3269111399999,28.59864479,373,,False
9503,33541,-82.18531322,28.26150147,149,,True
9504,32806,-81.37927042,28.5236186400001,506,,True
9505,32401,-85.648654718,30.1597238430001,323,2.0,True
9506,32550,-86.3068563099999,30.37857467,86,,True
9507,32456,-85.2878970199999,29.7790236700001,19,,True
9508,32504,-87.211843,30.4757070000001,547,,True
9509,32068,-81.8326886899999,30.1087624300001,134,,True
9510,32204,-81.69061053,30.30752863,584,,True
9511,32216,-81.58236885,30.2533777800001,313,,True
9512,32808,-81.4342448799999,28.56763289,90,,True
9513,33180,-80.14539622,25.9702031800001,467,2.0,True
9514,33178,-82.19385038,30.06705191,15,,False
9515,32501,-87.2304209,30.4294179,492,2.0,True
9516,33176,-80.33880186,25.6844300500001,948,,True
9517,32250,-81.39831629,30.27337357,146,,True
9518,32207,-81.6647073999999,30.3156511500001,489,,True
9519,32034,-81.44912349,30.6532098000001,62,,True
9520,32258,-81.53538489,30.1387778600001,291,,True
9521,33831,-81.84421022,27.9188959200001,72,,True
9522,34698,-82.782679773,28.013336338,48,,True
9523,34601,-82.4434916,28.53883382,120,,True
9524,33952,-82.09569026,26.98892519,254,,False
9525,33950,-82.0402774,26.94094642,208,,True
9526,34428,-82.62450274,28.95195805,128,,True
9527,34609,-82.5403749499999,28.43748721,124,,True
9528,33701,-82.64208187,27.76342061,480,2.0,True
9529,33435,-80.07056397,26.50505723,401,,True
9530,33472,-80.19976772,26.5297280500001,80,,True
9531,34769,-81.314139,28.2600870000001,64,,False
9532,34209,-82.62374175,27.48220059,383,2.0,True
9533,33486,-80.10283481,26.35873272,400,,False
9534,32216,-81.60117475,30.2902137400001,160,,True
9535,33065,-80.2556562199999,26.2687527800001,250,,False
9536,33308,-80.1108702,26.2070517600001,204,,False
9537,33316,-80.14088964,26.1026354900001,723,1.0,True
9538,33064,-80.12096378,26.2770037400001,409,2.0,True
9539,32424,-85.05010386,30.45862283,25,,True
9540,32440,-85.50674455,30.9630351600001,25,,False
9541,32931,-80.6229851699999,28.3601248000001,150,,True
9542,33990,-81.9420225,26.63920518,291,,True
9543,32308,-84.23154534,30.4757134600001,266,,True
9544,32353,-84.54866986,30.56888324,4,,True
9545,34208,-82.5396864699999,27.47565517,37,,False
9546,32821,-81.4695933899999,28.40911405,174,,False
9547,32771,-81.28363207,28.8145361700001,221,2.0,True
9548,33126,-80.29358797,25.77831589,69,,False
9549,32901,-80.61591569,28.0899205900001,52,,False
9550,34452,-82.33579571,28.8340343900001,204,,True
9551,33331,-80.36489475,26.08192217,206,,True
9552,32960,-80.39516331,27.6584231100001,332,,True
9553,34994,-80.24281336,27.1999986600001,244,,True
9554,34997,-80.2242166199999,27.1336514400001,100,,False
9555,34987,-80.4260695299999,27.2612467700001,177,,True
9556,34997,-80.221261,27.131449,80,,False
9557,32207,-81.6154618899999,30.2716244000001,107,,False
9558,33484,-80.12778775,26.43719284,536,1.0,True
9559,33040,-81.7674069999999,24.5641986000001,49,,False
9560,34266,-81.8510234,27.2274047700001,49,,True
9561,32940,-80.70822143,28.23414138,100,,False
9562,33146,-80.2742310799999,25.7241031,281,,False
9563,34233,-82.45335061,27.3019576300001,155,,False
9564,32425,-85.68303237,30.7610808100001,20,,True
9565,32348,-83.5933221399999,30.12012164,48,,True
9566,33137,-80.19244652,25.82282816,32,,False
9567,32308,-84.2393446999999,30.48751105,46,,False
9568,32063,-82.1192587099999,30.2859959800001,25,,True
9569,32405,-85.65778238,30.18378175,86,,False
9570,34997,-80.2224558199999,27.1334372900001,80,,False
9571,32714,-81.41305908,28.64633056,70,,False
9572,33770,-82.79701525,27.9254129600001,70,,False
9573,33189,-80.3409789299999,25.57484987,60,,False
9574,33548,-82.50026891,28.1315679900001,50,,False
9575,34471,-82.1623349399999,29.1658755400001,80,,False
9576,32405,-85.66917499,30.1818899200001,75,,False
9577,32504,-87.2027126899999,30.47238249,40,,False
9578,34240,-82.44264592,27.3009395,116,,False
9579,34613,-82.5169604499999,28.53226363,80,,False
9580,33351,-80.2850991299999,26.1780721700001,126,,False
9581,32308,-84.23701783,30.45960396,76,,False
9582,32960,-80.40030947,27.66137346,80,,False
9583,34223,-82.3266064699999,26.95020845,100,,True
9584,33952,-82.09806929,26.98841831,253,,False
9585,33050,-81.09443633,24.71036249,8,,True
9586,32086,-81.31709583,29.86302203,335,,True
9587,32324,-84.8413308999999,30.7065016700001,949,,True
9588,33334,-80.1331516499999,26.1977746200001,182,,False
9589,32547,-86.63321002,30.45443873,237,2.0,True
9590,32320,-84.99259476,29.7245342100001,25,,True
9591,33401,-80.05188127,26.7254617300001,333,,True
9592,32561,-87.15705465,30.3604819500001,77,,True
9593,33912,-81.8500077899999,26.54364602,699,,True
9594,32405,-85.6651762,30.18791588,223,,False
9595,32547,-86.63592529,30.4555941400001,28,,True
9596,33612,-82.42130803,28.0640987200001,218,,False
9597,32114,-81.05482789,29.2023849500001,563,2.0,True
9598,32127,-81.0085738399999,29.1262115100001,80,,False
9599,32725,-81.2557247,28.9576586000001,43,,True
9600,32117,-81.06859327,29.21401967,30,,False
9601,33615,-82.5741747499999,28.0023845700001,201,,True
9602,33511,-82.2878102,27.9329988800001,436,,True
9603,33609,-82.4899045499999,27.9379217800001,183,,False
9604,33328,-80.2567744999999,26.2131552000001,165,,True
9605,33321,-80.2541543,26.21215033,317,,True
9606,32435,-86.1179504199999,30.6597162200001,50,,False
9607,33908,-81.91304827,26.50728,461,,True
9608,33440,-80.94126555,26.7526814,25,,True
9609,33870,-81.43296058,27.46558924,126,,True
9610,32901,-80.6144376,28.0871980200001,550,2.0,True
9611,33308,-80.1199379,26.1864610700001,557,,False
9612,33033,-80.4300863399999,25.4799744900001,147,,True
9613,32446,-85.24131483,30.7868444100001,100,,True
9614,33136,-80.21348775,25.79234739,1547,1.0,True
9615,33169,-80.2036856399999,25.9304107900001,382,,True
9616,33157,-80.34469732,25.62974475,262,2.0,True
9617,33122,-80.20953507,25.79116165,98,,False
9618,32565,-87.15126923,30.9498495400001,49,,True
9619,33462,-80.0911682999999,26.5985861500001,527,,True
9620,33407,-80.08787269,26.7613235900001,280,,False
9621,33701,-82.64075371,27.7646375200001,259,,True
9622,33458,-80.09636668,26.9228733100001,248,,True
9623,33175,-80.3860673,25.73097011,447,1.0,True
9624,33155,-80.31745585,25.74750936,125,,False
9625,32901,-80.6324099999999,28.092831,58,,False
9626,34474,-82.1383737799999,29.1761036400001,31,,False
9627,33418,-80.11045934,26.78297895,70,,False
9628,33705,-82.6399938599999,27.7407459900001,82,,False
9629,33611,-82.51905979,27.89806909,73,,False
9630,33603,-82.4816084999999,27.98914074,102,,False
9631,32043,-81.68207821,29.98784521,73,,False
9632,33134,-80.27894771,25.76371679,55,,False
9633,33301,-80.12755006,26.11908665,64,,False
9634,33020,-80.14425525,26.0097990800001,119,,False
9635,32751,-81.36476076,28.61333605,40,,False
9636,32054,-82.3269097099999,30.02271425,25,,True
9637,32055,-82.68774475,30.183729,103,,True
9638,32060,-83.0029484299999,30.2912675900001,2,,True
9639,33805,-81.95407633,28.0603819500001,864,2.0,True
9640,33430,-80.67111188,26.72427155,70,,True
9641,34202,-82.43539617,27.39059781,120,,True
9642,33770,-82.80364866,27.9141474900001,286,,False
9643,33143,-80.2932347399999,25.70560155,146,,False
9644,33021,-80.1805009999999,26.0211580000001,50,,True
9645,33012,-80.31226968,25.86854243,247,,False
9646,34950,-80.3457183099999,27.43196973,398,2.0,True
9647,33901,-81.8740243,26.6283919100001,414,2.0,True
9648,33936,-81.65947633,26.6157346300001,88,,True
9649,34748,-81.89548304,28.8369040900001,46,,False
9650,33040,-81.74258028,24.5808249500001,118,,True
9651,32340,-83.41149706,30.4705140900001,25,,True
9652,34208,-82.56199765,27.49701192,295,,True
9653,33070,-80.52230508,25.0061565400001,25,,True
9654,32224,-81.44108268,30.26391313,304,,True
9655,34695,-82.70798517,28.03874698,387,,True
9656,34698,-82.78293655,28.0140316420001,120,,True
9657,34655,-82.6600605899999,28.2039334200001,278,,True
9658,34652,-82.72076616,28.23570153,62,,True
9659,32935,-80.67482367,28.10931987,119,,False
9660,32216,-81.6015080299999,30.2880617800001,454,2.0,True
9661,33029,-80.37275118,25.99086815,178,,False
9662,33024,-80.24558482,26.0297931000001,301,,False
9663,33028,-80.31080036,26.01301541,486,,True
9664,33021,-80.1800219899999,26.0189418100001,797,1.0,True
9665,33021,-80.1799103499999,26.00219657,216,,False
9666,33133,-80.21435329,25.74015862,488,,True
9667,33756,-82.80369684,27.9528167500001,599,,True
9668,34652,-82.7148904599999,28.2540628900001,150,,True
9669,33549,-82.45495546,28.1871831,72,,False
9670,33140,-80.13968156,25.8132190900001,664,,True
9671,34102,-81.79874297,26.15064489,391,,True
9672,34110,-81.78874501,26.2743089000001,322,,True
9673,32827,-81.27363896,28.3767995900001,130,,True
9674,33155,-80.2942967499999,25.74145624,309,,True
9675,32605,-82.41216616,29.66061304,523,,True
9676,32091,-82.10169813,29.9402788100001,5,,True
9677,32539,-86.5625252899999,30.7353546300001,110,,True
9678,33543,-82.32381142,28.2003665400001,126,,False
9679,32063,-82.13398153,30.23740947,1138,,True
9680,33709,-82.7021119899999,27.8255596000001,288,,True
9681,32428,-85.54286154,30.7654920700001,59,,True
9682,33063,-80.2028860299999,26.2629748100001,289,,False
9683,34613,-82.53409605,28.5362240600001,350,,True
9684,34474,-82.13679178,29.17539642,288,2.0,True
9685,32073,-81.73758964,30.1658402400001,365,2.0,True
9686,34761,-81.52765993,28.5496624200001,216,,True
9687,32819,-81.47942213,28.42906155,285,,True
9688,34787,-81.63370112,28.45825003,60,,True
9689,32806,-81.37720355,28.52572322,898,1.0,True
9690,34711,-81.72177659,28.5523736600001,170,,True
9691,32750,-81.35291167,28.6992065800001,206,,True
9692,34769,-81.30280672,28.24362232,84,,True
9693,34741,-81.40919031,28.29968039,404,2.0,True
9694,32765,-81.228064,28.6578410000001,64,,True
9695,32907,-80.6109488499999,27.99942824,120,,False
9696,33410,-80.08656992,26.8296139,199,,True
9697,32796,-80.8300075399999,28.64035396,74,,False
9698,33707,-82.74014146,27.7530805100001,307,,False
9699,33470,-80.25290531,26.68356565,204,,True
9700,34240,-82.44633807,27.3018485800001,40,,False
9701,33908,-81.90956898,26.5104316600001,114,,False
9702,32796,-80.8242014699999,28.63074177,210,,True
9703,34114,-81.6848847699999,26.10553542,100,,True
9704,34119,-81.73268379,26.2139528700001,109,,True
9705,34758,-81.47668786,28.1447807600001,76,,True
9706,34952,-80.2711114699999,27.29753006,75,,False
9707,32177,-81.69241585,29.64236171,99,,True
9708,34972,-80.82869498,27.2602680300001,100,,True
9709,32054,-82.35763525,29.9884352500001,120,,False
9710,34667,-82.68825592,28.3619604900001,290,2.0,True
9711,32541,-86.47191119,30.39412199,30,,True
9712,32216,-81.5969855399999,30.29074697,84,,False
9713,32955,-80.72282544,28.3349938000001,298,,True
9714,32570,-87.06709506,30.6342186900001,129,,True
9715,34239,-82.53108234,27.3178507800001,895,2.0,True
9716,34275,-83.57804872,30.1279125200001,110,,False
9717,32901,-80.62011454,28.05553195,90,,False
9718,32958,-80.48878681,27.8436910400001,145,,True
9719,32117,-81.10741884,29.2425623300001,34,,True
9720,32803,-81.3704418,28.5722967300001,35,,False
9721,32809,-81.37017523,28.4773875000001,64,,False
9722,32401,-85.647627706,30.1597687080001,30,,True
9723,32308,-84.2529291399999,30.46168856,48,,False
9724,32610,-82.3639505799999,29.63213345,48,,False
9725,32504,-87.21568647,30.4786590900001,75,,False
9726,33461,-80.09145003,26.60904408,60,,False
9727,33905,-81.80295058,26.6304105,60,,False
9728,33128,-80.2106365399999,25.7768455400001,47,,False
9729,33016,-80.33152337,25.90033692,60,,False
9730,34484,-82.0195542399999,28.9098084,40,,False
9731,33573,-82.36539141,27.71355113,138,,True
9732,33563,-82.13892936,28.01567885,147,,True
9733,33034,-80.49142975,25.4194064500001,249,,False
9734,33025,-80.24980235,26.0014343500001,350,,False
9735,33143,-80.2942731799999,25.7021077700001,436,,False
9736,33012,-80.32153405,25.86033701,72,,False
9737,34609,-82.48420867,28.53293554,66,,False
9738,33311,-80.19348045,26.16361829,26,,False
9739,33705,-82.65052972,27.77861662,393,,False
9740,33161,-80.1776595699999,25.88987231,22,,False
9741,33018,-80.34297323,25.88375552,40,,False
9742,33607,-82.49185148,27.98214009,897,,True
9743,33607,-82.48981847,27.9916799800001,60,,False
9744,33558,-82.50967559,28.1295801200001,216,,True
9745,33578,-82.34510464,27.78778121,223,,True
9746,34952,-80.2942960299999,27.2884280000001,207,,True
9747,33407,-80.0624620299999,26.7558711400001,460,1.0,True
9748,33710,-82.7275387399999,27.80543921,215,,False
9749,33134,-80.2548242299999,25.74375681,245,,False
9750,33313,-80.2185789,26.1633674500001,459,,False
9751,33013,-80.26896162,25.8455618200001,356,,False
9752,33150,-80.21470411,25.8597859500001,337,,False
9753,33016,-80.3263609699999,25.8857668900001,368,,True
9754,34210,-82.61295143,27.4597279600001,60,,False
9755,32308,-84.26140729,30.4568809300001,772,2.0,True
9756,33606,-82.45915532,27.9379627000001,1041,1.0,True
9757,34474,-82.1705288799999,29.15555426,98,,False
9758,32578,-86.49547732,30.5335891,65,,True
9759,32827,-81.28562998,28.36740875,64,,True
9760,32209,-81.6642748199999,30.3485052400001,603,1.0,True
9761,34748,-81.8683142899999,28.8078347900001,330,,True
9762,34748,-81.87410563,28.81820729,20,,False
9763,32218,-81.6334189999999,30.483998,92,,False
9764,32608,-82.3640056,29.6322185000001,60,,False
9765,32610,-82.34286482,29.6399901300001,1014,1.0,True
9766,32606,-82.43621525,29.69198942,81,,False
9767,32159,-81.95833535,28.95015878,307,,True
9768,32826,-81.19230456,28.5818054900001,112,,False
9769,33136,-80.21071869,25.79114988,100,,False
9770,33136,-80.21590843,25.7883105500001,40,,True
9771,33136,-80.21593559,25.7890723900001,560,,True
9772,34285,-82.44508918,27.0911641600001,312,,False
9773,32940,-80.72933205,28.2279678800001,84,,True
9774,32216,-81.59553995,30.2578221200001,120,,False
9775,33414,-80.20506363,26.6516621800001,235,,False
9776,33428,-80.1991885799999,26.35619626,195,,True
9777,32514,-87.2178951399999,30.51568064,515,,True
9778,33155,-80.31671736,25.74698256,60,,False
9779,33196,-80.4559557599999,25.6781657700001,133,,False
9780,34471,-82.2000811199999,29.1411010300001,186,,False
9781,33324,-80.25973415,26.1232936700001,250,,True
9782,34113,-81.73630976,26.0960285100001,87,,False
9783,33764,-82.71084573,27.87475483,144,,False
9784,33881,-81.7256116899999,28.02848334,447,,True
9785,33880,-81.72617786,28.0089756900001,61,,False
9786,32207,-81.6633172699999,30.3153924900001,202,,True
9787,30701,-84.926543,34.5102282,69,,True
9788,30705,-84.78317545,34.780041,42,,True
9789,31513,-82.3488493199999,31.76931073,49,,True
9790,31210,-83.68046992,32.89327202,58,1.0,False
9791,31201,-83.6355053199999,32.83325388,637,1.0,True
9792,30912,-81.98970572,33.4708763300001,632,1.0,True
9793,31510,-82.45868668,31.53947121,25,,True
9794,31014,-83.34685487,32.3849223400001,25,,False
9795,31643,-83.55906957,30.795015,25,,False
9796,30830,-82.0124621699999,33.08347574,40,,True
9797,30439,-82.06552421,32.4071325300001,25,,True
9798,31412,-81.1001092499999,32.0281666700001,320,,False
9799,30546,-83.7539153,34.9465764600001,25,,True
9800,30742,-85.26367959,34.94687793,179,,False
9801,30322,-84.3196501,33.7935706800001,330,,True
9802,30342,-84.35395184,33.90608164,319,,True
9803,31634,-82.76427224,31.03410008,25,,True
9804,31405,-81.10183392,32.00984663,50,,False
9805,31406,-81.0955813699999,32.01225143,24,,False
9806,31533,-82.8645825999999,31.5111881600001,88,,True
9807,31768,-83.78037885,31.1256301,99,,True
9808,31901,-84.9846184799999,32.4802109300001,50,,False
9809,31015,-83.78134503,31.9775228500001,73,3.0,True
9810,30909,-82.0944324499999,33.4861599700001,354,2.0,True
9811,31023,-83.1778767599999,32.1855622300001,94,,False
9812,39845,-84.88063362,31.0512377900001,65,,True
9813,31750,-83.2601459799999,31.6975645200001,75,,True
9814,30906,-82.01187344,33.3969321700001,355,,False
9815,30458,-81.76996101,32.4147913900001,149,,True
9816,31329,-81.32091296,32.3638351700001,25,,True
9817,30635,-82.8749544999999,34.1133932400001,25,,True
9818,30401,-82.34780425,32.5924977600001,72,,True
9819,30033,-84.2829101,33.7910891400001,451,,False
9820,30058,-84.14798272,33.70522032,100,,False
9821,30097,-84.1766280799999,34.06667514,110,,True
9822,30030,-84.29291696,33.7774700000001,76,,False
9823,30322,-84.32053107,33.7948823400001,66,,False
9824,30084,-84.24818414,33.8262246,120,,False
9825,30322,-84.3222632,33.7920228300001,751,,True
9826,30308,-84.3867315699999,33.76917466,529,,True
9827,30082,-84.5131438,33.8578131,88,,True
9828,31404,-81.09374375,32.0075433100001,50,,False
9829,30041,-84.1279529999999,34.178903,50,,False
9830,30417,-81.89902445,32.1658831400001,49,,True
9831,31021,-82.9504093099999,32.5321546000001,190,3.0,True
9832,30513,-84.3746432,34.91773614,50,,True
9833,31063,-84.03075419,32.29498489,49,,False
9834,31416,-81.08090851,32.00050407,262,,False
9835,30034,-84.2741066199999,33.6961922300001,334,,False
9836,39828,-84.19908623,30.8637239,60,,False
9837,30303,-84.38179157,33.7519885500001,953,1.0,True
9838,31602,-83.25913322,30.86015739,113,,False
9839,30535,-83.53685905,34.58144208,53,,True
9840,30720,-84.98497692,34.7897349300001,255,3.0,True
9841,30110,-85.14502029,33.7167272400001,25,,False
9842,31093,-83.63093479,32.61759391,237,,False
9843,30329,-84.32896998,33.8308160600001,24,,False
9844,31774,-83.2509989499999,31.6033805700001,34,,False
9845,31064,-83.6864821199999,33.3141925800001,17,,False
9846,31539,-82.60714696,31.8572098600001,35,,True
9847,30434,-82.40554579,33.00986749,37,,True
9848,30442,-81.9345370899999,32.8042395100001,25,,False
9849,31792,-83.97225237,30.8252903100001,264,3.0,False
9850,30092,-84.21813574,33.95691291,118,,False
9851,30606,-83.4115710299999,33.96643341,42,,False
9852,31405,-81.09510911,32.0285715800001,50,,False
9853,30306,-84.3453322,33.7800890400001,28,,False
9854,31310,-81.6009200999999,31.8396057200001,25,,True
9855,39823,-84.94601249,31.3736698600001,25,,False
9856,30909,-82.0874286599999,33.49082902,28,,False
9857,30428,-82.67208637,32.1800679500001,25,,False
9858,31008,-83.7589568499999,32.6046568400001,25,,True
9859,30474,-82.3752472,32.20859527,57,,True
9860,31404,-81.0888624199999,32.0305308800001,512,1.0,True
9861,39819,-84.55244719,30.9027739800001,80,,True
9862,31501,-82.3482788599999,31.2252213900001,231,,True
9863,39837,-84.7350183199999,31.1754823100001,25,,False
9864,31730,-84.20554348,31.2297198800001,23,,False
9865,31029,-83.94595922,33.03125664,25,,True
9866,30650,-83.47168277,33.5687036800001,25,,True
9867,30525,-83.39353635,34.8922958000001,25,,False
9868,31061,-83.2458414399999,33.0894382500001,140,,False
9869,30680,-83.707254,34.0080530000001,56,,True
9870,30533,-83.97562878,34.52283376,52,,False
9871,30501,-83.8179282,34.30325528,691,2.0,True
9872,30342,-84.3539246399999,33.90891163,621,,True
9873,30115,-84.466259,34.2292380000001,211,,True
9874,30096,-84.1634250499999,33.9997220600001,122,,False
9875,30041,-84.1414718,34.17759706,320,,True
9876,30046,-84.01756345,33.9636767800001,388,2.0,True
9877,30467,-81.64701956,32.7502504,25,,False
9878,30453,-82.1091226299999,32.08052775,25,,True
9879,30338,-84.30061446,33.9287370800001,246,,False
9880,31069,-83.71002552,32.45962324,39,,False
9881,31703,-84.15862347,31.5902197500001,691,,False
9882,31719,-84.2560501999999,32.06696234,76,,True
9883,31791,-83.84015579,31.5117226,25,,True
9884,30606,-83.3979450699999,33.96129247,359,2.0,True
9885,30120,-84.7948335899999,34.2004938900001,119,3.0,False
9886,31901,-84.98117702,32.4808587200001,583,2.0,True
9887,31909,-84.9512125699999,32.5345248,100,,False
9888,30078,-84.02107387,33.87756855,281,,True
9889,30214,-84.5079899899999,33.4521471100001,282,,True
9890,30281,-84.2272951799999,33.5103354300001,215,,True
9891,30309,-84.39441534,33.80881537,643,,True
9892,31217,-83.61868521,32.8474081800001,310,,True
9893,31210,-83.6947108699999,32.87159196,103,,False
9894,30143,-84.41291289,34.4582486800001,52,,False
9895,30265,-84.75501904,33.35712855,154,,True
9896,30014,-83.84843,33.6013400000001,101,,True
9897,30012,-84.00157525,33.68072383,138,,True
9898,30655,-83.75014125,33.7989447800001,77,3.0,True
9899,30125,-85.19627158,34.01381687,25,,True
9900,31024,-83.37094562,33.3358662000001,25,,True
9901,30165,-85.1949292899999,34.2767933900001,230,3.0,False
9902,31217,-83.61527747,32.84770524,34,,False
9903,31062,-83.203857,33.029681,225,,True
9904,30253,-84.2147095,33.48692147,50,,False
9905,30265,-84.75162672,33.3628746000001,60,,False
9906,30080,-84.51105483,33.8564432900001,216,,False
9907,30655,-83.71857923,33.7831703100001,88,,True
9908,30274,-84.3907167099999,33.58221296,95,,False
9909,31830,-84.6923449,32.88798074,32,,False
9910,31830,-84.69407001,32.8873263900001,52,,False
9911,30342,-84.3489835,33.9087579800001,410,,True
9912,30904,-81.99031409,33.4763331300001,80,,False
9913,30308,-84.38275435,33.7737771700001,72,,False
9914,31405,-81.10031062,32.0279005800001,40,,False
9915,31639,-83.23870728,31.2030710400001,63,,False
9916,31635,-83.08605202,31.0422352200001,25,,False
9917,30309,-84.39376186,33.81006102,152,,True
9918,30349,-84.4521891099999,33.6069935400001,122,,False
9919,30281,-84.2217831999999,33.51297678,50,,False
9920,31602,-83.28647036,30.86227044,330,,True
9921,31520,-81.48431293,31.17508058,300,,True
9922,31558,-81.6151089099999,30.78090229,40,,True
9923,30265,-84.75774669,33.3848346500001,50,,False
9924,30012,-83.9957983,33.6824801000001,0,,False
9925,30274,-84.38995142,33.5790197900001,331,,True
9926,31620,-83.42737285,31.1081989300001,60,,False
9927,31995,-84.96067899,32.5063854200001,376,,False
9928,31419,-81.15455637,31.98543032,294,,True
9929,30642,-83.2422251099999,33.4814322400001,25,,True
9930,30606,-83.40525246,33.94722132,196,,True
9931,30553,-83.13239384,34.4397219100001,56,,True
9932,31522,-81.4023264799999,31.1640260500001,101,,False
9933,30577,-83.34807369,34.59286194,96,,True
9934,30046,-83.9895999299999,33.9423860200001,106,,False
9935,30117,-85.0752262,33.5694777200001,181,,True
9936,30180,-84.91667102,33.74428376,145,,True
9937,31036,-83.48511633,32.29784992,49,3.0,False
9938,31793,-83.49143696,31.4713461800001,241,,True
9939,31788,-83.770096,31.127625,79,,False
9940,30512,-83.9623,34.8861000000001,45,,True
9941,30901,-81.98251057,33.4706848500001,812,1.0,True
9942,30824,-82.50193876,33.5230685400001,25,,True
9943,30286,-84.33650699,32.8862977000001,115,,False
9944,30346,-84.33106507,33.9242473,50,,False
9945,30901,-81.98030553,33.47470392,70,,False
9946,31830,-84.68374246,32.8896319,25,,False
9947,31082,-82.80411552,32.99585948,56,,True
9948,31545,-81.89990856,31.60095713,88,,True
9949,30312,-84.37339,33.76295,762,1.0,True
9950,30106,-84.6050249,33.8575419700001,382,3.0,True
9951,30134,-84.73152391,33.7391179300001,108,,True
9952,30060,-84.55135211,33.9679525400001,633,2.0,True
9953,30076,-84.31997247,34.0633213200001,202,2.0,True
9954,30141,-84.7807259099999,33.9007283,112,,True
9955,30223,-84.26769905,33.23923023,160,,True
9956,30233,-83.9777873799999,33.3038136700001,25,,True
9957,30240,-85.05795342,33.0315906700001,276,,False
9958,30067,-84.4794458,33.89976139,115,,False
9959,31917,-84.8685576,32.4901908100001,58,,False
9960,30458,-81.7577227,32.4442835,46,,False
9961,30673,-82.74239942,33.7286062900001,25,,False
9962,96913,144.774461,13.5049540000001,158,,False
9963,96929,144.823076,13.525133,136,,False
9964,96734,-157.75780048,21.38097936,160,,False
9965,96727,-155.46982965,20.0761730400001,11,,False
9966,96744,-157.81585488,21.40513249,202,,False
9967,96720,-155.11284187,19.7181397000001,166,,True
9968,96706,-158.03402654,21.37393687,88,,False
9969,96731,-157.9542967,21.67656379,15,,True
9970,96819,-157.89992749,21.36324847,295,,True
9971,96826,-157.83373647,21.3003561,253,,False
9972,96750,-155.91741004,19.5200309700001,94,,False
9973,96817,-157.85694405,21.32203997,212,,True
9974,96790,-156.35742963,20.70140265,9,,False
9975,96816,-157.80149345,21.2732550800001,4,,False
9976,96793,-156.48933103,20.88451359,219,,True
9977,96701,-157.93869557,21.3834786400001,118,3.0,False
9978,96817,-157.85449357,21.32141338,82,,False
9979,96746,-159.31287536,22.08782195,14,,False
9980,96826,-157.83514353,21.30047125,24,,False
9981,96813,-157.85070591,21.3028508200001,159,,False
9982,96813,-157.85363852,21.3080396,535,1.0,True
9983,96817,-157.8574443,21.321873,40,1.0,True
9984,96706,-158.02681534,21.37234105,104,,False
9985,96786,-158.02591373,21.4989011100001,42,,False
9986,96766,-159.36492446,21.9861478500001,72,3.0,False
9987,96777,-155.47213604,19.1996625400001,21,,False
9988,96796,-159.67061924,21.9608562400001,25,,False
9989,96755,-155.79682924,20.23251042,6,,False
9990,96763,-156.91789577,20.8261424500001,4,,False
9991,96748,-157.01725267,21.0941080200001,15,,False
9992,96743,-155.66442089,20.0223089,35,,True
9993,83254,-111.30027387,42.3161630700001,21,,True
9994,83861,-116.56757922,47.3146595200001,19,,True
9995,83221,-112.34683131,43.1932397200001,35,,True
9996,83864,-116.54940678,48.2775957900001,25,,True
9997,83805,-116.32108155,48.70230108,20,,True
9998,83276,-111.61473571,42.65149052,25,,True
9999,83611,-116.04937908,44.5183698800001,10,,True
10000,83318,-113.78177749,42.53487105,25,,True
10001,83544,-116.2597695,46.48692916,23,,True
10002,83624,-116.3589492,43.5863289000001,92,,False
10003,83404,-111.99165408,43.4699759100001,292,2.0,True
10004,83263,-111.87297675,42.09765063,20,,True
10005,83843,-117.00054735,46.72822646,25,,True
10006,83221,-112.35416957,43.1963020900001,8,,False
10007,83406,-111.98753534,43.47429842,88,,True
10008,83704,-116.26691725,43.60707274,155,,False
10009,83814,-116.79370267,47.6955033200001,330,2.0,True
10010,83704,-116.28246282,43.62718132,16,,False
10011,83213,-113.29523287,43.6395748100001,14,,True
10012,83440,-111.77088665,43.8257797900001,69,,True
10013,83350,-113.68609668,42.62039729,25,,True
10014,83404,-111.9879207,43.47436602,43,,False
10015,83252,-112.25033246,42.1894198100001,11,,True
10016,83330,-114.70965746,42.9209954500001,18,,True
10017,83854,-116.9038657,47.7134569300001,40,,False
10018,83854,-116.92438855,47.71545568,32,,False
10019,83201,-112.42076203,42.8738530100001,205,2.0,True
10020,83211,-112.84863066,42.7814485800001,10,,True
10021,83854,-116.90200972,47.71294297,30,,False
10022,83687,-116.517392,43.5974489000001,109,,True
10023,83706,-116.2558081,43.6134328000001,362,2.0,True
10024,83706,-116.25438244,43.61121552,40,,False
10025,83837,-116.1306131,47.5463982700001,25,,True
10026,83501,-117.02436611,46.41643974,145,3.0,True
10027,83647,-115.69359629,43.13889106,25,,True
10028,83338,-114.51921423,42.7300685800001,25,,False
10029,83301,-114.49633363,42.5903154100001,224,,True
10030,83638,-116.1101393,44.90904813,15,,False
10031,83687,-116.59023954,43.6183669700001,87,,False
10032,83712,-116.19244919,43.61256538,605,3.0,True
10033,83340,-114.35002103,43.64832025,25,,True
10034,83522,-116.35329954,46.05038016,25,,True
10035,83544,-116.26038953,46.4917567300001,60,,False
10036,83221,-112.33471443,43.1874302300001,120,,False
10037,83687,-116.53126117,43.60037448,16,,False
10038,83467,-113.89174697,45.17328967,18,,True
10039,83530,-116.12721659,45.9270683600001,16,,False
10040,83422,-111.10822206,43.72698338,13,,True
10041,83704,-116.29092601,43.61261927,20,,False
10042,83617,-116.48490294,43.8799792200001,16,,True
10043,83709,-116.2644651,43.6034074,40,,False
10044,83672,-116.96244126,44.24872401,25,,True
10045,83605,-116.69427593,43.6543279300001,150,,True
10046,60139,-88.05697653,41.9148249,143,2.0,True
10047,60521,-87.92122132,41.80591716,261,2.0,True
10048,60525,-87.8863949299999,41.79706055,186,2.0,True
10049,60453,-87.73244225,41.72169452,802,1.0,True
10050,60048,-87.95769974,42.274235,275,1.0,True
10051,60010,-88.17281887,42.1953823700001,176,2.0,True
10052,60123,-88.3307023,42.07058742,255,2.0,True
10053,60429,-87.6975697299999,41.56630404,233,,True
10054,60169,-88.1371678099999,42.0540673,318,,True
10055,62002,-90.15914964,38.89958432,161,,True
10056,62062,-89.94670768,38.73677058,134,,True
10057,62025,-89.92200432,38.7814838900001,34,,False
10058,60611,-87.6217185199999,41.8964504800001,364,,True
10059,62906,-89.2455412,37.4650266300001,47,,True
10060,60640,-87.65060003,41.9702992900001,161,,False
10061,60107,-88.15101744,42.0093088400001,160,,False
10062,62301,-91.39927332,39.9374122500001,347,2.0,True
10063,61761,-88.99085,40.4969709800001,221,2.0,True
10064,61530,-89.27158643,40.72138986,25,,False
10065,62626,-89.88307566,39.2994098400001,25,,True
10066,60190,-88.1557587,41.87352056,408,2.0,True
10067,61081,-89.69665558,41.8022056200001,98,,True
10068,60016,-87.87903414,42.04343765,146,,False
10069,62839,-88.47281706,38.68085081,20,,True
10070,62088,-89.78938694,39.0152807100001,25,,True
10071,62454,-87.75041677,39.01454146,63,,True
10072,62864,-88.93688084,38.3116451600001,47,,True
10073,62526,-88.96098295,39.8672534,300,2.0,True
10074,60134,-88.34345036,41.88661497,159,2.0,True
10075,60540,-88.14998473,41.7609656400001,359,2.0,True
10076,60126,-87.93557914,41.8637619900001,258,2.0,True
10077,62837,-88.37526611,38.3812481900001,55,,True
10078,62471,-89.0986284799999,38.96985126,110,,True
10079,62930,-88.4421715399999,37.81551045,25,,False
10080,61032,-89.6383458399999,42.29577656,100,,True
10081,60153,-87.8348543399999,41.8602285000001,547,1.0,True
10082,60461,-87.7113501699999,41.52310929,214,,True
10083,62812,-88.91821519,38.0101037800001,16,,True
10084,61401,-90.3657602599999,40.95579903,133,2.0,True
10085,60624,-87.7201828299999,41.8907118600001,88,,False
10086,61231,-90.75947344,41.2055232000001,22,,True
10087,60936,-88.37026499,40.47836698,41,,True
10088,60515,-88.00811566,41.8184662300001,293,1.0,True
10089,62864,-88.93858039,38.2974177,134,,True
10090,60160,-87.84281507,41.91052978,247,2.0,True
10091,61520,-90.0388299699999,40.5526690900001,87,,True
10092,61605,-89.6007296499999,40.6928886200001,50,,False
10093,62859,-88.5405041,38.0868519900001,25,,True
10094,61254,-90.15767685,41.46031479,61,,True
10095,62982,-88.3517249399999,37.42228042,25,,True
10096,62946,-88.52313398,37.73104361,77,,True
10097,62948,-89.0263132699999,37.8010121,114,,True
10098,62049,-89.4800431099999,39.1509303400001,25,,True
10099,60629,-87.6923803299999,41.76940669,248,,False
10100,61747,-89.4175622399999,40.4184114600001,25,,False
10101,62565,-88.8079506399999,39.4057818300001,30,,True
10102,62246,-89.40764482,38.9032097100001,28,,True
10103,62269,-89.932282,38.5837720000001,144,,True
10104,60622,-87.69909548,41.90079984,210,,False
10105,60426,-87.65941817,41.6073799700001,485,,True
10106,60616,-87.6214916,41.84688958,412,,False
10107,60970,-87.73251748,40.76560189,25,,True
10108,60649,-87.5852350599999,41.7577306100001,239,,False
10109,61103,-89.0994064,42.2983388000001,91,,True
10110,62052,-90.34288716,39.11054067,43,,True
10111,60612,-87.67439846,41.87233487,450,,True
10112,61021,-89.4788951199999,41.8447784300001,80,,True
10113,60618,-87.6932971799999,41.9615025800001,94,,False
10114,60164,-87.89058977,41.9069037900001,94,,False
10115,60178,-88.68895879,41.9829477000001,69,,False
10116,61856,-88.5588217,40.06044805,16,,True
10117,60649,-87.57131243,41.77729334,49,,False
10118,62439,-87.69387325,38.7286151800001,25,,True
10119,60644,-87.76408865,41.87212457,177,,False
10120,60068,-87.8473343799999,42.03880223,651,1.0,True
10121,60187,-88.13760059,41.8525170200001,128,,False
10122,62832,-89.23647497,38.0252684600001,25,,True
10123,62644,-90.0540907,40.3054231400001,25,,True
10124,62960,-88.74004867,37.1663747600001,25,,False
10125,61455,-90.66440647,40.4471656100001,48,,True
10126,62226,-90.02161656,38.5498184900001,222,,True
10127,62233,-89.81313269,37.9177079200001,222,,True
10128,62321,-91.11326503,40.40799681,18,,True
10129,62901,-89.22059253,37.72744555,162,2.0,True
10130,61342,-89.08780775,41.5530529100001,25,,True
10131,60033,-88.60704005,42.4262369100001,50,,True
10132,61636,-89.5951751699999,40.70013899,329,2.0,True
10133,61036,-90.4577401,42.4491775700001,25,,True
10134,60099,-87.82783284,42.4492578300001,69,,False
10135,60450,-88.42675331,41.3693259,89,2.0,True
10136,61270,-89.9578780799999,41.80893488,25,,True
10137,60608,-87.69433858,41.86080973,288,1.0,False
10138,60540,-88.1563119899999,41.75907177,100,,True
10139,60201,-87.68471277,42.0655335000001,374,1.0,False
10140,60025,-87.85256333,42.0925522900001,173,2.0,True
10141,60035,-87.80841495,42.19110677,139,2.0,False
10142,60076,-87.74070961,42.0564160600001,123,2.0,False
10143,60005,-87.9921816299999,42.0682911100001,509,2.0,True
10144,60045,-87.86541475,42.2557943200001,114,2.0,True
10145,60142,-88.3996337,42.1780903000001,128,2.0,True
10146,60098,-88.40080442,42.2755974200001,56,2.0,True
10147,60050,-88.279468,42.31779814,166,2.0,True
10148,60611,-87.62102437,41.8946077100001,943,1.0,False
10149,61801,-88.22710726,40.11797111,210,,False
10150,61832,-87.64543324,40.1378324500001,174,,True
10151,61356,-89.4559737,41.3669575000001,25,,True
10152,61462,-90.65830134,40.9222529300001,23,,True
10153,60805,-87.69302888,41.7214650000001,274,,False
10154,62002,-90.17329338,38.90799588,49,1.0,True
10155,61443,-89.94699282,41.22083682,25,,True
10156,61350,-88.82441327,41.3577016500001,97,,True
10157,62557,-89.08440423,39.37970124,22,,True
10158,62650,-90.26048664,39.74608499,121,,True
10159,61554,-89.6324728499999,40.5631286,95,,False
10160,62274,-89.3491079999999,38.084846,17,,True
10161,60640,-87.64962681,41.9664683500001,236,,False
10162,60302,-87.7761795599999,41.8914014000001,234,,False
10163,60506,-88.32576904,41.7858095500001,292,2.0,True
10164,60016,-87.89003761,42.0555971100001,188,,True
10165,60631,-87.81356554,41.9875392000001,305,,True
10166,60202,-87.6845680499999,42.02438934,197,1.0,False
10167,60657,-87.63706909,41.9338207100001,338,,False
10168,60622,-87.6863101,41.90758558,455,,False
10169,60615,-87.61332387,41.80267501,48,,False
10170,62278,-89.99685305,38.2090372100001,25,,True
10171,60611,-87.61843772,41.8940027100001,242,,False
10172,62450,-88.07717289,38.73654357,104,,True
10173,60130,-87.82828251,41.8648930700001,224,,False
10174,60901,-87.8818988899999,41.1250868600001,300,2.0,True
10175,60624,-87.71227205,41.8749448900001,68,,False
10176,60521,-87.91530761,41.7861853200001,87,,False
10177,61068,-89.0634297399999,41.9283144500001,16,,True
10178,60628,-87.62600976,41.69229941,134,,False
10179,60304,-87.80335153,41.87861801,185,,False
10180,60612,-87.66890982,41.8745718600001,727,,True
10181,60623,-87.69827696,41.8552145300001,151,,False
10182,61108,-89.007775,42.2695614,241,,True
10183,61637,-89.591918,40.7025079100001,622,,False
10184,61764,-88.6795150899999,40.87099748,42,,True
10185,62881,-88.9485500499999,38.64147989,25,,True
10186,61938,-88.27310864,39.48854118,145,,True
10187,62681,-90.5643155,40.1181628000001,22,,False
10188,60608,-87.6953166599999,41.86229676,102,,False
10189,60707,-87.79342252,41.9198380400001,60,,False
10190,60451,-87.98343597,41.54468733,348,2.0,True
10191,60451,-87.987222,41.5447160000001,110,,False
10192,60617,-87.56899688,41.7493273900001,137,,False
10193,62286,-89.6915385299999,38.1241149900001,25,,False
10194,62703,-89.64077395,39.7255619600001,88,,False
10195,62966,-89.32475501,37.77371234,25,,True
10196,62249,-89.66759838,38.7545837500001,25,,True
10197,61354,-89.1239211,41.3288840000001,49,,True
10198,61362,-89.19311721,41.3287428300001,44,,True
10199,62401,-88.55012522,39.12577602,133,,True
10200,60621,-87.63360134,41.77839456,174,,False
10201,62056,-89.63905575,39.1812135600001,25,1.0,True
10202,62702,-89.64400804,39.8054390200001,422,,True
10203,61701,-88.9555622,40.48267659,149,2.0,True
10204,62230,-89.52373135,38.6262249700001,52,,True
10205,61401,-90.36024492,40.9867102800001,83,2.0,True
10206,62521,-88.93168263,39.8274529500001,244,,True
10207,62801,-89.11720631,38.5302814300001,125,,True
10208,60625,-87.69946587,41.97535155,292,,False
10209,61008,-88.8397451,42.2430122600001,373,,False
10210,62568,-89.29425954,39.55532537,25,,True
10211,61801,-88.2149486599999,40.1170417600001,453,1.0,True
10212,61820,-88.25753674,40.11770771,77,,False
10213,62016,-90.41276401,39.29680259,25,,True
10214,60613,-87.6516212399999,41.95518902,218,,False
10215,60640,-87.6707430599999,41.9730867700001,145,,False
10216,62207,-90.10848249,38.5701499900001,137,,True
10217,61265,-90.53097969,41.4683074000001,38,,True
10218,61201,-90.57041813,41.4826152700001,276,2.0,True
10219,60644,-87.76746424,41.86632953,160,,False
10220,60612,-87.67051537,41.86966877,485,,False
10221,60085,-87.8666537999999,42.35842711,146,,True
10222,60548,-88.6207348199999,41.6571901300001,25,,True
10223,61108,-88.9971556,42.25854854,65,,False
10224,62863,-87.76938884,38.4206069300001,25,,True
10225,61727,-88.9646082099999,40.1484175200001,23,,False
10226,62263,-89.3912792799999,38.3389425,50,,True
10227,57625,-101.24401051,44.99173863,8,,False
10228,58538,-100.62815691,46.0952100000001,0,,False
10229,88340,-105.7724729,33.1587894,13,,False
10230,87501,-105.97044038,35.6683388800001,30,,False
10231,87327,-108.79112676,35.0872076700001,28,,False
10232,56633,-94.60854792,47.38446543,5,,True
10233,56671,-95.02924208,47.8778435,23,,True
10234,59526,-108.76295174,48.4824411000001,0,,True
10235,74571,-95.08438843,34.7559837800001,0,,True
10236,74820,-96.64541977,34.7311676800001,0,,True
10237,86045,-111.23679195,36.1358550900001,0,3.0,True
10238,74017,-95.6292859,36.31610206,0,,True
10239,74464,-94.9505387999999,35.91183147,0,,True
10240,73507,-98.38424195,34.6275983200001,26,,True
10241,74859,-96.3181628,35.4338507000001,0,,False
10242,86042,-110.42658366,35.8021060400001,0,,True
10243,85344,-114.30203277,34.1473521500001,0,,True
10244,39350,-89.2307518599999,32.7823732000001,20,,False
10245,86503,-109.60792641,36.15778492,0,,False
10246,57702,-103.27168835,44.07420252,9,,False
10247,87313,-108.13961045,35.6986663600001,32,,True
10248,86504,-109.04847451,35.7591087600001,0,,True
10249,87301,-108.72988049,35.50764586,99,,False
10250,99508,-149.80029263,61.1829503500001,173,2.0,False
10251,99559,-161.78461278,60.7883423500001,37,,False
10252,99752,-162.58682625,66.89600162,17,,False
10253,57770,-102.5412902,43.02367851,45,,True
10254,58316,-99.748661,48.84349575,0,,False
10255,57570,-100.85060972,43.2567429700001,35,,True
10256,99576,-158.5363123,59.00047476,14,,False
10257,99835,-135.35487674,57.05156556,25,,False
10258,99762,-165.4059477,64.5022030000001,0,,False
10259,87420,-108.69141014,36.80525916,55,,True
10260,68071,-96.47063294,42.2325136000001,0,,True
10261,85634,-111.89026876,31.91867425,0,,True
10262,28719,-83.3233844,35.4848549700001,18,,True
10263,85016,-112.04885831,33.4971556400001,0,,False
10264,59417,-113.01973017,48.5656912000001,26,,True
10265,59022,-107.44885022,45.58207982,0,,True
10266,85247,-111.7606743,33.0732768,0,,True
10267,85550,-110.45435599,33.3538006900001,0,,True
10268,85941,-109.96023719,33.87666324,40,,True
10269,86505,-109.54352393,35.7107560700001,25,,False
10270,46628,-86.38146434,41.7200460400001,10,,False
10271,46733,-84.9143616699999,40.81622244,35,,True
10272,46016,-85.68130594,40.0954849400001,195,3.0,True
10273,46032,-86.14402004,39.98244635,107,,False
10274,47834,-87.11181121,39.5290711600001,25,,True
10275,47421,-86.49395817,38.8528725800001,25,,False
10276,47750,-87.50292615,37.9633444500001,426,,True
10277,46037,-85.91660197,39.98933606,46,,True
10278,46290,-86.1591702599999,39.9393473700001,107,,False
10279,46260,-86.19573222,39.90898745,840,1.0,True
10280,47265,-85.6409883699999,39.0102302000001,17,,True
10281,46904,-86.1566947699999,40.4860802100001,117,,True
10282,46036,-85.8436606399999,40.27541025,18,,True
10283,47394,-84.9689779999999,40.1690090000001,25,,False
10284,47167,-86.10707912,38.61326883,25,,True
10285,46260,-86.20436554,39.90181246,74,,False
10286,47601,-87.2628112,38.04192863,35,,False
10287,47993,-87.29670147,40.29043211,16,,True
10288,46214,-86.273313,39.7775280000001,23,,False
10289,47150,-85.83433519,38.3013643900001,236,,True
10290,47404,-86.5509221299999,39.2059795100001,78,,False
10291,46714,-85.17077499,40.7373548400001,79,,False
10292,47630,-87.3315285,37.99290997,48,,False
10293,47129,-85.7671773599999,38.3202784800001,0,,False
10294,46703,-84.99468911,41.6343787700001,25,,True
10295,47303,-85.41399145,40.1967418400001,41,,True
10296,47130,-85.74863185,38.2822557200001,236,,False
10297,47129,-85.7655230999999,38.3295293,42,,False
10298,47201,-85.89546379,39.21695292,198,,True
10299,46256,-86.04094448,39.9026892700001,86,,True
10300,46143,-86.0755378649999,39.6281386640001,44,,False
10301,46256,-86.0379107099999,39.89892094,60,,False
10302,46321,-87.5059096099999,41.5506175100001,451,,True
10303,46219,-86.07549818,39.78731372,360,,False
10304,46256,-86.04216309,39.9011160900001,348,,True
10305,46011,-85.6932091799999,40.13064559,137,3.0,True
10306,46506,-86.15884972,41.4564677700001,24,,True
10307,46227,-86.1326513399999,39.63680298,167,,True
10308,46902,-86.12465901,40.44720169,107,,True
10309,46901,-86.16580401,40.49725642,22,,False
10310,47025,-84.88253392,39.1097984800001,16,,False
10311,46307,-87.33391022,41.4304060000001,40,,False
10312,47501,-87.1597523999999,38.6596138400001,80,,True
10313,47670,-87.5898322099999,38.3609172700001,25,,True
10314,47747,-87.57110678,37.98373954,571,2.0,True
10315,47240,-85.47871194,39.3442238900001,25,,True
10316,46506,-86.15031935,41.4433350300001,37,,False
10317,46970,-86.0824038,40.75664628,25,,True
10318,46825,-85.10893062,41.17526916,110,,True
10319,46514,-85.99327056,41.6793473500001,222,3.0,True
10320,47630,-87.42002722,37.9789776600001,103,,False
10321,46202,-86.18398589,39.7778827600001,337,1.0,True
10322,47715,-87.50906592,37.99390802,28,,False
10323,47714,-87.5015537099999,37.97285356,168,,False
10324,46947,-86.36246823,40.7632903800001,15,,True
10325,46350,-86.7303764499999,41.5991386800001,0,,False
10326,47933,-86.9055719099999,40.06647186,103,,True
10327,46307,-87.366975,41.3956203400001,148,3.0,True
10328,46311,-87.52471744,41.4923514600001,177,,True
10329,46320,-87.5239895,41.61511211,215,,True
10330,46237,-86.07946763,39.6487177600001,485,,True
10331,47905,-86.83454906,40.3940202300001,203,3.0,True
10332,46360,-86.90046109,41.70684113,103,,True
10333,46158,-86.3556925299999,39.6078571100001,115,,False
10334,46321,-87.51201932,41.5377579300001,63,,True
10335,47978,-87.1387792099999,40.9345131200001,46,,True
10336,47591,-87.53209336,38.6733129300001,144,3.0,True
10337,46526,-85.83060471,41.5632920800001,120,,False
10338,46952,-85.6662408,40.5642327900001,16,,True
10339,47441,-87.1303099099999,39.0407422100001,25,,True
10340,47804,-87.4099836199999,39.4854108600001,16,,True
10341,46140,-85.76808106,39.7954933300001,68,,True
10342,47112,-86.1476889899999,38.23787529,25,,True
10343,47802,-87.39595063,39.4001399900001,81,,False
10344,46168,-86.37172286,39.6928413800001,0,,False
10345,46122,-86.50188213,39.7619121600001,160,,True
10346,47362,-85.36296315,39.9433770100001,90,,True
10347,46032,-86.1534726199999,39.9804199500001,20,,False
10348,46202,-86.16305254,39.79004503,1244,1.0,True
10349,47905,-86.80637322,40.4005304400001,191,3.0,True
10350,47303,-85.41555594,40.1967775300001,379,3.0,True
10351,47421,-86.51319832,38.8599208800001,25,,True
10352,47348,-85.37272252,40.4679460400001,15,,True
10353,46041,-86.5112807099999,40.26955065,25,,False
10354,46032,-86.1596556699999,39.95934448,149,,True
10355,47454,-86.47516372,38.56836144,24,,False
10356,46072,-86.04216225,40.27193035,25,,False
10357,46206,-86.16238674,39.78948526,625,,True
10358,47960,-86.77759961,40.73397469,25,,True
10359,46032,-86.15133905,39.96673708,0,,False
10360,47403,-86.5398936,39.15989295,297,3.0,True
10361,47371,-84.98492024,40.44129837,25,,True
10362,46123,-86.34044663,39.78050439,173,,True
10363,46131,-86.0770006,39.47966774,125,,True
10364,46222,-86.1914491699999,39.78150185,59,,False
10365,46250,-86.0604934899999,39.9021178,45,,False
10366,47250,-85.36429796,38.7925072400001,60,,True
10367,46580,-85.82884424,41.2483438200001,72,,True
10368,47905,-86.8300326899999,40.4046309500001,40,,False
10369,46802,-85.1504073,41.0784212,145,,False
10370,46804,-85.24985831,41.03908066,396,,True
10371,46804,-85.2498494,41.0392116900001,396,,True
10372,47250,-85.4019929199999,38.7460615100001,150,,False
10373,46176,-85.785817,39.5603560000001,40,,True
10374,47006,-85.2225261899999,39.3050249,25,,False
10375,46952,-85.66416326,40.5636952,106,,True
10376,46545,-86.1588727499999,41.67124835,30,,False
10377,46947,-86.3620203199999,40.7634787700001,83,,True
10378,47546,-86.9412294099999,38.39501217,114,3.0,True
10379,46601,-86.25157885,41.6840552900001,373,2.0,True
10380,46402,-87.35767033,41.5995594300001,536,3.0,True
10381,46563,-86.32757392,41.35692792,51,,False
10382,47403,-86.57195222,39.1206086600001,32,,False
10383,46307,-87.3372601199999,41.4488030700001,70,,False
10384,46218,-86.0751044,39.7883649,159,,False
10385,46254,-86.27898734,39.8262647600001,50,,False
10386,46706,-85.02995385,41.3709560500001,16,,False
10387,46383,-87.04968171,41.5532767600001,301,,True
10388,46534,-86.62199729,41.2875688,53,,True
10389,46350,-86.7280148,41.6095964,227,,True
10390,46324,-87.48015121,41.56884453,6,,False
10391,46527,-85.8394853999999,41.6036041200001,16,,False
10392,46226,-86.04373859,39.85576157,56,,False
10393,46278,-86.2672165,39.90769543,38,,False
10394,46845,-85.10066957,41.18957758,37,,True
10395,46562,-85.7006034999999,41.2060191800001,16,,False
10396,46805,-85.1084820199999,41.09362544,16,,False
10397,46706,-85.03539417,41.36886686,56,,True
10398,46750,-85.48874698,40.9058777400001,36,,True
10399,46761,-85.42613706,41.6458040900001,25,,True
10400,46755,-85.29615831,41.4483403500001,31,,True
10401,46845,-85.1017934399999,41.18845198,725,,True
10402,46992,-85.823901,40.8209370000001,16,,True
10403,46725,-85.46490159,41.15864637,30,,False
10404,47586,-86.731667,37.9679310000001,25,,True
10405,47150,-85.82798995,38.3399541300001,10,,False
10406,46307,-87.3285665399999,41.4480817,18,,False
10407,46383,-87.05203311,41.4896903700001,16,,False
10408,46996,-86.5959984899999,41.05626757,24,,False
10409,46135,-86.84779974,39.62117126,25,,True
10410,46312,-87.44782771,41.6344466900001,61,,False
10411,46410,-87.3633652299999,41.4633470900001,16,,False
10412,46804,-85.2482121899999,41.0427902700001,36,,False
10413,46254,-86.277726,39.8300580000001,91,,True
10414,46545,-86.1807461499999,41.7033755200001,40,,False
10415,47374,-84.8842845199999,39.8647100100001,221,3.0,True
10416,47374,-84.9257137499999,39.8389126500001,30,,False
10417,47906,-86.89388199,40.4597147000001,16,,False
10418,46060,-86.02352185,40.04581762,156,,False
10419,46173,-85.44403692,39.6217545900001,25,,True
10420,46545,-86.1744695799999,41.7071773800001,294,,True
10421,46563,-86.3318612899999,41.33350568,48,,True
10422,47274,-85.89183393,38.9557404400001,84,,True
10423,47170,-85.78618498,38.7049898400001,25,,True
10424,47713,-87.56729117,37.9679888000001,60,,False
10425,47150,-85.79472171,38.33670132,38,,False
10426,46312,-87.44882232,41.63478933,197,,False
10427,47025,-84.88339905,39.11159135,64,,True
10428,46342,-87.2607915,41.51274915,215,,True
10429,47882,-87.41261007,39.1255702500001,25,,True
10430,47905,-86.82744646,40.4066718,48,,False
10431,47802,-87.40904674,39.4193961600001,278,3.0,True
10432,46804,-85.2391254299999,41.04028484,41,,False
10433,47842,-87.39918421,39.65290251,25,,True
10434,47804,-87.40697561,39.4858645800001,257,3.0,True
10435,46545,-86.17800381,41.7012324300001,29,,False
10436,46143,-86.08641364,39.6156778700001,98,,False
10437,46307,-87.32539938,41.44461985,40,,False
10438,47130,-85.70932523,38.3269072900001,100,,False
10439,46052,-86.4729904,40.0774734500001,60,,False
10440,47630,-87.44730206,37.97379253,74,,True
10441,46975,-86.1956920499999,41.06396434,25,,False
10442,50849,-94.45203545,41.3037979800001,25,,True
10443,50703,-92.33893747,42.5267548200001,228,3.0,True
10444,50025,-94.93783615,41.71535177,25,,True
10445,51334,-94.83365792,43.4099866700001,25,,True
10446,51246,-96.17886198,43.42100585,25,,True
10447,50036,-93.87696264,42.0559935800001,42,,True
10448,50314,-93.6417744999999,41.61661602,200,3.0,True
10449,50644,-91.87442373,42.4703413600001,25,,True
10450,50588,-95.22279301,42.64478217,35,,False
10451,51040,-96.10624088,42.0253455000001,25,,False
10452,50022,-94.99111456,41.4013203600001,33,,True
10453,51012,-95.54784298,42.75944243,25,,True
10454,50841,-94.7484629799999,40.9890158200001,22,,True
10455,51503,-95.83879432,41.26878673,278,3.0,True
10456,51555,-95.03558055,40.75782323,25,,False
10457,51632,-95.0432056,40.72348143,25,,True
10458,50213,-93.76852658,41.02611913,25,,True
10459,50325,-96.39644451,42.51347345,0,,False
10460,50674,-92.10922935,42.84698186,25,,True
10461,52301,-92.07351711,41.8021261700001,25,,True
10462,51442,-95.37802393,42.02435225,25,,True
10463,50220,-94.0938922,41.8336315500001,25,,True
10464,52537,-92.4155248599999,40.7591714500001,25,,True
10465,50144,-93.74694077,40.75093467,25,,True
10466,52722,-90.52087094,41.56090464,72,,False
10467,52001,-90.68615902,42.4962569800001,142,3.0,True
10468,50616,-92.68364371,43.05145465,25,,True
10469,51031,-96.15562532,42.7962370000001,25,,False
10470,52627,-91.38431337,40.6258067700001,50,3.0,True
10471,50441,-93.18557958,42.74356256,25,,True
10472,52803,-90.5572574,41.54216797,502,,True
10473,52742,-90.5474822899999,41.82645333,90,,True
10474,51640,-95.6506231499999,40.6204931300001,25,,True
10475,52655,-91.17308016,40.80934797,213,3.0,True
10476,50801,-94.38409501,41.0701663900001,25,,True
10477,50129,-94.38893366,42.0159976400001,25,,True
10478,50112,-92.7344011499999,41.7426734700001,49,3.0,True
10479,50638,-92.76196328,42.35939319,80,,True
10480,52175,-91.81011488,42.9682880500001,25,,True
10481,50115,-94.4936769299999,41.6836194900001,25,,True
10482,52052,-91.09946116,42.7861275400001,25,,True
10483,50423,-93.80819526,43.0982140300001,25,,True
10484,50126,-93.26068656,42.50069575,35,,True
10485,51023,-96.47984859,42.99857403,25,,True
10486,51247,-96.2839682599999,43.2027938700001,25,,True
10487,52641,-91.55950957,40.96229764,74,,True
10488,51445,-95.4598175,42.3388911600001,25,,True
10489,50548,-94.23221391,42.7326974100001,49,,True
10490,52241,-91.61097519,41.7136380600001,46,,False
10491,50421,-93.61228349,42.84527066,22,,True
10492,50525,-93.7332470599999,42.72140003,25,,True
10493,52060,-90.67332283,42.0723888700001,25,,True
10494,52556,-91.9655486999999,40.9864624300001,25,,True
10495,52205,-91.26261485,42.10151275,22,,True
10496,52632,-91.3870535999999,40.40694325,71,,True
10497,52591,-92.20608695,41.3225069000001,25,,True
10498,50138,-93.11181984,41.31111781,25,,True
10499,50511,-94.22581258,43.05656522,25,,True
10500,51360,-95.12467209,43.4177456300001,49,,True
10501,50583,-94.97950672,42.41899449,25,,True
10502,50049,-93.30170615,41.02767377,25,,True
10503,50273,-94.01690601,41.3279970200001,25,,True
10504,52577,-92.62956359,41.29928929,33,3.0,True
10505,51455,-95.07555422,41.9045422,17,,True
10506,50010,-93.61150603,42.0325913300001,220,3.0,False
10507,51012,-95.5726143099999,42.75716285,58,,False
10508,50644,-91.9262366999999,42.4569611900001,95,,False
10509,52245,-91.52790136,41.6638714800001,234,3.0,False
10510,52241,-91.61215005,41.70101771,234,3.0,False
10511,52403,-91.65582856,41.9782564700001,454,3.0,True
10512,50325,-93.7708906999999,41.6035021000001,50,,False
10513,50613,-92.45793731,42.53353888,101,,True
10514,52544,-92.85690046,40.75562353,45,,True
10515,52732,-90.1890155299999,41.8615018200001,175,,True
10516,50314,-93.62311914,41.59878159,656,2.0,True
10517,52001,-90.6747786299999,42.49250564,303,3.0,True
10518,52040,-91.13053568,42.47562714,25,,True
10519,52043,-91.40757287,42.8566700900001,25,,True
10520,50659,-92.32154429,43.0627130300001,18,,True
10521,50208,-93.05162676,41.7030654500001,68,,True
10522,50401,-93.21671931,43.1500755800001,346,2.0,True
10523,50662,-91.9022154,42.6754480000001,25,,True
10524,51245,-95.62368093,43.0888290500001,14,,False
10525,51101,-96.4009146,42.4956386000001,484,2.0,False
10526,50702,-92.34587362,42.4611828700001,346,3.0,True
10527,51503,-95.83535747,41.2685824600001,236,3.0,True
10528,50266,-93.7957096499999,41.59660826,95,,True
10529,50461,-92.8084406199999,43.2895281200001,25,,True
10530,52531,-92.7965868799999,41.0434764500001,25,,True
10531,51566,-95.21652246,41.0143170800001,25,,True
10532,51537,-95.32683758,41.6469824000001,25,,True
10533,51041,-96.04511059,42.9945415400001,25,,True
10534,51249,-95.7430985299999,43.4103078900001,25,,True
10535,52501,-92.39929369,41.03738952,217,,True
10536,50536,-94.6912412899999,43.1201938,47,,True
10537,50219,-92.91092256,41.4130032400001,25,3.0,True
10538,50574,-94.67787501,42.74102479,25,,True
10539,52136,-92.1179944,43.3813765800001,19,,True
10540,52057,-91.46662452,42.4849886700001,25,,True
10541,50854,-94.2225789,40.7188233100001,16,,True
10542,51201,-95.84643707,43.18711862,25,,True
10543,50314,-93.62211382,41.5988767700001,21,,True
10544,52806,-90.58902729,41.5591536000001,50,,False
10545,51601,-95.3731752099999,40.75508455,25,,True
10546,51250,-96.15806865,43.0684930400001,21,,True
10547,51301,-95.14308986,43.15002638,99,,True
10548,51401,-94.86707423,42.05649587,99,,True
10549,52402,-91.66069365,41.98533144,540,3.0,True
10550,51104,-96.4059420199999,42.51945017,346,3.0,True
10551,51449,-94.7491840499999,42.26561789,25,,True
10552,50201,-93.43691302,42.0050623400001,17,,True
10553,52761,-91.05445751,41.4334078200001,48,,True
10554,50501,-94.19217957,42.49221018,200,3.0,True
10555,52722,-90.5197400599999,41.56607181,139,,True
10556,50309,-93.63381099,41.5894433300001,460,1.0,True
10557,50158,-92.90683107,42.0484046400001,125,3.0,True
10558,52241,-91.6106598,41.7080014000001,40,,False
10559,52242,-91.5475474199999,41.66081569,1103,1.0,True
10560,52565,-91.9580447499999,40.7365392,25,,True
10561,50595,-93.81222429,42.4529401500001,25,,True
10562,52172,-91.47411099,43.26867508,25,,True
10563,52349,-92.01254039,42.17342058,25,,True
10564,52353,-91.68764219,41.28924836,25,,True
10565,50677,-92.4825764399999,42.7226887900001,25,,True
10566,50060,-93.3115214699999,40.75405103,25,,True
10567,52101,-91.77427348,43.2946454900001,25,,True
10568,66749,-95.39173385,37.94879933,25,,True
10569,66434,-95.53078626,39.852337,25,,True
10570,66032,-95.25177323,38.27972106,12,,True
10571,67831,-99.7724215699999,37.1891801100001,25,,True
10572,67756,-101.8032243,39.7713532700001,16,,False
10573,67701,-101.04438919,39.37871942,25,,True
10574,67544,-98.77846324,38.5224353300001,23,,True
10575,67432,-97.12357066,39.3917008000001,25,,True
10576,66901,-97.67349246,39.56553726,25,,True
10577,66839,-95.73769964,38.20227177,25,,True
10578,67029,-99.3326546499999,37.26807941,12,,False
10579,66521,-96.17142807,39.4959886,25,,True
10580,66508,-96.63543924,39.8487001300001,25,,False
10581,67749,-100.53834153,39.8159208700001,18,,False
10582,67547,-99.4202221199999,37.92124642,12,,True
10583,67526,-98.58064947,38.36032821,25,,True
10584,67439,-98.21966048,38.7427109700001,18,,True
10585,66097,-95.27016568,39.3258919800001,25,,True
10586,66736,-95.8141520199999,37.5340678800001,25,,True
10587,66743,-94.85772981,37.51460366,25,,True
10588,67735,-101.71374901,39.35797512,25,,False
10589,67752,-100.24071585,39.06757357,21,,False
10590,67642,-99.84460633,39.37212269,15,,False
10591,67879,-101.74939495,38.47033595,18,,False
10592,67045,-96.2938025,37.83569758,25,,True
10593,67572,-99.93115241,38.63598862,25,,False
10594,67878,-101.74243241,37.9848631500001,25,,False
10595,66945,-96.8751438099999,39.89110493,25,,True
10596,67449,-96.94226508,38.68010201,25,,True
10597,67063,-97.18877786,38.3619941600001,15,,False
10598,67854,-99.9033644,38.08325274,50,,False
10599,66436,-95.75153755,39.48007957,12,,True
10600,67554,-98.21677665,38.3414255100001,25,,True
10601,66956,-98.1998303399999,39.78621968,25,,False
10602,67860,-101.25192991,37.9465932700001,25,,False
10603,67068,-98.12321998,37.64764868,25,,True
10604,67054,-99.30143756,37.60555278,15,,True
10605,67070,-98.48857262,37.00769961,10,,True
10606,67839,-100.46915381,38.48046807,25,,False
10607,67455,-98.1438905799999,39.04541184,14,,False
10608,67456,-97.68353216,38.5729539800001,21,,True
10609,67748,-100.8629543,39.12710091,25,,False
10610,67864,-100.33408992,37.2865996200001,20,,False
10611,67104,-98.57724417,37.2891746400001,25,,False
10612,67410,-97.20596725,38.92535294,25,,True
10613,66725,-94.84313905,37.17256767,25,,False
10614,67865,-100.01332021,37.4415276300001,18,,False
10615,67420,-98.1143797999999,39.4672038200001,25,,False
10616,66846,-96.4996438699999,38.6658171500001,21,,True
10617,66538,-96.0781305099999,39.8374400000001,22,,True
10618,66720,-95.4721165399999,37.6752770000001,25,,True
10619,67560,-99.90164077,38.45825339,25,,False
10620,66801,-96.19619855,38.4117228700001,25,,True
10621,67654,-99.8881128,39.8379458900001,25,,False
10622,67473,-98.70148391,39.43717595,16,,False
10623,67467,-97.7039442499999,39.1293319600001,25,,False
10624,67003,-98.04088225,37.22275096,25,,False
10625,67550,-99.1074824899999,38.18433464,25,,True
10626,67661,-99.31323179,39.75532902,25,,False
10627,67730,-101.03834259,39.8138896,15,,True
10628,67663,-99.29646244,39.24756495,22,,True
10629,67548,-99.31702711,38.53054231,25,,False
10630,67665,-98.85970458,38.8827571200001,25,,True
10631,66534,-95.80812231,39.89892954,25,,True
10632,67870,-100.98656288,37.4370929200001,13,,True
10633,67871,-100.90365135,38.4666411900001,25,,True
10634,67361,-96.1891179199999,37.13388222,25,,True
10635,67740,-100.43198935,39.35439181,18,,False
10636,66967,-98.7848422499999,39.7710886200001,16,,True
10637,66861,-97.0105083299999,38.34268709,10,,True
10638,67578,-98.5954438099999,37.95668332,25,,True
10639,67855,-101.74989663,37.57407557,18,,False
10640,67951,-101.3491863,37.1711117400001,25,,False
10641,67022,-97.61026422,37.0261341400001,25,,True
10642,67672,-99.87109478,39.0273115900001,25,,True
10643,66547,-96.3190578099999,39.2048334200001,25,,True
10644,66968,-97.04584557,39.81809107,25,,False
10645,67156,-96.98210155,37.24516807,25,,True
10646,66757,-95.70833215,37.40957059,15,,True
10647,66064,-94.93994271,38.51361554,182,,False
10648,66067,-95.26761714,38.5963499600001,44,,True
10649,66204,-94.69265948,38.9955427900001,504,,True
10650,66223,-94.6805899,38.8328311000001,85,,True
10651,66226,-94.844691,39.0053238,20,,False
10652,66502,-96.5989304299999,39.20130921,150,,True
10653,66762,-94.6846295,37.38015855,89,3.0,True
10654,67235,-97.5132104799999,37.72574688,72,,True
10655,67214,-97.33227815,37.69989945,1433,1.0,True
10656,67206,-97.24602887,37.70392156,30,,False
10657,67880,-101.35866717,37.58467204,26,,False
10658,66212,-94.65239313,38.9298563300001,52,,True
10659,67337,-95.6394273399999,37.04099368,47,,True
10660,66211,-94.6436627799999,38.9271224500001,10,,False
10661,66097,-95.2696394,39.3256231,38,,True
10662,66441,-96.8508922,39.0139057800001,92,,True
10663,67601,-99.2960939499999,38.8805655,206,3.0,True
10664,67502,-97.8920438499999,38.0776338700001,190,3.0,True
10665,66211,-94.62820229,38.9266860600001,25,,False
10666,67226,-97.22754327,37.75003838,54,,False
10667,67002,-97.14730746,37.72429664,58,,False
10668,66606,-95.69476647,39.0548680900001,79,,False
10669,67226,-97.22721519,37.74357302,35,,False
10670,67226,-97.22501377,37.7330613500001,32,,False
10671,66212,-94.6625132299999,38.9398662400001,100,,False
10672,67357,-95.26445638,37.3210807300001,99,3.0,True
10673,67550,-99.15095108,38.1714900100001,613,,False
10674,66044,-95.2485837,38.9789308000001,157,,True
10675,66502,-96.59902718,39.2027680300001,13,,True
10676,67460,-97.67065027,38.3785403800001,49,,False
10677,66030,-94.93786411,38.80996793,54,,False
10678,66209,-94.6519965699999,38.91055622,190,,True
10679,67107,-97.51689311,38.2052811400001,21,,False
10680,66739,-94.62253316,37.0781128,36,,False
10681,66071,-94.8490647,38.5693179300001,39,,True
10682,66211,-94.65136062,38.92891179,98,,False
10683,66219,-94.7690054299999,38.9244229500001,9,,False
10684,67950,-101.90533469,37.0017836600001,20,,False
10685,67114,-97.3329042299999,38.0229694400001,103,,False
10686,66061,-94.82435622,38.85275152,300,,True
10687,66064,-94.94418244,38.51109984,206,,False
10688,66215,-94.72641401,38.9374642000001,351,2.0,True
10689,67114,-97.31307896,38.0402765600001,60,,False
10690,67124,-98.72928351,37.64450019,35,,True
10691,66112,-94.78670274,39.12665644,400,,True
10692,66112,-94.7848150999999,39.1247826000001,45,,False
10693,66207,-94.64465538,38.93545055,45,,False
10694,67037,-97.24698571,37.5827716800001,31,,False
10695,66048,-94.9033388399999,39.28261998,46,,True
10696,66213,-94.66903502,38.90396961,158,,True
10697,67401,-97.61003135,38.8334337000001,374,3.0,True
10698,67401,-97.6084466299999,38.8336133500001,18,,True
10699,66112,-94.7868556399999,39.1243138900001,40,,True
10700,67214,-97.33130622,37.6994705600001,48,,True
10701,67005,-97.0385032899999,37.1329968200001,32,,True
10702,67901,-100.92678829,37.05668308,69,,False
10703,67846,-100.86838783,37.9698665500001,100,,True
10704,66861,-97.01045,38.3426807000001,32,,True
10705,66604,-95.69615201,39.05206163,586,2.0,True
10706,67502,-97.8885052699999,38.0802160100001,10,,False
10707,67042,-96.8589003,37.8182842100001,48,,False
10708,66227,-94.8568687599999,38.9556467900001,12,,False
10709,67530,-98.79071269,38.3561656900001,33,,True
10710,66615,-95.7657124,39.0358446000001,0,,False
10711,66606,-95.69621785,39.0565991400001,378,,True
10712,66160,-94.6089825,39.0558273,1045,1.0,True
10713,66106,-94.61129892,39.05616701,910,1.0,True
10714,67214,-97.29790346,37.69499303,859,1.0,True
10715,67212,-97.4388227699999,37.7095818400001,65,,False
10716,67801,-100.01740548,37.7862762500001,99,,True
10717,67861,-101.35507831,38.47534448,25,,False
10718,40962,-83.76202402,37.16197765,49,,True
10719,40701,-84.11972991,36.9228222,273,,True
10720,40031,-85.37606515,38.3948901900001,90,,True
10721,40503,-84.51185771,38.0188051900001,391,,True
10722,40207,-85.6371443,38.2381182500001,519,,True
10723,42431,-87.49334945,37.34059784,390,,True
10724,42003,-88.62659719,37.0737593800001,349,,True
10725,40475,-84.2923692799999,37.73092301,105,,True
10726,40906,-83.87016565,36.8510510200001,25,,True
10727,40383,-84.7237883399999,38.0547656900001,25,,True
10728,40361,-84.2383524099999,38.2211939100001,58,,True
10729,40143,-86.4403904499999,37.7665701400001,25,,True
10730,42445,-87.9096004799999,37.1136743100001,25,,True
10731,41008,-85.1687861,38.6803123400001,25,,True
10732,42539,-84.9331719099999,37.31771681,24,,True
10733,40391,-84.2168374999999,38.0120706500001,54,,True
10734,42717,-85.37296207,36.7961945800001,25,,True
10735,40484,-84.65303656,37.54279432,25,,True
10736,40004,-85.52378583,37.8616510200001,40,,True
10737,41041,-83.75154531,38.42215105,25,,True
10738,40601,-84.9068937,38.16066175,173,3.0,True
10739,40324,-84.56091079,38.18651851,75,,False
10740,40831,-83.31359839,36.80945517,150,,True
10741,41031,-84.27768646,38.38396873,61,,True
10742,41701,-83.22788224,37.27829795,358,,True
10743,42066,-88.65125908,36.75920899,107,,True
10744,42240,-87.49495125,36.8611871200001,194,,True
10745,41339,-83.3696206399999,37.5658872700001,55,,True
10746,42503,-84.6201770499999,37.08600628,283,,True
10747,40160,-85.9147806299999,37.7879236800001,140,,False
10748,42276,-86.8815016299999,36.81571001,75,,False
10749,42025,-88.36979939,36.8670836200001,25,,True
10750,41749,-83.3785838599999,37.16410598,25,,False
10751,41647,-82.74720787,37.4567064600001,25,,False
10752,41056,-83.80810517,38.6399743800001,100,,True
10753,42167,-85.67646626,36.6988825,49,,True
10754,41472,-83.26557551,37.92003314,25,,True
10755,40217,-85.72281365,38.2151274,432,,True
10756,40241,-85.57589445,38.3153256800001,127,,True
10757,42347,-86.8964476799999,37.44846699,25,,False
10758,42303,-87.06429165,37.7794845000001,447,3.0,True
10759,41240,-82.8130513,37.81551094,72,,False
10760,41501,-82.5222474999999,37.47124167,340,2.0,True
10761,42103,-86.3831369499999,36.9970720100001,125,,False
10762,42642,-85.06735281,37.05758045,25,,True
10763,40504,-84.52329929,38.03233973,433,,True
10764,40033,-85.2614564099999,37.56982888,75,,True
10765,40351,-83.43932425,38.1794704500001,149,,False
10766,41017,-84.5636219419999,39.0133176310001,518,,True
10767,41042,-84.63076721,39.01659182,231,,True
10768,41097,-84.5781684299999,38.6472036500001,25,,True
10769,42718,-85.33810656,37.36635176,90,3.0,True
10770,40207,-85.62734095,38.2356966300001,88,,False
10771,40242,-85.59647878,38.2725393000001,98,,False
10772,42602,-85.14755493,36.6981876300001,42,,True
10773,42101,-86.42975938,36.9959715100001,337,,True
10774,42749,-85.92303816,37.16130615,25,,True
10775,42135,-86.5768283899999,36.7000175800001,25,,True
10776,42164,-86.21496916,36.76147503,25,,False
10777,41230,-82.6044083,38.0924866400001,90,,True
10778,41503,-82.29702272,37.6765106400001,113,,True
10779,40508,-84.50103896,38.04231141,221,1.0,False
10780,40202,-85.7443359599999,38.2483229600001,404,1.0,True
10781,41858,-82.8125217899999,37.1129272200001,90,,True
10782,41649,-82.75030775,37.57882455,25,,False
10783,42701,-85.8762963299999,37.7099441,285,,True
10784,40504,-84.54138894,38.04697243,158,,False
10785,40223,-85.55809622,38.27219096,192,,False
10786,40403,-84.28657055,37.57609496,25,,True
10787,40509,-84.439155,37.9994201000001,217,,False
10788,40741,-84.10900237,37.1177121100001,150,,True
10789,40353,-83.9452558,38.0771212500001,42,,True
10790,42064,-88.09257544,37.3292112300001,48,,True
10791,42240,-87.4684033299999,36.7382516600001,97,,False
10792,42420,-87.5831990199999,37.8549746100001,192,,True
10793,42437,-87.94765598,37.62879646,25,,True
10794,40511,-84.49795434,38.08292406,195,,False
10795,42701,-85.87507217,37.71463556,40,,False
10796,41017,-84.5666151899999,39.01261227,51,,False
10797,40422,-84.77300114,37.6438733100001,197,3.0,False
10798,41042,-84.65513922,39.0080404,40,,False
10799,41653,-82.76732008,37.7290100600001,174,,True
10800,42743,-85.4947909099999,37.24286992,35,,True
10801,40031,-85.4221267299999,38.4120767900001,97,,True
10802,42078,-88.22850246,37.2630531900001,25,,True
10803,42003,-88.6473689599999,37.0506390200001,359,,True
10804,40336,-83.97727714,37.7061971000001,25,,True
10805,40965,-83.74019273,36.6058264700001,96,,True
10806,42071,-88.3099938999999,36.6068889100001,152,,True
10807,40202,-85.7504603,38.2477231500001,905,,True
10808,40207,-85.63293693,38.23533009,373,1.0,False
10809,42345,-87.1892945,37.1965353900001,90,,False
10810,42754,-86.2885930899999,37.4725153000001,75,,True
10811,40977,-83.7077687299999,36.76291694,120,,True
10812,42302,-87.1576435699999,37.7848669200001,80,,False
10813,40456,-84.3359033199999,37.3579643200001,26,,True
10814,42104,-86.44648889,36.95703881,60,,False
10815,41075,-84.46767751,39.0786607200001,178,,True
10816,41017,-84.5624868799999,39.0141615090001,103,,True
10817,41018,-84.594436,39.038841,197,,False
10818,42728,-85.29454565,37.09664157,74,,True
10819,42141,-85.90451397,37.01139239,180,,True
10820,40330,-84.8487391099999,37.75706388,25,,True
10821,40509,-84.44240552,38.0047936500001,110,,False
10822,42211,-87.82153878,36.86634023,25,,True
10823,42104,-86.43597977,36.96503762,211,,True
10824,40536,-84.50744299,38.0309646100001,724,,True
10825,40202,-85.75021846,38.2489557600001,135,,True
10826,40202,-85.7511895,38.24913165,462,,True
10827,40215,-85.79391641,38.17826438,298,,False
10828,40205,-85.71059213,38.2188090000001,396,,False
10829,40065,-85.23592218,38.20902771,70,,False
10830,42633,-84.86689261,36.81986477,25,,True
10831,42240,-87.45126672,36.8646692200001,495,,False
10832,70510,-92.10769899,29.97366564,60,,True
10833,70525,-92.2111498199999,30.3955956300001,25,,True
10834,70535,-92.3861827599999,30.4966373600001,109,,True
10835,70764,-91.24503279,30.2619104300001,10,,True
10836,71303,-92.51024704,31.2965800000001,0,,False
10837,70648,-92.85601726,30.49252642,49,,True
10838,70809,-92.34445729,30.23155481,24,,False
10839,70390,-91.03389276,29.9565748000001,15,,False
10840,70605,-93.25037016,30.1903783700001,10,,False
10841,70433,-90.08211407,30.4082235600001,21,,False
10842,71351,-92.06294601,31.1435452000001,49,,True
10843,70806,-91.14775021,30.44804814,53,,False
10844,70809,-91.0948317799999,30.39372688,201,,True
10845,70809,-91.0949900799999,30.4102069800001,34,,False
10846,71322,-92.17622461,30.95310033,24,,True
10847,70128,-89.94840267,30.0713425100001,34,,False
10848,70445,-89.9160698699999,30.3565113400001,22,,True
10849,70071,-90.70017298,30.04665434,24,,False
10850,70634,-93.28842796,30.84156468,28,,False
10851,70812,-91.1168349,30.5153656100001,14,,False
10852,71001,-92.91309222,32.55395515,21,,False
10853,70128,-89.94853339,30.07124995,21,,False
10854,70427,-89.85359085,30.77148197,20,,False
10855,71101,-93.7396435799999,32.50247462,260,,False
10856,70072,-90.0948711199999,29.89249907,44,,True
10857,71322,-92.17627605,30.9529786300001,20,,True
10858,71446,-93.26908767,31.13867128,60,,True
10859,71418,-92.0757124099999,32.1035536700001,37,,False
10860,71360,-92.44013511,31.3273789400001,148,,False
10861,70118,-90.12739626,29.91786419,222,,True
10862,71301,-92.46791798,31.3139423600001,24,,False
10863,71019,-93.34384807,32.0205017100001,25,,True
10864,71301,-92.4624635499999,31.2836491200001,25,,True
10865,71105,-93.7177916699999,32.4252202800001,160,,True
10866,70605,-93.25034955,30.1811320800001,88,,True
10867,70601,-93.22791662,30.2159442400001,230,,True
10868,71301,-92.4614581599999,31.28308443,241,,True
10869,71418,-92.0944482099999,32.0773298,40,,True
10870,71040,-93.0617495,32.7940643800001,47,,True
10871,70115,-90.09595111,29.92603338,36,,False
10872,71301,-92.48198781,31.25219156,18,,False
10873,70364,-90.77100602,29.66480849,20,,False
10874,70508,-91.9921661499999,30.1558321700001,24,,False
10875,70546,-92.66266962,30.23989684,20,,False
10876,71112,-93.66961694,32.46055955,54,,False
10877,70601,-93.2272593499999,30.21610423,33,,True
10878,71291,-92.2044453999999,32.51606686,47,,False
10879,70433,-90.08086299,30.41232152,24,,True
10880,70433,-90.137591,30.4557091500001,104,,False
10881,70001,-90.1531214999999,29.9935266100001,20,,False
10882,70119,-90.09313174,29.9249080000001,80,,False
10883,71220,-91.94289058,32.78099852,60,,False
10884,70403,-90.4129944699999,30.4770289800001,24,,False
10885,70633,-93.4364244399999,30.45252084,19,,False
10886,71052,-93.70814706,32.0354041300001,34,,True
10887,71254,-91.1723544399999,32.8105696800001,23,,True
10888,70006,-90.18097525,30.0130396700001,420,,True
10889,70748,-91.21400737,30.83275689,334,,False
10890,71301,-92.45221042,31.3175358500001,47,,False
10891,71115,-93.7107312099999,32.4255400000001,40,,
10892,70748,-91.21066049,30.8326356900001,164,,False
10893,70538,-91.52382805,29.8007480100001,22,,True
10894,71295,-91.70680807,32.1587306000001,43,,True
10895,71203,-92.07082361,32.57995993,24,,False
10896,70517,-91.90641627,30.29336769,18,,False
10897,71291,-92.15640505,32.51270693,278,,True
10898,71465,-92.27558967,31.86065862,35,,True
10899,70422,-90.5130663099999,30.7325457800001,45,,True
10900,70360,-90.71204306,29.59298784,40,,False
10901,70562,-91.78566038,29.9899452000001,84,,True
10902,70560,-91.8068394599999,29.9907871300001,14,,False
10903,71101,-93.74488058,32.49387067,146,,False
10904,71251,-92.71983274,32.2531433300001,25,,True
10905,70546,-92.6629351399999,30.23944135,49,,False
10906,70809,-91.10248416,30.39738981,54,,False
10907,70345,-90.3113598099999,29.4568908700001,25,,True
10908,70506,-92.03620936,30.15040908,18,,True
10909,70508,-92.02417657,30.173393,32,,False
10910,70508,-92.0266102799999,30.1753261100001,20,,False
10911,70601,-93.19744375,30.2043187300001,314,3.0,True
10912,70443,-90.4978020299999,30.6222688,24,,False
10913,70791,-91.13757902,30.64883064,182,,True
10914,71342,-92.1574718699999,31.69407196,49,,True
10915,71446,-93.26657607,31.13582316,16,,False
10916,70363,-90.68848926,29.5698534700001,156,,True
10917,71303,-92.5048827799999,31.29197916,139,,False
10918,71106,-93.76569305,32.40294715,89,,False
10919,70506,-92.0771253899999,30.1977478200001,142,,True
10920,71457,-93.07859297,31.7526674800001,21,,True
10921,71291,-92.15631473,32.5131598900001,21,,True
10922,71282,-91.18481717,32.4035253000001,25,,True
10923,71346,-92.39772103,31.0976180500001,54,,False
10924,70586,-92.26624608,30.68222525,50,,True
10925,71055,-93.2861563499999,32.6168825400001,161,,False
10926,71201,-92.10234832,32.5359085200001,10,,False
10927,71220,-91.91735834,32.77499427,49,,False
10928,71457,-93.07821982,31.75257047,96,,True
10929,70127,-89.97517048,30.0289763000001,50,,True
10930,71082,-93.98907523,32.86399228,25,,True
10931,70403,-90.4611135599999,30.4651110200001,330,2.0,True
10932,70403,-90.4845562799999,30.48393746,27,2.0,False
10933,70445,-89.9155648,30.3576426000001,30,,False
10934,71270,-92.63374822,32.5172927,130,,False
10935,70448,-90.0182325,30.3473521500001,140,,False
10936,70445,-89.9154395099999,30.35756056,58,,True
10937,71463,-92.6437387399999,30.816159,27,,False
10938,71303,-92.47982087,31.32367442,24,,False
10939,70807,-91.0612264,30.45891443,40,,False
10940,70634,-93.3116669899999,30.8419209300001,20,,False
10941,70056,-90.2583297,30.02349579,48,,False
10942,70403,-90.4591273,30.47379743,32,,False
10943,70607,-93.2229589899999,30.1764601200001,20,,False
10944,70570,-92.07286874,30.50820845,20,,False
10945,70518,-91.98092415,30.13787777,38,,False
10946,70548,-92.2970676799999,30.0080871700001,35,,True
10947,70526,-92.3636507099999,30.2260091800001,140,,True
10948,70121,-92.0796131499999,30.4717162900001,32,,True
10949,70503,-92.01936274,30.2026861000001,461,2.0,True
10950,71202,-92.1067958,32.4508891300001,244,,True
10951,71103,-93.7616599199999,32.4807370300001,244,1.0,True
10952,71101,-93.7500123,32.4952131000001,162,,False
10953,70121,-90.14555057,29.9614017500001,767,,True
10954,70816,-90.9996521799999,30.44255395,150,,True
10955,70461,-89.7426567799999,30.2871856900001,150,,True
10956,70065,-90.2708084,30.02452407,110,,False
10957,70121,-90.1542214999999,29.9615422000001,56,,False
10958,70394,-90.5652539,29.7026714200001,38,,True
10959,70517,-91.8898582799999,30.28279209,25,,False
10960,70380,-91.2010190999999,29.7085886,164,,True
10961,70506,-92.04625372,30.2171608100001,116,,True
10962,70002,-90.1591850199999,29.9991478900001,16,,False
10963,70570,-92.0794871799999,30.4716036200001,197,,True
10964,70508,-92.03636654,30.1508905800001,218,,True
10965,70427,-89.8693410499999,30.7782294,98,,False
10966,70808,-91.10634383,30.4037200600001,988,2.0,True
10967,70458,-89.7558169,30.2732192,988,2.0,False
10968,70433,-90.07312565,30.4474054200001,58,,False
10969,70403,-90.45514432,30.46784168,40,,False
10970,71115,-93.70904236,32.4319783500001,54,,True
10971,70508,-92.0365801,30.1494289,15,,True
10972,71112,-93.6698213399999,32.46081223,24,,False
10973,70065,-90.27217524,30.0279888600001,36,,False
10974,71103,-93.77092547,32.47226583,42,,False
10975,70360,-90.74837078,29.5995623000001,30,,False
10976,70760,-91.4614226099999,30.6837418100001,60,,True
10977,70769,-90.97855666,30.31787889,10,,False
10978,70346,-91.00272191,30.0887389100001,25,,True
10979,71301,-92.4496687,31.3150812100001,362,2.0,True
10980,71111,-93.70448844,32.54582995,20,,False
10981,71222,-92.65664868,32.8239916700001,15,,True
10982,70806,-91.09756236,30.44479763,24,,False
10983,70546,-92.66231985,30.23993074,16,,False
10984,71269,-91.7492240999999,32.4631635600001,31,,False
10985,71232,-91.49323801,32.45285126,25,,False
10986,70123,-90.20280579,29.962002,126,,False
10987,70068,-90.5143632799999,30.07172675,104,,True
10988,71202,-90.0940307399999,29.97353458,12,,False
10989,71373,-91.42606698,31.5611748600001,48,,False
10990,71303,-92.4873019999999,31.3013320000001,28,,False
10991,70438,-90.1527314799999,30.83421672,25,,True
10992,71270,-92.63158917,32.5141377900001,55,,False
10993,71449,-93.47144539,31.5603097000001,48,,True
10994,70508,-92.0115764,30.1803440900001,48,,False
10995,70809,-91.1038170899999,30.4004236100001,20,,False
10996,70726,-90.9185794099999,30.4843855300001,59,,False
10997,70554,-92.4178773899999,30.6422252400001,98,,True
10998,70115,-89.9946653599999,29.9101398500001,34,,False
10999,70806,-91.14491214,30.44964509,64,,False
11000,71270,-92.60209249,32.57704527,18,,False
11001,71103,-93.75757831,32.48105508,45,,False
11002,70458,-89.76972395,30.28401997,223,,False
11003,70631,-93.16568331,29.80807845,49,,True
11004,70444,-90.51924697,30.93712864,14,,False
11005,71101,-93.74671417,32.49764895,15,,False
11006,71201,-92.40562585,32.77612793,18,,False
11007,71019,-93.34052948,32.02896214,12,,False
11008,71075,-93.4435518,33.01028774,58,,False
11009,70043,-89.98922197,29.95471258,40,,True
11010,70070,-90.37069157,29.92391394,59,,False
11011,70130,-90.0771309199999,29.93751723,59,,False
11012,71201,-92.11455423,32.4998212400001,317,3.0,False
11013,70441,-90.66593019,30.83118705,25,,True
11014,70737,-90.95195201,30.20350204,32,,False
11015,70071,-90.70398448,30.05187089,25,,True
11016,70570,-92.07528508,30.5448880700001,231,,True
11017,70433,-90.1129295599999,30.4686638900001,218,3.0,True
11018,70458,-89.7709814,30.29175716,10,,False
11019,71280,-91.91945782,32.7763761300001,10,,False
11020,70810,-91.1008564699999,30.3764898800001,14,,False
11021,70360,-90.71392331,29.59696051,321,,True
11022,70806,-91.15315392,30.44953409,466,,True
11023,70810,-91.09414247,30.37991656,27,,False
11024,70810,-91.09403416,30.38027892,23,,False
11025,70301,-90.80576544,29.78159105,180,,True
11026,70115,-90.09215275,29.9257768000001,411,,True
11027,71446,-93.28439214,30.9408628100001,33,,False
11028,71334,-91.5266306999999,31.6098302,23,,False
11029,70112,-90.0769039099999,29.9548001100001,235,,True
11030,71241,-92.39229963,32.78771507,25,,False
11031,70056,-90.03069185,29.8659794700001,14,,False
11032,70403,-90.46106944,30.4652173700001,20,,True
11033,70403,-90.460854,30.49658028,36,,False
11034,70112,-90.08194894,29.9601857600001,506,1.0,True
11035,70507,-92.0460204399999,30.2713421300001,54,,False
11036,70748,-91.1585267,30.8354991200001,297,,False
11037,70663,-93.3686749,30.23025355,107,,True
11038,71263,-91.3823819899999,32.8682987400001,30,,False
11039,70775,-91.36667285,30.78371481,12,,True
11040,70072,-90.0948045,29.8922135400001,419,,True
11041,71103,-93.7799171999999,32.48441774,896,,True
11042,71483,-92.64550955,31.9245059300001,48,,True
11043,70817,-91.0380502099999,30.3856553300001,168,,True
11044,70791,-91.13969449,30.6472205800001,16,,True
11045,04009,-70.71374836,44.0461386600001,25,,True
11046,04619,-67.26801571,45.1775892900001,25,,True
11047,04736,-68.00832021,46.87957843,65,,False
11048,04240,-70.21451847,44.10173674,250,3.0,True
11049,04441,-69.6113312799999,45.45887595,25,,True
11050,04401,-68.7414200699999,44.8177986200001,100,,False
11051,04654,-67.47585524,44.7139691200001,25,,True
11052,04401,-68.7507772,44.8086603100001,411,2.0,True
11053,04938,-70.16286718,44.6266326000001,70,,True
11054,04102,-70.2918614499999,43.66632199,100,,False
11055,04730,-67.84362347,46.13384624,25,,True
11056,04543,-69.53066139,44.0261293300001,25,,False
11057,04102,-70.2760213999999,43.65299,637,1.0,True
11058,04330,-69.78044589,44.362584,192,,True
11059,04011,-69.8901815899999,43.9062963700001,93,,True
11060,04462,-68.7159278,45.6528715200001,25,,True
11061,04609,-68.2020528099999,44.38483717,25,,False
11062,04769,-67.99843291,46.6751360100001,89,,True
11063,04401,-68.76325313,44.8204961800001,100,,False
11064,04614,-68.58717505,44.41148043,25,,True
11065,04901,-69.66149107,44.5418264800001,48,,True
11066,04605,-68.41615503,44.54702595,64,,True
11067,04426,-69.23799293,45.1876706100001,25,,True
11068,04101,-70.2649497,43.6513329200001,200,,False
11069,04743,-68.59186897,47.26558206,49,,True
11070,04856,-69.08454633,44.14410143,99,,True
11071,04457,-68.51733351,45.34792858,25,,True
11072,04976,-69.71309439,44.7589111,25,,True
11073,04330,-69.77060727,44.2994922300001,92,,False
11074,04276,-70.5564343299999,44.55157753,25,,True
11075,04967,-69.37076946,44.7900064900001,25,,True
11076,04005,-70.49037774,43.4775106800001,150,,True
11077,04092,-70.3440845499999,43.6534255600001,100,,False
11078,04401,-68.77246747,44.8142166000001,112,,False
11079,04243,-70.19978121,44.10175387,233,,False
11080,04268,-70.5324098199999,44.2101653300001,50,,True
11081,04915,-68.99395042,44.4124914700001,25,,True
11082,03909,-70.6517541599999,43.14251792,79,,True
11083,21502,-78.73606245,39.6558734600001,119,,False
11084,21502,-78.7332415,39.6478306700001,204,3.0,True
11085,21401,-76.53461243,38.98992672,349,,True
11086,21401,-76.55822854,38.97793841,16,,False
11087,21061,-76.62323886,39.13766768,285,,True
11088,21204,-76.6245565099999,39.39085636,257,,False
11089,21237,-76.47990671,39.3507894000001,338,,False
11090,21133,-76.78181096,39.3585934500001,229,,False
11091,21204,-76.61942687,39.3907529900001,322,,False
11092,21228,-76.7225854,39.2647555,639,,False
11093,21204,-76.61106352,39.38805718,219,,True
11094,21223,-76.64925298,39.2883463000001,71,,False
11095,21224,-76.5467781899999,39.29067881,438,2.0,True
11096,21287,-76.5919722199999,39.2961087,1113,1.0,True
11097,21205,-76.59281871,39.29928098,70,,True
11098,21209,-76.66465411,39.3545806000001,100,,False
11099,21239,-76.58728282,39.3583957800001,214,,False
11100,21225,-76.61417325,39.25216383,131,,False
11101,21218,-76.61473935,39.3290403,185,,True
11102,21202,-76.61288423,39.2929215500001,183,,False
11103,21209,-76.65370914,39.36316128,117,,False
11104,21229,-76.67211911,39.2727699100001,247,,True
11105,21215,-76.66209015,39.3523025100001,405,2.0,True
11106,21207,-76.7079634999999,39.3137642400001,136,,False
11107,21201,-76.62492593,39.2879085700001,806,,True
11108,21201,-76.6205691499999,39.2997034700001,180,,False
11109,20678,-76.59627256,38.55990681,73,,True
11110,21157,-76.9907201299999,39.55814603,161,,True
11111,21784,-76.961136,39.3861860000001,522,,False
11112,21921,-75.8319670499999,39.60851453,75,,False
11113,20646,-76.9723282799999,38.52931304,99,,True
11114,21613,-76.05799123,38.5494536300001,15,,False
11115,21613,-76.065328,38.54062722,84,,False
11116,21613,-76.0674582,38.5717055800001,34,,True
11117,21701,-77.4146611099999,39.42265668,269,,True
11118,21550,-79.40097852,39.4134407400001,26,,True
11119,21014,-76.34572578,39.5195780400001,161,,True
11120,21078,-76.090836,39.54309348,82,,False
11121,20794,-76.7953656,39.1398486900001,298,,False
11122,21044,-76.88586971,39.21435984,225,,True
11123,21075,-76.76727475,39.19256104,92,,False
11124,21620,-76.06493932,39.21747943,12,,True
11125,20850,-77.20067721,39.0985937200001,87,,False
11126,20912,-77.0010716,38.9861908,0,,False
11127,20850,-77.1979042299999,39.0978441400001,329,,True
11128,20876,-77.2426098999999,39.1817612400001,70,,False
11129,20910,-77.0357352299999,39.0147221400001,377,,False
11130,20832,-77.0547026899999,39.1540397200001,104,,True
11131,20814,-77.1103184,38.9974024800001,228,2.0,True
11132,20744,-76.99270169,38.7285633700001,28,,True
11133,20904,-76.95782138,39.04985358,178,,False
11134,20706,-76.8652504,38.9826945400001,206,,True
11135,20735,-76.87583187,38.7481365400001,182,,True
11136,20774,-76.84459136,38.90238292,254,2.0,True
11137,20650,-76.63827028,38.3021376300001,93,,True
11138,21601,-76.07685606,38.7696510600001,117,,True
11139,21742,-77.6105994,39.6769953,65,,False
11140,21742,-77.68256295,39.6221928100001,257,3.0,True
11141,21742,-77.7174826199999,39.66559678,60,,False
11142,21801,-75.5957198,38.38229856,66,,False
11143,21804,-75.54862399,38.36924134,64,,False
11144,21801,-75.59870211,38.362125,266,3.0,True
11145,21811,-75.21133309,38.3395251600001,40,,True
11146,01950,-70.8910999999999,42.8144,111,,True
11147,01331,-72.2089,42.5855,21,,True
11148,01301,-72.5923,42.5957000000001,89,,False
11149,01199,-72.6032,42.1217,746,,True
11150,01086,-72.7596,42.1183,85,,False
11151,01069,-72.3418,42.1696000000001,68,,True
11152,01201,-73.2492,42.46,298,,False
11154,02360,-70.6451,41.9428,164,,True
11155,02186,-71.0771999999999,42.2513000000001,102,,False
11156,02215,-71.1050999999999,42.3395,292,,False
11157,02215,-71.1092,42.3379,405,,True
11158,01930,-70.6806,42.6255,52,,False
11159,01915,-70.8756999999999,42.5641000000001,223,,True
11160,02115,-71.1064,42.3372000000001,415,,True
11161,02118,-71.0732,42.3347000000001,414,,True
11162,02118,-71.0706,42.337,36,,False
11163,02130,-71.1283,42.3015,171,,False
11164,02115,-71.1068,42.3359,811,,True
11165,02601,-70.2728999999999,41.6534,259,,False
11166,02124,-71.0654,42.2775,159,,False
11167,02139,-71.1041,42.3745000000001,189,,False
11168,02149,-71.0393999999999,42.4093,162,,False
11169,01060,-72.6532,42.3302,140,,True
11170,02215,-71.1081829999999,42.337615,30,,False
11171,01742,-71.3758,42.4517000000001,150,,True
11172,01230,-73.3719,42.1911000000001,25,,False
11173,02540,-70.6222999999999,41.5642,81,,True
11174,02301,-71.0619,42.0979,267,,True
11175,01510,-71.6929,42.4275000000001,41,,True
11176,01453,-71.7624,42.5411,111,,True
11177,01440,-71.9870999999999,42.5863000000001,134,,False
11178,01844,-71.1683,42.7277,211,,True
11179,01830,-71.0448,42.7653,109,,True
11180,01040,-72.6276,42.2003,219,,False
11181,01606,-71.7704960999999,42.3136786000001,82,,False
11182,01806,-71.2052649999999,42.4846650000001,345,,False
11183,01960,-70.9464,42.5372,10,,False
11184,01842,-71.1501,42.71,67,,True
11185,01852,-71.3008,42.6457,140,,False
11186,01854,-71.3421,42.6472000000001,239,,True
11187,01752,-71.5545999999999,42.3553000000001,79,,True
11188,02557,-70.5798,41.4608000000001,25,,True
11189,02114,-71.0701,42.3629,41,,True
11190,02114,-71.0692999999999,42.3626,1043,,True
11191,02176,-71.0608999999999,42.4605,174,,False
11192,02155,-71.1113999999999,42.4259000000001,34,,False
11193,01102,-72.5933057,42.1151379500001,251,,True
11194,01701,-71.4186,42.2852,126,,False
11195,01760,-71.3355999999999,42.28,103,,False
11196,01757,-71.52636782,42.1387537900001,24,,True
11197,02780,-71.0945,41.9062000000001,125,,True
11198,02238,-71.1342999999999,42.3741000000001,217,,False
11199,02554,-70.1007999999999,41.2752,14,,False
11200,01432,-71.5739,42.5775,77,,True
11201,02120,-71.1077,42.3297000000001,118,,False
11202,02462,-71.246,42.3312000000001,245,,False
11203,01970,-70.9068,42.5111000000001,244,,True
11204,02062,-71.2021,42.1890000000001,94,,True
11205,02721,-71.1636999999999,41.6926,226,,False
11206,01104,-72.59237295,42.1213150300001,20,,False
11207,02114,-71.06630188,42.36309255,9,,False
11208,02302,-70.9915,42.0879,197,,True
11209,02190,-70.9541,42.176,354,,False
11210,02720,-71.146,41.7094000000001,328,,True
11211,02740,-70.9383999999999,41.6264,391,,True
11212,02571,-70.7144,41.7561000000001,68,,True
11213,02135,-71.1485,42.3487000000001,282,,False
11214,01608,-71.79673481,42.2647608600001,290,,True
11215,02703,-71.2748,41.9420000000001,108,,True
11216,02111,-71.064,42.3499,415,,True
11217,01550,-72.0420999999999,42.0786000000001,105,,True
11218,01605,-71.7923,42.2729,302,,False
11219,01655,-71.7617,42.2778000000001,421,,True
11220,01890,-71.1228,42.4660000000001,178,,False
11221,01605,-71.7949197899999,42.2764120800001,114,,False
11222,01913,-70.93338025,42.8484144000001,12,,False
11223,02130,-71.11227314,42.3158184100001,136,,False
11225,02703,-71.36112256,41.92408385,12,,False
11226,01904,-70.95676093,42.4716201100001,62,,False
11228,02559,-70.6023850999999,41.68839954,10,,False
11229,02072,-71.08164806,42.1007058000001,198,,False
11230,02720,-71.14571447,41.7074869100001,16,,False
11231,02118,-71.0706904199999,42.3362671300001,60,,False
11232,02184,-71.0185125199999,42.19813307,187,,False
11233,01915,-70.88723563,42.5609868700001,20,,False
11234,01854,-71.3669296799999,42.6451893600001,22,,False
11235,01056,-72.4720773399999,42.1557759400001,53,,False
11236,01801,-71.1619463,42.46344406,179,,False
11237,01602,-71.83538585,42.2601065900001,110,,False
11238,02135,-71.14263104,42.3499728200001,112,,False
11239,02131,-71.13179781,42.2968005600001,675,,False
11240,02026,-71.1950224299999,42.2665357700001,220,,False
11241,02130,-71.10174298,42.299581,119,,False
11242,02478,-71.19129535,42.3937302100001,460,,False
11243,02346,-70.91603352,41.9016797400001,34,,False
11244,02072,-71.09882863,42.1446265500001,182,,False
11245,02035,-71.24107552,42.0501366400001,43,,False
11246,02021,-71.12525626,42.17599054,121,,False
11247,01040,-72.634,42.1659000000001,57,,False
11248,02747,-70.98471383,41.6727471400001,16,,False
11249,02138,-71.10694346,42.3753221000001,180,,False
11250,02129,-71.0490555499999,42.3785090800001,264,,False
11251,02537,-70.46810284,41.7329845,60,,False
11252,01434,-71.61498098,42.53025503,18,,False
11253,02780,-71.10220588,41.9126715400001,45,,False
11254,01876,-71.2182232,42.6070742000001,675,,False
11255,01542,-71.89882734,42.2018992800001,47,,False
11256,02745,-70.9457536099999,41.7407252300001,90,,False
11257,01109,-72.5474384199999,42.1205183600001,77,,False
11258,02453,-71.249339,42.369626,45,,False
11259,01085,-72.7009101199999,42.1103697300001,100,,False
11260,02359,-70.76445864,42.0976237200001,45,,False
11261,02090,-71.22407723,42.2065041500001,149,,False
11262,01830,-71.0731763699999,42.77854696,10,,False
11263,01581,-71.56784178,42.2764796700001,88,,False
11264,01835,-71.11889838,42.7616190800001,60,,False
11265,01604,-71.76906694,42.2796671900001,166,,False
11266,48154,-83.4041493399999,42.3934914100001,273,2.0,True
11267,49464,-85.9877137999999,42.82129651,55,3.0,True
11268,49221,-83.83527557,45.42211416,58,,False
11269,48341,-83.3095229899999,42.6345841200001,195,,False
11270,49093,-85.64792561,41.9354076700001,60,,True
11271,49007,-85.58029136,42.2852575900001,434,1.0,True
11272,48075,-83.20513134,42.4577777100001,359,2.0,True
11273,48124,-83.21459189,42.29032641,632,2.0,True
11274,49085,-86.47877147,42.08825417,215,3.0,True
11275,49036,-84.98968856,41.9376100600001,71,,True
11276,48235,-83.181871439,42.419325917,383,2.0,True
11277,48801,-84.66330985,43.3907292700001,67,3.0,True
11278,48060,-82.43339042,42.9559428100001,144,3.0,True
11279,49506,-85.62331733,42.95365063,318,3.0,True
11280,48838,-85.26934947,43.17469185,49,,True
11281,49707,-83.44937429,45.0776729500001,124,3.0,True
11282,49242,-84.6330035299999,41.91173869,65,,True
11283,49503,-85.66574667,42.96966919,852,1.0,True
11284,49058,-85.3028252399999,42.6447739000001,25,,True
11285,48708,-83.86839615,43.58821643,356,3.0,True
11286,48109,-83.7287077999999,42.2831917500001,1000,1.0,True
11287,48038,-82.96067777,42.6148753000001,361,2.0,True
11288,48202,-83.08472312,42.36768678,877,1.0,True
11289,49855,-87.40853064,46.54369152,179,2.0,True
11290,49801,-88.0444512399999,45.8098780600001,49,,False
11291,49738,-84.70701473,44.66809705,71,,True
11292,49442,-86.24173233,43.22256443,163,2.0,True
11293,48843,-83.9409904,42.6155875600001,66,,True
11294,48602,-83.95649042,43.42845185,277,2.0,True
11295,48033,-83.2613551599999,42.46463276,34,,False
11296,49423,-86.114083352,42.774911194,173,3.0,False
11297,49017,-85.17794749,42.3310857500001,189,3.0,False
11298,48601,-83.9386606099999,43.4240282700001,268,2.0,True
11299,49098,-86.2499258299999,42.18488046,44,,True
11300,48858,-84.76141286,43.5991224800001,118,,True
11301,49601,-85.38929522,44.2454483600001,49,,True
11302,49090,-86.2628669699999,42.3913152600001,8,,True
11303,48230,-82.91440414,42.38439613,280,3.0,False
11304,49201,-84.3926931299999,42.2507347700001,325,2.0,True
11305,49307,-85.4749275299999,43.6938847100001,49,,True
11306,48661,-84.24430076,44.2638023100001,88,,True
11307,49091,-85.4075648,41.79462863,84,,True
11308,49684,-85.6416359199999,44.76097816,425,2.0,True
11309,48162,-83.3880849,41.92456501,217,3.0,True
11310,48764,-83.5097204899999,44.27521811,47,,True
11311,49829,-87.0960040099999,45.74256639,25,,True
11312,48201,-83.05639128,42.35178008,470,,False
11313,49770,-84.97011993,45.3727535400001,202,2.0,False
11314,49412,-85.95036313,43.4648098600001,25,,False
11315,49930,-88.5870429299999,47.139819,36,3.0,True
11316,49431,-86.43040938,43.9581479400001,45,,True
11317,49048,-85.5613549299999,42.30688724,372,2.0,True
11318,48413,-83.03212918,43.8032103100001,58,,True
11319,48867,-84.18167719,43.0060520600001,107,,True
11320,48602,-83.95300198,43.42978585,290,,True
11321,48073,-83.193178965,42.5153450820001,1101,1.0,True
11322,48503,-83.7048588599999,43.0212502700001,383,1.0,True
11323,49735,-84.6749176,45.0353270800001,46,,True
11324,49120,-86.26048853,41.8279252,76,,False
11325,48532,-83.73280319,43.0137579,342,3.0,True
11326,48184,-83.36440514,42.2730327900001,99,3.0,False
11327,48198,-83.6006475999999,42.2375710600001,68,,False
11328,48192,-83.147228914,42.21010218,322,3.0,True
11329,48336,-83.32365014,42.44634003,305,2.0,True
11330,48106,-83.65432995,42.26518803,524,1.0,True
11331,48236,-82.915255631,42.420208766,687,1.0,True
11332,48910,-84.5549888099999,42.7037629600001,310,3.0,False
11333,49417,-86.2288291799999,43.05077262,81,,True
11334,48183,-83.2134781299999,42.1169899700001,193,2.0,True
11335,48617,-84.76904746,43.82096498,49,,False
11336,48071,-83.1201072699999,42.5178875400001,11,,False
11337,48446,-83.320429228,43.063069028,183,2.0,True
11338,48093,-83.00494271,42.5058132500001,348,3.0,True
11339,48439,-83.64226092,42.8924548000001,400,2.0,True
11340,49047,-86.11558074,41.98313848,25,,True
11341,48342,-83.2914924,42.6383227100001,280,2.0,False
11342,48811,-84.84241818,43.17558538,61,,True
11343,49068,-84.9567727799999,42.2737325200001,77,3.0,False
11344,48670,-84.260375321,43.6348621010001,308,2.0,True
11345,48043,-82.89690283,42.5873359300001,288,2.0,True
11346,48912,-84.53534188,42.7340987100001,573,1.0,True
11347,49519,-85.71770279,42.85781759,208,2.0,False
11348,49783,-84.35055118,46.4980808700001,82,3.0,False
11349,48054,-82.47920191,42.7853636500001,68,,True
11350,48135,-83.314848759,42.331721417,281,,True
11351,48471,-82.83213345,43.4234823300001,25,,False
11352,48307,-83.14951337,42.6798150500001,270,3.0,True
11353,48118,-84.0158335899999,42.3102613400001,103,,True
11354,48091,-83.0816037399999,42.45165647,20,,False
11355,48085,-83.09358996,42.6189979800001,530,2.0,True
11356,48180,-83.276350838,42.2352138570001,148,,True
11357,48201,-83.0544909399999,42.35343586,248,1.0,True
11358,48603,-84.0503374899999,43.4547421,25,,False
11359,48382,-83.49909108,42.5926148300001,158,3.0,True
11360,48116,-83.69583341,42.51972003,41,,False
11361,48192,-83.146929394,42.2098840990001,35,,True
11362,49635,-86.2430010699999,44.6367816700001,8,,False
11363,49646,-85.18429685,44.7312908600001,8,,False
11364,49854,-86.27615385,45.9466840000001,12,,False
11365,49868,-85.5156537399999,46.3531800900001,25,,False
11366,48658,-83.9692166999999,43.9818656800001,25,,True
11367,49781,-84.72945092,45.8906314600001,15,,False
11368,49946,-88.42500413,46.7317895200001,15,,True
11369,49862,-86.6251852999999,46.4252710700001,11,,False
11370,49953,-89.3016584599999,46.86559536,18,,False
11371,48755,-83.2781900099999,43.83418808,25,,False
11372,48427,-82.73424915,43.5281192100001,15,,False
11373,48884,-85.07416184,43.21594853,22,,True
11374,48441,-82.65211568,43.8426626300001,15,,False
11375,48532,-83.7328792499999,43.01443915,26,,True
11376,48180,-83.2775124309999,42.2348020330001,40,,True
11377,48706,-83.92445664,43.60047703,31,,False
11378,48043,-82.88185513,42.6064498600001,36,,False
11379,48197,-83.65542107,42.26389636,36,,True
11380,49506,-85.62256747,42.9534869400001,36,,True
11381,48201,-83.0547499899999,42.35143549,228,,False
11382,49503,-85.6627462499999,42.9569738800001,119,,True
11383,48201,-83.05560292,42.3497101300001,69,,False
11384,48706,-83.9243996,43.5998367500001,20,,False
11385,48043,-82.88090679,42.6068644600001,5,,False
11386,48602,-83.96029184,43.4208002,56,,False
11387,48201,-83.05585797,42.35113692,114,,False
11388,48602,-83.95594314,43.42865411,32,,True
11389,48915,-84.5703217509999,42.7414641780001,50,,False
11390,48726,-83.18260393,43.60418042,25,,True
11391,49016,-85.1793450499999,42.33063594,25,,False
11392,49080,-85.6538965999999,42.4469953400001,43,,True
11393,48850,-85.2779234,43.44121827,16,,False
11394,48912,-84.53596262,42.7341945200001,30,1.0,True
11395,49935,-88.6192744799999,46.0998841000001,25,,True
11396,49913,-88.44350085,47.23878317,25,3.0,False
11397,49849,-87.68481148,46.5049286,25,,False
11398,49455,-86.36468619,43.60660404,24,,True
11399,49720,-85.27486256,45.3148200900001,25,,True
11400,48322,-83.40703925,42.53867318,191,3.0,False
11401,48374,-83.51924581,42.4886600300001,244,2.0,True
11402,49677,-85.52129206,43.87846173,25,,True
11403,49010,-85.85637031,42.5199662000001,25,,True
11404,48879,-84.55513586,42.9931309,25,,True
11405,48624,-84.49388756,43.97594367,25,,True
11406,48827,-84.65865128,42.4952522900001,20,,True
11407,48813,-84.83195196,42.5653255,25,,False
11408,49938,-90.1067333,46.4807458600001,25,,True
11409,48453,-83.0810215399999,43.33271941,25,,True
11410,48723,-83.40820611,43.49318686,25,,False
11411,48846,-85.0679674199999,42.93593087,22,,True
11412,49079,-85.89707006,42.2212943600001,16,,True
11413,48201,-83.05662742,42.35072029,123,,False
11414,48910,-84.53503019,42.70330447,53,,False
11415,48075,-83.20319683,42.45749333,45,,True
11416,48071,-83.087171901,42.493858878,133,,False
11417,48236,-82.90241427,42.3969387400001,4,,False
11418,49660,-86.27421836,44.2710786600001,45,,True
11419,48342,-83.2906574469999,42.638197146,28,,False
11420,49444,-86.20860504,43.20579374,219,,True
11421,48201,-83.05610261,42.34945315,28,,False
11422,49503,-85.63795723,42.9763242000001,20,,False
11423,48135,-83.315333445,42.3325337480001,14,,True
11424,48236,-82.914655533,42.4199613870001,26,,True
11425,48341,-83.2768158,42.61403776,30,,True
11426,48235,-83.183046662,42.41922945,36,,True
11427,49707,-83.4496604,45.0775297000001,15,,True
11428,48708,-83.8681814999999,43.5887118000001,39,,True
11429,49085,-86.4783353,42.0886172,26,,True
11430,49016,-85.191764,42.3297519700001,39,,False
11431,49068,-84.9570575,42.2735551000001,17,,False
11432,49788,-84.4666119199999,46.2662460500001,20,,False
11433,48503,-83.704302645,43.0218902450001,60,,False
11434,48532,-83.7323600999999,43.0144035000001,36,,True
11435,49684,-85.6425235999999,44.7608975000001,17,,True
11436,48801,-84.6634414,43.3906048000001,30,,True
11437,49242,-84.6330333,41.9120325000001,10,,True
11438,48910,-84.53502592,42.70380148,26,,False
11439,48915,-84.5692795749999,42.74216677,59,,False
11440,49201,-84.3927442999999,42.2508449000001,40,,True
11441,49001,-85.5600767,42.3075836,50,,True
11442,49546,-85.5582269,42.9440387000001,108,,False
11443,49501,-85.65752379,42.8399694,198,,False
11444,48446,-83.3204387919999,43.062174355,20,,True
11445,48092,-83.96493169,43.4739722800001,42,,False
11446,48047,-82.7564159,42.6773476000001,130,,False
11447,48043,-82.8813067,42.6066250000001,85,,False
11448,48093,-83.00406796,42.50591052,28,,True
11449,49855,-87.409801,46.5437630000001,43,,True
11450,48670,-84.260588038,43.6355687770001,16,,True
11451,48162,-83.3880331999999,41.9247312000001,21,,True
11452,49442,-86.24198741,43.2222850700001,27,,True
11453,48073,-83.192018311,42.5152362700001,30,,True
11454,48336,-83.32356129,42.4463581700001,25,,True
11455,48307,-83.1494443,42.6796677,20,,True
11456,48326,-83.24906694,42.6613587200001,213,,False
11457,48220,-83.1651932,42.4472271000001,136,,False
11458,48071,-83.12010837,42.5180063700001,31,,False
11459,48341,-83.3092035,42.6344243,75,,False
11460,48342,-83.2908174999999,42.6385262000001,40,,False
11461,48037,-83.20489063,42.4579941200001,25,,True
11462,48071,-83.086274439,42.4939440590001,26,,False
11463,48341,-83.2758540999999,42.6128953,33,,True
11464,49423,-86.113403681,42.7745936970001,16,,False
11465,48603,-84.0513038,43.4551416,109,,False
11466,48867,-84.18154794,43.0058599700001,19,,True
11467,48060,-82.4300088589999,42.986852135,23,,False
11468,49079,-85.8967468,42.2214364000001,10,,True
11469,48118,-84.0169076,42.3100294000001,30,,False
11470,48106,-83.6544271,42.2652597000001,24,,True
11471,48109,-83.7294433,42.28441509,43,,True
11472,48205,-82.9712417,42.4437738,182,,False
11473,48201,-83.0550939999999,42.3535426,25,1.0,False
11474,48192,-83.1469467699999,42.2103573960001,38,,False
11475,48180,-83.277587587,42.2354964400001,32,,True
11476,48213,-82.9819922,42.3903168000001,55,,False
11477,48235,-83.181878051,42.418556428,21,2.0,True
11478,48236,-82.9144611089999,42.4196052450001,27,,True
11479,48154,-83.40443285,42.39370151,31,,True
11480,48879,-84.558662,42.984674,54,,False
11481,48823,-84.5025212,42.7718842,23,,False
11482,48135,-83.313817381,42.3324718420001,28,,True
11483,55407,-93.26135701,44.9541143100001,972,3.0,True
11484,56308,-95.3768792399999,45.8738911400001,127,3.0,True
11485,56208,-96.00889968,45.1999249300001,15,,True
11486,56241,-95.5432569,44.8085624,30,,False
11487,56258,-95.77723507,44.44775229,49,3.0,True
11488,56178,-96.1304373,44.27183784,20,,True
11489,56628,-93.64575966,47.7474273400001,20,,True
11490,55313,-93.87119377,45.1948426700001,65,,True
11491,55008,-93.2309284199999,45.5661836200001,86,,True
11492,56201,-95.04609182,45.12013819,136,3.0,True
11493,56283,-95.10651276,44.53650996,25,,True
11494,56265,-95.7117618199999,44.95441177,30,,True
11495,56347,-94.84844538,45.97353279,34,,True
11496,55362,-93.77863144,45.30035709,39,,True
11497,56362,-94.71573958,45.3744006000001,30,,True
11498,56352,-94.8244787199999,45.6757197200001,28,,True
11499,56378,-94.9554373299999,45.74579469,28,,True
11500,55404,-93.2619933,44.9566524800001,279,,True
11501,55720,-92.4620196399999,46.73129083,36,,False
11502,55723,-92.67953034,47.8533877400001,14,,True
11503,56441,-93.9458784399999,46.4817427300001,42,,True
11504,56636,-93.79111088,47.34410561,20,,True
11505,55021,-93.2578533,44.2887133200001,49,,True
11506,55731,-91.87221009,47.90025861,21,,True
11507,56510,-96.53129245,47.2975873,14,,True
11508,55805,-92.09327487,46.7931165300001,165,,False
11509,56542,-95.73946824,47.57128506,43,,True
11510,56240,-96.43388878,45.56271243,15,,True
11511,55767,-92.7734503199999,46.4414661500001,25,,True
11512,55705,-92.22934266,47.51797695,16,,True
11513,55072,-92.8853052699999,46.11903664,30,,True
11514,56401,-94.20588887,46.36191726,162,3.0,True
11515,56501,-95.84367917,46.8148422800001,87,3.0,False
11516,55805,-92.0958870599999,46.7936853400001,380,,True
11517,55792,-92.5485475999999,47.5318633900001,83,,True
11518,55092,-93.00046754,45.32172052,61,,True
11519,55371,-93.5900222,45.5585204000001,54,,True
11520,55337,-93.27259194,44.7490193200001,150,3.0,True
11521,55435,-93.32690142,44.88604042,390,3.0,True
11522,55101,-93.09654944,44.95673249,60,,True
11523,56334,-95.38920231,45.64632864,34,,True
11524,55336,-94.1536239,44.7783779700001,49,,True
11525,55744,-93.5555403499999,47.22355071,64,3.0,True
11526,55103,-93.10284303,44.9584328600001,254,,False
11527,55109,-93.03393353,45.02911205,184,,False
11528,55125,-92.9764766499999,44.92190887,86,,False
11529,56136,-96.4184230399999,44.5058363700001,24,,False
11530,55415,-93.2622359599999,44.97213249,894,,True
11531,55350,-94.3735167899999,44.8758002600001,66,,True
11532,56232,-96.0666709,44.93134595,15,,False
11533,56728,-96.94021137,48.7671194000001,15,,False
11534,56537,-96.07336629,46.2771237900001,108,3.0,True
11535,55616,-91.66634133,47.03009767,25,,False
11536,55082,-92.81803553,45.0470573600001,97,3.0,False
11537,56623,-94.6004167,48.7065832600001,15,,True
11538,56479,-94.7517610099999,46.35114034,37,3.0,True
11539,56751,-95.76040562,48.83923614,25,,True
11540,56062,-94.40986768,44.0492624400001,25,,False
11541,56256,-96.1879264899999,45.0181251400001,12,,False
11542,56557,-95.97285242,47.3117497900001,18,,True
11543,55369,-93.48121267,45.1328892000001,130,,True
11544,56007,-93.3727522999999,43.6523607,159,,True
11545,55009,-92.9032023,44.48616464,15,,True
11546,56001,-93.9839469,44.16408555,272,3.0,True
11547,55066,-92.57194581,44.5602295900001,50,,True
11548,56081,-94.6226301,43.9701417000001,25,,True
11549,56093,-93.50822249,44.08172898,35,,False
11550,56031,-94.450437,43.63880146,57,,True
11551,55041,-92.2877649499999,44.45943098,18,,True
11552,55902,-92.48272029,44.0205591500001,2059,,True
11553,56071,-93.5743291699999,44.54625695,49,,True
11554,55355,-94.52922828,45.11965271,35,,True
11555,55433,-93.36964562,45.18321509,546,2.0,True
11556,56359,-93.66240298,46.07312569,28,,True
11557,56172,-95.75990694,43.9925458700001,25,,False
11558,56073,-94.47676273,44.3133363000001,62,,True
11559,55422,-93.32277691,45.01369286,518,1.0,True
11560,55604,-90.34142679,47.7564806500001,16,,True
11561,56762,-96.77292391,48.19127604,12,,True
11562,55057,-93.19172344,44.47357736,37,,True
11563,56277,-94.97242486,44.7745817700001,16,,True
11564,55904,-92.4393125399999,44.0201049400001,61,,False
11565,56278,-96.4458158799999,45.31536792,25,,True
11566,55060,-93.25109201,44.1120137,43,,True
11567,55426,-93.36223002,44.92898519,426,3.0,True
11568,56573,-95.5931604099999,46.59380923,25,,True
11569,56164,-96.32323883,43.9909794000001,44,,True
11570,56531,-95.95790188,45.99052533,10,,True
11571,56649,-93.43177034,48.59480202,25,,True
11572,55422,-93.33367574,44.99230321,92,,False
11573,55033,-92.8732831199999,44.7472517300001,57,,False
11574,55101,-93.09495164,44.95588753,480,,True
11575,56058,-93.91525319,44.4540851300001,15,,True
11576,55387,-93.79237948,44.8431655200001,109,,True
11577,55307,-94.08523753,44.61067394,20,,True
11578,56082,-93.97244919,44.3497525500001,25,,True
11579,56716,-96.6179559399999,47.772971,49,,True
11580,56431,-93.69844552,46.52971167,25,3.0,True
11581,56621,-95.40221803,47.52633353,25,,True
11582,56601,-94.8999171199999,47.5033919000001,118,3.0,True
11583,56220,-96.27844799,44.70782153,25,,True
11584,56143,-95.00450103,43.62441169,20,,True
11585,56156,-96.2105807299999,43.67200224,28,,True
11586,56701,-96.1836324,48.1025376200001,26,,False
11587,56296,-96.50129101,45.8090748600001,25,,False
11588,56175,-95.60733268,44.2322982100001,25,,True
11589,56183,-95.43934259,44.0456081,8,,True
11590,56187,-95.5984721999999,43.6224444100001,48,3.0,False
11591,56085,-94.72860443,44.29951091,16,,True
11592,56301,-94.16909113,45.5746605900001,489,2.0,True
11593,55981,-92.04738659,44.3877887200001,25,,True
11594,56520,-96.5884288299999,46.29153524,25,,False
11595,55379,-93.50289728,44.771263,93,3.0,True
11596,56345,-94.3625669,45.96688176,49,,True
11597,55102,-93.0999002,44.9485549500001,401,,True
11598,56470,-95.06227361,46.9159570900001,50,,False
11599,55805,-92.08739077,46.79710125,267,2.0,True
11600,56267,-95.90503045,45.58489854,49,,False
11601,56215,-95.60903789,45.31435721,21,,False
11602,56482,-95.13440141,46.4456534,49,,True
11603,55102,-93.10714494,44.9433798100001,546,3.0,True
11604,56013,-94.10031171,43.63395926,43,,True
11605,55746,-92.92989836,47.4088370600001,175,,True
11606,55454,-93.2380751699999,44.9677339300001,1700,2.0,True
11607,55051,-93.29120901,45.8747774400001,49,,True
11608,56101,-95.11331123,43.87910241,18,,True
11609,55987,-91.62296063,44.03345769,49,,True
11610,38701,-91.05089815,33.40346563,39,,False
11611,39301,-88.6759965699999,32.4093016800001,154,,False
11612,38635,-89.41665948,34.7870988700001,40,,True
11613,39301,-88.70007004,32.3711547400001,260,3.0,False
11614,39301,-88.69903542,32.36843764,69,,False
11615,39090,-89.59836339,33.06586615,25,,True
11616,39051,-89.5175159999999,32.7394390000001,25,,True
11617,39194,-90.40425941,32.8588947000001,25,,False
11618,38829,-88.56613194,34.65778485,114,,True
11619,38916,-89.31837329,33.8708532000001,25,,False
11620,38671,-89.9981656799999,34.9698647500001,339,3.0,True
11621,39705,-88.42782379,33.52528491,315,3.0,True
11622,38655,-89.529729,34.34799,217,3.0,True
11623,38652,-89.02806743,34.4978322100001,153,,True
11624,39652,-90.45959046,31.1458664,31,,False
11625,38732,-90.70841447,33.7489106200001,164,,True
11626,39232,-90.10023004,32.33159686,105,,False
11627,39735,-89.18268334,33.3199442700001,25,,True
11628,39150,-90.98471094,31.94631084,32,,True
11629,39083,-90.41463576,31.8713551000001,25,,True
11630,39428,-89.5547434699999,31.63722205,35,,True
11631,38703,-91.03480768,33.41066929,227,3.0,True
11632,38701,-91.05056502,33.40348705,98,,False
11633,39339,-89.06731116,33.0974686100001,25,,False
11634,39307,-88.7264619699999,32.3760572900001,120,,False
11635,39501,-89.1160359799999,30.36741843,33,,True
11636,39631,-91.0588784,31.08209929,25,,True
11637,39401,-89.32959247,31.3185797900001,545,2.0,True
11638,39653,-90.88440552,31.47318095,25,,False
11639,39452,-88.59393837,30.9219244700001,48,,True
11640,38821,-88.47660447,33.97772925,95,,True
11641,39451,-88.56278243,31.15399173,7,,True
11642,38930,-90.19915962,33.5178092,208,,True
11643,39531,-88.99959226,30.3922440000001,45,,False
11644,39503,-89.098263,30.4466880000001,109,,False
11645,39355,-88.72595896,32.0305336100001,25,,False
11646,39466,-89.66513169,30.55006281,50,,True
11647,39095,-90.03073131,33.1116895500001,25,,False
11648,39422,-89.29131849,31.97702901,16,,False
11649,39069,-91.0680515,31.7049905800001,30,,True
11650,39474,-89.8722648999999,31.5946381900001,35,,True
11651,39328,-88.67962197,32.7778222900001,25,,True
11652,39601,-90.4578179599999,31.5891630900001,99,,True
11653,39365,-89.1037603299999,32.5758748600001,25,,True
11654,39654,-90.0998427,31.55407036,25,,False
11655,39111,-89.72902186,31.8711801700001,44,,True
11656,38834,-88.55982341,34.9353131,200,3.0,True
11657,39429,-89.8055791,31.2559959500001,49,,True
11658,38738,-90.4990079299999,33.91843957,56,,False
11659,39501,-89.11556961,30.3676754100001,303,2.0,True
11660,39530,-88.8897506499999,30.39593868,153,3.0,False
11661,39204,-90.25451918,32.2877685300001,319,3.0,True
11662,39046,-90.08319563,32.58137191,67,,True
11663,39120,-91.3917923,31.5274898500001,179,,True
11664,39042,-90.0347478,32.2866429900001,134,,True
11665,39232,-90.1054109,32.3253374600001,160,3.0,True
11666,39183,-90.82452733,32.37437276,361,,True
11667,39402,-89.36646237,31.32607396,211,3.0,True
11668,39232,-90.10133418,32.32965119,109,,False
11669,38654,-89.79202702,34.92264456,67,,True
11670,39202,-90.1794455899999,32.3147564000001,638,,True
11671,39216,-90.17223839,32.32835321,124,,True
11672,39193,-90.06975006,32.2413923,1479,,False
11673,39730,-88.54024448,33.82018241,35,,True
11674,39350,-89.10626096,32.75696071,48,,True
11675,38801,-88.71644811,34.2419593400001,640,2.0,True
11676,38804,-88.67182751,34.23760657,50,,False
11677,38771,-90.54545455,33.7344354000001,35,,True
11678,38614,-90.55221628,34.19596032,181,,True
11679,39773,-88.66237784,33.6193963900001,49,,True
11680,39341,-88.55860538,33.1222328000001,25,,True
11681,39193,-90.0687414499999,32.2424014900001,60,,False
11682,39564,-88.7807144399999,30.41413522,136,3.0,True
11683,39759,-88.82060544,33.4761738600001,96,3.0,True
11684,39520,-89.3543379499999,30.3167744900001,102,,False
11685,38606,-89.91460188,34.30629814,96,,True
11686,38654,-89.8456803,34.9609824400001,108,,False
11687,39153,-89.51948724,32.0001398700001,29,,False
11688,39470,-89.5420106299999,30.8565401000001,24,,True
11689,39476,-88.93772537,31.34633998,22,,True
11690,38863,-88.99617961,34.24296044,25,,True
11691,39183,-90.88172344,32.31909412,35,,True
11692,39301,-88.69906394,32.36806826,40,,False
11693,39301,-88.6975301099999,32.37003789,215,3.0,False
11694,39074,-89.47023244,32.36603131,35,,True
11695,39117,-89.6725712099999,32.3440967400001,25,,False
11696,39202,-90.17903678,32.31526259,25,,False
11697,39501,-89.11611762,30.36996901,61,,True
11698,39211,-90.14337561,32.38977004,53,,False
11699,39159,-90.88455527,32.90473853,29,,True
11700,39114,-89.8864944699999,31.96907265,35,,True
11701,39581,-88.53344391,30.3763940700001,435,3.0,True
11702,39440,-89.1407940999999,31.6849522300001,285,3.0,False
11703,39475,-89.42521313,31.16660224,50,,False
11704,38751,-90.65019353,33.4575199500001,49,,False
11705,39649,-90.4739555899999,31.2510102300001,160,,True
11706,39216,-90.1648566699999,32.33256579,571,,True
11707,39577,-89.11577106,30.8448681400001,25,,False
11708,38921,-90.05883233,34.00405634,18,,True
11709,39301,-88.6972544,32.36961231,49,,False
11710,38663,-88.95024734,34.73938981,25,,True
11711,38852,-89.12786608,32.3562068100001,48,,True
11712,38851,-88.9853275899999,33.8942266,84,,True
11713,38967,-89.73855166,33.4909256,25,,True
11714,39216,-90.17314608,32.3294722800001,697,1.0,True
11715,38901,-89.8174798699999,33.76223436,142,,True
11716,39667,-90.15576773,31.12037143,25,,True
11717,39367,-88.63391303,31.67311763,49,,True
11718,39744,-89.26635699,33.53392561,38,,True
11719,39193,-90.0702453599999,32.2428057400001,32,,False
11720,39339,-89.06011088,33.0980050900001,24,,False
11721,38965,-89.6420887,34.13125561,26,,True
11722,63110,-90.26471606,38.63567447,1431,1.0,True
11723,63110,-90.26458281,38.63637879,485,1.0,True
11724,63112,-90.2755016199999,38.65387831,50,,False
11725,63376,-90.57961531,38.7936050500001,102,1.0,True
11726,63141,-90.4679979699999,38.6762228900001,68,,False
11727,64730,-94.34288588,38.2490284400001,60,,True
11728,64064,-94.36088203,38.96381088,0,,False
11729,64012,-94.50300191,38.8158130200001,71,3.0,True
11730,65201,-92.3158130799999,38.9492967900001,392,1.0,True
11731,65301,-93.22158611,38.6995744500001,99,,True
11732,64429,-94.21805603,39.7304349500001,58,3.0,True
11733,65101,-92.18179252,38.56579236,114,2.0,True
11734,64633,-93.4933903799999,39.3769120800001,25,,True
11735,64701,-94.37749675,38.66507203,25,3.0,True
11736,64744,-94.0170124099999,37.86022532,25,,True
11737,64108,-94.57242476,39.0850532000001,65,,True
11738,64057,-94.34890382,39.0495448,285,2.0,True
11739,63304,-90.6718892599999,38.7149685000001,104,2.0,False
11740,65202,-92.32154702,39.00701847,80,,False
11741,64108,-94.5772711,39.0840846300001,334,,True
11742,63031,-90.33657815,38.77998254,3,,False
11743,63136,-90.2403580599999,38.7765816900001,482,,True
11744,65613,-93.42011395,37.6264835000001,86,3.0,True
11745,64446,-95.3947732,40.3494741000001,18,,True
11746,64759,-94.30084527,37.5056964400001,25,,True
11747,65615,-93.22186944,36.65061008,157,2.0,True
11748,65807,-93.27958382,37.1507277000001,86,,False
11749,65802,-93.2899637799999,37.2247824900001,75,,True
11750,65807,-93.27967732,37.14494625,706,1.0,True
11751,65708,-93.93074698,36.9270036200001,25,,True
11752,64134,-94.4811888999999,38.9243011,48,,False
11753,64724,-94.02125496,38.1924749400001,12,,True
11754,64024,-94.23792638,39.3629482700001,20,,True
11755,65340,-93.21315913,39.0914981700001,60,,True
11756,64804,-94.50700683,37.05075263,72,,False
11757,64804,-94.5267980899999,37.05273128,338,2.0,True
11758,64850,-94.36946792,36.86695396,49,3.0,True
11759,65251,-91.93786546,38.8471352500001,38,,False
11760,64735,-93.7688009999999,38.3896789300001,56,,True
11761,63401,-91.4505384299999,39.7106121400001,99,3.0,True
11762,64424,-94.02565859,40.26453881,19,3.0,True
11763,63133,-90.3139880699999,38.6867048400001,24,,False
11764,64772,-94.3758349,37.84596516,69,,False
11765,64601,-93.5510162099999,39.8171416000001,25,3.0,True
11766,65041,-91.4495855499999,38.6930781300001,24,2.0,True
11767,63663,-90.64471795,37.62312389,15,,True
11768,63108,-90.2631242099999,38.64307325,98,,False
11769,64118,-94.5872691599999,39.21928776,50,,False
11770,63128,-90.38001855,38.5074234100001,38,2.0,True
11771,64067,-93.87727791,39.18972877,32,3.0,True
11772,65065,-92.68304349,38.1206305900001,116,3.0,True
11773,65806,-93.29521862,37.20580126,100,,False
11774,63701,-89.5758391699999,37.30787946,30,,False
11775,65201,-92.31131232,38.9579899400001,23,,False
11776,64804,-94.53838146,37.0535382400001,30,,False
11777,65201,-92.3113789,38.9580252000001,16,,False
11778,64063,-94.33298166,38.9036348500001,80,3.0,True
11779,64068,-94.42370721,39.27524214,204,2.0,True
11780,64506,-94.77059772,39.77235362,41,2.0,True
11781,63552,-92.4685423,39.7480301300001,25,,True
11782,63645,-90.30293138,37.5588741400001,25,,True
11783,65605,-93.71010648,36.96981498,53,,True
11784,64836,-94.32110399,37.1362114900001,25,,True
11785,65625,-93.8720928399999,36.67478257,18,,True
11786,63019,-90.39360264,38.1966694600001,321,3.0,True
11787,64804,-94.50970928,37.0365134,242,2.0,True
11788,65536,-92.6339462399999,37.68127753,58,,True
11789,63379,-90.96365241,38.9834860400001,25,,True
11790,63128,-90.38067,38.5063922000001,767,2.0,True
11791,65804,-93.27527599,37.17898237,866,1.0,True
11792,63141,-90.44625338,38.64563115,859,1.0,True
11793,63090,-91.00213473,38.5525900900001,140,3.0,False
11794,65721,-93.2347419499999,37.0989533900001,48,,False
11795,65804,-93.2356020999999,37.104586,60,,False
11796,63017,-90.53406575,38.64847152,90,,False
11797,65548,-91.70323321,37.0024386100001,25,,True
11798,63131,-90.4467723499999,38.6363666600001,489,2.0,True
11799,63080,-91.1706424,38.19582961,25,3.0,True
11800,63801,-89.58346269,36.88984248,125,,True
11801,65270,-92.41365616,39.42527118,99,,True
11802,64506,-94.7710178999999,39.7732177,352,2.0,True
11803,64402,-94.3243890699999,40.25275515,25,,True
11804,64468,-94.87638893,40.3262843300001,81,,True
11805,64772,-94.3604855299999,37.8311845200001,71,,True
11806,65265,-91.87761104,39.1722927100001,70,,True
11807,65251,-91.96589736,38.8434442400001,37,,True
11808,64116,-94.55116162,39.14898758,451,2.0,True
11809,63501,-92.5890641,40.1935119400001,93,3.0,True
11810,64506,-94.8114026,39.7784892400001,108,,False
11811,65065,-92.6288893299999,38.13496351,16,,False
11812,65775,-91.87458808,36.7381879500001,114,2.0,True
11813,63628,-90.53293006,37.9122258300001,3,,True
11814,63640,-90.43824474,37.78136592,130,3.0,True
11815,63851,-89.74070983,36.2373074700001,167,,True
11816,65803,-93.27240188,37.24856378,32,,False
11817,63775,-89.8655138,37.7320924300001,25,3.0,True
11818,64628,-93.0676931,39.7746033500001,25,,True
11819,65401,-91.78598299,37.95248953,242,3.0,True
11820,63353,-91.0647806599999,39.44066438,25,3.0,True
11821,63901,-90.4261255,36.78558106,170,,True
11822,63901,-90.4432518899999,36.7869106100001,240,,True
11823,63368,-90.69814249,38.71595266,76,2.0,True
11824,63565,-93.00564602,40.48274509,15,,True
11825,63043,-90.41544851,38.7099579100001,60,,False
11826,64085,-93.95742114,39.2643778500001,34,3.0,True
11827,64132,-94.55812509,39.00889984,590,1.0,True
11828,64131,-94.5777309599999,39.00723164,3,1.0,True
11829,64130,-94.5600165399999,39.0114033,100,,False
11830,65360,-93.51852932,38.5341333100001,54,,False
11831,65203,-92.3421044199999,38.96638205,60,,False
11832,63703,-89.57114498,37.3035819400001,306,3.0,True
11833,64086,-94.3815285599999,38.94189729,236,3.0,True
11834,64111,-94.59019592,39.04743362,554,1.0,True
11835,64154,-94.64832907,39.24898899,97,,True
11836,64089,-94.58142085,39.3765090900001,64,,True
11837,65560,-91.5693523799999,37.66045595,25,,True
11838,63555,-92.16495149,40.4647753900001,25,,True
11839,65804,-93.26651852,37.14643934,60,,False
11840,63131,-90.44624942,38.63655771,38,,False
11841,63301,-90.48349744,38.7804756100001,33,,False
11842,63110,-90.2581395299999,38.63222218,12,,False
11843,64116,-94.5518278599999,39.15134801,36,,True
11844,64068,-94.42410418,39.27450552,40,,False
11845,63118,-90.2286144999999,38.5835259400001,178,,False
11846,63703,-89.5655708199999,37.2869714300001,102,,False
11847,63640,-90.4370935599999,37.77375398,331,,False
11848,63701,-89.53984582,37.3107343400001,245,,True
11849,63841,-89.96832374,36.8074795900001,48,,True
11850,63104,-90.23910389,38.6217249100001,195,,True
11851,63044,-90.4337424999999,38.75055654,523,2.0,True
11852,63044,-90.43516525,38.7517683,60,,True
11853,63367,-90.775864,38.802534,30,,False
11854,63117,-90.3126996,38.6333308800001,35,,True
11855,63110,-90.23868622,38.62295605,56,1.0,True
11856,63104,-90.23846797,38.62414869,294,,True
11857,63110,-90.2403566099999,38.61560143,6,,False
11858,63026,-90.47641436,38.5279236600001,180,1.0,True
11859,63367,-90.7757467499999,38.8027966700001,215,3.0,True
11860,63301,-90.48462054,38.78090867,329,2.0,True
11861,63385,-90.8807209999999,38.8221504100001,77,,True
11862,65109,-92.22156912,38.55869819,154,,True
11863,63117,-90.31089581,38.6330960400001,495,2.0,True
11864,64114,-94.6038177199999,38.9361354700001,271,2.0,True
11865,63110,-90.26417116,38.63894385,417,,True
11866,63139,-90.27730968,38.6049899000001,180,,False
11867,63112,-90.27630112,38.6540115600001,50,,False
11868,63122,-90.45179232,38.58433072,143,,False
11869,63017,-90.50322354,38.65129081,493,2.0,True
11870,63017,-90.5321783799999,38.6757077300001,35,,False
11871,64014,-94.26385752,39.0260671500001,146,2.0,True
11872,63670,-90.05465491,37.9693422300001,47,3.0,True
11873,63556,-93.13381402,40.20162729,25,,True
11874,65483,-91.96116854,37.31612169,66,,True
11875,63110,-90.2579411199999,38.6371920400001,96,,False
11876,63376,-90.57985481,38.79380998,35,,False
11877,64139,-94.39435345,38.9753918700001,305,,True
11878,64108,-94.57531678,39.0845361500001,199,1.0,True
11879,64108,-94.57288161,39.0842537,50,1.0,True
11880,65212,-92.32817811,38.9383836600001,247,1.0,True
11881,63664,-90.77266582,37.92597311,25,3.0,True
11882,64093,-93.7222951699999,38.7659332800001,62,3.0,True
11883,65201,-92.28821141,38.95747363,0,,True
11884,64683,-93.58163967,40.06786699,22,3.0,True
11885,59725,-112.64724875,45.2016138600001,18,,False
11886,59068,-109.24388104,45.2122707,10,,True
11887,59422,-112.19271147,47.81409763,25,,True
11888,59034,-107.61653273,45.72891672,18,,False
11889,59520,-110.1087565,48.1787907300001,25,,True
11890,59840,-114.17208714,46.24813858,25,,True
11891,59716,-111.30093122,45.26038213,8,,True
11892,59644,-111.51600331,46.3218649200001,25,,False
11893,59923,-115.54797204,48.3915455700001,25,,False
11894,59457,-109.44395402,47.0585942100001,25,,True
11895,59859,-114.88818837,47.46847267,16,,True
11896,59711,-112.95692871,46.13269218,25,,True
11897,59324,-104.54849376,45.8879955100001,25,,False
11898,59263,-105.418244,48.78824639,25,,False
11899,59722,-112.726831,46.41327806,16,,True
11900,59313,-104.28120337,46.3659592400001,25,,False
11901,59230,-106.6352257,48.1894220400001,25,,False
11902,59337,-106.91125528,47.3188730100001,25,,False
11903,59330,-104.70383362,47.11742516,25,,False
11904,59858,-113.29416393,46.33007221,25,,True
11905,59301,-105.82806045,46.3953215700001,25,,True
11906,59522,-110.97204208,48.5100721700001,25,,False
11907,59047,-110.52679027,45.67515288,25,,True
11908,59425,-111.95892521,48.1744874400001,20,,True
11909,59474,-111.84961514,48.50952146,21,,True
11910,59937,-114.33134382,48.3802769600001,25,,True
11911,59729,-111.732019,45.35174722,10,,True
11912,59215,-105.58072724,47.4188487100001,25,,False
11913,59872,-114.87664823,47.1852672200001,25,,True
11914,59442,-110.67227572,47.82040447,25,,False
11915,59645,-110.90441686,46.5478759700001,25,,True
11916,59427,-112.32702347,48.6285098700001,20,,True
11917,59538,-107.85943629,48.3578659900001,6,,False
11918,59011,-109.95207155,45.8282454600001,25,,False
11919,59255,-105.19289747,48.11532759,20,,False
11920,59349,-105.31559594,46.79113406,25,,False
11921,59860,-114.16270492,47.68217151,22,,True
11922,59218,-104.51461041,48.1514501,25,,False
11923,59327,-106.6703662,46.2716893100001,24,,True
11924,59072,-108.54570523,46.4537166600001,25,,False
11925,59749,-112.19203879,45.4530315000001,5,,False
11926,59254,-104.56327699,48.77918429,19,,False
11927,59270,-104.17315084,47.7150889600001,25,,True
11928,59864,-114.10704469,47.5286764800001,25,,True
11929,59019,-109.25914581,45.6431276800001,16,,False
11930,59201,-105.64190836,48.10134887,22,,False
11931,59036,-109.84107931,46.4373286000001,25,,True
11932,59102,-108.60463457,45.74313397,40,,False
11933,59405,-111.26096756,47.4916011600001,332,,True
11934,59101,-108.51345237,45.7894969500001,308,,True
11935,59715,-111.01971466,45.6701067400001,125,,True
11936,59804,-114.04787954,46.8473783600001,151,,True
11937,59405,-111.29135261,47.4893545200001,19,,False
11938,59901,-114.32342595,48.21467735,220,,True
11939,59756,-112.79086729,46.1808180300001,174,,False
11940,59102,-108.6060574,45.73991405,34,,False
11941,59604,-111.98889283,46.5824289700001,30,,False
11942,59701,-112.54551354,46.0085166600001,98,,True
11943,59806,-113.99991,46.87591,253,,True
11944,59107,-108.51947381,45.7934038600001,286,,True
11945,59601,-111.99743838,46.58267004,123,,True
11946,68047,-96.71097428,42.10558165,21,,True
11947,69162,-102.95211955,41.1362121400001,25,,True
11948,68714,-99.53709135,42.57538377,24,,True
11949,68661,-97.0606969999999,41.45576915,25,,True
11950,69154,-102.34833478,41.41268483,10,,True
11951,68046,-96.0401045899999,41.1358535200001,58,,True
11952,68370,-97.5937304299999,40.16063927,17,,True
11953,68787,-97.0092309299999,42.2419192,21,,True
11954,68949,-99.3830700999999,40.4478890500001,25,,True
11955,68410,-95.8624831,40.65637136,18,,True
11956,69022,-100.18035934,40.28060501,20,,True
11957,69336,-103.09228543,41.6617642800001,20,,True
11958,68010,-96.13302258,41.2499947200001,52,,False
11959,68010,-96.1340719,41.2500045,31,,False
11960,68939,-98.95413257,40.1018289800001,14,,True
11961,68818,-98.01064063,40.8712343400001,12,,True
11962,68137,-96.1400144199999,41.19872696,4,,False
11963,68822,-99.63187635,41.4094485100001,23,,True
11964,68506,-96.6522639899999,40.7958982100001,374,,True
11965,68371,-97.80754526,40.7833479400001,13,,False
11966,68130,-96.180395,41.2377526500001,157,,True
11967,68506,-96.62350501,40.7947330100001,20,,False
11968,68826,-98.00293433,41.1072970500001,20,,False
11969,68118,-96.19039028,41.2600073500001,108,,False
11970,68066,-96.63558327,41.1932757800001,16,,True
11971,68124,-96.03020737,41.2408459800001,52,,True
11972,68450,-96.19702289,40.3796756200001,18,,True
11973,68305,-95.85332562,40.39122889,16,,True
11974,68467,-97.5921534,40.8825718000001,25,,True
11975,68502,-96.6981556599999,40.78948023,266,2.0,True
11976,68502,-96.6991566299999,40.7896144200001,24,,True
11977,68123,-95.9485291399999,41.1370445000001,91,,True
11978,69153,-101.71871887,41.15124201,18,,True
11979,68803,-98.3716427099999,40.92605948,155,3.0,True
11980,68701,-97.4526841799999,42.0338928300001,131,3.0,True
11981,68862,-98.94280528,41.6021114800001,16,,True
11982,68446,-96.18685133,40.6673055000001,10,,True
11983,68144,-96.13563712,41.23286977,24,,False
11984,69343,-102.19985183,42.81217752,25,,False
11985,68763,-98.65038285,42.4606455000001,25,,True
11986,68434,-97.0914344,40.91002173,24,,True
11987,68803,-98.38072088,40.8861415000001,67,,True
11988,68632,-97.1225303099999,41.2466945100001,20,,True
11989,69361,-103.66474127,41.8866798500001,172,2.0,True
11990,68713,-98.98266201,42.5288883200001,17,,True
11991,68105,-95.9744051599999,41.2460658000001,16,,False
11992,68131,-95.94851923,41.2558649100001,64,1.0,False
11993,68788,-96.70606004,41.84345168,25,,True
11994,68025,-96.49176522,41.4524164800001,75,,True
11995,68601,-97.38490108,41.45517805,50,3.0,True
11996,69145,-103.66684855,41.23255777,15,,False
11997,68046,-96.0247396,41.1611352900001,4,,False
11998,68506,-96.6468178599999,40.7898798100001,67,,False
11999,68506,-96.648023086,40.7904510390001,77,,False
12000,68510,-96.62717865,40.80837947,258,3.0,True
12001,69101,-100.76997434,41.1217339500001,116,3.0,True
12002,68122,-96.02028902,41.3222431500001,352,,True
12003,68022,-96.21228906,41.26463957,137,,True
12004,68901,-98.38806583,40.5909138000001,170,3.0,True
12005,68959,-98.94285322,40.49543098,10,,True
12006,68124,-96.03107033,41.23963802,396,,True
12007,68526,-96.59351305,40.7366810300001,63,,True
12008,68506,-96.61730779,40.7692457100001,0,,False
12009,68114,-96.03755209,41.2576700000001,19,,False
12010,68522,-96.7313804,40.7787598,200,,False
12011,68845,-99.11258973,40.6820509500001,93,,True
12012,68008,-96.1445666,41.55142676,21,,True
12013,68114,-96.0422559099999,41.2609364800001,225,,True
12014,69337,-103.01445394,42.8229261600001,25,,True
12015,68114,-96.0419733799999,41.2592316500001,423,,True
12016,69140,-101.7270195,40.8487945100001,20,,True
12017,68359,-97.2816502699999,40.65345624,19,,True
12018,69138,-100.15322981,40.9389198800001,14,,True
12019,69210,-99.84956105,42.5445134600001,23,,True
12020,68198,-95.97863498,41.255229,718,1.0,True
12021,68825,-99.9231578,41.2911193200001,12,,False
12022,69130,-99.98249879,40.8636084,20,,True
12023,68746,-98.46849408,42.8245735300001,15,,True
12024,68701,-97.38426911,42.05069795,150,,False
12025,69001,-100.60835072,40.2054227900001,25,,True
12026,68620,-98.00574016,41.6830408100001,25,,True
12027,68847,-99.10673839,40.72045525,61,,False
12028,68729,-97.91725539,42.4659882,23,,True
12029,68978,-98.06594912,40.02644338,25,,True
12030,68361,-97.59495531,40.52660052,30,,True
12031,68333,-96.93554613,40.64063773,24,,True
12032,68756,-98.03064397,42.13474596,23,,True
12033,68352,-97.17500391,40.15554652,17,,True
12034,68310,-96.7497206099999,40.3161463700001,25,,False
12035,68640,-97.73258369,41.4439214600001,19,,True
12036,68122,-96.02035632,41.3220543400001,34,,True
12037,68355,-95.60788795,40.0777201700001,24,,True
12038,68873,-98.46323549,41.2170544900001,10,,False
12039,69201,-100.53816641,42.87939012,21,,True
12040,68651,-97.5491719999999,41.1697220500001,16,,True
12041,68765,-97.59582364,42.3603027500001,20,,False
12042,68420,-96.15004086,40.1085194300001,11,,True
12043,68970,-98.52805473,40.0915342600001,13,,True
12044,69021,-101.53766349,40.05652918,12,,True
12045,69301,-102.86985494,42.1168365400001,25,,True
12046,69033,-101.65066525,40.5241292800001,15,,True
12047,68920,-99.36492831,40.1049921900001,19,,True
12048,68850,-99.75883201,40.7858968200001,25,,True
12049,89512,-119.79740294,39.5378713900001,95,,False
12050,89703,-119.77215214,39.17078099,29,,True
12051,89703,-119.78438309,39.2021195900001,211,,True
12052,89149,-115.28547053,36.2870572200001,262,,True
12053,89109,-115.13823013,36.13059266,152,,False
12054,89119,-115.12450518,36.11395958,282,,True
12055,89146,-115.22896059,36.15661907,32,,False
12056,89103,-115.22163809,36.1117522600001,154,,False
12057,89147,-115.30750359,36.11581862,8,,False
12058,89052,-115.11694415,36.00311572,60,,False
12059,89032,-115.1627144,36.24026317,8,,True
12060,89139,-115.207116,36.032117,8,,False
12061,89102,-115.209097,36.1459360000001,8,3.0,False
12062,89431,-119.77483093,39.5315412300001,40,,False
12063,89109,-115.16585504,36.1087670100001,22,,False
12064,89148,-115.29244832,36.0803497800001,50,,False
12065,89052,-115.12088321,36.00110213,90,,False
12066,89102,-115.19422344,36.1567317700001,79,,False
12067,89119,-115.12275764,36.1079222500001,108,,False
12068,89011,-115.030568,36.072711,170,,True
12069,89106,-115.16281185,36.16309154,199,,False
12070,89123,-115.11671103,36.03364521,39,,False
12071,89119,-115.2118665,36.1454920400001,66,,False
12072,89146,-115.12183623,36.11591624,52,,False
12073,89431,-119.77713504,39.52904382,86,,False
12074,89121,-115.1103846,36.1165861600001,24,,False
12075,89128,-115.249107,36.21585229,425,3.0,True
12076,89030,-115.12256356,36.19472841,177,,False
12077,89434,-119.69745444,39.5408638100001,124,,True
12078,89149,-115.28035549,36.2751343300001,44,,False
12079,89128,-115.25035637,36.2055307700001,70,,False
12080,89434,-119.69704981,39.5412386900001,21,,True
12081,89511,-119.776027,39.46389,103,,False
12082,89502,-119.79648602,39.5259415900001,808,2.0,True
12083,89502,-119.79234853,39.5239953,62,,False
12084,89521,-119.759815,39.4361337,115,,False
12085,89015,-114.98490732,36.0386620100001,130,,True
12086,89113,-115.27201999,36.0573394400001,147,,True
12087,89052,-115.11507735,36.0043719600001,326,3.0,True
12088,89103,-115.22335528,36.12129149,19,,False
12089,89052,-115.12033124,35.9963042200001,134,,False
12090,89148,-115.29523923,36.0726562400001,265,,True
12091,89146,-115.2266091,36.15745567,274,,False
12092,89146,-115.21582861,36.1460195500001,30,,False
12093,89117,-115.24611248,36.1263206300001,110,,False
12094,89118,-115.24044331,36.0899800400001,364,,True
12095,89144,-115.31703699,36.18103483,485,,True
12096,89109,-115.13547145,36.1326100700001,762,2.0,True
12097,89102,-115.1674567,36.1596237300001,541,1.0,True
12098,89106,-115.16639332,36.16321616,328,,True
12099,89502,-119.75719969,39.50204762,116,,False
12100,89406,-118.76620523,39.4765581300001,25,,True
12101,89820,-116.94028622,40.6395506200001,30,,False
12102,89005,-114.84263072,35.9670526200001,82,,True
12103,89410,-119.71901753,38.9194838700001,23,,True
12104,89048,-116.02508969,36.2145104700001,25,,True
12105,89008,-114.51394311,37.62270263,20,,True
12106,89445,-117.72718726,40.9713250400001,67,,True
12107,89451,-119.95439402,39.2514975,4,,False
12108,89027,-114.11594792,36.8100399100001,25,,True
12109,89415,-118.62738978,38.5170034600001,35,,True
12110,89801,-115.73063104,40.82344377,75,,True
12111,89419,-118.48211098,40.17598617,38,,True
12112,89447,-119.16745924,38.98409652,63,,True
12113,89301,-114.85860479,39.25672704,25,,False
12114,03766,-72.2860025699999,43.6384477300001,25,,False
12115,03570,-71.1552538999999,44.4869509000001,25,,True
12116,03102,-71.4743109,42.9915651800001,330,3.0,True
12117,03431,-72.2919009,42.9488432000001,169,,True
12118,03301,-71.5620203999999,43.1977441400001,295,2.0,True
12119,03246,-71.46318101,43.5285555500001,137,,False
12120,03235,-71.64455273,43.4484042600001,35,,True
12121,03785,-72.0234263899999,44.1353381600001,35,,True
12122,03820,-70.87847895,43.1810142900001,11,,False
12123,03103,-71.438,42.983954,296,2.0,True
12124,03301,-71.56283486,43.1997747400001,50,,True
12125,03833,-70.9355583399999,42.9826630900001,100,,True
12126,03867,-70.96016086,43.2975566000001,112,,False
12127,03841,-71.1542070799999,42.8716633400001,111,,False
12128,03894,-71.2003640999999,43.5817394200001,25,,True
12129,03561,-71.82555904,44.3179338800001,25,,True
12130,03756,-72.27333464,43.6761915500001,396,1.0,True
12131,03860,-71.1368538,44.0618126900001,25,,True
12132,03458,-71.94068275,42.8930894200001,25,,True
12133,03257,-72.00004766,43.42063768,25,,True
12134,03801,-70.7994312399999,43.0855064400001,33,,False
12135,03062,-71.5455062199999,42.8001051800001,20,,False
12136,03079,-71.1851464599999,42.7646868,67,,False
12137,03103,-71.43763832,42.9843252000001,15,,True
12138,03038,-71.31666154,42.87677117,86,3.0,True
12139,03801,-70.79033693,43.0648527500001,220,2.0,True
12140,03874,-70.87369446,42.89247142,0,,False
12141,03061,-71.4613747,42.75627984,188,3.0,True
12142,03264,-71.69518793,43.7577376300001,25,,True
12143,03060,-71.48021205,42.7492391100001,208,3.0,False
12144,03576,-71.48080943,44.90444711,16,,True
12145,03743,-72.34069671,43.38458975,25,,True
12146,03584,-71.55433993,44.48623037,25,,False
12147,03820,-70.87410764,43.2132269700001,178,3.0,True
12148,08401,-74.4343698599999,39.35811934,30,,True
12149,08068,-74.63710552,39.9675004900001,30,,False
12150,07940,-74.4356699799999,40.76726246,38,,False
12151,08401,-74.4341819099999,39.3584220700001,244,2.0,True
12152,08240,-74.54007297,39.4789826200001,349,,True
12153,08240,-74.538987,39.47831562,80,,True
12154,07733,-74.19168432,40.4051614100001,211,,True
12155,07652,-74.06299172,40.95666778,496,,False
12156,08210,-74.81717152,39.0876137600001,242,,True
12157,08534,-74.80292328,40.29198684,221,,False
12158,08638,-74.7521968199999,40.2359876900001,237,2.0,True
12159,07675,-74.01502132,40.9855294000001,25,,True
12160,08861,-74.28110265,40.5189625300001,26,,False
12161,08901,-74.45961024,40.5011940100001,25,,False
12162,07207,-74.21491809,40.6586201900001,25,,False
12163,07002,-74.1127139399999,40.6683036900001,244,,False
12164,07306,-74.0499582699999,40.73426762,349,,False
12165,07030,-74.03403796,40.74112933,333,,False
12166,07728,-74.3115594,40.2382594200001,284,,True
12167,08901,-74.45169039,40.4948251000001,68,,True
12168,07444,-74.31022878,40.9587516300001,260,,False
12169,07109,-74.1763211099999,40.78567135,472,,False
12170,07107,-74.18670909,40.7726040100001,63,,False
12171,08755,-74.21596648,39.96400228,592,,False
12172,08103,-75.11616909,39.9413460000001,663,,True
12173,07922,-74.4218729999999,40.66510852,44,,False
12174,08015,-74.5851444099999,39.97725682,89,,True
12175,07018,-74.2136014,40.7546035600001,201,,False
12176,07724,-74.0797254399999,40.28283465,60,,False
12177,08755,-74.21740973,39.96261142,92,,False
12178,08360,-75.05259341,39.4451618900001,30,,False
12179,07631,-73.96872053,40.90445336,531,,False
12180,07009,-74.2343729099999,40.8517585000001,180,,False
12181,08502,-74.68333302,40.4665162100001,297,,False
12182,07601,-74.05619386,40.88386346,781,1.0,True
12183,07042,-75.21954885,39.43618788,357,,True
12184,07840,-74.81600774,40.8616841,111,,True
12185,08060,-74.8468582,40.0081912200001,120,,False
12186,07666,-74.01040033,40.88299153,372,,False
12187,07094,-74.05781689,40.78540558,174,,False
12188,07094,-74.07323651,40.7918303100001,204,,True
12189,08822,-74.860858,40.53141456,184,,True
12190,08318,-75.1806307799999,39.5878589700001,96,,True
12191,08062,-75.15205944,39.7159936800001,220,,True
12192,08360,-75.05896898,39.44547572,365,,True
12193,08002,-75.0161224999999,39.92820455,196,,False
12194,08084,-75.0084352699999,39.8282493,181,,True
12195,08012,-75.06577821,39.7350675100001,230,,True
12196,07302,-74.0506008799999,40.7163480900001,348,2.0,False
12197,07754,-74.04119883,40.2092682100001,618,2.0,True
12198,08818,-74.35011666,40.5565949900001,94,,False
12199,08818,-74.35085013,40.5566076700001,405,,False
12200,08053,-74.91813873,39.88243807,46,,False
12201,07930,-74.68564441,40.8195339500001,72,,False
12202,07663,-74.09280899,40.8960694200001,112,,False
12203,07052,-74.2770047399999,40.78549954,152,,False
12204,07055,-74.1372832,40.8590505000001,25,,False
12205,07801,-74.57552265,40.88509128,45,,False
12206,07065,-74.2905638399999,40.6128375600001,34,,False
12207,07740,-73.98599317,40.2954913300001,514,,False
12208,08701,-74.2181482399999,40.0731586000001,241,,False
12209,07960,-74.4658177599999,40.7895489300001,735,1.0,True
12210,07112,-74.21154236,40.7092220800001,667,,False
12211,07860,-74.76844283,41.05764815,148,,True
12212,08012,-75.07335331,39.78891034,158,,False
12213,08724,-74.13144684,40.0771830100001,317,,False
12214,07902,-74.3537838399999,40.71178746,504,,True
12215,07047,-73.99643796,40.7939959400001,197,,True
12216,07675,-74.01568138,40.9856164400001,128,,True
12217,08536,-74.62416417,40.34036164,435,,False
12218,07481,-74.17191831,40.9806241900001,58,,False
12219,08857,-74.3233919099999,40.3831384200001,113,,False
12220,07701,-74.0638426799999,40.3539818100001,460,,False
12221,08901,-74.4502068799999,40.4952448700001,614,1.0,True
12222,08690,-74.6720643899999,40.2163529900001,248,,False
12223,07065,-74.29105086,40.61285245,251,,False
12224,08876,-74.5953694899999,40.5682960300001,353,,True
12225,08854,-74.47019641,40.5256925100001,64,,False
12226,08755,-74.21490921,40.0121504700001,40,,False
12227,07039,-74.30486927,40.76341581,603,,True
12228,07801,-74.57623807,40.88485768,109,,False
12229,07005,-74.42539298,40.9098148,120,,False
12230,07834,-74.4654681599999,40.8950587900001,314,,False
12231,07102,-74.17412143,40.74358053,358,,False
12232,08901,-74.4594521,40.5015232000001,478,,False
12233,07662,-74.07419286,40.89854354,62,,False
12234,08244,-74.59251302,39.31396749,203,,True
12235,08724,-74.13139039,40.0776885600001,40,,False
12236,08050,-74.28488318,39.7209551,156,,True
12237,08701,-74.2190055899999,40.0730650300001,50,,False
12238,08629,-74.74165161,40.21652218,238,,False
12239,07503,-74.1657044199999,40.9028344500001,639,2.0,True
12240,07470,-74.20271983,40.9471235600001,229,,False
12241,08648,-74.7350899699999,40.28827783,60,,False
12242,08865,-75.17812041,40.70220506,198,,True
12243,07055,-74.13774777,40.85931214,293,,False
12244,07901,-74.36292329,40.713897,126,,False
12245,07977,-74.64089839,40.71218522,101,,False
12246,07450,-74.1006496099999,40.98359463,446,,False
12247,07207,-74.2147936599999,40.6585593500001,417,,False
12248,07103,-74.1910617299999,40.7406031300001,519,1.0,True
12249,07018,-74.2119646,40.7536229,0,,False
12250,08053,-74.91853141,39.8813950300001,198,,False
12251,08043,-74.92656699,39.84070768,402,,False
12252,08060,-74.7947995599999,39.9863711300001,383,,False
12253,08103,-75.09500468,39.9277316500001,340,,False
12254,08046,-74.880726,40.0465323500001,169,,True
12255,08053,-74.9180545899999,39.88309502,18,,False
12256,87049,-107.57100872,35.06856341,0,,True
12257,88011,-106.72499434,32.32603749,20,,False
12258,87108,-106.58212576,35.0576809300001,32,,False
12259,88210,-104.41086139,32.84897478,49,,True
12260,88012,-106.77399748,32.35661986,120,,False
12261,88220,-104.25793015,32.4425387000001,99,1.0,True
12262,87102,-106.60759507,35.1380449600001,64,,False
12263,87505,-105.9534211,35.645904,0,,False
12264,87505,-105.96329578,35.6334653600001,19,,False
12265,87505,-105.94578049,35.6594409900001,200,1.0,False
12266,87020,-107.82711937,35.1621529700001,25,,True
12267,87124,-106.68654261,35.2215140800001,37,,False
12268,88240,-103.18492103,32.76231971,118,,True
12269,87313,-108.13951833,35.6987170900001,0,,True
12270,88401,-103.7224242,35.1566131000001,25,,True
12271,88201,-104.52857645,33.42430326,162,2.0,True
12272,87109,-106.59226735,35.16035126,87,,False
12273,88310,-105.9346758,32.92454215,98,,True
12274,88061,-108.26091772,32.7971299800001,35,,True
12275,88435,-104.69356474,34.93021528,10,,True
12276,87108,-106.58183875,35.0578329900001,48,,False
12277,87102,-106.63705688,35.0877902500001,55,,True
12278,87571,-105.57688812,36.3685436600001,25,,True
12279,87102,-106.63788334,35.08887048,61,,True
12280,88345,-105.63130031,33.3222399900001,25,,False
12281,88345,-105.631791,33.3216323,0,,False
12282,87544,-106.31930016,35.8816996400001,47,,True
12283,87102,-106.63969041,35.0861203000001,263,,False
12284,88201,-104.52117266,33.41710117,27,,True
12285,87109,-106.6215342,35.0927104800001,62,,False
12286,87102,-106.63834526,35.08777267,62,,True
12287,87114,-106.67705477,35.20745035,86,,True
12288,87109,-106.59100256,35.13176802,120,,False
12289,88011,-106.73604764,32.29228528,199,,True
12290,88030,-107.76772771,32.26033611,25,,True
12291,87740,-104.44211025,36.8626589900001,25,3.0,True
12292,88011,-106.72891585,32.3236685100001,168,,True
12293,88203,-104.52326727,33.30928937,43,,False
12294,88260,-103.34737437,32.96528184,25,3.0,True
12295,88008,-106.61976421,31.8422699600001,88,,False
12296,87120,-106.70220042,35.1343833400001,0,,False
12297,87420,-108.69150101,36.80522273,0,,True
12298,87105,-106.6793321,35.0275438,0,,False
12299,87122,-106.5574367,35.1768612000001,0,,False
12300,88101,-103.23391926,34.4210639,0,,True
12301,88101,-103.23378959,34.4206209600001,100,,True
12302,87532,-106.08882784,35.9972510900001,70,,True
12303,87106,-106.63549872,35.08163324,453,,True
12304,87106,-106.6354914,35.0816144,0,,True
12305,87110,-106.55319003,35.09296485,85,,False
12306,88401,-103.72257451,35.1566324400001,25,,True
12307,87124,-106.69320701,35.21936214,199,,True
12308,88011,-106.72448723,32.3254207100001,40,,False
12309,87301,-108.72650484,35.50651464,70,,True
12310,88130,-103.36226389,34.16890339,24,3.0,True
12311,87401,-108.21681785,36.72383519,198,3.0,True
12312,87401,-108.21612083,36.72557999,16,,False
12313,87701,-105.21087259,35.62344426,54,,True
12314,87901,-107.24193699,33.14018908,25,2.0,True
12315,87801,-106.91147317,34.0374495500001,24,,True
12316,87701,-105.24224509,35.60836498,116,,False
12317,88001,-106.77604931,32.3346167,46,,False
12318,87108,-106.58003464,35.07359682,40,,False
12319,88415,-103.19329722,36.4542286700001,25,,False
12320,87106,-106.61718787,35.08815273,527,1.0,True
12321,87144,-106.68023294,35.3087658000001,60,,True
12322,88310,-105.934413,32.9233092000001,0,,False
12323,12208,-73.77665746,42.6534080600001,748,1.0,True
12324,12208,-73.78011464,42.6458106700001,18,,False
12325,13126,-76.5077238,43.4613859,32,,False
12326,14727,-78.28786338,42.2129224700001,6,,True
12327,14895,-77.9509012999999,42.12242108,49,,False
12328,13903,-75.9144438,42.0863155500001,220,,False
12329,13905,-75.93693498,42.0913864300001,242,,False
12330,13790,-75.95852351,42.1141993900001,280,2.0,True
12331,13021,-76.56436825,42.9413530900001,99,,True
12332,14048,-79.3345945999999,42.47994514,65,,False
12333,14701,-79.24536584,42.0911672400001,10,,False
12334,14701,-79.2318984,42.0912231,287,,True
12335,14787,-79.56980877,42.3286981300001,4,,True
12336,14905,-76.82775987,42.10014942,266,,True
12337,14901,-76.7984345,42.09195035,125,,True
12338,13815,-75.52579862,42.5411593200001,58,,True
12339,12901,-73.46941987,44.70044304,300,3.0,True
12340,12534,-73.7774525299999,42.2463447700001,192,,False
12341,13045,-76.1873217,42.60883147,162,,False
12342,13753,-74.916391,42.2683514300001,23,,True
12343,12455,-74.64206927,42.1466535600001,15,,False
12344,13856,-75.12871763,42.16427479,25,,True
12345,12601,-73.92770935,41.7178383900001,243,2.0,True
12346,14203,-78.8662097599999,42.90086841,484,,True
12347,14203,-78.86749171,42.90092192,185,,False
12348,14215,-78.83114577,42.9250771000001,573,1.0,True
12349,14220,-78.8119710299999,42.8475014300001,387,,True
12350,14263,-78.86488695,42.8992051000001,133,,True
12351,14214,-78.84845864,42.9284368900001,310,,False
12352,11794,-73.1156782199999,40.90919446,624,,True
12353,14217,-78.88011777,42.9775954500001,184,,False
12354,14141,-78.6585669,42.50896399,24,,True
12355,14225,-78.78240154,42.9143043600001,103,,False
12356,12932,-73.59552465,44.215377,25,,False
12357,12946,-73.98186928,44.26724503,0,,True
12358,12883,-73.4370239899999,43.8495251300001,25,,True
12359,12983,-74.1431367599999,44.3450410400001,95,,True
12360,12953,-74.29129248,44.8567351500001,76,1.0,False
12361,12078,-74.33192173,43.0715861100001,74,,False
12362,14020,-78.17663186,43.0050608700001,111,,False
12363,14020,-78.1811128799999,42.9986500800001,22,,False
12364,13365,-74.8474931599999,43.04424004,25,,False
12365,13601,-75.9145579,43.9650434800001,290,,True
12366,13607,-75.92050805,44.3377087700001,15,,False
12367,13619,-75.59409131,43.98725597,25,,False
12368,13367,-75.4991180599999,43.7957902100001,31,,False
12369,14437,-77.69777078,42.5530252500001,67,,True
12370,13421,-75.65449007,43.07770601,101,,False
12371,13346,-75.54340496,42.81343509,25,,True
12372,14620,-77.60599645,43.1352912,261,,False
12373,14621,-77.5868144899999,43.1922411300001,528,,True
12374,14611,-77.6370997499999,43.14869528,73,,False
12375,14642,-77.6242594299999,43.12280887,886,1.0,True
12376,14620,-77.61799167,43.11299768,39,,False
12377,14626,-77.70515091,43.19291838,311,,True
12378,12010,-74.18712293,42.95906517,10,,True
12379,12010,-74.216064,42.9544174500001,120,,True
12380,11501,-73.6430084,40.7406974800001,591,1.0,False
12381,11570,-73.6316038099999,40.68851303,375,,False
12382,11572,-73.63083944,40.6509980000001,455,2.0,False
12383,11554,-73.55373802,40.72625551,530,1.0,True
12384,11714,-73.4787181899999,40.72677129,203,,False
12385,11803,-73.47853471,40.77495423,204,,False
12386,11576,-73.67058968,40.8047547300001,364,,False
12387,14094,-78.67114428,43.1773710800001,134,,False
12388,14302,-79.0497101299999,43.0939208200001,171,,True
12389,14120,-78.86234244,43.0254180100001,54,,False
12390,14092,-79.03243072,43.1541840200001,175,,False
12391,13440,-75.44235499,43.2291343300001,130,,False
12392,13501,-75.26611203,43.0821714300001,201,3.0,True
12393,13502,-75.27589377,43.0967334200001,370,,True
12394,13215,-76.1679021799999,43.0080376700001,314,1.0,False
12395,13210,-76.13983046,43.04189732,438,,True
12396,13210,-76.13839401,43.0412991700001,465,,True
12397,14456,-76.98776837,42.87646048,117,,False
12398,14432,-77.1365157499999,42.95970084,154,,True
12399,14424,-77.2902443,42.8760149600001,113,,True
12400,12550,-74.01456558,41.50342485,242,3.0,True
12401,10940,-74.3683122699999,41.4419140800001,383,2.0,True
12402,10990,-74.3574621499999,41.2613629200001,60,,False
12403,12771,-74.6815971899999,41.3676357000001,122,,False
12404,14103,-78.3975927499999,43.2232474400001,39,,True
12405,13126,-76.51637765,43.4540165700001,132,,False
12406,13820,-75.05215348,42.4577933200001,53,,False
12407,13326,-74.9229555699999,42.69525514,180,3.0,False
12408,12180,-73.67642397,42.74272051,20,,False
12409,10993,-73.98834472,41.21430723,130,,False
12410,10960,-73.92601813,41.0962114700001,391,3.0,False
12411,10901,-74.1348114199999,41.1115957800001,286,,True
12412,13669,-75.4998877799999,44.6915906500001,115,,False
12413,13662,-74.90874009,44.93623403,25,,True
12414,13642,-75.47484873,44.3375253500001,25,,False
12415,13676,-74.98211632,44.67651062,94,3.0,False
12416,13690,-75.05630402,44.1624070400001,20,,False
12417,12866,-73.79678273,43.08588022,171,,True
12418,12308,-73.91731809,42.8198576200001,368,,False
12419,12309,-73.87895472,42.7927689900001,55,,False
12420,14865,-76.85997059,42.35245875,25,,True
12421,14830,-76.96951777,42.1353507900001,65,,True
12422,14843,-77.6606131,42.31387327,15,,True
12423,14810,-77.2789066299999,42.3743292,35,,True
12424,11772,-72.97714065,40.78005719,306,3.0,True
12425,11968,-72.37994406,40.88505974,124,3.0,False
12426,11944,-72.36112732,41.1103605700001,70,,True
12427,11777,-73.0543985099999,40.9390674000001,248,,False
12428,11777,-73.06096322,40.94663123,243,,False
12429,11743,-73.41619953,40.8793292400001,348,3.0,False
12430,11795,-73.2943946199999,40.69388013,437,2.0,True
12431,11901,-72.67362495,40.93426399,144,3.0,True
12432,11787,-73.22299673,40.8685001900001,296,,False
12433,12723,-75.04741551,41.7402919300001,15,,True
12434,12742,-74.7375244,41.7090607900001,154,,True
12435,14850,-76.53748416,42.46898507,212,,True
12436,12428,-74.37903498,41.73262979,25,,True
12437,12801,-73.64631274,43.3066293900001,391,,True
12438,14513,-77.1016699099999,43.0604993800001,120,,True
12439,10567,-73.8926009899999,41.2924646600001,128,,False
12440,10601,-73.7693050999999,41.02559431,292,,False
12441,10605,-73.7515055,41.0168086800001,150,,False
12442,10605,-73.75390988,41.0275795100001,247,,False
12443,10550,-73.840562,40.91289836,121,,False
12444,10802,-73.7877626,40.91280606,223,,False
12445,10701,-73.88614692,40.9689135300001,225,,False
12446,10701,-73.89769468,40.92925602,191,,False
12447,10703,-73.8916523899999,40.94038607,141,,False
12448,10549,-73.72570075,41.19705408,245,,False
12449,10708,-73.8365641999999,40.9420908700001,288,,False
12450,10522,-73.8619196499999,41.0143922500001,12,,False
12451,10591,-73.86308776,41.1090070600001,218,,False
12452,10528,-73.70935222,40.9891184000001,139,,False
12453,10595,-73.79997224,41.0748475400001,94,,False
12454,10595,-73.8049547699999,41.08609075,652,1.0,True
12455,14569,-78.1310725,42.75430004,62,,True
12456,14527,-77.0611995799999,42.67140067,25,,False
12457,10456,-73.90405698,40.83171479,170,,False
12458,10461,-73.8475121499999,40.85629836,457,1.0,True
12459,10466,-73.8611911899999,40.8936971700001,321,,False
12460,10467,-73.8798267,40.8800792600001,816,,False
12461,10451,-73.9247761999999,40.8160855,362,1.0,False
12462,10461,-73.84394163,40.8479898900001,200,,False
12463,10457,-73.89136288,40.8526890100001,422,2.0,False
12464,10457,-73.91114695,40.8434925500001,415,,False
12465,10461,-73.84851753,40.8407431100001,0,,False
12466,10467,-73.88105711,40.8803656000001,213,,False
12467,11212,-73.91255653,40.6552691000001,530,2.0,False
12468,11201,-73.9778837599999,40.69057251,464,,False
12469,11229,-73.9487107799999,40.61377099,134,,False
12470,11235,-73.96533243,40.58541438,371,,False
12471,11203,-73.94469079,40.6566163800001,624,1.0,False
12472,11220,-74.0205798169999,40.646376552,444,1.0,False
12473,11219,-73.99845264,40.6394788800001,711,1.0,False
12474,11215,-73.97899052,40.6677617,591,2.0,False
12475,11213,-73.93736834,40.6782330400001,287,,False
12476,11203,-73.9335453099999,40.65944045,120,,False
12477,11237,-73.9177637,40.7039640400001,324,,False
12478,11203,-73.9442278499999,40.65484188,342,,False
12479,11234,-73.94290124,40.6188201000001,212,,False
12480,10038,-74.00529783,40.71051679,180,,False
12481,10016,-73.9753817499999,40.7393201,912,1.0,False
12482,10003,-73.98177078,40.73310481,696,,False
12483,10037,-73.93986126,40.81426493,268,2.0,False
12484,10003,-73.98299996,40.7344316900001,225,,False
12485,10021,-73.9523148499999,40.76492338,215,,False
12486,10065,-73.95659552,40.76427432,514,,False
12487,10029,-73.9445302299999,40.78492694,338,,False
12488,10029,-73.95321427,40.7897675300001,1139,,False
12489,10021,-73.9543322599999,40.7645499400001,744,,False
12490,10003,-73.98448331,40.73185306,69,,False
12491,10016,-73.97392933,40.7420469,844,,False
12492,10032,-73.94068652,40.8410528800001,1022,,False
12493,10021,-73.9546231699999,40.76304744,40,,False
12494,10019,-73.9874019,40.7698206100001,514,,False
12495,10025,-73.9615903499999,40.8049225400001,495,2.0,False
12496,10304,-74.0753546,40.62242782,25,,False
12497,10035,-73.94162385,40.80328511,201,,False
12498,11373,-73.88607967,40.74482736,545,1.0,False
12499,11355,-73.81646552,40.75540992,299,,False
12500,11418,-73.8161148899999,40.7001036500001,402,1.0,False
12501,11432,-73.80455619,40.71707221,269,,False
12502,11691,-73.7535506199999,40.59870798,257,,False
12503,11355,-73.82541638,40.7467722800001,535,1.0,False
12504,11102,-73.9248843399999,40.7682950600001,228,,False
12505,11206,-73.9423789799999,40.6995226700001,364,,True
12506,14127,-78.77257279,42.78054509,2,,False
12507,10310,-74.1059377999999,40.63590241,448,1.0,False
12508,10461,-73.8458902199999,40.8498892100001,421,,False
12509,14221,-78.73023829,42.99403948,265,,False
12510,10034,-73.91305033,40.8732752400001,196,,False
12511,13501,-75.26660171,43.0814904600001,201,,True
12512,13838,-75.39546902,42.3041547,67,,False
12513,13211,-76.10738979,43.0984390400001,40,,False
12514,12180,-73.672857689,42.7332256970001,15,,False
12515,14420,-77.94457511,43.22161178,0,,False
12516,11561,-73.65222849,40.59454659,12,2.0,False
12517,11201,-73.99776571,40.68987342,0,,False
12518,10065,-73.9557336,40.7648862,135,,False
12519,12043,-74.48179866,42.6869295000001,25,,False
12520,11220,-74.021560307,40.6468175150001,25,,False
12521,10021,-73.93076918,40.78830543,16,,False
12522,27103,-80.26817483,36.08964961,885,1.0,True
12523,28501,-77.58328281,35.2903406300001,199,,True
12524,27549,-78.29353379,36.1123061700001,83,,True
12525,28792,-82.48819301,35.3900433000001,103,,False
12526,28078,-80.8602609,35.4064441800001,139,,True
12527,28722,-82.21262408,35.2394679400001,35,,True
12528,27514,-79.04968923,35.9045427,923,1.0,True
12529,27565,-78.59335192,36.32641569,62,,True
12530,28210,-80.87122558,35.09082721,262,,True
12531,28210,-80.8733215999999,35.0942579000001,40,,False
12532,27617,-78.8157883,35.9027533,0,,False
12533,28203,-80.8387178199999,35.2018849500001,70,,True
12534,27886,-77.55591562,35.9210314100001,117,,True
12535,27610,-78.5817986499999,35.78289748,0,,False
12536,27330,-79.18720488,35.46907449,137,,True
12537,27909,-76.2179333299999,36.32359631,182,,True
12538,27288,-79.73944428,36.4947163100001,108,,True
12539,28734,-83.3786889199999,35.1846614200001,59,,True
12540,27401,-79.7864573799999,36.09088474,883,2.0,False
12541,27215,-79.50224357,36.0612038900001,238,,True
12542,28777,-82.06277435,35.91099,46,,True
12543,28659,-81.15791165,36.15919304,120,,True
12544,27983,-76.92824949,35.9886475500001,6,,True
12545,28301,-78.8881542999999,35.05430317,66,,False
12546,28105,-80.71407841,35.1199848100001,157,,True
12547,28374,-79.4566766,35.2050674000001,402,,True
12548,28374,-79.45643853,35.2052993500001,8,,True
12549,27016,-80.23107621,36.4180680000001,59,,False
12550,28304,-78.9330536799999,35.0318387300001,634,3.0,True
12551,27893,-77.9438130899999,35.71855867,294,,True
12552,28117,-80.8535722999999,35.54920478,123,,True
12553,28681,-81.17859,35.918622,25,,False
12554,28621,-80.83830267,36.26186461,93,,True
12555,17025,-76.9840177,40.2839753000001,50,,False
12556,28741,-83.18589113,35.0865865100001,24,,True
12557,27518,-78.78145631,35.7402240500001,208,3.0,True
12558,28546,-77.37438632,34.7463351000001,84,,False
12559,27103,-80.2967607699999,36.07583757,22,,True
12560,28204,-80.8241644399999,35.21183819,608,3.0,True
12561,28640,-81.45752318,36.42330853,76,,True
12562,28560,-77.06594289,35.1134019300001,350,,True
12563,28150,-81.53639421,35.30290424,308,3.0,True
12564,28451,-78.0637137099999,34.26075781,112,,False
12565,27360,-80.11147956,35.87988512,146,,False
12566,28376,-79.10759204,35.0297339100001,41,,False
12567,27834,-77.40403107,35.60786168,974,1.0,True
12568,27932,-76.61120353,36.06997928,49,,True
12569,28401,-77.92128482,34.20546384,800,2.0,True
12570,28625,-80.82871474,35.8184286700001,144,,True
12571,28655,-81.6544922799999,35.7263911700001,315,,True
12572,27710,-78.9377581099999,36.0070498000001,960,1.0,True
12573,28170,-80.1100856199999,34.97772188,15,,True
12574,28675,-81.11461101,36.50952105,41,,True
12575,28422,-78.26088,34.03117,74,,True
12576,27406,-79.77036502,36.04926383,124,,False
12577,27804,-77.8523108099999,35.97615597,345,,True
12578,27103,-80.32696994,36.0511396300001,68,,False
12579,27292,-80.28673542,35.8061501500001,94,,True
12580,27870,-77.64641412,36.4320062100001,204,,True
12581,28054,-81.1392638299999,35.2726615,435,3.0,True
12582,28712,-82.7120586999999,35.2559271000001,82,,False
12583,28721,-82.9425088799999,35.52538128,154,,True
12584,27533,-77.9524686999999,35.39848375,316,,True
12585,28012,-81.03012871,35.2631579600001,40,,False
12586,28139,-81.96559595,35.36235121,143,,True
12587,28358,-79.01212953,34.6369107900001,337,,False
12588,27610,-78.58790197,35.7845113500001,726,1.0,True
12589,28001,-80.1948226599999,35.3644432,109,,True
12590,27610,-78.58392113,35.78277375,285,,False
12591,27892,-77.072254,35.8397907,49,,True
12592,28546,-77.3849868199999,34.7627593300001,162,,True
12593,28645,-81.53516139,35.9106065300001,137,,True
12594,27006,-80.4478195999999,36.0094646000001,50,,False
12595,27103,-80.2972871599999,36.0755504100001,945,,True
12596,28607,-81.65152936,36.19846886,117,,True
12597,27611,-78.61812596,35.82853257,186,,False
12598,28557,-76.75504117,34.7262095,135,,False
12599,27104,-80.31857382,36.0783343800001,164,,False
12600,27203,-79.81422804,35.7114446100001,145,,True
12601,27704,-78.9002545399999,36.0367935900001,388,,False
12602,27704,-78.89699467,36.04303607,18,,False
12603,28906,-83.96666241,35.0727129000001,57,,True
12604,28349,-77.9619133099999,34.96527968,81,,True
12605,27703,-78.8409187,35.9182248000001,0,,False
12606,28339,-78.66980289,35.3273632500001,16,,False
12607,28601,-81.33727084,35.73734647,338,,False
12608,28801,-82.54999055,35.58055669,34,,False
12609,28752,-82.0284762799999,35.66339557,65,,True
12610,28093,-81.2035985799999,35.48991814,101,,True
12611,28657,-81.8893571099999,36.06031792,40,,True
12612,27607,-78.70317191,35.8174886400001,439,,True
12613,28713,-83.4447925699999,35.43448549,48,,True
12614,27344,-79.42085536,35.7229545000001,25,,True
12615,27959,-75.61764914,35.9398365000001,21,,True
12616,28025,-80.6008436499999,35.44281606,40,,False
12617,28472,-78.6941240899999,34.3377342900001,154,,True
12618,28352,-79.4698014099999,34.75316918,104,,True
12619,27910,-76.99523498,36.2854313,114,,False
12620,28211,-80.8038939799999,35.1920501700001,1211,,False
12621,28337,-78.60800449,34.6224339300001,48,,True
12622,28425,-77.91987507,34.5506675500001,43,,True
12623,28801,-82.54914322,35.5765725700001,815,2.0,True
12624,27577,-78.33498078,35.5144145800001,199,,True
12625,27415,-79.7287046,36.1478777,0,,False
12626,27371,-79.8903683,35.3648112400001,37,,False
12627,28677,-80.87806834,35.79926153,199,,True
12628,27536,-78.4494464599999,36.3308650600001,205,,True
12629,28112,-80.52284241,34.9757067900001,182,,True
12630,27261,-80.01339432,35.9628238,351,,True
12631,28328,-78.3244876699999,35.0071833000001,116,,True
12632,28144,-80.47070794,35.68126984,268,,True
12633,27705,-78.9423253799999,36.00994038,50,,False
12634,27573,-78.98489524,36.40845347,38,,True
12635,27320,-79.66752159,36.35324487,110,,False
12636,27889,-77.0378380499999,35.54922191,142,,False
12637,28779,-83.20300137,35.3860108900001,86,,True
12638,28813,-82.53131981,35.56227109,80,,False
12639,28791,-82.4670804199999,35.3203143600001,222,,True
12640,28334,-78.63466618,35.3070327400001,131,,True
12641,28602,-81.26734191,35.7138555700001,258,,True
12642,28215,-80.64781859,35.2231601300001,36,,True
12643,27030,-80.6121681,36.48860409,100,,True
12644,28262,-80.74704794,35.3067574300001,104,1.0,True
12645,28217,-80.74772609,35.3067574300001,17,,True
12646,28025,-80.60250804,35.43610642,457,3.0,True
12647,28461,-78.02159031,33.92966195,25,,True
12648,28379,-79.74991018,34.9285935,99,,True
12649,27962,-76.72928368,35.86278208,25,,True
12650,27055,-80.6711254799999,36.1352839200001,22,,False
12651,58413,-99.37244121,46.0400758700001,20,,False
12652,58316,-99.74873024,48.84335987,0,,False
12653,58501,-100.7823385,46.80794623,234,2.0,True
12654,58501,-100.77780048,46.80738232,287,2.0,True
12655,58318,-100.44998126,48.8291248100001,25,,False
12656,58623,-103.40466044,46.18187141,23,,False
12657,58324,-99.2111361299999,48.4930220000001,20,,True
12658,58421,-99.12382002,47.4542295900001,25,,True
12659,58220,-97.61871696,48.7925461,20,,False
12660,58425,-98.11855687,47.4459560500001,18,,False
12661,58730,-103.29903469,48.90669296,15,,True
12662,58301,-98.8492974499999,48.1157044300001,25,,True
12663,58601,-102.82055036,46.8890758900001,25,,True
12664,58533,-101.84146346,46.40732581,25,,False
12665,58104,-96.82750545,46.83148799,145,2.0,True
12666,58122,-96.78605485,46.8849444900001,380,,True
12667,58104,-96.79744176,46.8531477500001,31,,False
12668,58103,-96.78500526,46.86919521,110,,False
12669,58103,-96.7975375299999,46.8538830000001,170,,False
12670,58122,-96.788422,46.8842980000001,0,,True
12671,58103,-96.87577895,46.8452189000001,246,,True
12672,58104,-96.84082254,46.8101132900001,42,,False
12673,58538,-100.62812579,46.0951615800001,0,,False
12674,58540,-101.41103957,47.6484034800001,22,,True
12675,58237,-97.4143313499999,48.4110027400001,14,,False
12676,58201,-97.0686861899999,47.9105730000001,297,2.0,True
12677,58201,-97.04744399,47.8769608100001,40,,False
12678,58341,-99.93205126,47.7670968900001,25,,True
12679,58545,-101.61060003,47.2986366700001,13,,True
12680,58639,-102.62857445,46.0018005900001,25,,False
12681,58045,-97.0558379299999,47.4032508600001,16,,False
12682,58401,-98.74662757,46.89013142,25,,True
12683,58401,-98.68474853,46.8843327700001,140,,False
12684,58746,-102.0844882,48.6742383500001,25,,False
12685,58249,-98.3660200799999,48.7619573100001,20,,False
12686,58552,-100.23339039,46.27155757,14,,False
12687,58054,-97.6803164199999,46.43732599,25,,False
12688,58554,-100.90769771,46.8418693,41,,False
12689,58257,-97.31690787,47.5007432800001,25,,False
12690,58254,-98.1777495699999,47.76564266,19,,False
12691,58701,-101.2940853,48.2322259600001,251,2.0,True
12692,58701,-101.28720435,48.2321645900001,165,,False
12693,58267,-97.5746952599999,47.73510551,12,,False
12694,58474,-98.08889428,46.1503806600001,20,,True
12695,58270,-97.7441438,48.39957758,14,,False
12696,58367,-99.61555784,48.86264241,25,,False
12697,58368,-99.99724108,48.36341557,25,,True
12698,58784,-102.38042189,48.31129385,11,,True
12699,58852,-102.93450709,48.4030019300001,25,,True
12700,58575,-100.89444809,47.5182155200001,25,,False
12701,58072,-97.99403843,46.9283883200001,25,,True
12702,58854,-103.28251619,47.8069831400001,24,,False
12703,58801,-103.6460137,48.1559507600001,25,,True
12704,58495,-99.55168128,46.2554155,24,,False
12705,96950,145.72447239,15.2116344400001,86,,True
12706,44484,-80.7770839,41.2304477500001,220,3.0,True
12707,44024,-81.18909279,41.509258,215,3.0,True
12708,45236,-84.38094165,39.2059509800001,209,2.0,True
12709,43952,-80.6590338999999,40.36777411,248,,True
12710,43214,-83.03401709,40.0305679900001,1173,2.0,True
12711,44094,-81.4322059199999,41.6257184500001,237,,True
12712,44129,-81.7313946799999,41.38211984,287,,True
12713,44143,-81.48891023,41.5807521300001,213,,True
12714,43140,-83.4537921,39.89249972,78,,True
12715,43228,-83.13786535,39.9525251800001,251,,True
12716,45429,-84.19242952,39.6972865700001,456,2.0,True
12717,44053,-82.23716353,41.4365245400001,331,,True
12718,44124,-81.4362478799999,41.5182999300001,532,2.0,True
12719,45631,-82.23754029,38.8464731400001,287,,True
12720,43907,-80.9773093699999,40.2574214700001,25,,True
12721,45242,-84.3417846899999,39.2519799500001,528,3.0,True
12722,45211,-84.59639942,39.1806200300001,565,,True
12723,43213,-82.84330783,39.97691933,483,2.0,True
12724,45103,-84.14452819,39.0804999000001,178,,True
12725,45601,-82.9676161099999,39.3964977700001,266,,True
12726,43050,-82.4485375199999,40.39971617,117,,True
12727,45342,-84.24932597,39.63770293,154,,True
12728,45014,-84.5177957399999,39.3126991600001,265,,True
12729,44145,-81.94374799,41.4358519200001,143,,True
12730,45459,-84.20342017,39.63539661,129,,False
12731,45373,-84.229928,40.08587443,184,,True
12732,45679,-83.58459697,38.93411952,25,,True
12733,45817,-83.89718408,40.8874466300001,25,,False
12734,45804,-84.0859584199999,40.7357456,322,2.0,True
12735,45801,-84.11747944,40.74097139,397,2.0,True
12736,44805,-82.30953786,40.8592289700001,124,,True
12737,44004,-80.7949268,41.8805365600001,234,,True
12738,44030,-80.5868288199999,41.93756869,25,,True
12739,44041,-80.96219135,41.7994738200001,25,,True
12740,45701,-82.11543398,39.3279526600001,135,,True
12741,43713,-81.18899017,39.99299495,25,,False
12742,43935,-80.7206149,40.09848878,120,,False
12743,45005,-84.31425139,39.4983405,313,3.0,True
12744,45013,-84.57270701,39.4155482300001,220,3.0,True
12745,45056,-84.74153696,39.51259616,76,,True
12746,43078,-83.7299200799999,40.1085219600001,35,,True
12747,45504,-83.81640791,39.9287354800001,647,,True
12748,44460,-80.8324158,40.9001638,87,,True
12749,43920,-80.5859704699999,40.6218555200001,130,,True
12750,43812,-81.8477636699999,40.2708463800001,56,,True
12751,44820,-82.97663213,40.8153399,25,,True
12752,44833,-82.8022572099999,40.7309037700001,50,,True
12753,44119,-81.54877752,41.5988940500001,168,,True
12754,44125,-81.59802902,41.4211639700001,269,,True
12755,44130,-81.83207799,41.3709924400001,352,3.0,True
12756,44146,-81.53407221,41.39514387,88,,True
12757,44106,-81.6050954299999,41.5061420500001,1113,1.0,True
12758,44111,-81.82342528,41.45054208,540,2.0,True
12759,44113,-81.70726289,41.48763338,203,,False
12760,44195,-81.62079267,41.5027509600001,1294,,True
12761,44115,-81.67311485,41.49585054,416,,True
12762,45331,-84.6347411,40.08929177,104,,False
12763,43512,-84.37656271,41.2987038900001,51,3.0,True
12764,43526,-84.7558964,41.3017860300001,30,,True
12765,43015,-83.08925286,40.30551402,152,,True
12766,44870,-82.71201007,41.4369978300001,287,3.0,False
12767,43130,-82.57745661,39.71755125,245,,True
12768,43160,-83.42709496,39.54785694,25,,True
12769,43205,-82.9795240399999,39.95251412,551,,True
12770,43203,-82.96287562,39.9705176900001,384,3.0,True
12771,43210,-83.01856537,39.9942608600001,1142,1.0,True
12772,43215,-82.99100198,39.9609732800001,663,1.0,True
12773,43123,-83.0752022899999,39.85266785,253,,True
12774,43567,-84.13294884,41.53902085,46,,True
12775,43616,-83.48049106,41.62120199,91,,True
12776,45385,-83.9277406099999,39.70012517,41,3.0,True
12777,43725,-81.57739234,40.04147319,195,,True
12778,45229,-84.50235818,39.14090637,476,,True
12779,45219,-84.51090697,39.1209305900001,621,,True
12780,45219,-84.50371612,39.1383576600001,677,1.0,True
12781,45220,-84.5222844,39.13993334,632,,True
12782,45255,-84.34890293,39.0856855100001,298,,True
12783,45840,-83.65136419,41.0176526700001,196,3.0,True
12784,44830,-83.42422891,41.1629954800001,25,,True
12785,43326,-83.59585065,40.64664033,25,,True
12786,43545,-84.0873460299999,41.41133547,31,,True
12787,45133,-83.61076523,39.22175301,35,,True
12788,45123,-83.38773194,39.3486673300001,25,,False
12789,43138,-82.42961114,39.5479525900001,35,,True
12790,44654,-81.91990673,40.5650945400001,71,,False
12791,44857,-82.6042102499999,41.2257042700001,114,3.0,True
12792,44890,-82.70955952,41.0393598000001,25,,True
12793,43952,-80.62549638,40.35475553,82,,False
12794,44077,-81.24708078,41.66260964,144,,True
12795,43055,-82.45063523,40.04830193,213,,True
12796,43311,-83.7555312599999,40.3695417700001,116,,False
12797,44035,-82.097633,41.3668640000001,287,,True
12798,44074,-82.22471297,41.2950647600001,25,,True
12799,43608,-83.5427897599999,41.66866995,549,,True
12800,43606,-83.59525839,41.67234956,816,,True
12801,43560,-83.6913462699999,41.70894065,315,,True
12802,43614,-83.61603264,41.6187672400001,319,1.0,True
12803,44501,-80.65731455,41.1140150000001,520,1.0,True
12804,43302,-83.1287277499999,40.57134316,276,,True
12805,44254,-82.01416929,41.03586232,20,,True
12806,44256,-81.83829293,41.1384508800001,148,,True
12807,45828,-84.6389042499999,40.48075591,88,,True
12808,45405,-84.20223362,39.7700407500001,289,3.0,False
12809,45409,-84.18590861,39.7448932,948,1.0,True
12810,43338,-82.8504066,40.5479811700001,25,,True
12811,43701,-82.01650066,39.9748082900001,321,3.0,True
12812,43452,-82.93300305,41.50587467,25,,True
12813,45879,-84.60108658,41.13439981,25,,True
12814,44266,-81.2493097,41.1760954000001,267,,True
12815,44903,-82.52947277,40.7529243500001,368,2.0,True
12816,44875,-82.6741750799999,40.8824067300001,41,,False
12817,44811,-82.8816047999999,41.28796205,59,,True
12818,43420,-83.13477954,41.3392371100001,43,,True
12819,45662,-82.97770974,38.7533184600001,436,,True
12820,44883,-83.21626281,41.1037670200001,120,,True
12821,45365,-84.1701744,40.2868543800001,90,,True
12822,44601,-81.10271292,40.90258263,124,,False
12823,44708,-81.39487546,40.8121579100001,446,2.0,True
12824,44304,-81.4998187099999,41.0811261900001,649,1.0,True
12825,44307,-81.53139677,41.07812317,541,1.0,True
12826,44308,-81.5251034,41.0796189800001,297,,True
12827,44310,-81.51407331,41.0976343900001,83,,False
12828,44203,-81.58899782,41.0150713300001,220,,True
12829,44223,-81.5110958499999,41.13299097,245,,False
12830,44482,-80.8324394099999,40.9004919500001,280,,True
12831,44621,-81.33668613,40.40162159,25,,True
12832,44622,-81.45585405,40.51436785,126,,True
12833,43040,-83.3676483199999,40.2300825400001,99,,True
12834,45891,-84.57876068,40.8506429,111,,True
12835,45750,-81.4440117299999,39.4400909600001,35,,False
12836,45750,-81.46416393,39.43170107,221,3.0,True
12837,44667,-81.76368268,40.83218235,37,,True
12838,44691,-81.93216147,40.8208874700001,151,,True
12839,43506,-84.5566941599999,41.4740969100001,98,,True
12840,43543,-84.59531247,41.5901335200001,25,,True
12841,43402,-83.6658571299999,41.37571903,196,,True
12842,43351,-83.2799568999999,40.84029938,25,,True
12843,44122,-81.53709084,41.4482301900001,344,,True
12844,45690,-83.0041864999999,39.1163345800001,25,,True
12845,44484,-80.7324621,41.2507535400001,69,,False
12846,45216,-84.48114866,39.2126397000001,211,,False
12847,45404,-84.16802733,39.7742424900001,194,,True
12848,44104,-81.6077799299999,41.4830567500001,52,,False
12849,45219,-84.5208035699999,39.14005438,30,,False
12850,45801,-84.1179881199999,40.7410677300001,26,,True
12851,44512,-80.63297231,41.0051693,45,,False
12852,43201,-83.0088323699999,39.9845986,162,,False
12853,44501,-80.65840638,41.1139341900001,31,,True
12854,44001,-82.2235873499999,41.3991966300001,30,3.0,True
12855,44115,-81.6728436,41.49647872,75,,True
12856,45640,-82.64076025,39.0323066600001,25,,True
12857,45342,-84.24884739,39.6375868800001,44,,True
12858,43623,-83.62568153,41.6935993000001,128,,False
12859,45804,-84.0878039999999,40.69717236,12,,True
12860,45224,-84.54387645,39.1926339400001,94,,False
12861,44482,-80.79943259,41.23576783,34,,True
12862,43055,-82.46466179,40.04255936,35,,False
12863,43054,-82.7901997399999,40.08643247,60,,False
12864,44708,-81.3958719299999,40.8122408900001,30,2.0,True
12865,44710,-81.40319457,40.7962361800001,30,2.0,True
12866,45417,-84.1992299999999,39.747865,10,,False
12867,45011,-84.5150821999999,39.3783432700001,46,,True
12868,45417,-84.19791144,39.74670395,67,,False
12869,43223,-83.02029176,39.94067864,130,,False
12870,45202,-84.1891328199999,39.74732335,60,,False
12871,43512,-84.3402376499999,41.2833010300001,23,,True
12872,45242,-84.34170843,39.2522606900001,41,,True
12873,45504,-83.81797155,39.9311398400001,16,,False
12874,44120,-81.59848282,41.48997926,68,,False
12875,43560,-83.66907028,41.71919045,45,,False
12876,44512,-80.6600284099999,40.9948849800001,310,,True
12877,43016,-83.1657419699999,40.10121954,175,,True
12878,43207,-82.99534134,39.9330840200001,43,,False
12879,44308,-81.5117741,41.08291589,60,,False
12880,43614,-83.5962441,41.62020626,40,,False
12881,44130,-81.82759271,41.3773574900001,43,,False
12882,44128,-81.5065860299999,41.43225469,44,,False
12883,45040,-84.294985732,39.331533301,34,,False
12884,45241,-84.4204123599999,39.25148914,29,,False
12885,44333,-81.51345126,41.0969303700001,94,,False
12886,44512,-80.65561768,41.01547566,36,,False
12887,45069,-84.36756495,39.3580238700001,216,3.0,True
12888,44512,-80.66048104,41.03255484,43,,True
12889,45459,-84.1145871799999,39.6527605100001,123,,True
12890,43906,-80.74091078,40.03052108,39,,False
12891,45044,-84.36794409,39.37657725,54,,True
12892,43110,-82.78408096,39.8506699000001,10,,True
12893,43223,-83.0181821799999,39.9467027700001,20,,False
12894,44122,-81.49469357,41.4521988700001,144,,True
12895,45420,-84.15422814,39.7360121300001,110,,False
12896,45040,-84.29540722,39.3311304800001,16,,False
12897,43615,-83.67355234,41.67384221,42,,False
12898,45216,-84.48023256,39.21275867,60,,False
12899,44304,-81.49804927,41.07817699,60,,False
12900,45434,-84.06305299,39.77104394,176,3.0,True
12901,45863,-84.47896695,40.87740052,86,,False
12902,45417,-84.19939762,39.74773987,59,,False
12903,43016,-83.17097166,40.1038159400001,72,,False
12904,45662,-82.9926291799999,38.74825796,10,,False
12905,44122,-81.5101741299999,41.45191972,50,,False
12906,45069,-84.45528121,39.3434497100001,96,,False
12907,43201,-83.00888947,39.9839275900001,74,,False
12908,45203,-82.96286372,39.9707913300001,23,,True
12909,44512,-80.6596952799999,40.9943139100001,24,,True
12910,44041,-80.9639097199999,41.79838347,18,,True
12911,44122,-81.52228096,41.45039094,72,,False
12912,44883,-83.21644573,41.10380837,24,,True
12913,44011,-81.9858162899999,41.4731324800001,60,,False
12914,44011,-82.04404217,41.46804002,50,,False
12915,45212,-84.46061678,39.16715385,40,,False
12916,45439,-84.2110107299999,39.6753956800001,60,,False
12917,44077,-81.24743764,41.6587491000001,32,,False
12918,45242,-84.3674257599999,39.28193975,28,,False
12919,45213,-84.42999521,39.1731758400001,44,,False
12920,43614,-83.6197172399999,41.6148161400001,40,,False
12921,44011,-81.9817664399999,41.4689065600001,126,,True
12922,44906,-82.59360241,40.77148336,26,,True
12923,44094,-81.4335622199999,41.62474287,160,,True
12924,43537,-83.6892456699999,41.5897573,48,,False
12925,44505,-80.65564391,41.1613102100001,53,,False
12926,43081,-82.9467049099999,40.1148098300001,392,,True
12927,45404,-84.1683492,39.7742732,7,,True
12928,44084,-80.85929035,41.67264815,114,,False
12929,43230,-82.8818534,40.0271483000001,50,,False
12930,43055,-82.4536750999999,40.04107272,14,,False
12931,43210,-83.0191692,39.9946563,356,,True
12932,45207,-84.45916534,39.1447047500001,60,,False
12933,43082,-82.94852744,40.1446557400001,60,,False
12934,43219,-82.91422453,40.01263491,72,,False
12935,43229,-82.99351118,40.08914156,126,,False
12936,45177,-83.83995139,39.44433116,14,,True
12937,44321,-81.662342,41.136712,60,,True
12938,44122,-81.49197479,41.47274393,60,,False
12939,44118,-81.55087181,41.51389851,12,,False
12940,44130,-81.7744459099999,41.4041253300001,16,3.0,True
12941,45069,-84.362967,39.3748180000001,36,,True
12942,44505,-80.6631655799999,41.1381674200001,76,,False
12943,43551,-83.63741583,41.53487757,46,,True
12944,45415,-84.2722752299999,39.8548621800001,46,,True
12945,43123,-83.0332954799999,39.87611818,26,,False
12946,43232,-82.87038047,39.93574786,80,,False
12947,44122,-81.49900675,41.4649708100001,24,,False
12948,45229,-84.4993585999999,39.1369998000001,92,,False
12949,45373,-84.20968643,40.04323221,28,,False
12950,45121,-83.89689235,38.8584250500001,49,,True
12951,44714,-82.94323078,39.93556583,72,,False
12952,43623,-83.62575953,41.68921384,40,,False
12953,43560,-83.7220642999999,41.6897486500001,23,,False
12954,45239,-84.57163994,39.20430774,80,,False
12955,44118,-83.59947972,41.6213750900001,12,,False
12956,73601,-98.997966928,35.514908285,56,,True
12957,74701,-96.39342792,34.0071519200001,138,3.0,True
12958,74601,-97.06835684,36.72465909,140,,True
12959,74868,-96.69840924,35.2449749900001,32,,True
12960,73801,-99.40033722,36.4373979100001,87,,True
12961,74102,-95.8007592499999,36.0783293100001,44,,True
12962,74006,-95.9386672799999,36.7519936300001,133,3.0,True
12963,74104,-95.9642196899999,36.13420009,677,2.0,True
12964,74055,-95.83552966,36.2991733000001,36,,True
12965,74055,-95.8527498299999,36.30480757,73,,False
12966,74037,-96.0098671,36.0261008000001,49,,False
12967,74743,-95.4966500899999,34.0123721000001,34,,True
12968,73505,-98.43426071,34.6097854400001,265,3.0,True
12969,73159,-97.57053353,35.3759109100001,45,,False
12970,74401,-95.41215319,35.75192223,64,,False
12971,74801,-96.92709569,35.2972616100001,34,,False
12972,73103,-97.5162731299999,35.4828059600001,59,,False
12973,73534,-97.975948,34.5203175300001,110,3.0,True
12974,73651,-99.09860687,35.0377761300001,38,,True
12975,73018,-97.9617328799999,35.0480341700001,57,3.0,True
12976,73644,-99.4262510199999,35.4139830600001,62,,True
12977,74017,-95.60467518,36.3226445400001,49,,True
12978,74023,-96.756692194,35.9787427640001,99,,True
12979,74437,-96.01566189,35.43809543,30,,True
12980,74361,-95.30479667,36.30828875,48,,True
12981,74133,-95.86355986,36.0353155,180,3.0,True
12982,74104,-95.96851083,36.1471611800001,626,3.0,True
12983,73110,-97.38682921,35.4669302900001,31,,False
12984,73112,-97.57613488,35.5293791400001,892,3.0,True
12985,73702,-97.88742558,36.39016529,183,3.0,True
12986,73099,-97.76315476,35.4851135100001,75,3.0,True
12987,73162,-97.65691114,35.5653380700001,32,,False
12988,74344,-94.75857669,36.58128735,58,,True
12989,73034,-97.41836003,35.64463527,64,3.0,True
12990,74354,-94.88017941,36.8726704700001,117,,True
12991,73521,-99.31803877,34.63523975,49,,True
12992,73120,-97.58361293,35.58394229,23,,False
12993,73052,-97.62624442,34.8389967800001,26,,True
12994,74501,-95.7508060709999,34.9368735960001,149,3.0,True
12995,73114,-97.5117557299999,35.5682304900001,68,,False
12996,74960,-94.64315334,35.8093223600001,67,,True
12997,74820,-96.6334533039999,34.7785806970001,144,3.0,True
12998,73401,-97.140394548,34.188955783,190,3.0,True
12999,73120,-97.6004381499999,35.60684889,385,,True
13000,74447,-95.96034371,35.6672825100001,4,,False
13001,74447,-95.952485,35.61118802,66,,True
13002,73071,-97.439652883,35.230061275,387,,True
13003,74464,-94.95043213,35.913996685,98,,False
13004,73120,-97.56672459,35.56409354,9,,False
13005,73120,-97.59942789,35.60677594,18,3.0,True
13006,73139,-97.5189761,35.38522663,9,,False
13007,73013,-97.55015379,35.62421024,4,,False
13008,73135,-97.4271076699999,35.38968219,44,,True
13009,73120,-97.5970536299999,35.6079672600001,97,,False
13010,73134,-97.5833,35.61450132,25,,False
13011,74127,-95.9998439299999,36.1467053900001,235,3.0,True
13012,74137,-95.95353568,36.0433817000001,75,,False
13013,73109,-97.53425265,35.42037463,8,,False
13014,73104,-97.5015587999999,35.4807795200001,874,1.0,True
13015,74145,-95.89049311,36.11481974,60,,False
13016,73075,-97.2147886399999,34.71940441,43,,True
13017,73080,-97.3646217,35.02860056,39,,True
13018,74523,-95.61473884,34.2312322700001,23,,True
13019,74401,-95.406094332,35.7524047410001,320,3.0,True
13020,74133,-95.8573201,36.0335822500001,104,3.0,True
13021,74301,-95.15629396,36.6534086,50,,True
13022,74136,-95.91898427,36.07276583,1088,2.0,True
13023,74127,-97.46015234,35.2323599000001,46,,False
13024,73112,-97.58061429,35.5277568500001,72,,False
13025,74955,-94.78830959,35.4639061,41,,True
13026,73505,-98.46274019,34.5926352500001,199,,True
13027,73110,-97.3935663669999,35.467315312,243,,True
13028,74804,-96.9375457899999,35.3629902100001,96,,True
13029,73102,-97.52342971,35.4779097000001,773,3.0,True
13030,73701,-97.87128589,36.3937529200001,229,3.0,False
13031,73077,-97.29949511,36.2883926800001,26,,True
13032,74074,-97.07510207,36.1150111000001,117,3.0,True
13033,74631,-97.29998674,36.7980379300001,25,,True
13034,73013,-97.4997710499999,35.63507163,9,,False
13035,73129,-97.50933012,35.4056740300001,12,,False
13036,73008,-97.6333638999999,35.5104396300001,160,,False
13037,74132,-96.00117839,36.06170229,8,,False
13038,74132,-96.00354755,36.06397615,38,,False
13039,74467,-95.3924305,35.9615239600001,100,,True
13040,73446,-96.7775522599999,34.0810970700001,25,,True
13041,73086,-96.99613712,34.5049883,25,,True
13042,74066,-96.10008719,35.9930123400001,25,,True
13043,74048,-95.6302812,36.6966854400001,25,,False
13044,74525,-96.15144054,34.3925323,25,,True
13045,73932,-100.51627637,36.81078453,24,,True
13046,73015,-98.60519325,35.10741577,17,,True
13047,73933,-102.51806477,36.72867274,25,,False
13048,74020,-96.4817423599999,36.3093245200001,14,,True
13049,73632,-98.9885510399999,35.30304934,14,,True
13050,74859,-96.2778090099999,35.42235155,24,,True
13051,74030,-96.6059666099999,35.9981067900001,15,,True
13052,74953,-94.611926338,35.043809271,33,,False
13053,74637,-96.70703409,36.5633206200001,15,,True
13054,73737,-98.47452341,36.27598778,25,,True
13055,73550,-99.91428905,34.6922095200001,22,,True
13056,73834,-99.62844827,36.8447268900001,25,,False
13057,74462,-95.12875158,35.2611650700001,25,,False
13058,74848,-96.37859604,35.08905917,25,,True
13059,73573,-97.9795152899999,34.1573124600001,18,,True
13060,73554,-99.50111111,34.8923609600001,18,,False
13061,74538,-96.2237315,34.5393468400001,20,,True
13062,74745,-94.8111617599999,33.8828282800001,25,,True
13063,73942,-101.47599463,36.69097241,33,,True
13064,73448,-97.13090878,33.94304119,25,,True
13065,73438,-97.49146648,34.2228684200001,22,,True
13066,73750,-97.9449127,35.81023943,25,,True
13067,73044,-97.46202636,35.87633071,25,,True
13068,73460,-96.67478091,34.22256466,25,,True
13069,73772,-98.41863129,35.84955797,25,,True
13070,73858,-99.88202277,36.2680035000001,25,,True
13071,73763,-98.31534471,36.1167989,17,,True
13072,74056,-96.32551274,36.6735064800001,25,,True
13073,74864,-96.68431257,35.4901446600001,25,,False
13074,73628,-99.67153117,35.6094311300001,15,,True
13075,73663,-98.92307343,36.15479607,18,,True
13076,73717,-98.67122175,36.7872206000001,25,,True
13077,74079,-96.68334576,35.7484848300001,25,,True
13078,73005,-98.2283252999999,35.0705023100001,25,,True
13079,73096,-98.6623016299999,35.53927687,25,,True
13080,74128,-95.8498318699999,36.1582050100001,64,,False
13081,74502,-95.75240522,34.9351750700001,15,,False
13082,73141,-97.41193749,35.5229327800001,116,,False
13083,73070,-97.42661818,35.22901123,182,,False
13084,73505,-98.43861928,34.6031011900001,30,,False
13085,74136,-95.91859307,36.06595501,90,,False
13086,73841,-99.359022,36.3964730000001,28,,False
13087,73114,-97.5279746099999,35.60222157,72,,False
13088,74120,-95.96896001,36.14517549,120,,False
13089,74820,-96.6274507799999,34.78459567,60,,False
13090,74354,-94.8790572999999,36.87247948,50,,False
13091,73071,-97.4073775799999,35.2320812,36,,False
13092,73142,-97.61509191,35.6107780500001,50,,False
13093,73135,-97.41181037,35.38790499,36,,False
13094,74133,-95.86482254,36.03061982,55,,False
13095,74012,-95.8042956899999,36.07734055,60,,False
13096,73102,-97.52494158,35.4748962400001,50,,False
13097,73110,-97.3938005369999,35.466746222,72,3.0,True
13098,73505,-98.433179297,34.610082838,19,,True
13099,74953,-94.612627056,35.0431594340001,10,,True
13100,73644,-99.42632301,35.41307375,12,,False
13101,74023,-96.7569336189999,35.9783721760001,21,,False
13102,73109,-97.533206991,35.422481243,24,,True
13103,74501,-95.751675694,34.9368708000001,14,,True
13104,74960,-94.6430776,35.809899,10,,True
13105,74820,-96.633440852,34.7778276500001,20,,True
13106,73401,-97.1408726779999,34.189228563,16,,True
13107,74447,-95.951848814,35.6111817300001,16,,True
13108,73070,-97.4391354799999,35.230684035,20,3.0,True
13109,74465,-94.9508542899999,35.9135330880001,10,3.0,True
13110,73104,-97.501206,35.481161,17,,True
13111,74401,-95.4052335119999,35.7527628980001,26,,True
13112,73506,-98.463218377,34.592924413,92,,True
13113,73101,-97.5230477649999,35.4784020650001,255,,True
13114,73601,-98.997368879,35.5146177570001,11,,True
13115,73505,-98.433849165,34.610382471,30,,True
13116,73533,-97.9760087,34.5200971,16,,True
13117,74014,-95.967660827,36.1474992300001,32,,True
13118,73109,-97.53348862,35.42192314,83,,True
13119,74501,-95.750538147,34.937139567,22,,True
13120,73071,-97.438725346,35.230075706,30,,True
13121,74464,-94.9499457699999,35.913676271,10,,True
13122,74136,-95.9182868999999,36.0705401000001,22,,False
13123,73101,-97.52305217,35.4781150800001,18,,True
13124,73701,-97.8712247,36.3937561000001,22,,True
13125,74076,-97.0749713,36.1150603,16,,True
13126,97216,-122.55843424,45.5127103500001,302,,True
13127,97141,-123.85433146,45.4566109,49,,True
13128,97520,-122.72494841,42.20592293,49,,False
13129,97504,-122.830801,42.318067,378,2.0,True
13130,97527,-123.34284117,42.4213778800001,125,,False
13131,97420,-124.2329953,43.38340651,174,3.0,True
13132,97845,-118.95969148,44.41711272,25,,False
13133,97225,-122.78308187,45.5058697200001,98,,False
13134,97103,-123.81859226,46.18800206,49,,True
13135,97423,-124.17938601,43.17944271,25,,True
13136,97444,-124.4190775,42.4112513000001,18,,True
13137,97330,-123.25262362,44.60322266,188,2.0,True
13138,97838,-119.30851249,45.8471189900001,49,3.0,True
13139,97850,-118.10607039,45.3194271900001,25,,True
13140,97720,-119.06072359,43.5882075000001,25,,False
13141,97124,-122.87700175,45.5392542700001,122,,False
13142,97015,-122.56046619,45.43132036,302,,False
13143,97630,-120.35211122,42.18129466,24,,True
13144,97227,-122.67022181,45.54328588,554,1.0,True
13145,97210,-122.69749129,45.5302590100001,539,,False
13146,97062,-122.74077926,45.37843238,150,,True
13147,97030,-122.40698913,45.5167841300001,115,,True
13148,97381,-122.7900731,45.00466592,48,,True
13149,97467,-124.13630185,43.6945895700001,16,,True
13150,97477,-123.00369007,44.0534836800001,113,3.0,True
13151,97471,-123.3667111,43.24156212,174,3.0,True
13152,97058,-121.16451957,45.5872715900001,49,3.0,True
13153,97239,-122.68611179,45.4989404,576,1.0,True
13154,97301,-123.00457706,44.9390394800001,554,,False
13155,97448,-123.19418075,44.1657748100001,96,,False
13156,97439,-124.11747756,43.9731419300001,21,,False
13157,97424,-123.03969679,43.8037278800001,14,,True
13158,97836,-119.54865944,45.3558994200001,21,,False
13159,97031,-121.52390863,45.70483197,25,3.0,False
13160,97504,-122.86271985,42.3396249,168,3.0,True
13161,97222,-122.62756291,45.4493663800001,77,,False
13162,97132,-122.93591733,45.3083492700001,40,,True
13163,97213,-122.61350624,45.52753355,483,,True
13164,97138,-123.91206867,45.9890150200001,25,,True
13165,97225,-122.77176008,45.5106738700001,539,,True
13166,97045,-122.58710766,45.35623379,143,,True
13167,97477,-123.02674171,44.0813621200001,347,2.0,True
13168,97401,-123.08170775,44.0460212900001,104,2.0,True
13169,97814,-117.84712329,44.79515145,25,,True
13170,97914,-116.97769201,44.0253330200001,49,,True
13171,97338,-123.31033845,44.9187860700001,25,,False
13172,97301,-123.03407098,44.93270934,494,2.0,True
13173,97321,-123.11632412,44.6316727700001,79,3.0,True
13174,97355,-122.90696408,44.55132696,49,,True
13175,97367,-123.99518109,44.9860609400001,25,,True
13176,97365,-124.05961146,44.6293932,25,,True
13177,97383,-122.78476259,44.80511025,40,,True
13178,97239,-122.6844091,45.5007899300001,29,,True
13179,97601,-121.78519077,42.25316066,176,3.0,True
13180,97411,-124.40205838,43.1124250600001,21,,False
13181,97801,-118.81123704,45.6493056400001,25,,True
13182,97701,-121.26913431,44.0679150400001,292,2.0,True
13183,97741,-121.12072542,44.6378737300001,25,,True
13184,97754,-120.82507652,44.29802807,16,,True
13185,97756,-121.16985501,44.28796677,48,3.0,True
13186,97415,-124.28850033,42.05787322,49,,False
13187,97123,-122.97818565,45.5194891800001,167,,True
13188,97220,-122.55686564,45.53509804,73,,False
13189,97828,-117.28446132,45.43236526,25,,True
13190,97128,-123.16467277,45.1990382600001,60,,True
13191,96940,134.46413524,7.35419831000007,80,,False
13192,19408,-75.4125306999999,40.1557119400001,83,,False
13193,16346,-79.70062774,41.36138341,151,3.0,True
13194,15801,-78.7752253899999,41.1150182000001,216,,True
13195,18801,-75.83676903,41.8375429000001,25,,False
13196,15825,-79.09333299,41.15652942,35,,True
13197,19096,-75.260865,39.988434,370,2.0,True
13198,15317,-80.1906739999999,40.2459700000001,104,,True
13199,19446,-75.271421,40.2503,140,,True
13200,17822,-76.60525611,40.9681449600001,553,,False
13201,17822,-76.6040831299999,40.96802733,30,,True
13202,17961,-76.0920022999999,40.64172404,40,,True
13203,18360,-75.259981,40.997531,98,,True
13204,15301,-80.2790419999999,40.156412,14,,False
13205,15243,-80.06663,40.378095,329,,True
13206,15009,-80.32329844,40.7120445200001,285,,True
13207,15009,-80.321961,40.712071,35,,True
13208,18711,-75.8089899999999,41.257365,310,2.0,True
13209,16915,-77.98010949,41.77213292,49,,True
13210,17764,-77.7364929999999,41.327863,16,,True
13211,17403,-76.7185009999999,39.945698,596,1.0,True
13212,19401,-75.348869,40.1325330000001,374,,False
13213,19390,-75.887735,39.8220390000001,52,,True
13214,17740,-77.267931,41.2018360000001,25,,False
13215,19403,-75.36754581,40.1586616500001,50,,False
13216,15537,-78.432673,40.0254040400001,40,,True
13217,16673,-78.388433,40.3389280000001,45,,True
13218,19063,-75.4305409999999,39.9123480000001,204,,True
13219,19114,-74.98310895,40.0717220700001,464,2.0,True
13220,15905,-78.91836241,40.3057498000001,507,1.0,True
13221,16125,-80.372017,41.4116550000001,116,,True
13222,19107,-75.15794605,39.9497083800001,926,1.0,True
13223,17101,-76.88031398,40.2580478200001,92,,True
13224,17201,-77.646136,39.933978,285,,True
13225,17036,-76.68692827,40.27299757,76,,False
13226,16701,-78.659431,41.961193,100,,False
13227,15063,-79.911216,40.1822060000001,200,,True
13228,19001,-75.12099897,40.11889495,667,2.0,True
13229,18103,-75.522881,40.5664400000001,1171,,True
13230,19047,-74.923847,40.2027590000001,373,2.0,True
13231,19047,-74.933701,40.200727,50,,False
13232,16105,-80.352649,41.013202,146,,True
13233,16652,-78.01213,40.494199,71,,True
13234,15090,-80.06399888,40.6356710800001,160,,True
13235,19010,-75.32142881,40.0189444800001,264,,False
13236,15065,-79.73675135,40.61828482,188,,True
13237,16828,-77.71256777,40.81088642,119,,False
13238,19124,-75.0994640499999,40.0188129800001,58,,False
13239,19122,-75.13462803,39.98169934,31,,False
13240,19460,-75.5150849999999,40.123789,144,,True
13241,15219,-79.985114,40.4360990000001,435,1.0,True
13242,16507,-80.084419,42.1339620000001,108,,False
13243,19601,-75.9253893599999,40.3380042800001,86,,False
13244,18411,-75.737402,41.4804990000001,203,,False
13245,17325,-77.234391,39.824378,76,,True
13246,18702,-75.8543789999999,41.2461525000001,47,,False
13247,15132,-79.84927748,40.35057656,33,,False
13248,15132,-79.84985374,40.35179621,213,,False
13249,17543,-76.311902,40.1322450000001,148,,True
13250,19023,-75.26880683,39.92669978,183,,False
13251,18104,-75.52923291,40.6127542900001,20,,False
13252,19335,-75.683505,40.0123090000001,50,,False
13253,19102,-75.16527023,39.95681412,83,,False
13254,15301,-80.24660618,40.18387511,278,,True
13255,19134,-75.1243767299999,40.0065698400001,188,,True
13256,19565,-76.1060497299999,40.33040945,262,,False
13257,19464,-75.612217,40.2426170000001,219,,True
13258,19607,-75.9247149999999,40.2885470000001,60,,False
13259,19046,-75.0823226099999,40.10958307,239,,True
13260,17522,-76.182197,40.187234,141,,False
13261,17408,-76.7690449999999,39.9821930000001,104,,False
13262,17055,-76.973968,40.2112060000001,75,,False
13263,16803,-77.84258985,40.8185483400001,260,,True
13264,19146,-75.17252287,39.94486785,18,,False
13265,18510,-75.646223,41.400206,293,2.0,True
13266,17404,-76.78103,39.980845,90,,False
13267,17402,-76.69554465,39.91692241,26,,False
13268,16686,-78.25233266,40.6746622100001,25,,True
13269,18045,-75.2878209099999,40.6491477600001,181,2.0,False
13270,19145,-75.17016216,39.9259755200001,22,,True
13271,16214,-79.397504,41.193403,112,,False
13272,15552,-79.025096,39.809105,20,,True
13273,15213,-79.9607067699999,40.4427836200001,1504,1.0,True
13274,15213,-79.959668,40.442209,67,,True
13275,16602,-78.391534,40.4964640000001,80,,False
13276,19320,-75.7861301299999,40.0101257900001,171,,True
13277,16550,-80.08536294,42.135112,423,2.0,False
13278,19605,-75.97319219,40.3729651100001,144,,False
13279,18301,-75.1745349999999,40.992799,264,3.0,True
13280,18235,-75.725897,40.833084,110,,True
13281,17233,-78.0068702199999,39.9371902400001,21,,True
13282,17756,-76.775342,41.2097580000001,20,,True
13283,17025,-75.7975710599999,39.9975910200001,110,,False
13284,15221,-79.8917519999999,40.446735,49,,True
13285,15501,-79.077821,40.0070480000001,111,,True
13286,18017,-75.36545713,40.6731214700001,20,,False
13287,16544,-80.079539,42.1113710000001,348,,True
13288,16154,-80.418329,41.3307320000001,10,,False
13289,17745,-77.47021159,41.1315987300001,25,,True
13290,15136,-80.09114063,40.47260393,96,,True
13291,18042,-75.24259926,40.6871082600001,180,,False
13292,19605,-75.9781827099999,40.37514586,204,,True
13293,17110,-76.8981113899999,40.2862885800001,89,,False
13294,17042,-76.416234,40.3364790000001,163,,False
13295,16501,-80.08787878,42.13401357,50,,True
13296,18017,-75.40806256,40.6446155900001,32,2.0,False
13297,19301,-75.501087,40.0441890000001,231,2.0,True
13298,15146,-79.747652,40.4284430000001,315,2.0,True
13299,15241,-80.112717,40.3212040000001,74,,False
13300,19152,-75.04200874,40.05897134,203,,False
13301,19401,-75.31590225,40.1398399300001,126,,True
13302,16947,-76.79429025,41.79361105,25,,True
13303,19610,-75.9879269799999,40.35861176,12,,False
13304,15146,-79.7598967499999,40.43643038,155,,True
13305,17064,-76.462069,40.26737,118,,False
13306,18847,-75.5923036999999,41.94655914,25,,False
13307,16646,-78.70526962,40.65807263,25,,True
13308,15213,-79.96105247,40.4369625200001,383,,False
13309,17331,-76.983191,39.808793,93,,True
13310,18951,-75.37560659,40.4444524200001,79,,False
13311,15212,-80.0034019999999,40.4570630000001,572,1.0,True
13312,15238,-79.8660649999999,40.5568960000001,162,,False
13313,15901,-78.91992425,40.3052834900001,39,,True
13314,16901,-77.3004309999999,41.7451130000001,25,,False
13315,16365,-79.146869,41.8794740000001,152,,False
13316,19129,-75.1841682,40.01182105,36,,False
13317,19020,-74.9627067499999,40.1129395300001,24,,False
13318,19111,-75.09071628,40.0707761800001,100,,False
13319,17603,-76.31563618,40.04978557,126,,False
13320,19104,-75.19420273,39.9499692000001,807,1.0,True
13321,19104,-75.19380649,39.9485416000001,595,,True
13322,19140,-75.1509023199999,40.0048348600001,879,1.0,True
13323,15370,-80.173196,39.9006210000001,23,,False
13324,15143,-80.2027899999999,40.5768580000001,55,,False
13325,19104,-75.15124258,40.0068788900001,49,,True
13326,18218,-75.91403021,40.8213881500001,49,,True
13327,17015,-77.2242212099999,40.1833291900001,166,,True
13328,17044,-77.5680179999999,40.6177230000001,167,,True
13329,15425,-79.586416,40.02306,61,,False
13330,16354,-79.6797299999999,41.6336200000001,25,,False
13331,19355,-75.528553,40.0103590000001,148,,False
13332,19611,-75.950164,40.330517,737,1.0,True
13333,17901,-76.18827005,40.6837949900001,186,,False
13334,19131,-75.214646,40.000125,180,,False
13335,18102,-75.4684598599999,40.6083148000001,175,,False
13336,17109,-76.8165008,40.28464761,55,,False
13337,16735,-78.8170699999999,41.671771,31,,True
13338,19468,-75.5534049999999,40.2160700000001,12,,False
13339,19124,-75.10212785,40.0264928300001,192,,False
13340,18508,-75.67772002,41.4545112000001,50,,False
13341,15224,-79.946222,40.4618760000001,356,,True
13342,19403,-75.355873,40.1359670000001,73,,False
13343,17821,-76.5955049999999,40.9489090000001,161,,False
13344,18235,-75.67111252,40.8446404900001,80,,False
13345,17033,-76.674842,40.2637540000001,639,,True
13346,15401,-79.738083,39.9018090000001,145,,False
13347,19007,-74.86726354,40.1050915600001,135,,False
13348,17268,-77.56828,39.7516910000001,57,,True
13349,19026,-75.283604,39.954758,133,,False
13350,17011,-76.92195012,40.2540720000001,306,2.0,True
13351,15666,-79.549296,40.14516,33,,True
13352,19104,-75.1992636799999,39.95887248,350,1.0,True
13353,18069,-75.61346589,40.6487750700001,110,,False
13354,15601,-79.55451329,40.3007952,375,,True
13355,15224,-79.9373716599999,40.4642336100001,30,,False
13356,17815,-76.4522729999999,41.009512,62,,True
13357,17403,-76.71895855,39.9261927900001,73,,False
13358,16823,-77.7557669999999,40.860283,73,,False
13359,19141,-75.143342,40.0367370000001,738,1.0,True
13360,16509,-80.0920419999999,42.07426,161,,False
13361,17602,-76.30407927,40.04729338,620,1.0,True
13362,19403,-75.34339418,40.15314348,195,,False
13363,19128,-75.2218793599999,40.04317409,239,,False
13364,18704,-75.8892279999999,41.269708,149,,False
13365,15236,-79.93364977,40.31744559,341,,True
13366,18764,-75.8670636699999,41.2586914300001,412,,True
13367,18764,-75.867262,41.2584850000001,36,,True
13368,19128,-75.2097723699999,40.02862679,131,,False
13369,18901,-75.1461011,40.3059017900001,239,,True
13370,18657,-75.9694147399999,41.5775971100001,44,,True
13371,15963,-78.83752,40.2426390000001,54,,True
13372,18431,-75.260329,41.576561,106,,False
13373,17257,-77.53725608,40.0559995900001,112,,False
13374,19111,-75.0970202999999,40.04606348,109,,False
13375,16601,-78.39869772,40.5218209000001,398,2.0,True
13376,16127,-80.0851719999999,41.1709990000001,67,,True
13377,15601,-79.60015222,40.3108972800001,40,,False
13378,17821,-76.5727816099999,40.9615968700001,42,,False
13379,19355,-75.5091871399999,40.0083760700001,49,,False
13380,17604,-76.35161971,40.06222144,59,,False
13381,18201,-75.964829,40.9491760000001,150,,True
13382,17701,-77.01596697,41.24701063,255,2.0,True
13383,18960,-75.32604,40.362922,169,2.0,True
13384,18510,-75.65056814,41.4106949600001,213,,False
13385,18603,-76.2309299999999,41.070954,90,,True
13386,19380,-75.6021450699999,39.97120657,309,,True
13387,19034,-75.2156930799999,40.13471801,146,,False
13388,15143,-80.1779789999999,40.5425760000001,171,,False
13389,19002,-75.18946059,40.18812796,206,,False
13390,16146,-80.496213,41.2326610000001,184,,True
13391,18501,-75.65396151,41.4123352600001,186,,False
13392,16335,-80.145882,41.641648,200,,True
13393,15857,-78.57821126,41.4263717800001,35,,True
13394,15071,-80.2087999999999,40.4385490000001,35,,False
13395,19107,-75.155587,39.9454379000001,501,,False
13396,18015,-75.393363,40.609357,563,1.0,True
13397,19130,-75.15017825,39.9714501600001,189,,False
13398,16830,-78.4495039999999,41.0328960000001,50,,True
13399,15767,-78.9996659999999,40.9610460000001,49,,True
13400,15215,-79.89607073,40.4894183100001,250,,True
13401,18901,-75.1552849999999,40.300954,60,,False
13402,15701,-79.156262,40.6075210000001,166,,True
13403,19107,-75.15489453,39.94789309,4,,False
13404,18103,-75.46385535,40.5926084800001,94,,False
13405,19118,-75.211935,40.0794680000001,148,,False
13406,18848,-76.4481489299999,41.7840523400001,35,,True
13407,15237,-80.013993,40.5733930000001,423,,True
13408,16407,-79.6129706199999,41.93625332,20,,True
13409,15224,-79.95299037,40.4665287400001,313,1.0,True
13410,15224,-79.9531074,40.4675656000001,313,,True
13411,18840,-76.520727,41.9802300000001,267,2.0,True
13412,17837,-76.8866199999999,40.9797350000001,132,,True
13413,19013,-75.367645,39.856498,473,2.0,True
13414,15650,-79.39466011,40.3211439400001,170,,True
13415,15650,-79.39357745,40.32127481,40,,True
13416,16201,-79.562016,40.8088440000001,147,,True
13417,15779,-79.238243,40.41484,357,,False
13418,16365,-79.1546099999999,41.843328,85,,True
13419,00907,-66.06546953,18.45599329,195,,False
13420,00733,-66.6106587,18.0036816200001,115,,False
13421,00936,-66.06872207,18.41182194,250,,False
13422,00791,-65.82670296,18.1507030500001,64,,False
13423,00909,-66.0737156499999,18.44601952,125,,False
13424,00791,-65.83508002,18.1560003000001,227,,False
13425,00631,-66.8331817499999,18.1810130700001,24,,True
13426,00792,-65.83403257,18.15274643,67,,False
13427,00935,-66.0725339799999,18.39633673,143,,True
13428,00737,-66.14669714,18.12431488,0,,False
13429,00681,-66.1634488999999,18.39681476,150,,False
13430,00936,-66.07465243,18.39503548,0,,True
13431,00918,-66.0510959599999,18.4098626700001,483,,False
13432,00705,-66.26170737,18.14379446,150,,False
13433,00910,-66.06956059,18.44465487,215,,False
13434,00683,-67.03816476,18.09880911,167,,True
13435,00717,-66.61764045,17.99712808,251,,False
13436,00960,-66.16270651,18.3969575300001,211,,False
13437,00733,-66.5947483699999,18.03120341,315,,True
13438,00785,-66.11445435,17.97355134,115,,False
13439,00927,-66.07304168,18.39771985,0,,False
13440,00603,-67.1508851099999,18.4428093400001,154,,False
13441,00613,-66.7311405999999,18.4670455400001,188,,False
13442,00923,-66.0390983,18.3987659700001,150,,False
13443,00959,-66.16635106,18.39799578,91,,False
13444,00682,-67.1528497099999,18.1806372400001,181,,True
13445,00725,-66.0498902099999,18.2207161100001,135,,False
13446,00956,-66.15367444,18.3676591500001,102,,True
13447,00915,-66.09826151,18.3899033500001,132,,False
13448,00961,-66.14752306,18.3974253800001,410,,False
13449,00676,-67.10996904,18.3901943500001,106,,False
13450,00984,-65.97189867,18.3884717,233,,False
13451,00780,-66.54740673,18.03967485,103,,False
13452,00674,-66.4824950999999,18.43455435,251,,False
13453,00693,-66.3770437599999,18.44633356,150,,False
13454,00614,-66.7169149699999,18.4732884800001,138,,True
13455,00674,-66.4739681899999,18.43367476,150,,False
13456,00725,-66.03194587,18.21793941,300,,False
13457,00969,-66.09764036,18.36243116,0,,False
13458,00681,-67.14040149,18.20073203,118,,False
13459,00936,-66.3990694999999,18.44556528,164,,True
13460,00738,-65.65449058,18.3367171100001,180,,False
13461,00683,-67.0400489,18.08263306,40,,False
13462,00935,-66.07284079,18.3955074,68,,True
13463,00919,-66.0559759,18.41941287,180,,False
13464,00641,-66.70133505,18.2677688100001,0,,False
13465,00738,-65.65025508,18.33201624,38,,False
13466,00979,-65.95579,18.3804430000001,988,,False
13467,00928,-66.0462254299999,18.37259235,60,,False
13468,00912,-66.0629360199999,18.4471351,125,,False
13469,00927,-66.39434514,18.2266510000001,0,,True
13470,00935,-66.0731319499999,18.3945986000001,108,,True
13471,00739,-66.16140123,18.17603896,216,,False
13472,00928,-66.02236135,18.3845888600001,108,,False
13473,00623,-67.14732753,18.0857323000001,43,,False
13474,00705,-65.30236436,18.3032546200001,0,,False
13475,02906,-71.3800855,41.84264726,143,,False
13476,02920,-71.46322472,41.7447051600001,230,,False
13477,02915,-71.3672703999999,41.7924481000001,70,,False
13478,02886,-71.47823584,41.7052480900001,359,,True
13479,02895,-71.4958033299999,42.0046119,214,,True
13480,02840,-71.30604899,41.49713912,129,,False
13481,02904,-71.4592404799999,41.8552947700001,312,,False
13482,02903,-71.40912926,41.81188108,719,1.0,True
13483,02908,-71.43538964,41.83483869,220,,False
13484,02879,-71.4964111,41.4310786500001,100,,False
13485,02906,-71.39812349,41.8520681900001,247,,False
13486,02891,-71.82530324,41.3621890800001,125,,False
13487,02905,-71.41220076,41.81087733,167,,False
13488,29532,-79.83980295,34.3133305000001,23,,False
13489,29944,-81.09003051,32.8528480800001,32,,True
13490,29621,-82.64648675,34.5114842400001,461,3.0,True
13491,29203,-80.9796001399999,34.0756098700001,145,,False
13492,29203,-80.98695717,34.08929901,174,,False
13493,29203,-80.9828722,34.08586316,530,,False
13494,29732,-81.05259095,34.9586897300001,50,,False
13495,29485,-80.1576070899999,32.9658778800001,124,,False
13496,29620,-82.3830373499999,34.15971957,25,,True
13497,29827,-81.24795633,32.9655431200001,25,,True
13498,29560,-79.76043781,33.88069159,48,,False
13499,29506,-79.75897472,34.19711497,517,3.0,True
13500,29536,-79.36553244,34.42171059,79,,True
13501,29569,-78.89889314,34.0574707000001,50,,True
13502,29203,-81.03305417,34.02860165,641,1.0,True
13503,29646,-82.1565781899999,34.1756436200001,358,3.0,False
13504,29732,-81.05177374,34.95660945,288,3.0,True
13505,29615,-82.32254918,34.85128582,93,,False
13506,29621,-82.62888111,34.5455714300001,72,,True
13507,29520,-79.91975371,34.6945760500001,59,,True
13508,29488,-80.66991082,32.9228210000001,135,,True
13509,29526,-79.00182781,33.7855218400001,222,3.0,True
13510,29526,-78.99784761,33.7869125,105,,False
13511,29203,-81.02857281,34.0277480500001,96,,False
13512,29506,-79.75497558,34.1953881100001,88,,False
13513,29210,-81.0985722299999,34.0701263400001,82,,False
13514,29010,-80.22597393,34.1989012400001,20,,False
13515,29472,-80.2907313599999,33.0853394600001,10,,False
13516,29210,-81.09822245,34.0737441200001,24,,False
13517,29170,-81.1078839199999,33.9518686600001,30,,False
13518,29550,-80.10412002,34.34981886,116,,True
13519,29210,-81.11140112,34.07261656,8,,False
13520,29169,-81.1181742099999,34.0072911,122,,False
13521,29605,-82.4131781,34.8172494900001,50,,True
13522,29556,-79.81860009,33.66001829,25,,True
13523,29303,-81.93606386,34.96619278,97,,False
13524,29379,-81.6293007899999,34.71216013,85,,False
13525,29440,-79.2845534099999,33.37964269,131,,True
13526,29927,-81.0539623499999,32.3150338,41,,True
13527,29801,-81.76180298,33.5711978900001,273,,True
13528,29401,-79.94927642,32.7827939200001,332,,True
13529,29405,-79.9750523499999,32.83964796,108,,False
13530,29425,-79.94792136,32.78588204,790,,False
13531,29414,-80.0424576899999,32.8083710700001,190,,False
13532,29621,-82.56735757,34.47776731,200,,False
13533,29303,-81.93946449,34.96660045,516,1.0,True
13534,29108,-81.6064234199999,34.2904283500001,90,,True
13535,29572,-78.8201067799999,33.7584394300001,403,1.0,True
13536,29118,-80.83045817,33.54026745,286,3.0,True
13537,29902,-80.68752097,32.41732977,201,,True
13538,29926,-80.71505734,32.2240453200001,109,,False
13539,29576,-79.0427253,33.56046875,124,,True
13540,29464,-79.8505535199999,32.82118087,130,,True
13541,29621,-82.62803267,34.5377413900001,60,,False
13542,29601,-82.42139042,34.84043897,245,,False
13543,29646,-82.15679536,34.16941166,42,,False
13544,29651,-82.2185913,34.8624835800001,48,,True
13545,29671,-82.7071560099999,34.8741442900001,55,,False
13546,29118,-80.82220626,33.53587078,15,,False
13547,29409,-79.95967343,32.7957212700001,38,,False
13548,29162,-80.0812247599999,33.88780194,8,,False
13549,29405,-80.0135289999999,32.8456630000001,22,,False
13550,29720,-80.80239503,34.86206952,63,,False
13551,29566,-78.66354577,33.8657122400001,118,,True
13552,29601,-82.4214189799999,34.8406864300001,32,,False
13553,29303,-81.9424602299999,34.9896574300001,40,,False
13554,29650,-82.22915798,34.8648571200001,156,,False
13555,29302,-81.88044733,34.9101138,3,,False
13556,29150,-80.34272105,33.9236113200001,283,,True
13557,29102,-80.21153903,33.68671298,81,,True
13558,29681,-82.2482302,34.72018561,43,,True
13559,29615,-82.32760809,34.85151346,72,,False
13560,29650,-82.2442311999999,34.9200439700001,82,,True
13561,29690,-82.45596102,34.9754693400001,45,,False
13562,29605,-82.4126485899999,34.81864389,864,1.0,True
13563,29672,-82.98721979,34.6955306900001,169,,False
13564,29220,-81.03316804,34.00678687,35,,True
13565,29910,-80.94048577,32.28574066,38,,False
13566,29576,-79.0409278,33.5613136200001,29,,False
13567,29640,-82.6068529899999,34.8406590000001,109,,True
13568,29210,-81.1109434699999,34.0722657800001,14,,False
13569,29307,-81.8955195299999,34.9784081700001,231,,True
13570,29340,-81.6343726699999,35.0898793000001,125,,True
13571,29824,-81.92970697,33.77900025,25,,False
13572,29505,-79.7520554,34.16006615,310,3.0,True
13573,29706,-81.1831532799999,34.6844824200001,82,,True
13574,29720,-80.78772137,34.7176870700001,211,,True
13575,29506,-79.76439558,34.1890170200001,66,,False
13576,29505,-79.7520102999999,34.1600972000001,44,,True
13577,29566,-78.660205,33.8664190000001,46,,False
13578,29212,-81.16008963,34.0874379200001,76,,True
13579,29220,-81.0335312399999,34.00765482,352,,True
13580,29325,-81.9408219699999,34.4814708000001,76,,True
13581,29574,-79.32583979,34.1862798400001,124,,True
13582,29486,-80.0953019999999,33.068898,50,,False
13583,29690,-82.45473247,34.9640711000001,62,,False
13584,29045,-80.75006727,34.1468982000001,40,,False
13585,29464,-79.85571638,32.8149016300001,59,,False
13586,29406,-80.0699784299999,32.9757993200001,49,,False
13587,29466,-79.76913142,32.87782931,85,,True
13588,29169,-81.11419899,34.0059619,557,3.0,True
13589,29406,-80.0730751099999,32.9759625,321,2.0,True
13590,29607,-82.32616496,34.8045717800001,40,,False
13591,29020,-80.590406,34.2528387,119,,True
13592,29204,-81.0133446999999,34.0143761,258,,True
13593,29203,-80.9586357699999,34.10416789,74,,True
13594,57105,-96.75530413,43.5287556500001,18,,False
13595,57078,-97.4012591699999,42.9147729700001,133,,False
13596,57049,-96.4957456499999,42.5055824500001,38,,False
13597,57701,-103.22887127,44.05868632,6,,False
13598,57701,-103.2234841,44.04644362,26,,False
13599,57105,-96.71426497,43.5350561600001,33,,True
13600,57105,-96.74322897,43.5354019700001,24,,True
13601,57108,-96.78073418,43.4909429900001,53,,True
13602,57108,-96.7852894,43.4904450000001,40,,False
13603,57401,-98.47851235,45.4615100300001,60,3.0,True
13604,57006,-96.7669672499999,44.30787831,49,,True
13605,57301,-98.0080207999999,43.71434228,50,,True
13606,57501,-100.34262675,44.3598042200001,50,,False
13607,57701,-103.22525031,44.0577486,417,2.0,True
13608,57117,-96.71432208,43.5342376200001,572,2.0,True
13609,57105,-96.74210587,43.5355161800001,545,,True
13610,57783,-103.86064462,44.4980636700001,44,,True
13611,57201,-97.1212373399999,44.91097461,81,,True
13612,57078,-97.4081910199999,42.8732545500001,99,,True
13613,57401,-98.4460844399999,45.4630252600001,48,,True
13614,57313,-98.34527862,43.32531563,11,,True
13615,57428,-99.66162744,45.44797849,12,,False
13616,57430,-97.7461385299999,45.78858387,20,,True
13617,57523,-99.29400979,43.1820931600001,16,,False
13618,57226,-96.68313556,44.7527249400001,10,,True
13619,57732,-103.72826841,44.36962692,18,,False
13620,57437,-99.62301925,45.7721722700001,4,,False
13621,57438,-99.1326383699999,45.03065572,12,,True
13622,57028,-96.59146309,44.0513519200001,18,,True
13623,57029,-97.4310806999999,43.3479663700001,25,,False
13624,57442,-99.94779146,45.0130848900001,7,,True
13625,57551,-101.73072543,43.16975367,14,,False
13626,57567,-101.67147678,44.03980876,18,,False
13627,57369,-98.83615644,43.3846476800001,17,,True
13628,57469,-98.52092234,44.87156665,25,,True
13629,57059,-97.7290452399999,43.14903616,20,,True
13630,57785,-103.5073372,44.4024947,25,,True
13631,57380,-98.30200323,43.0783751500001,20,,True
13632,57274,-97.52195455,45.3397727700001,25,,True
13633,57747,-103.48008941,43.4172081300001,25,,True
13634,57730,-103.59052735,43.7724007100001,12,,True
13635,57382,-98.56374221,44.0810863300001,16,,True
13636,57601,-100.44896047,45.54621696,25,,True
13637,57252,-96.62717351,45.2224580600001,25,,False
13638,57070,-97.0840425599999,43.17538103,12,,False
13639,57066,-97.8675251,42.9915707800001,25,,True
13640,57042,-97.11814234,43.99137304,22,,True
13641,57325,-99.32471613,43.7861325900001,25,,True
13642,57231,-97.56129715,44.3859458000001,6,,False
13643,57366,-97.9912405599999,43.39969038,25,,False
13644,57022,-96.71580998,43.8285845400001,23,,True
13645,57013,-96.55755977,43.3044978400001,11,,False
13646,57580,-99.84729509,43.36992976,25,,True
13647,57350,-98.21105963,44.36153118,25,,False
13648,57069,-96.91929851,42.77865825,25,,True
13649,57362,-98.99228219,44.5200541200001,11,,False
13650,57533,-99.43584864,43.2295546300001,25,,True
13651,57262,-97.05015718,45.6574921800001,25,,True
13652,37934,-84.144862971,35.898605155,26,,True
13653,37854,-84.691995,35.865847,90,,False
13654,38120,-89.861447482,35.129966655,927,,True
13655,38017,-89.7145128,35.0494843700001,927,,False
13656,38120,-89.85529467,35.12787502,927,,False
13657,38344,-88.41240859,36.02316734,70,,True
13658,38201,-88.48937266,36.1374731500001,45,,True
13659,38261,-89.04496858,36.4142337800001,137,,True
13660,38019,-89.6776066899999,35.5357101600001,100,,True
13661,38138,-89.79965959,35.1144587000001,53,,False
13662,38120,-89.861470681,35.1290073810001,30,,True
13663,38138,-89.8010902,35.0926214300001,11,,False
13664,37236,-86.801876357,36.1540442520001,2,,True
13665,37841,-84.51586367,36.5044248900001,25,,True
13666,37804,-83.95871505,35.7564622400001,304,3.0,True
13667,37620,-82.25692327,36.5855164500001,312,2.0,True
13668,37879,-83.5722757199999,36.4528338900001,85,,False
13669,38501,-85.5087625799999,36.1693267900001,269,,True
13670,37317,-84.38571051,35.0269471,25,,True
13671,38555,-85.02203136,35.9433250000001,189,,False
13672,38551,-85.5004989299999,36.5441261500001,33,,True
13673,37115,-86.84612428,36.17746807,255,,True
13674,38363,-88.12224489,35.6359507,40,,True
13675,38118,-89.93115119,35.06706746,223,,False
13676,37916,-83.93767478,35.9562881700001,152,,True
13677,37375,-85.913832,35.2081067,21,,True
13678,37404,-85.26644721,35.03215742,69,,False
13679,37067,-86.81923101,35.9191151700001,40,,False
13680,38104,-90.0191809,35.13780022,80,,True
13681,38128,-89.8919401799999,35.2372013,50,,False
13682,37367,-85.1908688299999,35.6206859700001,25,,True
13683,37403,-85.29004745,35.0488941300001,848,1.0,True
13684,37421,-85.16062411,35.02255862,848,,False
13685,37415,-85.3020270599999,35.1235785000001,848,,False
13686,37772,-84.27018079,35.82517217,50,,True
13687,37916,-83.9372099,35.95703172,517,,True
13688,37604,-82.40206447,36.3363038300001,80,,False
13689,37208,-86.80650365,36.1668767900001,365,,True
13690,38382,-88.48936033,36.1374273500001,77,,True
13691,37745,-82.7902385099999,36.17353337,140,,True
13692,37869,-83.21510814,36.5333329800001,10,,True
13693,38372,-88.2303470799999,35.2279311200001,58,,True
13694,37857,-83.01423357,36.40021927,50,,True
13695,38012,-89.24297656,35.6105722400001,49,,True
13696,38351,-88.3986641399999,35.6553019300001,45,,True
13697,38242,-88.31030459,36.29654269,142,,True
13698,37148,-86.512193694,36.5573703680001,38,,True
13699,37660,-82.5546072499999,36.5541031700001,505,3.0,True
13700,37061,-87.68964349,36.3201705700001,25,,True
13701,38343,-88.89525133,35.8158468400001,62,,True
13702,37660,-82.5142761399999,36.55080903,239,,True
13703,37660,-82.5125896,36.5535132000001,61,,False
13704,38562,-85.6560906,36.3486721,33,,False
13705,38301,-88.8317896899999,35.6367326600001,792,,True
13706,38305,-88.85404848,35.6844471100001,792,,True
13707,38556,-84.94317595,36.4323619300001,85,,True
13708,37762,-84.1285435899999,36.57370136,25,,True
13709,37604,-82.38456264,36.3078431000001,585,1.0,True
13710,37604,-82.38772184,36.30773308,585,,False
13711,37601,-82.35453131,36.3237100700001,23,,False
13712,37683,-81.7976806299999,36.4535559500001,2,,True
13713,37402,-85.3077062199999,35.04757814,49,,False
13714,37909,-84.022329,35.94377202,57,,False
13715,37814,-83.30379891,36.21473336,135,,True
13716,38063,-89.5496351899999,35.7443525200001,25,,True
13717,37745,-82.79073878,36.17299552,140,,True
13718,38103,-90.0324644999999,35.1441513,225,,True
13719,37862,-83.53521998,35.8559232100001,79,,True
13720,37334,-86.55527721,35.14960725,49,,True
13721,38570,-85.3275844199999,36.3852291100001,114,3.0,True
13722,37083,-86.02656329,36.51945891,25,,False
13723,37091,-86.7854901599999,35.4650474900001,25,,False
13724,38401,-87.06689111,35.6071638700001,255,,False
13725,37404,-85.26002662,35.0415746100001,423,,True
13726,37343,-85.23808028,35.12468548,423,,False
13727,38118,-89.9374507799999,35.0572209700001,24,,False
13728,37849,-83.997926521,36.0540285390001,108,,True
13729,38104,-90.01834939,35.1363386100001,36,,True
13730,38068,-89.36379663,35.24683128,46,,True
13731,38104,-90.01946751,35.13666855,1593,1.0,True
13732,38103,-90.03180122,35.1450508,1593,1.0,True
13733,38116,-90.0212006899999,35.0329828700001,1593,,True
13734,38138,-89.80836623,35.08981816,1593,,True
13735,38128,-89.8925047,35.2340394,1593,,True
13736,38103,-90.030648,35.1414419000001,162,,True
13737,38138,-89.80837468,35.09008241,309,,True
13738,38128,-89.89282093,35.2340702500001,256,,True
13739,38116,-90.02126285,35.03299423,156,,True
13740,37830,-84.24508553,36.0245451100001,301,,True
13741,37402,-85.30359401,35.0472052600001,64,,False
13742,37208,-86.80656112,36.1669069700001,150,,True
13743,37814,-83.30531638,36.2129657,167,,True
13744,37206,-86.7495729999999,36.1829242000001,31,,False
13745,37921,-84.00757885,35.97407687,25,,False
13746,37404,-85.26748228,35.03492949,621,,True
13747,37412,-85.21894236,34.9988029200001,621,,False
13748,37421,-85.1432208799999,35.05372069,621,,False
13749,37421,-85.1214558299999,35.0268592300001,621,,False
13750,37347,-85.6296189,35.04710628,621,,True
13751,37923,-84.1006437899999,35.91707245,492,,True
13752,37777,-84.02278841,35.8703936800001,492,,False
13753,37096,-87.86375527,35.5923233300001,50,,True
13754,37148,-86.5119496309999,36.5571222880001,38,,True
13755,37601,-82.3717817,36.35377858,36,,False
13756,38103,-90.0318288299999,35.1418039800001,625,1.0,True
13757,38103,-90.03195257,35.14084268,30,1.0,True
13758,37660,-82.5513784,36.5535642,50,,True
13759,37321,-84.98177946,35.5291013400001,25,,True
13760,37030,-85.94974537,36.2642534600001,35,,False
13761,37748,-84.55600706,35.88860486,54,,True
13762,38119,-89.86487519,35.09820503,479,,True
13763,38133,-89.8005827599999,35.2069920500001,196,,True
13764,37166,-85.82954345,35.96150829,71,,True
13765,37033,-87.45896011,35.7794869000001,25,,True
13766,38583,-85.47723715,35.9491612900001,60,,True
13767,37203,-86.80325564,36.15508556,23,,True
13768,37203,-86.80339751,36.15397318,40,,False
13769,37110,-85.74297892,35.69984449,125,,True
13770,37129,-86.42503138,35.8605791200001,358,,True
13771,37190,-86.07184284,35.83271089,60,,True
13772,37205,-86.84451646,36.1294019700001,1224,,True
13773,37203,-86.802162423,36.1535389570001,1224,,True
13774,37916,-83.9366983199999,35.9572458700001,35,,True
13775,38104,-89.86400431,35.0982335900001,39,,True
13776,37203,-86.80116326,36.1527654600001,70,,True
13777,37849,-83.99775536,36.053410123,68,,True
13778,37916,-83.9363383899999,35.9573201600001,68,,True
13779,37620,-82.25636647,36.5852451900001,35,,True
13780,37327,-85.37960444,35.38768084,49,,True
13781,37403,-85.29159691,35.05036361,96,,True
13782,37311,-84.88065138,35.194043993,100,,True
13783,38464,-87.33830333,35.2219546000001,99,,True
13784,38478,-87.00412139,35.18924094,95,,True
13785,37398,-86.09013143,35.1758866700001,152,,True
13786,37375,-85.914135796,35.2077994090001,152,,True
13787,38105,-90.0418743,35.1532735800001,410,,False
13788,38105,-90.04290223,35.1542158500001,80,,False
13789,37303,-84.6073528699999,35.44081499,190,3.0,True
13790,37331,-84.5227193599999,35.34509862,190,3.0,True
13791,37066,-86.43409583,36.3900140900001,167,3.0,True
13792,37874,-84.46428463,35.6006938400001,59,,False
13793,37643,-82.25000167,36.34586706,121,,False
13794,37403,-85.2904938,35.0489410000001,118,,True
13795,37148,-86.511601432,36.5574277650001,38,,True
13796,37040,-87.2704735199999,36.5819764,270,,True
13797,37311,-84.86990561,35.1771981700001,351,,True
13798,37312,-84.88130567,35.1942892760001,351,,True
13799,37760,-83.5189094099999,36.10663844,58,,True
13800,37766,-84.1114697799999,36.38887104,66,,True
13801,37821,-83.1821986699999,35.96420392,74,,False
13802,37849,-83.997514108,36.0522961880001,628,,True
13803,37920,-82.84567491,36.15129964,101,,True
13804,37920,-83.9151662799999,35.95577982,293,,False
13805,37920,-83.94388413,35.94044734,710,1.0,True
13806,37185,-87.79233528,36.07603106,25,,True
13807,37015,-87.06559473,36.27711959,12,,False
13808,37203,-86.80900486,36.15375182,741,,True
13809,37075,-86.62223383,36.32481862,159,3.0,True
13810,37148,-86.511632928,36.557068848,159,,True
13811,37055,-87.3757271599999,36.0733061700001,158,3.0,True
13812,37172,-86.88690193,36.4784800800001,109,,True
13813,37207,-86.74961898,36.2453409300001,407,2.0,True
13814,37115,-86.68210462,36.2543611,407,,True
13815,37211,-86.72189213,36.07638237,127,,False
13816,37167,-86.56520216,35.97503426,115,3.0,True
13817,37076,-86.60837516,36.1763794300001,218,3.0,True
13818,37074,-86.1681599299999,36.38783255,25,,False
13819,37129,-86.43032806,35.8638913300001,217,,False
13820,37650,-82.444649,36.1184450000001,10,,False
13821,37355,-86.07840122,35.4968799700001,49,,True
13822,37160,-86.4487764,35.563923,60,,True
13823,37212,-86.80256887,36.1384162900001,80,,True
13824,37388,-86.2312598199999,35.3821029200001,135,,True
13825,37232,-86.8021667,36.14083601,1175,1.0,True
13826,37087,-86.3276203199999,36.2216056500001,245,,True
13827,37087,-86.28313467,36.2032941900001,245,,False
13828,38485,-87.7568843299999,35.32475293,25,,True
13829,38008,-88.9992923899999,35.2675724900001,25,,True
13830,38320,-88.10794649,36.0552168200001,25,,True
13831,38024,-89.37991442,36.0481855800001,225,,True
13832,38358,-88.75414132,35.91228641,70,,True
13833,38237,-88.8699104899999,36.33255272,40,,False
13834,38301,-88.8284203699999,35.63487668,48,,False
13835,38237,-88.86849627,36.3347483800001,100,,True
13836,37397,-85.51500693,35.2003328100001,52,,True
13837,37067,-86.81925004,35.9161622600001,203,,True
13838,37203,-86.8070810199999,36.1534634000001,158,,True
13839,75093,-96.85435167,33.03139595,42,,False
13840,77015,-95.20029102,29.7706335300001,4,,False
13841,75231,-96.7576716,32.8837661000001,100,,False
13842,76549,-97.80274157,31.11166531,60,,True
13843,76549,-97.80167081,31.11344991,170,,True
13844,76550,-98.1862254,31.0721863000001,25,,True
13845,77521,-94.98134416,29.7719621000001,14,,False
13846,77072,-95.5557089,29.7117075100001,10,,False
13847,79501,-99.89497682,32.7680115200001,45,,False
13848,78746,-97.79596702,30.2707596500001,19,,False
13849,76712,-97.1994909699999,31.5142506600001,237,,True
13850,76712,-97.19839717,31.5110022000001,48,,False
13851,78602,-97.34475731,30.10848029,7,,False
13852,78648,-97.65449953,29.6731745600001,24,,True
13853,78640,-97.85297745,30.0084099900001,154,2.0,True
13854,78611,-98.23685865,30.7330584700001,25,,True
13855,78705,-97.74560832,30.3050018500001,524,,True
13856,78759,-97.74360477,30.4049279500001,117,,True
13857,78957,-97.13604043,30.0039007600001,8,,True
13858,78737,-97.8920919399999,30.2265835800001,28,,True
13859,78665,-97.6513873499999,30.5667623200001,149,2.0,True
13860,77304,-95.4800426099999,30.28457402,30,,False
13861,77477,-95.58827701,29.64684751,68,,False
13862,76821,-99.96290978,31.7499729200001,25,,True
13863,77701,-94.1200396999999,30.0706087,363,,True
13864,77701,-94.12295454,30.0729048800001,120,,False
13865,78205,-98.49264078,29.43358894,607,,True
13866,78249,-98.64882103,29.5707837200001,8,,False
13867,78237,-98.5482246,29.4030255000001,8,,False
13868,78258,-98.4552139,29.6809155,8,,True
13869,78154,-98.2900848199999,29.5942753100001,8,,False
13870,78232,-98.47345927,29.58772294,10,,False
13871,78251,-98.68991382,29.46171808,8,,False
13872,78224,-98.53302117,29.3518245500001,8,,False
13873,79106,-101.92031551,35.1964519900001,445,,True
13874,76063,-97.14487705,32.59672241,8,,False
13875,76104,-97.34554216,32.7302241,538,3.0,True
13876,76502,-97.3992927099999,31.1182849300001,48,,False
13877,76227,-96.91358852,33.2206530500001,8,,True
13878,76028,-97.32118572,32.5754240800001,8,,False
13879,76034,-97.1511153,32.8887952700001,8,,False
13880,75052,-97.06082249,32.6609476,8,,False
13881,76248,-97.2547307,32.9281637400001,8,,False
13882,75094,-96.62435282,33.01223393,8,,False
13883,75087,-96.4446976899999,32.9140952000001,8,,False
13884,78613,-97.8198463099999,30.5233139000001,8,,False
13885,75226,-96.7811941099999,32.78817065,59,,True
13886,75246,-96.78043674,32.7915785500001,92,,False
13887,76132,-97.41803838,32.6542103400001,42,,False
13888,75034,-96.84038653,33.10295419,44,,False
13889,78734,-97.97010223,30.34510484,36,,False
13890,76502,-97.37546506,31.0725498900001,64,2.0,True
13891,78735,-97.83573401,30.23541154,25,,False
13892,77833,-96.39932133,30.1456725100001,60,,True
13893,78610,-97.8200058,30.0770826,15,,False
13894,75035,-96.77091466,33.1142739800001,118,3.0,True
13895,77845,-96.27939535,30.5823184000001,142,3.0,True
13896,75034,-96.83782532,33.1044902100001,68,,False
13897,76051,-97.0943835,32.93443023,302,2.0,True
13898,76712,-97.15754299,31.4891830600001,260,2.0,True
13899,75061,-96.9602494,32.8345893900001,293,,True
13900,75088,-96.50871907,32.91801933,176,3.0,True
13901,78738,-97.97152991,30.33294103,106,,True
13902,78654,-98.3045379599999,30.51281125,46,,True
13903,75071,-96.6826010199999,33.22097161,143,3.0,True
13904,78660,-97.5914115099999,30.45163125,25,,False
13905,75093,-96.79036603,33.0132922,160,,True
13906,78665,-97.68478229,30.5633958400001,101,,True
13907,75182,-96.5688118099999,32.77911727,70,,True
13908,76574,-97.41538166,30.5909437600001,25,,True
13909,76508,-97.3634479899999,31.0774474500001,574,1.0,True
13910,76262,-97.17489987,32.9885118600001,22,,False
13911,75204,-96.79495495,32.8042463800001,24,,False
13912,76015,-97.11697677,32.6828977800001,20,,False
13913,76504,-97.36289358,31.0815996100001,2,,False
13914,76110,-97.34715539,32.7273229300001,29,,False
13915,75063,-96.95221323,32.91229177,20,,True
13916,75090,-96.6018522099999,33.67663535,12,,False
13917,75701,-95.29852291,32.32915158,20,,False
13918,76208,-97.08734292,33.17662147,22,,False
13919,75071,-96.6833344,33.2213403000001,4,,True
13920,75093,-96.7893949,33.01459949,105,,True
13921,77030,-95.39406324,29.69898929,170,,False
13922,75246,-96.78027265,32.7895851600001,914,1.0,True
13923,77514,-94.68744667,29.7525574000001,14,,True
13924,78414,-97.3603784599999,27.6800776800001,68,,False
13925,77707,-94.1356342999999,30.0687672,4,,False
13926,78539,-98.20115591,26.25310267,87,,False
13927,79106,-96.60449109,33.6738740700001,106,,True
13928,77418,-96.26009777,29.9531581300001,30,,True
13929,79830,-103.67048068,30.3839443900001,25,,False
13930,79316,-102.26741429,33.18772983,48,,True
13931,78681,-97.7228626899999,30.4961804600001,4,,False
13932,77802,-96.32372493,30.66598536,10,,False
13933,75010,-96.8858494899999,33.02869852,216,,True
13934,75092,-96.6351595099999,33.6697089100001,24,,False
13935,75092,-96.63438619,33.66972557,33,,False
13936,75961,-94.64665259,31.6119748400001,21,,True
13937,78613,-97.8121909499999,30.53236271,126,,True
13938,78751,-97.73479337,30.3122704800001,50,,False
13939,77845,-96.2899901499999,30.5813238100001,147,3.0,True
13940,77836,-96.7162868299999,30.52023043,25,,True
13941,77868,-96.07767218,30.3924490800001,25,,True
13942,77864,-95.9111059099999,30.942082,25,,True
13943,77802,-96.3507145,30.6599329900001,61,,False
13944,77566,-95.45274482,29.0295006800001,154,3.0,True
13945,77351,-94.93939248,30.73087171,66,,True
13946,77389,-95.4489939599999,30.0906012900001,4,,False
13947,77030,-95.40044497,29.70773116,879,,True
13948,75904,-94.74185468,31.3361913300001,279,,True
13949,75972,-94.1030069299999,31.53261587,18,,True
13950,78207,-98.49837581,29.42803731,652,3.0,True
13951,75235,-96.83747396,32.80918566,490,1.0,True
13952,75024,-96.8004449699999,33.07853049,72,,True
13953,79201,-100.2267333,34.43926678,39,,True
13954,77702,-94.1329278599999,30.0872567700001,33,,True
13955,75601,-94.72985399,32.50074986,425,3.0,True
13956,75670,-94.3694619199999,32.5368065000001,149,,False
13957,75766,-95.2477743599999,31.9385259200001,25,,True
13958,75703,-95.30890277,32.25806171,8,,False
13959,75482,-95.6001447099999,33.1576280200001,96,,True
13960,75701,-95.29164026,32.34276945,553,2.0,True
13961,75494,-95.30727963,32.94453832,25,,True
13962,78209,-98.47604764,29.5058017700001,36,,False
13963,78229,-98.59013727,29.5128125700001,174,,True
13964,78130,-98.1230875799999,29.71535513,132,,True
13965,78666,-97.9459039399999,29.8524819900001,170,,True
13966,78251,-98.6959104599999,29.46673399,150,,True
13967,75951,-94.0095533099999,30.9078945300001,59,,True
13968,77702,-94.13180847,30.0873418200001,425,3.0,True
13969,77707,-94.1398083999999,30.0833827800001,6,,False
13970,78332,-98.04172626,27.7640164700001,135,,True
13971,78102,-97.73154412,28.4074275400001,69,,True
13972,78405,-97.4163649,27.7798902000001,100,2.0,True
13973,78404,-97.39474791,27.77809368,787,2.0,True
13974,78414,-97.37753257,27.6840675400001,153,,True
13975,78363,-97.85065378,27.4900728100001,96,,True
13976,75503,-94.0754934,33.46417889,311,3.0,True
13977,77642,-93.98639108,29.95322107,2,,False
13978,75551,-94.16312021,33.10543268,43,,True
13979,75503,-94.07072522,33.4650305500001,50,,False
13980,75701,-95.2777700999999,32.3148766400001,94,,False
13981,77901,-96.9777387399999,28.8128772600001,317,3.0,True
13982,75218,-96.7049320199999,32.8347829100001,218,,False
13983,76365,-98.19848415,33.81437269,25,,True
13984,75022,-97.07726192,33.03536409,41,,False
13985,77327,-95.09375569,30.3283583800001,4,,False
13986,79902,-106.4799884,31.7763307000001,42,,False
13987,77008,-95.4041812999999,29.8035807000001,35,,False
13988,77094,-95.7135061,29.7777202,36,,False
13989,79346,-102.75752227,33.7197375100001,18,,False
13990,79549,-100.91709254,32.68793228,25,,True
13991,76834,-99.42562308,31.82854343,25,,False
13992,79095,-100.2121919,34.84860058,13,,True
13993,78934,-96.5433111,29.6945178400001,40,,True
13994,76442,-98.5615678299999,31.9842906800001,25,,True
13995,76837,-99.84811412,31.2212926600001,16,,True
13996,78114,-98.17497259,29.15850063,44,,True
13997,79601,-99.7332793799999,32.47234716,23,,True
13998,79761,-102.37388742,31.84545145,25,,True
13999,76104,-97.34140504,32.73707173,444,2.0,True
14000,79022,-102.52148383,36.05126131,21,,False
14001,78539,-98.19843973,26.26237286,14,,False
14002,78756,-97.7432914999999,30.31182625,103,,False
14003,77304,-95.46559063,30.28203591,41,,False
14004,77004,-95.38702269,29.72323923,65,,False
14005,78665,-97.65766151,30.56646678,54,,False
14006,78414,-97.3780554799999,27.68844884,35,,True
14007,76528,-97.77919934,31.43513711,25,,True
14008,79410,-101.90059203,33.5734032500001,227,2.0,True
14009,79336,-102.36889721,33.57268652,48,,True
14010,79072,-101.73294565,34.20675672,68,,True
14011,79410,-101.89199504,33.57693913,381,2.0,True
14012,79410,-101.89706153,33.5766576,56,,False
14013,79731,-102.3499056,31.38955285,25,,True
14014,75146,-96.81241605,32.60292166,84,,False
14015,75835,-95.43889931,31.32360364,25,,True
14016,79322,-101.24610241,33.66061882,2,,True
14017,77954,-97.28334117,29.11261503,49,,True
14018,79855,-104.82750864,31.04917326,14,,True
14019,75234,-96.86979587,32.9152605300001,155,,False
14020,75149,-96.60051029,32.7787904800001,202,,True
14021,79925,-106.34995188,31.7564919500001,315,2.0,True
14022,78723,-97.70702246,30.30311083,227,1.0,True
14023,78701,-97.73384773,30.2763898800001,210,1.0,True
14024,77901,-96.99834405,28.80806986,163,3.0,True
14025,77904,-97.0196863099999,28.85434036,115,,True
14026,78834,-99.86339756,28.51923471,25,,True
14027,78539,-98.20495353,26.25271244,235,1.0,False
14028,78045,-99.47847561,27.6069144800001,171,3.0,True
14029,78411,-97.38628484,27.7485104200001,191,3.0,True
14030,76448,-98.82114248,32.39982064,52,,True
14031,77437,-96.29118958,29.21849962,49,,True
14032,79902,-106.47432536,31.78368543,33,,False
14033,79905,-106.43379497,31.7715012,122,,True
14034,76360,-98.92489812,34.01802681,19,,False
14035,77573,-95.0942797,29.4718048,2,,False
14036,75080,-96.75579418,32.99919628,5,,False
14037,79606,-99.7438465499999,32.37142823,60,,False
14038,76015,-97.1182562399999,32.6937714800001,85,,False
14039,78704,-97.76632301,30.2257136600001,60,,False
14040,76132,-97.41279008,32.6620118000001,77,,False
14041,77065,-95.61340961,29.92033796,60,,False
14042,75230,-96.7705220399999,32.90107033,60,,False
14043,77338,-95.2773293,29.9937352200001,90,,True
14044,77494,-95.7780505599999,29.7686075600001,40,,False
14045,79707,-102.15594821,31.99956331,80,,False
14046,77584,-95.38983333,29.5729058200001,60,,True
14047,75075,-96.74824313,33.01842055,83,,False
14048,75080,-96.75493758,32.9979827500001,50,,False
14049,78681,-97.69343509,30.4835233000001,75,,False
14050,78240,-98.58412986,29.5272691500001,108,,False
14051,77478,-95.63326382,29.6043995700001,50,,False
14052,75501,-94.04822781,33.4300774700001,60,,False
14053,76021,-97.1132574,32.84533965,60,,False
14054,77384,-95.45446695,30.18560374,84,,False
14055,76706,-97.16502831,31.49951789,40,,
14056,76302,-98.48467593,33.8738758700001,63,,False
14057,77070,-95.57110864,29.9901765500001,60,,False
14058,77384,-95.45850831,30.1899383900001,60,,False
14059,75119,-96.6414910399999,32.3067245500001,60,,True
14060,75605,-94.71230138,32.5346366900001,36,,False
14061,76504,-97.3509741999999,31.0672988000001,36,,False
14062,76458,-98.16693865,33.2306676900001,17,,True
14063,76661,-96.8940032,31.30720245,36,,False
14064,75231,-96.7665542999999,32.88843795,18,,False
14065,77401,-95.4626713,29.7099774000001,19,,False
14066,79546,-100.43604281,32.8334398600001,14,,True
14067,78852,-100.4557006,28.71299249,101,,True
14068,78240,-98.5897513199999,29.5302401100001,20,,False
14069,75840,-96.1705982299999,31.72534374,37,,True
14070,78061,-99.1172572,28.89630465,22,,True
14071,76043,-97.7469002999999,32.2419812900001,16,,True
14072,79007,-101.40918067,35.6551381900001,25,,True
14073,76634,-97.58892556,31.7768526300001,25,,True
14074,79407,-101.9861471,33.5231756000001,32,,False
14075,76450,-98.58396742,33.08958211,25,,True
14076,78155,-97.9472370299999,29.5678451200001,153,,True
14077,76531,-98.11377982,31.70438018,25,,True
14078,76374,-98.7643045899999,33.36936482,25,,True
14079,79081,-101.19961405,36.19027677,14,,False
14080,79252,-99.74154846,34.2961943600001,24,,True
14081,78550,-97.67530286,26.1574503100001,112,,True
14082,77030,-95.3945517,29.7109823600001,402,1.0,True
14083,77026,-95.3118817,29.8119332800001,215,3.0,False
14084,79521,-99.74468102,33.15736151,25,,True
14085,77598,-95.1278151399999,29.54130675,532,2.0,True
14086,77304,-95.4680049199999,30.28472392,328,2.0,True
14087,77339,-95.25507558,30.05006848,457,3.0,True
14088,77591,-94.98604898,29.39408738,222,,True
14089,77004,-95.3875318999999,29.7225556700001,444,,False
14090,77429,-95.6315018,29.9257621,163,,True
14091,77090,-95.4427141799999,30.0204405000001,417,3.0,True
14092,77584,-95.39019753,29.57779212,53,,True
14093,77504,-95.1838147,29.6610602700001,341,3.0,True
14094,77375,-95.6236955799999,30.08730408,350,3.0,True
14095,77082,-95.5944836199999,29.72934166,273,,True
14096,77082,-95.57998472,29.73245015,40,,False
14097,78756,-97.74110422,30.3058292700001,58,,True
14098,76825,-99.34685361,31.1176885,25,,True
14099,79014,-100.38825682,35.9033931700001,26,,False
14100,79601,-99.7339544,32.4721764700001,540,3.0,True
14101,76801,-98.99383384,31.6773439200001,188,,True
14102,79606,-99.74372755,32.3750692200001,231,,True
14103,79045,-102.41398747,34.83951878,42,,True
14104,79936,-106.30302734,31.7321697300001,41,,False
14105,78624,-98.88184327,30.2625190000001,84,,True
14106,76645,-97.09925968,32.01263139,25,,True
14107,76208,-97.08674805,33.17414683,22,,False
14108,77521,-94.97971661,29.76911627,230,,True
14109,77058,-95.08676363,29.54924852,178,,True
14110,77450,-95.7168441599999,29.77679705,102,,False
14111,77030,-95.3989388799999,29.7105231400001,1398,,True
14112,77479,-95.6301655999999,29.5895861600001,350,,True
14113,77385,-95.4538001499999,30.2055946900001,187,,True
14114,77094,-95.69782808,29.7871566200001,239,,True
14115,77070,-95.55114453,29.9664687700001,358,,True
14116,77598,-95.12619308,29.5338492700001,20,,False
14117,75401,-96.1239707399999,33.12231408,167,,True
14118,77340,-95.55898696,30.6985499900001,123,,True
14119,79744,-101.9074443,30.9148308800001,14,,True
14120,77957,-96.63588688,28.96910475,25,,True
14121,76104,-97.32710128,32.72708003,542,1.0,True
14122,76104,-97.32864083,32.73393445,36,,False
14123,77702,-94.1322162499999,30.0869090300001,27,,True
14124,76310,-98.58030421,33.8728211700001,41,,True
14125,76849,-99.78056091,30.4984730800001,15,,True
14126,78205,-98.49220974,29.43297807,44,,True
14127,77598,-95.12770807,29.5436648,110,,False
14128,75231,-96.76738833,32.8868949000001,60,,False
14129,79902,-106.47729885,31.77862724,72,,False
14130,77030,-95.39917023,29.7128504300001,108,,True
14131,77065,-95.58824613,29.9244096200001,84,,True
14132,77479,-95.63826118,29.60023248,98,,False
14133,78229,-98.55637881,29.5224857900001,59,,False
14134,76011,-97.1140678099999,32.7505598700001,68,,False
14135,76132,-97.4237053799999,32.6656970000001,92,,False
14136,77339,-95.2499180999999,30.0545024,6,,False
14137,78596,-97.97761937,26.1532284,227,3.0,True
14138,79529,-99.81155305,33.41380466,25,,False
14139,75235,-96.86203847,32.83258117,66,,False
14140,76301,-98.49939511,33.90275832,31,,False
14141,78640,-97.86498801,30.00772117,4,,False
14142,76048,-97.8038485,32.4324893100001,73,,True
14143,78732,-97.8849345,30.39134699,4,,False
14144,79339,-102.34429491,33.91170687,75,,True
14145,78041,-99.47829169,27.5328597600001,326,3.0,True
14146,78041,-99.4736660199999,27.5338972000001,21,,False
14147,78041,-99.47363697,27.5335293800001,40,,False
14148,79902,-106.49907555,31.7698358700001,296,3.0,True
14149,79902,-106.50882604,31.78905323,31,,False
14150,77964,-96.9382128299999,29.4574026700001,25,,True
14151,75075,-96.77180156,33.00140185,7,,False
14152,79936,-106.30061285,31.73480327,40,,False
14153,78249,-98.5903568699999,29.5907386700001,25,,False
14154,75006,-96.8984164399999,32.9855301700001,22,,False
14155,77575,-94.7984913499999,30.0688233700001,25,,True
14156,76132,-97.42120446,32.6790541500001,80,,False
14157,75235,-96.8487922,32.8172101000001,60,,False
14158,75024,-96.7951149799999,33.06549105,66,,False
14159,76950,-100.63443595,30.56340928,12,,True
14160,76642,-96.53121111,31.53271119,20,,False
14161,75605,-94.7305140999999,32.5328850400001,224,3.0,True
14162,79416,-101.91556882,33.6032101100001,73,,True
14163,77657,-94.22105742,30.26185775,4,,False
14164,79373,-101.81615123,33.16728156,24,,True
14165,79782,-101.78751971,32.1398174600001,18,,True
14166,77414,-95.9916774,28.9800470100001,58,,True
14167,76208,-97.0868223799999,33.17579219,59,,False
14168,79752,-102.21029173,31.11466218,14,,True
14169,79331,-101.96754238,32.7492009100001,21,,True
14170,79761,-102.3736853,31.8452597,402,3.0,True
14171,76177,-97.31392872,32.9002925200001,99,3.0,True
14172,76015,-97.1127163799999,32.6923253100001,431,2.0,True
14173,75230,-96.7740738699999,32.9119328800001,899,,True
14174,76210,-97.0914332999999,33.1778745300001,208,2.0,True
14175,76104,-97.34527531,32.73566902,348,,True
14176,75243,-96.7667178,32.9120385000001,87,,False
14177,75039,-96.95656507,32.9017329800001,99,3.0,True
14178,75057,-97.0047628,33.0452460400001,186,3.0,True
14179,75069,-96.6366933799999,33.15972664,281,3.0,True
14180,76180,-97.21350556,32.82908072,164,3.0,True
14181,75075,-96.7660152,33.0208930000001,603,1.0,True
14182,76086,-97.78581052,32.74811822,103,,True
14183,78861,-99.13448254,29.33462296,25,,False
14184,77030,-95.39628203,29.71455117,1220,1.0,True
14185,77433,-95.7322857999999,29.9864345,105,3.0,True
14186,77008,-95.4303355499999,29.81073566,260,3.0,True
14187,77494,-95.78625453,29.787311,208,3.0,True
14188,77024,-95.54675969,29.78144747,444,,True
14189,77338,-95.2761288899999,29.9955120400001,242,,True
14190,77401,-95.4612190399999,29.7238054200001,64,,False
14191,77584,-95.38867972,29.56350045,64,,True
14192,77450,-95.74579933,29.7757654800001,35,,False
14193,77089,-95.20742117,29.58248474,295,3.0,True
14194,77074,-95.5211531099999,29.6927180700001,543,,True
14195,77339,-95.25908591,30.0479438400001,10,,False
14196,77479,-95.6903726899999,29.5644022000001,179,,True
14197,77479,-95.63643615,29.5899031600001,6,,False
14198,77380,-95.4543419999999,30.1743354500001,397,3.0,True
14199,78629,-97.42934318,29.5175921100001,33,,True
14200,79360,-102.65487886,32.72162797,33,,True
14201,79029,-101.97055817,35.8644955600001,25,,False
14202,77979,-96.6323508199999,28.62030294,25,,True
14203,75149,-96.59849193,32.7784212,30,,False
14204,75149,-96.5986591,32.7781339100001,40,,False
14205,75203,-96.8260235499999,32.76037381,592,1.0,True
14206,75237,-96.87684862,32.6457618600001,314,3.0,True
14207,78229,-98.5724775899999,29.5082133000001,996,3.0,True
14208,78258,-98.47443477,29.61586221,242,3.0,True
14209,75001,-96.8293407099999,32.98467285,32,,False
14210,78026,-98.5262850999999,28.9329849700001,67,,True
14211,78258,-98.4923585,29.6282313200001,42,,False
14212,76063,-97.0944448399999,32.5679899400001,262,3.0,True
14213,75070,-96.7222958,33.17652529,23,,False
14214,76065,-96.9820021199999,32.4689565300001,46,,True
14215,75237,-96.8710240199999,32.6463377800001,50,,False
14216,75082,-96.66649032,32.9960815600001,269,,True
14217,75080,-96.72660111,32.9743165300001,174,,True
14218,76092,-97.14573427,32.9570420800001,54,,False
14219,78229,-98.57559924,29.51422403,383,,False
14220,78201,-98.54757258,29.4898639900001,120,,True
14221,78212,-98.4909839699999,29.44180343,378,,True
14222,78643,-98.67765575,30.7426496200001,25,,True
14223,77627,-93.9868765799999,29.9555985800001,48,,True
14224,77701,-94.1253149299999,30.0695353300001,30,,False
14225,79701,-102.09950331,31.99592009,540,3.0,True
14226,78572,-98.31431722,26.1963482,297,,True
14227,78235,-98.43848672,29.3447885100001,110,,True
14228,79512,-100.87593459,32.4064373100001,25,,True
14229,76252,-97.38032336,33.65395734,18,,True
14230,79347,-102.72867705,34.2212693000001,25,,True
14231,75965,-94.65387312,31.6531443100001,161,,True
14232,75961,-94.6488773899999,31.6126410900001,210,3.0,True
14233,75110,-96.5035989199999,32.0836312800001,162,,True
14234,78130,-98.0951514,29.7351397300001,40,,False
14235,77380,-95.4606594699999,30.1723723900001,21,,False
14236,77384,-95.46018014,30.1887497700001,54,,False
14237,77090,-95.449853,30.0269440000001,24,,False
14238,76255,-97.73270103,33.77727442,22,,True
14239,78758,-97.7062274,30.41148803,395,,True
14240,78258,-98.49142829,29.6203791,443,3.0,True
14241,75231,-96.7713631999999,32.87528905,23,,False
14242,79567,-99.95913544,31.94922151,25,,True
14243,76240,-97.1627319,33.6463626400001,60,,True
14244,78217,-98.42905798,29.519597,347,,False
14245,78233,-98.3482613099999,29.5524645200001,207,,True
14246,78731,-97.75171622,30.35051386,8,,False
14247,79106,-101.92023474,35.19966943,385,3.0,True
14248,79119,-101.93637557,35.1736525200001,4,,False
14249,77469,-95.77093702,29.57632884,168,,True
14250,77469,-95.71392609,29.55515331,61,,True
14251,77488,-96.1175046399999,29.32856983,45,,True
14252,79070,-100.798789,36.3698858500001,25,,True
14253,79761,-102.36420301,31.8517284700001,211,,True
14254,78119,-97.87825546,28.8506567000001,25,,True
14255,75247,-96.86960835,32.8259201700001,39,,False
14256,77465,-96.21422746,28.7169263600001,17,,True
14257,75801,-95.6272275599999,31.73259668,90,,True
14258,75801,-95.6443699599999,31.7384786000001,70,,True
14259,76067,-98.14509078,32.79892076,74,,True
14260,75013,-96.6764302999999,33.11307427,40,,False
14261,77707,-94.13788905,30.0774179100001,61,,False
14262,77598,-95.1200485799999,29.5432769400001,45,,False
14263,77598,-95.11751,29.5477444000001,60,,False
14264,78401,-97.39569714,27.7894153300001,40,,False
14265,77338,-95.279015,29.9920682000001,46,,False
14266,75080,-96.7268630999999,32.9743457000001,16,,False
14267,78665,-97.6483238499999,30.5636703800001,40,,False
14268,77904,-97.02265217,28.8557836000001,26,,True
14269,78401,-97.39524168,27.7893791400001,19,,False
14270,78404,-97.39474791,27.7778200500001,22,,True
14271,75904,-94.74084706,31.3362899800001,26,,True
14272,78648,-97.6550844,29.67408592,34,,True
14273,78130,-98.1027418899999,29.7292693700001,32,,False
14274,78249,-98.5915482,29.5902007,26,,False
14275,78240,-98.5896663,29.5266002400001,62,,False
14276,75503,-94.07103727,33.4652835700001,30,,False
14277,77904,-97.02196107,28.85499709,22,,True
14278,77901,-96.99883805,28.8079826800001,23,,True
14279,77901,-96.97778632,28.8128289900001,20,,True
14280,79065,-100.96479647,35.5724721600001,109,,True
14281,75460,-95.54760763,33.68773479,154,3.0,True
14282,75235,-96.8380909099999,32.81065535,882,1.0,True
14283,79096,-100.27035969,35.43933961,16,,True
14284,76667,-96.48093746,31.6752886,58,,False
14285,79035,-102.72182424,34.6442741600001,25,,True
14286,77521,-94.9029285999999,29.8221352,5,,True
14287,79735,-102.88040737,30.9053793100001,25,,True
14288,79714,-102.54598999,32.33804336,36,,True
14289,78028,-99.1528689,30.0434659900001,124,,True
14290,79106,-101.91869015,35.20661691,21,,False
14291,79124,-101.91277954,35.21042221,19,,False
14292,79027,-102.31595991,34.55609028,17,,True
14293,79902,-106.5022513,31.77347373,32,,False
14294,78041,-99.49195932,27.5563704200001,12,,False
14295,79778,-101.93536606,31.2328878700001,15,,True
14296,76932,-101.46101755,31.2040125400001,7,,True
14297,75020,-96.55128107,33.77021768,21,,False
14298,75090,-96.61390083,33.65672268,4,,False
14299,78377,-97.2798611699999,28.3067966300001,20,,True
14300,78539,-98.20633362,26.25518708,46,,False
14301,78130,-98.06999717,29.72200582,128,,True
14302,77434,-96.3452847,29.5877585800001,25,,True
14303,78503,-98.2207737699999,26.1863624900001,320,3.0,True
14304,77027,-95.4450385,29.73106698,55,,False
14305,79556,-100.39731666,32.45321238,86,,True
14306,78681,-97.7136083999999,30.51110777,175,2.0,True
14307,75948,-93.86296451,31.33380873,25,,True
14308,76054,-97.18803686,32.8430169100001,23,,False
14309,79720,-101.49167553,32.2363778500001,146,,True
14310,76936,-100.60299406,30.8630019400001,14,,True
14311,77338,-95.27622266,29.99867547,44,,False
14312,76201,-97.16784483,33.2199409200001,44,,True
14313,75010,-96.8648597499999,33.04566135,60,,False
14314,75246,-96.78029041,32.79026509,26,,True
14315,75601,-94.73066699,32.5005119100001,32,,True
14316,76548,-97.68292543,31.07260368,83,,True
14317,76380,-99.24869746,33.5901706600001,25,,True
14318,79079,-100.24811937,35.1989674000001,25,,True
14319,76903,-100.43489316,31.4652478400001,333,3.0,True
14320,76904,-100.46981405,31.4182765400001,171,3.0,True
14321,76905,-100.40244377,31.4717117000001,108,,False
14322,76901,-100.51827933,31.4303477,40,,False
14323,77550,-94.77699095,29.3094949000001,30,,False
14324,78550,-97.6727452599999,26.1598265700001,41,,False
14325,78520,-97.50988921,25.9738093400001,41,,False
14326,78503,-98.2257800899999,26.1865964400001,53,,True
14327,79416,-101.92845837,33.60288984,66,,False
14328,78503,-98.1903685999999,26.2620492500001,134,,False
14329,78539,-98.1826665999999,26.2611905300001,235,,True
14330,78503,-98.2183074,26.1838146000001,60,,True
14331,78503,-98.22594544,26.1869500500001,431,2.0,True
14332,78526,-97.5105602199999,25.9806431600001,40,,False
14333,78258,-98.47736715,29.61325343,30,,False
14334,78414,-97.37554712,27.68604136,33,,True
14335,77379,-95.51194911,30.0709755500001,12,,False
14336,78626,-97.6887124799999,30.62609475,114,,True
14337,78705,-97.7260463699999,30.2898922100001,371,,True
14338,78705,-97.72498576,30.28968932,64,,True
14339,78704,-97.77459614,30.2259300600001,368,2.0,True
14340,78681,-97.69045862,30.47714096,46,,False
14341,77002,-95.36614814,29.74811613,744,3.0,True
14342,77802,-96.3459729099999,30.6561370100001,235,2.0,True
14343,78229,-98.5749108699999,29.5125494100001,287,,False
14344,77070,-95.56761826,29.98914519,106,,True
14345,77384,-95.4573865199999,30.2032953400001,30,,False
14346,77505,-95.1622144,29.6410979400001,61,,True
14347,77478,-95.62032464,29.60445437,100,,False
14348,77384,-95.45813315,30.2057017700001,241,,True
14349,78945,-96.87624706,29.9357528,65,,True
14350,77479,-95.6243564,29.5981021000001,7,,False
14351,78582,-98.85835917,26.3764321100001,48,,True
14352,78840,-100.90590004,29.40005854,4,,False
14353,78852,-100.4759701,28.7204202,4,,False
14354,78045,-99.4696117999999,27.6134896,4,,False
14355,76424,-98.88721085,32.75395574,40,,True
14356,79502,-100.2291844,33.15056005,20,,True
14357,77479,-95.64269436,29.58725739,41,,False
14358,77504,-95.1779565099999,29.65912193,37,,False
14359,77480,-95.69183141,29.04783467,20,,False
14360,79088,-101.75560512,34.5359595800001,20,,True
14361,75503,-94.0756593,33.458111,4,,False
14362,77030,-95.4016526299999,29.7077784800001,737,1.0,True
14363,77384,-95.4575739699999,30.2005193000001,74,,True
14364,77094,-95.69305012,29.78775625,86,,True
14365,76012,-97.11581999,32.7488972900001,369,,True
14366,75093,-96.83176815,33.0440705600001,18,,False
14367,76244,-97.30991228,32.93068061,151,3.0,True
14368,76020,-97.5330986499999,32.88096648,36,,True
14369,76033,-97.4385603699999,32.33199753,137,,True
14370,76104,-97.33899698,32.73675567,707,2.0,True
14371,76022,-97.1231367,32.8351549700001,252,3.0,True
14372,76092,-97.1281399699999,32.9395134800001,17,,False
14373,76132,-97.42107595,32.6578356100001,207,,True
14374,76401,-98.20439992,32.2229638800001,98,,True
14375,76012,-97.1156069799999,32.7488153200001,47,,True
14376,76109,-97.40212717,32.7072748200001,54,,False
14377,75033,-96.838899,33.1813799,63,,False
14378,76063,-97.09949118,32.53675421,59,,True
14379,75032,-96.46622551,32.8842895000001,60,,True
14380,76028,-97.31695511,32.58662808,327,,True
14381,75013,-96.67310105,33.1159773200001,88,,True
14382,75231,-96.76243766,32.8811341800001,875,2.0,True
14383,76201,-97.16658896,33.21761538,255,,True
14384,75028,-97.0677567399999,33.0455189900001,99,,True
14385,75142,-96.3185202499999,32.59216961,91,,True
14386,75093,-96.83647095,33.0436635500001,338,2.0,True
14387,76104,-97.33988601,32.73670911,15,,True
14388,75231,-96.76226157,32.87687764,9,,False
14389,78745,-97.80737637,30.18930118,47,,False
14390,77030,-95.4090686,29.70021194,49,,False
14391,76015,-97.11936982,32.68212164,40,,False
14392,76104,-97.34137684,32.74074231,66,,False
14393,76248,-97.25352434,32.9224284200001,36,,False
14394,77327,-95.0853071,30.34178279,12,,False
14395,75219,-96.81431331,32.8019769000001,100,,True
14396,75093,-96.85401854,33.03172907,26,,False
14397,78224,-96.83973141,32.81198031,325,,True
14398,75020,-96.58508703,33.70971782,333,3.0,True
14399,75056,-96.8852838,33.0661757,2,,False
14400,78412,-97.3454135599999,27.6932807000001,152,3.0,True
14401,78411,-97.38919228,27.75277054,250,,False
14402,78410,-97.63542317,27.85491733,89,,False
14403,78413,-97.34576165,27.6927345400001,72,,True
14404,78746,-97.82458178,30.2953213800001,23,,False
14405,79938,-106.26450553,31.79037063,182,3.0,True
14406,79928,-106.20802371,31.68185462,8,,True
14407,79902,-106.49987345,31.77100376,480,3.0,True
14408,79934,-106.40669076,31.9377937900001,8,,False
14409,79902,-106.48086745,31.7774924300001,283,,True
14410,79902,-106.4774909,31.7804314000001,23,,False
14411,79911,-106.56496276,31.9045744800001,108,,True
14412,77640,-93.98953453,29.9355020300001,204,,True
14413,77706,-94.16975617,30.1121411,12,,False
14414,77802,-96.29771227,30.6503293800001,16,,False
14415,77054,-95.4024042299999,29.6929502200001,403,,True
14416,76483,-99.17664894,33.1899041400001,14,,True
14417,77030,-95.39403896,29.7093368000001,134,,False
14418,75455,-94.97117494,33.1755993900001,174,3.0,True
14419,75090,-96.6133592799999,33.66354355,60,,False
14420,75418,-96.1666458299999,33.57832798,25,,True
14421,77090,-95.44394499,30.0188957,15,,True
14422,77338,-95.2524783,30.00477713,5,,False
14423,75048,-96.57922094,32.9524838900001,32,,
14424,76063,-97.13992308,32.5903414000001,10,,False
14425,79415,-101.90315704,33.61709402,93,,False
14426,75701,-95.2908500199999,32.3426274300001,51,,True
14427,75979,-94.42763632,30.7760358200001,49,,True
14428,77091,-95.40845777,29.8478127700001,117,,True
14429,77090,-95.44076914,30.01436876,16,,False
14430,77478,-95.6361437,29.6051324000001,6,,False
14431,76301,-98.5019807899999,33.90243058,275,2.0,True
14432,78229,-98.57833704,29.50700957,1034,1.0,True
14433,79415,-101.89129851,33.58796714,495,1.0,True
14434,79905,-106.4353552,31.7716110900001,354,1.0,True
14435,76017,-97.11791224,32.6798094100001,34,,False
14436,75751,-95.8462337,32.1694447,127,,True
14437,75633,-94.34659601,32.1658826,42,,True
14438,75652,-94.79561836,32.1609500000001,96,,True
14439,75766,-95.27039992,31.9602855000001,72,,True
14440,75701,-95.29103688,32.3383556800001,36,,True
14441,75686,-94.95905399,33.0330459800001,25,,True
14442,75783,-95.4429181899999,32.79706946,25,,True
14443,75701,-95.291956,32.33688776,49,,True
14444,75701,-95.2907681999999,32.3384795200001,424,1.0,True
14445,78801,-99.76783721,29.2141196700001,25,,True
14446,78840,-100.89266353,29.3749627600001,93,,True
14447,78550,-97.66995665,26.17496484,578,2.0,True
14448,78520,-97.51069655,25.91784806,240,3.0,True
14449,78596,-98.00048908,26.17183887,8,,False
14450,78526,-97.51480112,25.9776129900001,214,3.0,True
14451,75140,-95.72255745,32.67939133,49,,True
14452,79124,-101.92669261,35.194149,37,,False
14453,75080,-96.7271198399999,32.97413807,20,,False
14454,79106,-101.92086497,35.2067049500001,44,,False
14455,75115,-96.88347894,32.64465296,40,,False
14456,79241,-101.44124526,34.12707748,25,,True
14457,75501,-94.04762712,33.42891417,370,3.0,True
14458,79756,-102.88318683,31.59378429,25,,False
14459,78640,-97.85628014,30.00839095,40,,False
14460,78229,-98.58695815,29.5139089900001,65,,True
14461,78247,-98.4448548399999,29.5763655600001,34,,False
14462,78251,-98.68457631,29.4519078500001,40,,False
14463,76086,-97.78774264,32.7506214200001,26,,False
14464,78596,-97.97707053,26.1510039,32,,True
14465,76384,-99.3151605099999,34.15861525,28,,True
14466,75092,-96.62382165,33.6370973900001,214,3.0,True
14467,79745,-103.09056262,31.8495920600001,19,,True
14468,77665,-94.37646869,29.81969711,25,,True
14469,76177,-97.31290555,32.8968779900001,24,,True
14470,76226,-97.20472606,33.1321371400001,12,,False
14471,76234,-97.59766081,33.21781285,51,,True
14472,78539,-98.2030975499999,26.25267437,151,,False
14473,75904,-94.75405884,31.3283994700001,149,,True
14474,77386,-95.44302258,30.13090069,6,,False
14475,77995,-97.12915909,29.30695852,23,,True
14476,79323,-102.8358621,32.96857601,24,,True
14477,78041,-99.4768101499999,27.53690664,16,,False
14478,78028,-99.1605226999999,30.0441271,16,,False
14479,77301,-95.464102,30.3099726,16,,False
14480,77030,-95.39433336,29.7111851500001,16,,False
14481,79072,-101.73259105,34.20654009,20,,True
14482,78731,-97.74839994,30.3059214900001,147,,False
14483,78705,-97.72434617,30.28852104,58,,True
14484,78745,-97.7923757899999,30.2115959700001,80,,False
14485,77081,-95.47341614,29.7079822100001,124,,False
14486,76502,-97.3693191999999,31.0591664,102,,False
14487,75010,-96.8686072099999,33.04591729,78,,False
14488,75092,-96.63473332,33.6700040000001,28,,False
14489,76513,-97.47680697,31.02135915,68,,False
14490,78229,-98.57619951,29.52010675,66,,False
14491,78754,-97.6772294799999,30.338202,90,,False
14492,77090,-95.44534571,30.0245794000001,128,,False
14493,75115,-96.87476008,32.6424243000001,116,,False
14494,77573,-95.10672113,29.5068356,44,,False
14495,75093,-96.79205068,33.0135206300001,24,,True
14496,75024,-96.8017993,33.0707901000001,54,,False
14497,79902,-106.47595339,31.7803651,166,,False
14498,75042,-96.66210319,32.91977573,72,,True
14499,78626,-97.68063183,30.6149017700001,118,,False
14500,75402,-96.08228748,33.1236960300001,54,,False
14501,75034,-96.83785811,33.15113861,70,,False
14502,75115,-96.86491473,32.6282389300001,86,,False
14503,77080,-95.54631033,29.82342556,163,,False
14504,77090,-95.44027493,30.0236562600001,90,,False
14505,77339,-95.2299841399999,30.0444976200001,116,,False
14506,78259,-98.437893493,29.603219478,208,,False
14507,77429,-95.66277086,30.02427992,24,,False
14508,77058,-95.116592,29.5548362000001,92,,False
14509,75251,-96.77126529,32.9128044300001,124,,True
14510,76123,-97.41289763,32.6398134,72,,False
14511,76011,-97.11322999,32.7508519300001,134,,False
14512,78259,-98.438367736,29.603439134,80,,False
14513,77301,-95.44511056,30.3357827900001,100,,False
14514,79602,-99.739311,32.3999670000001,92,,False
14515,79124,-101.9270551,35.1941820000001,28,,False
14516,77450,-95.74854047,29.7779641000001,48,,False
14517,75605,-94.73455975,32.5373345100001,24,,False
14518,75904,-94.7457387599999,31.30707384,24,,False
14519,77505,-95.1700084999999,29.6508561000001,22,,False
14520,79706,-102.22216481,31.9228750400001,64,,False
14521,76712,-97.1642517399999,31.4875737400001,48,,False
14522,78550,-97.67216229,26.16357422,94,,False
14523,76001,-97.17785112,32.6279979600001,88,,False
14524,75042,-96.6701169,32.9134020000001,100,,False
14525,76301,-98.50134063,33.9063072500001,96,,False
14526,79912,-106.5735232,31.87989416,80,,False
14527,76901,-100.51023302,31.4472743600001,80,,False
14528,78626,-97.67346489,30.6060406500001,72,,False
14529,77059,-95.14260386,29.62414628,20,,False
14530,78240,-98.60500128,29.5162952700001,198,,False
14531,77054,-95.40108121,29.69058843,148,,False
14532,79423,-101.80750276,33.5729416400001,30,,False
14533,75093,-96.83509622,33.0432927900001,48,,True
14534,76022,-97.1224690499999,32.8345883700001,70,,True
14535,78745,-97.80627944,30.18944156,32,,False
14536,77035,-95.45758019,29.64637014,120,,False
14537,76201,-97.15644671,33.2312854,104,,False
14538,76132,-97.41917002,32.68022009,48,,False
14539,75093,-96.776953,33.0058064200001,48,,False
14540,77074,-95.4980839999999,29.7092513700001,160,,False
14541,77407,-95.76104056,29.6943402200001,72,,False
14542,77384,-95.5399040999999,30.2291129000001,96,,False
14543,00801,-64.9147169999999,18.340605,169,,True
14544,00820,-64.751478,17.733195,188,,False
14545,84094,-111.85478726,40.6048200500001,84,,False
14546,84403,-111.94125871,41.15729915,40,,False
14547,84087,-111.89552037,40.8777639200001,84,,False
14548,84057,-111.70842764,40.3299345500001,58,,False
14549,84047,-111.89670948,40.6177431400001,83,,False
14550,84115,-111.87811764,40.72827047,14,,False
14551,84097,-111.66379561,40.31066902,80,,False
14552,84106,-111.87281364,40.6880877,118,,False
14553,84117,-111.85104608,40.6732681,136,,False
14554,84605,-111.63531814,40.2348225100001,384,,False
14555,84075,-112.07920639,41.07540808,26,,False
14556,84107,-111.89328236,40.6795414700001,38,,False
14557,84604,-111.66258306,40.3054339600001,40,,False
14558,84010,-111.8709251,40.8848665,43,,False
14559,84113,-111.83880469,40.7712872600001,308,1.0,True
14560,84103,-111.8504304,40.77743651,45,,False
14561,84713,-112.64385878,38.28914945,25,,True
14562,84511,-109.48248614,37.6130664300001,11,,True
14563,84648,-111.83774056,39.73146216,25,,True
14564,84624,-112.56109583,39.3500517700001,18,,True
14565,84631,-112.34027697,38.9547774500001,19,,True
14566,84759,-112.42692227,37.82642874,15,,True
14567,84634,-111.81648659,39.15625599,25,,True
14568,84032,-111.40620107,40.4900050900001,19,,True
14569,84741,-112.52950899,37.05445725,25,,True
14570,84751,-113.00882607,38.4071628500001,23,,True
14571,84532,-109.55950411,38.5753041900001,17,,True
14572,84535,-109.34986961,37.87446806,25,,True
14573,84647,-111.46109508,39.5312366900001,18,,True
14574,84094,-111.85396144,40.57590515,69,,True
14575,84003,-111.7665992,40.3802910100001,89,,True
14576,84078,-109.53158478,40.45779908,39,,True
14577,84337,-112.18257693,41.7241487100001,16,,True
14578,84302,-112.02575567,41.49122715,49,,True
14579,84341,-111.82123039,41.7755664700001,28,,True
14580,84501,-110.83294009,39.60516705,39,,True
14581,84721,-113.06667487,37.69976036,48,,True
14582,84041,-111.99567307,41.0910451600001,220,,True
14583,84107,-111.89083643,40.6596899400001,510,1.0,True
14584,84088,-111.9749704,40.59036236,172,3.0,True
14585,84010,-111.86882034,40.8859425200001,125,3.0,True
14586,84041,-111.96883925,41.0518515200001,43,,True
14587,84143,-111.87974298,40.7793176800001,262,,True
14588,84341,-111.82218316,41.75568064,146,3.0,True
14589,84020,-111.88912606,40.53605987,32,,True
14590,84403,-111.95337329,41.18265762,319,2.0,True
14591,84043,-111.87854008,40.4253400000001,40,,True
14592,84651,-111.71428533,40.0440460300001,124,,True
14593,84074,-112.29726014,40.5667372300001,44,,True
14594,84405,-111.97038987,41.1643775100001,238,2.0,True
14595,84057,-111.70797404,40.3028854500001,24,,False
14596,84060,-111.46948225,40.6874543600001,37,,True
14597,84065,-111.97991419,40.52039747,97,,True
14598,84102,-111.86142333,40.7678912200001,158,,True
14599,84701,-112.08358252,38.78270065,29,,True
14600,84660,-111.6405947,40.1307672,33,,False
14601,84790,-113.55374282,37.09776694,284,2.0,True
14602,84124,-111.85714091,40.6859582700001,308,2.0,True
14603,84107,-111.88358076,40.6443838500001,40,,False
14604,84057,-111.71369113,40.3135936,122,,True
14605,84066,-109.99647035,40.3043850400001,49,,True
14606,84132,-111.83611302,40.7712730900001,977,1.0,True
14607,84604,-111.66580788,40.24792102,395,2.0,True
14608,05301,-72.5656183099999,42.8435127400001,61,,True
14609,05602,-72.5608256099999,44.2206642200001,122,,True
14610,05401,-73.1941205799999,44.4797397200001,562,1.0,False
14611,05487,-73.07251309,44.8077396200001,70,,False
14612,05701,-72.95526316,43.5982940900001,123,,True
14613,05201,-73.2076706399999,42.87418238,99,,True
14614,05661,-72.5914302899999,44.5534351800001,25,,False
14615,05353,-72.66784746,43.0488033400001,19,,False
14616,05060,-72.665489,43.9168395900001,25,,True
14617,05089,-72.40314886,43.4874961200001,35,,True
14618,05855,-72.20108185,44.9558025700001,25,,True
14619,05819,-72.00955799,44.44578692,25,,True
14620,05753,-73.16824244,44.0004308200001,25,,False
14621,05156,-72.4946523999999,43.29801947,25,,True
14622,05301,-72.56138763,42.8591714900001,149,,False
14623,05602,-72.564716,44.2226240000001,25,,False
14624,83702,-116.1902767,43.6212166500001,85,,False
14625,89502,-119.7996045,39.51636325,124,,False
14626,97239,-122.6839782,45.49718109,0,,True
14627,97471,-123.36718266,43.2241705600001,0,,False
14628,95655,-121.2964588,38.57296625,50,,False
14629,59636,-112.10178651,46.6186626100001,58,,False
14630,84148,-111.84055396,40.7573972500001,0,,True
14631,98108,-122.3077495,47.5624976,0,,False
14632,93703,-119.7779341,36.7725795000001,0,,False
14633,94121,-122.50497459,37.7822911900001,124,,True
14634,89086,-115.0945083,36.2851885000001,0,,False
14635,94304,-122.13978465,37.4053530200001,715,,False
14636,92357,-117.25006873,34.0502329600001,0,,False
14637,90073,-118.45275224,34.0527212700001,500,,True
14638,90822,-118.1189428,33.777569,0,,False
14639,81501,-108.5404727,39.0767571000001,0,,False
14640,86313,-112.45257508,34.55387325,0,,False
14641,92161,-117.23241926,32.8755580500001,256,,False
14642,85012,-112.06625305,33.49567218,0,,False
14643,82001,-104.78553222,41.14828213,0,,False
14644,85723,-110.9645064,32.1809812000001,0,,True
14645,80045,-104.8293191,39.7415896000001,0,,False
14646,87108,-106.58176736,35.05516799,0,,False
14647,57741,-103.47181513,44.4126772600001,0,,False
14648,79106,-101.90669398,35.20367399,55,,False
14649,57105,-96.75505857,43.5311018400001,0,,False
14650,58102,-96.77521876,46.9060101800001,0,,False
14651,67218,-97.27464126,37.6812338,81,,False
14652,73104,-97.49667171,35.4828151900001,0,,True
14653,68105,-95.9743764999999,41.24253129,0,,False
14654,66622,-95.72279545,39.0262321800001,196,,True
14655,66048,-94.8938356899999,39.27939624,204,,False
14656,75216,-96.79128946,32.69305631,292,,False
14657,64128,-94.5264144,39.0640641000001,157,,False
14658,74401,-95.4146643999999,35.76527571,0,,False
14659,78229,-98.57984558,29.50666476,268,,True
14660,76504,-97.34757981,31.07640423,177,,False
14661,50310,-93.66067216,41.6277514500001,51,,False
14662,55417,-93.20592013,44.90149015,0,,False
14663,72703,-94.160127,36.081419,78,,True
14664,65201,-92.32905785,38.93666726,126,,False
14665,52246,-91.54848851,41.6637023000001,93,,False
14666,77030,-95.38877345,29.69976575,349,,True
14667,71101,-93.722022,32.5030302700001,111,,False
14668,72205,-92.320213,34.7460360000001,538,,True
14669,63106,-90.23124854,38.64238456,356,,False
14670,53705,-89.43112581,43.0742477700001,0,,True
14671,38104,-90.02634368,35.1435207500001,280,,False
14672,62959,-88.9548159999999,37.72431427,225,,True
14673,39216,-90.16732631,32.32789016,210,,False
14674,53295,-87.97646349,43.020788968,0,,False
14675,60141,-87.84129591,41.8610986,450,,True
14676,60612,-87.67704148,41.87073782,240,,False
14677,70119,-90.08417201,29.9621957300001,120,,False
14678,39531,-88.9450439,30.4148783000001,0,,False
14679,46202,-86.18716442,39.77846306,197,,False
14680,37212,-86.80423925,36.14175705,493,,True
14681,40206,-85.696895,38.2702590000001,109,,False
14682,35233,-86.8013461199999,33.5044482600001,313,,True
14683,46805,-85.1095178799999,41.0907864600001,26,,False
14684,45220,-84.50819455,39.13941364,268,,False
14685,40502,-84.506404,38.0298040000001,0,,True
14686,45428,-84.2645845599999,39.74265668,460,,True
14687,48105,-83.71464059,42.28669332,102,,False
14688,48201,-83.05919812,42.3557221500001,62,,True
14689,30033,-84.311425,33.801861,466,,False
14690,25704,-82.517463311,38.376788877,0,,True
14691,37684,-82.37020633,36.30913796,0,,False
14692,28805,-82.4835408499999,35.5886137900001,119,,False
14693,44106,-81.61370354,41.51325639,585,,False
14694,25801,-81.19320077,37.7649654800001,0,,True
14695,30904,-82.025447,33.464616,0,,False
14696,32025,-82.63605347,30.18182054,180,,False
14697,26301,-80.36212141,39.2697341200001,0,,True
14698,15240,-79.96172439,40.4467792400001,146,,False
14699,29209,-80.9588998099999,33.9751419300001,0,,False
14700,32608,-82.34466908,29.63769848,222,,False
14701,28144,-80.48815776,35.6841998400001,159,,True
14702,24153,-80.01844528,37.2739603900001,288,,False
14703,33744,-82.7785459999999,27.81021638,0,,False
14704,33612,-82.42927702,28.0644091,93,,False
14705,14215,-78.8121503899999,42.9510926300001,199,,False
14706,29401,-79.95400559,32.7841740100001,98,,False
14707,27705,-78.93883233,36.00951207,151,,False
14708,25405,-77.91111267,39.4177114500001,0,,True
14709,23249,-77.46768488,37.49807429,273,,True
14710,20422,-77.010732,38.9289230000001,0,,False
14711,33410,-80.11247524,26.7849280300001,236,,False
14712,21201,-76.62455811,39.2896495900001,100,,False
14713,17042,-76.39712392,40.3173118600001,213,,False
14714,33125,-81.3217761399999,28.58035971,0,,False
14715,13210,-76.13895418,43.0388312000001,106,,False
14716,23667,-76.33225686,37.01535819,485,,False
14717,18711,-75.8359693099999,41.2481042800001,161,,False
14718,19805,-75.606352,39.740166,62,,False
14719,19104,-75.19986732,39.9483470000001,0,,False
14720,07018,-74.2361401799999,40.7525336900001,439,,False
14721,11209,-74.02418643,40.6079228500001,171,,False
14722,10010,-73.9770792699999,40.7368814700001,0,,False
14723,10468,-73.90638209,40.8673486600001,311,,False
14724,12208,-73.7719446,42.6508081800001,67,,False
14725,11768,-73.30869305,40.89367574,63,,True
14726,06516,-72.96120653,41.28184028,216,,False
14727,05001,-72.3425365699999,43.64849322,0,,False
14728,02908,-71.43314954,41.83213908,0,,False
14729,02132,-71.17169802,42.2746273000001,448,,False
14730,04330,-69.70435212,44.2804620800001,0,,True
14731,00921,-66.0793354799999,18.3903941400001,209,,False
14732,23602,-76.51167193,37.14447262,123,,True
14733,22903,-78.54971534,38.0515001200001,40,,False
14734,23114,-77.6586395099999,37.46669461,130,,False
14735,23851,-76.9375037299999,36.6915429800001,105,,True
14736,23847,-77.53768307,36.7015760400001,80,,True
14737,23805,-77.35925387,37.18249302,300,3.0,True
14738,24151,-79.89034788,36.9940482100001,37,,True
14739,24134,-80.71302141,37.3330790700001,25,,True
14740,24073,-80.5054411099999,37.08910231,146,3.0,True
14741,24013,-79.9392059199999,37.26607749,197,,False
14742,24014,-80.72250418,37.32222391,703,1.0,True
14743,24450,-79.4409549599999,37.7785170700001,25,,True
14744,24651,-81.48895155,37.1238875000001,56,,True
14745,22560,-76.87887582,37.9012459800001,67,,True
14746,24503,-79.18779398,37.4382583300001,36,,False
14747,22903,-78.49868708,38.0313398000001,643,1.0,True
14748,22939,-78.98683733,38.0945244100001,244,,True
14749,24273,-82.6419751399999,36.93295679,129,,True
14750,24266,-82.0787843799999,36.89871348,78,,True
14751,24354,-81.4883674499999,36.85202553,44,,True
14752,24273,-82.6254642499999,36.94446004,168,,True
14753,24445,-79.8320306099999,37.9929072,25,,True
14754,24614,-82.06553917,37.2852789200001,134,,True
14755,24523,-79.51751849,37.3514029,50,,True
14756,23116,-77.38651607,37.6284154800001,225,,True
14757,23223,-77.4069398399999,37.54016604,104,,False
14758,23226,-77.69623495,37.51019015,391,,False
14759,23505,-76.28162015,36.89948466,175,,True
14760,23707,-76.34743187,36.8366363600001,346,,True
14761,24014,-79.94254375,37.25119819,752,1.0,True
14762,24502,-79.1692269,37.4136928,534,,False
14763,24501,-79.1715779899999,37.41701527,358,2.0,True
14764,24503,-79.18784233,37.43789546,561,,False
14765,23901,-78.40431589,37.3026795500001,116,,True
14766,23320,-76.24603947,36.7455092500001,310,,True
14767,23507,-76.3016762299999,36.86252074,206,1.0,True
14768,23970,-78.13344839,36.73360094,70,,False
14769,22042,-77.2276801199999,38.85819852,1043,1.0,True
14770,22304,-77.10553472,38.82212364,312,,True
14771,22033,-77.37984899,38.88458862,204,,True
14772,20176,-77.47802201,39.0739514200001,323,3.0,True
14773,22306,-77.0770461,38.7397300700001,249,,True
14774,24211,-81.91212146,36.72291339,140,,True
14775,23502,-76.20623768,36.86713036,104,,False
14776,22401,-77.4832286,38.3115218900001,981,2.0,True
14777,22554,-77.40720772,38.41525697,210,,True
14778,24228,-82.44904833,37.16067851,25,,True
14779,20169,-77.64280762,38.82079041,60,,True
14780,22701,-78.01334457,38.45523117,70,,True
14781,20110,-77.4875262199999,38.76731361,150,,True
14782,22482,-76.38749461,37.70122087,35,,True
14783,23417,-75.86407258,37.4754289300001,52,,True
14784,23185,-76.6683811999999,37.2508954800001,40,,True
14785,23601,-76.48303428,37.0642434600001,576,2.0,True
14786,23061,-76.54177578,37.41981658,67,,True
14787,22801,-78.8554729699999,38.40478676,297,,True
14788,24592,-78.91455143,36.7121151200001,192,,False
14789,22911,-78.44438962,38.02258118,176,,True
14790,23454,-76.0264938,36.86457361,320,3.0,True
14791,23666,-76.39033356,37.05729223,224,,True
14792,23502,-76.1896294699999,36.8508426700001,532,,True
14793,23507,-76.30414519,36.86278106,35,,True
14794,23507,-76.3028441599999,36.86217987,907,1.0,True
14795,23434,-76.5811111799999,36.7733146800001,255,,True
14796,23456,-76.09801829,36.7752182300001,221,,True
14797,23188,-76.7408918,37.33632098,180,,True
14798,22191,-77.28634942,38.6370725400001,239,3.0,True
14799,23114,-77.65896759,37.4668081500001,28,,False
14800,23116,-77.38713225,37.6276713300001,40,,True
14801,22664,-78.51268401,38.8702953000001,25,,True
14802,22835,-78.468518,38.6632500000001,25,,True
14803,22601,-78.1932250999999,39.1942808100001,545,2.0,True
14804,22630,-78.19835145,38.9303431000001,60,,True
14805,23298,-77.43045934,37.5406119100001,815,1.0,False
14806,22205,-77.1272776599999,38.88888179,465,2.0,False
14807,23233,-77.65653638,37.65977739,114,,False
14808,23225,-77.526454965,37.5138470640001,0,1.0,True
14809,23220,-77.47311854,37.5539129800001,226,,False
14810,23235,-77.5949411399999,37.5106882800001,292,3.0,True
14811,24201,-82.21682765,36.5970718,25,,False
14812,22408,-77.4959513599999,38.21751607,155,,True
14813,24457,-79.8812189,37.7921888000001,210,,True
14814,23225,-77.52658042,37.5143790380001,853,2.0,True
14815,24641,-81.82028185,37.09471726,150,,True
14816,23124,-76.97854052,37.5463599600001,94,,False
14817,24541,-79.40545975,36.5777138500001,250,,False
14818,22044,-77.1580785,38.8700868500001,116,,False
14819,20105,-77.5528218699999,38.9391260400001,60,,False
14820,22903,-78.52507479,38.0249236500001,50,,False
14821,20186,-77.8090620999999,38.7127659600001,109,,True
14822,22401,-77.48699277,38.3126122200001,58,,False
14823,23601,-76.4825701199999,37.06449231,25,,False
14824,23860,-77.29126387,37.3080377700001,178,,True
14825,23226,-77.50671264,37.58594398,40,,False
14826,23805,-77.36406019,37.1846693100001,64,,False
14827,23294,-77.52602103,37.63171005,340,,False
14828,23502,-76.18945815,36.85308888,82,,True
14829,24060,-80.4110117,37.1872063700001,184,3.0,True
14830,24153,-80.0316691,37.2633323700001,532,3.0,True
14831,23603,-76.5832501,37.2046345000001,132,,False
14832,20176,-77.5467383499999,39.144816,100,,False
14833,23188,-76.73188735,37.31486161,66,,False
14834,23805,-77.3593966399999,37.18733523,208,,False
14835,24301,-80.7572826099999,37.0681752200001,162,,True
14836,20190,-77.364166,38.96222355,369,2.0,True
14837,23693,-76.4545305999999,37.1214431000001,50,,False
14838,24112,-79.8671804699999,36.69924359,220,,True
14839,20166,-77.54272258,38.94013168,132,,True
14840,24333,-80.9239287,36.67066197,141,,True
14841,23454,-76.0283735799999,36.8662392300001,100,,False
14842,23230,-77.4907328099999,37.59062605,60,,False
14843,24382,-81.09711541,36.95444682,92,,True
14844,99022,-117.69395068,47.5731456300001,317,,False
14845,98431,-122.55227019,47.1086697800001,222,2.0,True
14846,98204,-122.27631786,48.49608592,6,,True
14847,98841,-119.54652587,48.39656746,23,,True
14848,98405,-122.44817489,47.24599096,366,2.0,True
14849,98584,-123.11441495,47.2258908900001,27,,True
14850,98356,-122.28035439,46.55567481,17,,False
14851,98065,-121.82645487,47.5144995800001,28,,True
14852,99362,-118.35850332,46.0535534100001,102,,False
14853,98816,-120.00961263,47.8449701800001,29,,False
14854,98855,-119.43873125,48.7070018900001,18,,True
14855,98624,-124.04263083,46.3114343,8,,True
14856,98586,-123.81229122,46.6628208400001,10,,True
14857,99111,-117.37604976,46.8689303100001,21,,True
14858,98672,-121.47053068,45.7223792400001,13,,True
14859,98433,-122.57849604,47.1333005600001,203,,False
14860,99207,-117.40672503,47.7097544200001,241,3.0,True
14861,99159,-118.68250448,47.33118914,25,,False
14862,99344,-119.15526146,46.8304088300001,14,,True
14863,98632,-122.9417492,46.1306936300001,87,3.0,True
14864,98273,-122.32404309,48.4178696800001,120,3.0,True
14865,99109,-117.71089437,48.27787863,23,,True
14866,98807,-120.32103051,47.4066046500001,176,3.0,True
14867,99169,-118.37188656,47.1212188200001,16,,True
14868,99336,-119.11921669,46.19924546,74,3.0,True
14869,98926,-120.53789634,46.98709397,25,,True
14870,98620,-120.81110601,45.82018033,15,,True
14871,99301,-119.09538616,46.2350256,25,,True
14872,99163,-117.16980597,46.7123882400001,25,,True
14873,99362,-118.34319698,46.0622276500001,142,3.0,True
14874,99210,-117.42343611,47.6518002400001,262,3.0,True
14875,99220,-117.41359539,47.649213,701,,True
14876,99204,-117.42567116,47.6509024100001,32,,False
14877,98668,-122.58072696,45.6244375100001,234,2.0,True
14878,98114,-122.32162109,47.60866127,623,,False
14879,99216,-117.23547093,47.67076432,123,3.0,True
14880,99205,-117.47769596,47.70247292,132,,False
14881,99202,-117.40904805,47.64903536,70,3.0,False
14882,98002,-122.22903574,47.3089135500001,161,3.0,True
14883,98105,-122.28208299,47.66256824,360,,False
14884,98948,-120.31705751,46.37084485,40,,True
14885,98195,-122.30926063,47.65085814,419,,False
14886,98223,-122.11894584,48.18891955,30,,True
14887,98201,-122.20570946,47.9998937500001,571,3.0,True
14888,98033,-122.17840117,47.7158910900001,216,3.0,True
14889,99166,-118.73140091,48.65304137,13,,True
14890,98055,-122.21396534,47.4427780500001,285,3.0,True
14891,98168,-122.36617183,47.53407121,28,,False
14892,98020,-122.33435705,47.8032162800001,176,,True
14893,98498,-122.56573498,47.17831999,857,,False
14894,98812,-119.78263286,48.10622607,10,,True
14895,98383,-122.67509022,47.6567295200001,68,3.0,True
14896,99133,-119.00759291,47.94244952,25,,True
14897,99350,-119.76391148,46.20809196,25,,True
14898,98531,-122.98558057,46.71240448,128,,True
14899,98848,-119.86817224,47.2309067,10,,True
14900,98801,-120.32308664,47.4335292800001,11,,False
14901,99156,-117.0491978,48.1824222000001,24,,True
14902,99347,-117.60294818,46.47549923,25,,True
14903,98826,-120.6607868,47.5944512,9,,True
14904,98823,-119.54642775,47.31449422,25,,True
14905,99328,-117.97025385,46.31210478,16,,True
14906,98331,-124.392588,47.9462073400001,16,,True
14907,98520,-123.84718595,46.9792355800001,43,3.0,True
14908,98221,-122.61566679,48.5019287600001,43,2.0,True
14909,98368,-122.78927319,48.10604332,39,,True
14910,99352,-119.28195598,46.2813433800001,300,3.0,True
14911,99122,-118.14535981,47.65792772,25,,True
14912,99114,-117.89274847,48.54067179,41,,True
14913,98362,-123.11119594,48.0895533500001,67,3.0,True
14914,98225,-122.47297944,48.77326836,179,2.0,True
14915,98837,-119.26518871,47.1281632500001,50,3.0,True
14916,98944,-120.00668176,46.3224796000001,37,,True
14917,99403,-117.05476129,46.40255369,25,,True
14918,98310,-122.62504593,47.5831533,212,3.0,True
14919,98405,-122.45286777,47.2598113500001,82,,True
14920,98239,-122.6843268,48.21389329,25,,True
14921,98101,-122.3278668,47.60977668,259,,False
14922,98502,-122.9517868,47.0427309200001,74,,True
14923,99352,-119.28130749,46.2831274100001,44,,True
14924,98168,-122.29597858,47.4877049,137,,False
14925,98107,-122.37954969,47.66737354,103,,False
14926,98108,-122.30802566,47.5632310300001,71,,False
14927,98104,-122.32398892,47.6038601500001,396,1.0,True
14928,98133,-122.33689538,47.71417239,186,,True
14929,98004,-122.18717515,47.6204913500001,263,3.0,True
14930,98902,-120.54794655,46.5937452100001,226,3.0,True
14931,98034,-122.20427341,47.71912215,134,,False
14932,98272,-121.989970073,47.864139514,31,,True
14933,98372,-122.28953,47.17918,361,3.0,True
14934,98122,-122.31059795,47.60772122,246,,False
14935,98022,-121.98774708,47.2091757600001,28,,True
14936,98112,-122.31205809,47.6199818800001,44,,False
14937,98166,-122.34321222,47.45743559,124,,True
14938,98125,-122.32114259,47.7066268200001,80,,False
14939,98506,-122.84738645,47.0529419100001,339,3.0,True
14940,98499,-122.50204,47.1543100000001,103,,False
14941,98003,-122.32739235,47.2926977500001,112,,False
14942,98686,-122.64824154,45.7209835200001,208,,True
14943,98411,-122.48105459,47.24164648,66,,False
14944,98332,-122.61323847,47.3635628700001,112,,False
14945,98027,-122.0654438,47.55145323,125,,False
14946,98052,-122.09912691,47.6763133000001,18,,False
14947,98405,-122.45263563,47.25948557,385,2.0,True
14948,98250,-123.02960113,48.5267789700001,15,,False
14949,98541,-123.3918327,47.00690408,10,,True
14950,98101,-122.328566,47.611948,50,,False
14951,98112,-122.3122273,47.6189453000001,28,,False
14952,98042,-122.1042083,47.3589744000001,52,,False
14953,98208,-122.2343383,47.8785543000001,20,,False
14954,98271,-122.1795895,48.1386041800001,115,,False
14955,98201,-122.217242878,47.975725853,30,,False
14956,98201,-122.216514913,47.9752396640001,50,,False
14957,98272,-121.988297017,47.8639529800001,34,,False
14958,98686,-122.6406996,45.71388861,72,,False
14959,99204,-117.414111,47.6517723000001,100,,False
14960,98405,-122.4812197,47.2422223,120,,False
14961,98503,-122.8280845,47.0424044000001,108,,False
14962,26505,-79.9467491,39.6639250000001,25,,True
14963,26062,-80.52789795,40.39325519,20,,True
14964,26003,-80.68431729,40.05917571,13,,True
14965,25801,-81.16818375,37.7988327,173,,True
14966,25401,-77.98023718,39.47624347,195,3.0,True
14967,25130,-81.80619,38.0482000000001,25,,False
14968,26624,-80.74860807,38.6611592900001,25,,True
14969,26416,-80.061793,39.143249,72,,False
14970,25701,-82.4274023,38.4097670300001,313,2.0,True
14971,26101,-81.56010635,39.2694240100001,302,3.0,True
14972,25301,-81.62719975,38.34792179,956,1.0,True
14973,25325,-81.626454,38.348059,0,,True
14974,25301,-81.63005402,38.34335473,35,,False
14975,25702,-82.40076965,38.43191388,28,,True
14976,26241,-79.8548001899999,38.9282559100001,80,,True
14977,25705,-82.33866826,38.4188890900001,62,,False
14978,26504,-79.96198365,39.65648602,96,,False
14979,26105,-81.53435122,39.3055909600001,40,,False
14980,24740,-81.11352907,37.36396619,60,,True
14981,26354,-80.02520593,39.34381511,25,,True
14982,26847,-79.1369971399999,39.00141868,25,,True
14983,24970,-80.47024923,37.77316067,122,,True
14984,26757,-78.698562,39.3333710000001,44,,True
14985,25304,-81.5690192599999,38.31507673,104,,False
14986,26301,-80.37143889,39.2717754,115,,False
14987,25701,-82.5165061279999,38.37687673,0,,True
14988,25271,-81.73014727,38.8228762800001,25,,True
14989,25438,-77.85875906,39.2959891400001,25,,True
14990,25601,-81.99438703,37.8460955100001,140,,False
14991,25709,-82.41330097,38.41276559,90,,False
14992,26147,-81.09249296,38.92276007,42,,True
14993,26505,-79.94694373,39.66361557,189,,False
14994,25136,-81.3243991699999,38.1826730400001,69,,False
14995,26003,-80.69399837,40.07988622,172,,False
14996,25901,-81.14978059,37.9712765800001,25,,False
14997,25550,-82.1232238699999,38.8690654100001,201,,True
14998,24924,-80.1089784,38.20082912,25,,True
14999,26726,-79.00318076,39.40950767,25,,True
15000,26537,-79.67751161,39.4649541100001,25,,True
15001,24740,-81.11301085,37.36271893,267,,True
15002,25801,-81.20193159,37.7875544,300,3.0,True
15003,26038,-80.75243755,39.9461419300001,94,,False
15004,25701,-82.4366994,38.41959145,165,,False
15005,25276,-81.36903423,38.81255478,60,,True
15006,25301,-81.6325268799999,38.3538829300001,32,,False
15007,26175,-81.00404988,39.55860031,12,,False
15008,25301,-81.6332407199999,38.35346177,142,,False
15009,26201,-80.2363893,38.9914120500001,51,,True
15010,25702,-82.40041273,38.4305504500001,393,2.0,True
15011,26452,-80.492092,39.0476399400001,70,,True
15012,25951,-80.86029453,37.65063595,25,,True
15013,26651,-80.82929269,38.2925122,77,,True
15014,25309,-81.72686652,38.35486511,241,,False
15015,26330,-80.23946,39.32831,292,,True
15016,25411,-78.20037833,39.64238269,41,,True
15017,26288,-80.41068752,38.48226133,15,,False
15018,26062,-80.52789166,40.39309518,218,,True
15019,24801,-81.58809901,37.4391290500001,124,,True
15020,26506,-79.957909748,39.654593414,674,1.0,True
15021,26155,-80.85003262,39.6811286400001,58,,True
15022,26003,-80.68500734,40.05911861,223,,True
15023,26452,-80.4963042699999,39.0411492700001,150,,False
15024,26506,-79.958605984,39.6539049940001,0,,True
15025,54736,-91.9623329199999,44.6205075400001,25,,True
15026,54001,-92.36091583,45.2968281,25,,True
15027,54001,-92.36616471,45.3024484200001,10,,False
15028,53405,-87.82650281,42.7316504500001,314,3.0,True
15029,53403,-87.7842033699999,42.71587563,239,,False
15030,53014,-88.15319092,44.0253751500001,25,,True
15031,53211,-87.88009033,43.06116329,432,,True
15032,53097,-87.9262165599999,43.25597939,182,3.0,True
15033,54915,-88.40250968,44.2482512400001,332,3.0,True
15034,54904,-88.60104549,44.0124207200001,157,3.0,True
15035,53211,-87.88038438,43.06145544,31,,False
15036,53045,-88.1545194299999,43.0593759000001,175,,False
15037,53132,-87.9540681,42.86001258,52,,False
15038,53210,-87.9760734,43.0741202500001,538,,False
15039,53215,-87.93465729,42.98565775,260,,False
15040,53051,-88.0876974,43.1777266,8,,False
15041,53220,-88.0089756,42.9556029,8,,False
15042,53188,-88.2688534,42.99012,8,,
15043,53901,-89.4665105999999,43.5669499900001,73,3.0,True
15044,54521,-89.2516611899999,45.9280646300001,25,,False
15045,54409,-89.1395449999999,45.1416520000001,25,,True
15046,54451,-90.35607112,45.13511577,25,,True
15047,54452,-89.68183128,45.17563254,25,,True
15048,54482,-89.516533,44.498931,8,,True
15049,54501,-89.3748265899999,45.6394704100001,73,3.0,True
15050,54495,-89.8303048,44.3817334,99,3.0,False
15051,54768,-90.91889976,44.9535820900001,24,,True
15052,54481,-89.56709621,44.52643184,94,3.0,False
15053,54487,-89.73397541,45.4864803300001,18,,True
15054,54401,-89.6678902099999,44.9658418500001,325,2.0,True
15055,54311,-87.9408808599999,44.4749559000001,167,2.0,True
15056,53121,-88.4961919899999,42.66189503,109,3.0,True
15057,53024,-87.9281715399999,43.3236520900001,132,3.0,True
15058,54143,-87.61769653,45.0719686800001,55,3.0,True
15059,53105,-88.28118661,42.67282391,123,3.0,True
15060,53177,-87.94675204,42.72752582,60,,False
15061,53066,-88.46757865,43.0659120600001,117,2.0,True
15062,53142,-87.93546502,42.5693968200001,74,,True
15063,54241,-87.6194561299999,44.1253678300001,69,3.0,True
15064,54904,-88.5952183699999,44.02774678,84,3.0,True
15065,53027,-88.36246156,43.31840584,71,3.0,True
15066,53213,-88.00771643,43.0467651000001,105,,False
15067,53083,-87.70999507,43.7733868500001,185,,True
15068,53233,-87.9278108999999,43.04249014,386,,False
15069,53110,-87.85117278,42.93633907,275,,False
15070,53215,-87.95025177,42.98882817,29,,True
15071,53215,-87.95021077,42.9896262300001,938,3.0,True
15072,53227,-88.02347389,43.0014250500001,350,,False
15073,54153,-87.8655541799999,44.8963803300001,10,,True
15074,54305,-88.0112855899999,44.50224209,244,,True
15075,54301,-88.0162551,44.4843146700001,80,,False
15076,53511,-89.00843152,42.54829771,256,3.0,True
15077,54615,-90.85515144,44.3032411,25,,True
15078,54311,-87.9248270799999,44.52271226,16,,False
15079,54840,-92.68689511,45.7749598600001,25,,True
15080,53226,-88.024153,43.042354,298,1.0,True
15081,54956,-88.45444023,44.1871350600001,42,,True
15082,53295,-87.975380306,43.02079324,0,,False
15083,53821,-91.1131271799999,43.0218730500001,25,,True
15084,54829,-92.02858962,45.5308499700001,25,,True
15085,54235,-87.35333553,44.8327027,25,,True
15086,53534,-89.04426725,42.8347133400001,16,,True
15087,54880,-92.1026321099999,46.69757315,25,,False
15088,54935,-88.4292339099999,43.7763995500001,25,,True
15089,53538,-88.8279768099999,42.9311039300001,49,,True
15090,53092,-87.92283345,43.2258430700001,8,,False
15091,53154,-87.9210313999999,42.9007187,8,,False
15092,53072,-88.22561431,43.0843684500001,8,,False
15093,53151,-88.1113665,42.9577120000001,8,,False
15094,53051,-88.13760545,43.16435276,237,3.0,True
15095,53143,-87.8197814599999,42.5781379200001,315,,True
15096,53158,-87.92432114,42.5645159000001,128,3.0,True
15097,53095,-88.1950969599999,43.3557588400001,70,3.0,True
15098,53214,-87.9972067799999,43.0110532300001,120,,False
15099,53813,-90.7088631,42.84390755,25,,True
15100,53805,-90.70863516,43.1331841300001,25,,True
15101,54601,-91.2469671599999,43.7945860200001,325,2.0,True
15102,54634,-90.34520407,43.6487260800001,25,,True
15103,54773,-91.3187495,44.36432625,25,,False
15104,54843,-91.48574688,46.0347968,25,,True
15105,54221,-87.67649578,44.0946546600001,167,3.0,True
15106,54568,-89.70253852,45.8935042700001,99,3.0,True
15107,54154,-88.12769344,44.8653345500001,25,3.0,False
15108,54016,-92.71761001,44.9608096800001,25,,True
15109,54871,-91.9263985599999,45.7423517500001,25,,False
15110,54020,-92.70060728,45.30186079,23,,True
15111,53185,-88.16797973,42.7377563000001,39,,False
15112,54303,-88.06427708,44.5341578100001,16,,False
15113,54449,-90.1787418,44.6772621000001,520,2.0,True
15114,53916,-88.82611811,43.44843295,125,,True
15115,54701,-91.5207727,44.7948768800001,56,3.0,True
15116,54701,-91.5210137,44.7964315,12,,False
15117,54848,-91.11004987,45.45466867,25,,True
15118,54548,-89.70846324,45.8901265800001,19,,False
15119,54456,-90.60787494,44.55788671,25,3.0,True
15120,54552,-90.44122946,45.9306877600001,25,,True
15121,54868,-91.75912821,45.5064612200001,40,,True
15122,54476,-89.5801459899999,44.8901823100001,99,3.0,True
15123,54703,-91.51231466,44.8128046900001,304,2.0,True
15124,54724,-91.50148325,45.10167721,25,,True
15125,54601,-91.2403040299999,43.80394793,331,3.0,True
15126,54812,-91.8395260899999,45.3974096200001,25,,True
15127,54758,-91.21317702,44.57796683,18,,True
15128,54751,-91.90156741,44.88298524,25,,True
15129,54656,-90.81438359,43.94422596,25,,True
15130,53530,-90.11002717,42.6836436900001,25,,True
15131,54806,-90.88841722,46.5686384700001,35,,True
15132,53704,-89.39856894,43.13373217,394,,False
15133,53548,-89.03319042,42.6878459100001,240,2.0,True
15134,53147,-88.53951992,42.5980872900001,25,3.0,True
15135,53132,-87.95430163,42.8598942400001,16,,False
15136,53948,-90.0751558699999,43.7828354500001,40,3.0,True
15137,53226,-88.03025559,43.0430428000001,144,,False
15138,53562,-89.5267238,43.1072141000001,72,,False
15139,53934,-89.8213496,43.9745537000001,25,,True
15140,54403,-89.63424472,44.93113047,16,,False
15141,54403,-89.6335504899999,44.9317501200001,8,,False
15142,54449,-90.1658002999999,44.68234448,16,,False
15143,54720,-91.45271048,44.81571619,13,,False
15144,53212,-87.91468222,43.09794593,30,,False
15145,53925,-89.03537068,43.3226073500001,25,,True
15146,53066,-88.4868137399999,43.10006134,156,3.0,True
15147,53149,-88.3129188999999,42.8496663000001,24,,True
15148,53188,-88.24255095,43.0111769900001,400,3.0,True
15149,53959,-89.99293864,43.54971484,25,3.0,True
15150,53188,-88.2872088999999,43.0260341100001,40,,False
15151,53581,-90.38227434,43.3387022800001,25,,True
15152,54971,-88.81775153,43.83437609,18,,False
15153,54022,-92.60272076,44.86467508,25,,True
15154,53066,-88.4359213399999,43.0843424500001,90,,False
15155,53223,-87.9676262,43.1873094100001,56,,False
15156,53227,-88.05139457,43.0014668100001,81,,False
15157,54701,-91.5106667599999,44.79446577,344,3.0,True
15158,53578,-89.75210536,43.28727266,36,3.0,True
15159,53215,-87.9354279999999,42.985533,29,,False
15160,53715,-89.39938339,43.06593344,58,,False
15161,53227,-88.02376861,43.0020508100001,34,,False
15162,53818,-90.4791306399999,42.7449336700001,10,,False
15163,53818,-90.45815649,42.7196312200001,35,,True
15164,54801,-91.87206809,45.8414727000001,25,,True
15165,53913,-89.7305240699999,43.4809709400001,100,3.0,True
15166,53546,-88.97688899,42.6692884400001,50,3.0,True
15167,53715,-89.40142922,43.05933846,440,2.0,True
15168,54935,-88.43096365,43.7775767900001,146,3.0,True
15169,54024,-92.6425781199999,45.40903243,25,,True
15170,54729,-91.35982546,44.9506247,193,3.0,True
15171,54303,-88.06609037,44.53276298,158,3.0,True
15172,53081,-87.74753796,43.7623479000001,185,,True
15173,54301,-88.0123448699999,44.5011300300001,517,2.0,True
15174,53589,-89.21074435,42.9202246200001,35,,True
15175,54923,-88.94122636,43.9784771500001,25,,True
15176,54166,-88.6066959999999,44.7605340000001,25,,True
15177,54981,-89.07661624,44.34527676,25,,True
15178,54984,-89.2460594999999,44.1835605300001,25,,True
15179,54961,-88.73370085,44.3811562700001,25,,True
15180,54911,-88.3938163,44.2784606600001,160,3.0,True
15181,54956,-88.45338493,44.1874895600001,182,2.0,True
15182,54660,-90.51212634,43.95911504,25,,True
15183,54660,-90.4933190099999,44.00308068,0,,True
15184,53715,-89.40158431,43.0652117600001,389,,True
15185,53719,-89.52500623,43.01915337,30,,False
15186,53533,-90.12946277,42.95132396,25,,True
15187,53718,-89.2967025199999,43.1530389800001,50,,False
15188,54665,-90.88839128,43.5516739700001,25,,False
15189,53098,-88.6968524599999,43.1990906500001,95,,True
15190,53188,-88.2328078199999,43.0260652200001,28,,False
15191,53963,-88.7456216699999,43.6316548300001,25,,True
15192,54002,-92.378301,44.941339,25,,False
15193,54017,-92.55550038,45.1177607500001,25,,True
15194,54311,-87.92416131,44.47620914,72,,False
15195,54985,-88.51823742,44.0747491500001,335,,False
15196,83110,-110.93043746,42.7173299200001,22,,True
15197,82410,-108.0509123,44.4338876100001,10,,False
15198,82834,-106.70649157,44.3508046900001,25,,False
15199,82414,-109.07328333,44.5265952400001,25,,True
15200,82633,-105.38070968,42.75906617,25,,False
15201,83101,-110.5416944,41.7897080400001,16,,True
15202,82431,-108.38972961,44.8266557900001,18,,True
15203,82225,-104.44552628,42.75344312,24,,False
15204,82701,-104.1880445,43.8477793800001,12,,False
15205,82435,-108.77176796,44.7569224000001,25,,True
15206,82301,-107.26214871,41.78688584,25,,True
15207,82729,-104.37369195,44.40902584,16,,False
15208,82443,-108.199256,43.64801527,15,,False
15209,82240,-104.19280244,42.08286063,25,,True
15210,82201,-104.96075764,42.0501086900001,25,,False
15211,82401,-107.94941092,44.01272297,18,,True
15212,82609,-106.24237013,42.8442255300001,41,,False
15213,82609,-106.23080972,42.84168021,16,,False
15214,82601,-106.30882326,42.8480768800001,249,,True
15215,82001,-104.81562675,41.1403626000001,229,,True
15216,82930,-110.99049813,41.2433482700001,42,,True
15217,82717,-105.51747924,44.28988265,90,,True
15218,83001,-110.74957794,43.48028185,78,,True
15219,82072,-105.55631261,41.31235565,99,,True
15220,82501,-108.41872321,43.03466095,146,,True
15221,82901,-109.246393,41.6027609400001,16,,False
15222,82801,-106.97600202,44.8083730600001,88,,True
15223,82901,-109.23550094,41.5849511500001,99,,True
15224,82601,-106.29387273,42.8347641400001,85,,False
15225,82931,-110.94709823,41.26382872,238,,False
15226,61114,-88.9603284899999,42.31618981,194,1.0,True
15227,70001,-90.18655713,29.99701478,94,,False
15228,37916,-83.93613865,35.9578403900001,22,,True
15229,37934,-84.143908268,35.8983597210001,628,,True
15230,06106,-72.6803246599999,41.75374687,867,1.0,False
15231,66935,-97.637378,39.8176728,25,,False
15232,70433,-90.08067651,30.41112373,167,3.0,True
15233,77555,-94.77712159,29.31080769,749,1.0,True
15234,77598,-95.12562085,29.5448387600001,149,3.0,False
15235,75708,-95.21308612,32.4260299900001,0,,True
15236,77515,-95.40538237,29.18399415,25,,True
15237,25304,-81.6030607,38.3303593900001,0,,True
15238,25526,-81.95238534,38.45179632,70,,True
15239,25302,-81.6379057999999,38.35923196,0,,True
15240,82520,-108.72674325,42.8204750300001,89,,True
15241,90505,-118.35609695,33.82391446,16,,False
15242,31537,-82.00505739,30.8452753500001,0,,True
15243,70563,-91.79452385,30.0069069800001,103,,True
15244,30662,-83.1189723699999,34.2832503700001,144,,False
15245,00956,-66.1542977399999,18.36753363,0,,False
15246,96001,-122.41197411,40.5865953900001,16,,False
15247,93436,-120.45218833,34.63537161,34,,False
15248,31825,-84.66069977,32.08616827,25,,False
15249,94118,-122.45603063,37.7865092000001,299,,False
15250,94115,-122.43129453,37.79070454,309,,False
15251,90020,-118.28639208,34.0672047800001,60,,False
15252,90716,-118.07967795,33.8336400100001,107,,False
15253,95991,-121.61801202,39.1431063200001,46,,False
15254,02143,-71.1093999999999,42.39,124,,False
15255,72301,-90.18909851,35.1431102400001,152,,True
15256,71901,-93.05260787,34.51212501,35,,False
15257,71603,-92.0826860499999,34.2221914300001,27,,False
15258,72160,-91.55829954,34.5175108,49,,True
15259,01730,-71.2744,42.5047000000001,147,,False
15260,04330,-69.76843437,44.3131197600001,192,,False
15261,04901,-69.65867356,44.5491927300001,75,,False
15262,04538,-69.6387693,43.8503439300001,52,,True
15263,19130,-75.1631901499999,39.97148609,227,,False
15264,03047,-71.87453591,42.9718711,62,,False
15265,40502,-84.4726985199999,38.0227066100001,50,,False
15266,41101,-82.6926165099999,38.5084543200001,190,,False
15267,10032,-73.9412825799999,40.83976326,190,,False
15268,10019,-73.9868084,40.76941213,0,,False
15269,14222,-78.8752090099999,42.90920851,200,,True
15270,14424,-77.26861401,42.9010050900001,0,,False
15271,10536,-73.62071751,41.26639132,178,,False
15272,12866,-73.78539606,43.05813047,88,,False
15273,60611,-87.6183348,41.8954545400001,182,,False
15274,40204,-85.73123773,38.24265652,337,,False
15275,54801,-91.8963465099999,45.8255973300001,25,,True
15276,13210,-76.1405444499999,43.0451937500001,154,,False
15277,74578,-95.3208557299999,34.91947628,33,,True
15278,73104,-97.49610501,35.4816532400001,314,,True
15279,42303,-87.100834,37.766669,0,,False
15280,00681,-67.11919677,18.18676401,157,,True
15281,32806,-81.3791535999999,28.5243398700001,285,,True
15282,32514,-87.2168630199999,30.5163401200001,58,,True
15283,33607,-82.49220872,27.9802308800001,0,,True
15284,76104,-97.34897946,32.73685764,34,,False
15285,62002,-90.1709292799999,38.89080496,0,,False
15286,75460,-95.54722893,33.6596692000001,214,,True
15287,75563,-94.3638835799999,33.01398751,25,,True
15288,78224,-98.54470772,29.3535371500001,327,,True
15289,75862,-95.38104923,30.9568636700001,45,,True
15290,77598,-95.12586399,29.5447712500001,170,,False
15291,77070,-95.56274483,30.0005391,50,,False
15292,77004,-95.35980642,29.71103908,49,,False
15293,83702,-116.19157646,43.6155876500001,0,,False
15294,46032,-86.15870702,39.96803205,6,,False
15295,55455,-93.23144086,44.9730804800001,0,,True
15296,60585,-88.21737981,41.65282059,0,,False
15297,78465,-97.05667447,33.1536615300001,40,,False
15298,75460,-95.547557,33.6597370000001,25,,True
15299,79720,-101.47276951,32.23103861,0,,True
15300,79706,-102.15437099,31.98171367,48,,False
15301,78550,-97.66727696,26.1710421500001,0,,False
15302,78205,-98.4894159999999,29.4256719900001,208,,False
15303,79106,-101.91853548,35.20065636,106,,True
15304,75701,-95.2487672999999,32.3111978100001,75,,False
15305,76102,-97.3395733999999,32.7473840000001,60,,False
15306,77030,-95.39707717,29.70703136,631,,True
15307,77598,-95.11754744,29.54759011,60,,False
15308,78503,-98.2182205299999,26.1836801600001,0,,True
15309,60406,-87.67783029,41.65811419,180,,False
15310,92071,-116.97411422,32.85234511,192,,False
15311,95678,-121.28617477,38.73039978,16,,False
15312,71111,-93.71686367,32.55600839,196,,False
15313,70605,-93.2470627499999,30.1406177600001,38,,True
15314,95926,-121.84764877,39.75456397,16,,False
15315,70535,-92.37533383,30.4961559500001,18,,False
15316,90036,-118.36052735,34.0572922700001,204,,False
15317,90012,-118.23922776,34.06488002,138,,False
15318,92804,-118.00718115,33.8158469900001,101,,False
15319,30327,-84.42708736,33.84252443,294,,False
15320,30135,-84.73391954,33.6776889500001,90,,False
15321,71446,-93.26882275,31.13563535,10,,False
15322,96001,-122.38048822,40.55013511,15,,False
15323,30329,-84.33140996,33.80487845,82,,False
15324,53228,-88.05096986,42.9536724600001,62,,False
15325,95242,-121.30590684,38.12385822,24,,False
15326,80218,-104.96804295,39.7452517900001,0,,False
15327,53578,-89.72006455,43.28285398,36,3.0,True
15328,32535,-87.25759799,30.97039384,34,,False
15329,51555,-95.8856184699999,41.5629436500001,25,,True
15330,55912,-92.97764976,43.67448476,82,,True
15331,63935,-90.82581957,36.62129738,21,,False
15332,28207,-80.82352152,35.2107976,80,,True
15333,28086,-81.35705796,35.2415605400001,102,,True
15334,28376,-79.14921866,35.02100061,8,,True
15335,27401,-79.78604811,36.0910179900001,30,,False
15336,33612,-82.42284161,28.0615605200001,60,,False
15337,33317,-80.2052676599999,26.12640945,264,,False
15338,03055,-71.6335650299999,42.8293914400001,0,,False
15339,36265,-85.76355079,33.7849322500001,104,,False
15340,45504,-83.81134186,39.9409746900001,0,,False
15341,08401,-74.4264060899999,39.3610285300001,29,,False
15342,08037,-74.77258356,39.6322362600001,130,,False
15343,08094,-75.03510388,39.6354745800001,68,,False
15344,07102,-74.1707379599999,40.7371696600001,40,,False
15345,07206,-74.1975879999999,40.65910896,60,,False
15346,07461,-74.6034979,41.20702419,0,,False
15347,08901,-74.4491257999999,40.49635713,0,,True
15348,07950,-74.5102549699999,40.83896659,450,,False
15349,07962,-74.4891805399999,40.7896209200001,38,,False
15350,08502,-74.68519624,40.4676231400001,16,,False
15351,43725,-81.58206031,40.06689584,66,,False
15352,00785,-66.10616612,17.9807709200001,86,,False
15353,00733,-66.59313035,18.0332502100001,49,,False
15354,89429,-119.27927911,39.39553958,0,,False
15355,89521,-119.76034028,39.4358801400001,39,,False
15356,84095,-112.01335267,40.5417438700001,0,,True
15357,46151,-86.404839,39.42589574,92,,True
15358,47904,-86.880657217,40.4271739260001,302,,True
15359,47331,-85.132661,39.6562381800001,99,,False
15360,46222,-86.2012920499999,39.8024935500001,159,,False
15361,85012,-112.07199475,33.49265294,58,,False
15362,06460,-73.06506733,41.21627054,87,,False
15363,85255,-111.89837164,33.6436695900001,12,,False
15364,16407,-79.653312,41.9246130000001,35,,True
15365,74432,-95.5918160699999,35.3109667000001,10,,True
15366,26003,-80.72168064,40.06007458,218,,False
15367,74401,-95.35625691,35.7825795100001,45,,True
15368,73701,-97.87408924,36.3926324600001,24,,False
15369,99546,-176.640263,51.868005,0,,False
15370,00680,-67.1398263899999,18.2027329900001,103,,False
15371,00928,-66.07618755,18.3909331400001,0,,False
15372,96819,-157.889402,21.361343,92,,True
15373,75246,-95.63154356,29.9257984400001,139,,True
15374,33950,-82.0405261399999,26.93944443,52,,True
15375,33469,-80.10169924,26.97706838,80,,False
15376,32501,-87.23315589,30.4323569000001,16,,False
15377,34950,-80.34563788,27.43380066,24,,False
15378,51246,-96.17198959,43.4238300100001,25,,True
15379,75457,-95.23494579,33.17671639,49,,True
15380,78414,-97.37023765,27.6797741500001,74,,False
15381,77090,-95.44853039,30.0245810600001,4,,False
15382,45229,-84.5012739699999,39.13726788,30,,True
15383,44106,-81.60571867,41.50471329,237,,True
15384,75231,-96.7579642699999,32.88377332,100,,False
15385,75224,-96.8597695,32.71511831,111,,False
15386,79410,-101.90194833,33.5733913600001,196,,True
15387,83642,-116.3586157,43.5859468900001,60,,False
15388,46947,-86.40061387,40.74169664,170,,False
15389,66536,-96.06110542,39.1885902700001,0,,True
15390,03104,-71.4408670399999,43.01235803,0,,False
15391,15215,-79.88734956,40.4951715300001,358,,False
15392,01062,-72.68244039,42.34953083,145,,False
15393,82801,-106.98573644,44.8273777300001,0,,False
15394,98661,-122.65724932,45.63663819,72,,False
15396,83616,-116.35030122,43.6889288200001,0,,False
15397,76104,-97.34335383,32.73577378,67,,True
15398,76132,-97.4142326899999,32.66203254,44,,False
15399,07083,-74.2656545199999,40.67481574,504,,False
15400,77530,-95.1446557799999,29.7745537600001,83,,False
15401,76063,-97.14435357,32.5990386300001,55,,False
15402,77076,-95.4080037799999,29.8673801900001,0,,False
15403,78551,-97.70704055,26.1606785500001,55,,False
15404,78028,-99.15625399,30.0468550200001,202,,False
15405,75160,-96.2627418499999,32.74075986,316,,False
15406,77842,-96.2925791499999,30.58055046,72,,False
15407,77035,-95.4777382,29.6517363500001,135,,False
15408,78701,-97.73411294,30.2731284000001,83,,True
15409,50401,-93.2643765399999,43.1555603200001,240,,False
15410,52641,-91.53594938,40.95554287,78,,False
15411,70812,-91.0993803699999,30.39922677,14,,False
15412,90012,-118.23842047,34.0520150400001,0,,False
15413,90232,-118.39794717,34.0234136600001,16,,False
15414,94025,-122.16100516,37.4652921000001,715,,False
15415,95404,-122.70743711,38.46962166,115,,True
15416,95062,-122.00330953,36.9797036100001,57,,False
15417,30274,-84.3891338,33.5793287000001,30,,True
15418,70056,-90.02760604,29.8843126100001,180,,False
15419,71111,-93.71820586,32.5583302700001,134,,False
15420,93555,-117.67263105,35.6409004500001,99,,True
15421,50201,-93.45276476,42.0170982700001,17,,False
15422,50248,-93.59411806,42.1900792600001,25,,False
15423,47303,-85.41481236,40.1967834800001,16,,True
15424,66439,-95.5304938099999,39.6732742200001,25,,False
15425,71832,-94.35258284,34.04810079,35,,True
15426,85741,-111.01012272,32.320004,295,,True
15427,42041,-88.89567406,36.51903178,70,,True
15428,21817,-75.85255488,37.9975579100001,89,,True
15429,49037,-85.29133174,42.3434272000001,0,,False
15430,49221,-84.04910402,41.91366434,88,,True
15431,48234,-83.01977521,42.44224446,77,,False
15432,56307,-94.56688489,45.63876207,17,,False
15433,55063,-92.96437531,45.8237570800001,10,,False
15434,64801,-94.5269835079999,37.0576277910001,341,,True
15435,64131,-94.5743714499999,38.9682046200001,167,,False
15436,64133,-94.4676145,39.0297870800001,105,,False
15437,63125,-90.28355765,38.4944295000001,355,,False
15438,65233,-92.7407230699999,38.9441585100001,70,,True
15439,86336,-111.82347943,34.85595491,0,,True
15440,28690,-81.52341992,35.7481238600001,131,,True
15441,27028,-80.57179142,35.8993762000001,81,,False
15442,58206,-97.06973339,47.90954377,257,,False
15443,32703,-81.50807586,28.6808917600001,120,,True
15444,97232,-122.66405906,45.5317066700001,0,,False
15445,03062,-71.4608286499999,42.7566690200001,20,,True
15446,35447,-88.08863575,33.2744756700001,56,,True
15447,45885,-84.37071357,40.5443508500001,140,,True
15448,08820,-74.35064333,40.55682547,0,,False
15449,50310,-93.68345522,41.61073277,18,,False
15450,46250,-86.04468184,39.9018288400001,56,,True
15451,17901,-76.18824,40.6908760000001,136,,False
15452,19139,-75.21781989,39.96100855,74,,False
15453,19111,-75.08783268,40.0706991600001,176,,False
15454,19143,-75.2295543399999,39.95169918,214,,False
15455,18104,-75.56334795,40.5904911800001,25,,False
15456,17866,-76.5705049699999,40.8058666800001,55,,True
15457,17701,-76.984769,41.2600410000001,31,,False
15458,47111,-85.67003676,38.4739377400001,64,,False
15459,85739,-110.88730022,32.5167751700001,139,,False
15460,16505,-80.120058,42.113052,30,,False
15461,02169,-71.0137999999999,42.2509000000001,116,,False
15462,85607,-109.59511363,31.36458886,0,,True
15463,85634,-110.9811825,32.1075246300001,0,,False
15464,31901,-84.9850937699999,32.48010887,171,,True
15465,04011,-69.9681200599999,43.89559117,55,,True
15466,30525,-83.4146901399999,34.88366763,25,,False
15467,30329,-84.3311720199999,33.80481896,18,,False
15468,57078,-97.40088833,42.9009044100001,10,,False
15469,01420,-71.80539154,42.5976020200001,110,,False
15470,57783,-103.85576197,44.49779813,4,,False
15471,01082,-72.2428,42.2536000000001,25,,True
15472,23922,-78.17509638,37.1923042000001,123,,False
15473,22401,-79.0353305199999,38.1318458100001,48,,False
15474,45417,-84.1992581,39.7470176,26,,False
15475,76567,-97.02066652,30.65097889,25,,True
15476,96118,-120.24358489,39.6795226400001,39,,False
15477,95202,-121.2876016,37.9671297800001,16,,False
15478,90805,-118.15627411,33.8650814600001,16,,False
15479,95667,-120.8020629,38.73280885,16,,False
15480,95608,-121.35455435,38.6334945,16,,False
15481,46013,-85.7250539,40.03784389,22,,False
15482,70737,-90.9177852399999,30.2251075,12,,False
15483,71301,-92.02605642,30.1738107300001,32,,False
15484,71360,-92.43986103,31.32071899,60,,True
15485,71483,-92.6313354,31.9323476000001,20,,False
15486,70427,-89.8604172999999,30.78931277,0,,False
15487,93212,-119.56395267,36.1000794500001,32,,False
15488,95431,-122.51869893,38.3471799500001,1021,,False
15489,90018,-118.30935704,34.03514331,149,,False
15490,92543,-116.96043875,33.75244151,90,,True
15491,92201,-116.22162571,33.7008646200001,16,,False
15492,95361,-120.86029887,37.75916748,115,,False
15493,95991,-121.6184357,39.15559561,16,,False
15494,70065,-90.27186519,30.0275715600001,0,,False
15495,70501,-92.0106280099999,30.22612066,22,,False
15496,94501,-122.2370243,37.77062863,120,,False
15497,94589,-122.24099878,38.1306131000001,16,,False
15498,90033,-118.21279424,34.0396037300001,36,,False
15499,39840,-84.7934916,31.77536552,25,,False
15500,53072,-88.26708532,43.047293,62,,False
15501,70546,-92.6783757599999,30.2319504600001,20,,False
15502,94118,-122.45469165,37.78665958,95,,False
15503,90057,-118.27361447,34.0638715600001,366,,True
15504,31701,-84.1694145399999,31.60659256,248,,False
15505,70112,-90.0850046199999,29.95665882,0,,False
15506,70737,-90.9317413799999,30.20975616,48,,True
15507,71334,-91.5547851599999,31.64697512,25,,False
15508,71118,-93.79554888,32.40470917,85,,False
15509,54660,-90.5153532799999,43.9840007400001,25,,True
15510,90732,-118.30627376,33.7390182300001,125,,False
15511,85210,-111.84462621,33.38153727,24,,False
15512,51041,-96.05886104,43.0096063400001,104,,False
15513,46807,-85.1455081399999,41.0611393500001,24,,False
15514,46368,-87.18433191,41.546435,0,,True
15515,71655,-91.81679407,33.6108845900001,49,,True
15516,72401,-90.6915420299999,35.8100698600001,12,,False
15517,71730,-92.67109375,33.2207269,166,3.0,True
15518,20850,-77.1989580699999,39.0998628500001,107,,True
15519,04605,-68.43359064,44.59020244,0,,False
15520,49286,-83.93782239,42.00259106,25,,True
15521,49854,-86.2395220499999,45.9582624600001,25,,False
15522,48146,-83.16389534,42.25631179,192,,False
15523,55072,-92.86531661,46.12679487,30,,True
15524,49202,-84.3855601,42.25188059,64,,False
15525,59101,-108.51905283,45.79431262,0,,False
15526,65351,-93.41663454,38.97870513,15,,True
15527,39735,-89.17460507,33.31312711,25,,False
15528,08302,-75.2184763,39.5245215800001,146,,False
15529,07032,-74.1491509799999,40.7580291200001,0,,False
15530,07092,-74.3539099,40.6697668,60,,False
15531,08618,-74.80543625,40.2435578400001,400,,False
15532,44501,-80.6580383899999,41.13500507,398,,True
15533,51534,-95.73556612,41.03921194,851,,False
15534,84066,-109.99461106,40.2989073800001,0,,False
15535,47714,-87.5006954099999,37.95613074,103,,False
15536,46580,-85.83109258,41.2518273700001,16,,False
15537,46350,-86.72529027,41.61065217,227,,True
15538,06776,-73.40961951,41.5819366800001,85,,False
15539,32055,-82.63275612,30.19313357,99,,True
15540,18472,-75.42685754,41.57434191,90,,False
15541,15217,-79.9191994399999,40.4426865900001,72,,False
15542,15146,-79.74575,40.424853,87,,False
15543,18801,-75.872756,41.832527,21,,False
15544,18634,-76.0041239999999,41.1950400000001,67,,False
15545,17105,-76.880659,40.2576790000001,577,,True
15546,01960,-70.9381999999999,42.5289000000001,50,,False
15547,16121,-80.46952182,41.21068474,28,,True
15548,57401,-98.50024018,45.4731523300001,15,,False
15549,57747,-103.48014413,43.43118171,25,,False
15550,57702,-103.25271188,44.0778384400001,0,,False
15551,24201,-82.21648025,36.59717649,28,,False
15552,55414,-93.2106479299999,44.95854425,40,,False
15553,56762,-96.77497025,48.1946072800001,20,,False
15554,83709,-116.26443082,43.60334971,40,,False
15555,22901,-78.5206042,38.0452664800001,19,,False
15556,23188,-76.74159568,37.3374596100001,0,,True
15557,23435,-76.44189922,36.86857265,0,,False
15558,23434,-76.5945602,36.7605490600001,0,,False
15559,29512,-79.69711175,34.63628184,94,,False
15560,22801,-78.8713060699999,38.4398951900001,270,,False
15561,75204,-96.78347218,32.7915261300001,54,,False
15562,61364,-88.83458224,41.11359098,98,,True
15563,98520,-123.82055859,46.9812624,0,,False
15564,98052,-122.13540295,47.6342947100001,0,,False
15565,13502,-75.25811713,43.09100972,24,,False
15566,57108,-96.78175923,43.49094024,54,,True
15567,12304,-73.91579101,42.80485019,0,,False
15568,98065,-121.88576294,47.5127201400001,25,,False
15569,10304,-74.09182025,40.60306403,0,,False
15570,14081,-79.12583875,42.55848862,45,,False
15571,14020,-78.19787395,43.0133403,0,,False
15572,14209,-78.86800239,42.9184178300001,88,,False
15573,11701,-73.42263251,40.68576604,232,,False
15574,11425,-73.76867577,40.69064667,386,,False
15575,21041,-76.79311804,39.2556923400001,78,,False
15576,79520,-100.13516003,32.88589548,25,,True
15577,60452,-87.7341032799999,41.5996574000001,148,,False
15578,41012,-84.5293473999999,39.0496090500001,57,,False
15579,41011,-84.5179998899999,39.0713483700001,151,,False
15580,25661,-82.2726488499999,37.6788189600001,76,,True
15581,08901,-74.44888636,40.4958450600001,600,,True
15582,28462,-78.2909065599999,34.0089580700001,60,,True
15583,97239,-122.68571472,45.4990101500001,0,,True
15584,32696,-82.45498687,29.3840303900001,40,,True
15585,32606,-82.43622449,29.6916031100001,40,,False
15586,34474,-82.21902089,29.1310658300001,15,,False
15587,36442,-86.31313797,31.0004854100001,23,,True
15588,45764,-82.2432101799999,39.4632829,25,,True
15589,45069,-84.3657348999999,39.36143472,8,,True
15590,45177,-83.8400209599999,39.4438513200001,165,,True
15591,08611,-74.75652847,40.2079795700001,0,,False
15592,43223,-83.05916505,39.95675249,228,,False
15593,08103,-75.11430767,39.9419716400001,0,,False
15594,08104,-75.10836805,39.92864825,15,,False
15595,08037,-74.8624875199999,39.6810739200001,600,,False
15596,08330,-74.68898232,39.4405119800001,62,,False
15597,07740,-73.9838491199999,40.29638119,25,,False
15598,07042,-74.20403874,40.81142735,347,,False
15599,45219,-84.52229563,39.12953113,72,,False
15600,47129,-85.75243382,38.3330855900001,42,,False
15601,84081,-112.03117149,40.5883659300001,0,,False
15602,44646,-81.5174513599999,40.8063802500001,156,,True
15603,44646,-81.50782996,40.76823569,152,,False
15604,07001,-74.26846961,40.5844664100001,125,,False
15605,57642,-100.80835085,45.8092599,12,,False
15606,24171,-80.2548916699999,36.6462295600001,25,,False
15607,19047,-74.88517846,40.18097047,47,,False
15608,17055,-76.972525,40.2096050000001,68,,False
15609,10461,-73.83535509,40.84418356,0,,False
15610,18071,-75.6150279999999,40.8029710000001,60,,False
15611,33484,-80.12847349,26.4366253000001,90,,True
15612,27408,-79.81786379,36.0929082100001,134,,False
15613,07514,-74.13540051,40.9191075700001,0,,False
15614,71360,-92.437722,31.3559500000001,54,,True
15615,46545,-86.16311,41.707343,0,,False
15616,41075,-84.445641,39.064603,0,,False
15617,32827,-81.2757109999999,28.36614,134,,True
15618,21218,-76.595699,39.3363410000001,120,,False
15619,93702,-119.75218769,36.7372886900001,16,,False
15620,70065,-90.2700868699999,30.0317431600001,36,,False
15621,68803,-98.357221,40.943051,0,,False
15622,10461,-73.8385019899999,40.84659365,0,,False
15623,27403,-79.8224561499999,36.0827955,80,,False
15624,28210,-80.87192277,35.1188722300001,60,,False
15625,55432,-93.25673044,45.1064806200001,275,,False
15626,30812,-82.0296437499999,33.36897079,0,,False
15627,72114,-92.297424,34.7781580000001,256,,False
15628,31201,-83.63666986,32.8347290500001,112,,True
15629,62269,-89.90542634,38.5736900200001,94,,True
15630,14901,-76.7950497099999,42.09161127,80,,True
15631,00674,-66.4746820299999,18.4339103300001,40,,False
15632,46953,-85.63826841,40.5204615000001,225,,False
15633,28719,-83.3186158199999,35.48227316,0,,False
15634,02860,-71.37645645,41.869922,294,,False
15635,02896,-71.51284391,41.98157826,40,,False
15636,31326,-81.21737345,32.2582257600001,0,,False
15637,36109,-86.1286248,32.3578505400001,0,,False
15639,59701,-112.510929,45.9332820000001,108,,False
15640,46805,-85.1102190299999,41.0961714600001,174,2.0,True
15641,71201,-92.11402732,32.5008245500001,22,,False
15642,95128,-121.91501657,37.3112960300001,16,,False
15643,70601,-93.22154829,30.2043889,24,,False
15644,95817,-121.45644344,38.55198584,16,,False
15645,70722,-91.00064072,30.8372818300001,16,,False
15646,17405,-76.71844629,39.9465290900001,23,,True
15647,77375,-95.60624525,30.03713251,8,,False
15648,74137,-95.95319698,36.04322533,40,,False
15649,77520,-94.9461192699999,29.7476678,31,,True
15650,38930,-90.1994591,33.5177497500001,40,,True
15651,06102,-72.6791778899999,41.75412542,867,1.0,True
15652,05671,-72.7539322,44.3319185400001,53,,False
15653,74010,-96.4014378699999,35.8340258900001,55,,True
15654,74137,-95.95394971,36.04293912,4,,True
15655,74120,-95.96938592,36.1469881900001,56,,True
15656,78223,-98.4579838,29.3602352500001,302,,False
15657,93306,-118.9297762,35.36567811,16,,False
15658,10021,-73.95302135,40.7697165000001,157,,False
15659,75235,-96.8488374899999,32.81896722,460,,True
15660,79902,-106.47760471,31.78036759,31,,False
15661,52402,-91.66030654,41.9855215800001,24,,True
15662,70065,-90.27185657,30.0247854200001,34,,False
15663,30344,-84.42689474,33.6802717100001,40,,True
15664,70816,-90.9998042999999,30.4427957400001,54,,True
15665,89434,-119.6973502,39.54109398,21,,True
15666,78240,-98.59497177,29.52688039,31,,False
15667,17011,-76.92235055,40.25316194,31,,True
15668,19023,-75.26764194,39.92473446,39,,False
15669,70503,-92.01458776,30.20423601,10,,False
15670,76012,-97.14422496,32.7560527200001,24,,False
15671,46320,-87.5230734099999,41.61515732,215,,True
15672,49442,-86.24225523,43.2234217500001,31,,True
15673,11714,-73.4945666,40.7392337200001,257,,False
15674,12511,-73.9633774499999,41.54362128,250,,False
15675,68123,-95.94789084,41.1374108000001,32,,True
15676,39401,-89.33038891,31.31873935,33,,True
15677,39193,-90.06618747,32.2456548100001,32,,False
15678,89423,-119.77192396,38.95780718,0,,False
15679,73112,-97.5841310599999,35.5269067400001,238,3.0,False
15680,00960,-66.4938180999999,18.42993074,0,,False
15681,67152,-97.3929789699999,37.27864521,61,,True
15682,40232,-85.74871854,38.2460051800001,264,,False
15683,78336,-97.1625378799999,27.9150041300001,75,,False
15684,76230,-97.8343794899999,33.56222051,49,,True
15685,32505,-87.25261722,30.4714432700001,120,,False
15686,75235,-96.86830231,32.8408428700001,18,,False
15687,33073,-80.18880759,26.3273082700001,40,,False
15688,77030,-95.40577145,29.70431067,40,,False
15689,79412,-101.86958665,33.5494901600001,123,,False
15690,62702,-89.66457817,39.8094215300001,50,,False
15691,78222,-98.41183963,29.3753886800001,20,,False
15692,75165,-96.8653938799999,32.39634203,69,,True
15693,76520,-96.9774741699999,30.8572794200001,10,,False
15694,45237,-84.47020688,39.19537129,291,,False
15695,68701,-97.43103267,42.0343523400001,20,,False
15696,77087,-95.31592331,29.6940286600001,59,,False
15697,77090,-95.43561118,30.02528619,115,,False
15698,77375,-95.6198289599999,30.0879346400001,75,,False
15699,78751,-97.7351074599999,30.30911532,314,,False
15700,79905,-106.43611496,31.7720518200001,74,,True
15701,77021,-95.3744237499999,29.71201681,16,,False
15702,75785,-95.15774878,31.8083875900001,330,,False
15703,76132,-97.41869014,32.64653072,8,,False
15704,35609,-86.96702901,34.5216167,74,,False
15705,36033,-86.74307505,31.6363215900001,22,,False
15706,60624,-87.70787847,41.8906215100001,119,,False
15707,92028,-117.24455884,33.3808119500001,47,,False
15708,80918,-104.78973838,38.9107138300001,92,,False
15709,95340,-120.47347474,37.2937840800001,16,,False
15710,95993,-121.61754955,39.1536036300001,16,,False
15711,30650,-83.48056681,33.58493524,25,,False
15712,31210,-83.68259834,32.8955710700001,40,,False
15713,70506,-92.08967241,30.18519797,34,,False
15714,71270,-92.63204688,32.5167086700001,13,,False
15715,92311,-117.01890179,34.89382649,23,,True
15716,92105,-117.07663222,32.74944563,57,,False
15717,93401,-120.64679071,35.27566032,16,,False
15718,94601,-122.22218379,37.7906971300001,26,,False
15719,94578,-122.11854589,37.7094100300001,16,,False
15720,92028,-117.24349978,33.37944077,0,,False
15721,95307,-120.96297304,37.60026659,16,,False
15722,31217,-83.61985197,32.84718953,60,,True
15723,40511,-84.538381,38.073859,93,,False
15724,77054,-95.4007573599999,29.6923957600001,69,,False
15725,31021,-82.9432264,32.53648137,178,,False
15726,91343,-118.48204183,34.24438639,0,,False
15727,95969,-121.57129765,39.7568633400001,100,,True
15728,94025,-122.15918335,37.4616441000001,16,,False
15729,70506,-92.05724484,30.2199240900001,24,,False
15730,70115,-90.10393385,29.93763159,55,,True
15731,70607,-93.20809966,30.1825377800001,74,,False
15732,71101,-93.7500699999999,32.49524353,302,,True
15733,71958,-93.68683939,34.0709462200001,32,,True
15734,40311,-84.05934766,38.3159032,18,,True
15735,40359,-84.8411394299999,38.54239876,25,,True
15736,01053,-72.6824,42.3496000000001,0,,False
15737,20707,-76.88120724,39.08679628,137,,True
15738,20903,-76.9800222,39.0025679600001,47,,False
15739,04092,-70.3569290999999,43.6878854500001,30,,False
15740,49801,-88.06154549,45.8102967900001,17,,False
15741,28207,-80.82102909,35.2101551700001,305,,True
15742,27403,-79.82541858,36.0834260600001,175,,False
15743,28017,-81.67641059,35.24985309,60,,False
15744,17405,-76.692573,39.967361,100,,True
15745,89049,-117.22249012,38.06164318,44,,False
15746,18017,-75.420109,40.657591,184,,False
15747,17801,-76.778025,40.861931,118,,True
15748,17604,-76.32097873,40.04081396,214,,False
15749,24354,-81.5101822999999,36.8332155300001,179,,False
15750,23607,-76.39278745,36.98618129,50,,False
15751,60641,-87.72864369,41.9402465800001,54,,False
15752,07825,-74.9318233499999,40.9815095600001,0,,False
15753,73034,-97.4653926299999,35.6448438800001,37,,False
15754,66213,-94.66912856,38.89628614,4,,False
15755,78504,-98.1985359,26.24610104,32,,False
15756,78503,-98.20849156,26.1819864600001,62,,False
15757,75243,-96.76689953,32.9137528700001,84,,False
15758,77065,-95.58969896,29.92712973,180,3.0,True
15759,96817,-157.85213284,21.3286736100001,240,,False
15760,43219,-82.9095849399999,39.9808247,0,,False
15761,07939,-74.5575506,40.6685985300001,251,,False
15762,48602,-83.9620235799999,43.4447957100001,8,,False
15763,55902,-92.46583322,44.02395962,794,,True
15764,16001,-79.94413084,40.8734394900001,56,,False
15765,52804,-90.59376514,41.5436741300001,502,,True
15766,73034,-97.4615103,35.6546583200001,54,1.0,True
15767,67357,-95.2805422599999,37.35126304,0,,False
15768,73072,-97.48953346,35.25959361,152,,True
15769,79124,-101.9022048,35.2184990000001,47,,False
15770,46202,-86.17656162,39.77528333,0,,True
15771,46202,-86.18027646,39.7771077400001,0,,True
15772,45036,-84.20874422,39.39474081,0,,True
15773,46410,-87.3329309,41.45837283,0,,True
15774,78223,-98.4567102999999,29.3541045200001,72,,False
15775,78212,-98.49305967,29.4376361500001,30,,False
15776,79930,-106.46248215,31.8207955500001,0,3.0,True
15777,78962,-96.78813415,29.6945023700001,38,,True
15778,75605,-94.7640354499999,32.5644308600001,76,,False
15779,75070,-96.64053232,33.19729748,103,3.0,False
15780,93030,-119.19423049,34.22414131,30,,False
15781,78666,-97.9180606799999,29.8840848,24,,False
15782,94501,-122.25404762,37.7618459400001,26,,False
15783,30904,-82.0183653,33.4657290700001,231,,False
15784,70508,-92.04621968,30.15267806,23,,True
15785,93561,-118.44873693,35.13034378,28,,False
15786,91768,-117.80907803,34.04149556,991,,False
15787,30306,-84.36541034,33.79088124,81,,False
15788,23219,-77.43068311,37.5395389700001,779,1.0,True
15789,33713,-82.66467764,27.78174203,110,,False
15790,02135,-71.1419,42.3466000000001,59,,False
15791,02130,-71.1102999999999,42.3270000000001,361,,False
15792,02346,-70.9145002,41.89439787,72,,False
15793,72301,-90.17718931,35.1528922000001,54,,False
15794,04073,-70.76710608,43.4484505,49,,True
15795,66604,-95.6926349999999,39.0412190000001,24,,False
15796,63640,-90.43988609,37.8002543700001,98,,True
15797,63901,-90.3973199599999,36.7579727900001,0,,False
15798,65712,-93.82112528,37.1113917000001,79,,True
15799,64744,-93.99705951,37.86137763,16,,False
15800,63901,-90.4165562699999,36.7723680300001,58,,True
15801,39631,-91.06758723,31.0903203300001,25,,False
15802,39083,-90.4003875499999,31.86934684,25,,False
15803,28403,-77.86266882,34.2126503900001,0,,False
15804,27614,-78.5978373899999,35.90908232,61,,False
15805,28345,-79.70852145,34.9018120100001,64,,True
15806,58208,-97.04697286,47.87786025,70,,False
15807,33407,-80.06746906,26.75395811,44,,False
15808,33873,-81.81696191,27.5354532700001,25,,True
15809,44646,-81.50451061,40.8221933400001,8,,False
15810,97754,-120.84337477,44.3103166000001,25,,True
15811,45701,-82.11878516,39.32883286,88,,False
15812,08009,-74.92034633,39.78194799,95,,True
15813,14224,-78.73154929,42.82386953,46,,False
15814,35404,-87.51766471,33.2186744000001,114,,False
15815,10032,-73.94454839,40.84240204,21,,False
15816,16602,-78.39575461,40.48849505,68,,False
15817,44109,-81.69760208,41.46091276,731,,True
15818,14620,-77.61057965,43.1233126400001,174,,False
15819,13502,-75.26008732,43.1001611300001,67,,False
15820,10461,-73.83985828,40.84718852,156,,False
15821,10958,-74.3925227999999,41.40567172,285,,False
15822,14213,-78.88025762,42.92909489,159,,False
15823,13904,-75.8682684899999,42.105825,111,,False
15824,10035,-73.92912735,40.7900043700001,218,,False
15825,11203,-73.9391347499999,40.65648551,163,,False
15826,11426,-73.72574321,40.74553675,65,,False
15827,12208,-73.78020285,42.6544907100001,110,,False
15828,14810,-77.34750919,42.3440524100001,440,,False
15829,10305,-74.0806172699999,40.5820150500001,257,,False
15830,11427,-73.7315253,40.74113951,349,,False
15831,44870,-82.71019692,41.4458922600001,283,3.0,True
15832,00960,-66.14809186,18.4177064300001,0,,False
15833,00765,-65.43963461,18.14212852,0,,True
15834,13403,-75.3023214899999,43.1674367300001,220,,False
15835,07055,-74.1287752599999,40.85099238,269,,False
15836,08628,-74.8019455,40.24723777,200,,False
15837,08540,-74.65344457,40.3885653500001,60,,False
15838,08755,-74.22171112,40.0099076600001,30,,False
15839,08096,-75.14946599,39.8438558400001,311,,False
15840,44024,-81.22301229,41.5357086000001,56,,False
15841,87102,-106.63908456,35.0850303400001,25,,False
15842,00731,-66.59454152,18.0343936800001,0,,False
15843,43537,-83.6829144499999,41.5573114900001,315,,True
15844,44067,-81.5725784699999,41.3489516000001,258,,False
15845,87106,-106.61624579,35.0902577300001,47,,False
15846,39531,-88.94195402,30.41511432,716,,False
15847,45601,-83.02039876,39.3904310400001,141,,True
15848,89148,-115.28104575,36.0789915600001,130,,False
15849,89832,-116.097797,41.94989163,0,,True
15850,89086,-115.09447102,36.2847256700001,190,,False
15851,44053,-82.23604518,41.4392418800001,52,,False
15852,85031,-112.17079162,33.5026156500001,232,,True
15853,46802,-85.1492772,41.07800073,145,,True
15854,15232,-79.93976775,40.4545883500001,520,,True
15855,01904,-70.9799,42.5018000000001,0,,False
15856,01201,-73.2807,42.4581000000001,0,,False
15857,85147,-111.75905997,33.0729989500001,0,,True
15858,39813,-84.72154643,31.43600381,25,,False
15859,86047,-110.71411682,35.0323107500001,0,,False
15860,63638,-90.9614936199999,37.24165444,0,,True
15861,57747,-103.47617911,43.43675023,0,,True
15862,45502,-83.8130225799999,39.92500016,24,,False
15863,14108,-78.7083169599999,43.28855995,71,,True
15864,56277,-94.9855356799999,44.77372516,25,,False
15865,24354,-81.5082579099999,36.8512078200001,154,,True
15866,23188,-76.73599165,37.2898228,300,,False
15867,22042,-77.23203453,38.85788919,123,,False
15868,29614,-82.36184636,34.8730143400001,79,,False
15869,29180,-81.09911486,34.3726504900001,25,,False
15870,43113,-82.9362117599999,39.6103389,82,,True
15871,24701,-81.23550747,37.25573232,92,,True
15872,74743,-95.48119817,34.0024267000001,30,,False
15873,70458,-89.75375016,30.28080427,223,,False
15874,73036,-97.9805575299999,35.52993164,48,,False
15875,74133,-95.9055300099999,36.07290864,60,,False
15876,73662,-99.63238712,35.30724323,31,,False
15877,37160,-86.4724738099999,35.49344589,177,,True
15878,26554,-80.16537271,39.4823353300001,207,,False
15879,00936,-66.07345087,18.3968188700001,32,,True
15880,31620,-83.42453855,31.14456949,60,,False
15881,70503,-92.01769606,30.2072060900001,10,,False
15882,71291,-92.14924684,32.5019995600001,10,,False
15883,71483,-92.6526210599999,31.92979202,19,,False
15884,30757,-85.40189129,34.98075749,13,,False
15885,02907,-71.4208197,41.8068937,231,,False
15886,02903,-71.40890645,41.8111498900001,0,1.0,True
15887,50316,-93.60959589,41.6020148700001,224,,True
15888,50266,-93.78976814,41.5971784700001,146,,True
15889,50138,-93.1140806499999,41.3225916000001,0,,False
15890,04901,-69.6464187999999,44.56512867,127,,True
15891,49017,-85.1751939499999,42.3399995600001,26,,False
15892,75418,-96.16663814,33.58458954,292,,False
15893,84770,-113.57586463,37.0990663200001,261,,True
15894,78028,-99.11477579,30.01682787,226,,True
15895,44281,-81.7515201099999,41.02848763,50,,True
15896,76711,-97.16414014,31.5114555700001,146,,False
15897,76308,-98.5241834299999,33.84582428,312,,False
15898,50126,-93.25952575,42.5220284700001,23,,False
15899,89703,-119.78419394,39.20020155,15,,False
15900,84108,-111.82273176,40.75791374,94,,False
15901,52205,-91.28803141,42.1129238400001,38,,False
15902,75243,-96.7488475599999,32.9054339400001,110,,False
15903,44710,-81.40306222,40.7973191500001,820,2.0,True
15904,19114,-74.867443,40.183052,112,,True
15905,15212,-80.00872011,40.4539440400001,72,,False
15906,19114,-75.081875,40.0195431400001,115,,False
15907,19102,-75.1630302,39.9575369900001,496,1.0,True
15908,72205,-92.32433467,34.7501026,222,,False
15909,93703,-119.77914508,36.7732504300001,54,,False
15910,16117,-80.275656,40.8699700000001,62,,True
15911,18452,-75.596063,41.480823,25,,False
15912,19083,-75.33442904,39.97502538,57,,False
15913,16504,-80.063293,42.102202,78,,False
15914,01247,-73.1095,42.7071,36,,True
15915,19064,-75.35005619,39.92205017,25,,False
15916,19125,-75.12912404,39.98985686,21,,True
15917,30540,-84.49337651,34.6785619500001,50,,False
15918,47630,-87.4451077799999,37.9748831700001,24,,True
15919,57042,-97.1104281299999,44.0145442300001,25,,False
15920,04064,-70.37852173,43.5192952400001,16,,False
15921,90822,-118.11907858,33.7766350300001,237,,False
15922,57701,-103.22646152,44.0568202100001,51,,True
15923,56531,-95.9639933,45.9943086700001,20,,False
15924,18951,-75.3485949299999,40.43813714,62,,False
15925,23185,-76.74059784,37.25551282,0,,False
15926,24070,-80.1098974499999,37.3914313400001,110,,False
15927,74104,-95.96673672,36.1337336300001,60,,True
15928,70527,-92.3689427799999,30.21933721,0,,False
15929,70601,-93.22262023,30.2050534000001,29,,False
15930,29203,-80.9804776999999,34.0792533600001,38,,False
15931,76054,-97.1854156799999,32.8632298300001,0,,False
15932,43420,-83.1160708,41.3798975,0,,True
15933,27284,-80.04369224,36.0914045700001,50,,False
15934,28301,-78.8769558399999,35.0878226200001,127,,False
15935,98029,-122.02180895,47.53614824,144,,False
15936,98498,-122.56443104,47.18095643,47,,False
15937,57013,-96.57999678,43.30398569,0,,False
15938,10970,-74.03806184,41.15907557,378,,False
15939,57105,-96.71432391,43.53423365,24,,True
15940,61832,-87.58695313,40.12327171,221,,True
15941,13126,-76.4899168599999,43.448562,32,,False
15942,14843,-77.66309791,42.3474877400001,0,,False
15943,10548,-73.92928204,41.2370188100001,0,,False
15944,11701,-73.42114535,40.6852366100001,124,,False
15945,79225,-99.51579603,34.25475226,21,,False
15946,60160,-87.8484949799999,41.8929601200001,181,,False
15947,57785,-103.50702535,44.40227207,25,,True
15948,99835,-135.34693503,57.0597613300001,27,,False
15949,59403,-111.29849987,47.48881047,85,,True
15950,10044,-73.9421438799999,40.7703021400001,210,,False
15951,37355,-86.08407034,35.4690063900001,36,,True
15952,37748,-84.55166105,35.93489292,36,,True
15953,66749,-95.39432263,37.92140928,25,,False
15954,00680,-67.13146105,18.20615773,0,,False
15955,00714,-66.05836758,17.97596128,38,,True
15956,00936,-66.0724496399999,18.3919329500001,0,,False
15957,78701,-97.73383345,30.27385338,339,,True
15958,76426,-97.76235235,33.2193652600001,36,,True
15959,34239,-82.5341225399999,27.3187217500001,86,,False
15960,32960,-80.39624279,27.6611555700001,46,,False
15961,33612,-82.42799488,28.0614677900001,16,,False
15962,32563,-87.03943309,30.39777632,30,,False
15963,33484,-80.12949214,26.43634854,53,,True
15964,78017,-99.1749823,28.6708550600001,18,,True
15965,33325,-80.348686,26.1122530100001,100,,False
15966,77093,-95.34211249,29.87149322,39,,False
15967,77008,-95.40414617,29.80367162,46,,False
15968,79553,-99.78329501,32.9278458100001,25,,True
15969,75051,-97.0493792,32.7329414700001,41,,True
15970,44113,-81.6908684699999,41.4806953,0,,False
15971,83642,-116.35260829,43.5996965200001,0,,True
15972,06111,-72.74061649,41.7016855900001,0,,False
15973,37129,-86.3806145,35.9143078000001,0,,True
15974,97116,-123.08947513,45.5177801300001,48,,False
15975,75204,-96.78160751,32.79182316,68,,False
15976,76051,-97.0980462799999,32.8895264500001,60,,False
15977,75662,-94.86804406,32.37353582,60,,True
15978,75075,-96.76907374,33.02123751,43,,False
15979,78539,-98.20081327,26.26404819,25,,False
15980,79720,-101.49791164,32.27052408,200,,False
15981,76384,-99.32598275,34.1553529500001,640,,False
15982,78229,-98.57672949,29.4996498300001,73,,False
15983,78216,-98.5326960899999,29.5151983700001,94,,False
15984,77004,-95.3839589999999,29.7241795200001,7,,False
15985,52732,-90.21374357,41.84002429,0,,False
15986,68131,-95.9558884899999,41.26424129,31,,False
15987,95817,-121.46087696,38.55719537,50,,False
15988,95816,-121.47251683,38.57186985,100,,False
15989,92626,-117.92280306,33.6634442100001,1218,,False
15990,30327,-84.4286012699999,33.84329175,64,,False
15991,31792,-83.99389357,30.8082865900001,400,,False
15992,31602,-83.3355585199999,30.8986369300001,45,,False
15993,30529,-83.4690073899999,34.2193985700001,90,,True
15994,30643,-82.93947389,34.3466356500001,82,,False
15995,02830,-71.7624610399999,41.9972536500001,120,,False
15996,70433,-90.13503711,30.45843446,38,,False
15997,70444,-90.52971876,30.9373615700001,18,,False
15998,96919,144.7366118,13.4752103000001,0,,True
15999,40121,-85.9414374999999,37.9003532,0,,False
16000,49855,-87.40082366,46.55426642,264,2.0,True
16001,19078,-75.32022575,39.87770033,213,,False
16002,07753,-74.03962838,40.2081879400001,618,,True
16003,07112,-74.2119276399999,40.7094702800001,0,,False
16004,84010,-111.87179694,40.88500135,43,,False
16005,23455,-76.1314774799999,36.8678106,158,,False
16006,23226,-77.51229963,37.5836145800001,391,,True
16007,23235,-77.56756641,37.54916454,0,,False
16008,33125,-80.21672492,25.7912225200001,281,,False
16009,66701,-94.71096739,37.80619303,61,,True
16010,55404,-93.26424091,44.9594894300001,20,,False
16011,15901,-78.92129736,40.3263870800001,39,,True
16012,19380,-75.6009069999999,39.968325,39,,False
16013,15065,-79.73619518,40.6185457400001,35,,True
16014,15202,-80.0604064,40.4951982600001,32,,False
16015,37650,-82.4130515799999,36.1336207200001,10,,True
16016,23220,-77.45083318,37.57090134,36,,False
16017,22601,-78.17239498,39.1831558600001,495,,False
16018,34981,-80.37141531,27.3759496700001,150,,False
16019,35055,-86.84598486,34.1509213200001,40,,False
16020,35801,-86.5746174,34.72063759,0,,False
16021,92807,-117.81773659,33.85301767,326,,False
16022,46544,-86.18197979,41.65870807,32,,False
16023,70807,-91.15682523,30.5181316800001,0,,False
16024,20785,-76.92066798,38.9310253800001,233,2.0,True
16025,19148,-75.16930237,39.9211358700001,204,,False
16026,63857,-90.04116699,36.2354033,116,,True
16027,96080,-122.24244891,40.1747476100001,16,,False
16028,16066,-80.0982204599999,40.6833150800001,35,,True
16029,17105,-76.816477,40.284255,114,,False
16030,18102,-75.49446471,40.6021388500001,52,,False
16031,99362,-118.32916638,46.0551627500001,72,,True
16032,99202,-117.40856126,47.65024306,34,,False
16033,98034,-122.20213964,47.7193872400001,25,,False
16034,98557,-123.26028457,47.05579212,24,,True
16035,98632,-122.92443321,46.1371160300001,0,,False
16036,98166,-122.34338354,47.4578924400001,31,,False
16037,98225,-122.47255449,48.74403657,0,,False
16038,98146,-122.350699,47.49433229,63,,False
16039,98109,-122.32973573,47.62645489,20,,False
16040,98663,-122.66988867,45.64612622,0,,False
16041,68509,-96.73392501,40.78078063,200,,False
16042,68045,-96.45918371,41.83485355,18,,False
16043,69162,-102.97261956,41.13793725,88,,False
16044,68410,-95.8621545,40.6797857700001,18,,True
16045,68781,-97.83784808,42.0473513200001,12,,False
16046,68803,-98.3638754,40.9246510300001,36,,False
16047,67207,-97.2426940399999,37.65508771,26,,False
16048,67218,-97.29259655,37.66615812,0,,False
16049,66871,-95.5996299399999,38.38818202,0,,False
16050,66062,-94.7678099999999,38.8857850000001,72,,False
16051,66221,-94.6512421799999,38.93288391,48,,False
16052,67070,-98.48361721,37.0151105300001,58,,True
16053,67301,-95.71672646,37.2247786300001,40,,True
16054,67356,-95.11107692,37.1592127100001,12,,False
16055,66048,-94.91834632,39.30731117,54,,True
16056,67220,-97.26058197,37.7312246500001,82,,False
16057,59047,-110.56928744,45.6492691,25,,True
16058,07960,-74.4662033499999,40.7889371700001,657,,True
16059,38655,-89.52019895,34.34882029,217,3.0,True
16060,67058,-98.0329262399999,37.2839891200001,25,,False
16061,38668,-89.95627268,34.6246197300001,76,,False
16062,39038,-90.47008105,33.1830548200001,34,,False
16063,44236,-81.4879654699999,41.2363414500001,23,,False
16064,38646,-90.2775025,34.24695538,33,,True
16065,06511,-72.94248292,41.3099993600001,511,,True
16066,19963,-75.4310756199999,38.9124017600001,127,,True
16067,67003,-98.01734909,37.1549925900001,25,,True
16068,39120,-91.38682399,31.5249081700001,101,,False
16069,46360,-86.8981889999999,41.659675,123,,True
16070,46037,-85.930289,39.9870970000001,44,,True
16071,77619,-93.9222825699999,29.93896657,17,,False
16072,82240,-104.18284963,42.0590686300001,0,,False
16073,82601,-106.30712224,42.8479042700001,0,,True
16074,43953,-80.70122136,40.3724339,36,,False
16075,58601,-102.7858878,46.88643897,25,,False
16076,12518,-74.04232114,41.4352513600001,125,,True
16077,80304,-105.2832587,40.02606052,178,,True
16078,98902,-120.52102686,46.5969318,214,,True
16079,80123,-105.09248641,39.59588383,8,,False
16080,80923,-104.7172964,38.9382821900001,30,,True
16081,45238,-84.60736474,39.1349561600001,156,,True
16082,27804,-77.818865,35.975103,50,,False
16083,38801,-88.71687,34.232067,0,,False
16084,85286,-111.89566631,33.2656536100001,0,,False
16085,85345,-112.27129468,33.58703179,16,,False
16086,06067,-72.65651214,41.65674059,125,,False
16087,33637,-82.35733765,28.07039609,53,,False
16088,22402,-79.02740691,38.1424439300001,84,,False
16089,23803,-77.44910978,37.2115996800001,126,,False
16090,24541,-79.41002832,36.5547568100001,72,,False
16092,30152,-84.60626393,33.9862621500001,100,,False
16093,30338,-84.30876592,33.92502326,168,,False
16094,31901,-84.96811113,32.48269659,0,,False
16095,77630,-93.76655679,30.09981953,40,,True
16096,76692,-97.31981573,31.9508067100001,49,,True
16097,79401,-101.85083078,33.5867927,0,,False
16098,00919,-66.0723078199999,18.3972159900001,0,,True
16099,07470,-74.20485293,40.94668642,38,,False
16100,75070,-96.70720525,33.1426168300001,24,,False
16101,00922,-66.07587827,18.39052467,0,,False
16102,32746,-81.3487449099999,28.7699805600001,0,,False
16103,32340,-83.418787,30.471301,25,,True
16104,11040,-73.70845654,40.75300509,202,,False
16105,38852,-88.2083545099999,34.8018562400001,48,,True
16106,85607,-109.56068219,31.33959437,0,,False
16107,84108,-111.83318376,40.7563386900001,0,,False
16108,93940,-121.88590607,36.5811829900001,28,,
16109,93702,-119.75211437,36.73705714,16,,
16110,48846,-85.086655,42.9626910000001,0,,
16111,30517,-83.8377,34.1205360000001,0,,
16112,30303,-84.3820669999999,33.7538960000001,0,,
16113,43147,-82.7830702099999,39.9118233300001,0,,
16114,44714,-81.37244027,40.8099537100001,0,,
16115,43082,-82.9372736,40.14710352,0,,
16116,45229,-84.50292745,39.1370148400001,0,,
16117,43215,-82.98776204,39.9535436300001,0,,
16118,45206,-84.4971659999999,39.1294100000001,0,,
16119,08401,-74.4385142,39.3630858000001,0,,
16120,56701,-96.1795066,48.1161515000001,16,,
16121,57368,-98.46573475,43.7251036100001,66,,
16122,56425,-94.2576299,46.3591422000001,16,,
16123,56308,-95.35408621,45.8825622200001,16,,
16124,56537,-96.1057157,46.2752393000001,16,,
16125,04102,-70.2763087,43.6530936,0,1.0,True
16126,56201,-95.00719591,45.14578248,16,,
16127,57702,-103.3775922,43.9092188000001,52,,
16128,55904,-92.4560106,43.9726957,16,,
16129,57783,-103.8178055,44.4844536000001,30,,
16130,28401,-77.9294216,34.1943217,0,,
16131,55303,-93.37965731,45.2151039400001,175,,
16132,55302,-94.1013814,45.2550512,16,,
16133,72301,-90.1769176,35.1529394,49,,
16134,57104,-96.7193806,43.5776760000001,34,,
16135,56601,-94.878586,47.4763004000001,16,,
16136,57301,-98.0303393,43.7015817000001,38,,
16137,55443,-93.3540847,45.1252675000001,71,,
16138,08837,-74.3472778,40.5000667,0,,
16139,80920,-104.7548268,38.9687805,0,,True
16140,70764,-91.2194173999999,30.2666257000001,0,,True
16141,45504,-83.811347955,39.9397549450001,0,,False
16142,64801,-94.526984697,37.0574669280001,0,,True
16143,74820,-96.6334993,34.7781509000001,20,,True
16144,73401,-97.1409012,34.1890078000001,20,,True
16145,74401,-95.4058995,35.7526359,26,,False
16146,73505,-98.4625439,34.5940499000001,14,,True
16147,23229,-77.5402667,37.6047813000001,767,,True
16148,24277,-83.050829528,36.7488159010001,6,,True
16149,24219,-82.7543514,36.8770338,204,,True
16150,79761,-102.3595613,31.8517044000001,14,,False
16151,75165,-96.8622713999999,32.372507,4,,True
16152,77091,-95.408471,29.8479504000001,117,,True
16153,75605,-94.7367204,32.5487204,3,,False
16154,77630,-93.81462,30.1109659000001,4,,False
16155,78414,-97.3753235999999,27.6863586000001,33,,False
16156,77521,-94.96173,29.769172,36,,False
16157,76063,-97.087187366,32.5638813830001,30,,False
16158,75165,-96.830381353,32.41084862,30,,False
16159,75078,-96.869664847,33.2207814720001,34,,True
16160,77338,-95.289676771,30.006491732,4,,False
16161,78717,-97.802023951,30.4851807430001,36,,True
16162,78249,-98.5921062,29.5852658000001,54,,False
16163,78526,-97.5140396,25.9733619,59,,False
16164,78414,-97.3771702,27.6840682000001,24,,True
16165,77049,-95.17033,29.8078610000001,4,,False
16166,79938,-106.266638,31.780267,36,,False
16167,75078,-96.8306496,33.2217032,40,,False
16168,78221,-98.4883705999999,29.3229517,36,,False
16169,79106,-101.9195939,35.189267,8,,False
16170,79424,-101.954778975,33.537883875,7,,False
16171,77505,-95.1603378999999,29.6374987,61,,False
16172,77030,-95.3989400999999,29.7112948000001,43,,True
16173,76226,-97.2058070639999,33.131356635,12,,False
16174,79124,-101.926234459,35.1977196440001,54,,False
16175,76234,-97.5932944,33.2177042000001,99,,True
16176,76177,-97.3129713,32.8968711000001,24,,False
16177,77055,-95.5250683,29.7852486,56,,False
16178,78132,-98.1562762999999,29.6744559000001,4,,False
16179,78233,-98.371469,29.542135,40,,False
16180,77479,-95.6425397,29.5870511000001,41,,False
16181,79772,-103.513895126,31.401292868,25,,True
16182,76018,-97.1082469999999,32.6761920000001,40,,False
16183,75075,-96.7574681,33.0009973000001,48,,False
16184,75189,-96.3399777,32.9665217,4,,False
16185,78240,-98.5915090999999,29.5258639,48,,False
16186,75093,-96.7896729999999,33.0146848000001,30,,True
16187,78717,-97.7912602279999,30.4741713070001,52,,True
16188,79424,-101.920686379,33.4934174730001,8,,False
16189,77598,-95.129628396,29.537410692,74,,False
16190,75034,-96.8380598689999,33.1512701510001,70,,True
16191,78404,-97.3946639,27.7781156,42,,True
16192,79415,-101.9014971,33.6164962,32,,False
16193,77304,-95.4759365,30.2827932000001,64,,False
16194,77498,-95.648596644,29.6421972810001,60,,False
16195,02920,-71.4651837,41.7471401000001,53,,False
16196,87109,-106.5522883,35.1302136,14,,False
16197,87114,-106.6649013,35.1832102000001,0,,False
16198,88011,-106.7365595,32.2903535,0,,False
16199,87102,-106.6372946,35.0868911000001,0,,False
16200,87507,-106.025075222,35.6160195590001,36,,True
16201,87401,-108.21514,36.7264688000001,0,,False
16202,87402,-108.149196493,36.7673784020001,0,,False
16203,68847,-99.0818186,40.7073956,175,,True
16204,69145,-103.665140781,41.2349642090001,15,,False
16205,68769,-97.7857799,42.3586767,15,,False
16206,44129,-81.7313889,41.3818498000001,29,,True
16207,43616,-83.4851912999999,41.6351684000001,31,,True
16208,45040,-84.2579803799999,39.3555323,60,,False
16209,56482,-95.1587519,46.4515223000001,49,,True
16210,59501,-109.6856631,48.5383668000001,25,,False
16211,38606,-89.914188037,34.30554848,0,,False
16212,38606,-89.9167801999999,34.3046469000001,31,,False
16213,38801,-88.7142621,34.2318693,34,,False
16214,39503,-89.0932941,30.4439708,130,,True
16215,10002,-73.9911294,40.7206952000001,115,,False
16216,11803,-73.4786247,40.7750340000001,204,,False
16217,11580,-73.68668,40.6815183000001,264,,False
16218,13203,-76.1494769999999,43.0558374,451,,False
16219,11201,-73.9975266,40.6908987,2,,False
16220,11542,-73.6225297,40.8711487,204,,False
16221,11030,-73.7019213999999,40.777381,794,,True
16222,12572,-73.9131563999999,41.9355377000001,84,,False
16223,12180,-73.6762929,42.7429020000001,20,,False
16224,12401,-73.9987505,41.9215394,191,,True
16225,14760,-78.4276942,42.0897777000001,186,,True
16226,10309,-74.1963790999999,40.5167578000001,194,,False
16227,12601,-73.9361727,41.6937994,349,,True
16228,12204,-73.748474,42.6741302,165,,False
16229,12308,-73.9152685,42.8207479000001,115,,False
16230,11040,-73.7074061,40.7538341000001,1004,,False
16231,10011,-74.000909,40.7378021000001,2,,False
16232,14094,-78.706975587,43.148493074,10,,False
16233,11791,-73.5086846,40.8109438000001,103,,False
16234,11375,-73.8517386,40.7290511,312,,False
16235,12084,-73.9051911,42.6995584000001,40,,False
16236,12208,-73.8034597,42.6562916,442,,False
16237,12180,-73.6732565999999,42.7334005000001,272,,False
16238,10512,-73.6632585,41.3825578,164,,False
16239,10305,-74.0860039,40.5848868,491,,True
16240,12401,-73.9952919,41.9264460000001,109,,False
16241,11706,-73.2413581,40.7257115,325,,True
16242,27704,-78.901004439,36.0361381430001,30,,False
16243,28203,-80.8385574,35.2034162,1220,,True
16244,28277,-80.842648315,35.0393422610001,36,,True
16245,28646,-81.887887,36.0615109,0,,True
16246,27509,-78.7751698,36.1372192000001,0,,False
16247,28625,-80.8289356,35.8184968,0,,True
16248,27529,-78.5609990999999,35.6779330000001,0,,False
16249,78250,-98.6402053149999,29.524180417,2,,False
16250,76548,-97.681186343,31.071548175,30,,False
16251,79916,-106.467284813,31.9291735150001,0,,False
16252,44060,-84.388603474,39.2462927070001,40,,False
16253,63044,-92.477412487,38.3676389510001,16,,False
16254,17104,-76.875673697,40.2569390630001,0,,False
16255,13502,-75.235320137,43.1032848350001,373,,False
16256,10021,-73.9609139139999,40.7737838350001,632,,False
16257,37250,-86.3421511079999,35.843107423,100,,True
16258,89511,-119.767953209,39.466079236,158,,True
16259,89503,-119.81840318,39.5322576290001,24,,True
16260,19141,-75.143512399,40.0365963200001,0,,True
16261,15212,-80.0039849999999,40.4569098000001,0,,True
16262,19104,-75.193513407,39.9487139930001,0,,True
16263,18507,-75.679953631,41.356104972,0,,False
16264,17822,-76.6045774,40.9676873000001,0,,False
16265,17756,-76.8079792,41.2399281,0,,False
16266,19104,-75.1930058999999,39.9499701,0,,True
16267,16001,-79.88107755,40.8668383420001,0,,True
16268,16214,-79.397699852,41.1918872260001,0,,True
16269,18519,-75.6325070569999,41.453247581,0,,False
16270,18062,-75.5631951,40.5191477000001,0,,False
16271,18103,-75.5238394,40.5663458000001,0,,True
16272,19096,-75.262396963,39.9884506510001,0,,True
16273,17033,-76.674796401,40.263540903,0,,True
16274,17601,-76.384425264,40.0828210490001,0,,True
16275,19134,-75.1253382,40.0068095,0,,True
16276,19140,-75.1499736,40.0051215,0,,True
16277,19107,-75.1580810409999,39.949723051,0,,False
16278,15213,-79.960782743,40.442424552,0,,True
16279,84120,-111.99085198,40.698034771,102,,True
16280,84043,-111.898830208,40.4147821280001,66,,False
16281,84770,-113.585998189,37.0838142010001,12,,False
16282,58501,-100.7822543,46.8081917000001,0,,True
16283,58201,-97.047308135,47.877749049,40,,False
16284,99202,-117.409084935,47.6490073960001,102,,False
16285,98278,-122.681126154,48.336434228,25,,True
16286,98057,-122.237631397,47.4580110090001,0,,False
16287,98407,-122.520080808,47.2529310890001,0,,False
16288,53097,-87.9261229429999,43.25618876,30,,True
16289,53081,-87.7542811,43.7330079000001,119,,False
16290,53143,-87.8201256999999,42.5776152,39,,True
16291,53711,-89.426926,42.9947419000001,56,,False
16292,53226,-88.0372891,43.0360726000001,50,,True
16293,53226,-88.024580078,43.040733491,0,,True
16294,54115,-87.9899677,44.4566907000001,14,,False
16295,54311,-87.9408226629999,44.48022444,40,,False
16296,54482,-89.544253767,44.542933804,12,,True
16297,53205,-87.927950527,43.0508534790001,6,,False
16298,53227,-88.0395591119999,42.986374873,40,,False
16299,53566,-89.6344136989999,42.6085609400001,95,,True
16300,54911,-88.36649646,44.2965934060001,25,,False
16301,53792,-89.431824531,43.0761509500001,0,,True
16302,08079,-75.4443257349999,39.59362101,68,,True
16303,08861,-74.280836,40.5191458,30,,False
16304,08046,-74.8810046999999,40.0471259,69,,False
16305,82331,-106.8260949,41.4544295000001,25,,False
16306,37922,-84.122021675,35.9011593970001,73,,False
16307,38301,-88.8318523999999,35.6365424000001,50,,True
16308,37916,-83.9371272,35.9576025000001,65,,True
16309,37129,-86.506240818,35.858819329,402,,False
16310,29505,-79.751595225,34.160227972,20,,False
16311,29715,-80.957833175,35.0229722060001,100,,True
16312,29150,-80.416777946,33.9624669300001,32,,False
16313,29033,-81.051254587,33.955179953,36,,False
16314,29518,-79.784173999,33.805974743,25,,True
16315,29456,-80.0873104,32.9690611,60,,False
16316,29621,-82.628024,34.5412145,28,,False
16317,03865,-71.105206271,42.8197246760001,0,,False
16318,00956,-66.153983236,18.367609374,0,,False
16319,00698,-66.8577170249999,18.031208034,0,,False
16320,00680,-67.1408666999999,18.2032157,0,,False
16321,00646,-66.2902697,18.4558957,0,,False
16322,08204,-74.8820431999999,38.9479725,0,,False
16323,76544,-97.709552,31.1404208000001,0,,False
16324,65583,-92.1924307529999,37.82262209,0,,False
16325,65806,-93.3074204,37.1984015,0,,False
16326,65201,-92.3037285999999,38.9011526,0,,False
16327,63128,-90.3815815519999,38.510499838,50,,False
16328,63106,-90.2122135239999,38.6432415100001,3,,False
16329,74017,-95.6291436289999,36.316108824,0,,True
16330,74133,-95.8633731,36.0514987,0,,False
16331,73109,-97.533421327,35.422311339,334,,True
16332,73114,-97.5104019999999,35.5571110000001,7,,False
16333,74127,-96.0000318,36.1465114000001,46,,True
16334,74114,-95.9387523,36.1287664000001,0,,False
16335,74055,-95.825772,36.2777130000001,40,,False
16336,73114,-97.512578886,35.574102742,40,,False
16337,74133,-95.8617822319999,36.0493138100001,40,,False
16338,74006,-95.938631016,36.752784606,9,,True
16339,73034,-97.461488905,35.6544322400001,17,,True
16340,74301,-95.1563786,36.6538739000001,20,,True
16341,74006,-95.9385462,36.7525241000001,16,,True
16342,73644,-99.42592824,35.4140101940001,8,,True
16343,73034,-97.418378901,35.6442428820001,3,,True
16344,92501,-117.381208656,33.9765282910001,0,,True
16345,72903,-94.381204543,35.339241552,0,,False
16346,85613,-110.352230496,31.5486289630001,0,,False
16347,35205,-86.788931705,33.507466224,34,,False
16348,85013,-112.079195294,33.4820973660001,0,,True
16349,72019,-92.5207602999999,34.6130032,25,,True
16350,48315,-82.9928747,42.6400429,23,,False
16351,66749,-95.3921151,37.9486543,25,,True
16352,36109,-86.2435281429999,32.377183055,0,,False
16353,72076,-92.1250602389999,34.8734835810001,29,,False
16354,35811,-86.5412500149999,34.7729458410001,85,,False
16355,72112,-91.2647717,35.6077662000001,35,,False
16356,85364,-114.438282825,32.8600612050001,0,,False
16357,86301,-112.471395094,34.5564454140001,24,,False
16358,35740,-85.773838548,34.929183928,21,,False
16359,85712,-110.879650423,32.253565506,28,,True
16360,36207,-85.823801055,33.668242064,125,,False
16361,71655,-91.8169957599999,33.6108353560001,76,,True
16362,85381,-112.26182306,33.606855094,40,,False
16363,85365,-114.52243363,32.6800398080001,9,,True
16364,85006,-112.055788669,33.464245356,0,,False
16365,85941,-109.959805846,33.8765821860001,0,,True
16366,95817,-121.45522066,38.5548827370001,0,,True
16367,85295,-111.743989324,33.31621089,40,,False
16368,85006,-112.04579318,33.454457334,48,,False
16369,85392,-112.294821693,33.4633400920001,30,,False
16370,85016,-112.0418617,33.4789434,0,,True
16371,49503,-85.6629271,42.9592217750001,28,,True
16372,85054,-111.95643475,33.659124433,0,,True
16373,85741,-111.01065,32.3224910000001,30,,False
16374,86442,-114.5989689,35.1000687000001,19,,False
16375,85295,-111.6874057,33.3137187,14,,False
16376,85748,-110.775409594,32.195683661,44,,True
16377,85139,-112.047901,33.0528061000001,9,,False
16378,92123,-117.154558504,32.800739005,0,,False
16379,85012,-112.066130417,33.495561803,0,,False
16380,90033,-118.208441147,34.0596589210001,600,1.0,True
16381,93636,-119.804412782,36.882906109,128,,False
16382,95815,-121.457320752,38.597129554,117,,False
16383,92354,-117.262743195,34.049296423,0,,True
16384,95202,-121.2859494,37.9657862,50,,False
16385,95816,-121.4694505,38.5709021000001,0,,True
16386,95834,-121.5291683,38.6518466000001,50,,False
16387,95820,-121.4511406,38.5473637000001,52,,False
16388,90732,-118.3050062,33.7383869000001,158,,False
16389,90732,-118.3050062,33.7383869000001,25,,False
16390,94304,-122.1738746,37.4360801,0,,True
16391,99835,-135.3684883,57.0549112,0,,False
16392,94117,-122.434659601,37.7687320920001,18,,False
16393,80913,-104.797337927,38.7191140480001,0,,False
16394,90048,-118.38016072,34.075405108,915,1.0,True
16395,92656,-117.727911597,33.562987106,119,,False
16396,80912,-104.884596135,38.991793224,0,,False
16397,80045,-104.83468455,39.7421764160001,468,,True
16398,80921,-104.809977821,38.9881822510001,72,,True
16399,90806,-118.1928532,33.8069502000001,121,,False
16400,93306,-118.9189693,35.3950081,50,,False
16401,81501,-108.540480586,39.0768177030001,0,,False
16402,91436,-118.487059846,34.157468146,13,,False
16403,91436,-118.4870017,34.1574278000001,107,,False
16404,95825,-121.414367752,38.5752979820001,48,,False
16405,80023,-104.993317727,40.0016625920001,22,,True
16406,31830,-84.69218638,32.8879315400001,32,,False
16407,80218,-104.966611827,39.7472602070001,680,,True
16408,32246,-81.487586683,30.2897313020001,48,,True
16409,80045,-104.834914886,39.7421701600001,0,,True
16410,19899,-75.5497083499999,39.751307033,321,,True
16411,19947,-75.392554021,38.6793531910001,34,,False
16412,34275,-82.412996456,27.13297856,42,,False
16413,80210,-104.975315936,39.6702422290001,368,3.0,True
16414,06457,-72.61494872,41.558361694,0,,False
16415,32778,-81.7122883709999,28.817685963,42,,False
16416,34109,-81.7886358059999,26.2701885000001,50,,False
16417,19971,-75.1402723259999,38.7231836610001,24,,False
16418,80914,-104.702950326,38.8253144190001,0,,False
16419,20002,-76.9958424,38.8930863,60,,False
16420,34761,-81.5228683569999,28.54872664,54,,False
16421,33606,-82.474025329,27.9452689870001,80,,False
16422,19973,-75.604041259,38.641983979,139,,True
16423,33458,-80.108212126,26.8888563,42,,False
16424,32259,-81.497072571,30.0704489020001,56,,True
16425,33544,-82.355915682,28.2233815760001,86,,True
16426,32258,-81.5349979329999,30.1344521550001,60,,False
16427,33803,-81.973743627,28.004158304,50,,False
16428,33407,-80.0654809,26.7578724000001,42,,False
16429,34711,-81.70184739,28.5455873080001,50,,False
16430,33612,-82.415136547,28.048370843,128,,False
16431,33909,-81.936905901,26.6684653660001,40,,False
16432,34461,-82.499920717,28.8934545490001,72,,False
16433,33426,-80.0787419,26.5404611000001,71,,False
16434,32003,-81.710326706,30.0791549790001,102,,True
16435,34474,-82.1998232,29.1402521000001,222,,True
16436,33774,-82.824754625,27.8985437110001,169,,False
16437,32503,-87.230173523,30.468328021,492,,False
16438,32084,-81.350989441,29.862627848,40,,False
16439,62781,-89.65628409,39.8097674000001,500,,True
16440,30162,-85.1791573639999,34.259646231,304,,True
16441,32137,-81.244392923,29.5520741020001,100,,True
16442,60612,-87.670628423,41.8696703850001,450,,False
16443,60504,-88.270493597,41.7290859120001,210,,True
16444,60134,-88.3435899999999,41.8865763000001,159,,True
16445,60463,-87.8128143,41.6698049,406,,True
16446,60637,-87.603773022,41.7891557350001,862,,True
16447,61265,-90.5311241329999,41.4681157210001,38,,True
16448,60115,-88.722790823,41.9614098770001,98,,True
16449,60608,-87.6947923069999,41.8611269450001,288,,False
16450,60085,-87.832307344,42.3783626150001,228,,True
16451,61104,-89.0741702,42.265610227,381,,True
16452,60045,-87.8656205999999,42.255887869,114,,True
16453,34787,-81.589313546,28.5238537270001,80,,True
16454,31830,-84.6921222999999,32.8878817,52,,False
16455,60634,-87.7677429,41.9456381000001,296,,False
16456,60622,-87.6836145,41.9026995,469,,True
16457,62959,-88.99123994,37.7428359890001,106,,True
16458,62656,-89.389814378,40.1537834000001,25,,True
16459,60901,-87.872165832,41.1205693000001,182,,True
16460,61944,-87.6773069,39.6078132000001,25,,True
16461,60435,-88.136034826,41.528676869,498,,True
16462,60402,-87.792157762,41.8320374910001,374,,False
16463,60120,-88.3259473049999,42.035948251,184,,True
16464,61282,-90.4184203839999,41.4943785890001,137,,True
16465,60033,-88.606960441,42.4262367540001,50,,True
16466,62040,-90.1438761969999,38.7008198990001,278,,True
16467,60450,-88.42682695,41.369386584,89,,True
16468,61614,-89.597748401,40.753092241,205,,True
16469,62363,-90.8152021719999,39.607531366,35,,True
16470,60942,-87.6598855,40.4586584,24,,True
16471,60169,-88.1410337,42.0529739,318,,True
16472,46260,-86.1958346,39.9090803,0,,True
16473,60631,-87.814331333,41.9880000680001,305,,True
16474,46225,-86.161751152,39.8092919740001,0,,False
16475,60139,-88.0571868,41.9149602000001,143,,True
16476,60440,-88.0850129519999,41.6806900010001,138,,True
16477,46220,-86.098792626,39.856069,0,,False
16478,46143,-86.078909096,39.6323775560001,64,,False
16479,66901,-97.6607537,39.5538814000001,25,,False
16480,47404,-86.573355932,39.1943703740001,30,,False
16481,60007,-88.016762816,42.004723416,396,,True
16482,67905,-100.926727436,37.05677117,18,,False
16483,46032,-86.1600371929999,39.9593710340001,21,,True
16484,60657,-87.6511753999999,41.9367723,326,,False
16485,67861,-101.355206506,38.475371699,35,,False
16486,60506,-88.3256347,41.7859518000001,292,,True
16487,60617,-87.5674753489999,41.7267025720001,205,,False
16488,66203,-94.704512399,38.9937897730001,0,,False
16489,66030,-94.937933,38.8099496,124,,False
16490,66210,-94.7179833,38.9261450000001,40,,False
16491,41101,-82.6925919079999,38.508739631,40,,False
16492,66002,-95.1283858,39.5362052,25,,True
16493,66044,-95.248593193,38.979187118,14,,False
16494,66002,-95.1283858,39.5362052,25,,True
16495,66720,-95.4717193,37.6753113,25,,True
16496,41240,-82.81309751,37.8155090710001,72,,False
16497,41101,-82.634652821,38.470202768,455,,True
16498,66227,-94.854101839,38.988281118,0,,False
16499,40241,-85.570216482,38.317480604,40,,False
16500,42743,-85.493833345,37.2680044000001,35,,True
16501,67022,-97.594519277,37.0297708690001,25,,True
16502,66839,-95.737619201,38.2021741660001,25,,True
16503,66801,-96.196088011,38.4117258850001,35,,True
16504,20904,-76.9575186279999,39.0494704130001,226,,False
16505,48106,-83.65454419,42.264944525,36,,True
16506,20715,-76.7018353999999,38.9581647000001,0,,False
16507,71104,-93.7621991139999,32.481453199,0,,True
16508,01109,-72.54792766,42.121010287,47,,False
16509,70508,-91.991943646,30.155020586,0,,False
16510,48341,-83.2758540999999,42.6128953,464,,True
16511,49442,-86.241054397,43.2222425750001,27,,False
16512,21001,-76.175991801,39.5204532110001,0,,False
16513,02542,-70.5684476,41.6601672,0,,False
16514,71105,-93.724332652,32.447066922,0,,False
16515,01040,-72.633996,42.1659064,0,,False
16516,70601,-93.221306377,30.204041053,0,,False
16517,49503,-85.663154939,42.9588278040001,357,,True
16518,48341,-83.276416577,42.6145115300001,34,,True
16519,01581,-71.580638514,42.28361484,0,,False
16520,49036,-84.989972042,41.9381687650001,16,,False
16521,48670,-84.2604004469999,43.6351200340001,16,,True
16522,49721,-84.4824074969999,45.6317319400001,18,,False
16523,49707,-83.4494181709999,45.0779898530001,124,,True
16524,48060,-82.4297392,42.9869446000001,163,,True
16525,49707,-83.4492600999999,45.0778713,15,,True
16526,49036,-84.989919465,41.93825873,71,,True
16527,48670,-84.257943159,43.6353986440001,308,,True
16528,48106,-83.6547160919999,42.264974163,524,,True
16529,48446,-83.3204855,43.0629251,183,,True
16530,48446,-83.3204855,43.0629251,20,,True
16531,48342,-83.2907259,42.6385371000001,40,,False
16532,48060,-82.4297392,42.9869446000001,23,,True
16533,48342,-83.2907561599999,42.6386154200001,280,,False
16534,48910,-84.501665643,42.7016634390001,15,,True
16535,49085,-86.4786056839999,42.0882254480001,215,,True
16536,48192,-83.147336649,42.2102209450001,322,,False
16537,48192,-83.147473497,42.210194335,38,,False
16538,48236,-82.9144999329999,42.419834236,27,,True
16539,48503,-83.7047328309999,43.021547088,74,,False
16540,48073,-83.192346949,42.515069662,1101,,True
16541,49423,-86.114265668,42.774970813,16,,False
16542,49015,-85.1868853,42.2498183000001,93,,False
16543,49423,-86.1144128129999,42.7750206520001,173,,False
16544,48708,-83.868214726,43.588507695,39,,True
16545,48124,-83.210986362,42.2956356940001,144,,False
16546,48708,-83.86820998,43.588384282,356,,True
16547,48075,-83.2049597609999,42.4579938580001,25,,True
16548,48135,-83.313734585,42.3324830610001,28,,True
16549,48503,-83.704514171,43.0216727810001,383,,False
16550,49048,-85.56019538,42.3080198170001,50,,True
16551,48071,-83.0870525,42.4940492000001,26,,False
16552,48071,-83.087161174,42.493987948,133,,False
16553,85258,-111.883654242,33.5676093170001,120,,False
16554,55426,-93.362230541,44.929641878,426,,True
16555,60657,-87.6371796779999,41.9338629170001,326,,False
16556,19718,-75.669225163,39.6874585370001,1039,,True
16557,32256,-81.51801654,30.2429136220001,50,,False
16558,40965,-83.74018707,36.605926176,96,,True
16559,66441,-96.851012923,39.013948246,49,,True
16560,85206,-111.729353261,33.3852826130001,56,,False
16561,71832,-94.31937068,34.1066404220001,15,,True
16562,90502,-118.291813116,33.8304776790001,0,,True
16563,66090,-94.8744430679999,39.7490815680001,0,,False
16564,31909,-84.9305505,32.5703358000001,40,,False
16565,48235,-83.181811325,42.4185614300001,21,,True
16566,70471,-90.040098778,30.4117849310001,0,,False
16567,49085,-86.4784856489999,42.08863001,26,,True
16568,48093,-83.0041494769999,42.505958112,28,,True
16569,80634,-104.790736739,40.4199785160001,42,,False
16570,85707,-110.885483042,32.1821212890001,0,,False
16571,48135,-83.3141024939999,42.3325408520001,281,,True
16572,34119,-81.689027,26.24865515,50,,False
16573,48235,-83.181845887,42.418797075,383,,True
16574,48236,-82.9143671959999,42.4200576590001,654,,True
16575,85301,-114.438262504,32.860033495,0,,False
16576,92078,-117.170293772,33.129541902,168,,False
