DeptId,ZipCode,NumberOfStations,ActivePersonnel
0,74432,1,15
1,72537,2,29
2,01085,1,30
3,74647,1,8
4,65793,3,37
5,19044,0,0
6,58102,1,24
7,32218,1,22
8,63044,1,27
9,37777,1,35
10,02852,1,63
11,55811,1,31
12,84116,1,29
13,00979,1,11
14,88317,1,12
15,85034,1,26
16,85706,1,38
17,31408,1,52
18,25405,1,30
19,13211,1,39
20,61607,1,28
21,62707,1,24
22,51111,1,65
23,39307,1,64
24,72903,1,25
25,43314,3,26
26,38859,1,16
27,63044,1,3
28,95678,1,21
29,72958,1,15
30,76692,1,8
31,75109,1,23
32,39358,1,12
33,13343,2,42
34,78953,2,16
35,71754,2,10
36,37620,1,32
37,33039,1,50
38,39641,3,42
39,27501,2,43
40,61920,1,18
41,66549,1,15
42,70510,2,26
43,78612,1,12
44,75801,1,12
45,72542,1,12
46,82005,2,53
47,14304,1,54
48,77320,1,22
49,36278,1,20
50,46125,2,21
51,14802,1,50
52,06351,1,45
53,16417,1,48
54,30680,1,8
55,28147,1,7
56,29620,1,31
57,29620,1,252
58,36310,1,33
59,70510,4,38
60,31001,1,15
61,60064,1,32
62,76621,1,15
63,24606,1,25
64,60064,1,53
65,58001,1,16
66,98520,2,36
67,21001,4,75
68,57401,3,48
69,28315,2,65
70,21005,3,60
71,57401,1,28
72,07747,1,46
73,45101,1,14
74,83210,2,25
75,79311,1,37
76,87006,2,21
77,68001,1,24
78,79601,8,198
79,67410,1,24
80,61410,4,60
81,23018,3,103
82,19001,1,42
83,02351,2,27
84,47330,1,22
85,75161,1,15
86,46814,2,82
87,54101,1,25
88,59001,1,18
89,08201,1,45
90,57369,1,25
91,70515,1,19
92,70515,3,44
93,20607,1,29
94,83342,1,11
95,74720,1,11
96,39735,2,20
97,50601,1,29
98,18301,1,35
99,28456,3,30
100,87034,1,16
101,71953,1,14
102,15520,1,15
103,04001,1,33
104,02743,3,41
105,03601,1,20
106,53020,1,28
107,74820,2,32
108,49301,2,24
109,56510,1,19
110,45810,1,14
111,63559,4,25
112,74960,2,20
113,42728,1,33
114,50002,1,28
115,74330,1,25
116,97330,2,17
117,42202,1,23
118,99546,1,5
119,16046,2,46
120,13606,1,18
121,53910,2,35
122,80229,4,104
123,99341,1,30
124,99371,1,24
125,99169,1,30
126,99344,3,28
127,14120,2,40
128,13605,1,58
129,01220,1,28
130,46056,1,30
131,68301,1,22
132,58210,1,15
133,15951,1,30
134,15930,1,40
135,49905,2,26
136,43070,1,15
137,37010,1,17
138,55909,1,25
139,15611,1,33
140,19501,1,40
141,43802,1,32
142,76550,1,10
143,38310,1,16
144,62214,1,25
145,73520,1,8
146,70710,3,29
147,49220,3,32
148,75001,2,56
149,60101,3,66
150,48367,2,21
151,15411,1,23
152,14801,2,26
153,05491,1,29
154,31620,2,36
155,50003,1,27
156,53001,1,24
157,76490,1,12
158,07710,2,53
159,35006,1,14
160,96006,1,16
161,72001,1,12
162,49221,1,32
163,49221,1,28
164,56110,1,26
165,97901,1,15
166,15801,1,25
167,26210,1,18
168,79001,1,10
169,27006,2,52
170,63730,1,17
171,46102,2,39
172,24354,1,28
173,95813,1,15
174,19711,5,151
175,63123,3,36
176,13730,1,23
177,74331,1,17
178,50830,1,30
179,83110,1,30
180,57520,1,28
181,80101,1,12
182,01001,2,69
183,52530,1,16
184,62554,2,50
185,97406,1,16
186,39452,1,30
187,28016,1,47
188,78330,1,11
189,85320,1,19
190,49901,2,18
191,27910,1,30
192,27910,1,226
193,45696,2,16
194,29801,4,119
195,30410,1,10
196,52201,1,25
197,69210,1,36
198,93551,2,52
199,74003,1,7
200,42301,1,32
201,17302,1,56
202,99001,1,39
203,56431,1,32
204,16003,1,27
205,85139,1,69
206,99615,1,5
207,48767,1,16
208,14001,1,72
209,44306,13,360
210,51001,1,25
211,35441,1,24
212,80720,1,25
213,61559,1,32
214,99553,1,14
215,35212,1,15
216,36523,1,20
217,77351,1,18
218,35007,3,60
219,32627,16,257
220,99554,1,4
221,27406,2,46
222,94568,29,400
223,30411,1,9
224,78516,1,25
225,78209,1,28
226,58830,2,31
227,78624,1,6
228,49009,1,22
229,38001,1,23
230,88310,2,26
231,81101,2,33
232,49706,1,28
233,37879,1,20
234,31622,1,0
235,28713,1,17
236,56667,1,15
237,99701,1,14
238,49611,1,16
239,75410,1,20
240,45710,1,23
241,64402,2,20
242,53502,1,23
243,82070,1,181
244,12202,9,260
245,56307,1,25
246,31701,11,180
247,94706,1,19
248,97321,5,81
249,61230,1,35
250,12211,1,24
251,74721,1,11
252,76430,1,19
253,05820,1,14
254,47320,1,30
255,48417,1,13
256,28001,3,44
257,28574,1,7
258,56007,1,35
259,49756,1,18
260,67511,1,23
261,23821,1,20
262,11507,2,62
263,28508,1,40
264,35950,3,39
265,55301,1,31
266,49224,1,20
267,50005,1,25
268,99102,1,13
269,14411,1,40
270,62806,1,13
271,02802,1,27
272,46701,1,37
273,74521,1,11
274,83311,1,10
275,04910,1,30
276,68620,1,43
277,16401,1,8
278,55702,1,18
279,55702,1,21
280,26519,1,25
281,87121,23,673
282,05440,1,39
283,52202,0,22
284,18011,1,28
285,57001,1,24
286,48721,3,25
287,72073,1,7
288,68810,1,14
289,14004,2,55
290,50006,1,24
291,67512,1,18
292,56009,1,25
293,73015,1,17
294,59710,1,21
295,35951,1,19
296,74522,1,9
297,20105,1,5
298,77032,2,41
299,61231,1,30
300,76008,2,46
301,99555,2,10
302,11023,2,140
303,35011,2,66
304,72002,3,18
305,14005,1,72
306,62601,1,18
307,58831,1,19
308,66048,1,12
309,13607,1,60
310,37012,1,12
311,46001,1,28
312,22314,10,223
313,56308,1,30
314,41001,1,43
315,57311,1,28
316,63430,1,16
317,16611,1,15
318,36250,1,22
319,43001,1,40
320,61412,3,65
321,28006,2,40
322,97701,1,14
323,73015,1,20
324,01230,1,10
325,32420,1,13
326,04002,1,39
327,14803,1,32
328,45812,1,12
329,54201,1,37
330,49341,2,30
331,54904,1,35
332,50511,1,26
333,48001,1,20
334,60156,3,64
335,62001,1,40
336,91801,4,79
337,78332,2,35
338,58031,1,25
339,35442,1,18
340,72410,1,10
341,15001,1,12
342,04774,1,14
343,07820,1,25
344,38504,1,12
345,71820,1,20
346,49010,2,26
347,49010,1,23
348,14779,1,42
349,14706,1,35
350,15108,3,51
351,15014,1,10
352,16601,2,41
353,15656,1,18
354,15049,3,35
355,39083,1,12
356,66749,1,16
357,75013,4,80
358,41601,1,18
359,74825,1,14
360,70655,5,41
361,70648,8,41
362,70658,3,30
363,48101,1,24
364,18067,1,20
365,49227,1,18
366,43040,1,33
367,45889,2,30
368,60470,1,17
369,28025,1,22
370,28174,1,22
371,43430,3,80
372,68710,1,14
373,07401,1,45
374,49401,1,30
375,62410,2,30
376,07711,1,35
377,15412,1,17
378,80510,5,28
379,03275,1,21
380,42204,1,20
381,17002,1,25
382,27574,1,27
383,53002,1,45
384,18103,7,143
385,20744,2,68
386,14707,1,28
387,31003,1,15
388,50008,1,28
389,61810,1,15
390,35013,1,10
391,69301,2,51
392,44601,2,30
393,84044,1,10
394,54009,3,48
395,29101,5,20
396,32346,2,18
397,61774,1,22
398,06516,2,37
399,72560,4,21
400,38541,1,11
401,08001,1,25
402,49950,1,16
403,31510,6,76
404,54611,2,30
405,64001,1,20
406,68920,1,32
407,14708,1,30
408,75119,1,15
409,26320,1,15
410,32567,1,8
411,37167,3,45
412,55012,1,32
413,54805,1,32
414,49650,1,54
415,99103,1,18
416,14804,1,42
417,54909,1,30
418,48003,1,30
419,81210,1,16
420,58520,1,25
421,04535,1,24
422,62207,1,25
423,49707,1,12
424,49707,1,29
425,57312,1,20
426,72611,2,16
427,49707,3,23
428,16801,3,91
429,17340,1,60
430,56111,1,15
431,57772,1,37
432,08865,1,40
433,49920,2,10
434,38632,2,22
435,30009,6,103
436,38570,1,15
437,71920,1,20
438,85920,1,21
439,07620,1,23
440,83128,1,15
441,91901,1,14
442,49321,3,22
443,38828,1,15
444,79830,1,27
445,71360,4,56
446,12008,1,38
447,19522,1,15
448,70807,1,19
449,60803,2,33
450,03602,2,15
451,30412,1,6
452,95701,1,2
453,66834,1,15
454,50603,1,20
455,51002,1,31
456,27244,2,28
457,17931,1,20
458,67330,1,21
459,12009,1,30
460,62411,1,30
461,37301,3,18
462,95221,1,26
463,24517,1,28
464,72004,2,18
465,13302,1,26
466,53963,1,24
467,75925,1,20
468,62905,1,13
469,37324,1,14
470,51003,1,18
471,65606,1,15
472,03809,4,31
473,62002,2,47
474,78573,2,22
475,12910,1,20
476,61414,1,25
477,12910,1,30
478,35952,2,13
479,50009,1,31
480,54720,1,46
481,16601,4,56
482,66710,1,33
483,55910,1,35
484,96101,1,10
485,96101,1,20
486,73521,2,35
487,72821,2,13
488,15521,1,30
489,25003,3,25
490,33920,1,22
491,73717,1,30
492,56710,1,24
493,76009,1,22
494,42122,3,37
495,54542,1,12
496,51542,1,16
497,77511,3,66
498,76225,1,19
499,43501,1,30
500,72857,1,10
501,95642,8,50
502,11930,1,90
503,87512,2,19
504,52307,3,22
505,43102,1,32
506,89020,2,24
507,79101,13,279
508,49903,1,25
509,13110,1,28
510,73004,1,17
511,45237,1,23
512,56010,1,20
513,61310,1,45
514,46911,1,22
515,15003,1,22
516,58833,1,10
517,23002,5,125
518,12501,1,40
519,94503,2,25
520,83211,1,19
521,18232,1,35
522,17921,1,20
523,84003,2,73
524,17949,1,10
525,18252,1,60
526,45807,2,36
527,31709,3,49
528,54001,1,38
529,50010,3,55
530,73718,1,16
531,13317,1,23
532,45711,1,15
533,01913,2,34
534,44001,1,35
535,01002,2,103
536,03031,2,41
537,54406,1,35
538,79312,1,22
539,58620,1,32
540,20106,1,32
541,19518,1,28
542,97101,2,40
543,71921,1,24
544,11701,3,120
545,83406,1,40
546,28337,1,22
547,54874,0,22
548,46103,1,12
549,73722,1,20
550,38821,2,28
551,57313,1,34
552,12010,1,33
553,59741,1,18
554,64723,1,9
555,43903,1,12
556,15311,1,20
557,08551,1,39
558,71403,2,20
559,59711,1,10
560,98221,3,31
561,73005,2,22
562,92805,11,209
563,77514,1,25
564,58710,1,30
565,52205,1,33
566,24808,1,19
567,61720,1,17
568,99501,15,326
569,99519,2,60
570,40223,11,232
571,08037,1,8
572,36420,1,17
573,61232,2,21
574,77963,1,20
575,29624,3,59
576,29625,28,658
577,40342,5,75
578,66039,2,16
579,66032,9,112
580,37716,2,20
581,28390,1,40
582,64831,1,15
583,46016,7,109
584,99744,1,20
585,35610,1,15
586,96007,1,25
587,98303,1,48
588,45230,4,66
589,47586,2,38
590,27217,2,41
591,46156,1,25
592,95415,9,46
593,31711,1,17
594,37705,2,30
595,13731,1,44
596,07821,1,12
597,03216,1,11
598,55304,3,60
599,52701,1,20
600,04216,1,18
601,14806,1,56
602,01810,3,68
603,67002,1,30
604,07860,2,32
605,06232,1,44
606,57422,1,20
607,44003,1,35
608,18407,1,32
609,52030,1,25
610,28901,1,25
611,46702,1,15
612,79714,1,90
613,58212,1,16
614,87710,3,11
615,91733,2,90
616,75902,1,2
617,75951,2,14
618,95222,2,17
619,27501,1,49
620,77515,3,34
621,46703,1,33
622,14006,2,35
623,99557,1,12
624,88020,2,23
625,50020,1,30
626,50023,3,78
627,26323,1,15
628,48105,2,30
629,62906,1,17
630,45302,1,29
631,75409,1,25
632,55302,1,23
633,08801,2,38
634,21401,4,135
635,78380,3,53
636,61234,1,24
637,21108,31,1244
638,42754,1,19
639,36201,6,81
640,63820,1,12
641,55303,2,49
642,68814,2,30
643,54748,1,30
644,79501,1,25
645,06401,5,401
646,45303,1,25
647,25812,1,22
648,96107,2,15
649,51004,1,21
650,67003,1,25
651,24986,1,16
652,72376,1,14
653,17851,1,27
654,54409,2,27
655,43793,1,20
656,72012,1,21
657,36451,1,18
658,29020,1,13
659,29720,1,25
660,60002,3,87
661,27557,1,76
662,27863,1,20
663,31808,6,29
664,29702,1,20
665,58711,1,15
666,58711,1,25
667,74523,2,39
668,71922,1,11
669,99587,1,24
670,42431,1,16
671,63012,2,27
672,29620,1,26
673,43973,1,20
674,03440,2,20
675,45813,1,21
676,13608,1,25
677,73006,1,25
678,73006,1,39
679,13732,3,37
680,27502,6,112
681,50604,1,22
682,15613,1,25
683,32703,4,92
684,24216,1,26
685,44606,1,26
686,54001,1,30
687,61001,1,24
688,75926,1,19
689,84737,1,14
690,92307,5,49
691,97530,6,39
692,48401,1,21
693,64724,1,15
694,04862,1,20
695,54911,6,92
696,72802,1,15
697,36426,1,14
698,16201,1,19
699,31518,1,15
700,24522,1,33
701,07480,1,30
702,95003,3,35
703,13020,1,42
704,28128,3,50
705,18012,1,21
706,02535,1,12
707,35016,1,20
708,78336,1,16
709,73620,1,13
710,68922,1,29
711,28510,1,21
712,24053,2,26
713,28580,1,26
714,75482,1,8
715,08854,1,20
716,54568,1,40
717,95912,1,25
718,21227,1,100
719,63821,1,12
720,14009,1,76
721,63621,1,12
722,51430,1,23
723,91006,3,53
724,54612,1,30
725,48412,1,15
726,68815,1,30
727,49613,1,28
728,27295,1,33
729,45304,1,28
730,95519,3,22
731,46304,1,20
732,72206,2,23
733,88130,1,14
734,18403,1,36
735,43502,2,36
736,76351,1,25
737,27527,1,38
738,51231,1,18
739,56113,1,12
740,61910,2,26
741,46704,1,25
742,20148,2,35
743,15069,1,10
744,99114,3,38
745,73401,1,7
746,73401,3,30
747,57735,1,18
748,38449,1,30
749,10502,1,58
750,50605,1,12
751,53503,1,30
752,12455,1,12
753,62611,1,20
754,48451,1,17
755,35550,1,14
756,35173,2,27
757,54511,1,27
758,60439,1,24
759,46501,1,27
760,58005,1,25
761,53504,1,30
762,56713,1,25
763,76226,3,41
764,12809,1,41
765,48472,1,19
766,57730,2,22
767,32422,3,25
768,83214,1,13
769,17920,1,20
770,85601,1,21
771,85123,1,30
772,85007,5,30
773,85366,1,5
774,38618,2,31
775,71923,2,27
776,35033,2,18
777,67005,1,34
778,71630,1,16
779,14807,1,25
780,12406,1,25
781,59821,1,24
782,35541,2,18
783,22201,10,373
784,28642,1,27
785,38002,1,17
786,55307,1,24
787,02474,3,78
788,50606,1,18
789,98223,3,47
790,76011,17,301
791,97812,1,14
792,12603,4,95
793,61312,1,24
794,60004,4,109
795,68002,1,35
796,53911,1,27
797,45814,1,20
798,74864,1,20
799,57212,1,32
800,39663,1,13
801,66712,1,18
802,48005,1,30
803,15920,1,15
804,54646,1,25
805,61721,1,24
806,10504,1,50
807,14075,1,41
808,72310,2,23
809,25161,1,25
810,50514,1,20
811,65230,1,16
812,73832,1,23
813,15650,1,5
814,15068,1,35
815,69120,1,28
816,21012,1,15
817,51331,2,28
818,30628,1,18
819,60910,2,28
820,93940,1,7
821,35957,2,20
822,04750,2,15
823,75750,1,25
824,54410,1,22
825,87930,2,16
826,28333,1,31
827,37014,1,18
828,65320,1,7
829,92382,1,18
830,74425,1,18
831,55711,1,14
832,44629,1,33
833,76310,1,15
834,81220,1,12
835,04530,1,16
836,40903,2,20
837,88210,2,31
838,57314,1,35
839,51431,1,13
840,69121,1,17
841,61911,1,38
842,58006,1,15
843,98537,2,20
844,95913,1,20
845,04046,1,40
846,21054,1,74
847,80005,9,141
848,12170,4,44
849,49946,1,20
850,52002,1,29
851,64832,2,10
852,07712,1,55
853,29340,1,12
854,35951,1,30
855,70346,3,31
856,05030,1,25
857,74578,1,14
858,72513,2,16
859,86320,1,14
860,65604,1,16
861,48117,2,40
862,02804,1,40
863,31714,2,24
864,20147,2,256
865,01430,1,35
866,01431,1,30
867,56309,1,21
868,27203,2,64
869,74826,2,16
870,78827,1,6
871,28801,12,273
872,28752,1,32
873,36312,1,23
874,06278,2,32
875,53003,2,24
876,60911,1,20
877,37015,2,44
878,03217,1,30
879,97520,2,30
880,36251,1,18
881,54806,1,26
882,68003,1,36
883,41101,3,51
884,01721,2,28
885,44805,2,38
886,67831,1,22
887,62612,1,24
888,74570,1,10
889,59003,1,10
890,58413,1,25
891,62808,2,25
892,29418,1,43
893,48806,1,22
894,46705,1,21
895,61912,1,20
896,35565,1,21
897,44004,1,23
898,44004,2,25
899,68817,1,23
900,51232,1,18
901,57424,1,16
902,61006,1,28
903,32331,1,7
904,14710,2,41
905,35953,1,14
906,16613,1,30
907,54304,2,75
908,27983,1,32
909,55704,1,19
910,99403,1,61
911,85338,1,1
912,81611,5,45
913,15215,2,40
914,67416,1,15
915,62510,1,25
916,19014,1,55
917,61501,2,29
918,97103,2,19
919,57213,1,19
920,78264,1,20
921,52720,1,16
922,93422,2,21
923,93423,1,13
924,77346,4,130
925,66002,1,25
926,66023,1,14
927,66041,2,35
928,66002,1,19
929,19310,1,20
930,54104,2,22
931,54411,1,60
932,18810,2,40
933,75751,2,27
934,35612,3,40
935,45701,2,23
936,49011,1,17
937,18840,2,50
938,12015,1,66
939,24712,1,16
940,04912,1,13
941,62613,1,25
942,30601,9,184
943,66932,1,15
944,01331,2,34
945,72823,1,26
946,52206,1,26
947,24311,1,30
948,68713,1,30
949,28421,1,28
950,03811,1,36
951,61235,1,30
952,75551,1,34
953,61723,1,22
954,83716,1,16
955,63530,1,6
956,11509,1,9
957,28512,1,49
958,08401,6,235
959,08234,1,16
960,50022,1,38
961,07716,1,50
962,11771,1,86
963,23303,1,35
964,17851,1,25
965,48438,1,31
966,99559,1,4
967,74525,2,25
968,38058,2,29
969,88210,2,18
970,39090,8,60
971,35954,3,38
972,39815,1,10
973,06241,1,60
974,14011,1,23
975,67009,1,25
976,48412,1,15
977,14011,2,39
978,47918,1,21
979,02703,4,96
980,75929,1,4
981,44201,1,17
982,95301,2,19
983,28023,2,46
984,38220,2,18
985,61913,1,25
986,06387,1,24
987,46502,1,22
988,49806,3,18
989,46945,1,17
990,93602,1,12
991,76227,2,40
992,13024,1,33
993,51433,1,26
994,17922,1,16
995,46706,2,31
996,03032,2,34
997,04210,3,63
998,95603,3,28
999,01501,2,47
1000,36830,5,100
1001,62615,2,28
1002,48326,3,32
1003,13021,2,74
1004,42206,2,20
1005,08085,1,11
1006,68305,1,40
1007,44023,1,43
1008,48611,1,31
1009,33823,1,21
1010,54412,1,25
1011,37016,1,12
1012,50025,1,40
1013,56511,1,24
1014,08106,1,52
1015,08106,1,14
1016,43512,1,20
1017,54722,1,34
1018,48190,2,25
1019,63332,2,23
1020,24482,15,597
1021,41002,1,24
1022,04330,4,42
1023,30906,19,335
1024,72006,1,21
1025,62311,1,10
1026,44615,1,12
1027,26704,1,0
1028,59410,1,22
1029,27805,1,18
1030,80610,2,20
1031,15713,1,25
1032,97325,2,31
1033,49946,1,13
1034,08028,1,23
1035,51005,1,20
1036,13021,2,43
1037,55705,1,23
1038,50607,1,18
1039,84620,1,16
1040,80012,17,349
1041,47001,2,70
1042,68818,2,53
1043,65605,2,35
1044,57002,1,25
1045,44202,2,42
1046,60505,9,213
1047,65605,3,40
1048,97002,2,34
1049,60538,2,45
1050,27806,2,30
1051,67417,1,20
1052,54151,1,35
1053,26705,1,24
1054,04408,1,7
1055,13026,1,28
1056,12912,1,26
1057,12944,1,48
1058,30106,2,21
1059,55912,1,25
1060,72007,3,15
1061,78721,50,1156
1062,54313,1,10
1063,42156,2,20
1064,28621,1,30
1065,89310,1,12
1066,16720,1,20
1067,44010,1,18
1068,44515,4,48
1069,75835,1,16
1070,36003,0,15
1071,31788,1,22
1072,41602,1,24
1073,65231,1,10
1074,65608,1,8
1075,65608,2,10
1076,62907,1,24
1077,90704,1,70
1078,32583,2,25
1079,15202,1,55
1080,76623,1,10
1081,08202,1,31
1082,74001,1,14
1083,93204,1,15
1084,07001,1,42
1085,30803,1,20
1086,12018,1,52
1087,75554,1,20
1088,10473,1,26
1089,93424,1,0
1090,46710,1,44
1091,64859,1,17
1092,75630,2,16
1093,62216,1,30
1094,53506,1,28
1095,72756,2,25
1096,18641,1,25
1097,14809,1,43
1098,68307,1,25
1099,51521,1,20
1100,37618,1,20
1101,02322,1,28
1102,56310,1,25
1103,44011,1,39
1104,57315,1,30
1105,61415,1,26
1106,44012,1,27
1107,33825,1,15
1108,27915,1,19
1109,06001,4,65
1110,07717,1,40
1111,19311,1,40
1112,85392,4,69
1113,70094,2,21
1114,15618,1,20
1115,85653,4,35
1116,29429,6,38
1117,68924,1,26
1118,66403,1,20
1119,28513,1,40
1120,01432,1,43
1121,86001,1,7
1122,76020,1,24
1123,43106,1,21
1124,59411,1,22
1125,36420,1,15
1126,55706,1,35
1127,24504,1,42
1128,11702,3,158
1129,81131,1,27
1130,24541,1,27
1131,24018,1,28
1132,25427,1,42
1133,28574,1,31
1134,56435,1,20
1135,77518,1,10
1136,23976,1,30
1137,48413,1,20
1138,15005,1,30
1139,20613,1,28
1140,50516,1,25
1141,56714,1,23
1142,28127,3,32
1143,28009,1,28
1144,40003,2,28
1145,32583,2,15
1146,82321,1,11
1147,56621,1,25
1148,50026,1,8
1149,35062,1,35
1150,53801,1,20
1151,75412,1,15
1152,27503,3,49
1153,27807,1,38
1154,40906,1,20
1155,54202,1,38
1156,35019,2,19
1157,04694,1,20
1158,46105,1,23
1159,17502,1,25
1160,13733,1,45
1161,45612,1,21
1162,98110,3,54
1163,39819,2,45
1164,44023,1,35
1165,59212,1,24
1166,79504,1,22
1167,82322,1,8
1168,25608,1,10
1169,97814,1,29
1170,32063,8,36
1171,59313,1,22
1172,73950,1,8
1173,32531,1,30
1174,25401,1,35
1175,59313,1,28
1176,97814,3,20
1177,36027,1,28
1178,28110,1,42
1179,93301,14,216
1180,65609,1,9
1181,05441,1,26
1182,28705,2,31
1183,43803,1,20
1184,15501,1,25
1185,56115,1,28
1186,75180,1,31
1187,78201,1,16
1188,16686,1,16
1189,28461,1,47
1190,98597,2,14
1191,72010,3,22
1192,93602,1,9
1193,40744,1,18
1194,66006,1,13
1195,62217,2,17
1196,31061,8,98
1197,11510,4,227
1198,04091,3,45
1199,49304,1,25
1200,15227,0,48
1201,49872,1,15
1202,14861,2,15
1203,52207,1,10
1204,70514,1,31
1205,13027,3,75
1206,38824,1,31
1207,73931,1,10
1208,71405,3,21
1209,24918,1,20
1210,40014,2,57
1211,76821,1,25
1212,36272,1,23
1213,35903,2,15
1214,37354,1,20
1215,12019,1,42
1216,12020,2,120
1217,43420,1,25
1218,28779,2,31
1219,28708,1,22
1220,54810,1,20
1221,55709,2,22
1222,43804,1,23
1223,06330,1,43
1224,57003,1,25
1225,21202,38,1625
1226,21286,60,4552
1227,21502,1,15
1228,08731,1,20
1229,50517,1,18
1230,68004,1,23
1231,25011,1,18
1232,54921,1,13
1233,26411,1,16
1234,42022,1,16
1235,78003,1,16
1236,97411,5,30
1237,24602,1,14
1238,28609,3,53
1239,37890,1,20
1240,49013,1,22
1241,35079,1,25
1242,18013,3,73
1243,04401,3,89
1244,48706,2,22
1245,12966,1,29
1246,54614,2,37
1247,76823,1,27
1248,36005,1,22
1249,30547,12,76
1250,26234,1,35
1251,97106,3,65
1252,49729,2,16
1253,35542,2,26
1254,10506,1,35
1255,69345,1,43
1256,28604,2,32
1257,38915,1,12
1258,27030,2,44
1259,17841,1,21
1260,92220,2,30
1261,06750,1,60
1262,04609,2,32
1263,82601,1,22
1264,53913,1,46
1265,49908,1,20
1266,67104,9,90
1267,44203,2,45
1268,25504,1,40
1269,40906,2,33
1270,88411,3,15
1271,40004,3,40
1272,75101,1,20
1273,42023,1,27
1274,17540,1,60
1275,36266,1,15
1276,08234,2,38
1277,46131,3,86
1278,63531,1,14
1279,49807,1,25
1280,14012,1,35
1281,06063,1,37
1282,72923,1,25
1283,42024,1,13
1284,42024,1,20
1285,45712,1,30
1286,39083,1,15
1287,14616,1,47
1288,64423,2,18
1289,05031,1,25
1290,28709,1,31
1291,08006,1,42
1292,08005,1,45
1293,50027,1,20
1294,56514,1,28
1295,43713,1,40
1296,05821,2,30
1297,36426,1,15
1298,53507,1,38
1299,58008,1,21
1300,35550,1,9
1301,74002,1,22
1302,74002,1,10
1303,02630,1,18
1304,03225,2,16
1305,55707,1,20
1306,36532,1,16
1307,49101,1,19
1308,92040,1,23
1309,26559,1,21
1310,05641,1,38
1311,05678,2,30
1312,19444,1,31
1313,42101,2,22
1314,24313,1,22
1315,03825,1,29
1316,08007,1,54
1317,60010,1,19
1318,02806,1,28
1319,54812,1,32
1320,30680,6,93
1321,62312,1,28
1322,75102,1,14
1323,49305,1,21
1324,92311,3,48
1325,79719,1,11
1326,17566,1,65
1327,74003,4,69
1328,03838,2,24
1329,38134,5,117
1330,60103,3,55
1331,76511,2,30
1332,67332,1,25
1333,48705,1,10
1334,13328,1,43
1335,21521,1,33
1336,72312,2,30
1337,39452,2,15
1338,35616,1,18
1339,43905,1,25
1340,38654,1,21
1341,61607,2,16
1342,30121,14,100
1343,33830,1,31
1344,26264,2,19
1345,81623,4,65
1346,44809,3,50
1347,45743,1,15
1348,43105,2,60
1349,74044,1,15
1350,42402,1,18
1351,71219,1,16
1352,07920,1,0
1353,46534,1,17
1354,24055,1,20
1355,39421,1,34
1356,78662,8,45
1357,78602,3,52
1358,71220,5,40
1359,28710,1,34
1360,60510,2,61
1361,14020,2,40
1362,53001,1,11
1363,52533,1,14
1364,29070,2,41
1365,57716,1,27
1366,47006,1,24
1367,38606,3,52
1368,72501,3,32
1369,44333,2,37
1370,04530,1,24
1371,62617,1,13
1372,24487,2,35
1373,45801,1,25
1374,48808,1,26
1375,14810,1,16
1376,03740,1,12
1377,29816,2,35
1378,27808,1,25
1379,14810,1,75
1380,58216,1,9
1381,70807,19,555
1382,36330,1,25
1383,49015,1,51
1384,49014,6,81
1385,51006,1,23
1386,37380,1,11
1387,68715,1,35
1388,35179,2,28
1389,56515,1,20
1390,89820,1,25
1391,43342,1,25
1392,65619,4,46
1393,40104,1,16
1394,56623,1,25
1395,15209,1,25
1396,46517,1,37
1397,59601,2,11
1398,31513,2,20
1399,50028,1,18
1400,38544,1,26
1401,66713,1,26
1402,75752,1,15
1403,26560,1,30
1404,48708,4,23
1405,54723,1,20
1406,97107,1,20
1407,77414,1,46
1408,32409,10,193
1409,72411,2,25
1410,08742,1,30
1411,49715,1,15
1412,36507,2,49
1413,12845,1,40
1414,11706,3,140
1415,29584,1,18
1416,36305,1,23
1417,43452,1,14
1418,28444,1,24
1419,44870,1,20
1420,44140,1,25
1421,72324,1,21
1422,26707,1,15
1423,88023,1,15
1424,50029,1,20
1425,69334,1,35
1426,94701,1,21
1427,54814,1,24
1428,62314,1,10
1429,72837,1,12
1430,07002,5,167
1431,70360,2,22
1432,70364,3,40
1433,70740,2,30
1434,70360,4,50
1435,70030,2,20
1436,70788,1,28
1437,70764,1,15
1438,77563,1,12
1439,55003,1,25
1440,11705,1,160
1441,33917,1,35
1442,99615,1,28
1443,78340,1,13
1444,77521,9,162
1445,08205,2,35
1446,11709,1,100
1447,08721,2,50
1448,44410,1,18
1449,65606,1,17
1450,44608,1,25
1451,77520,1,17
1452,08008,1,47
1453,60087,2,32
1454,58621,1,28
1455,08722,1,45
1456,12508,3,77
1457,17082,1,27
1458,43716,1,15
1459,47464,1,30
1460,37708,3,19
1461,99664,1,28
1462,18602,2,15
1463,54922,1,25
1464,77328,1,18
1465,42210,1,16
1466,28539,1,32
1467,27892,1,49
1468,54868,1,23
1469,49614,1,18
1470,49646,1,20
1471,16402,1,18
1472,59501,1,26
1473,82930,1,11
1474,83114,1,18
1475,41311,1,17
1476,95979,2,19
1477,95223,1,18
1478,59007,1,6
1479,74859,1,12
1480,56211,1,20
1481,62618,1,28
1482,27537,1,23
1483,55723,2,16
1484,77417,1,12
1485,38943,1,4
1486,39074,1,20
1487,36474,1,18
1488,68310,1,25
1489,66406,2,35
1490,41311,1,15
1491,28516,2,27
1492,63013,2,43
1493,29902,4,79
1494,92220,1,29
1495,77701,12,235
1496,39423,1,12
1497,70660,7,66
1498,70652,6,61
1499,70637,4,65
1500,70634,5,57
1501,36804,3,28
1502,55601,1,12
1503,84751,3,24
1504,84713,2,24
1505,49738,1,12
1506,56116,1,18
1507,77836,1,8
1508,59464,2,34
1509,53916,1,46
1510,28382,2,29
1511,86432,3,47
1512,14812,1,45
1513,13305,1,60
1514,15010,2,26
1515,60931,1,20
1516,49782,1,15
1517,72756,2,37
1518,28103,1,38
1519,18216,1,28
1520,17812,1,35
1521,72613,1,10
1522,48611,1,20
1523,44452,1,34
1524,17815,1,20
1525,85541,1,21
1526,67525,1,18
1527,45613,1,14
1528,15009,1,30
1529,25813,2,30
1530,99724,1,42
1531,45434,4,74
1532,28679,1,26
1533,45808,1,19
1534,30683,1,25
1535,72032,3,18
1536,59725,1,33
1537,12758,1,26
1538,48612,1,30
1539,35544,1,24
1540,60912,1,20
1541,62219,1,27
1542,55308,2,32
1543,38825,2,25
1544,01223,2,27
1545,25801,3,42
1546,15210,1,21
1547,75631,2,20
1548,96129,1,14
1549,04622,1,2
1550,24523,1,240
1551,37160,9,152
1552,44146,1,29
1553,47421,3,37
1554,48182,3,64
1555,01730,1,36
1556,10506,1,50
1557,03110,1,41
1558,76021,3,69
1559,15522,1,82
1560,44146,1,23
1561,10507,1,85
1562,60501,3,57
1563,21502,1,18
1564,48182,3,57
1565,49017,3,25
1566,62823,1,31
1567,40006,2,16
1568,24523,1,45
1569,50833,1,30
1570,25404,2,40
1571,68314,1,14
1572,74748,0,5
1573,72012,3,25
1574,26030,2,17
1575,47459,1,17
1576,38485,1,12
1577,25678,1,13
1578,46107,2,33
1579,29842,3,38
1580,28604,2,37
1581,05902,1,40
1582,60401,1,47
1583,54156,1,18
1584,42323,1,30
1585,53001,1,36
1586,12570,1,40
1587,12992,2,55
1588,68716,1,36
1589,07461,1,24
1590,37305,2,25
1591,27284,1,45
1592,78102,2,60
1593,74421,2,20
1594,95560,1,12
1595,71721,2,7
1596,21014,3,160
1597,20611,1,30
1598,01007,1,42
1599,58316,1,24
1600,68717,1,18
1601,48809,1,24
1602,27009,1,29
1603,04915,1,33
1604,14711,1,57
1605,72150,1,15
1606,24609,1,30
1607,58622,1,17
1608,36526,1,16
1609,59008,1,10
1610,41514,3,29
1611,13027,3,63
1612,53004,1,38
1613,04917,3,37
1614,56312,1,48
1615,68623,1,23
1616,63622,1,12
1617,28555,1,21
1618,35653,1,20
1619,27810,1,30
1620,26250,1,28
1621,35545,1,5
1622,62908,1,12
1623,27811,1,37
1624,37020,1,12
1625,91307,1,27
1626,63735,1,12
1627,40977,9,60
1628,74960,1,12
1629,29720,1,12
1630,15680,1,27
1631,72714,3,50
1632,49615,1,31
1633,77401,1,28
1634,36901,1,15
1635,45305,2,20
1636,70037,5,46
1637,59317,1,24
1638,25015,2,20
1639,57717,1,39
1640,52208,1,40
1641,56011,1,30
1642,16510,1,42
1643,43717,1,23
1644,15012,1,26
1645,65013,1,20
1646,43311,1,21
1647,17003,1,32
1648,08270,1,22
1649,11001,1,23
1650,11001,1,35
1651,41005,1,23
1652,17004,1,25
1653,07109,3,65
1654,53508,1,35
1655,66935,1,25
1656,62220,4,63
1657,48111,1,16
1658,72824,1,14
1659,67360,1,14
1660,36401,1,10
1661,13611,1,30
1662,29135,2,7
1663,49021,1,22
1664,98009,9,217
1665,68005,4,87
1666,83313,1,18
1667,44811,1,20
1668,52031,1,40
1669,54311,2,50
1670,14227,1,47
1671,76228,1,15
1672,61724,1,19
1673,63333,1,20
1674,02019,3,28
1675,56212,1,20
1676,08031,2,50
1677,76705,1,13
1678,62811,1,22
1679,11710,3,125
1680,14415,1,40
1681,05101,1,19
1682,11713,1,56
1683,38006,1,22
1684,75414,1,16
1685,06905,1,39
1686,28906,1,21
1687,30414,1,6
1688,60104,1,27
1689,68624,1,30
1690,36313,1,20
1691,07719,3,40
1692,50421,1,30
1693,04952,1,18
1694,29605,1,35
1695,38827,1,20
1696,02478,2,54
1697,03220,1,26
1698,14813,1,30
1699,53510,1,40
1700,78604,1,15
1701,43718,1,20
1702,26134,1,20
1703,44609,1,55
1704,67420,1,21
1705,75835,1,11
1706,67519,2,12
1707,45714,2,40
1708,59412,1,18
1709,59412,1,18
1710,64012,2,52
1711,76513,2,33
1712,56517,1,10
1713,29841,2,33
1714,43910,1,16
1715,37306,1,23
1716,61008,2,29
1717,68315,1,13
1718,48886,1,20
1719,57521,1,15
1720,56214,1,19
1721,27827,1,34
1722,66407,1,13
1723,39038,1,19
1724,61813,2,24
1725,56601,4,57
1726,14712,1,24
1727,15202,1,25
1728,95005,1,61
1729,76126,1,34
1730,39175,1,30
1731,97702,6,114
1732,17306,1,25
1733,68316,1,18
1734,50544,1,20
1735,40807,1,13
1736,27332,2,38
1737,94510,2,47
1738,79505,1,20
1739,69021,1,28
1740,62009,1,25
1741,39452,1,14
1742,52721,1,27
1743,80102,5,78
1744,65536,1,23
1745,95404,1,29
1746,54873,1,26
1747,27208,2,39
1748,29512,2,36
1749,03442,1,17
1750,05201,1,100
1751,05201,3,51
1752,74723,1,6
1753,68007,2,40
1754,14011,1,30
1755,60106,2,38
1756,61516,1,30
1757,85602,1,30
1758,56215,1,35
1759,27504,1,35
1760,05731,1,16
1761,30143,2,20
1762,74525,1,8
1763,49022,3,27
1764,99338,7,76
1765,99345,1,33
1766,99320,2,53
1767,99353,2,55
1768,53803,1,38
1769,62812,1,19
1770,72015,5,60
1771,42028,1,20
1772,71006,6,44
1773,49022,1,28
1774,45690,1,15
1775,46526,1,24
1776,17814,1,30
1777,63736,1,18
1778,39039,1,10
1779,14527,1,42
1780,39040,1,16
1781,72712,7,108
1782,47331,1,19
1783,27524,1,28
1784,26031,1,40
1785,49616,1,17
1786,44017,1,23
1787,40403,3,45
1788,29611,3,65
1789,57004,1,40
1790,14416,1,73
1791,07621,3,78
1792,49910,1,16
1793,72601,2,20
1794,22811,1,18
1795,25401,5,39
1796,94704,7,127
1797,60163,1,46
1798,07922,1,40
1799,15237,1,50
1800,25411,1,40
1801,02779,2,48
1802,48072,1,30
1803,19606,1,24
1804,12078,2,34
1805,13736,1,38
1806,05450,1,15
1807,48166,1,30
1808,31722,1,24
1809,35055,3,6
1810,08009,1,55
1811,21811,3,71
1812,37091,1,20
1813,01503,1,31
1814,15530,1,90
1815,03570,1,26
1816,54923,1,36
1817,48002,1,19
1818,44401,1,20
1819,44814,1,28
1820,43015,1,27
1821,48179,1,23
1822,12022,1,20
1823,73662,1,21
1824,05602,2,30
1825,77833,1,18
1826,87107,13,231
1827,52032,1,23
1828,07920,1,1
1829,01337,1,26
1830,07924,1,45
1831,12023,2,57
1832,43155,1,40
1833,46711,1,30
1834,71222,3,25
1835,74331,1,14
1836,63822,1,15
1837,19506,1,35
1838,88201,3,22
1839,49103,1,25
1840,95966,1,20
1841,41003,1,32
1842,35546,1,25
1843,74107,1,21
1844,72616,1,24
1845,59701,1,9
1846,56437,1,18
1847,80513,2,34
1848,78605,1,18
1849,68927,1,25
1850,49107,2,19
1851,63823,1,12
1852,03901,1,33
1853,70342,3,30
1854,24815,2,20
1855,19312,2,76
1856,60402,3,80
1857,20740,1,65
1858,84714,1,17
1859,35020,5,110
1860,49959,2,18
1861,16112,1,25
1862,73622,1,13
1863,12196,1,40
1864,62010,1,39
1865,19930,2,37
1866,61914,1,29
1867,64424,1,16
1868,27320,2,53
1869,28391,1,23
1870,27542,1,25
1871,14054,1,39
1872,26032,1,20
1873,06524,2,75
1874,30143,2,15
1875,29745,1,28
1876,39339,1,21
1877,74801,2,20
1878,75832,1,17
1879,27944,1,29
1880,36280,1,16
1881,55005,1,8
1882,05032,1,29
1883,04217,1,25
1884,99559,1,24
1885,72764,1,26
1886,15102,3,80
1887,73501,1,18
1888,38315,1,9
1889,45341,2,65
1890,45371,1,23
1891,15690,1,20
1892,45745,1,15
1893,40374,1,30
1894,29710,3,44
1895,06801,1,40
1896,35621,1,18
1897,45106,1,62
1898,72501,2,20
1899,27703,2,72
1900,43719,1,35
1901,20814,3,159
1902,03574,1,30
1903,26003,1,43
1904,17113,1,16
1905,18017,1,45
1906,35576,1,22
1907,28086,1,26
1908,06751,1,27
1909,11714,3,145
1910,35057,3,12
1911,52722,4,45
1912,21610,1,43
1913,75644,1,8
1914,44815,1,18
1915,12302,2,50
1916,38726,1,12
1917,81023,2,28
1918,36854,5,4
1919,39337,1,16
1920,58523,1,30
1921,35957,1,16
1922,28518,1,41
1923,08010,2,50
1924,01915,3,67
1925,76711,1,23
1926,90210,3,87
1927,48025,1,27
1928,67423,2,20
1929,46301,1,28
1930,26253,1,35
1931,45715,1,24
1932,63532,2,25
1933,78260,1,52
1934,78023,1,43
1935,78253,3,96
1936,78002,2,20
1937,78220,3,70
1938,75462,1,19
1939,47512,1,24
1940,84715,1,18
1941,04005,2,76
1942,63775,1,19
1943,71068,7,41
1944,71016,5,20
1945,92314,2,45
1946,92315,5,56
1947,74652,1,5
1948,16115,1,15
1949,96011,1,7
1950,59701,1,15
1951,74332,1,14
1952,30143,6,41
1953,83545,1,15
1954,74939,2,20
1955,40914,1,30
1956,72941,2,20
1957,93605,1,6
1958,41564,1,23
1959,80540,1,21
1960,16936,1,45
1961,56627,1,20
1962,72617,3,13
1963,14814,1,25
1964,54613,2,32
1965,71953,1,23
1966,82431,1,28
1967,82410,1,22
1968,82411,1,34
1969,59034,1,15
1970,82833,1,20
1971,12410,1,19
1972,24526,1,22
1973,15074,2,30
1974,55309,1,31
1975,76932,1,17
1976,39573,1,10
1977,13331,1,18
1978,59937,1,7
1979,25113,1,8
1980,93513,1,35
1981,28753,1,20
1982,49349,1,14
1983,49307,1,27
1984,49307,1,25
1985,63628,2,25
1986,60511,1,34
1987,15715,1,30
1988,41129,2,15
1989,80835,1,18
1990,38221,1,30
1991,15143,1,21
1992,59716,2,26
1993,79720,5,62
1994,63363,2,21
1995,69122,1,26
1996,57216,1,25
1997,24219,2,26
1998,93920,3,48
1999,59011,1,40
2000,14075,1,56
2001,96009,1,10
2002,43334,2,33
2003,84741,1,19
2004,78830,1,7
2005,56117,1,24
2006,72016,1,15
2007,59911,3,18
2008,56628,1,20
2009,72462,2,25
2010,38865,2,18
2011,61418,0,0
2012,59718,1,20
2013,16881,2,20
2014,17307,1,50
2015,28746,2,36
2016,01821,5,77
2017,58645,3,42
2018,74630,1,20
2019,59101,7,114
2020,65610,4,30
2021,59105,1,15
2022,48612,2,20
2023,36006,1,17
2024,39530,10,175
2025,58416,1,23
2026,71852,1,14
2027,73009,1,12
2028,04920,1,25
2029,48475,1,24
2030,13901,5,117
2031,46713,2,30
2032,48415,1,27
2033,65438,1,14
2034,56629,1,12
2035,67731,1,18
2036,55310,1,25
2037,14822,1,34
2038,19508,2,49
2039,47513,1,23
2040,59602,1,12
2041,72386,1,8
2042,35203,32,707
2043,64161,1,15
2044,52535,1,25
2045,48009,2,36
2046,38866,1,18
2047,35023,2,26
2048,54414,1,49
2049,54494,1,17
2050,85603,2,20
2051,58317,1,25
2052,27209,1,27
2053,93514,3,36
2054,61419,1,19
2055,48507,1,10
2056,29010,1,19
2057,21813,2,56
2058,58504,1,7
2059,63624,1,30
2060,61814,4,30
2061,58501,5,79
2062,71929,3,40
2063,58501,2,36
2064,63624,1,30
2065,57620,1,18
2066,21522,1,21
2067,55708,1,21
2068,55741,1,18
2069,74008,2,32
2070,97759,1,17
2071,54106,1,42
2072,27813,1,27
2073,35961,1,25
2074,98092,2,2
2075,47842,2,35
2076,59414,1,25
2077,53515,1,40
2078,17745,1,10
2079,80908,2,23
2080,80422,1,22
2081,57718,1,28
2082,63034,3,37
2083,27858,1,32
2084,76567,1,20
2085,15716,1,38
2086,28711,3,63
2087,40219,1,29
2088,35553,1,16
2089,54615,1,32
2090,13612,1,34
2091,72415,1,23
2092,47620,2,48
2093,41544,2,21
2094,74126,1,17
2095,56630,1,25
2096,83221,2,46
2097,74962,3,20
2098,61264,1,23
2099,61102,1,30
2100,55707,1,17
2101,77859,1,7
2102,38829,1,16
2103,32531,1,7
2104,27524,1,25
2105,49201,2,34
2106,24060,3,57
2107,29702,1,35
2108,31516,2,20
2109,23824,1,54
2110,26521,1,25
2111,29817,1,22
2112,24221,1,15
2113,65322,1,12
2114,74631,2,18
2115,79506,1,30
2116,68928,1,20
2117,28320,1,46
2118,43005,2,30
2119,19973,1,60
2120,17006,1,50
2121,15037,1,34
2122,41159,1,15
2123,37840,2,14
2124,68008,2,58
2125,54616,1,29
2126,24527,1,30
2127,50034,1,14
2128,07825,1,25
2129,64726,1,18
2130,52209,1,20
2131,35968,1,24
2132,18447,1,36
2133,52536,1,25
2134,81123,1,4
2135,73010,1,22
2136,45816,1,15
2137,45875,1,25
2138,51630,1,15
2139,53516,1,30
2140,45107,1,35
2141,78606,1,19
2142,78377,1,12
2143,24315,1,20
2144,65014,1,11
2145,01008,1,20
2146,84511,1,25
2147,61420,1,20
2148,19510,1,22
2149,42087,1,13
2150,37709,1,15
2151,29045,1,35
2152,59912,1,12
2153,76432,1,15
2154,14219,1,37
2155,10913,1,35
2156,15238,2,38
2157,16686,3,45
2158,37367,1,13
2159,37367,0,15
2160,40810,2,20
2161,78931,1,24
2162,51523,1,16
2163,49426,1,20
2164,12131,1,19
2165,26181,1,25
2166,77419,1,12
2167,71825,1,15
2168,14024,1,49
2169,83314,1,9
2170,49228,1,12
2171,50836,1,16
2172,43112,2,32
2173,75556,1,12
2174,44817,1,24
2175,54724,1,30
2176,06002,3,35
2177,63825,1,25
2178,87410,3,24
2179,07003,4,88
2180,53157,1,28
2181,48304,1,24
2182,48302,5,76
2183,44450,1,13
2184,45640,1,10
2185,52537,1,19
2186,68718,2,35
2187,47012,1,27
2188,55917,1,30
2189,16433,1,30
2190,12721,1,38
2191,07403,2,50
2192,60108,3,54
2193,49026,1,25
2194,47832,1,15
2195,12411,2,45
2196,53804,1,36
2197,55420,6,133
2198,47404,5,111
2199,61701,5,119
2200,61705,2,28
2201,21523,1,26
2202,77951,1,22
2203,17815,1,100
2204,08804,1,22
2205,63627,1,20
2206,13739,2,40
2207,16912,1,25
2208,75416,1,16
2209,37801,9,39
2210,27814,1,31
2211,35031,1,28
2212,47354,1,25
2213,28605,1,29
2214,23308,1,46
2215,78947,1,12
2216,45242,2,40
2217,74502,1,9
2218,59101,1,20
2219,56013,1,30
2220,40475,2,31
2221,52726,1,24
2222,04614,1,40
2223,68930,1,20
2224,06002,3,45
2225,60406,2,28
2226,27983,1,20
2227,15946,1,26
2228,49646,1,18
2229,49457,2,12
2230,95525,1,18
2231,62513,1,17
2232,76131,1,12
2233,72826,1,27
2234,12812,1,25
2235,38610,1,16
2236,11715,1,82
2237,66411,1,50
2238,28726,2,53
2239,86024,1,28
2240,18360,2,36
2241,17214,1,27
2242,25425,2,40
2243,20135,1,25
2244,75424,1,21
2245,24064,1,23
2246,47167,1,20
2247,53518,1,28
2248,17551,4,80
2249,35581,1,14
2250,68318,1,17
2251,66502,2,30
2252,54828,1,6
2253,24605,1,15
2254,24701,2,20
2255,24605,1,26
2256,61865,1,25
2257,76352,1,22
2258,74333,1,15
2259,25922,1,13
2260,87323,1,17
2261,24701,2,18
2262,71722,1,12
2263,37618,1,27
2264,70722,3,20
2265,76433,1,18
2266,74759,1,8
2267,84512,1,17
2268,84065,1,60
2269,56518,1,13
2270,45817,1,24
2271,46714,1,40
2272,29909,9,144
2273,76627,1,20
2274,48601,1,16
2275,97622,1,10
2276,72315,3,30
2277,16827,1,43
2278,71953,1,13
2279,08204,1,24
2280,44512,3,39
2281,97818,4,31
2282,49680,1,9
2283,35957,1,23
2284,15315,1,24
2285,33921,1,19
2286,33487,8,207
2287,50519,1,21
2288,94923,1,18
2289,94922,2,15
2290,98108,21,300
2291,19142,1,20
2292,90808,1,27
2293,85215,1,20
2294,68820,1,21
2295,78006,1,38
2296,70427,3,32
2297,75417,1,18
2298,28092,1,38
2299,12047,1,36
2300,07603,3,84
2301,72773,1,15
2302,11716,2,94
2303,28461,3,45
2304,28152,2,36
2305,24426,2,43
2306,29615,4,68
2307,29316,2,44
2308,49775,1,10
2309,65612,2,23
2310,55772,1,14
2311,83704,17,246
2312,74726,2,10
2313,43358,1,32
2314,74930,1,13
2315,64427,1,15
2316,37101,1,9
2317,35504,2,21
2318,29115,2,16
2319,88311,2,24
2320,63055,4,51
2321,72926,1,11
2322,74829,1,8
2323,94924,1,24
2324,77420,1,33
2325,60440,5,88
2326,65613,3,24
2327,38732,8,75
2328,38008,1,30
2329,14715,1,70
2330,15923,1,30
2331,44612,1,34
2332,35546,1,10
2333,01740,1,22
2334,28423,1,25
2335,12814,2,30
2336,39041,1,23
2337,06043,1,23
2338,05676,1,16
2339,53040,1,32
2340,12914,1,40
2341,00680,2,20
2342,38583,1,12
2343,36535,1,17
2344,75928,1,20
2345,72916,1,13
2346,97623,4,36
2347,52620,1,14
2348,72952,3,56
2349,01009,1,26
2350,54107,1,32
2351,50035,1,29
2352,61815,1,15
2353,62815,1,20
2354,57317,0,21
2355,75418,2,58
2356,29379,1,19
2357,38034,1,19
2358,32425,1,20
2359,34135,7,102
2360,91902,1,12
2361,88312,3,30
2362,27213,1,35
2363,63628,1,25
2364,29431,1,15
2365,66012,1,70
2366,71933,1,20
2367,83805,2,25
2368,72416,3,28
2369,76033,1,19
2370,79005,1,17
2371,54947,2,22
2372,25031,1,20
2373,49618,1,12
2374,65202,14,258
2375,61012,1,23
2376,61008,2,50
2377,28607,3,45
2378,50036,1,33
2379,47135,1,18
2380,24065,1,31
2381,72927,2,20
2382,38829,3,29
2383,72927,1,14
2384,72927,2,18
2385,41314,1,22
2386,24503,1,17
2387,76426,2,23
2388,07005,2,100
2389,07005,2,44
2390,27011,2,29
2391,13309,1,76
2392,47601,1,23
2393,65233,1,32
2394,36008,1,15
2395,04537,2,55
2396,04538,1,30
2397,26554,2,15
2398,70091,1,24
2399,19061,1,52
2400,49945,1,20
2401,79738,1,7
2402,13809,2,25
2403,21532,1,38
2404,47106,2,21
2405,08620,1,30
2406,08505,1,13
2407,14456,2,60
2408,76950,1,5
2409,79007,1,26
2410,13152,1,24
2411,18512,1,21
2412,07675,1,55
2413,07512,4,98
2414,92004,1,13
2415,56519,1,10
2416,03303,1,26
2417,53805,1,38
2418,71111,9,185
2419,71006,2,15
2420,71064,3,27
2421,28146,1,31
2422,28018,3,24
2423,47324,1,15
2424,02118,34,1500
2425,14025,2,42
2426,40107,1,17
2427,47921,1,24
2428,15531,1,20
2429,74727,1,18
2430,72031,1,12
2431,45306,1,24
2432,06470,1,25
2433,58318,1,28
2434,58318,2,40
2435,74056,1,11
2436,89005,1,40
2437,95006,2,41
2438,84716,1,13
2439,54212,1,22
2440,80304,3,50
2441,80301,2,21
2442,20743,1,40
2443,59701,1,15
2444,08805,4,70
2445,40361,1,20
2446,66701,6,33
2447,65441,1,25
2448,46504,1,21
2449,60914,1,43
2450,70343,1,22
2451,02562,4,50
2452,85325,1,13
2453,50039,1,20
2454,83806,1,18
2455,79009,1,22
2456,39183,1,13
2457,58721,1,20
2458,57428,1,30
2459,04287,1,14
2460,04008,1,18
2461,58418,1,18
2462,15017,1,50
2463,19946,1,50
2464,44695,1,17
2465,76230,1,38
2466,76230,3,10
2467,20715,3,131
2468,42101,8,123
2469,63334,1,12
2470,43402,2,56
2471,47833,1,17
2472,22427,1,50
2473,21502,1,33
2474,56314,1,22
2475,76310,1,11
2476,58623,1,28
2477,29018,2,13
2478,58623,1,28
2479,21501,1,18
2480,18030,1,18
2481,17517,1,40
2482,14026,2,75
2483,49302,1,19
2484,59521,1,16
2485,57719,1,32
2486,31801,1,28
2487,01719,1,36
2488,75550,1,10
2489,01921,2,50
2490,50040,1,12
2491,22620,1,22
2492,56218,1,20
2493,54726,1,27
2494,51234,1,15
2495,23917,1,31
2496,19512,2,60
2497,36723,1,27
2498,36426,1,12
2499,23827,1,25
2500,40422,7,113
2501,01505,1,45
2502,49712,1,24
2503,49713,1,18
2504,33426,5,138
2505,74422,1,15
2506,68010,1,25
2507,59715,3,49
2508,06334,1,43
2509,46394,3,85
2510,83552,1,15
2511,60407,1,15
2512,44444,1,24
2513,78266,2,20
2514,58524,1,25
2515,21714,1,23
2516,15104,1,21
2517,51631,1,9
2518,34205,3,63
2519,61421,2,31
2520,45308,1,32
2521,16701,2,26
2522,72020,2,21
2523,38316,1,21
2524,02808,2,57
2525,03221,1,20
2526,16701,3,45
2527,14815,1,15
2528,04410,1,29
2529,75803,1,21
2530,50520,1,19
2531,37311,13,223
2532,71671,1,20
2533,60915,1,46
2534,06096,2,34
2535,04411,1,18
2536,36483,1,25
2537,71826,1,15
2538,25818,4,16
2539,65614,1,17
2540,43406,1,28
2541,68319,1,20
2542,24817,1,15
2543,76825,1,32
2544,69123,1,20
2545,43570,1,21
2546,15848,1,40
2547,15068,1,36
2548,74423,1,17
2549,55006,1,19
2550,60408,1,55
2551,68626,1,30
2552,56401,2,40
2553,02184,3,88
2554,74632,1,12
2555,49837,2,12
2556,24715,1,17
2557,72928,1,15
2558,54247,1,25
2559,49458,1,12
2560,70516,2,25
2561,14418,2,50
2562,47514,1,15
2563,35120,1,28
2564,07826,1,35
2565,23828,1,15
2566,95065,1,22
2567,48462,3,51
2568,05733,1,35
2569,56315,1,19
2570,52210,1,27
2571,57005,1,27
2572,53919,2,28
2573,65688,1,11
2574,57218,1,18
2575,22714,1,45
2576,19809,1,86
2577,20613,1,52
2578,06405,5,84
2579,32008,1,15
2580,65616,3,48
2581,14027,1,39
2582,36009,1,54
2583,13697,1,60
2584,27525,1,27
2585,28902,1,25
2586,05301,2,39
2587,39044,1,25
2588,50042,1,16
2589,37338,1,14
2590,54161,2,28
2591,47834,1,14
2592,77422,2,21
2593,87520,1,25
2594,77845,3,36
2595,77805,3,25
2596,77808,3,15
2597,76472,1,23
2598,92821,4,70
2599,76424,1,17
2600,56520,2,25
2601,48615,1,30
2602,73701,1,10
2603,19540,1,25
2604,44141,1,41
2605,42715,1,23
2606,49834,1,18
2607,62230,1,35
2608,14816,1,20
2609,15533,1,25
2610,97342,1,15
2611,55782,1,21
2612,49876,3,32
2613,42325,1,35
2614,04551,1,16
2615,46506,1,39
2616,30110,1,16
2617,35055,3,22
2618,43107,1,45
2619,98337,3,62
2620,28655,2,38
2621,77833,1,65
2622,74955,1,20
2623,35034,1,20
2624,57429,1,21
2625,24818,1,16
2626,37024,4,67
2627,11717,5,150
2628,63144,1,23
2629,03833,1,32
2630,15227,1,25
2631,20722,2,50
2632,32955,33,736
2633,28712,1,39
2634,99785,1,40
2635,04412,1,18
2636,13029,2,60
2637,56119,1,23
2638,02631,1,47
2639,68801,1,23
2640,44613,1,28
2641,10509,2,60
2642,36426,1,36
2643,84719,1,19
2644,76020,3,28
2645,10510,2,120
2646,76028,1,22
2647,56014,1,26
2648,35646,2,17
2649,08723,9,151
2650,08724,9,180
2651,77611,2,45
2652,70094,1,28
2653,73010,3,25
2654,11932,1,45
2655,19405,1,25
2656,43912,2,30
2657,69336,2,18
2658,48722,1,20
2659,26330,1,47
2660,06604,8,288
2661,93517,2,18
2662,62417,2,20
2663,35740,1,25
2664,76426,1,30
2665,13030,2,27
2666,59715,1,21
2667,59014,1,46
2668,38651,1,23
2669,60455,2,24
2670,15017,1,30
2671,19933,1,50
2672,95526,1,9
2673,13313,1,40
2674,57319,1,26
2675,50837,1,0
2676,04735,1,21
2677,02324,2,51
2678,03222,1,27
2679,22812,1,40
2680,05034,1,22
2681,15009,1,25
2682,06752,1,68
2683,04009,4,73
2684,05734,1,24
2685,08730,1,50
2686,42025,2,31
2687,13614,1,40
2688,35035,2,15
2689,08203,1,34
2690,53920,1,24
2691,84302,1,42
2692,40962,1,22
2693,47025,3,66
2694,48116,5,96
2695,62012,1,30
2696,05846,1,19
2697,38011,1,20
2698,14610,3,112
2699,15009,3,106
2700,14150,3,82
2701,52540,1,19
2702,29512,2,17
2703,43913,1,24
2704,54110,1,31
2705,61517,2,35
2706,01010,1,30
2707,44240,1,14
2708,55602,1,12
2709,40456,1,23
2710,35175,3,30
2711,75482,1,10
2712,72021,1,17
2713,27823,1,20
2714,13830,1,20
2715,79011,2,15
2716,99633,3,20
2717,19007,1,16
2718,04554,3,29
2719,19007,1,25
2720,06010,5,87
2721,46507,1,20
2722,53104,1,46
2723,05443,1,35
2724,24201,3,42
2725,44402,1,20
2726,03222,1,32
2727,02809,4,97
2728,57219,1,20
2729,60560,3,73
2730,37620,5,67
2731,75119,2,15
2732,14424,2,30
2733,32321,1,13
2734,74010,1,34
2735,68719,1,18
2736,50423,1,26
2737,28358,1,30
2738,65618,1,12
2739,28570,1,33
2740,06016,1,46
2741,11693,1,45
2742,28711,2,30
2743,12025,1,50
2744,75929,1,16
2745,61816,2,20
2746,59317,2,19
2747,88112,2,25
2748,60155,1,28
2749,44147,2,34
2750,37398,1,10
2751,59644,5,45
2752,69125,1,18
2753,29621,1,24
2754,22815,1,42
2755,28697,1,28
2756,76087,3,30
2757,58321,2,32
2758,14420,4,185
2759,29520,3,42
2760,17925,1,6
2761,02301,6,205
2762,15824,1,50
2763,14716,1,34
2764,61917,1,16
2765,53520,1,30
2766,40409,1,25
2767,23920,1,30
2768,27577,1,30
2769,74012,7,175
2770,74728,3,18
2771,68822,1,35
2772,74530,1,11
2773,41016,1,22
2774,51007,1,22
2775,49028,1,26
2776,75930,1,8
2777,32621,1,22
2778,42518,1,18
2779,76933,1,22
2780,39826,1,16
2781,55007,1,20
2782,44142,2,30
2783,47922,1,23
2784,22554,1,32
2785,74462,2,14
2786,01506,1,24
2787,13314,1,24
2788,60513,2,25
2789,44403,3,24
2790,05036,0,20
2791,06804,1,30
2792,19015,1,44
2793,11719,2,95
2794,39601,3,35
2795,11973,1,30
2796,26508,1,45
2797,97415,1,22
2798,57006,4,47
2799,72417,3,32
2800,08030,2,28
2801,04616,1,31
2802,19083,1,35
2803,02447,5,161
2804,65619,2,32
2805,55429,2,29
2806,53521,1,50
2807,44144,1,37
2808,62059,1,15
2809,44131,1,30
2810,17044,1,20
2811,55443,4,49
2812,36429,1,15
2813,46111,2,17
2814,24528,1,30
2815,04921,1,10
2816,77423,1,8
2817,07926,1,40
2818,84782,1,8
2819,35036,1,25
2820,43912,1,24
2821,77542,1,10
2822,47923,1,20
2823,04617,2,20
2824,34601,1,20
2825,35031,1,15
2826,41004,1,22
2827,14817,1,22
2828,95490,2,22
2829,08816,2,40
2830,45309,1,42
2831,15825,1,30
2832,47012,1,26
2833,24551,1,39
2834,35444,1,16
2835,19008,1,30
2836,35973,1,0
2837,56316,1,23
2838,24541,1,44
2839,15236,1,46
2840,71351,2,18
2841,70518,3,41
2842,33312,16,559
2843,56438,1,24
2844,48416,1,18
2845,47448,1,20
2846,62353,2,20
2847,47448,1,18
2848,46158,2,43
2849,17727,1,3
2850,18421,1,22
2851,79316,1,27
2852,62624,1,14
2853,42274,2,28
2854,59417,1,20
2855,62818,1,19
2856,75756,2,30
2857,46112,3,71
2858,55918,1,22
2859,70811,2,16
2860,47220,1,18
2861,48174,4,31
2862,62418,1,31
2863,15417,1,30
2864,53006,1,29
2865,55919,1,16
2866,78520,9,192
2867,97327,2,32
2868,39041,2,15
2869,42210,1,21
2870,57732,1,18
2871,38012,10,136
2872,55312,1,29
2873,53522,1,22
2874,04414,2,22
2875,13615,1,25
2876,68321,1,20
2877,76801,2,35
2878,73038,1,10
2879,49912,1,18
2880,57220,1,23
2881,54819,1,27
2882,48065,3,29
2883,38317,1,22
2884,26525,1,32
2885,38024,1,9
2886,76524,1,20
2887,16022,1,25
2888,54820,1,18
2889,24210,1,24
2890,83638,1,16
2891,36010,2,12
2892,83604,1,15
2893,68014,1,22
2894,55712,1,13
2895,29911,1,15
2896,44212,2,30
2897,12180,1,41
2898,04011,2,40
2899,31520,2,40
2900,65236,1,13
2901,68720,1,22
2902,42539,1,19
2903,15720,1,35
2904,80723,1,28
2905,45172,2,14
2906,36037,1,10
2907,12916,1,25
2908,74955,1,20
2909,74403,1,17
2910,28654,1,34
2911,54204,2,50
2912,31321,10,93
2913,43506,1,29
2914,77803,5,139
2915,20616,1,60
2916,72022,3,48
2917,57221,1,15
2918,47326,1,18
2919,84764,1,8
2920,19009,1,32
2921,43074,1,38
2922,49107,1,20
2923,78609,1,20
2924,49107,1,14
2925,17353,1,30
2926,24066,1,30
2927,46140,2,40
2928,27020,1,30
2929,85326,6,84
2930,50043,1,22
2931,43008,1,19
2932,85326,4,68
2933,40444,2,22
2934,04220,2,18
2935,26201,1,22
2936,34974,1,10
2937,28423,1,25
2938,61563,3,30
2939,76518,1,7
2940,17815,1,30
2941,23970,1,27
2942,41721,1,12
2943,01338,1,28
2944,99727,1,16
2945,45819,1,25
2946,80011,2,49
2947,80011,2,44
2948,60918,1,22
2949,49620,1,19
2950,67834,1,14
2951,64631,2,20
2952,62819,1,15
2953,95971,1,10
2954,85344,2,15
2955,47613,1,16
2956,04416,1,32
2957,71949,2,14
2958,98530,1,10
2959,44820,1,19
2960,44820,1,24
2961,61314,1,30
2962,78610,4,45
2963,07828,1,45
2964,40218,1,22
2965,81211,1,11
2966,48601,1,20
2967,24416,1,60
2968,31803,1,20
2969,15018,1,25
2970,50424,1,20
2971,65622,1,15
2972,57341,1,12
2973,25607,1,23
2974,58011,1,28
2975,73834,1,16
2976,55313,2,36
2977,14202,22,735
2978,42716,1,29
2979,52728,1,25
2980,62515,1,12
2981,57722,1,16
2982,79508,1,20
2983,60089,3,57
2984,55314,1,24
2985,14225,1,41
2986,65622,2,30
2987,79404,1,25
2988,63353,1,46
2989,16055,1,19
2990,74574,1,10
2991,75831,1,13
2992,29321,2,27
2993,82834,1,20
2994,57720,1,18
2995,66717,1,7
2996,29702,2,26
2997,25033,1,45
2998,47925,1,21
2999,29067,2,20
3000,29720,1,20
3001,72653,2,19
3002,55713,1,18
3003,83316,2,24
3004,27506,1,49
3005,59935,1,5
3006,59632,3,15
3007,72619,1,21
3008,75757,2,22
3009,86442,5,80
3010,30458,15,72
3011,36009,1,12
3012,27507,1,33
3013,37711,1,31
3014,15425,3,22
3015,10915,1,40
3016,78163,2,41
3017,78070,5,79
3018,23024,1,16
3019,77612,1,24
3020,73439,1,15
3021,62912,1,13
3022,06281,1,35
3023,62014,3,106
3024,71322,2,44
3025,38829,1,22
3026,27508,3,43
3027,26554,1,15
3028,60459,2,52
3029,95351,1,43
3030,74633,1,14
3031,44214,1,30
3032,68323,1,20
3033,67523,1,11
3034,14818,1,35
3035,72321,1,12
3036,61315,1,20
3037,86034,1,10
3038,28425,1,37
3039,15021,1,31
3040,44428,1,7
3041,40310,2,120
3042,76354,2,29
3043,30830,12,110
3044,57523,1,29
3045,12917,1,32
3046,24651,1,12
3047,42717,1,23
3048,45310,1,20
3049,23922,1,15
3050,36043,1,15
3051,76028,3,50
3052,60109,1,28
3053,08060,1,55
3054,73722,1,11
3055,27215,5,90
3056,08016,4,75
3057,06013,4,65
3058,58722,1,23
3059,98233,1,34
3060,52601,3,48
3061,01803,2,67
3062,05401,5,83
3063,41005,1,74
3064,58722,1,23
3065,08016,3,72
3066,53105,3,27
3067,49029,1,15
3068,48727,1,14
3069,80807,1,28
3070,76519,1,9
3071,46915,2,26
3072,26710,1,40
3073,42028,1,30
3074,78605,3,16
3075,78611,1,16
3076,53922,1,25
3077,47926,1,14
3078,47240,1,15
3079,96013,2,20
3080,04922,2,16
3081,60633,1,28
3082,40962,1,30
3083,35582,1,14
3084,73624,1,20
3085,46304,1,27
3086,48418,1,19
3087,97720,1,16
3088,55306,2,50
3089,28135,1,25
3090,36703,1,16
3091,38833,1,25
3092,28714,1,20
3093,26335,1,12
3094,12020,2,45
3095,72153,2,10
3096,28372,1,32
3097,49030,1,22
3098,16226,1,20
3099,88337,1,15
3100,46916,1,13
3101,23842,1,30
3102,67020,1,30
3103,50522,1,18
3104,49839,1,8
3105,48059,1,21
3106,44021,1,27
3107,29906,5,55
3108,38829,1,15
3109,20904,1,65
3110,12066,1,21
3111,68823,1,68
3112,40741,3,34
3113,62924,1,11
3114,18324,3,75
3115,61422,3,21
3116,14534,2,73
3117,69128,1,16
3118,67427,1,15
3119,12028,1,19
3120,14701,1,0
3121,41006,1,20
3122,67017,1,16
3123,67010,2,55
3124,67133,2,24
3125,66842,1,18
3126,67072,2,15
3127,67039,1,23
3128,66840,2,18
3129,63901,14,115
3130,67132,3,25
3131,07405,4,90
3132,64730,1,20
3133,46721,1,24
3134,07882,1,11
3135,18222,1,45
3136,50575,1,16
3137,45414,2,30
3138,16001,2,31
3139,21023,1,31
3140,31006,1,20
3141,73625,1,15
3142,74346,1,17
3143,75855,1,5
3144,53007,2,30
3145,72176,1,12
3146,48624,1,9
3147,27509,1,47
3148,95965,38,410
3149,95928,2,8
3150,97522,1,17
3151,58723,1,16
3152,96058,1,13
3153,68722,1,20
3154,99645,2,24
3155,59701,11,174
3156,72955,6,45
3157,65625,1,26
3158,56120,1,23
3159,30233,4,75
3160,36853,1,15
3161,58218,1,25
3162,04093,3,49
3163,55771,1,22
3164,36080,2,15
3165,21240,1,87
3166,74831,1,15
3167,80103,2,36
3168,76357,1,15
3169,43723,1,20
3170,38611,2,17
3171,74820,1,11
3172,38620,2,25
3173,65281,3,20
3174,07821,3,46
3175,39170,1,25
3176,45115,1,14
3177,35552,1,26
3178,38549,5,40
3179,31007,1,22
3180,31008,3,25
3181,55920,1,30
3182,14422,1,45
3183,61010,1,38
3184,49315,1,23
3185,68325,1,32
3186,72576,1,11
3187,04275,1,0
3188,39735,1,25
3189,39735,1,21
3190,29456,5,83
3191,94525,1,58
3192,44878,1,36
3193,96103,1,8
3194,75503,2,17
3195,87723,1,20
3196,95814,268,3800
3197,90003,2,48
3198,87931,1,20
3199,92203,1,8
3200,60919,1,15
3201,74350,1,12
3202,25075,1,19
3203,20817,2,99
3204,59923,1,25
3205,54821,1,5
3206,87701,2,23
3207,65689,1,18
3208,72023,4,45
3209,05647,1,12
3210,93924,2,16
3211,84321,2,355
3212,73527,1,20
3213,35673,2,31
3214,74729,1,12
3215,71033,4,36
3216,71047,3,38
3217,71935,1,15
3218,75135,1,28
3219,71047,4,39
3220,71107,5,73
3221,71115,4,65
3222,71082,5,27
3223,71061,5,31
3224,71107,2,15
3225,71923,1,22
3226,49601,1,21
3227,42211,1,23
3228,47362,1,17
3229,54727,1,36
3230,12918,1,30
3231,17555,1,32
3232,37327,1,10
3233,35242,4,52
3234,62206,2,25
3235,64632,2,40
3236,62914,1,12
3237,62914,1,24
3238,12413,1,30
3239,45820,1,20
3240,68824,1,35
3241,42420,1,16
3242,71730,2,20
3243,38833,1,16
3244,74538,1,7
3245,26337,1,17
3246,92570,91,1500
3247,93402,1,33
3248,28467,2,43
3249,04619,2,30
3250,52729,1,30
3251,95252,2,38
3252,95249,1,3
3253,70665,4,26
3254,36560,1,25
3255,43920,1,35
3256,77836,1,52
3257,83605,3,51
3258,72322,1,20
3259,43724,1,30
3260,07006,1,41
3261,71828,1,6
3262,53108,3,40
3263,55921,1,31
3264,14423,1,62
3265,63631,1,15
3266,49316,1,23
3267,42232,1,15
3268,35040,3,29
3269,74730,2,27
3270,92231,2,24
3271,80808,1,14
3272,38916,2,27
3273,71753,1,13
3274,39866,1,10
3275,29628,1,29
3276,65323,1,15
3277,37309,1,25
3278,72519,1,25
3279,07830,1,50
3280,93505,2,13
3281,96130,1,22
3282,93561,1,14
3283,95540,16,200
3284,92019,25,300
3285,95490,10,100
3286,65018,1,18
3287,93940,15,292
3288,92880,1,11
3289,95696,1,14
3290,96101,2,11
3291,92860,1,14
3292,65018,5,27
3293,93536,1,2
3294,15419,1,35
3295,92320,1,22
3296,71724,1,20
3297,92233,1,16
3298,94515,1,17
3299,24530,1,20
3300,63534,1,7
3301,22435,1,50
3302,32404,2,20
3303,68825,1,35
3304,56521,1,19
3305,24067,1,35
3306,50523,1,15
3307,16213,1,20
3308,12723,1,17
3309,29819,1,13
3310,42071,12,80
3311,52132,1,22
3312,96124,1,10
3313,60409,2,56
3314,60827,1,35
3315,49913,1,20
3316,49913,1,12
3317,51009,1,11
3318,55716,1,20
3319,73014,1,15
3320,15666,1,45
3321,42029,2,18
3322,77837,1,18
3323,74531,1,15
3324,28325,1,34
3325,52730,2,39
3326,98282,5,54
3327,61919,2,25
3328,98607,3,67
3329,97416,1,17
3330,53923,1,34
3331,93428,1,25
3332,15927,1,27
3333,14094,2,50
3334,62915,1,20
3335,47327,1,24
3336,50046,1,20
3337,05464,1,28
3338,43725,1,26
3339,12816,1,38
3340,53523,1,38
3341,02138,8,278
3342,55008,1,26
3343,83610,1,15
3344,61238,1,28
3345,16403,1,43
3346,49265,2,50
3347,31548,9,97
3348,71701,3,30
3349,04843,1,14
3350,38320,1,18
3351,29020,2,45
3352,49232,1,30
3353,64018,1,10
3354,45311,1,43
3355,44049,1,21
3356,36726,2,15
3357,13316,1,60
3358,46917,1,20
3359,19934,1,66
3360,29030,1,16
3361,64429,1,30
3362,76305,1,15
3363,95682,2,41
3364,28326,1,28
3365,76520,1,32
3366,26033,1,25
3367,70631,2,25
3368,14819,1,20
3369,31730,1,20
3370,13031,1,45
3371,72207,1,15
3372,29720,1,19
3373,45648,1,12
3374,37743,1,32
3375,57724,1,20
3376,26537,1,60
3377,40444,5,16
3378,41179,1,38
3379,50131,1,10
3380,54618,1,20
3381,49738,2,11
3382,17011,1,30
3383,36850,1,15
3384,62206,1,40
3385,28547,10,157
3386,95419,1,18
3387,86015,1,13
3388,94568,1,19
3389,92055,11,146
3390,62320,1,20
3391,56345,1,17
3392,93451,1,15
3393,72199,2,24
3394,41059,1,32
3395,37869,1,20
3396,82716,10,121
3397,37766,5,30
3398,54603,1,20
3399,14821,1,26
3400,44405,1,14
3401,62916,1,15
3402,68932,1,25
3403,48815,1,15
3404,47223,1,15
3405,75422,1,29
3406,68932,1,34
3407,56522,1,16
3408,40011,3,25
3409,42718,1,50
3410,32426,1,14
3411,17010,1,50
3412,72007,2,15
3413,91906,1,11
3414,81029,2,13
3415,03223,3,34
3416,95922,2,20
3417,13760,3,95
3418,24317,4,40
3419,06018,1,44
3420,03741,1,25
3421,12029,1,30
3422,44217,2,30
3423,26260,1,20
3424,29038,3,28
3425,47224,1,14
3426,28783,1,22
3427,74425,1,12
3428,79014,1,26
3429,13317,1,45
3430,44614,1,55
3431,14822,1,62
3432,13032,1,80
3433,32920,3,41
3434,56220,1,25
3435,97013,3,52
3436,96015,1,18
3437,03034,1,47
3438,58324,1,10
3439,27281,1,21
3440,13743,1,45
3441,87357,2,24
3442,35180,1,12
3443,72150,2,17
3444,29644,5,24
3445,37743,1,18
3446,75148,1,2
3447,65655,1,22
3448,71446,1,12
3449,74533,1,20
3450,42721,1,15
3451,14823,1,46
3452,87515,2,31
3453,70584,1,24
3454,47519,1,16
3455,47520,1,25
3456,97110,2,32
3457,37190,7,100
3458,49341,2,32
3459,41102,1,32
3460,13148,1,12
3461,81212,2,52
3462,15317,1,26
3463,30401,1,10
3464,55811,1,22
3465,57321,1,20
3466,03224,1,26
3467,06331,1,53
3468,39046,4,34
3469,02021,2,54
3470,28716,1,14
3471,73724,1,22
3472,13617,1,65
3473,44702,8,154
3474,61520,1,16
3475,48188,3,72
3476,55922,1,20
3477,06019,3,50
3478,63435,2,28
3479,15301,2,30
3480,44707,3,37
3481,57013,1,27
3482,04221,1,16
3483,52542,1,21
3484,99729,1,15
3485,73626,1,18
3486,97820,1,10
3487,59633,1,11
3488,79015,2,40
3489,78133,5,39
3490,92587,1,29
3491,97417,1,30
3492,95963,1,22
3493,95637,3,19
3494,77331,1,8
3495,23310,1,26
3496,33915,11,210
3497,04107,2,36
3498,27505,2,34
3499,97415,1,23
3500,63703,4,62
3501,08212,1,30
3502,21409,1,42
3503,13618,1,55
3504,99801,5,106
3505,48906,1,10
3506,88316,2,22
3507,37398,1,13
3508,65785,1,10
3509,26711,1,25
3510,26823,1,18
3511,26851,1,30
3512,72601,3,27
3513,73717,1,15
3514,23829,1,25
3515,33924,1,12
3516,88415,0,20
3517,77465,1,12
3518,04925,1,9
3519,72419,1,20
3520,61236,2,22
3521,61239,1,18
3522,82331,1,15
3523,82327,1,13
3524,59041,1,12
3525,82301,5,150
3526,35549,1,15
3527,76454,1,20
3528,15601,1,24
3529,81623,5,77
3530,62901,1,19
3531,08234,2,34
3532,73439,1,10
3533,44406,3,40
3534,85377,1,20
3535,70520,2,39
3536,83320,2,40
3537,43316,1,28
3538,04736,1,48
3539,64834,4,53
3540,11514,1,75
3541,68326,1,20
3542,89822,1,26
3543,62626,1,32
3544,17013,1,12
3545,17013,1,19
3546,19963,1,55
3547,45005,2,19
3548,01741,1,32
3549,50047,1,32
3550,47838,1,20
3551,44035,1,28
3552,75687,2,18
3553,12031,1,25
3554,40311,1,22
3555,61725,1,28
3556,56319,1,19
3557,95528,2,15
3558,36761,1,9
3559,88220,6,65
3560,92010,6,81
3561,76934,1,23
3562,07072,2,85
3563,55718,1,20
3564,54216,1,35
3565,76436,1,16
3566,30627,1,18
3567,62231,1,25
3568,12303,1,31
3569,10512,1,85
3570,46032,6,155
3571,93940,1,7
3572,93923,3,80
3573,04419,1,16
3574,73726,0,20
3575,62821,1,21
3576,39360,1,20
3577,15320,1,58
3578,73015,1,17
3579,15106,1,35
3580,30577,1,25
3581,39455,2,22
3582,30521,1,14
3583,08069,1,35
3584,48723,1,25
3585,12032,1,55
3586,60188,3,62
3587,28428,1,27
3588,27884,2,41
3589,36420,1,27
3590,22427,6,238
3591,29456,1,28
3592,49718,2,18
3593,49971,1,10
3594,19612,1,35
3595,60110,3,50
3596,93013,2,27
3597,58734,1,19
3598,32430,1,15
3599,41834,2,15
3600,27510,2,36
3601,62917,1,25
3602,39426,3,27
3603,58421,1,35
3604,58421,1,40
3605,78834,1,20
3606,21157,15,1140
3607,24343,2,26
3608,30117,15,135
3609,38344,12,167
3610,44615,1,23
3611,51401,1,35
3612,61802,1,17
3613,15063,1,25
3614,43449,1,46
3615,61850,1,17
3616,68723,1,24
3617,64633,2,40
3618,30117,4,66
3619,41008,1,26
3620,62016,3,70
3621,75006,8,166
3622,48604,1,18
3623,44615,1,28
3624,35447,1,15
3625,23314,1,55
3626,15722,1,52
3627,23315,1,40
3628,74301,1,10
3629,89701,3,58
3630,48811,1,17
3631,51525,1,18
3632,48419,1,24
3633,17032,1,10
3634,56575,2,22
3635,41128,1,18
3636,59324,2,52
3637,73627,1,16
3638,47523,1,40
3639,51510,1,27
3640,59420,1,21
3641,37642,3,25
3642,07008,2,48
3643,30120,4,74
3644,23027,1,35
3645,62918,1,25
3646,64835,1,25
3647,62321,1,29
3648,28327,1,39
3649,64836,2,26
3650,75633,1,45
3651,39051,1,29
3652,37030,1,23
3653,45735,1,18
3654,46115,1,25
3655,13619,1,28
3656,63830,1,24
3657,55315,1,34
3658,02330,3,85
3659,28434,1,20
3660,27511,10,237
3661,60013,2,70
3662,37714,1,22
3663,28020,1,38
3664,57747,1,15
3665,53011,1,47
3666,52033,1,30
3667,97014,1,20
3668,83611,3,28
3669,49546,2,34
3670,24069,1,22
3671,59421,1,15
3672,80809,1,20
3673,38920,1,26
3674,54205,1,28
3675,04015,2,27
3676,49759,1,17
3677,48725,1,22
3678,50048,1,14
3679,62232,1,30
3680,75402,1,16
3681,72421,1,13
3682,28717,6,52
3683,73016,1,30
3684,54619,1,25
3685,17310,1,14
3686,49303,1,30
3687,38858,1,14
3688,82601,5,74
3689,82601,1,35
3690,49915,1,28
3691,46947,1,22
3692,75565,1,12
3693,75572,3,35
3694,56633,1,24
3695,24927,1,15
3696,46390,1,20
3697,14718,1,52
3698,15925,1,15
3699,29032,1,30
3700,72026,1,12
3701,96016,1,9
3702,43725,1,30
3703,58012,1,26
3704,58012,1,26
3705,54529,1,18
3706,78611,1,14
3707,49031,1,15
3708,45312,1,27
3709,13318,1,20
3710,65625,2,25
3711,08527,2,23
3712,53806,1,43
3713,38583,1,14
3714,27816,2,35
3715,52133,1,24
3716,51010,1,12
3717,96017,2,25
3718,14427,1,28
3719,04421,1,30
3720,84513,1,20
3721,78213,1,19
3722,12590,1,15
3723,98611,1,106
3724,80104,6,91
3725,57760,1,24
3726,15234,1,45
3727,84532,2,22
3728,36432,1,16
3729,83321,1,24
3730,22716,1,15
3731,12033,1,20
3732,05735,1,29
3733,49073,1,19
3734,24224,2,20
3735,57223,1,26
3736,28580,1,26
3737,13620,1,40
3738,78009,1,0
3739,27326,1,25
3740,78933,1,48
3741,47460,1,18
3742,18032,3,39
3743,31804,2,29
3744,43452,1,25
3745,28609,1,32
3746,54515,1,15
3747,17820,1,30
3748,60434,1,21
3749,61550,1,18
3750,61611,1,30
3751,73843,1,10
3752,58422,1,18
3753,92234,3,43
3754,98612,2,20
3755,20119,1,54
3756,41129,1,29
3757,61817,1,24
3758,13033,1,45
3759,14830,1,39
3760,37876,2,18
3761,30742,9,107
3762,74015,2,20
3763,63833,1,10
3764,12414,2,1
3765,14081,2,40
3766,13036,2,26
3767,65626,1,5
3768,88113,1,16
3769,58220,1,17
3770,58220,1,26
3771,72521,2,26
3772,42127,1,27
3773,62890,2,16
3774,30124,1,34
3775,72718,2,22
3776,62919,1,12
3777,05142,1,14
3778,57324,1,15
3779,67430,1,13
3780,29033,1,50
3781,38611,1,22
3782,42041,1,23
3783,93430,1,17
3784,13034,1,34
3785,14850,1,50
3786,47928,1,33
3787,95421,2,20
3788,53924,1,28
3789,13035,1,64
3790,24171,2,25
3791,92036,2,21
3792,95540,16,205
3793,95037,12,55
3794,96080,8,100
3795,56587,1,24
3796,87014,1,15
3797,08094,1,32
3798,72930,1,20
3799,15055,1,15
3800,15321,1,24
3801,49621,1,20
3802,73086,1,11
3803,35959,1,25
3804,68015,1,23
3805,84721,3,52
3806,73051,2,23
3807,37096,1,6
3808,39730,1,14
3809,37743,1,23
3810,68016,1,18
3811,65627,2,15
3812,50613,3,60
3813,53013,1,38
3814,27231,2,40
3815,07009,3,66
3816,35184,1,12
3817,35045,2,30
3818,38581,1,11
3819,25039,1,26
3820,34207,4,65
3821,87410,2,32
3822,75104,4,74
3823,38849,1,20
3824,63016,3,38
3825,28520,1,17
3826,32625,1,7
3827,46303,1,30
3828,73047,3,26
3829,84762,2,16
3830,28718,1,31
3831,78613,5,85
3832,81324,0,10
3833,61316,1,13
3834,52401,9,144
3835,68627,1,25
3836,49319,1,24
3837,42164,1,18
3838,42164,1,14
3839,58529,3,27
3840,53012,2,35
3841,30125,1,21
3842,08311,1,30
3843,13357,1,43
3844,61013,2,52
3845,96104,1,16
3846,45314,1,32
3848,27573,2,31
3849,24124,1,41
3850,75423,1,23
3851,45822,1,25
3852,75009,1,21
3853,14720,2,30
3854,73017,1,19
3855,61447,2,22
3856,55014,2,34
3857,82055,1,14
3858,12180,1,30
3859,55012,1,19
3860,03813,1,25
3861,29805,3,16
3862,54913,1,35
3863,75935,1,31
3864,81144,1,29
3865,06340,1,15
3866,72150,2,14
3867,03226,2,25
3868,27980,1,34
3869,72143,1,15
3870,75563,0,17
3871,52212,1,19
3872,48015,1,45
3873,11934,1,96
3874,03814,1,29
3875,28716,1,27
3876,47840,1,30
3877,38468,1,16
3878,52213,1,25
3879,35215,4,111
3880,78010,1,16
3881,71852,1,15
3882,35645,2,25
3883,43402,1,22
3884,46350,1,25
3885,45715,1,4
3886,15001,3,88
3887,15359,1,15
3888,46953,1,25
3889,74820,1,7
3890,38828,1,16
3891,72542,2,12
3892,47424,2,25
3893,11720,3,200
3894,11721,2,90
3895,08318,1,32
3896,72719,3,36
3897,37110,2,20
3898,42328,1,19
3899,37821,2,22
3900,45685,1,12
3901,57014,1,26
3902,52544,1,28
3903,12477,2,80
3904,83631,1,9
3905,47330,2,25
3906,96001,1,22
3907,72058,1,16
3908,37033,3,28
3909,16404,1,20
3910,59701,1,21
3911,29625,1,20
3912,75833,1,36
3913,02632,3,53
3914,71842,2,16
3915,62325,2,27
3916,28681,1,51
3917,35633,1,24
3918,86314,14,122
3919,76559,1,40
3920,19516,0,35
3921,12035,1,45
3922,95245,5,37
3923,93610,1,16
3924,65251,2,33
3925,41076,1,27
3926,97733,1,10
3927,64701,3,31
3928,64701,3,25
3929,52214,1,25
3930,15926,1,50
3931,42330,1,49
3932,80427,2,18
3933,68826,1,35
3934,72941,0,11
3935,76088,2,30
3936,37601,1,20
3937,63376,7,80
3938,94010,6,84
3939,02816,2,32
3940,65747,5,55
3941,64469,3,27
3942,97496,7,73
3943,99669,6,72
3944,02863,1,42
3945,54405,3,65
3946,19605,1,31
3947,70818,5,51
3948,84722,1,20
3949,27292,1,37
3950,44677,2,24
3951,83442,4,82
3952,95062,7,107
3953,72432,2,25
3954,77830,1,20
3955,42701,2,35
3956,75965,3,15
3957,74955,1,17
3958,75119,1,6
3959,11722,3,180
3960,64014,5,145
3961,43451,1,30
3962,45103,2,37
3963,98383,12,118
3964,49622,1,15
3965,55734,2,17
3966,74869,2,11
3967,89403,7,40
3968,04448,2,23
3969,99654,8,164
3970,39208,1,6
3971,10960,1,23
3972,43011,1,25
3973,39759,1,28
3974,97394,3,11
3975,47551,2,30
3976,98445,12,257
3977,64079,2,28
3978,65613,3,18
3979,58621,1,28
3980,28625,2,46
3981,13036,1,40
3982,60638,1,40
3983,27017,2,31
3984,65680,5,25
3985,43140,2,42
3986,84634,1,0
3987,59714,7,60
3988,38587,2,15
3989,06332,1,25
3990,15037,1,25
3991,31006,8,0
3992,39338,1,15
3993,75904,2,22
3994,35767,3,35
3995,98239,4,48
3996,65240,2,20
3997,66415,1,22
3998,74301,1,23
3999,52068,1,40
4000,35960,1,23
4001,19422,1,59
4002,49032,1,28
4003,35042,1,18
4004,39631,1,20
4005,54824,1,32
4006,25507,2,50
4007,95307,3,31
4008,24318,1,12
4009,68017,1,24
4010,87519,1,28
4011,28430,1,38
4012,71866,1,14
4013,42215,1,13
4014,18104,1,28
4015,56121,1,22
4016,70301,3,25
4017,28431,2,30
4018,69337,1,50
4019,61014,1,24
4020,81211,6,53
4021,63740,1,17
4022,14030,3,40
4023,44022,1,52
4024,32317,2,22
4025,93514,1,16
4026,18914,2,50
4027,76705,1,15
4028,38320,2,20
4029,47929,1,18
4030,42171,1,21
4031,35643,1,15
4032,87520,1,25
4033,88027,1,18
4034,57325,1,33
4035,17111,1,26
4036,17201,2,30
4037,71766,1,8
4038,87566,1,21
4039,05155,1,15
4040,44483,1,30
4041,49814,1,28
4042,77066,1,57
4043,12919,1,38
4044,74965,1,13
4045,57015,1,29
4046,74834,3,28
4047,85225,10,202
4048,35987,1,21
4049,75758,1,16
4050,47610,1,23
4051,62627,1,20
4052,15535,1,33
4053,55317,2,45
4054,60410,2,23
4055,77530,3,72
4056,66720,2,15
4057,88081,1,20
4058,27514,5,92
4059,37034,2,25
4060,75707,1,22
4061,65785,2,12
4062,26624,1,21
4063,62628,1,24
4064,62628,1,24
4065,68827,1,25
4066,67431,1,12
4067,17760,1,30
4068,25508,1,38
4069,10514,2,60
4070,69129,1,30
4071,29037,1,18
4072,44024,1,45
4073,50049,1,35
4074,36522,1,15
4075,01339,1,16
4076,15022,1,31
4077,50616,1,29
4078,23030,3,15
4079,63834,1,30
4080,25302,8,171
4081,29405,17,381
4082,38921,1,13
4083,61920,2,35
4084,97420,3,39
4085,42408,1,20
4086,05833,1,25
4087,72933,3,18
4088,38019,1,15
4089,04422,1,17
4090,12166,1,20
4091,21914,1,35
4092,44266,2,17
4093,03603,1,20
4094,02813,2,37
4095,47111,5,43
4096,49720,1,29
4097,76305,2,15
4098,59824,1,19
4099,33982,18,246
4100,23923,1,20
4101,05445,1,26
4102,52731,1,30
4103,78011,1,10
4104,48813,2,32
4105,28206,42,1056
4106,72522,2,14
4107,29720,1,12
4108,29020,1,25
4109,04666,1,22
4110,22902,3,127
4111,22902,2,65
4112,12036,1,14
4113,31537,5,58
4114,01507,2,30
4115,12019,1,40
4116,51439,1,26
4117,48532,3,28
4118,49601,1,25
4119,48473,2,35
4120,48329,9,107
4121,23924,1,27
4122,67524,1,16
4123,31647,1,21
4124,55318,1,51
4125,49916,1,17
4126,12920,1,35
4127,55923,1,24
4128,75105,1,13
4129,07928,1,31
4130,31405,14,119
4131,12037,2,40
4132,62629,1,27
4133,02633,2,33
4134,16950,1,26
4135,07928,2,35
4136,44275,1,30
4137,24531,1,33
4138,36518,1,20
4139,30705,1,28
4140,60921,1,19
4141,73528,1,18
4142,37406,20,404
4143,25667,1,20
4144,30730,1,10
4145,13622,1,25
4146,31011,1,12
4147,45719,1,16
4148,14701,2,4
4149,67024,1,12
4150,14722,1,22
4151,88230,2,25
4152,12921,1,30
4153,59032,3,20
4154,36258,1,10
4155,26508,1,20
4156,37015,1,5
4157,60927,1,23
4158,49721,2,22
4159,74426,1,18
4160,29625,1,13
4161,77713,1,12
4162,07747,3,57
4163,99561,1,15
4164,98532,1,27
4165,98826,1,11
4166,98826,2,37
4167,98831,2,27
4168,98801,7,71
4169,98816,5,80
4170,98826,3,26
4171,01824,5,62
4172,48118,3,23
4173,35043,3,53
4174,05038,1,22
4175,04330,2,23
4176,74016,2,18
4177,52215,1,18
4178,02150,3,92
4179,12512,1,42
4180,97731,3,17
4181,99709,4,54
4182,13745,2,50
4183,13901,2,41
4184,13746,1,17
4185,99574,1,16
4186,99004,1,28
4187,67025,1,22
4188,70615,1,14
4189,61726,1,20
4190,02814,1,35
4191,29520,1,28
4192,23316,1,25
4193,30115,21,419
4194,66725,1,18
4195,29341,2,28
4196,66724,1,9
4197,73728,1,20
4198,51012,1,28
4199,51012,1,8
4200,40391,7,32
4201,63645,3,25
4202,29323,2,42
4203,66781,1,4
4204,72529,4,27
4205,76832,1,18
4206,49684,1,7
4207,15209,1,28
4208,14723,1,47
4209,38583,2,15
4210,61317,1,25
4211,49601,1,19
4212,11782,2,50
4213,16313,1,20
4214,27320,1,25
4215,08003,6,81
4216,71953,1,14
4217,72126,1,23
4218,32350,1,8
4219,28627,1,52
4220,28018,3,26
4221,28533,3,42
4222,72324,1,20
4223,13320,1,28
4224,61109,2,48
4225,55751,1,20
4226,22207,1,12
4227,04622,1,20
4228,15765,1,37
4229,16354,1,20
4230,67335,1,27
4231,41230,0,34
4232,28021,1,42
4233,48616,2,21
4234,23322,15,417
4235,25315,2,24
4236,45619,1,24
4237,06410,3,104
4238,14424,1,44
4239,01225,1,23
4240,29323,2,30
4241,38340,8,57
4242,10918,3,110
4243,03036,1,40
4244,01011,3,17
4245,52134,1,20
4246,29706,2,49
4247,96020,1,20
4248,05143,1,17
4249,62233,1,21
4250,19017,1,40
4251,06412,1,62
4252,19013,1,32
4253,46962,1,21
4254,44026,2,38
4255,45177,2,34
4256,07930,1,55
4257,45720,1,20
4258,26034,1,18
4259,59522,1,24
4260,23832,23,604
4261,03443,2,30
4262,29709,1,22
4263,01012,1,25
4264,28655,1,18
4265,08515,1,20
4266,48047,3,29
4267,43728,1,25
4268,46304,1,22
4269,21620,1,75
4270,12817,1,48
4271,04938,1,25
4272,37725,1,20
4273,15687,3,47
4274,21117,1,47
4275,37726,1,17
4276,19936,1,52
4277,54728,1,31
4278,67336,1,25
4279,45211,1,36
4280,94801,1,91
4281,99109,1,35
4282,08012,1,36
4283,16157,1,21
4284,82001,6,91
4285,80914,1,22
4286,60653,100,4881
4287,60411,5,90
4288,60415,2,23
4289,61109,1,7
4290,27968,1,21
4291,03258,1,35
4292,23005,1,44
4293,72834,2,18
4294,45826,1,26
4295,36611,1,9
4296,73018,2,38
4297,74427,1,14
4298,76431,2,15
4299,54888,1,8
4300,01020,6,136
4301,16025,1,30
4302,75425,2,20
4303,17044,2,28
4304,32626,1,20
4305,49115,1,19
4306,35044,1,35
4307,79201,1,34
4308,14624,4,120
4309,54420,1,25
4310,61523,4,45
4311,64601,1,35
4312,45601,3,45
4313,20783,1,58
4314,02535,2,28
4315,97624,4,41
4316,12883,1,17
4317,53014,1,38
4318,76632,1,20
4319,72645,2,22
4320,74364,2,20
4321,28720,2,23
4322,76633,1,20
4323,04358,3,15
4324,77613,2,20
4325,18410,2,50
4326,23336,1,30
4327,91709,7,105
4328,59523,1,28
4329,28521,1,21
4330,32428,1,19
4331,54729,2,26
4332,54729,4,118
4333,44230,1,32
4334,15010,1,40
4335,75937,1,26
4336,55013,1,25
4337,55719,2,30
4338,78616,4,17
4339,70523,1,26
4340,99566,1,21
4341,13037,1,35
4342,49855,1,30
4343,13905,1,34
4344,27817,2,44
4345,73020,3,31
4346,39350,4,50
4347,72031,2,26
4348,36360,1,15
4349,56221,1,20
4350,02857,1,22
4351,59422,1,25
4352,74337,2,22
4353,93610,1,27
4354,61924,1,27
4355,47611,1,18
4356,19702,3,133
4357,17509,1,25
4358,37874,1,15
4359,45389,1,20
4360,24073,1,42
4361,74960,2,10
4362,58015,1,16
4363,62822,1,25
4364,85541,3,21
4365,76935,1,20
4366,62466,3,35
4367,83202,1,49
4368,23432,1,35
4370,99567,5,113
4371,82210,1,18
4372,64635,1,18
4373,91910,9,116
4374,93460,1,20
4375,39323,1,10
4376,21622,1,27
4377,37642,2,28
4378,21623,1,45
4379,75652,1,16
4380,70525,1,42
4381,62207,1,14
4382,27551,2,31
4383,15235,1,20
4384,27299,2,38
4385,12534,1,11
4386,14428,1,39
4387,24421,1,21
4388,50050,1,22
4389,12923,1,25
4390,78108,1,24
4391,46034,1,27
4392,60804,3,76
4393,13039,2,60
4394,46072,1,33
4395,80915,2,30
4396,87714,1,18
4397,67835,1,28
4398,45202,26,834
4399,61554,1,15
4400,52549,1,10
4401,41048,2,58
4402,13040,2,140
4403,08077,2,36
4404,85342,2,10
4405,78602,1,15
4406,29070,1,23
4407,43113,1,25
4408,10919,2,52
4409,26804,1,15
4410,15642,1,61
4411,76437,1,28
4412,61830,1,19
4413,60924,1,20
4414,60439,1,27
4415,17074,1,45
4416,17025,1,15
4417,16853,1,30
4418,17740,2,50
4419,06483,1,65
4420,17055,1,35
4421,25414,1,60
4422,17936,1,21
4423,17948,5,40
4424,17078,1,42
4425,17923,1,35
4426,17034,1,25
4427,17967,1,17
4428,17764,1,45
4429,15065,1,43
4430,15045,1,39
4431,21701,1,36
4432,15068,1,35
4433,17321,1,75
4434,18255,1,45
4435,17019,1,21
4436,19977,1,80
4437,34461,12,106
4438,17044,1,34
4439,39730,1,12
4440,42202,1,23
4441,94501,4,110
4442,42602,1,18
4443,37701,3,37
4444,71301,7,118
4445,48801,1,23
4446,96101,1,41
4447,48104,5,82
4448,97001,1,5
4449,54409,1,31
4450,55124,3,78
4451,30104,1,26
4452,83213,1,15
4453,67004,1,20
4454,71822,2,21
4455,99402,1,15
4456,37303,2,33
4457,30303,37,938
4458,36504,2,26
4459,56209,0,26
4460,70704,2,35
4461,30511,1,19
4462,29003,1,19
4463,40004,1,38
4464,14020,1,37
4465,39520,1,46
4466,36509,2,43
4467,44122,2,45
4468,87002,4,52
4469,98225,8,138
4470,28012,1,30
4471,53511,3,62
4472,29627,1,23
4473,63134,2,29
4474,75763,2,13
4475,49911,1,18
4476,73008,1,23
4477,18018,4,104
4478,98605,1,22
4479,39823,1,25
4480,98011,3,68
4481,80301,7,107
4482,40009,1,18
4483,39042,6,54
4484,92227,2,42
4485,08302,1,21
4486,35020,0,10
4487,53005,3,58
4488,64628,1,25
4489,21225,1,145
4490,98321,2,72
4491,91502,6,120
4492,83318,1,35
4493,53105,1,53
4494,78611,2,41
4495,48509,3,36
4496,16001,1,19
4497,39272,2,35
4498,39828,1,31
4499,67022,1,20
4500,08102,6,184
4501,14424,2,20
4502,75103,1,31
4503,08204,1,21
4504,18407,3,37
4505,62901,2,29
4506,85122,4,65
4507,38551,1,28
4508,31028,1,24
4509,63633,1,8
4510,62801,2,21
4511,61820,6,103
4512,56122,1,16
4513,37036,1,15
4514,19013,2,62
4515,95928,5,63
4516,99564,1,6
4517,30523,1,20
4518,34711,4,54
4519,47842,1,64
4520,28329,2,36
4521,19320,2,32
4522,32931,2,27
4523,39428,1,32
4524,92324,4,40
4525,66901,1,24
4526,99326,1,24
4527,28613,3,45
4528,31015,2,24
4529,35550,1,20
4530,97113,1,57
4531,55016,3,42
4532,63126,1,23
4533,56441,1,30
4534,83524,1,6
4535,30720,5,89
4536,33837,2,18
4537,95616,3,50
4538,30030,2,55
4539,63020,2,18
4540,48226,34,1098
4541,93618,1,46
4542,42409,1,19
4543,70346,2,31
4544,35062,1,23
4545,31533,3,35
4546,90241,4,72
4547,98327,1,15
4548,48429,1,15
4549,29642,5,57
4550,56721,2,29
4551,18042,3,50
4552,85335,1,27
4553,65026,3,36
4554,89801,3,33
4555,30540,1,63
4556,67637,1,20
4557,78543,1,35
4558,37331,1,20
4559,66025,1,40
4560,40828,1,22
4561,51338,1,12
4562,99583,1,10
4563,93223,1,29
4564,30214,3,43
4565,48430,1,36
4566,93015,1,77
4567,93622,1,23
4568,53711,2,71
4569,36535,3,64
4570,33901,6,115
4571,41011,1,26
4572,55935,1,21
4573,92708,2,48
4574,53132,3,44
4575,30639,1,20
4576,93721,20,284
4577,34731,1,25
4578,44833,2,20
4579,07026,5,150
4580,97118,1,18
4581,28052,8,142
4582,54124,1,25
4583,66743,1,21
4584,64119,2,40
4585,70737,2,53
4586,29445,3,59
4587,99133,2,29
4588,81501,5,125
4589,63943,1,14
4590,78654,1,17
4591,31032,1,30
4592,44720,2,43
4593,36037,2,23
4594,72936,2,33
4595,29650,3,42
4596,06340,2,17
4597,93434,1,20
4598,56245,1,24
4599,30354,2,33
4600,70123,2,17
4601,67057,1,30
4602,48225,1,6
4603,55032,1,20
4604,29550,1,36
4605,62644,1,19
4606,78023,1,30
4607,92543,4,47
4608,38340,2,35
4609,27536,2,52
4610,32643,1,25
4611,88240,4,80
4612,98550,2,21
4613,78657,2,26
4614,65483,1,32
4615,79226,1,17
4616,64752,1,14
4617,75949,1,11
4618,67301,1,23
4619,48141,1,19
4620,95640,2,39
4621,35210,2,31
4622,45638,1,17
4623,29451,2,33
4624,38852,1,20
4625,56142,1,32
4626,49201,2,31
4627,65101,5,77
4628,15901,3,41
4629,76058,1,32
4630,99830,1,35
4631,49001,6,268
4632,72351,2,20
4633,99611,2,19
4634,53140,7,151
4635,38233,1,20
4636,64650,1,6
4637,37763,2,36
4638,37915,19,327
4639,90631,3,37
4640,33935,1,25
4641,66040,1,14
4642,53551,1,38
4643,66217,1,25
4644,83540,1,10
4645,82070,3,48
4646,33770,7,133
4647,87701,3,20
4648,46216,5,88
4649,65536,3,25
4650,66215,6,94
4651,01453,4,80
4652,24450,1,57
4653,95648,3,30
4654,67455,1,14
4655,07036,4,117
4656,47441,1,8
4657,52253,1,30
4658,14094,1,50
4659,40741,1,41
4660,07740,8,65
4661,30750,1,23
4662,37774,2,40
4663,30434,1,28
4664,01852,8,205
4665,96118,2,27
4666,75901,5,79
4667,78569,0,9
4668,39110,2,48
4669,62060,1,29
4670,72943,1,26
4671,20110,3,103
4672,49660,1,12
4673,49663,1,11
4674,34145,2,29
4675,32447,2,19
4676,85139,4,57
4677,29571,1,49
4678,49855,2,25
4679,38237,3,53
4680,45040,2,49
4681,42066,3,42
4682,69001,1,36
4683,40447,3,30
4684,15132,2,36
4685,66054,1,20
4686,67460,2,36
4687,27302,3,54
4688,55441,1,20
4689,54952,2,29
4690,95340,5,63
4691,06450,6,121
4692,39301,7,112
4693,54452,1,23
4694,38052,2,16
4695,45044,4,85
4696,32570,1,17
4697,15062,2,75
4698,53716,1,42
4699,30655,1,30
4700,98563,1,38
4701,87035,2,28
4702,37813,6,84
4703,39563,4,39
4704,67354,1,22
4705,48458,1,15
4706,10552,3,143
4707,48858,1,28
4708,37130,10,233
4709,49440,3,26
4710,94559,5,69
4711,54956,2,43
4712,49866,1,25
4713,64772,1,16
4714,08901,3,96
4715,16101,2,29
4716,95360,1,26
4717,05855,1,31
4718,28658,3,45
4719,83543,1,15
4720,85621,2,47
4721,92860,2,26
4722,44070,2,45
4723,55057,1,32
4724,06854,5,140
4725,06360,2,52
4726,13815,1,41
4727,48375,4,91
4728,53154,3,53
4729,37830,4,70
4730,97463,1,20
4731,45419,1,28
4732,53066,2,56
4733,14760,2,39
4734,63132,1,23
4735,66521,1,23
4736,54650,1,39
4737,13820,1,30
4738,07050,2,75
4739,55960,1,16
4740,98360,1,27
4741,45056,1,40
4742,86040,2,8
4743,32177,2,23
4744,75801,3,35
4745,94301,8,96
4746,72121,2,19
4747,61944,1,13
4748,75460,3,51
4749,51046,1,27
4750,02860,6,146
4751,31321,1,13
4752,54157,2,30
4753,36272,1,31
4754,57501,5,66
4755,71360,4,51
4756,93449,2,21
4757,79355,1,1
4758,39470,1,27
4759,48060,4,38
4760,36610,4,40
4761,99163,2,62
4762,33950,3,37
4763,02169,8,188
4764,98848,1,45
4765,40160,2,34
4766,27317,1,37
4767,96080,1,37
4768,92373,4,60
4769,27320,3,38
4770,54501,1,20
4771,76078,1,22
4772,78583,1,25
4773,54971,1,34
4774,45424,2,36
4775,92501,14,225
4776,95677,3,37
4777,60008,2,44
4778,95678,8,111
4779,88203,6,90
4780,27573,3,37
4781,48067,3,56
4782,30662,1,23
4783,67665,1,20
4784,99657,1,15
4785,05701,1,37
4786,10580,2,31
4787,04072,3,63
4788,63301,6,89
4789,53235,1,41
4790,55102,15,433
4791,21801,3,162
4792,92410,11,121
4793,92101,52,949
4794,93668,1,10
4795,76266,1,27
4796,93061,2,53
4797,12305,4,120
4798,69361,1,16
4799,85251,15,246
4800,18510,7,139
4801,93955,1,34
4802,98284,2,48
4803,33772,4,76
4804,53085,1,40
4805,44875,1,26
4806,82801,1,16
4807,61282,2,23
4808,65349,1,13
4809,78159,1,20
4810,79367,1,14
4811,98065,1,30
4812,30025,1,23
4813,37379,3,61
4814,93940,1,5
4815,02145,5,152
4816,95370,1,18
4817,46601,11,256
4818,30336,9,166
4819,31647,1,9
4820,99201,16,331
4821,32084,2,33
4822,84770,8,98
4823,56081,1,34
4824,64501,9,131
4825,45885,1,13
4826,77477,3,45
4827,32091,1,16
4828,80477,2,28
4829,34994,2,39
4830,54235,2,31
4831,94585,1,28
4832,94088,6,195
4833,51058,1,18
4834,37874,2,12
4835,79556,1,27
4836,31791,1,21
4837,30176,1,11
4838,32778,2,25
4839,76574,2,27
4840,55084,1,25
4841,85280,7,168
4842,75160,3,33
4843,78209,1,16
4844,75501,5,78
4845,14150,2,38
4846,75143,1,10
4847,37388,2,46
4848,79563,2,17
4849,45322,1,38
4850,15401,2,43
4851,31601,7,102
4852,05491,1,35
4853,90058,4,50
4854,08362,6,157
4855,67487,1,15
4856,99362,2,47
4857,45895,1,24
4858,72176,2,25
4859,16365,1,26
4860,27889,2,48
4861,02472,3,88
4862,53188,5,100
4863,54403,3,60
4864,64096,1,25
4865,58078,2,54
4866,41472,1,24
4867,95691,5,60
4868,46074,3,77
4869,35147,1,26
4870,60187,3,34
4871,37188,2,21
4872,44890,1,36
4873,30680,2,39
4874,27101,20,377
4875,62095,1,27
4876,43085,1,54
4877,98901,5,77
4878,48197,1,19
4879,54466,1,8
4880,27101,2,42
4881,28462,1,30
4882,98840,1,24
4883,29702,1,35
4884,97222,25,362
4885,67525,1,26
4886,71040,4,40
4887,71003,6,30
4888,71048,10,45
4889,39150,3,37
4890,57224,1,21
4891,15025,1,61
4892,98382,7,103
4893,98362,4,53
4894,98331,2,43
4895,98343,2,17
4896,49632,1,18
4897,59634,2,23
4898,35045,3,37
4899,56222,1,20
4900,48617,1,25
4901,55924,1,20
4902,28610,1,34
4903,03743,1,26
4904,23881,2,15
4905,62421,2,13
4906,74018,3,46
4907,14032,1,68
4908,52216,1,25
4909,14031,1,52
4910,63437,1,14
4911,29102,16,187
4912,16313,1,43
4913,60514,1,45
4914,05759,2,38
4915,14429,1,54
4916,79226,1,34
4917,51632,1,15
4918,43915,1,20
4919,50525,1,20
4920,56440,1,22
4921,74535,1,10
4922,98642,8,78
4923,63445,1,36
4924,89119,42,826
4925,40391,3,31
4926,98601,6,41
4927,98675,2,27
4928,98606,5,60
4929,98665,4,78
4930,98604,4,67
4931,98642,2,0
4932,98674,1,8
4933,83811,1,12
4934,13321,1,35
4935,49719,1,25
4936,57225,1,22
4937,07066,2,46
4938,39301,2,12
4939,56223,1,36
4940,72623,4,32
4941,28734,1,37
4942,56016,1,25
4943,47930,1,21
4944,29821,1,13
4945,27889,2,38
4946,18411,1,70
4947,68628,1,25
4948,47225,2,28
4949,26301,4,42
4950,95612,1,20
4951,01247,1,30
4952,38614,3,36
4953,64430,1,17
4954,42726,1,22
4955,68629,1,42
4956,39752,1,20
4957,99403,1,33
4958,59752,1,32
4959,15322,1,24
4960,75647,1,20
4961,47129,3,58
4962,72830,4,26
4963,50619,1,22
4964,37040,12,235
4965,75426,1,17
4966,23927,1,32
4967,14786,1,25
4968,63336,1,18
4969,28433,1,24
4970,63837,1,16
4971,12725,1,25
4972,68328,1,25
4973,97016,3,27
4974,79019,1,30
4975,12513,1,35
4976,48017,2,29
4977,37303,1,15
4978,37849,2,12
4979,30417,4,34
4980,67432,1,23
4981,68933,1,28
4982,40380,1,30
4983,62824,0,55
4984,47841,1,18
4985,32043,14,225
4986,28904,4,29
4987,47846,1,21
4988,39851,3,15
4989,39756,1,17
4990,42404,1,27
4991,46637,5,78
4992,85934,2,20
4993,50256,1,11
4994,47202,1,20
4995,48001,2,22
4996,47460,1,18
4997,47345,1,18
4998,25043,1,25
4999,13041,2,45
5000,64119,1,23
5001,37187,1,16
5002,19703,2,54
5003,46510,1,15
5004,73573,1,12
5005,15323,1,24
5006,30274,14,351
5007,88415,2,22
5008,19938,1,70
5009,45322,1,23
5010,27520,2,54
5011,49235,1,17
5012,54004,1,27
5013,63105,1,44
5014,62324,1,15
5015,08312,1,40
5016,83227,1,23
5017,36016,1,18
5018,75633,2,27
5019,98922,2,35
5020,99704,1,25
5021,22624,1,30
5022,80436,8,47
5023,86024,1,8
5024,83716,2,15
5025,96137,1,6
5026,25044,2,22
5027,37733,1,4
5028,37715,1,15
5029,55319,2,30
5030,48661,1,15
5031,54005,1,30
5032,50428,1,41
5033,57226,1,24
5034,29681,2,55
5035,65793,1,12
5036,42051,1,25
5037,45066,3,65
5038,43154,1,30
5039,16830,4,100
5040,24314,1,23
5041,82835,4,40
5042,28714,2,33
5043,26003,1,17
5044,33756,8,204
5045,29822,1,20
5046,55320,1,30
5047,67026,1,30
5048,63957,7,50
5049,83544,4,98
5050,49676,1,9
5051,68726,1,24
5052,39073,1,26
5053,76033,4,63
5054,51014,1,22
5055,48610,1,10
5056,28318,1,35
5057,08021,1,24
5058,95227,1,21
5059,56224,1,20
5060,35611,2,30
5061,42539,1,20
5062,50051,1,18
5063,29634,2,51
5064,25045,1,30
5065,73729,1,32
5066,49625,1,12
5067,17042,1,18
5068,74331,2,18
5069,52135,1,24
5070,39558,1,15
5071,16740,1,20
5072,27013,2,36
5073,28150,1,40
5074,44114,26,790
5075,74020,1,20
5076,37311,6,106
5077,13042,1,25
5078,84518,1,16
5079,27520,1,40
5080,77327,2,34
5081,53015,1,26
5082,44118,2,69
5083,14225,1,45
5084,44135,2,62
5085,29693,1,20
5086,58424,1,18
5087,46514,1,36
5088,46787,1,26
5089,56017,1,27
5090,30528,1,18
5091,24225,1,19
5092,35049,1,25
5093,38732,3,36
5094,65631,3,28
5095,33440,1,23
5096,88028,2,29
5097,58016,1,15
5098,18413,1,25
5099,47226,1,19
5100,28114,2,35
5101,07010,1,67
5102,65348,1,11
5103,14428,1,20
5104,07013,7,143
5105,04428,1,1
5106,66937,1,12
5107,85533,1,34
5108,81520,1,29
5109,24422,1,35
5110,19018,1,55
5111,12065,1,48
5112,14432,0,45
5113,55804,3,23
5114,76634,1,28
5115,42216,1,20
5116,56523,1,18
5117,27233,2,46
5118,49034,1,16
5119,39834,1,12
5120,24531,1,23
5121,62215,1,30
5122,24210,1,25
5123,37731,2,13
5124,24226,1,20
5125,79836,3,18
5126,84015,1,27
5127,12929,1,40
5128,56225,1,22
5129,01510,1,45
5130,13323,2,60
5131,08809,1,35
5132,61727,1,35
5133,52732,3,45
5134,64735,1,29
5135,49236,1,20
5136,04927,1,30
5137,72031,3,25
5138,37716,3,46
5139,73601,1,30
5140,44216,2,18
5141,39056,4,63
5142,29325,2,56
5143,53525,1,29
5144,12144,3,40
5145,45159,1,26
5146,59825,1,20
5147,64735,1,27
5148,45148,1,15
5149,48038,5,78
5150,44676,1,28
5151,43224,1,27
5152,46543,1,23
5153,17752,1,40
5154,46947,1,18
5155,44883,2,30
5156,46135,1,12
5157,06413,2,76
5158,55751,1,22
5159,20735,1,45
5160,45113,1,47
5161,12515,1,0
5162,40361,1,17
5163,24931,1,19
5164,16372,1,35
5165,24228,2,35
5166,48420,2,35
5167,29525,2,21
5168,36017,1,15
5169,50325,1,49
5170,56226,1,12
5171,55720,3,59
5172,07624,1,36
5173,66901,6,42
5174,74562,1,20
5175,72433,0,9
5176,17901,1,12
5177,29710,1,24
5178,22821,1,36
5179,61490,1,18
5180,24534,1,32
5181,25276,1,28
5182,95425,1,34
5183,97759,2,24
5184,46120,1,35
5185,35633,2,43
5186,54820,1,12
5187,40111,1,25
5188,88101,7,90
5189,93612,5,61
5190,24535,1,30
5191,77531,2,31
5192,52217,1,22
5193,43410,2,37
5194,14433,1,32
5195,28721,1,38
5196,66938,1,20
5197,59018,1,10
5198,48049,1,17
5199,49408,1,16
5200,15944,1,35
5201,79510,1,20
5202,53016,1,37
5203,14724,1,60
5204,16943,1,20
5205,15728,1,39
5206,92138,13,175
5207,92236,1,16
5208,38645,8,68
5209,47427,1,15
5210,60416,2,52
5211,25823,1,24
5212,80403,4,61
5213,46967,2,19
5214,45638,1,16
5215,25007,1,6
5216,41501,1,22
5217,17866,7,105
5218,61240,1,37
5219,81222,1,16
5220,18218,1,25
5221,37719,1,18
5222,74538,1,25
5223,35453,3,27
5224,93210,1,27
5225,37313,1,17
5226,26257,1,15
5227,45621,1,14
5229,35901,1,21
5230,19320,1,15
5231,35470,1,18
5232,27521,1,41
5233,30008,29,605
5234,40336,1,13
5235,53526,1,29
5236,30420,1,16
5237,62920,1,18
5238,12043,1,50
5239,97408,1,26
5240,31014,1,19
5241,16314,1,50
5242,19330,1,50
5243,37821,1,16
5244,21030,1,202
5245,75211,1,20
5246,32922,3,48
5247,33063,3,82
5248,13069,2,54
5249,24230,1,27
5250,62825,1,11
5251,83814,4,58
5252,12045,1,50
5253,12046,1,55
5254,75763,1,10
5255,31533,11,132
5256,59424,1,14
5257,96091,1,6
5258,36318,1,16
5259,62017,1,19
5260,38922,2,19
5261,36524,1,15
5262,66839,7,135
5263,67337,1,19
5264,65324,2,24
5265,99918,1,19
5266,73059,1,16
5267,52218,1,15
5268,58017,1,22
5269,55721,1,25
5270,14826,1,32
5271,12047,3,33
5272,30710,1,18
5273,51636,1,16
5274,44436,1,20
5275,55321,1,24
5276,75783,1,14
5277,81082,1,18
5278,35452,2,19
5279,27537,1,25
5280,35674,1,16
5281,74733,1,20
5282,30628,2,15
5283,67701,1,30
5284,05449,3,30
5285,62326,2,22
5286,06415,2,81
5287,56320,1,30
5288,10516,1,50
5289,11724,1,57
5290,35033,2,22
5291,89508,3,28
5292,28025,1,35
5293,14033,2,50
5294,12586,1,80
5295,77331,1,8
5296,14772,1,26
5297,45828,1,22
5298,49036,1,21
5299,65325,1,30
5300,65109,7,55
5301,73010,1,11
5302,03576,1,30
5303,06021,2,70
5304,48618,1,20
5305,76834,1,32
5306,73432,1,10
5307,45251,6,154
5308,45644,1,35
5309,43916,1,20
5310,27924,1,28
5311,68727,1,25
5312,20112,1,40
5313,52035,1,33
5314,50054,1,35
5315,54730,1,30
5316,99111,1,46
5317,61728,1,23
5318,27235,2,46
5319,95713,2,6
5320,49307,1,15
5321,27948,1,33
5322,37046,1,12
5323,75142,1,15
5324,65726,1,11
5325,30337,2,70
5326,20740,1,54
5327,99324,1,35
5328,77840,6,154
5329,43022,2,37
5330,19426,1,40
5331,95215,1,12
5332,72002,1,25
5333,29488,37,221
5334,28611,2,36
5335,76034,3,41
5336,26035,1,18
5337,38017,6,67
5338,30629,1,0
5339,19023,1,40
5340,19023,1,50
5341,08094,1,32
5342,08108,1,31
5343,14035,1,40
5344,35045,2,30
5345,64738,1,18
5346,37110,2,21
5347,14034,1,55
5348,30421,1,15
5349,54207,1,20
5350,74021,1,18
5351,62234,2,36
5352,74021,1,30
5353,39325,1,41
5354,24078,2,40
5355,76233,1,18
5356,38450,1,10
5357,67631,1,7
5358,94014,1,36
5359,57017,1,23
5360,18915,1,40
5361,75938,1,18
5362,50056,1,22
5363,55322,1,30
5364,08330,1,28
5365,54930,2,54
5366,57528,1,22
5367,49040,1,21
5368,68018,1,15
5369,61241,2,35
5370,07067,1,45
5371,22443,1,31
5372,08619,1,41
5373,23834,2,59
5374,08096,1,35
5375,17109,1,27
5376,12205,1,65
5377,73021,1,12
5378,35077,1,14
5379,79512,1,33
5380,86021,3,64
5381,80215,1,160
5382,81650,6,54
5383,85344,2,26
5384,80910,21,427
5385,80523,1,100
5386,31788,15,166
5387,39837,4,40
5388,01340,1,25
5389,59323,3,28
5390,72326,1,20
5391,97017,2,25
5392,57018,1,22
5393,07722,2,66
5394,17512,1,65
5395,46725,1,39
5396,57433,1,20
5397,99328,2,84
5398,30907,15,184
5399,32025,12,92
5400,59912,2,27
5401,38401,5,92
5402,16666,1,30
5403,18013,1,34
5404,65201,10,160
5405,39429,2,19
5406,29201,32,625
5407,42728,1,26
5408,50057,1,14
5409,62236,1,42
5410,95310,1,10
5411,36319,1,26
5412,55421,1,37
5413,71418,1,10
5414,14120,1,29
5415,18834,1,47
5416,15202,1,18
5417,77486,1,16
5418,29170,1,18
5419,97051,7,86
5420,49056,2,16
5421,49230,2,15
5422,46725,1,25
5423,44028,1,42
5424,47660,1,14
5425,45710,1,17
5426,06237,1,35
5427,99361,1,84
5428,44408,1,22
5429,35051,1,30
5430,48421,1,24
5431,31909,1,8
5432,52738,1,37
5433,31901,14,374
5434,43207,34,1650
5435,39702,5,64
5436,53925,1,40
5437,66725,1,25
5438,28722,1,41
5439,47201,6,95
5440,45830,2,37
5441,59019,2,44
5442,68601,2,89
5443,49853,1,10
5444,59019,1,37
5445,88029,1,14
5446,78934,1,40
5447,58727,1,30
5448,95932,1,20
5449,55604,1,13
5450,99114,1,32
5451,99155,3,38
5452,55763,1,15
5453,50620,1,15
5454,67038,1,16
5455,67030,1,22
5456,19023,1,14
5457,73529,1,21
5458,76442,1,17
5459,92278,3,64
5460,75159,1,12
5461,54113,1,26
5462,28585,1,26
5463,78013,1,20
5464,56019,1,24
5465,11725,4,141
5466,75428,1,31
5467,30529,2,34
5468,74339,1,22
5469,48382,4,37
5470,15729,1,20
5471,18062,1,25
5472,06255,1,45
5473,21911,3,80
5474,07435,1,18
5475,18078,1,25
5476,17942,1,30
5477,17960,1,30
5478,17067,1,38
5479,21903,2,60
5480,17360,1,47
5481,23350,1,13
5482,63114,3,57
5483,75672,2,21
5484,21733,1,45
5485,19606,1,30
5486,28012,1,26
5487,77083,4,220
5488,70656,1,10
5489,41314,0,16
5490,15757,1,88
5491,21651,1,40
5492,93246,2,43
5493,96540,5,80
5494,75431,1,6
5495,27818,1,19
5496,32420,1,25
5497,65536,2,14
5498,95427,1,32
5499,61318,1,20
5500,90220,4,72
5501,64772,1,11
5502,49053,3,40
5503,68828,1,14
5504,37385,1,15
5505,88416,3,22
5506,85924,1,16
5507,94520,2,25
5508,05824,1,14
5509,03301,4,92
5510,01742,2,49
5511,28027,12,288
5512,49237,1,15
5513,35023,3,26
5514,42001,2,30
5515,68728,1,21
5516,43015,1,43
5517,44077,2,51
5518,46516,2,66
5519,46785,1,24
5520,45628,2,32
5521,62631,1,10
5522,71263,3,22
5523,24538,1,43
5524,30206,1,11
5525,72523,1,13
5526,32333,1,15
5527,43160,1,20
5528,64020,2,32
5529,71373,8,26
5530,19342,1,49
5531,58220,1,4
5532,98237,1,15
5533,57434,1,18
5534,39057,1,18
5535,15959,1,30
5536,15909,1,25
5537,17516,1,25
5538,14435,1,50
5539,12076,1,20
5540,52739,1,22
5541,27819,1,26
5542,14726,1,65
5543,97347,2,50
5544,56020,1,19
5545,10920,2,90
5546,61729,1,18
5547,85332,1,12
5548,22842,1,40
5549,13748,2,25
5550,44030,2,41
5551,16316,2,20
5552,06026,1,39
5553,15425,2,19
5554,15425,1,35
5555,47331,1,38
5556,28712,2,40
5557,16027,1,12
5558,79008,2,185
5559,54519,1,30
5560,13140,1,31
5561,50621,0,20
5562,59425,1,17
5563,77305,7,131
5564,88401,2,18
5565,88401,3,21
5566,22630,1,8
5567,19428,1,78
5568,08505,1,20
5569,66046,10,100
5570,66208,3,67
5571,29126,2,42
5572,12926,2,28
5573,13325,1,80
5574,13044,1,40
5575,49042,1,22
5576,17934,1,20
5577,10524,1,59
5578,94520,23,229
5579,82633,48,105
5580,29329,1,31
5581,78109,2,40
5582,46919,2,33
5583,45832,1,19
5584,15027,2,30
5585,72110,2,11
5586,72127,1,15
5587,72156,2,19
5588,01341,1,22
5589,29526,3,44
5590,72034,7,107
5591,03818,1,33
5592,27820,1,30
5593,55723,1,25
5594,68329,1,21
5595,35128,2,26
5596,28216,1,35
5597,59020,2,8
5598,88030,1,19
5599,38501,4,57
5600,77836,1,10
5601,74427,0,22
5602,08511,1,24
5603,28168,1,25
5604,61730,1,20
5605,24137,1,20
5606,28625,2,51
5607,26508,1,30
5608,76088,1,16
5609,18466,2,30
5610,27014,1,28
5611,29323,1,15
5612,85128,2,24
5613,83821,1,33
5614,46360,3,55
5615,45723,1,18
5616,54623,1,30
5617,41776,1,18
5618,55433,3,42
5619,50058,1,26
5620,49009,2,28
5621,65233,7,33
5622,99572,1,15
5623,75432,1,19
5624,04657,1,6
5625,14827,1,12
5626,27822,1,47
5627,18036,1,35
5628,13326,1,59
5629,58425,1,30
5630,58425,1,30
5631,16317,1,20
5632,49404,1,20
5633,97420,3,26
5634,36020,1,10
5635,71742,1,26
5636,12516,1,36
5637,74022,1,12
5638,96064,0,12
5639,80812,1,18
5640,35130,1,34
5641,35130,1,34
5642,13626,1,48
5643,11726,2,104
5644,18037,1,10
5645,22488,1,24
5646,44321,2,40
5647,75019,4,96
5648,49917,1,4
5649,24224,2,24
5650,49918,1,13
5651,80443,1,17
5652,76522,3,57
5653,37317,1,50
5654,36266,1,14
5655,95228,3,30
5656,97423,3,47
5657,25601,1,25
5658,33134,3,140
5659,33065,8,164
5660,52241,2,45
5661,11727,3,120
5662,59936,3,16
5663,15108,2,25
5664,97019,3,32
5665,40701,1,19
5666,72524,2,25
5667,94534,2,24
5668,73632,1,12
5669,64021,2,22
5670,82717,2,45
5671,29461,2,18
5672,29039,1,18
5673,61242,1,17
5674,68330,1,29
5675,99574,2,68
5676,21625,1,50
5677,46164,1,22
5678,71418,1,9
5679,14036,1,35
5680,84307,1,18
5681,04427,1,41
5682,38834,4,48
5683,12822,1,52
5684,27565,1,28
5685,36276,1,23
5686,41010,1,20
5687,36081,1,10
5688,29340,1,32
5689,27597,2,35
5690,29672,1,20
5691,72855,3,22
5692,73024,1,15
5693,27028,1,26
5694,61853,1,51
5695,30531,2,17
5696,28031,2,64
5697,54732,1,30
5698,49818,1,10
5699,37047,1,15
5700,71667,1,10
5701,41731,2,23
5702,14830,1,35
5703,54452,1,32
5704,50841,1,30
5705,72422,1,15
5706,96021,1,36
5707,43730,1,24
5708,03745,2,25
5709,04020,1,25
5710,40330,1,23
5711,54827,1,16
5712,04976,1,12
5713,17016,1,22
5714,12518,2,91
5715,12520,1,35
5716,27565,1,26
5717,05753,1,30
5718,06796,2,32
5719,19020,1,40
5720,27927,1,30
5721,85641,2,20
5722,57227,1,25
5723,92880,7,112
5724,92118,2,31
5725,78408,18,414
5726,87048,2,28
5727,93960,1,11
5728,51016,1,20
5729,56227,1,14
5730,75939,1,16
5731,21524,1,40
5732,16407,2,39
5733,57328,1,23
5734,15829,1,50
5735,75110,4,67
5736,94925,2,26
5737,94565,1,50
5738,81321,3,31
5739,44410,1,37
5740,60112,1,26
5741,13045,3,67
5742,68331,1,25
5743,13045,2,54
5744,73548,1,15
5745,48817,2,30
5746,46730,1,20
5747,97330,6,102
5748,42406,1,22
5749,50060,1,20
5750,47112,1,18
5751,76528,1,18
5752,06807,1,18
5753,37722,3,36
5754,64436,2,30
5755,43812,1,18
5756,98537,1,25
5757,56228,1,17
5758,71832,1,15
5759,12823,1,20
5760,92628,6,84
5761,81133,4,35
5762,95624,9,164
5763,35670,1,33
5764,70364,2,31
5765,71409,3,16
5766,81223,0,10
5767,38224,4,17
5768,53527,1,40
5769,62018,1,25
5770,25239,1,35
5771,12419,1,12
5772,72626,1,11
5773,63304,4,57
5774,88020,1,8
5775,28348,1,48
5776,31739,1,15
5777,55724,1,26
5778,32431,1,8
5779,76073,1,8
5780,37048,1,15
5781,36320,1,30
5782,86326,1,30
5783,56229,1,28
5784,96022,1,24
5785,72601,2,20
5786,83522,1,23
5787,78657,2,12
5788,88210,2,15
5789,83522,1,22
5790,02635,1,18
5791,78014,1,30
5792,29801,2,32
5793,16915,1,45
5794,99115,1,25
5795,50431,1,14
5796,15028,1,16
5797,62237,2,35
5798,51503,5,104
5799,74428,1,16
5800,83612,1,16
5801,24260,2,18
5802,60478,2,38
5803,74073,1,17
5804,08807,2,30
5805,32428,1,4
5806,28743,1,27
5807,60061,2,56
5808,35114,1,12
5809,97532,1,27
5810,43080,1,29
5811,78155,1,20
5812,27028,1,26
5813,35151,1,15
5814,31779,1,14
5815,22902,9,460
5816,96732,14,296
5817,22960,9,207
5818,77511,1,13
5819,18704,1,18
5820,58426,1,28
5821,56021,1,22
5822,95615,2,21
5823,49341,2,16
5824,66939,1,8
5825,23837,1,26
5826,38620,1,18
5827,73456,1,19
5828,27055,1,42
5829,73006,1,6
5830,28523,1,35
5831,28692,1,30
5832,72131,3,24
5833,97824,1,16
5834,71937,1,23
5835,95428,1,21
5836,44319,1,17
5837,06238,2,55
5838,13778,1,15
5839,15902,1,25
5840,49043,1,16
5841,45318,1,38
5842,41011,5,122
5843,70433,2,35
5844,24426,2,55
5845,30014,2,54
5846,38019,2,35
5847,49919,1,18
5848,47932,1,19
5849,76636,1,18
5850,97470,1,0
5851,41653,2,18
5852,37318,2,20
5853,36321,1,17
5854,62422,1,17
5855,28734,2,35
5856,26206,1,45
5857,30263,15,206
5858,74429,1,35
5859,64637,1,18
5860,36072,1,5
5861,14037,1,35
5862,67008,1,29
5863,67019,1,23
5864,67023,1,17
5865,67146,2,20
5866,98626,7,103
5867,98581,1,17
5868,98649,2,25
5869,98625,3,29
5870,98611,1,47
5871,98603,4,29
5872,29330,1,25
5873,74344,2,16
5874,31305,1,10
5875,73507,1,20
5876,12051,1,54
5877,12051,2,100
5878,36435,1,10
5879,73111,1,15
5880,61264,1,16
5881,69130,1,30
5882,40419,1,17
5883,62959,1,9
5884,77320,1,17
5885,15624,1,18
5886,76431,1,7
5887,15205,1,33
5888,05826,1,24
5889,36255,1,20
5890,12420,1,35
5891,24127,1,25
5892,68019,1,28
5893,81625,1,27
5894,36702,1,11
5895,99921,1,15
5896,24430,1,34
5897,26205,1,31
5898,28394,1,27
5899,17312,1,14
5900,28032,2,27
5901,12927,1,25
5902,16066,2,58
5903,08512,1,30
5904,75114,1,25
5905,54520,1,28
5906,65633,1,15
5907,35053,4,29
5908,55725,1,16
5909,45821,1,20
5910,79731,1,35
5911,12010,1,30
5912,16410,1,22
5913,76637,1,18
5914,07016,1,46
5915,02910,6,196
5916,19808,1,45
5917,16950,1,20
5918,12521,1,18
5919,97604,1,36
5920,74563,1,7
5921,72921,2,15
5922,66712,1,18
5923,66724,2,21
5924,72946,5,32
5925,39743,3,12
5926,66743,1,24
5927,69339,1,47
5928,36869,2,24
5929,47933,2,46
5930,72327,0,15
5931,29627,1,33
5932,62922,1,11
5933,27522,1,33
5934,17011,1,25
5935,15732,1,35
5936,68729,1,36
5937,64739,1,16
5938,36525,1,19
5939,21502,1,65
5940,57435,1,30
5941,32112,1,25
5942,54501,1,21
5943,73028,1,17
5944,95531,3,29
5945,16428,1,40
5946,97733,3,16
5947,41017,1,71
5948,15046,1,15
5949,89821,1,18
5950,51526,1,14
5951,60928,1,25
5952,52136,1,26
5953,07626,1,21
5954,76035,1,28
5955,16630,1,40
5956,17929,1,25
5957,15137,1,25
5958,81224,4,39
5959,44827,1,18
5960,28315,1,23
5961,28615,1,15
5962,50801,1,25
5963,59901,4,30
5964,81131,1,6
5965,32536,3,49
5966,60445,1,50
5967,27928,1,25
5968,68333,1,50
5969,60417,2,40
5970,60417,3,41
5971,61610,2,18
5972,63141,3,56
5973,45806,1,46
5974,75652,1,8
5975,73453,2,18
5976,80813,1,25
5977,21817,1,75
5978,31015,6,27
5979,41030,1,24
5980,14038,1,30
5981,65452,4,40
5982,49448,1,19
5983,38021,1,11
5984,75835,1,25
5985,94525,3,45
5986,72038,1,14
5987,29302,2,29
5988,68730,1,24
5989,13327,1,61
5990,55726,1,22
5991,06416,3,80
5992,74837,1,13
5993,12550,1,76
5994,97754,3,51
5995,82729,1,100
5996,80726,1,29
5997,56662,1,20
5998,54114,1,28
5999,97760,1,30
6000,57020,1,24
6001,56716,1,32
6002,43731,1,41
6003,58730,1,23
6004,45030,2,30
6005,77532,5,52
6006,79322,1,20
6007,32640,2,12
6008,29332,0,16
6009,37049,2,0
6010,76443,1,22
6011,53528,1,40
6012,29742,1,11
6013,71862,1,22
6014,75656,1,13
6015,65634,2,10
6016,71635,1,24
6017,56442,1,26
6018,28616,1,35
6019,72066,1,10
6020,40729,1,29
6021,30428,1,12
6022,39170,1,30
6023,31011,1,11
6024,38468,1,23
6025,37397,1,9
6026,27851,1,33
6027,38555,2,41
6028,35592,1,20
6029,62827,1,18
6030,48422,1,25
6031,47229,1,15
6032,10519,2,141
6033,49337,1,20
6034,10520,3,193
6035,28033,1,34
6036,59022,2,13
6037,37376,2,36
6038,72802,2,39
6039,35746,1,12
6040,72087,1,17
6041,74430,1,20
6042,28052,3,42
6043,79227,1,10
6044,76036,2,31
6045,70526,3,35
6046,70526,1,28
6047,45623,1,17
6048,86343,2,21
6049,46307,1,53
6050,12928,2,40
6051,87313,1,14
6052,71230,4,20
6053,19021,1,53
6054,03773,1,15
6055,21628,1,55
6056,28716,1,32
6057,87830,2,16
6058,14424,1,32
6059,63019,1,25
6060,78839,1,18
6061,49920,1,25
6062,18433,1,20
6063,15857,2,86
6064,58222,1,18
6065,72210,2,25
6066,06029,1,15
6067,50432,1,17
6068,60014,3,66
6069,80545,1,13
6070,34428,1,19
6071,39059,2,40
6072,48818,1,22
6073,49420,1,20
6074,89060,1,6
6075,42729,1,25
6076,53807,1,43
6077,36907,2,18
6078,66940,1,20
6079,42079,3,17
6080,14727,1,49
6081,65453,2,24
6082,61427,2,30
6083,87013,1,40
6084,87014,1,10
6085,53110,2,25
6086,12729,1,40
6087,77954,1,51
6088,00656,1,13
6089,00687,1,10
6090,39571,1,26
6091,39183,1,23
6092,28734,1,32
6093,71021,3,22
6094,38451,1,26
6095,35055,2,38
6096,25510,1,26
6097,60929,1,20
6098,28723,3,44
6099,22701,1,45
6100,90232,3,67
6101,67484,1,9
6102,46511,1,19
6103,55779,1,20
6104,38571,16,170
6105,40823,3,16
6106,04021,2,54
6107,21502,3,54
6108,02864,4,52
6109,54829,1,30
6110,37051,1,24
6111,37724,1,9
6112,12901,1,28
6113,40862,2,21
6114,28306,1,64
6115,43950,2,43
6116,17257,1,40
6117,15522,1,22
6118,08332,1,17
6119,43732,1,31
6120,50843,1,22
6121,39750,1,20
6122,01026,1,16
6123,19540,3,48
6124,04079,1,8
6125,75434,1,15
6126,42035,3,18
6127,83845,2,8
6128,48728,1,20
6129,56123,1,22
6130,27917,1,144
6131,35504,2,25
6132,63339,1,17
6133,71728,1,12
6134,69025,1,25
6135,48737,1,15
6136,54006,1,32
6137,74023,1,23
6138,51018,1,20
6139,04563,1,24
6140,75760,1,14
6141,72526,2,16
6142,36852,2,18
6143,40115,2,20
6144,73639,1,11
6145,59301,2,18
6146,49405,1,44
6147,60481,1,16
6148,57730,1,29
6149,59024,1,10
6150,11935,1,96
6151,75417,1,20
6153,62238,1,12
6154,66079,1,18
6155,54618,1,17
6156,49548,1,18
6157,41777,4,31
6158,02713,1,8
6159,44221,5,74
6160,44125,1,28
6161,13158,1,29
6162,14481,1,30
6163,56444,1,25
6164,77095,14,305
6165,24827,1,15
6166,43413,1,24
6167,50528,1,18
6168,41031,2,24
6169,77429,4,139
6170,93940,2,18
6171,38452,1,16
6172,77327,1,20
6173,28394,3,77
6174,62923,1,9
6175,73029,1,18
6176,56323,1,20
6177,78850,1,15
6178,39540,1,25
6179,73731,1,16
6180,77905,1,18
6181,29640,1,30
6182,65661,2,30
6183,36853,1,31
6184,65635,1,17
6185,49724,2,12
6186,92327,3,20
6187,49821,1,35
6188,19939,1,58
6189,62828,1,20
6190,54830,2,13
6191,30423,2,5
6192,85086,6,150
6193,71950,1,23
6194,74540,1,7
6195,15902,1,15
6196,68731,1,24
6197,55925,1,16
6198,61018,1,28
6199,55017,1,17
6200,15902,1,35
6201,22193,4,130
6202,54931,1,36
6203,74647,1,20
6204,61705,2,23
6205,78616,1,7
6206,36322,1,40
6207,79022,1,32
6208,32465,1,10
6209,37343,3,56
6210,50063,1,25
6211,75253,1,30
6212,18612,1,25
6213,97338,1,46
6214,75201,58,1950
6215,75261,5,170
6216,62330,4,65
6217,48835,1,26
6218,43302,1,17
6219,71953,1,18
6220,57529,1,15
6221,26036,1,15
6222,35172,1,15
6223,18414,1,35
6224,01226,1,35
6225,56324,1,23
6226,03598,1,8
6227,49445,1,15
6228,69131,1,40
6229,53926,1,13
6230,76016,1,20
6231,61320,1,13
6232,76804,1,14
6233,75979,1,16
6234,67632,1,12
6235,24236,1,23
6236,72039,3,16
6237,43534,1,19
6238,44460,2,49
6239,84783,2,53
6240,77430,1,15
6241,47847,1,35
6242,28792,1,36
6243,61321,1,21
6244,30668,1,12
6245,54830,1,26
6246,51019,1,20
6247,06810,16,285
6248,03230,1,16
6249,77534,1,25
6250,05738,2,24
6251,37725,2,30
6252,53529,1,23
6253,25831,1,22
6254,04424,1,12
6255,59263,1,28
6256,06239,1,45
6257,30633,1,22
6258,68831,1,10
6259,12929,1,35
6260,14437,1,60
6261,57329,1,15
6262,24237,1,38
6263,56230,1,22
6264,61732,1,28
6265,56231,1,13
6266,01923,2,49
6267,03819,2,26
6268,17821,4,60
6269,72833,1,22
6270,52623,1,24
6271,61832,4,44
6272,24541,7,122
6273,40422,2,50
6274,46122,2,36
6275,31017,1,15
6276,25053,1,35
6277,36526,4,53
6278,19023,1,35
6279,19079,1,45
6280,59829,1,28
6281,72834,2,20
6282,72834,3,23
6283,08318,1,30
6284,56120,1,16
6285,14040,1,71
6286,06820,1,60
6287,53114,1,25
6288,60561,3,43
6289,53530,1,35
6290,29550,15,135
6291,29532,1,30
6292,23958,1,15
6293,16115,1,20
6294,21034,2,108
6295,27839,1,21
6296,15658,1,31
6297,98241,2,26
6298,79024,1,15
6299,02747,3,43
6300,02748,1,44
6301,02748,1,37
6302,74523,1,11
6303,55325,1,30
6304,87821,1,10
6305,29915,2,22
6306,15931,1,110
6307,17870,1,35
6308,17113,1,38
6309,36528,1,12
6310,17018,1,35
6311,82637,1,28
6312,52801,7,135
6313,99122,1,26
6314,74026,1,22
6315,13750,1,53
6316,58021,1,21
6317,41616,2,0
6318,68632,1,55
6319,70053,4,53
6320,28036,2,67
6321,27870,2,35
6322,27028,1,26
6323,42303,2,29
6324,25309,1,22
6325,96108,1,12
6326,61019,1,19
6327,35146,2,18
6328,79734,1,11
6329,11772,1,45
6330,26260,1,17
6331,73030,2,25
6332,28524,1,22
6333,31018,1,19
6334,48423,2,30
6335,36256,1,8
6336,24828,1,13
6337,64638,1,15
6338,30534,8,90
6339,39842,1,16
6340,56232,1,25
6341,50066,1,6
6342,62520,1,18
6343,68337,1,21
6344,58428,1,10
6345,42408,1,22
6346,76639,1,14
6347,89415,2,24
6348,97429,1,18
6349,16222,1,40
6350,45402,12,340
6351,99328,1,30
6352,37321,2,29
6353,82836,1,18
6354,97114,3,35
6355,14041,1,30
6356,55327,2,27
6357,77535,2,35
6358,32114,7,98
6359,32118,1,35
6360,06241,1,50
6361,97825,1,7
6362,58429,1,25
6363,76049,1,25
6364,71801,2,10
6365,81630,1,10
6366,53532,1,78
6367,75559,1,25
6368,92028,1,20
6369,54115,2,42
6370,71832,2,28
6371,50069,1,12
6372,54624,1,16
6373,63020,6,56
6374,49725,1,20
6375,72041,2,22
6376,72042,1,39
6377,57732,1,25
6378,07723,1,77
6379,21821,1,35
6380,59046,1,14
6381,64439,2,22
6382,48120,4,121
6383,48127,2,59
6384,59421,1,9
6385,83823,2,30
6386,92328,2,15
6387,04622,1,10
6388,37743,1,15
6389,39817,9,62
6390,67749,3,40
6391,67653,1,11
6392,38329,1,26
6393,35603,9,114
6394,37322,2,20
6395,39327,1,14
6396,46733,1,35
6397,76234,1,38
6398,62526,7,103
6399,49045,1,43
6400,68020,1,38
6401,46221,3,70
6402,45659,1,15
6403,17044,1,25
6404,38329,1,26
6405,37324,2,20
6406,48427,1,25
6407,52101,1,35
6408,08610,1,36
6409,02026,2,66
6410,04429,2,14
6411,28360,1,33
6412,21541,1,26
6413,28618,1,31
6414,06417,1,45
6415,27330,1,23
6416,52222,1,21
6417,28525,1,34
6418,08023,1,35
6419,64740,1,12
6420,61733,1,15
6421,56527,1,20
6422,65326,4,22
6423,73012,1,25
6424,74636,1,12
6425,04627,1,28
6426,17961,1,25
6427,37726,1,15
6428,59722,1,25
6429,81223,2,31
6430,54007,1,19
6431,21550,1,35
6432,77536,1,89
6433,11729,2,100
6434,36529,1,17
6435,45236,1,38
6436,56636,1,25
6437,92026,3,25
6438,80105,1,18
6439,64741,1,6
6440,44411,1,25
6441,53531,1,40
6442,48461,1,24
6443,49238,1,22
6444,48858,1,13
6445,45140,4,74
6446,43115,1,17
6447,24432,1,15
6448,13502,2,73
6449,03037,2,55
6450,60015,2,45
6451,03244,3,32
6452,58731,1,10
6453,99736,1,23
6454,44693,1,16
6455,26180,1,26
6456,56444,1,23
6457,89823,2,8
6458,43213,1,26
6459,23297,1,29
6460,13628,1,25
6461,51527,1,22
6462,43512,1,32
6463,12180,1,55
6464,32433,1,15
6465,56271,1,15
6466,43318,1,20
6467,13684,1,12
6468,30084,26,890
6469,37166,11,83
6470,60115,3,61
6471,64440,1,33
6472,13630,1,40
6473,73115,2,29
6474,92014,1,29
6475,81132,2,31
6476,78840,4,72
6477,37727,1,20
6478,32720,3,49
6479,55328,1,28
6480,12053,1,16
6481,53115,1,38
6482,67449,1,13
6483,61734,1,20
6484,56023,1,17
6485,74027,1,14
6486,19706,1,38
6487,43015,4,65
6488,72835,1,0
6489,17059,1,18
6490,43512,1,47
6491,50317,1,22
6492,48456,1,22
6493,18328,2,35
6494,45867,1,23
6495,43837,1,13
6496,18920,1,21
6497,47037,1,17
6498,18327,1,25
6499,25670,1,28
6500,70528,1,30
6501,76444,1,22
6502,14042,1,35
6503,71232,2,18
6504,13753,2,80
6505,48842,1,40
6506,45233,3,60
6507,78953,1,12
6508,52223,1,30
6509,66418,1,8
6510,71940,4,22
6511,57022,1,26
6512,44620,1,20
6513,32443,1,9
6514,52037,1,21
6515,19940,1,87
6516,12054,2,60
6517,35565,1,14
6518,57330,1,19
6519,15626,1,20
6520,46923,1,35
6521,13104,1,23
6522,45833,2,37
6523,67436,0,22
6524,08075,2,150
6525,33444,6,176
6526,43515,2,48
6527,81416,1,26
6528,81413,2,29
6529,84624,1,30
6530,94571,1,25
6531,63744,1,14
6532,52550,1,11
6533,99737,1,10
6534,48917,3,50
6535,71233,1,15
6536,36258,1,18
6537,17314,1,65
6538,53940,1,34
6539,32725,6,84
6540,07627,1,24
6541,77541,1,8
6542,88030,2,33
6543,46920,1,26
6544,36732,3,28
6545,30535,1,18
6546,95316,1,26
6547,99755,2,6
6548,15429,1,21
6549,23839,1,15
6550,70726,3,29
6551,51442,1,36
6552,75020,3,57
6553,62460,2,24
6554,52624,1,24
6555,29042,1,28
6556,04022,1,16
6557,67481,1,20
6558,54208,1,48
6559,75972,1,8
6560,02670,2,53
6561,44621,2,28
6562,18661,2,8
6563,08214,1,18
6564,04628,1,20
6565,65560,1,26
6566,56528,1,18
6567,76201,8,187
6568,27239,1,0
6569,59430,1,20
6570,48651,1,23
6571,21629,1,40
6572,39083,1,18
6573,17517,1,35
6574,80204,33,914
6575,46926,1,14
6576,28037,3,58
6577,07834,3,70
6578,49058,1,19
6579,20670,3,66
6580,57747,1,11
6581,49037,1,16
6582,13632,1,35
6583,74028,1,12
6584,14043,3,111
6585,97388,3,14
6586,75435,1,14
6587,13754,1,50
6588,08096,8,100
6589,61322,2,22
6590,70633,2,17
6591,67037,2,50
6592,06418,4,240
6593,05830,2,28
6594,50068,1,15
6595,28338,1,22
6596,70634,3,19
6597,71638,2,27
6598,16727,2,20
6599,03038,4,70
6600,15627,1,30
6601,70030,2,24
6602,58733,1,24
6603,50321,1,55
6604,50317,11,312
6605,63131,1,39
6606,60016,3,96
6607,76445,1,15
6608,86404,2,24
6609,92240,1,29
6610,72527,2,20
6611,68340,1,25
6612,43516,1,26
6613,63601,1,22
6614,57231,1,30
6615,34266,3,68
6616,71052,9,41
6617,71049,4,47
6618,71027,6,43
6619,71078,4,42
6620,75115,3,67
6621,35967,1,8
6622,62924,1,18
6623,32541,2,35
6624,48397,1,30
6625,04929,1,26
6626,56501,1,30
6627,48242,4,69
6628,75436,1,18
6629,95304,1,15
6630,01434,1,25
6631,77538,1,10
6632,58301,1,39
6633,58301,2,35
6634,30630,1,9
6635,78016,2,15
6636,45750,1,21
6637,75860,1,20
6638,74431,1,14
6639,18055,1,38
6640,57735,1,8
6641,74029,1,22
6642,48820,3,24
6643,13214,1,37
6644,48820,2,34
6645,68341,1,18
6646,52742,1,31
6647,14728,1,20
6648,54481,1,14
6649,48130,3,26
6650,50070,1,32
6651,88230,2,25
6652,13634,2,60
6653,63841,2,30
6654,04930,2,36
6655,97431,1,22
6656,55926,1,20
6657,50845,1,20
6658,64840,2,10
6659,72630,1,14
6660,18088,1,32
6661,74016,1,9
6662,95619,5,22
6663,84770,1,14
6664,39525,2,14
6665,26217,1,20
6666,73031,1,17
6667,75941,2,32
6668,15486,1,30
6669,53808,1,54
6670,67441,4,35
6671,67451,2,23
6672,58601,2,45
6673,58601,2,40
6674,77539,2,40
6675,18519,1,28
6676,37055,2,28
6677,37055,2,42
6678,73401,2,20
6679,71833,2,21
6680,62424,1,30
6681,83324,1,20
6682,02715,2,39
6683,50624,1,24
6684,75437,1,17
6685,18250,1,50
6686,73641,1,12
6687,73463,1,8
6688,68342,1,25
6689,78017,1,16
6690,99576,3,18
6691,29536,1,25
6692,29536,2,18
6693,29565,1,13
6694,29565,2,18
6695,29536,2,29
6696,59725,1,33
6697,43917,1,20
6698,47018,1,28
6699,23936,1,35
6700,56529,1,29
6701,77853,3,45
6702,79027,1,20
6703,18337,1,45
6704,23841,1,24
6705,75486,1,8
6706,74340,1,13
6707,23842,1,35
6708,16223,1,25
6709,70631,2,20
6710,70510,2,19
6711,45623,2,22
6712,32830,4,135
6713,20747,1,82
6714,38665,3,25
6715,70812,2,26
6716,62530,1,15
6717,80814,2,45
6718,08315,1,20
6719,32399,1,35
6720,11746,3,50
6721,04224,1,19
6722,32628,6,21
6723,40216,1,17
6724,39401,1,21
6725,36420,1,12
6726,04932,4,13
6727,60426,1,55
6728,68732,1,19
6729,95620,1,36
6730,61021,1,22
6731,87527,2,15
6732,61021,3,20
6733,59831,2,10
6734,65459,3,42
6735,52745,1,20
6736,39350,2,19
6737,36736,1,11
6738,17070,1,42
6739,49908,3,14
6740,49735,1,22
6741,30069,1,53
6742,95962,1,16
6743,10522,2,104
6744,27017,1,25
6745,75438,2,11
6746,72560,4,22
6747,55927,1,27
6748,67801,2,25
6749,35077,2,18
6750,54625,1,28
6751,68633,1,23
6752,77334,1,15
6753,53533,1,42
6754,38501,2,18
6755,63637,1,35
6756,37683,1,20
6757,35967,1,20
6758,64746,2,30
6759,57436,1,18
6760,13329,1,43
6761,49922,1,25
6762,35443,1,15
6763,81323,3,18
6764,23843,1,24
6765,60419,2,45
6766,52746,1,24
6767,80921,3,47
6768,29638,1,18
6769,29605,1,20
6770,17981,1,30
6771,39845,1,10
6772,62926,1,20
6773,66024,1,26
6774,66035,4,32
6775,63935,1,28
6776,68832,1,26
6777,78537,1,25
6778,52625,1,27
6779,83615,2,31
6780,95728,2,29
6781,58734,1,25
6782,15033,1,35
6783,76836,1,12
6784,65401,2,30
6785,31092,7,96
6786,22980,1,31
6787,88115,1,18
6788,65637,1,5
6789,97458,1,10
6790,32539,2,21
6791,29477,18,104
6792,68343,1,20
6793,62033,1,20
6794,15216,1,23
6795,08317,1,30
6796,49323,1,24
6797,67634,1,25
6798,18660,1,15
6799,44032,1,12
6800,05251,1,18
6801,38855,3,26
6802,62021,1,12
6803,15237,1,22
6804,41520,1,28
6805,93620,1,16
6806,78618,1,22
6807,36301,8,168
6808,36303,1,11
6809,54149,1,14
6810,57702,2,16
6811,30521,1,21
6812,27043,1,27
6813,28740,2,21
6814,75077,1,26
6815,35553,1,16
6816,29689,1,25
6817,52551,1,21
6818,50433,1,18
6819,73032,1,14
6820,96024,2,15
6821,30134,11,170
6822,98843,3,35
6823,98858,3,35
6824,98830,1,30
6825,98802,3,62
6826,99133,1,40
6827,85607,1,25
6828,35964,1,10
6829,01516,2,32
6830,58735,1,15
6831,51447,1,20
6832,68344,1,12
6833,82633,1,35
6834,75943,2,17
6835,75560,1,10
6836,81324,3,21
6837,03820,3,69
6838,37058,1,15
6839,44622,2,25
6840,72837,1,18
6841,19904,2,100
6842,02030,1,39
6843,08754,7,180
6844,17315,1,25
6845,73734,1,18
6846,41034,1,23
6847,28526,1,24
6848,55929,1,21
6849,04426,1,41
6850,56125,1,17
6851,51528,1,25
6852,19007,1,25
6853,49047,1,25
6854,62927,1,19
6855,37059,1,14
6856,08321,2,30
6857,60515,4,70
6858,83234,1,12
6859,95936,1,20
6860,63536,1,21
6861,19335,2,55
6862,96010,1,7
6863,61736,1,36
6864,67437,1,19
6865,13755,1,56
6866,50071,1,23
6867,96109,1,13
6868,49840,1,19
6869,38559,1,12
6870,73434,1,15
6871,14206,1,60
6872,18901,2,56
6873,36028,1,11
6874,30330,2,29
6875,01826,3,43
6876,58736,1,25
6877,58736,1,25
6878,23937,1,35
6879,97381,1,21
6880,42337,1,27
6881,52552,1,14
6882,27288,2,34
6883,24324,1,35
6884,57531,1,10
6885,72530,3,18
6886,15034,1,60
6887,29333,1,25
6888,58225,2,16
6889,29340,1,25
6890,38225,1,24
6891,14441,1,20
6892,43821,1,44
6893,38737,1,22
6894,47060,2,30
6895,27553,2,40
6896,23844,1,24
6897,64742,1,10
6898,28619,1,58
6899,85746,5,87
6900,78737,1,40
6901,72943,1,15
6902,23435,1,60
6903,28601,1,19
6904,54832,1,22
6905,73735,1,14
6906,49726,1,33
6907,74030,1,51
6908,95441,1,27
6909,24549,1,28
6910,41035,2,52
6911,37640,3,25
6912,35115,1,18
6913,48428,2,30
6914,24243,1,25
6915,15601,1,23
6916,07823,0,33
6917,68345,1,20
6918,62832,2,27
6919,12953,1,15
6920,71024,1,20
6921,03444,1,20
6922,31021,2,35
6923,76446,1,22
6924,18917,1,35
6925,28332,1,26
6926,24084,1,37
6927,47335,2,19
6928,47527,1,34
6929,82513,1,23
6930,17702,1,37
6931,52001,6,89
6932,52003,1,5
6933,84021,1,21
6934,46036,1,18
6935,27949,1,32
6936,38925,1,20
6937,01571,1,47
6938,85292,1,11
6939,29639,1,20
6940,64841,1,31
6941,39337,1,20
6942,97021,1,10
6943,84022,2,26
6944,42348,1,15
6945,55802,8,134
6946,71639,2,22
6947,79029,1,40
6948,22172,2,108
6949,07628,4,80
6950,50625,1,16
6951,25064,2,26
6952,68346,1,20
6953,15431,1,35
6954,03046,1,25
6955,29617,1,25
6956,73533,3,48
6957,29334,3,38
6958,49961,2,9
6959,85534,2,21
6960,68634,1,25
6961,17020,2,40
6962,16635,1,65
6963,75137,2,52
6964,35456,2,52
6965,50532,1,17
6966,42338,1,15
6967,97115,1,18
6968,14837,1,54
6969,33838,1,19
6970,48131,1,49
6971,52038,1,19
6972,34698,3,51
6973,08812,1,35
6974,88310,2,15
6975,45714,1,26
6976,88344,1,23
6977,50626,1,22
6978,47336,1,28
6979,14048,3,40
6980,20754,1,100
6981,63070,1,29
6982,29654,3,35
6983,61525,2,27
6984,51529,1,28
6985,37327,1,37
6986,42339,1,25
6987,28334,2,34
6988,02891,2,48
6989,35094,1,20
6990,65640,2,20
6991,56127,1,15
6992,95937,1,31
6993,17745,1,14
6994,42528,1,18
6995,47337,1,17
6996,58329,1,15
6997,58329,1,15
6998,96025,1,28
6999,01827,1,24
7000,62239,1,33
7001,54950,1,23
7002,71329,3,22
7003,18641,1,20
7004,47231,1,30
7005,57623,1,30
7006,15122,1,35
7007,15110,1,25
7008,54736,1,32
7009,61024,2,25
7010,54736,1,32
7011,81303,16,160
7012,39063,1,11
7013,74701,3,33
7014,52747,1,22
7015,27944,1,25
7016,29644,3,23
7017,04222,1,41
7018,03824,1,37
7019,27704,17,338
7020,13054,1,30
7021,17578,1,25
7022,18614,1,27
7023,70529,2,19
7024,72833,1,14
7025,12508,1,25
7026,29180,2,16
7027,35744,1,22
7028,59433,1,19
7029,25521,1,20
7030,02332,2,30
7031,55072,3,0
7032,71328,4,43
7033,58075,2,25
7034,60420,1,29
7035,66849,1,46
7036,68635,1,35
7037,38024,9,161
7038,38330,1,28
7039,46311,2,35
7040,24112,1,40
7041,38024,3,51
7042,52040,1,40
7043,22935,1,26
7044,82001,1,30
7045,13406,1,32
7046,27215,2,31
7047,81036,1,15
7048,29468,1,9
7049,55123,5,43
7050,85925,1,27
7051,13331,1,20
7052,56446,1,19
7053,57625,1,27
7054,81637,1,10
7055,81631,1,12
7056,38485,1,16
7057,36853,2,12
7058,17347,1,25
7059,47036,1,23
7060,53119,1,34
7061,83616,3,42
7062,68347,1,34
7063,50533,1,23
7064,49950,1,10
7065,06401,1,71
7066,18603,1,60
7067,44425,1,35
7068,77434,1,27
7069,56024,1,19
7070,12180,1,29
7071,84005,2,35
7072,76179,1,42
7073,87718,1,12
7074,78852,3,70
7075,54729,1,21
7076,54521,2,27
7077,81632,5,64
7078,24085,1,42
7079,65641,4,25
7080,27242,1,47
7081,99738,1,5
7082,42634,2,30
7083,17731,1,21
7084,55731,1,20
7085,08092,1,30
7086,74734,1,15
7087,06268,2,59
7088,37060,1,8
7089,73033,1,11
7090,19512,1,36
7091,72331,1,10
7092,75766,1,16
7093,50072,1,21
7094,42410,1,19
7095,74840,2,14
7096,12058,1,39
7097,52041,1,31
7098,13332,1,20
7099,60518,1,30
7100,39823,10,63
7101,50535,1,26
7102,76802,1,25
7103,22936,1,25
7104,79031,1,20
7105,38551,1,23
7106,40076,1,17
7107,37847,1,22
7108,57638,1,20
7109,36854,1,33
7110,18067,1,29
7111,42164,1,17
7112,62024,1,15
7113,14051,2,55
7114,14052,1,60
7115,14414,2,48
7116,18013,1,30
7117,25067,2,28
7118,42141,1,20
7119,94546,2,52
7120,27018,1,36
7121,40729,1,25
7122,18603,1,20
7123,55011,3,36
7124,15333,1,25
7125,14469,1,48
7126,19335,1,30
7127,11717,1,50
7128,36426,1,26
7129,02333,1,26
7130,01515,1,32
7131,06234,1,11
7132,31606,1,15
7133,08816,3,60
7134,08816,3,84
7135,05832,1,15
7136,02858,2,34
7137,16029,1,32
7138,17872,1,25
7139,14870,1,14
7140,84520,1,12
7141,71254,8,31
7142,42541,1,14
7143,12060,1,25
7144,46312,4,76
7145,35048,2,20
7146,71923,2,17
7147,38541,1,12
7148,44112,2,44
7149,12514,1,28
7150,71418,1,23
7151,47201,2,43
7152,76905,1,22
7153,14055,2,40
7154,94513,9,84
7155,03813,1,8
7156,14830,1,24
7157,98607,5,34
7158,92021,2,44
7159,63702,3,35
7160,39479,1,12
7161,04227,1,15
7162,05253,1,20
7163,05341,1,0
7164,31027,1,7
7165,61025,2,35
7166,73532,1,11
7167,60118,1,30
7168,17821,1,35
7169,72206,3,21
7170,75951,2,12
7171,47043,2,35
7172,05448,0,13
7173,11735,3,150
7174,12533,7,235
7175,89423,14,163
7176,41168,1,38
7177,25671,1,25
7178,39647,1,6
7179,08873,1,52
7180,07728,3,68
7181,61430,1,13
7182,28120,1,41
7183,59434,1,18
7184,12302,1,50
7185,42211,3,28
7186,80482,3,40
7187,49777,1,16
7188,88203,1,10
7189,49506,1,33
7190,42712,1,15
7191,06360,1,50
7192,12061,3,90
7193,18041,1,42
7194,02818,2,40
7195,08020,2,40
7196,06423,3,54
7197,37860,1,21
7198,11937,2,140
7199,06424,3,74
7200,07936,2,37
7201,06108,5,132
7202,06027,1,24
7203,06512,4,79
7204,05837,1,15
7205,60429,2,31
7206,59635,1,16
7207,13350,1,42
7208,14901,1,9
7209,44654,1,45
7210,28358,1,23
7211,56433,1,0
7212,15688,2,60
7213,70776,3,29
7214,11730,1,120
7215,76458,1,11
7216,12424,1,14
7217,60433,3,44
7218,06243,1,11
7219,03827,1,28
7220,12401,2,28
7221,78611,3,18
7222,34685,3,39
7223,19050,1,48
7224,48823,2,53
7225,38063,1,12
7226,35613,2,29
7227,28164,3,53
7228,06759,1,20
7229,43920,1,16
7230,01028,1,26
7231,25512,1,15
7232,64743,1,20
7233,46017,2,84
7234,13790,1,20
7235,34211,8,87
7236,11939,1,40
7237,42044,3,33
7238,38401,1,8
7239,16335,1,20
7240,11554,6,250
7241,13757,1,36
7242,88012,2,22
7243,32583,2,16
7244,59802,1,15
7245,61244,3,34
7246,72021,2,13
7247,05651,2,35
7248,11940,1,62
7249,75645,2,17
7250,49749,1,19
7251,27893,2,29
7252,39350,4,22
7253,21631,2,27
7254,07079,1,23
7255,64844,1,20
7256,32578,1,10
7257,11731,2,105
7258,17970,1,24
7259,11732,1,65
7260,39759,1,35
7261,98540,5,39
7262,07018,4,168
7263,14729,1,45
7264,44413,2,28
7265,14056,1,40
7266,18212,1,15
7267,61611,3,42
7268,36756,1,12
7269,50222,1,9
7270,17520,1,40
7271,98391,10,139
7272,62352,1,12
7273,30344,4,97
7274,37317,5,50
7275,75436,1,10
7276,63845,1,12
7277,17317,1,20
7278,02914,4,110
7279,35160,1,17
7280,72117,4,18
7281,06260,1,25
7282,11942,2,72
7283,14772,1,35
7284,36274,1,10
7285,22947,1,32
7286,24740,1,20
7287,37763,5,16
7288,14445,1,39
7289,11518,5,160
7290,07073,3,80
7291,70047,3,30
7292,62201,4,58
7293,12063,1,34
7294,14224,1,50
7295,14103,1,52
7296,27205,2,31
7297,62221,2,25
7298,83833,3,30
7299,70816,2,35
7300,28001,2,35
7301,44626,2,17
7302,28039,2,36
7303,43925,1,21
7304,37620,1,35
7305,13057,2,44
7306,48730,1,26
7307,15909,1,30
7308,75603,1,10
7309,30436,3,14
7310,53120,1,44
7311,97886,3,18
7312,38828,2,24
7313,59635,2,21
7314,08360,1,30
7315,44618,2,32
7316,08888,1,17
7317,19355,1,32
7318,14589,1,25
7319,11596,1,50
7320,08520,1,30
7321,08520,1,25
7322,39339,1,12
7323,76078,1,9
7324,26142,2,30
7325,12064,1,28
7326,84755,2,7
7327,96126,5,45
7328,71037,6,53
7329,08060,1,15
7330,30538,1,16
7331,04634,1,6
7332,10709,5,79
7333,28719,2,37
7334,19505,3,40
7335,41007,1,20
7336,15627,1,30
7337,31320,2,26
7338,65638,2,23
7339,21532,1,33
7340,52404,1,13
7341,45171,3,48
7342,43014,2,45
7343,27858,1,50
7344,96122,4,17
7345,61822,1,23
7346,65270,1,12
7347,18103,1,20
7348,74301,1,17
7349,35020,1,18
7350,27545,2,67
7351,17368,1,18
7352,77396,1,25
7353,06242,1,15
7354,59635,1,20
7355,02642,1,22
7356,01027,1,29
7357,44095,1,29
7358,76448,1,20
7359,38583,2,18
7360,84535,1,5
7361,31023,2,27
7362,54626,1,40
7363,73448,1,12
7364,02375,3,32
7365,12154,2,25
7366,04740,1,30
7367,54471,1,24
7368,03580,1,13
7369,62633,1,24
7370,66020,1,21
7371,06612,1,48
7372,75607,1,7
7373,21601,1,80
7374,56025,1,15
7375,28312,1,56
7376,48021,1,23
7377,11941,1,109
7378,98027,15,220
7379,17745,2,49
7380,75681,1,11
7381,23347,1,32
7382,40245,2,69
7383,27376,1,30
7384,45320,2,40
7385,13334,2,30
7386,80615,1,41
7387,48827,1,24
7388,48827,1,20
7389,44044,1,28
7390,47338,1,19
7391,11768,1,59
7392,07724,1,45
7393,98328,1,21
7394,54701,6,90
7395,16030,1,15
7396,95223,4,32
7397,28754,2,22
7398,35622,1,17
7399,29621,1,29
7400,28625,1,40
7401,65803,5,31
7402,39095,1,8
7403,36353,2,12
7404,97826,3,25
7405,31648,3,8
7406,80727,1,18
7407,36024,2,38
7408,32336,1,5
7409,15005,3,35
7410,48229,1,24
7411,78538,1,26
7412,19020,1,31
7413,04428,1,18
7414,52553,1,19
7415,68834,2,30
7416,71371,2,24
7417,53019,1,44
7418,57232,1,25
7419,27288,4,68
7420,14057,1,48
7421,55344,4,109
7422,55329,1,27
7423,17601,1,44
7424,76837,1,19
7425,39194,1,15
7426,82932,1,15
7427,27932,1,36
7428,48620,2,22
7429,59026,1,15
7430,59026,1,15
7431,68935,1,18
7432,54426,1,28
7433,02539,2,46
7434,19038,1,45
7435,61802,1,15
7436,76134,1,24
7437,30810,1,8
7438,58433,1,30
7439,58433,1,30
7440,19057,1,25
7441,57735,1,36
7442,43517,2,36
7443,56128,1,23
7444,53534,1,31
7445,64444,2,21
7446,32132,2,39
7447,07020,3,58
7448,73006,1,16
7449,10465,1,30
7450,62426,2,30
7451,52042,1,29
7452,29620,1,20
7453,40213,1,22
7454,41017,1,87
7455,15218,1,40
7456,75117,1,17
7457,19073,1,36
7458,55436,2,42
7459,63537,1,16
7460,16412,1,40
7461,78541,4,99
7462,62531,1,20
7463,58227,1,25
7464,44272,1,18
7465,12134,1,34
7466,22824,1,25
7467,39051,1,19
7468,46124,2,43
7469,08817,6,197
7470,68936,1,8
7471,29438,1,40
7472,29038,2,22
7473,13335,1,56
7474,73034,5,138
7475,98020,3,52
7476,72332,1,20
7477,42129,1,37
7478,99950,1,7
7479,67342,1,25
7480,28792,3,52
7481,75756,2,14
7482,93524,5,108
7483,13635,1,50
7484,49112,1,26
7485,47528,1,24
7486,18704,1,48
7487,66111,2,15
7488,62025,3,30
7489,46165,1,19
7490,71331,3,35
7491,31329,11,67
7492,03882,2,17
7493,62401,2,37
7494,27243,3,40
7495,70531,1,16
7496,58331,1,15
7497,49442,1,20
7498,08215,1,26
7499,54209,2,40
7500,14226,1,75
7501,24086,1,25
7502,81325,1,13
7503,01258,2,23
7504,14450,2,60
7505,35952,0,14
7506,72427,1,8
7507,28714,2,30
7508,85334,1,10
7509,29081,1,12
7510,70454,2,32
7511,55931,1,25
7512,40117,1,30
7513,92020,4,85
7514,77437,1,43
7515,78046,1,8
7516,92243,3,38
7517,94530,2,37
7518,95709,15,114
7519,87508,3,35
7520,71730,4,51
7521,67042,2,37
7522,95762,5,66
7523,64744,2,33
7524,95966,1,17
7525,87321,1,17
7526,79928,2,66
7527,80903,1,75
7528,79901,36,898
7529,61738,1,20
7530,72045,3,17
7531,87560,2,18
7532,73036,3,27
7533,87530,1,20
7534,90245,2,57
7535,27534,2,33
7536,72333,1,16
7537,36311,5,17
7538,68835,1,24
7539,36323,1,28
7540,14058,1,75
7541,48446,2,40
7542,61572,1,20
7543,47613,1,54
7544,52225,1,15
7545,30635,12,116
7546,80106,3,21
7547,36530,3,35
7548,30635,1,23
7549,56531,1,26
7550,56589,1,12
7551,13060,1,30
7552,60119,3,65
7553,54428,1,20
7554,37419,2,9
7555,15736,1,25
7556,75607,3,24
7557,52554,1,18
7558,50627,1,24
7559,62930,1,28
7560,95667,12,180
7561,80025,1,15
7562,73537,1,22
7563,76936,1,35
7564,21659,1,35
7565,16731,1,25
7566,62027,1,15
7567,17754,1,45
7568,18616,1,10
7569,95431,1,8
7570,52748,1,28
7571,35554,1,29
7572,65463,1,16
7573,25070,1,20
7574,76360,2,16
7575,99123,1,20
7576,85645,2,22
7577,54738,1,28
7578,27504,1,25
7579,92029,1,36
7580,85610,1,21
7581,78621,1,45
7582,52141,1,22
7583,29720,1,20
7584,73538,1,26
7585,68636,1,10
7586,60120,7,134
7587,97827,1,23
7588,58533,1,28
7589,42642,1,21
7590,27253,2,41
7591,76481,1,25
7592,88116,1,27
7593,99739,1,58
7594,03903,1,45
7595,08873,1,25
7596,15037,1,38
7597,27909,2,45
7598,61028,1,32
7599,07208,7,269
7600,56533,1,21
7601,80107,4,60
7602,45373,1,38
7603,15018,1,35
7604,45659,2,15
7605,70638,1,14
7606,47117,1,24
7607,37643,3,33
7608,28337,1,32
7609,42701,3,59
7610,47232,1,22
7611,12932,1,25
7612,83467,1,22
7613,73644,1,41
7614,67344,1,22
7615,83525,1,17
7616,67349,6,60
7617,80433,3,68
7618,95939,1,9
7619,24326,2,20
7620,26717,1,30
7621,67345,1,12
7622,60005,1,34
7623,60007,4,88
7624,51531,1,22
7625,18801,1,28
7626,37640,1,12
7627,54739,1,21
7628,82324,1,13
7629,28622,1,33
7630,57025,1,30
7631,49629,1,21
7632,84651,1,17
7633,55330,3,64
7634,83827,1,10
7635,15767,1,50
7636,48466,1,18
7637,95432,4,22
7638,52043,1,30
7639,46516,7,124
7640,50073,1,17
7641,67950,1,23
7642,53020,1,40
7643,62634,1,12
7644,46526,3,19
7645,75839,0,21
7646,53121,2,43
7647,95691,1,16
7648,28621,1,22
7649,26241,1,27
7650,19027,1,33
7651,72727,1,20
7652,65644,1,10
7653,48726,1,28
7654,89801,20,114
7655,29826,1,16
7656,38455,1,8
7657,97436,1,18
7658,22827,1,40
7659,57026,1,27
7660,62932,1,20
7661,26267,1,15
7662,31806,1,22
7663,28040,1,41
7664,26346,1,28
7665,12934,1,30
7666,12935,1,30
7667,28681,1,27
7668,58436,1,30
7669,19941,1,50
7670,56026,1,20
7671,98926,1,39
7672,21529,1,25
7673,31807,1,25
7674,14712,1,27
7675,47404,2,37
7676,14228,1,51
7677,80808,3,36
7678,14731,1,45
7679,54944,1,25
7680,63638,1,21
7681,14732,1,25
7682,67526,1,24
7683,51532,1,12
7684,38901,1,8
7685,40317,1,38
7686,75165,1,26
7687,67601,6,96
7688,28144,1,23
7689,62241,1,25
7690,13636,1,60
7691,24087,1,28
7692,39437,3,33
7693,35960,1,8
7694,29047,1,12
7695,55724,2,10
7696,63937,1,10
7697,57706,1,58
7698,67439,2,40
7699,04605,1,24
7700,56129,1,25
7701,61737,2,18
7702,50075,1,25
7703,15331,2,30
7704,16117,1,37
7705,14223,1,56
7706,79562,2,18
7707,53122,1,46
7708,45661,1,17
7709,18651,3,27
7710,76640,1,25
7711,78010,1,12
7712,57791,1,25
7713,63565,1,16
7714,43003,1,30
7715,14059,1,28
7716,50628,1,26
7717,98541,1,20
7718,99506,7,150
7719,08318,1,22
7720,73539,2,12
7721,55765,1,15
7722,60126,2,44
7723,18444,2,26
7724,14901,3,56
7725,14903,1,44
7726,49730,1,5
7727,14845,1,14
7728,64445,1,10
7729,75118,1,25
7730,11003,8,180
7731,05657,1,15
7732,56027,1,16
7733,36025,2,15
7734,10523,2,70
7735,54740,1,30
7736,61529,1,25
7737,73932,1,10
7738,07407,4,85
7739,60707,2,30
7740,45216,1,25
7741,68349,1,20
7742,49684,1,15
7743,75803,2,23
7744,27244,2,52
7745,85131,2,33
7746,15038,1,40
7747,56325,1,23
7748,53929,1,31
7749,63343,2,22
7750,48831,1,25
7751,69134,1,23
7752,97138,3,14
7753,08079,1,25
7754,84724,1,10
7755,19805,1,55
7756,41018,1,45
7757,12054,1,80
7758,42025,1,22
7759,46036,1,20
7760,60421,1,20
7761,08217,1,22
7762,68937,1,26
7763,55731,1,31
7764,52227,1,30
7765,89301,1,37
7766,44035,3,75
7767,44035,1,25
7768,56028,1,25
7769,30401,11,140
7770,55732,1,15
7771,54933,1,22
7772,37650,1,25
7773,62635,1,18
7774,58228,1,30
7775,28594,2,47
7776,36093,1,16
7777,64055,1,55
7778,68733,2,35
7779,71740,1,24
7780,51533,1,18
7781,07630,1,56
7782,57332,1,32
7783,94608,2,30
7784,75110,1,8
7785,83861,1,12
7786,56447,1,24
7787,65466,1,18
7788,40019,1,16
7789,60920,2,16
7790,16373,1,24
7791,40730,1,26
7792,18049,1,36
7793,71835,1,17
7794,61455,1,18
7795,50536,1,21
7796,83617,1,17
7797,48022,1,27
7798,49014,2,54
7799,56029,1,25
7800,75440,2,30
7801,72936,2,21
7802,73533,2,17
7803,43926,1,20
7804,35063,1,18
7805,66801,2,63
7806,15834,1,50
7807,15202,1,45
7808,82325,1,20
7809,75147,1,14
7810,92024,6,52
7811,53930,1,20
7812,58027,2,18
7813,13760,1,24
7814,17768,1,15
7815,13760,3,80
7816,76452,1,10
7817,62933,1,11
7818,06082,2,52
7819,27823,2,35
7820,62835,2,28
7821,14850,1,40
7822,27824,1,26
7823,71303,1,24
7824,72046,1,24
7825,34223,6,53
7826,07632,1,37
7827,45322,2,62
7828,07631,2,51
7829,67840,1,9
7830,37329,1,24
7831,37876,1,17
7832,47118,3,40
7833,07726,1,20
7834,73701,5,81
7835,28715,2,54
7836,75441,1,18
7837,57787,1,33
7838,75119,3,42
7839,27705,2,35
7840,28023,1,28
7841,28655,1,24
7842,72047,4,18
7843,39641,1,20
7844,73439,3,36
7845,05450,1,28
7846,49878,1,23
7847,19040,1,25
7848,13135,3,65
7849,36330,4,49
7850,84725,1,17
7851,97828,1,18
7852,67441,1,31
7853,36091,2,33
7854,08609,1,32
7855,39330,2,28
7856,98022,4,37
7857,38332,1,13
7858,76937,1,15
7859,63344,1,18
7860,35460,1,0
7861,84627,2,28
7862,54211,1,17
7863,98823,1,37
7864,13452,1,28
7865,03042,2,47
7866,58843,2,43
7867,03234,1,21
7868,52045,2,36
7869,36584,1,16
7870,62934,1,20
7871,36026,1,15
7872,18417,2,80
7873,60450,1,68
7874,76238,1,18
7875,76401,1,38
7876,70533,1,21
7877,26203,1,18
7878,44256,1,33
7879,73645,1,20
7880,68637,1,24
7881,66733,1,20
7882,16508,6,150
7883,61250,1,30
7884,58004,1,15
7885,48133,1,29
7886,43452,1,10
7887,44662,1,34
7888,13061,1,34
7889,37061,2,35
7890,14838,1,24
7891,41018,2,28
7892,03579,1,20
7893,56535,1,20
7894,07456,1,36
7895,54656,1,51
7896,01344,2,23
7897,37650,1,23
7898,28339,1,53
7899,72112,1,20
7900,70767,2,42
7901,84726,1,12
7902,95320,2,26
7903,36426,1,8
7904,32505,22,322
7905,49829,1,28
7906,49837,2,68
7907,92025,7,90
7908,58332,1,19
7909,12429,1,40
7910,87532,3,18
7911,95627,1,21
7912,12066,1,45
7913,17815,1,38
7914,07021,1,50
7915,05452,1,45
7916,01929,1,42
7917,63846,1,14
7918,12936,1,25
7919,12936,1,20
7920,06426,2,40
7921,60935,1,30
7922,51638,1,30
7923,05452,1,32
7924,48732,1,20
7925,19029,1,54
7926,97023,2,42
7927,87016,1,20
7928,08319,1,29
7929,57234,1,25
7930,99709,1,26
7931,33928,5,61
7932,80517,2,41
7933,51334,1,27
7934,40336,1,30
7935,29918,1,20
7936,37330,1,15
7937,32425,1,12
7938,48166,1,9
7939,24084,1,12
7940,57334,1,30
7941,63539,1,14
7942,70730,1,22
7943,38456,1,22
7944,96027,1,17
7945,13062,1,15
7946,15223,1,40
7947,75944,2,13
7948,30705,1,14
7949,28739,4,49
7950,37331,1,42
7951,72428,1,16
7952,54627,1,30
7953,42567,1,24
7954,74342,1,12
7955,44123,3,86
7956,38632,1,35
7957,71640,1,18
7958,36027,4,43
7959,74432,2,20
7960,97402,16,299
7961,79510,2,19
7962,76039,3,71
7963,88231,1,28
7964,70535,3,39
7965,39744,1,21
7966,27935,1,27
7967,67045,1,25
7968,84628,1,20
7969,57437,1,24
7970,63025,3,96
7971,15084,2,52
7972,59917,1,24
7973,72632,6,37
7974,29847,1,20
7975,17363,1,35
7976,61530,2,36
7977,75124,1,20
7978,32726,2,25
7979,04982,1,15
7980,69028,1,24
7981,35462,1,17
7982,29048,3,18
7983,38333,2,15
7984,77615,1,29
7985,70537,1,30
7986,14006,2,40
7987,16033,1,25
7988,28364,1,28
7989,80620,2,18
7990,97537,1,20
7991,50707,1,28
7992,60201,5,107
7993,53536,1,32
7994,82636,1,33
7995,47713,14,273
7996,62242,1,22
7997,72729,1,20
7998,76525,1,10
7999,56326,1,34
8000,49631,1,31
8001,55734,1,24
8002,45241,1,25
8003,72532,1,20
8004,66424,2,24
8005,15537,1,28
8006,02149,3,103
8007,98201,6,165
8008,33034,2,15
8009,36401,1,28
8010,15209,1,15
8011,80439,8,76
8012,60805,1,104
8013,83541,1,26
8014,20169,1,60
8015,71333,1,30
8016,71058,3,31
8017,38858,3,16
8018,76140,1,17
8019,15631,1,25
8020,65646,1,15
8021,47331,1,32
8022,08053,3,134
8023,24550,2,30
8024,42539,1,13
8025,81004,1,11
8026,08025,1,15
8027,21824,1,21
8028,75644,1,12
8029,41039,1,27
8030,62836,3,30
8031,63440,2,35
8032,36439,2,28
8033,55331,2,52
8034,18447,1,40
8035,18642,1,34
8036,64024,1,33
8037,16617,1,63
8038,54835,1,25
8039,02822,2,40
8040,48159,1,28
8041,03833,1,32
8042,93221,1,25
8043,65647,1,21
8044,18643,1,20
8045,18644,1,57
8046,19606,2,70
8047,02822,2,30
8048,68351,1,32
8049,42743,1,15
8050,15632,1,28
8051,55934,1,21
8052,12188,1,30
8053,36033,1,10
8054,18629,1,50
8055,79838,2,18
8056,22938,1,25
8057,49093,1,21
8058,13063,1,19
8059,35746,1,13
8060,18419,1,35
8061,36375,1,18
8062,27360,2,64
8063,65648,1,32
8064,11770,1,40
8065,07704,1,63
8066,05743,1,15
8067,07410,4,120
8068,97479,2,15
8069,15003,2,10
8070,47250,1,26
8071,65649,1,10
8072,29643,1,24
8073,50629,1,28
8074,99701,3,38
8075,99709,1,25
8076,45324,4,55
8077,30213,2,44
8078,61739,1,31
8079,68352,2,40
8080,15436,1,42
8081,99011,2,62
8082,54741,1,20
8083,77469,1,15
8084,40118,2,53
8085,58229,1,20
8086,22035,39,1603
8087,05454,1,37
8088,55332,1,17
8089,52228,2,55
8090,57335,1,16
8091,22030,2,110
8092,74637,1,20
8093,64446,1,18
8094,72088,3,34
8095,17320,1,28
8096,29180,2,25
8097,52556,1,18
8098,35064,2,23
8099,62837,1,26
8100,45014,3,61
8101,94533,5,87
8102,06824,5,96
8103,04937,2,33
8104,38558,3,54
8105,16511,1,30
8106,28746,2,30
8107,30180,2,36
8108,62837,3,42
8109,45011,2,75
8110,15944,1,20
8111,49289,1,16
8112,44678,1,24
8113,08302,1,32
8114,44855,1,28
8115,59436,1,24
8116,22539,2,36
8117,75840,1,25
8118,27826,1,25
8119,36513,1,21
8120,38570,1,13
8121,98642,1,66
8122,48733,1,25
8123,02719,2,42
8124,48720,1,20
8125,38654,1,31
8126,36532,4,55
8127,74343,2,17
8128,46126,1,20
8129,44333,1,47
8130,24141,1,28
8131,24902,1,20
8132,62201,1,23
8133,28340,1,19
8134,26554,3,41
8135,56031,1,32
8136,68354,1,30
8137,19401,1,50
8138,19446,1,44
8139,07853,1,24
8140,46928,1,16
8141,61841,1,19
8142,13219,1,55
8143,58030,1,25
8144,80403,3,67
8145,66007,2,38
8146,18656,1,9
8147,21867,1,20
8148,75948,1,20
8149,14450,2,82
8150,44077,1,20
8151,08302,1,20
8152,43773,1,15
8153,62208,2,24
8154,75069,2,37
8155,28110,1,56
8156,84629,1,15
8157,37062,2,28
8158,28730,2,36
8159,48621,1,13
8160,07022,3,60
8161,73737,1,21
8162,12601,1,45
8163,10607,2,10
8164,72143,1,15
8165,61432,3,35
8166,16415,2,65
8167,44126,1,25
8168,47842,1,16
8169,27539,2,107
8170,97423,1,12
8171,17070,3,20
8172,92307,1,60
8173,26570,1,17
8174,15017,1,29
8175,72634,1,15
8176,35045,1,25
8177,15202,1,21
8178,42221,1,8
8179,29127,2,27
8180,59221,1,21
8181,14513,1,55
8182,24171,1,25
8183,28341,1,28
8184,49892,1,16
8185,80831,4,36
8186,55113,1,21
8187,14733,1,62
8188,73430,1,18
8189,27827,1,25
8190,35622,2,20
8191,37656,1,35
8192,54742,1,30
8193,38585,1,9
8194,28622,2,27
8195,53932,1,24
8196,02720,7,190
8197,96028,1,20
8198,96158,2,28
8199,74881,1,15
8200,89406,3,41
8201,16111,2,25
8202,15022,1,29
8203,97344,1,18
8204,68355,1,28
8205,68355,1,14
8206,78113,1,15
8207,37367,1,19
8208,40119,1,17
8209,19054,1,35
8210,43701,3,62
8211,06031,1,55
8212,12779,2,40
8213,41230,1,25
8214,28042,2,40
8215,21047,2,60
8216,04105,3,70
8217,02540,5,81
8218,22405,1,89
8219,14470,1,20
8220,17220,1,30
8221,77960,1,16
8222,32693,1,12
8223,74935,1,6
8224,07023,1,43
8225,07931,2,40
8226,58102,7,122
8227,73840,1,19
8228,55021,1,33
8229,62838,1,35
8230,52046,1,36
8231,87740,3,20
8232,43520,1,21
8233,27239,1,28
8234,75234,3,77
8235,40351,2,24
8236,52047,1,20
8237,17522,1,30
8238,75442,1,26
8239,14060,1,22
8240,45325,1,23
8241,71241,5,29
8242,11735,1,50
8243,04344,2,19
8244,07727,1,20
8245,84025,1,31
8246,38834,2,45
8247,63640,1,53
8248,95230,1,16
8249,55024,2,51
8250,87401,6,101
8251,72730,2,33
8252,61531,1,22
8253,04938,2,26
8254,03835,1,44
8255,52626,1,14
8256,48336,5,109
8257,48335,1,38
8258,44491,1,20
8259,14425,2,56
8260,19950,1,40
8261,08234,1,41
8262,15437,1,65
8263,54644,1,28
8264,26571,3,21
8265,42040,3,23
8266,27028,1,32
8267,37091,1,19
8268,11738,2,110
8269,47340,1,25
8270,27828,1,38
8271,36830,1,20
8272,23901,1,46
8273,69029,1,19
8274,14061,1,35
8275,27830,1,23
8276,16121,1,27
8277,23059,1,19
8278,74525,1,15
8279,79325,1,20
8280,68838,1,29
8281,75132,1,19
8282,42544,2,24
8283,27217,2,42
8284,75462,1,20
8285,57438,1,25
8286,36738,1,16
8287,20186,11,281
8288,15065,1,15
8289,15084,1,24
8290,71653,1,15
8291,55734,1,18
8292,30214,10,151
8293,38068,10,146
8294,17049,1,30
8295,04349,1,18
8296,52142,1,16
8297,39069,1,19
8298,35555,2,23
8299,45680,2,21
8300,47885,1,0
8301,13148,1,30
8302,25840,1,54
8303,13066,1,89
8304,62258,1,10
8305,37334,2,28
8306,72701,7,119
8307,45118,1,30
8308,28301,17,345
8309,78940,1,35
8310,17222,1,67
8311,43811,1,17
8312,23834,1,15
8313,18224,1,20
8314,56641,1,10
8316,93042,4,71
8317,80260,1,19
8318,21632,1,54
8319,49831,1,14
8320,33930,1,3
8321,45120,1,30
8322,16406,1,15
8323,26444,1,28
8324,73937,1,11
8325,19943,1,70
8326,56536,1,16
8327,95018,1,31
8328,17322,1,22
8329,13638,1,25
8330,87315,1,12
8331,53809,1,40
8332,49408,1,25
8333,50539,1,23
8334,63026,4,66
8335,48430,2,19
8336,39556,1,18
8337,38556,11,95
8338,83526,1,12
8339,47532,2,28
8340,56537,1,40
8341,63135,2,31
8342,42533,1,21
8343,60510,1,20
8344,40291,4,43
8345,32034,3,33
8346,95536,1,35
8347,48220,2,25
8348,15905,1,20
8349,21061,1,51
8350,59911,1,11
8351,41056,1,13
8352,17815,1,30
8353,83830,1,15
8354,27557,1,38
8355,71334,1,18
8356,75125,2,20
8357,05456,1,28
8358,84523,1,15
8359,24088,1,25
8360,99166,3,35
8361,58256,2,24
8362,99118,4,29
8363,49456,1,16
8364,54628,1,16
8365,56540,1,25
8366,50434,1,7
8367,58438,1,27
8368,63028,1,38
8369,65326,2,22
8370,36477,2,29
8371,24089,1,30
8372,95519,1,20
8373,84311,1,18
8374,62031,1,15
8375,54524,1,28
8376,42261,2,24
8377,71351,1,30
8378,72533,1,17
8379,93657,1,14
8380,83328,1,0
8381,49660,1,23
8382,68357,1,22
8383,62032,1,15
8384,53090,1,40
8385,64449,1,15
8386,46128,1,18
8387,84631,1,35
8388,36444,2,17
8389,08807,1,30
8390,45840,4,65
8391,62534,1,22
8392,14736,1,12
8393,23139,1,25
8394,13639,1,11
8395,28721,1,26
8396,58031,1,33
8397,38334,1,25
8398,55603,1,20
8399,74543,2,12
8400,38030,1,20
8401,58230,1,26
8402,47170,1,30
8403,15332,1,38
8404,92311,2,52
8405,99505,2,39
8406,27021,1,39
8407,11201,218,10482
8408,17552,1,40
8409,41074,1,16
8410,46118,2,30
8411,13145,1,33
8412,19038,1,100
8413,14787,1,48
8414,71019,2,11
8415,66088,1,25
8416,27455,3,55
8417,27249,1,25
8418,70644,4,25
8419,66043,2,33
8420,72956,1,25
8421,85375,3,53
8422,11782,1,24
8423,70775,11,75
8424,70783,4,25
8425,71468,4,26
8426,64151,1,5
8427,86338,1,11
8428,41174,1,12
8429,21713,2,53
8430,83325,2,12
8431,68419,2,29
8432,89010,1,9
8433,36580,1,30
8434,89410,1,19
8435,72429,1,13
8436,59923,2,18
8437,56723,1,22
8438,81082,2,30
8439,46038,7,131
8440,14564,2,31
8441,13641,1,20
8442,17032,1,35
8443,64024,2,22
8444,63940,1,0
8445,71263,3,25
8446,41743,1,20
8447,01420,3,81
8448,61844,1,10
8449,74842,1,12
8450,31750,1,22
8451,03447,2,24
8452,30520,1,21
8453,93420,3,35
8454,13904,2,45
8455,19804,1,62
8456,37047,1,25
8457,32427,2,20
8458,36010,1,27
8459,75455,1,12
8460,17517,1,34
8461,32136,1,20
8462,32110,9,131
8463,80815,1,21
8464,86001,6,96
8465,40175,2,36
8466,61740,1,30
8467,07836,1,50
8468,11901,1,55
8469,57028,1,30
8470,58535,1,20
8471,28323,1,43
8472,29067,2,14
8473,37179,2,23
8474,62427,1,20
8475,47234,1,12
8476,48134,1,34
8477,74337,2,10
8478,36401,1,10
8479,76526,1,15
8480,78941,1,24
8481,25123,2,25
8482,27546,1,25
8483,26621,1,7
8484,41139,1,34
8485,37096,1,20
8486,71427,3,28
8487,59222,1,14
8488,28626,1,27
8489,19522,1,48
8490,12430,1,35
8491,13021,1,35
8492,13021,1,32
8493,80728,1,24
8494,41041,1,23
8495,08822,1,30
8496,26347,1,26
8497,28732,3,38
8498,73541,1,18
8499,45326,1,24
8500,35603,1,30
8501,48502,6,88
8502,29715,2,29
8503,22627,1,15
8504,74347,1,21
8505,75762,1,21
8506,31826,2,26
8507,21530,1,30
8508,72634,1,17
8509,42167,1,20
8510,75831,1,16
8511,36441,1,20
8512,55736,1,24
8513,39071,1,30
8514,62839,2,34
8515,32140,1,15
8516,11001,1,23
8517,11001,3,140
8518,72534,2,20
8519,36442,1,56
8520,15025,1,20
8521,65329,1,9
8522,29501,6,80
8523,54121,1,38
8524,85232,2,42
8525,66851,1,14
8526,81226,3,36
8527,35630,5,89
8528,41042,3,71
8529,59833,1,28
8530,43518,1,27
8531,08518,1,21
8532,44889,1,30
8533,13316,1,22
8534,57235,1,22
8535,28556,1,21
8536,07932,2,46
8537,10921,1,70
8538,43545,1,30
8539,32324,1,17
8540,12010,2,25
8541,01247,3,30
8542,52560,1,12
8543,80816,3,20
8544,63031,3,60
8545,32569,1,15
8546,60422,1,41
8547,19031,1,48
8548,30216,1,11
8549,75028,5,102
8550,73501,1,16
8551,28025,1,28
8552,39232,3,44
8553,50435,1,25
8554,24380,1,19
8555,24091,1,20
8556,29536,1,18
8557,46128,1,18
8558,72136,4,20
8559,79235,1,26
8560,48433,1,20
8561,43977,1,25
8562,22963,3,75
8563,13337,1,40
8564,77855,1,13
8565,38562,1,9
8566,82935,1,45
8567,18051,1,30
8568,40962,1,18
8569,19032,1,29
8570,56329,1,25
8571,26037,1,30
8572,29412,1,25
8573,95630,5,70
8574,26348,2,20
8575,95630,1,20
8576,88419,2,20
8577,47614,1,12
8578,54935,3,65
8579,50540,1,19
8580,50846,1,24
8581,15468,1,25
8582,95919,2,16
8583,80439,4,35
8584,53537,1,29
8585,56308,1,22
8586,58439,1,10
8587,27055,2,39
8588,16228,1,36
8589,67801,7,90
8590,60411,1,28
8591,49807,1,22
8592,23833,1,22
8593,08863,1,43
8594,42343,1,19
8595,77995,1,19
8596,58231,1,15
8597,71742,1,18
8598,68736,1,16
8599,71836,1,19
8600,77546,2,44
8601,18421,1,20
8602,50436,1,24
8603,28043,1,29
8604,39074,1,17
8605,45843,1,23
8606,97116,2,88
8607,08360,1,55
8608,15108,1,32
8609,76119,1,17
8610,24935,1,20
8611,27105,1,25
8612,15221,1,25
8613,36030,1,8
8614,55025,2,32
8615,18801,1,26
8616,85931,1,40
8617,73121,1,15
8618,60130,1,23
8619,45240,2,60
8620,30297,3,69
8621,58233,1,12
8622,85938,13,150
8623,48463,1,21
8624,60402,1,40
8625,14870,1,36
8626,24551,3,36
8627,35461,2,12
8628,46039,1,24
8629,12777,1,30
8630,35214,3,22
8631,95631,4,17
8632,56330,1,22
8633,13338,1,42
8634,14062,1,56
8635,95436,1,30
8636,20772,1,47
8637,73938,1,14
8638,24151,1,22
8639,28705,1,22
8640,26039,1,5
8641,23055,1,25
8642,08731,2,60
8643,36740,1,20
8644,14227,2,30
8645,18040,1,52
8646,18616,1,22
8647,58032,1,28
8648,61546,3,48
8649,75126,3,51
8650,72335,2,29
8651,88124,1,15
8652,61775,2,40
8653,61741,1,35
8654,61030,1,36
8655,27105,1,28
8656,30028,12,150
8657,65653,2,17
8658,31029,1,27
8659,59327,2,20
8660,49841,2,31
8661,12827,1,31
8662,26719,1,34
8663,52144,1,26
8664,53538,1,42
8665,88036,2,20
8666,59526,3,8
8667,22060,3,66
8668,59442,1,20
8669,96112,1,4
8670,24250,1,10
8671,79916,4,93
8672,28310,5,70
8673,95437,0,44
8674,47648,2,26
8675,68023,1,27
8676,42223,5,84
8677,73038,1,16
8678,12937,1,40
8679,79734,1,18
8680,36032,1,15
8681,21702,2,47
8682,95531,2,25
8683,50501,1,36
8684,13602,3,70
8685,12828,2,43
8686,59715,1,20
8687,23604,2,48
8688,04742,1,25
8689,25514,1,20
8690,74434,2,25
8691,30905,2,48
8692,48059,1,21
8693,83203,1,21
8694,76544,5,100
8695,12069,1,42
8696,12303,1,55
8697,93928,2,44
8698,17003,1,21
8699,92310,3,54
8700,29207,1,48
8701,12070,2,35
8702,96032,1,20
8703,04743,1,30
8704,40121,3,53
8705,82212,1,14
8706,33311,13,378
8707,29714,2,30
8708,66027,2,48
8709,23801,2,35
8710,07024,4,131
8711,65473,2,49
8712,81326,5,30
8713,24153,1,28
8714,45845,1,40
8715,80621,2,49
8716,52627,1,16
8717,54656,2,33
8718,85264,1,16
8719,76841,1,25
8720,20755,1,44
8721,57741,1,12
8722,33841,1,21
8723,29715,1,26
8724,41017,1,67
8725,86426,2,39
8726,07703,2,42
8727,23651,1,19
8728,10922,1,45
8729,31905,7,114
8730,80701,2,32
8731,36542,2,20
8732,43356,1,25
8733,29135,3,20
8734,22211,2,30
8735,33931,4,45
8736,33905,1,27
8737,30742,3,67
8738,64016,3,29
8739,35967,4,46
8740,59223,1,11
8741,23824,1,23
8742,57532,1,50
8743,70129,1,21
8744,13339,1,40
8745,71459,3,64
8746,58033,1,20
8747,66442,5,73
8748,36362,20,240
8749,28580,1,31
8750,62025,0,0
8751,66701,2,20
8752,72901,11,150
8753,79735,2,32
8754,23459,1,11
8755,88119,1,26
8756,73841,1,18
8757,41075,1,19
8758,74735,1,20
8759,31030,2,26
8760,22652,1,15
8761,99703,3,73
8762,32548,2,37
8763,19034,2,65
8764,46802,18,352
8765,87316,1,20
8766,76102,42,904
8767,99740,1,12
8768,39562,2,31
8769,65034,3,25
8770,58844,1,18
8771,95540,3,63
8772,18704,1,34
8773,29479,2,9
8774,72740,2,12
8775,15037,1,10
8776,28604,1,24
8777,73647,1,10
8778,97830,1,12
8779,56542,1,24
8780,02825,1,20
8781,94404,1,40
8782,37374,1,9
8783,39120,1,25
8784,64745,1,12
8785,62002,2,28
8786,37020,2,16
8787,51340,1,17
8788,44830,1,20
8789,71837,1,20
8790,49410,1,20
8791,47341,1,22
8792,54629,1,29
8793,80817,3,95
8794,18015,1,30
8795,85268,2,25
8796,29644,3,25
8797,71901,2,24
8798,42133,1,14
8799,27829,1,19
8800,26726,1,33
8801,39564,2,22
8802,17320,1,20
8803,74426,4,11
8804,46130,1,23
8805,28521,1,24
8806,32927,1,21
8807,57537,1,59
8808,29115,1,11
8809,80302,4,35
8810,80816,2,26
8811,54527,2,23
8812,35016,1,14
8813,35186,1,20
8814,42261,2,24
8815,47944,1,24
8816,35542,1,25
8817,93625,1,11
8818,81039,1,27
8819,44418,1,28
8820,48836,2,31
8821,54956,2,53
8822,53933,1,30
8823,60041,3,44
8824,60174,2,41
8825,60021,2,39
8826,44651,1,19
8827,72051,4,20
8828,02035,1,38
8829,16036,1,10
8830,39483,1,14
8831,74031,2,15
8832,17931,1,35
8833,40977,1,21
8834,25071,1,25
8835,26623,1,20
8836,01702,5,149
8837,47946,1,19
8838,54214,1,27
8839,74844,1,12
8840,47649,1,21
8841,27053,1,29
8842,03580,1,30
8843,28657,1,29
8844,48706,1,17
8845,48734,1,33
8846,07826,2,48
8847,19945,1,44
8848,24938,1,21
8849,13340,1,36
8850,40601,4,85
8851,13340,1,38
8852,46041,3,39
8853,66427,1,30
8854,35653,1,8
8855,49635,2,32
8856,57440,1,23
8857,60423,5,56
8858,13340,1,28
8859,04438,1,11
8860,15909,1,20
8861,26070,2,30
8862,27030,2,33
8863,50420,1,8
8864,40601,6,53
8865,99326,6,35
8866,99335,1,73
8867,99301,1,17
8868,83263,2,31
8869,99301,6,60
8870,37398,1,20
8871,63090,1,64
8872,24151,1,12
8873,10548,1,16
8874,45005,1,67
8875,03235,1,23
8876,28734,1,27
8877,23851,2,56
8878,08022,1,30
8879,17201,1,75
8880,02038,2,56
8881,46131,3,48
8882,42134,1,21
8883,05457,1,20
8884,55333,1,20
8885,13775,1,60
8886,16323,1,18
8887,72536,2,14
8888,04634,1,16
8889,70538,3,18
8890,07416,1,35
8891,37064,10,169
8892,62638,1,20
8893,61031,2,30
8894,07417,2,28
8895,71336,3,9
8896,60131,3,43
8897,15143,2,42
8898,08823,1,23
8899,11010,1,98
8900,47431,1,15
8901,45690,2,15
8902,08808,3,42
8903,46237,4,99
8904,45005,2,38
8905,44875,2,32
8906,43228,2,39
8907,18235,1,30
8908,18612,1,12
8909,18832,1,22
8910,43962,1,20
8911,16412,1,15
8912,36083,1,12
8913,68939,1,25
8914,53073,1,17
8915,36444,1,6
8916,06254,1,25
8917,26807,1,31
8918,48025,1,29
8919,42134,5,35
8920,70438,1,26
8921,08322,1,50
8922,27248,2,32
8923,14737,1,45
8924,75763,1,10
8925,80116,4,96
8926,52162,1,25
8927,36538,1,12
8928,48026,1,48
8929,56543,1,21
8930,15030,1,31
8931,15084,1,10
8932,43822,1,19
8933,77616,1,18
8934,55803,1,16
8935,54837,1,28
8936,49733,1,27
8937,19946,1,62
8938,57441,1,34
8939,21704,30,1116
8940,22601,11,349
8941,73542,1,19
8942,80504,5,75
8943,17026,1,35
8944,22401,2,70
8945,50630,1,24
8946,78624,2,42
8947,43019,2,28
8948,63645,1,19
8949,07860,1,18
8950,42411,1,15
8951,53021,1,21
8952,66736,1,17
8953,86022,1,12
8954,14063,1,100
8955,58440,1,25
8956,49068,2,20
8957,16124,1,23
8958,49411,1,16
8959,56032,1,24
8960,62243,1,28
8961,17827,1,30
8962,03836,2,0
8963,16637,1,25
8964,54130,1,35
8965,04941,1,21
8966,15042,1,30
8967,07728,1,100
8968,12431,1,15
8969,18224,1,48
8970,57029,1,32
8971,74729,1,15
8972,49325,1,20
8973,43973,2,26
8974,77541,1,22
8975,61032,3,42
8976,11520,6,325
8977,56331,1,25
8978,04032,1,56
8979,16229,1,20
8980,78357,1,35
8981,02717,3,38
8982,13068,1,54
8983,07731,1,20
8984,65654,1,15
8985,78950,1,30
8986,82501,16,166
8987,94538,11,141
8988,43420,2,24
8989,68025,1,28
8990,49412,1,23
8991,03044,1,36
8992,46737,1,32
8993,68025,1,38
8994,48896,1,14
8995,27830,1,42
8996,14807,1,30
8997,54940,1,22
8998,28701,1,26
8999,39745,1,12
9000,95231,1,21
9001,55781,1,22
9002,70733,2,21
9003,87747,1,8
9004,62208,2,28
9005,71701,1,11
9006,08825,1,16
9007,59834,8,65
9008,48162,4,25
9009,04745,1,27
9010,93737,1,22
9011,93657,18,143
9012,77545,2,31
9013,93727,1,15
9014,14738,1,62
9015,55432,2,46
9016,15541,1,23
9017,17972,1,25
9018,68359,1,28
9019,29812,1,20
9020,17022,1,40
9021,17042,1,22
9022,17082,1,30
9023,16673,1,36
9024,19540,1,20
9025,17406,1,25
9026,25425,1,30
9027,04547,1,28
9028,14739,1,35
9029,29654,1,30
9030,19512,1,42
9031,17961,1,35
9032,17241,1,30
9033,15840,1,35
9034,17362,1,18
9035,38034,1,20
9036,36441,1,23
9037,73521,2,18
9038,36078,1,26
9039,47021,1,24
9040,35146,1,15
9041,39648,2,25
9042,21531,1,45
9043,37737,1,30
9044,77546,3,120
9045,24330,1,30
9046,53935,1,27
9047,79035,1,23
9048,29920,1,70
9049,36445,1,25
9050,75034,9,236
9051,27936,1,34
9052,79036,1,30
9053,38040,1,15
9054,63748,2,28
9055,59226,1,16
9056,59029,1,15
9057,22630,1,40
9058,63131,1,20
9059,66763,1,26
9060,74054,1,8
9061,14304,2,58
9062,24954,1,15
9063,76641,1,11
9064,21532,2,30
9065,33843,2,28
9066,46160,1,14
9067,36539,1,25
9068,36262,1,10
9069,63755,3,30
9070,83619,1,30
9071,21826,1,50
9072,95554,1,5
9073,38382,1,21
9074,84027,1,10
9075,52749,1,28
9076,49444,2,21
9077,75127,1,20
9078,85650,3,36
9079,04071,2,15
9080,04037,2,28
9081,31314,4,86
9082,59106,1,7
9083,56131,1,22
9084,16428,1,35
9085,12205,1,48
9086,75901,1,14
9087,36049,1,10
9088,58441,1,10
9089,92832,6,84
9090,77441,4,59
9091,46731,1,15
9092,13069,2,39
9093,65251,2,28
9094,42041,1,20
9095,61252,1,26
9096,36446,2,36
9097,78358,2,30
9098,38843,1,24
9099,35068,2,27
9100,68940,1,18
9101,21734,1,31
9102,27526,3,78
9103,35971,1,10
9104,89409,1,10
9105,58442,1,27
9106,35901,8,122
9107,38337,1,14
9108,29340,4,42
9109,73843,1,15
9110,48735,1,15
9111,48436,2,18
9112,49316,1,17
9113,22603,1,52
9114,38562,1,15
9115,20155,1,87
9116,65655,1,20
9117,30501,4,93
9118,76240,3,46
9119,32601,9,174
9120,14066,2,40
9121,20879,2,91
9122,99586,1,20
9123,67565,1,14
9124,62935,1,16
9125,24333,1,18
9126,99741,1,16
9127,66739,3,23
9128,77547,1,16
9129,21635,1,71
9130,61036,1,32
9131,99741,1,9
9132,06335,1,28
9133,61401,3,49
9134,58035,1,15
9135,66740,1,15
9136,49053,1,12
9137,54630,1,25
9138,80622,1,16
9139,49113,1,14
9140,87540,1,19
9141,72834,3,23
9142,35972,2,23
9143,41095,1,46
9144,37066,5,97
9145,72761,1,17
9146,64640,1,21
9147,59730,2,26
9148,59741,2,3
9149,15063,1,28
9150,75764,1,20
9151,37066,2,25
9152,38036,1,17
9153,36742,1,20
9154,45631,2,28
9155,16641,1,30
9156,87301,4,48
9157,65779,1,16
9158,64641,1,27
9159,61434,1,22
9160,51020,1,24
9161,77550,6,116
9162,46932,1,34
9163,70769,2,31
9164,12074,1,40
9165,99742,1,0
9166,21048,1,76
9167,42167,1,20
9168,28645,1,44
9169,86505,3,24
9170,77962,1,26
9171,25243,1,24
9172,38464,1,19
9173,49090,2,14
9174,74936,1,20
9175,12831,1,40
9176,36038,1,16
9177,29605,3,45
9178,17527,1,45
9179,35046,1,25
9180,52048,1,29
9181,95542,1,14
9182,84028,1,18
9183,19086,1,77
9184,48135,1,19
9185,11530,3,80
9186,31408,2,19
9187,67846,3,43
9188,64747,2,36
9189,11040,2,70
9190,35070,1,5
9191,50103,1,12
9192,92842,7,97
9193,60803,1,30
9194,17557,3,85
9195,49835,1,21
9196,95633,3,23
9197,83622,3,18
9198,35071,2,27
9199,12525,2,50
9200,04345,2,21
9201,97441,1,12
9202,01440,1,33
9203,60424,1,15
9204,28513,1,26
9205,84759,1,11
9206,56332,1,27
9207,44125,2,47
9208,67846,5,45
9209,49827,2,23
9210,49633,1,12
9211,48634,1,18
9212,30425,2,15
9213,28441,1,27
9214,75040,12,264
9215,84312,1,20
9216,66741,1,11
9217,38019,1,12
9218,16416,1,20
9219,36456,1,6
9220,68360,1,40
9221,52049,1,26
9222,50438,1,25
9223,27529,4,89
9224,66032,1,30
9225,71667,2,22
9226,40444,3,24
9227,13342,1,24
9228,57030,1,26
9229,75119,1,15
9230,41630,1,32
9231,46738,1,32
9232,15542,1,25
9233,75119,1,17
9234,19026,1,70
9235,44231,1,24
9236,56450,1,21
9237,58540,1,40
9238,52229,1,25
9239,58540,1,40
9240,10524,2,40
9241,41141,1,18
9242,84728,1,5
9243,59731,1,28
9244,75946,1,27
9245,56132,1,15
9246,74736,2,14
9247,50632,1,18
9248,07027,1,46
9249,77442,1,36
9250,46402,12,200
9251,56545,1,30
9252,57237,2,34
9253,75643,2,30
9254,24836,1,24
9255,27831,1,24
9256,70051,2,18
9257,46933,2,24
9258,46933,1,25
9259,23857,1,17
9260,45320,1,20
9261,14067,2,35
9262,95543,1,14
9263,26624,1,20
9264,72635,1,17
9265,29053,1,16
9266,97119,1,33
9267,27832,2,36
9268,47342,1,20
9269,24251,1,40
9270,73844,1,18
9271,38037,1,10
9272,14624,3,86
9273,44040,1,22
9274,97346,1,14
9275,27937,1,24
9276,76528,1,34
9277,27938,1,26
9278,36567,1,16
9279,83851,1,18
9280,59030,1,16
9281,63942,4,49
9282,37738,3,79
9283,25085,1,25
9284,26690,1,17
9285,77857,1,18
9286,39553,3,29
9287,35973,1,16
9288,55334,1,26
9289,67638,1,13
9290,57031,1,31
9291,51245,1,15
9292,96034,1,5
9293,97138,2,31
9294,66441,9,73
9295,73040,1,15
9296,73040,1,15
9297,57342,1,28
9298,38901,3,17
9299,70734,1,15
9300,15904,1,17
9301,79014,1,7
9302,83617,4,45
9303,83670,2,35
9304,67734,1,12
9305,13841,1,29
9306,85252,2,20
9307,92113,1,13
9308,83832,1,25
9309,80401,1,42
9310,83832,1,24
9311,48437,2,37
9312,48506,1,26
9313,14454,1,70
9314,61254,1,55
9315,44041,2,34
9316,60134,2,68
9317,14456,2,110
9318,50633,1,8
9319,68361,1,30
9320,46740,1,24
9321,36340,1,30
9322,31810,1,5
9323,44041,1,21
9324,13071,1,35
9325,54632,1,26
9326,43021,1,21
9327,68640,1,30
9328,32096,1,14
9329,60135,3,50
9330,84655,1,15
9331,72734,4,27
9332,19428,1,38
9333,15690,2,40
9334,28612,1,30
9335,78022,1,20
9336,32140,1,23
9337,49428,3,54
9338,29440,2,42
9339,29440,25,150
9340,40324,3,55
9341,19947,1,100
9342,01833,2,55
9343,78628,6,138
9344,95634,5,32
9345,61846,1,22
9346,59711,2,30
9347,47122,2,33
9348,06829,1,25
9349,46947,1,21
9350,45121,1,28
9351,13072,1,21
9352,36521,2,24
9353,30316,20,237
9354,05478,1,20
9355,35976,2,13
9356,31029,1,20
9357,30453,1,7
9358,49512,1,16
9359,63037,3,30
9360,59446,1,22
9361,69341,1,42
9362,89412,1,8
9363,47280,1,40
9364,45504,1,35
9365,46628,2,36
9366,47720,2,57
9367,61039,2,36
9368,18642,1,45
9369,08213,1,41
9370,53022,1,30
9371,38138,4,92
9372,45327,1,28
9373,61548,1,20
9374,12526,1,36
9375,62245,1,35
9376,20874,1,90
9377,49836,1,15
9378,73543,1,20
9379,78253,3,60
9380,78155,1,20
9381,48653,2,20
9382,11229,1,18
9383,14740,1,30
9384,28735,1,28
9385,74531,1,9
9386,17325,1,60
9387,45328,1,24
9388,57442,1,34
9389,14068,2,93
9390,25843,1,28
9391,56239,1,20
9392,76705,1,20
9393,68840,1,38
9394,08026,1,24
9395,08027,1,38
9396,39092,1,15
9397,54212,2,15
9398,19508,1,30
9399,48173,1,24
9400,60936,1,22
9401,38382,9,146
9402,47640,1,30
9403,28343,1,23
9404,47170,1,25
9405,48613,1,10
9406,14830,2,14
9407,43431,1,50
9408,27249,1,32
9409,78942,1,36
9410,74464,2,20
9411,63848,1,0
9412,61847,1,21
9413,85337,1,24
9414,85337,1,30
9415,85226,4,98
9416,85534,1,14
9417,85296,12,197
9418,55741,1,19
9419,25621,1,36
9420,36908,1,30
9421,19525,1,43
9422,42044,2,22
9423,13776,1,22
9424,50634,1,24
9425,58235,1,17
9426,32619,5,38
9427,38478,7,63
9428,03249,1,31
9429,01354,1,18
9430,15025,1,22
9431,54124,1,26
9432,72055,1,17
9433,51343,1,15
9434,71841,1,23
9435,39657,1,15
9436,64642,1,10
9437,60938,2,19
9438,54433,1,37
9439,03837,2,26
9440,30540,16,128
9441,26351,5,38
9442,75644,1,37
9443,15656,1,38
9444,95020,3,39
9445,03448,1,18
9446,38015,1,17
9447,68841,1,25
9448,14519,1,60
9449,44420,1,13
9450,62640,2,32
9451,17935,1,20
9452,21829,1,45
9453,99587,1,51
9454,85541,2,20
9455,59427,1,25
9456,59936,2,18
9457,80536,1,15
9458,57644,1,35
9459,50635,1,36
9460,28623,1,23
9461,24092,1,36
9462,24340,1,35
9463,39464,2,20
9464,16365,2,30
9465,33471,7,115
9466,75647,1,17
9467,58630,1,18
9468,97027,1,39
9469,49837,1,30
9470,24553,1,25
9471,48624,1,38
9472,19035,1,41
9473,24554,1,25
9474,45848,1,35
9475,12432,1,75
9476,67445,1,12
9477,42141,2,39
9478,65254,1,25
9479,25086,1,15
9480,24555,1,25
9481,08028,1,42
9482,79739,1,20
9483,29356,5,46
9484,06033,4,89
9485,38229,1,30
9486,35559,1,24
9487,28655,1,48
9488,13777,1,24
9489,15742,1,15
9490,62034,2,56
9491,11542,1,90
9492,26038,2,29
9493,20816,1,23
9494,95442,2,34
9495,60137,2,70
9496,08826,1,25
9497,80532,2,20
9498,53810,1,24
9499,49636,2,33
9500,24093,1,20
9501,13601,1,15
9502,07452,1,36
9503,17327,1,25
9504,58631,1,33
9505,38846,2,23
9506,12072,1,21
9507,24438,1,14
9508,53023,1,17
9509,04401,2,30
9510,58740,1,21
9511,72539,1,13
9512,35905,2,50
9513,55336,1,40
9514,60022,1,42
9515,74032,1,25
9516,41046,2,15
9517,91204,9,166
9518,42740,1,24
9519,84729,1,18
9520,29346,2,25
9521,45246,1,26
9522,63122,1,12
9523,85301,9,247
9524,15106,1,30
9525,28629,1,33
9526,71667,2,22
9527,16627,1,40
9528,59330,1,19
9529,82213,1,8
9530,08029,1,30
9531,58443,1,25
9532,12527,1,55
9533,43920,2,25
9534,71433,2,17
9536,75154,1,16
9537,95943,1,24
9538,99588,5,16
9539,83623,2,18
9540,30427,1,40
9541,19036,1,35
9542,74033,1,35
9543,12801,2,38
9544,19038,1,30
9545,60139,1,32
9546,60025,5,80
9547,68941,1,23
9548,56036,1,17
9549,12302,1,20
9550,75645,1,8
9551,54013,1,27
9552,56334,1,30
9553,60425,2,25
9554,81601,3,25
9555,36034,1,15
9556,28752,1,36
9557,71943,1,25
9558,51534,1,21
9559,30428,1,9
9560,51443,1,24
9561,97443,1,25
9562,05452,1,18
9563,85501,1,29
9564,08030,1,23
9565,01930,4,86
9566,08081,1,29
9567,45732,1,26
9568,05839,1,24
9569,12078,1,29
9570,56547,1,24
9571,31525,8,164
9572,43512,1,130
9573,49055,2,28
9574,62035,2,24
9575,71647,1,5
9576,76044,1,20
9577,28342,1,46
9578,03045,3,38
9579,89414,2,10
9580,62938,1,16
9581,97444,1,22
9582,80302,1,20
9583,89013,1,6
9584,95472,3,86
9585,35058,1,25
9586,24523,1,24
9587,72927,1,6
9588,64748,1,12
9589,80401,4,95
9590,62339,1,15
9591,62205,1,5
9592,80403,2,20
9593,86436,1,10
9594,55427,3,56
9595,86413,3,47
9596,58541,1,24
9597,10526,1,45
9598,98620,1,24
9599,85739,8,131
9600,50542,1,17
9601,89013,1,10
9602,63050,2,19
9603,17319,1,15
9604,27530,5,82
9605,04669,3,30
9606,21636,1,52
9607,76844,1,30
9608,22720,1,25
9609,77963,1,25
9610,87732,1,14
9611,73739,1,15
9612,58632,1,25
9613,56644,1,21
9614,78629,1,45
9615,93926,1,19
9616,29720,1,18
9617,23063,6,156
9618,61438,2,24
9619,43149,1,25
9620,17901,1,15
9621,17944,1,35
9622,17959,1,15
9623,56037,1,23
9624,19405,1,25
9625,08068,1,50
9626,07823,1,28
9627,21539,1,50
9628,19720,1,55
9629,48761,1,14
9630,50439,1,11
9631,76908,1,36
9632,65608,1,27
9633,55027,1,23
9634,83330,1,25
9635,67735,2,16
9636,48444,1,40
9637,55742,1,22
9638,47948,1,18
9639,37072,1,28
9640,64843,2,19
9641,54125,1,27
9642,58430,1,20
9643,77335,1,15
9644,56725,1,24
9645,24202,2,30
9646,35610,1,17
9647,55987,1,29
9648,35072,1,20
9649,36445,1,14
9650,73939,1,18
9651,17965,1,20
9652,18053,1,18
9653,19605,2,35
9654,17407,1,20
9655,21617,1,70
9656,18623,1,36
9657,19036,1,20
9658,18651,1,17
9659,19007,1,40
9660,15801,5,275
9661,71263,2,10
9662,57238,1,19
9663,04002,1,50
9664,24541,1,50
9665,85338,5,103
9666,16922,1,60
9667,28552,1,22
9668,63036,2,20
9669,29445,2,55
9670,52750,1,15
9671,74403,1,18
9672,35466,1,30
9673,30701,10,81
9674,31031,1,5
9675,11763,1,22
9676,69343,2,60
9677,41819,1,18
9678,76453,2,30
9679,54838,1,20
9680,07726,2,67
9681,38563,1,17
9682,22942,1,34
9683,63701,3,30
9684,76245,1,11
9685,30747,2,23
9686,74435,1,14
9687,59404,1,18
9688,38929,4,26
9689,22637,1,22
9690,76363,1,8
9691,62939,1,0
9692,43521,1,29
9693,14461,1,35
9694,03581,2,42
9695,04038,6,92
9696,62940,2,15
9697,67640,1,20
9698,63543,1,14
9699,76454,1,22
9700,21550,1,22
9701,82240,10,78
9702,06756,1,35
9703,19380,2,52
9704,84633,1,20
9705,10924,3,195
9706,46526,3,51
9707,01032,1,18
9708,45122,2,62
9709,16830,1,10
9710,37642,2,32
9711,08210,1,30
9712,36035,1,25
9713,72315,1,25
9714,47433,2,22
9715,73041,1,14
9716,69138,1,44
9717,42159,1,30
9718,29340,1,24
9719,71333,1,16
9720,18424,1,13
9721,49896,1,20
9722,13642,1,60
9723,14070,2,63
9724,64454,1,20
9725,50543,1,20
9726,49423,1,20
9727,42743,1,15
9728,46741,2,58
9729,28630,1,36
9730,73042,1,11
9731,32440,1,20
9732,56240,1,25
9733,42232,1,16
9734,73018,12,284
9735,39827,11,132
9736,71644,1,23
9737,96103,1,25
9738,51342,1,22
9739,76449,1,17
9740,58237,2,36
9741,12082,1,25
9742,50440,1,21
9743,53024,1,70
9744,26354,1,24
9745,01519,3,57
9746,58237,2,36
9747,68365,1,30
9748,44044,1,18
9749,44044,2,27
9750,03240,1,20
9751,05146,1,18
9752,67642,6,45
9753,28771,4,96
9754,27253,1,43
9755,76450,1,21
9756,42344,1,25
9757,12740,1,45
9758,41142,1,18
9759,67737,1,16
9760,16838,1,40
9761,56039,1,16
9762,81041,1,11
9763,76048,2,60
9764,13069,1,45
9765,64844,1,20
9766,01033,1,40
9767,36541,2,29
9768,48439,1,31
9769,48507,2,43
9770,70353,3,27
9771,86023,1,10
9772,86023,3,44
9773,54913,2,48
9774,70541,1,13
9775,80446,2,32
9776,58205,2,56
9777,58203,1,10
9778,58201,5,79
9779,12434,1,40
9780,49417,1,33
9781,49417,1,40
9782,14072,3,110
9783,68801,4,75
9784,68801,2,35
9785,04746,2,25
9786,70358,1,65
9787,05458,1,26
9788,50107,2,30
9789,38039,2,25
9790,80447,3,40
9791,55791,2,27
9792,42045,3,48
9793,48837,1,35
9794,55604,1,30
9795,55936,1,25
9796,52751,1,34
9797,75052,10,230
9798,49503,11,194
9799,55744,2,30
9800,49525,3,21
9801,43522,1,33
9802,54494,1,55
9803,61325,1,33
9804,32442,1,17
9805,44045,1,15
9806,53946,1,35
9807,50108,1,12
9808,75140,3,28
9809,83012,2,20
9810,49682,1,7
9811,49686,6,45
9812,49685,5,80
9813,81635,3,45
9814,38067,1,16
9815,83624,1,16
9816,54839,3,15
9817,79742,1,16
9818,73546,1,20
9819,58038,1,24
9820,52752,1,12
9821,64030,3,30
9822,43212,1,21
9823,66441,1,7
9824,45767,1,15
9825,47615,1,15
9826,76050,1,23
9827,15644,1,15
9828,26055,1,10
9829,49418,1,33
9830,72466,1,19
9831,50109,1,16
9832,98932,1,18
9833,44256,1,35
9834,76530,1,24
9835,82934,1,12
9836,77306,2,30
9837,83530,1,22
9838,62040,3,53
9839,28630,1,21
9840,56241,1,35
9841,28072,1,36
9842,73547,1,18
9843,95959,1,8
9844,67880,1,23
9845,98857,3,26
9846,98848,7,105
9847,99357,5,24
9848,98837,12,113
9849,98851,2,18
9850,99349,3,34
9851,98823,2,20
9852,35747,1,24
9853,50847,1,15
9854,71432,2,15
9855,71417,4,30
9856,71423,4,22
9857,71467,5,40
9858,71404,1,12
9859,60940,1,36
9860,48032,1,26
9861,49452,1,15
9862,67410,1,10
9863,63551,1,10
9864,49660,1,15
9865,48748,1,19
9866,59725,1,30
9867,74738,1,15
9868,69140,1,28
9869,62249,1,35
9870,27530,1,38
9871,03753,1,21
9872,54436,1,25
9873,87020,2,16
9874,97527,2,30
9875,54840,1,22
9876,26147,1,20
9877,21536,1,30
9878,17028,1,37
9879,38564,1,6
9880,51022,1,24
9881,12832,1,20
9882,61326,1,25
9883,58741,1,30
9884,27565,1,25
9885,43023,1,51
9886,05747,1,15
9887,26534,1,36
9888,28906,1,30
9889,76902,1,20
9890,75844,1,35
9891,15634,1,19
9892,42431,1,27
9893,76051,6,106
9894,86444,1,17
9895,41727,1,30
9896,21638,1,70
9897,49240,1,25
9898,59032,1,11
9899,59032,1,20
9900,95945,3,23
9901,89445,1,18
9902,16839,1,20
9903,59746,1,28
9904,10595,2,18
9905,58634,1,50
9906,47220,1,40
9907,37753,1,23
9908,72631,2,29
9909,29341,1,40
9910,48847,1,21
9911,53541,1,34
9912,45330,1,22
9913,95472,1,30
9914,48809,1,20
9915,18407,1,20
9916,17030,1,25
9917,35581,1,14
9918,72076,1,27
9919,40328,1,15
9920,38663,1,14
9921,72039,1,15
9922,50848,1,15
9923,65037,7,57
9924,67835,5,60
9925,29645,1,20
9926,40434,1,25
9927,37615,1,24
9928,75657,1,10
9929,28348,1,36
9930,74637,1,12
9931,49738,1,20
9932,28306,1,40
9933,98520,3,18
9934,98537,2,19
9935,98520,3,46
9936,98571,3,35
9937,98535,3,35
9938,98541,5,53
9939,98568,2,26
9940,60030,3,65
9941,72927,1,8
9942,41143,1,40
9943,74437,1,15
9944,71435,1,14
9945,45734,1,10
9946,35073,2,24
9947,15337,1,10
9948,37338,1,20
9949,55771,1,8
9950,74931,1,13
9951,01230,2,35
9952,13643,1,25
9953,58075,1,26
9954,67530,2,30
9955,18821,1,27
9956,25422,1,30
9957,29055,1,23
9958,59404,4,68
9959,06483,1,65
9960,48229,2,15
9961,11739,1,31
9962,44644,2,30
9963,14741,1,24
9964,28732,1,22
9965,13790,1,8
9966,97814,1,12
9967,80601,5,82
9968,58529,2,16
9969,81631,1,43
9970,38855,2,33
9971,34119,17,199
9972,61607,1,9
9973,99508,2,170
9974,60073,3,69
9975,83449,2,28
9976,67879,1,24
9977,80631,7,120
9978,66033,1,10
9979,52050,1,21
9980,68842,1,33
9981,18425,1,25
9982,44864,1,22
9983,08215,1,14
9984,54301,8,195
9985,08812,2,16
9986,43322,1,22
9987,63544,1,15
9988,63545,1,15
9989,63545,1,9
9990,74063,1,20
9991,42743,1,36
9992,28722,2,36
9993,08219,1,38
9994,72638,1,23
9995,28139,1,36
9996,55338,1,22
9997,08807,2,35
9998,54941,1,24
9999,18054,1,30
10000,80819,2,21
10001,48116,3,45
10002,35074,3,30
10003,07435,1,20
10004,65332,1,25
10005,19014,1,41
10006,84525,1,20
10007,82935,2,39
10008,44836,2,27
10009,25985,1,12
10010,45247,4,100
10011,07839,1,31
10012,45684,1,16
10013,64686,1,12
10014,44422,1,24
10015,46140,1,25
10016,49753,1,15
10017,46928,1,21
10018,45629,2,24
10019,46151,1,35
10020,15220,1,40
10021,24740,1,24
10022,28657,1,35
10023,57750,1,35
10024,25722,1,21
10025,54127,1,30
10026,07935,1,40
10027,36048,2,24
10028,08096,1,25
10029,33467,2,40
10030,97420,1,18
10031,18104,1,33
10032,37742,3,35
10033,23356,1,26
10034,20770,1,55
10035,72058,4,30
10036,37073,1,27
10037,29180,2,9
10038,04418,2,15
10039,53023,1,31
10040,48738,1,13
10041,56726,1,37
10042,46135,1,24
10043,53129,1,20
10044,47025,1,26
10045,18445,1,25
10046,13778,1,30
10047,04236,1,25
10048,61486,2,50
10049,44450,1,18
10050,50636,1,22
10051,28458,1,22
10052,37743,4,43
10053,01301,1,51
10054,93927,1,24
10055,38230,1,19
10056,50849,1,24
10057,53228,2,52
10058,12833,4,180
10059,46140,2,57
10060,43112,1,38
10061,18407,1,20
10062,45658,1,17
10063,16428,1,14
10064,03047,1,30
10065,19605,1,15
10066,32428,1,18
10067,35634,2,44
10068,45218,1,35
10069,95971,1,6
10070,03840,1,26
10071,49948,1,24
10072,11740,2,120
10073,73717,1,22
10074,38618,1,8
10075,54126,1,44
10076,15047,1,25
10077,31716,1,15
10078,59823,2,38
10079,29644,1,25
10080,11944,2,137
10081,12534,3,55
10082,15338,1,21
10083,27405,21,441
10084,47344,1,15
10085,05841,1,22
10086,21639,1,50
10087,36744,1,12
10088,32330,1,19
10089,47240,2,30
10090,15601,6,350
10091,97520,1,20
10092,63546,1,10
10093,44685,1,39
10094,46936,1,33
10095,41144,1,20
10096,62428,1,30
10097,62642,1,19
10098,29607,7,157
10099,48838,1,37
10100,54942,1,51
10101,42345,1,27
10102,03048,1,27
10103,45331,1,23
10104,16125,1,12
10105,38701,8,96
10106,10583,1,45
10107,62246,1,78
10108,75401,4,51
10109,27834,7,168
10110,45331,1,32
10111,12771,1,45
10112,47119,1,22
10113,12083,2,25
10114,32331,1,15
10115,73448,1,18
10116,29651,1,23
10117,12834,1,46
10118,08323,1,27
10119,06836,1,47
10120,54437,1,30
10121,66860,13,200
10122,29646,3,49
10123,38930,4,54
10124,46143,4,88
10125,04255,2,13
10126,07421,1,23
10127,18507,1,25
10128,10925,1,35
10129,72936,3,27
10130,76088,1,18
10131,49756,2,15
10132,55790,1,15
10133,68366,1,28
10134,16316,1,23
10135,19950,1,60
10136,14839,1,40
10137,26415,1,14
10138,79706,1,21
10139,16602,1,50
10140,36029,1,12
10141,76234,2,22
10142,85927,2,17
10143,72067,4,52
10144,46157,2,56
10145,57533,1,32
10146,78359,1,13
10147,24521,1,45
10148,38901,4,55
10149,96038,1,14
10150,67346,1,16
10151,58845,1,22
10152,88424,1,12
10153,54128,1,22
10154,97030,6,91
10155,68367,1,29
10156,31023,1,14
10157,68028,2,57
10158,24557,1,60
10159,32332,1,10
10160,56336,1,20
10161,82426,1,25
10162,95948,1,20
10163,61744,1,30
10164,30223,3,64
10165,27892,1,42
10166,46319,3,50
10167,28112,1,25
10168,37367,1,12
10169,27127,1,41
10170,28530,1,40
10171,08540,1,30
10172,62340,1,25
10173,50111,1,27
10174,15442,1,34
10175,67738,1,16
10176,50112,2,39
10177,28469,1,27
10178,46971,1,55
10179,06351,2,57
10180,51535,1,28
10181,32425,1,12
10182,76642,2,30
10183,86303,2,10
10184,54157,3,46
10185,48138,1,24
10186,48230,1,23
10187,48236,1,35
10188,48230,1,32
10189,48236,1,17
10190,48236,1,28
10191,57445,2,36
10192,13073,1,70
10193,01450,3,45
10194,06340,1,25
10195,44824,2,18
10196,05046,1,24
10197,24441,1,32
10198,16127,1,23
10199,56243,1,20
10200,16127,1,26
10201,74344,2,36
10202,36451,1,32
10203,95321,1,5
10204,14556,1,30
10205,34736,2,25
10206,48442,2,60
10207,14462,2,40
10208,93433,1,33
10209,45849,1,18
10210,28073,1,34
10211,72642,1,15
10212,77619,1,39
10213,65662,2,28
10214,03582,1,16
10215,75845,1,18
10216,30813,2,31
10217,72431,1,13
10218,37339,1,26
10219,50638,1,31
10220,64683,2,25
10221,24614,1,30
10222,51334,2,15
10223,79040,1,20
10224,56727,1,20
10225,78155,1,4
10226,79847,1,10
10227,87722,1,13
10228,96931,1,28
10229,96932,12,276
10230,21788,1,91
10231,00970,1,12
10232,37354,1,22
10233,98221,1,16
10234,82214,1,16
10235,70542,1,35
10236,68942,1,25
10237,27263,5,68
10238,12085,1,35
10239,12084,1,42
10240,27409,3,52
10241,06437,5,91
10242,13780,1,30
10243,04443,1,32
10244,05301,1,30
10245,35563,2,23
10246,72540,1,12
10247,32561,1,20
10248,39553,1,15
10249,32456,1,22
10250,39564,3,36
10251,36547,5,55
10252,39501,11,165
10253,33707,1,15
10254,41501,1,15
10255,71923,1,15
10256,72143,1,14
10257,19966,1,57
10258,27107,1,36
10259,75147,2,29
10260,49080,1,22
10261,55604,3,12
10262,84733,1,6
10263,81230,1,9
10264,81230,1,37
10265,84634,1,20
10266,75058,0,18
10267,35976,3,36
10268,38849,1,20
10269,00778,1,8
10270,71743,1,16
10271,60031,2,59
10272,99826,1,15
10273,44417,1,11
10274,76455,1,17
10275,95322,1,14
10276,50115,1,26
10277,73044,1,30
10278,47421,2,13
10279,79236,1,12
10280,52052,1,25
10281,25557,1,15
10282,73942,2,41
10283,38339,1,11
10284,29829,3,40
10285,58040,1,42
10286,30046,32,910
10287,67448,1,12
10288,81637,3,40
10289,12450,1,20
10290,56452,1,22
10291,07601,4,106
10292,26222,1,23
10293,40962,1,15
10294,72937,1,15
10295,07840,2,80
10296,35564,1,17
10297,35010,2,20
10298,21919,1,25
10299,68701,1,24
10300,06441,3,50
10301,08033,1,63
10302,08035,2,43
10303,01035,2,32
10304,48440,1,22
10305,42101,1,24
10306,12086,1,42
10307,11772,1,100
10308,83332,1,23
10309,21740,6,102
10310,21742,1,14
10311,47346,1,25
10312,58542,1,25
10313,12836,2,46
10314,31632,1,13
10315,70057,2,12
10316,69030,1,23
10317,83333,1,29
10318,74546,1,8
10319,33844,2,29
10320,97833,1,10
10321,08036,1,35
10322,75783,2,21
10323,39422,1,30
10324,51444,1,20
10325,12438,1,12
10326,79041,1,16
10327,80735,1,29
10328,64643,1,16
10329,54773,1,22
10330,36319,3,17
10331,07508,2,57
10332,53130,1,43
10333,35565,2,35
10334,94019,2,51
10335,28540,1,30
10336,12188,2,53
10337,65663,3,12
10338,79072,1,15
10339,05358,1,20
10340,17032,1,40
10341,02338,1,33
10342,24558,1,22
10343,30501,16,353
10344,14463,1,21
10345,83805,3,20
10346,71034,1,14
10347,68368,1,30
10348,77964,1,46
10349,71638,1,13
10350,58636,1,19
10351,56728,1,28
10352,04347,1,16
10353,38040,1,22
10354,18822,1,25
10355,75650,2,26
10356,65664,2,10
10357,97348,4,32
10358,56548,1,24
10359,67056,1,37
10360,76117,3,50
10361,55304,2,34
10362,44024,1,35
10363,46164,1,21
10364,51640,1,28
10365,71646,1,20
10366,55339,1,24
10367,07419,1,45
10368,48169,2,39
10369,54448,1,27
10370,14075,1,88
10371,79601,1,23
10372,06518,7,122
10373,45634,1,25
10374,62046,1,26
10375,55340,1,25
10376,45130,1,24
10377,96137,1,7
10378,95951,1,37
10379,32052,3,30
10380,67878,4,20
10381,59840,3,29
10382,49419,1,17
10383,01982,1,32
10384,35570,2,34
10385,13346,1,47
10386,62341,1,24
10387,45011,6,113
10388,08610,1,29
10389,64644,1,17
10390,43207,2,39
10391,08691,1,19
10392,08619,1,27
10393,08610,1,21
10394,45039,2,45
10395,45656,1,15
10396,47303,2,40
10397,47274,1,28
10398,45638,2,12
10399,76531,1,25
10400,31811,1,12
10401,46742,1,35
10402,43524,1,32
10403,28345,1,34
10404,97138,2,15
10405,46532,1,25
10406,14464,3,55
10407,48827,1,25
10408,16733,1,15
10409,79520,1,20
10410,25523,1,33
10411,73650,1,17
10412,13646,1,36
10413,70404,5,63
10414,46320,7,180
10415,61929,1,12
10416,96094,1,16
10417,70404,1,17
10418,14840,2,53
10419,35989,1,10
10420,08037,2,80
10421,04444,1,12
10422,17050,2,31
10423,01036,1,38
10424,23901,1,28
10425,60140,1,31
10426,38461,1,8
10427,03841,2,36
10428,28443,1,46
10429,21074,1,196
10430,29924,10,131
10431,23669,11,385
10432,03844,1,33
10433,68843,1,22
10434,06247,1,25
10435,08827,1,35
10436,50441,1,26
10437,03842,2,44
10438,61256,1,24
10439,08088,1,30
10440,07860,3,52
10441,48732,1,32
10442,15101,1,20
10443,37658,2,35
10444,48212,1,25
10445,18109,1,50
10446,29410,3,32
10447,35077,2,32
10448,03449,1,28
10449,51536,1,18
10450,13783,1,108
10451,56244,1,25
10452,04640,2,16
10453,54943,1,30
10454,01237,2,28
10455,49930,1,22
10456,72531,1,22
10457,17505,1,50
10458,25102,1,14
10459,17745,1,18
10460,93230,3,53
10461,81601,1,33
10462,77560,1,12
10463,12741,2,30
10464,58041,1,35
10465,84734,1,6
10466,50444,1,18
10467,74845,2,16
10468,58448,1,20
10469,58239,1,9
10470,29583,5,41
10471,15635,1,10
10472,13647,1,40
10473,13074,1,35
10474,63401,3,39
10475,63401,3,20
10476,17331,4,51
10477,23069,1,15
10478,02339,2,44
10479,03755,2,30
10480,55341,1,30
10481,66945,1,19
10482,80928,2,18
10483,23069,12,438
10484,14136,1,25
10485,60133,2,50
10486,49241,2,20
10487,45013,1,80
10488,18706,3,65
10489,07927,1,42
10490,44423,1,15
10491,18017,2,30
10492,47243,1,32
10493,61041,2,23
10494,24839,1,15
10495,35136,1,7
10496,15050,2,25
10497,15021,1,23
10498,43055,4,36
10499,01731,1,45
10500,50441,1,17
10501,83334,1,38
10502,56041,1,25
10503,02341,2,28
10504,42413,1,22
10505,96039,3,60
10506,78838,1,8
10507,96007,2,33
10508,79042,1,25
10509,74820,1,11
10510,48441,1,27
10511,97415,1,18
10512,49740,2,26
10513,50217,1,20
10514,33873,3,45
10515,29927,4,33
10516,73944,1,11
10517,38372,24,295
10518,62047,1,40
10519,64035,1,22
10520,59034,1,23
10521,77561,1,20
10522,71602,1,28
10523,87743,4,25
10524,40143,1,21
10525,05843,1,20
10526,56134,1,16
10527,01037,1,30
10528,50545,1,6
10529,72542,2,33
10530,24101,1,17
10531,68943,1,18
10532,38506,1,17
10533,07460,2,34
10534,42746,3,23
10535,21050,1,31
10536,13784,1,15
10537,18823,1,13
10538,28574,1,23
10539,76548,2,44
10540,28531,1,32
10541,40831,2,16
10542,51537,1,34
10543,45162,2,48
10544,50655,1,23
10545,30814,2,26
10546,43021,1,39
10547,61073,3,50
10548,75651,2,27
10549,78550,7,109
10550,28532,3,43
10551,59036,1,28
10552,24628,1,19
10553,26270,1,20
10554,73832,1,19
10555,61042,1,25
10556,72601,3,25
10557,19462,2,46
10558,75755,1,25
10559,08062,1,15
10560,74525,1,28
10561,02829,1,29
10562,16063,2,40
10563,45369,1,13
10564,15003,1,25
10565,08865,1,40
10566,84757,2,14
10567,16037,2,50
10568,28634,2,47
10569,55939,1,27
10570,78223,1,30
10571,38852,1,12
10572,40144,1,20
10573,21787,1,25
10574,67058,1,21
10575,78631,1,20
10576,52146,1,25
10577,44041,2,33
10578,35078,1,16
10579,37036,2,20
10580,83552,1,16
10581,04079,1,7
10582,85354,3,30
10583,73045,2,26
10584,28444,2,40
10585,27942,2,25
10586,10926,1,25
10587,37748,2,23
10588,97601,1,16
10589,19952,1,73
10590,07640,1,48
10591,04643,1,12
10592,72126,3,15
10593,14145,1,34
10594,77379,8,252
10595,77015,2,38
10596,77037,4,85
10597,77396,1,17
10598,14221,1,68
10599,46530,2,33
10600,53949,1,30
10601,43416,1,33
10602,17101,3,121
10603,57032,1,35
10604,62946,1,22
10605,30549,1,27
10606,97446,1,28
10607,17057,1,14
10608,72432,2,25
10609,15636,1,44
10610,48625,1,21
10611,41031,8,602
10612,39574,10,153
10613,75671,3,23
10614,37110,1,13
10615,72602,3,51
10616,04040,1,29
10617,45030,2,38
10618,07029,2,56
10619,54952,1,30
10620,54952,2,51
10621,15065,1,22
10622,66079,1,20
10623,45658,1,14
10624,45601,1,32
10625,45415,2,75
10626,47112,2,38
10627,43103,1,13
10628,48045,2,29
10629,45647,1,16
10630,16927,1,25
10631,47201,1,36
10632,47557,1,20
10633,46902,1,84
10634,43771,2,24
10635,47558,1,15
10636,69346,1,33
10637,31035,1,15
10638,30662,1,17
10639,59735,1,15
10640,22802,4,89
10641,71340,1,15
10642,64701,1,27
10643,08039,2,19
10644,62522,1,20
10645,48740,1,14
10646,03450,1,18
10647,02830,1,43
10648,43974,1,22
10649,16038,1,23
10650,13648,1,38
10651,26362,1,18
10652,39082,1,25
10653,45850,1,40
10654,40059,2,39
10655,40330,1,40
10656,48028,2,16
10657,30643,10,143
10658,49420,1,25
10659,14757,1,40
10660,23071,1,34
10661,47348,1,27
10662,57033,1,34
10663,50118,1,15
10664,53027,1,44
10665,62048,1,19
10666,06103,12,354
10667,05001,2,31
10668,42347,1,17
10669,49057,1,16
10670,43013,1,26
10671,12838,1,40
10672,68739,1,30
10673,48353,3,55
10674,56042,1,21
10675,53029,1,54
10676,14067,1,35
10677,05048,2,38
10678,51346,1,25
10679,99135,1,26
10680,19953,1,61
10681,25524,1,25
10682,62643,1,12
10683,10530,2,37
10684,80449,6,18
10685,35640,2,35
10686,44085,1,16
10687,47244,1,20
10688,37074,1,19
10689,18974,1,39
10690,65667,1,30
10691,44632,2,41
10692,65667,1,30
10693,82215,1,19
10694,30643,1,30
10695,13348,2,50
10696,52232,1,17
10697,01451,3,28
10698,60033,1,55
10699,68944,2,30
10700,35749,3,35
10701,42025,1,22
10702,67151,1,16
10703,60426,4,44
10704,50119,1,10
10705,58341,1,40
10706,70058,4,53
10707,58341,1,40
10708,72841,1,10
10709,18618,1,18
10710,02645,2,36
10711,06791,1,40
10712,06791,1,36
10713,58042,1,19
10714,18202,1,25
10715,07604,1,47
10716,72015,1,18
10717,74436,1,14
10718,67877,2,24
10719,79521,1,25
10720,76052,1,40
10721,68901,2,34
10722,49058,1,22
10723,13076,1,20
10724,55033,1,47
10725,68901,2,28
10726,16646,1,50
10727,51540,1,18
10728,10706,5,105
10729,27360,1,48
10730,81044,2,20
10731,81045,1,18
10732,96040,1,8
10733,32008,2,18
10734,84735,1,10
10735,36858,2,12
10736,71945,1,18
10737,54754,1,16
10738,01038,2,36
10739,19440,2,40
10740,41514,1,19
10741,72837,1,11
10742,38821,2,30
10743,27943,1,32
10744,39401,9,133
10745,58240,1,36
10746,99344,1,8
10747,35672,1,24
10748,73446,1,9
10749,71037,2,60
10750,11788,3,125
10751,83854,1,19
10752,97459,1,17
10753,72842,2,18
10754,58043,1,15
10755,62644,1,20
10756,32333,1,19
10757,28532,2,45
10758,50546,1,20
10759,67543,1,16
10760,53083,1,25
10761,03765,1,27
10762,01830,6,103
10763,10927,5,175
10764,67059,1,48
10765,59501,1,17
10766,27258,1,32
10767,96720,21,510
10768,51023,1,30
10769,42348,1,21
10770,59059,1,15
10771,63349,1,25
10772,82217,1,15
10773,52147,1,19
10774,95563,2,14
10775,75765,1,26
10776,54530,1,24
10777,31036,1,26
10778,56549,1,22
10779,18428,1,10
10780,01339,2,12
10781,73761,1,16
10782,79525,1,17
10783,06470,1,28
10784,07641,1,33
10785,74740,3,20
10786,16230,1,35
10787,10532,1,70
10788,54842,1,17
10789,07506,5,121
10790,27594,1,22
10791,80731,1,26
10792,69347,1,25
10793,35580,1,24
10794,18951,1,25
10795,85235,1,16
10796,15478,1,20
10797,69032,1,30
10798,40351,1,38
10799,44838,1,19
10800,16335,1,32
10801,55940,1,25
10802,96041,1,19
10803,71038,1,26
10804,04497,1,14
10805,67601,2,25
10806,24256,1,24
10807,47546,1,23
10808,63851,1,25
10809,57241,1,27
10810,57751,2,24
10811,56043,1,21
10812,54843,1,20
10813,94541,9,134
10814,74501,2,17
10815,42141,1,18
10816,41701,2,41
10817,06082,1,16
10818,60429,1,20
10819,42049,1,17
10820,41332,1,31
10821,53811,1,42
10822,35750,4,25
10823,48030,1,21
10824,57242,1,26
10825,65556,3,20
10826,54531,1,24
10827,58544,1,130
10828,48460,1,23
10829,63042,2,46
10830,46118,1,19
10831,58545,1,34
10832,72064,1,21
10833,18202,2,58
10834,31539,10,86
10835,18201,3,56
10836,50641,1,18
10837,36345,1,33
10838,73549,1,11
10839,72386,1,12
10840,95448,1,33
10841,73438,2,20
10842,27239,1,29
10843,30217,10,50
10844,93452,1,8
10845,69351,1,30
10846,92020,8,135
10847,27886,1,27
10848,75032,1,19
10849,43056,2,25
10850,01346,1,14
10851,59457,1,16
10852,29058,1,14
10853,36420,1,10
10854,74937,2,20
10855,42420,1,16
10856,72543,5,32
10857,85933,1,24
10858,59758,3,29
10859,03241,1,19
10860,68370,1,34
10861,41048,2,55
10862,58638,1,32
10863,17042,1,15
10864,35747,1,22
10865,12865,2,20
10866,06248,3,62
10867,46341,1,28
10868,04238,2,10
10869,39480,1,23
10870,60034,2,46
10871,62248,1,31
10872,18020,1,25
10873,57446,1,20
10874,72843,2,17
10875,55342,1,27
10876,25427,2,40
10877,79237,1,16
10878,52563,1,15
10879,36264,1,30
10880,71039,2,25
10881,17938,1,30
10882,36756,1,21
10883,39439,3,20
10884,15106,1,10
10885,17325,1,30
10886,17976,1,29
10887,08324,1,18
10888,30545,1,14
10889,43435,1,15
10890,59601,2,42
10891,31037,1,50
10892,35080,3,39
10893,72342,1,15
10894,64459,1,12
10895,13649,1,38
10896,72342,3,26
10897,53137,1,22
10898,35541,2,17
10899,85541,3,41
10900,46747,1,16
10901,85629,1,15
10902,08828,0,32
10903,14091,8,400
10904,84526,1,16
10905,63028,1,24
10906,28079,1,50
10907,29554,1,18
10908,14466,1,15
10909,17538,1,45
10910,16125,2,31
10911,15619,1,45
10912,15601,1,22
10913,75948,2,22
10914,11550,5,227
10915,35978,1,24
10916,51541,1,20
10917,38351,11,181
10918,42420,4,60
10919,75652,2,60
10920,56044,1,24
10921,89015,12,288
10922,61488,1,22
10923,68371,1,25
10924,37075,6,120
10925,28792,2,47
10926,56136,1,27
10927,49762,1,6
10928,42003,2,30
10929,56550,1,17
10930,25547,1,30
10931,39426,1,31
10932,78620,2,24
10933,73444,1,21
10934,61327,1,20
10935,73742,1,15
10936,03242,1,46
10937,38041,1,20
10938,56551,1,26
10939,23294,21,569
10940,14586,7,122
10941,49272,1,27
10942,76365,1,22
10943,37043,2,25
10944,24112,3,155
10945,30253,16,369
10946,70533,1,10
10947,61537,3,25
10948,38231,2,18
10949,74437,1,13
10950,38483,1,18
10951,72065,2,10
10952,35586,1,15
10953,12439,2,44
10954,17728,1,40
10955,30815,1,21
10956,66746,1,15
10957,95638,2,27
10958,70094,1,8
10959,08724,2,45
10960,54844,1,13
10961,63048,1,13
10962,79045,1,26
10963,18056,1,25
10964,57785,1,14
10965,67449,3,30
10966,13350,1,19
10967,96113,1,4
10968,56248,1,24
10969,16039,1,30
10970,68029,1,23
10971,65041,3,43
10972,55811,3,24
10973,65668,2,25
10974,71647,1,14
10975,37150,1,15
10976,16148,4,51
10977,71647,1,13
10978,04401,1,32
10979,13652,1,20
10980,90254,1,41
10981,57744,1,22
10982,34604,9,125
10983,38632,3,50
10984,17830,1,22
10985,42236,1,25
10986,56137,1,18
10987,59844,2,12
10988,62431,1,13
10989,62948,1,18
10990,28328,1,34
10991,17033,1,71
10992,69143,1,25
10993,27944,1,30
10994,71350,2,40
10995,67062,1,17
10996,47110,3,20
10997,62649,1,15
10998,58639,1,25
10999,39602,3,26
11000,13654,1,48
11001,54441,1,29
11002,76643,1,16
11003,56453,1,15
11004,11557,1,95
11005,08083,1,15
11006,33010,8,284
11007,02817,2,45
11008,52233,1,61
11009,66434,1,17
11010,49854,1,20
11011,55746,3,40
11012,96853,1,65
11013,37388,2,16
11014,42031,3,22
11015,37033,1,32
11016,42050,1,21
11017,68372,1,19
11018,17017,1,15
11019,49060,1,19
11020,72745,2,18
11021,28601,7,139
11022,73086,1,12
11023,72121,1,21
11024,38633,1,25
11025,29717,1,25
11026,74344,1,20
11027,73054,1,15
11028,62624,1,16
11029,62535,1,29
11030,29645,3,28
11031,16105,2,20
11032,37618,1,35
11033,38583,1,18
11034,39332,1,18
11035,38028,2,16
11036,71822,1,6
11037,27565,1,33
11038,11801,4,240
11039,43526,1,28
11040,88045,1,12
11041,65257,2,20
11042,95602,3,31
11043,48653,1,23
11044,79046,2,20
11045,72068,2,13
11046,45131,1,22
11047,64037,2,25
11048,30410,1,17
11049,40390,1,14
11050,08829,1,38
11051,86046,1,17
11052,31017,1,8
11053,74501,1,15
11054,27260,14,233
11055,29728,3,37
11056,08008,1,35
11057,63049,4,53
11058,88325,4,17
11059,28092,1,23
11060,15237,1,30
11061,27325,2,33
11062,72734,2,34
11063,05459,1,26
11064,40484,1,18
11065,08071,1,40
11066,45135,1,23
11067,24465,2,20
11068,10928,1,55
11069,92346,2,56
11070,72542,1,12
11071,62249,2,39
11072,46322,2,33
11073,12528,2,58
11074,44143,1,28
11075,44122,1,30
11076,36041,1,21
11077,12743,1,28
11078,07422,1,36
11079,75205,1,57
11080,60035,3,50
11081,48094,1,34
11082,08904,1,32
11083,48357,3,34
11084,43512,1,43
11085,47424,1,14
11086,54849,1,7
11087,16734,1,18
11088,75077,1,21
11089,35904,1,26
11090,53543,1,37
11091,42240,2,25
11092,37148,3,23
11093,62249,2,40
11094,28741,2,32
11095,07732,1,52
11096,86005,3,28
11097,77562,2,70
11098,57735,1,18
11099,43945,1,31
11100,57345,1,28
11101,08520,1,45
11102,74960,3,12
11103,72031,1,20
11104,71603,4,17
11105,41472,1,21
11106,35674,1,12
11107,77535,1,20
11108,29646,1,20
11109,72206,2,6
11110,74960,2,14
11111,37341,4,55
11112,39474,2,15
11113,63935,1,7
11114,60040,1,20
11115,54129,1,30
11116,29813,1,30
11117,68947,1,33
11118,54511,2,37
11119,59451,1,20
11120,38568,1,17
11121,84056,4,101
11122,55748,1,25
11123,57745,1,31
11124,03243,1,13
11125,72601,2,19
11126,10977,3,120
11127,12118,1,29
11128,13901,1,26
11129,15444,1,40
11130,32046,1,10
11131,49746,1,23
11132,43938,1,18
11133,80733,2,21
11134,56138,1,18
11135,52235,1,25
11136,35643,1,18
11137,76645,1,19
11138,58045,1,25
11139,67063,1,16
11140,52630,1,7
11141,97123,5,126
11142,03244,1,31
11143,62049,1,40
11144,63050,2,34
11145,88042,2,18
11146,54634,1,34
11147,41049,1,22
11148,24946,1,25
11149,37342,2,23
11150,33619,47,1175
11151,08844,1,50
11152,08821,1,35
11153,08844,1,35
11154,49242,1,22
11155,47854,1,15
11156,12529,1,15
11157,61257,1,25
11158,49242,1,16
11159,07642,1,56
11160,73743,2,16
11161,60162,1,24
11162,07205,2,48
11163,12572,1,20
11164,24343,3,45
11165,29303,1,33
11166,15068,1,20
11167,72173,1,16
11168,15065,1,25
11169,77871,1,20
11170,13329,1,36
11171,16726,1,22
11172,18932,2,32
11173,62050,1,5
11174,14468,1,50
11175,29926,7,108
11176,24258,1,28
11177,14842,1,28
11178,44233,1,34
11179,84635,1,18
11180,60520,1,33
11181,55037,1,19
11182,61930,1,10
11183,72738,1,18
11184,97738,1,16
11185,60141,1,15
11186,05461,1,30
11187,31313,2,47
11188,02043,3,55
11189,59528,1,10
11190,03451,1,32
11191,60521,1,23
11192,14743,1,25
11193,13211,1,30
11194,01235,1,38
11195,32427,1,7
11196,73047,1,13
11197,25951,1,25
11198,44234,1,34
11199,42152,2,25
11200,73942,2,16
11201,57348,1,26
11202,73744,1,14
11203,77563,1,41
11204,74438,1,12
11205,56552,1,24
11206,28906,3,44
11207,24347,1,19
11208,54635,1,27
11209,07423,1,47
11210,12062,1,40
11211,54155,2,30
11212,46342,4,53
11213,73651,1,19
11214,13788,1,40
11215,27946,1,27
11216,27843,1,20
11217,38829,1,15
11218,07030,4,106
11219,36518,1,14
11220,74728,1,14
11221,19707,1,35
11222,43130,1,40
11223,04730,1,24
11224,71247,1,20
11226,74939,2,14
11227,42748,1,22
11228,35571,1,17
11229,29653,1,20
11230,36301,1,14
11231,81046,2,20
11232,60169,4,94
11233,56339,1,24
11234,28347,2,25
11235,62250,1,26
11236,39629,1,22
11237,47001,1,24
11238,13655,3,60
11239,59529,1,18
11240,38462,1,30
11241,67544,2,21
11242,02343,1,24
11243,11741,3,168
11244,86025,3,30
11245,67851,1,10
11246,63852,1,16
11247,64040,1,13
11248,04429,1,23
11249,84636,1,20
11250,01520,2,42
11251,74848,1,22
11252,03245,1,40
11253,56340,1,25
11254,78382,1,21
11255,72631,5,27
11256,77335,1,10
11257,77515,1,21
11258,15239,1,35
11259,62025,1,29
11260,71360,4,39
11261,38341,2,18
11262,49424,3,46
11263,49423,3,48
11264,14080,2,52
11265,01521,1,20
11266,56139,1,20
11267,13354,1,35
11268,08848,2,40
11269,47541,1,14
11270,13437,1,35
11271,30730,1,16
11272,76534,1,14
11273,23437,1,24
11274,56045,1,22
11275,38748,1,25
11276,53544,1,28
11277,45332,1,20
11278,14470,1,65
11279,32566,3,28
11280,76366,1,20
11281,35072,1,13
11282,36264,1,26
11283,04042,2,50
11284,72857,2,28
11285,73550,1,40
11286,95023,4,47
11287,32147,1,10
11288,01746,5,49
11289,29137,1,14
11290,38342,2,18
11291,19720,1,60
11292,15935,1,30
11293,38463,1,15
11294,74728,1,12
11295,48442,1,51
11296,23024,1,28
11297,27292,1,32
11298,72069,1,33
11299,29059,2,18
11300,32117,1,13
11301,75765,1,20
11302,71269,3,27
11303,28445,1,34
11304,35146,1,12
11305,29671,1,14
11306,38635,1,40
11307,27540,3,35
11308,29349,2,25
11309,81047,1,25
11310,24315,1,11
11311,33312,6,206
11312,62232,1,30
11313,78232,1,21
11314,20636,1,75
11315,29138,1,16
11316,07733,1,35
11317,54636,1,29
11318,19043,1,40
11319,44654,2,47
11320,08854,1,15
11321,44820,1,32
11322,51025,1,30
11323,64048,1,33
11324,32564,2,14
11325,49425,1,38
11326,66436,3,40
11327,65043,2,57
11328,11742,1,80
11329,92250,1,16
11330,36092,1,20
11331,52053,1,30
11332,01040,4,120
11333,80734,2,58
11334,67450,1,21
11335,59701,1,14
11336,83628,1,24
11337,29624,1,25
11338,30547,1,24
11339,71040,1,54
11340,49245,1,28
11341,13077,1,64
11342,43080,1,32
11343,61849,2,18
11344,48640,1,20
11345,60491,3,33
11346,68030,1,19
11347,99603,3,40
11348,31634,2,22
11349,49640,1,9
11350,54121,1,15
11351,15120,1,70
11352,60456,1,40
11353,35209,3,70
11354,60430,1,21
11355,59106,1,10
11356,39152,1,18
11357,44634,1,22
11358,74035,1,20
11359,72958,2,12
11360,24260,1,23
11361,78861,2,17
11362,29654,2,47
11363,14472,1,35
11364,18431,4,60
11365,19344,1,60
11366,47802,4,58
11367,47980,1,22
11368,42240,1,18
11369,75446,1,19
11370,95545,4,14
11371,84314,1,21
11372,23860,1,71
11373,74549,1,15
11374,96813,45,1090
11375,96819,2,51
11376,76048,9,250
11377,97031,1,41
11378,97067,3,35
11379,73945,1,20
11380,28538,1,35
11381,75561,1,20
11382,03106,2,32
11383,15050,1,24
11384,99829,1,15
11385,95546,1,14
11386,99604,1,7
11387,68031,1,33
11388,60942,2,19
11389,58243,1,33
11390,58243,1,33
11391,12154,1,25
11392,12090,1,35
11393,12089,1,20
11394,47882,1,15
11395,35244,10,172
11396,78611,2,9
11397,79066,2,30
11398,26037,2,30
11399,15936,1,25
11400,87825,1,9
11401,07843,3,72
11402,99605,1,14
11403,08501,1,36
11404,15714,1,50
11405,58046,1,25
11406,04847,2,11
11407,71801,2,22
11408,08505,1,50
11409,48628,1,16
11410,02832,3,47
11411,12134,1,22
11412,88250,1,20
11413,47246,1,34
11414,39350,2,21
11415,07844,1,27
11416,02831,1,45
11417,01747,1,32
11418,61747,1,27
11419,43976,1,25
11420,31730,1,12
11421,08861,1,26
11422,08302,1,25
11423,31822,1,7
11424,23860,2,52
11425,08525,1,81
11426,72137,2,12
11427,15001,2,31
11428,43739,1,33
11429,08560,2,35
11430,39355,1,20
11431,37354,2,18
11432,14424,2,41
11433,86034,2,11
11434,49328,2,30
11435,75482,1,15
11436,55343,1,40
11437,64461,1,22
11438,02816,1,50
11439,27597,1,32
11440,42240,4,70
11441,03229,2,34
11442,01748,2,34
11443,12965,1,30
11444,95449,2,15
11445,15445,1,40
11446,58047,2,32
11447,53032,1,35
11448,12815,2,35
11449,38680,3,64
11450,38232,1,25
11451,71439,1,12
11452,96044,1,10
11453,14812,1,29
11454,14843,1,33
11455,63855,1,12
11456,27265,1,28
11457,51026,1,24
11458,38044,1,18
11459,29526,39,536
11460,42749,1,30
11461,31549,1,10
11462,87821,1,15
11463,14845,1,30
11464,24148,1,25
11465,83629,1,18
11466,72512,1,18
11467,72348,2,25
11468,62969,1,25
11469,19044,2,25
11470,31543,1,15
11471,66439,4,773
11472,66439,1,22
11473,12745,1,40
11474,54944,1,40
11475,22802,2,72
11476,97370,1,15
11477,68740,2,32
11478,57448,1,25
11479,51238,1,19
11480,39119,2,25
11481,71901,5,76
11482,71909,3,48
11483,28743,1,18
11484,57747,1,56
11485,80451,2,9
11486,49931,1,22
11487,52631,1,22
11488,04730,1,30
11489,70360,6,58
11490,88121,1,11
11491,31088,9,70
11492,37061,3,28
11493,75844,1,15
11494,99694,2,19
11495,77002,93,3948
11496,55943,1,25
11497,38851,1,32
11498,85541,1,13
11499,70663,2,20
11500,65483,1,30
11501,72070,1,10
11502,45333,1,17
11503,15342,1,35
11504,19954,1,40
11505,35572,2,15
11506,16651,1,25
11507,57450,1,30
11508,49329,1,20
11509,21104,14,1000
11510,65248,3,60
11511,79720,6,28
11512,55349,1,29
11513,49120,1,20
11514,16841,2,32
11515,67349,1,19
11516,14809,1,25
11517,57349,1,25
11518,28092,1,34
11519,53083,1,41
11520,74940,1,10
11521,29505,7,65
11522,75459,2,21
11523,48843,4,71
11524,65775,2,24
11525,07731,5,187
11526,10932,1,86
11527,68641,1,21
11528,44484,3,37
11529,13215,1,30
11530,72433,1,21
11531,62803,2,26
11532,66440,1,24
11533,55750,1,25
11534,43529,1,21
11535,85616,1,26
11536,49747,1,10
11537,97032,1,20
11538,50122,1,25
11539,76648,1,25
11540,01452,2,33
11541,48845,1,18
11542,13355,1,30
11543,05735,2,16
11544,49934,1,18
11545,68375,1,21
11546,35594,1,20
11547,45424,3,53
11548,28539,1,40
11549,76401,2,9
11550,24104,4,36
11551,28043,2,38
11552,61748,2,28
11553,71423,2,25
11554,12839,1,30
11555,44236,1,39
11556,54016,1,40
11557,12534,2,133
11558,01749,3,37
11559,49247,1,27
11560,80642,3,26
11561,03051,3,53
11562,76087,1,22
11563,49730,1,8
11564,75904,2,27
11565,04449,1,19
11566,50643,1,33
11567,57034,1,20
11568,49426,1,19
11569,79938,1,20
11570,81089,2,18
11571,62252,3,22
11572,35023,2,28
11573,77336,2,52
11574,36542,1,15
11575,28021,1,27
11576,57501,7,70
11577,72348,1,15
11578,75656,1,22
11579,18640,1,34
11580,65334,1,8
11581,17737,1,60
11582,20637,1,67
11583,95326,1,28
11584,12590,1,65
11585,28530,3,54
11586,55038,1,28
11587,74743,2,24
11588,80821,1,23
11589,23139,1,35
11590,74056,1,21
11591,49748,1,15
11592,74441,1,20
11593,73572,1,9
11594,82720,1,18
11595,30646,1,19
11596,02045,3,31
11597,54482,1,29
11598,51239,1,27
11599,77533,1,25
11600,62343,2,25
11601,19468,1,34
11602,65674,2,38
11603,77338,2,44
11604,95501,5,72
11605,57035,1,25
11606,50548,1,21
11607,38343,2,25
11608,95503,2,30
11609,66748,1,22
11610,68376,1,22
11611,61932,1,19
11612,93628,1,25
11613,50123,1,18
11614,17831,1,20
11615,72072,1,7
11616,68642,1,17
11617,37185,5,79
11618,26575,1,26
11619,77448,1,20
11620,59919,1,6
11621,89441,1,13
11622,15639,1,15
11623,18621,1,30
11624,78024,4,43
11625,58048,1,20
11626,23851,1,37
11627,29432,2,13
11628,12122,1,25
11629,28078,1,190
11630,28078,1,28
11631,46748,1,50
11632,47542,2,25
11633,38344,3,29
11634,16652,0,25
11635,19006,1,60
11636,92648,8,131
11637,01050,2,12
11638,46750,2,35
11639,72940,3,15
11640,11743,1,78
11641,25701,6,103
11642,93634,2,17
11643,11746,3,130
11644,45601,1,25
11645,18622,1,25
11646,05462,1,15
11647,84528,1,14
11648,97907,1,6
11649,48070,1,19
11650,20639,1,75
11651,37345,1,20
11652,60142,5,97
11653,35805,19,375
11654,37756,1,23
11655,43324,1,18
11656,72740,2,22
11657,77340,3,46
11658,65259,1,16
11659,27025,2,51
11660,63547,1,20
11661,27541,2,56
11662,54534,1,24
11663,65675,5,15
11664,57036,1,28
11665,12747,1,50
11666,21643,1,75
11667,48164,3,31
11668,44839,2,39
11669,44847,1,29
11670,57350,2,36
11671,47437,1,15
11672,49931,1,11
11673,41501,2,18
11674,84737,7,48
11675,25526,1,36
11676,38863,1,23
11677,76054,3,56
11678,62949,1,17
11679,24563,1,35
11680,36860,1,10
11681,99746,1,25
11682,70442,4,45
11683,45502,1,32
11684,53034,1,30
11685,17229,1,35
11686,75141,1,20
11687,55350,1,35
11688,67501,7,93
11689,40361,1,15
11690,62433,2,23
11691,57474,1,26
11692,71747,2,22
11693,78634,2,34
11694,26273,2,26
11695,36543,1,20
11696,50124,1,27
11697,14043,1,40
11698,96046,1,14
11699,02601,1,54
11700,20871,1,29
11701,20782,1,64
11702,12538,1,25
11703,05655,1,25
11704,15641,1,18
11705,41749,1,23
11706,99923,1,10
11707,16328,1,30
11708,38341,1,15
11709,73048,2,11
11710,80533,1,30
11711,47855,1,15
11712,15545,1,35
11713,84319,1,32
11714,35768,2,17
11715,24844,1,16
11716,70560,9,153
11717,65486,4,25
11718,28637,1,41
11720,17037,1,20
11721,64776,3,7
11722,51445,1,25
11723,48140,1,26
11724,74745,1,27
11725,83631,1,20
11726,83815,18,191
11727,83402,5,130
11728,79329,1,20
11729,97350,2,16
11730,47950,1,20
11731,56472,2,27
11732,15959,1,21
11733,31041,1,14
11734,35981,1,13
11735,28105,1,38
11736,46151,1,109
11737,92549,1,28
11738,96047,2,16
11739,30647,1,23
11740,87538,1,12
11741,13357,1,28
11742,61259,2,32
11743,74464,2,20
11744,97523,6,50
11745,97841,2,12
11746,72434,2,25
11747,48444,1,25
11748,16655,1,10
11749,34142,3,39
11750,91932,1,13
11751,92251,5,68
11752,69033,1,35
11753,08065,1,30
11754,17970,1,25
11755,44131,1,31
11756,48346,3,35
11757,54747,1,30
11758,70443,4,21
11759,64050,10,160
11760,50644,1,26
11761,41051,3,49
11762,93526,1,25
11763,15001,1,26
11764,07838,1,24
11765,89834,1,15
11766,36067,1,15
11767,24348,1,28
11768,25438,1,30
11769,17702,1,20
11770,07762,1,35
11771,21404,1,13
11772,15136,1,30
11773,17740,1,35
11774,73552,1,20
11775,32903,1,18
11776,70548,1,18
11777,28512,1,20
11778,47421,1,29
11779,14036,1,18
11780,35022,1,32
11781,76048,1,16
11782,32937,1,15
11783,20640,1,60
11784,80454,1,18
11785,43348,1,17
11786,12842,1,40
11787,49047,1,20
11788,29720,1,17
11789,08088,1,15
11790,37079,1,5
11791,80481,2,20
11792,32967,12,275
11793,32963,1,20
11794,19966,2,50
11795,77351,1,13
11796,28578,1,22
11797,89018,2,21
11798,04668,1,20
11799,83632,3,20
11800,92210,1,25
11801,46809,1,36
11802,46304,2,33
11803,15701,2,64
11804,50138,1,9
11805,46202,43,1200
11806,46231,2,39
11807,46224,1,150
11808,38751,2,37
11809,50125,1,44
11810,69034,1,30
11811,15051,1,15
11812,74442,1,10
11813,92201,3,68
11814,55779,1,22
11815,15052,1,10
11816,61440,2,40
11817,04938,1,22
11818,83415,3,87
11819,41224,3,35
11820,46048,1,17
11821,67853,1,9
11822,74074,1,24
11823,48819,1,25
11824,78362,1,7
11825,78362,1,45
11826,34449,1,13
11827,15237,2,20
11828,15205,3,35
11829,38824,1,10
11830,78025,1,33
11831,83245,1,12
11832,58244,1,20
11833,49643,1,14
11834,13360,1,40
11835,29349,1,23
11836,17724,1,32
11837,36477,1,18
11838,74036,3,18
11839,72632,2,20
11840,25301,1,34
11841,64126,1,29
11842,80465,5,31
11843,17534,1,40
11844,57750,1,30
11845,32148,1,18
11846,32148,1,34
11847,14847,1,18
11848,56649,2,28
11849,23851,1,60
11850,60160,1,22
11851,55077,3,52
11852,60067,1,17
11853,94937,1,22
11854,59530,1,25
11855,38753,1,20
11856,45887,1,36
11857,51240,1,26
11858,11096,1,100
11859,49817,1,34
11860,93514,13,150
11861,54945,1,35
11862,66749,1,20
11863,77861,2,20
11864,33919,5,94
11865,72927,1,15
11866,97843,1,24
11867,48846,1,33
11868,50645,1,25
11869,14475,1,25
11870,70543,1,31
11871,52638,1,13
11872,52240,3,56
11873,77583,1,16
11874,50126,1,34
11875,70647,2,19
11876,95713,1,8
11877,76367,2,16
11878,74059,1,15
11879,66094,1,10
11880,61441,1,25
11881,01938,2,25
11882,57451,1,24
11883,48023,1,23
11884,05777,1,12
11885,13033,1,41
11886,79744,1,26
11887,05845,1,40
11888,76649,1,15
11889,57037,1,26
11890,51027,1,25
11891,95459,1,10
11892,17350,1,40
11893,29212,2,41
11894,38463,1,16
11895,39859,1,15
11896,24448,1,26
11897,49801,1,21
11898,53035,1,29
11899,43932,1,50
11900,63648,1,10
11901,14622,2,87
11902,56455,1,25
11903,63650,1,25
11904,49938,1,32
11905,49938,1,28
11906,57353,1,32
11907,97844,1,15
11908,40336,1,28
11909,75015,12,368
11910,14081,1,15
11911,62051,1,14
11912,07111,4,121
11913,10533,1,59
11914,62848,1,11
11915,40146,1,26
11916,68134,1,32
11917,16656,1,20
11918,31774,5,45
11919,51446,1,28
11920,15642,1,45
11921,67065,1,10
11922,57633,1,32
11923,48878,1,12
11924,73747,1,14
11925,36750,1,16
11926,55040,3,31
11927,08830,2,40
11928,15681,1,13
11929,08830,2,30
11930,49849,1,27
11931,33036,3,55
11932,98260,6,49
11933,98277,7,83
11934,41501,1,20
11935,04747,1,12
11936,08732,1,32
11937,11558,1,110
11938,83433,4,20
11939,04645,1,12
11940,56342,1,24
11941,05463,1,15
11942,31406,1,32
11943,23397,7,22
11944,95641,1,28
11945,11751,2,130
11946,11752,2,67
11947,59336,1,10
11948,41149,1,17
11949,76651,1,24
11950,76055,1,22
11951,60143,1,34
11952,14850,4,79
11953,14850,1,8
11954,68033,1,22
11955,67066,1,12
11956,75979,1,14
11957,24350,1,25
11958,61851,1,25
11959,23866,1,32
11960,65078,2,23
11961,18974,1,15
11962,12522,2,45
11963,24539,1,120
11964,71822,1,18
11965,77029,1,13
11966,38865,1,22
11967,77705,1,9
11968,37352,1,30
11969,88352,1,11
11970,04945,1,14
11971,89825,1,16
11972,76458,2,34
11973,37757,1,13
11974,80135,3,41
11975,16133,1,27
11976,45334,1,25
11977,28173,1,33
11978,38562,1,15
11979,77957,1,35
11980,97503,7,104
11981,97539,2,18
11982,97535,3,69
11983,32448,6,38
11984,66540,1,18
11985,56143,1,27
11986,95642,2,32
11987,30233,1,20
11988,53037,1,45
11989,39201,21,320
11990,38301,8,185
11991,36545,2,53
11992,41339,2,33
11993,70748,3,22
11994,45640,1,22
11995,03846,1,25
11996,08527,2,35
11997,08527,2,49
11998,63755,2,32
11999,75705,2,21
12000,83001,7,130
12001,28027,1,35
12002,95642,1,9
12003,45176,1,26
12004,52632,1,17
12005,43123,3,101
12006,54893,1,19
12007,43812,1,48
12008,44646,5,107
12009,46706,1,17
12010,46030,1,28
12011,47448,1,20
12012,64479,1,20
12013,18360,1,30
12014,47164,1,15
12015,47834,1,14
12016,47988,1,18
12017,47537,1,24
12018,15942,1,35
12019,44451,1,19
12020,18708,1,18
12021,52576,1,17
12022,95640,2,16
12023,59736,1,15
12024,75651,1,10
12025,29831,1,25
12026,04921,1,10
12027,27845,2,25
12028,26452,1,10
12029,47274,3,18
12030,26377,1,10
12031,54235,1,26
12032,72075,1,13
12033,36861,1,15
12034,45740,1,32
12035,28540,4,87
12036,32202,51,1313
12037,08505,1,9
12038,97530,1,29
12039,72076,4,63
12040,75766,2,46
12041,62650,2,25
12042,36265,1,43
12043,32212,4,80
12044,21131,1,60
12045,31544,1,15
12046,74855,1,14
12047,27025,1,24
12048,82717,1,40
12049,55752,1,22
12050,08562,1,28
12051,65501,1,12
12052,03452,1,22
12053,41722,1,34
12054,88252,1,13
12055,77554,1,40
12056,50128,1,6
12057,05343,1,20
12058,88317,3,21
12059,23185,5,171
12060,29412,4,51
12061,48609,1,20
12062,08831,1,45
12063,64647,1,20
12064,11947,1,87
12065,64648,1,25
12066,53812,1,31
12067,58401,2,29
12068,42629,1,18
12069,46147,1,30
12070,38556,1,18
12071,14701,4,55
12072,02835,1,79
12073,95370,1,8
12074,29453,2,19
12075,58401,1,29
12076,65046,1,23
12077,80455,1,20
12078,16134,1,25
12079,13078,1,30
12080,14059,1,47
12081,26378,1,22
12082,53545,5,91
12083,56048,1,26
12084,50647,1,27
12085,39425,1,20
12086,68377,1,28
12087,08322,1,25
12088,89826,1,14
12089,78073,1,27
12090,21084,2,120
12091,28551,1,27
12092,47438,1,11
12093,29936,11,76
12094,31064,7,55
12095,77612,1,30
12096,75956,1,19
12097,64755,1,15
12098,37347,1,17
12099,30143,1,25
12100,56144,1,25
12101,35501,3,29
12102,64755,1,25
12103,32052,1,12
12104,72641,2,17
12105,47546,3,38
12106,75951,1,40
12107,24244,1,15
12108,57452,1,16
12109,74346,1,15
12110,04239,2,46
12111,15827,1,40
12112,12941,1,28
12113,05859,1,15
12114,70544,2,21
12115,15644,1,32
12116,38363,1,5
12117,31539,5,73
12118,70546,2,27
12119,70647,3,28
12120,56145,1,22
12121,46725,1,20
12122,37760,1,35
12123,59638,1,10
12124,24538,5,53
12125,77713,1,15
12126,66429,1,16
12127,66060,1,15
12128,66073,1,18
12129,97741,2,34
12130,98376,3,18
12131,98382,2,15
12132,66070,1,16
12133,66073,1,27
12134,98320,3,19
12135,98365,3,20
12136,98368,6,68
12137,32344,5,32
12138,59632,1,1
12139,66066,1,25
12140,77627,1,13
12141,70549,3,45
12142,04348,2,26
12143,19403,1,51
12144,03583,1,23
12145,53549,1,45
12146,30549,2,31
12147,66097,1,18
12148,62864,4,34
12149,70123,10,237
12150,63028,1,35
12151,97352,3,38
12152,44813,1,33
12153,49266,1,15
12154,45673,1,28
12155,44833,1,28
12156,07849,3,98
12157,45417,4,43
12158,45616,1,9
12159,43128,1,27
12160,43162,1,41
12161,45307,1,13
12162,46121,1,18
12163,46528,1,26
12164,43004,2,41
12165,47564,1,25
12166,18436,1,31
12167,47838,1,12
12168,45648,1,25
12169,47388,1,24
12170,15021,1,25
12171,17311,1,54
12172,15344,1,55
12173,21755,1,56
12174,12093,1,40
12175,44047,1,25
12176,28640,1,24
12177,25177,1,24
12178,75657,1,22
12179,57038,1,35
12180,80456,7,17
12181,52338,1,25
12182,47043,1,24
12183,40299,3,51
12184,12748,1,32
12185,47130,5,92
12186,31044,1,15
12187,82310,1,19
12188,31527,1,48
12189,37762,1,24
12190,37762,1,25
12191,87025,1,14
12192,35085,1,27
12193,71342,1,36
12194,45841,1,18
12195,41537,2,30
12196,65605,1,15
12197,18640,1,23
12198,75638,1,10
12199,29065,1,9
12200,74037,2,55
12201,15547,1,32
12202,38588,1,15
12203,74038,1,17
12204,70546,2,27
12205,47102,1,24
12206,72936,2,14
12207,84035,1,17
12208,72327,1,18
12209,11753,2,87
12210,18433,2,50
12211,76459,1,11
12212,83338,3,28
12213,86331,2,21
12214,43064,2,40
12215,48657,2,23
12216,15937,1,20
12217,44840,1,28
12218,07302,16,561
12219,71651,1,23
12220,77040,1,59
12221,62052,1,21
12222,27028,1,24
12223,43412,1,69
12224,40356,5,49
12225,71949,3,16
12226,18434,1,25
12227,18434,1,80
12228,20794,1,34
12229,50648,1,35
12230,31545,2,33
12231,73749,1,16
12232,66942,1,13
12233,50130,1,23
12234,24622,1,25
12235,12444,1,30
12236,75846,1,15
12237,43986,1,34
12238,78361,1,15
12239,79562,1,21
12240,18229,3,40
12241,73430,1,23
12242,29351,2,26
12243,75954,1,26
12244,88220,3,37
12245,80822,1,14
12246,97845,1,18
12247,22611,1,10
12248,24127,1,20
12249,41501,2,25
12250,12843,1,10
12251,37601,9,125
12252,13790,2,36
12253,41101,1,24
12254,76033,3,74
12255,82834,1,31
12256,72852,2,12
12257,66021,5,65
12258,64040,5,63
12259,66085,4,61
12260,64093,12,116
12261,72830,3,12
12262,72840,1,18
12263,72840,1,27
12264,53038,2,43
12265,72704,1,28
12266,05656,1,26
12267,68378,1,25
12268,57702,2,12
12269,50518,1,22
12270,46795,1,17
12271,15845,1,70
12272,53085,1,24
12273,29555,2,40
12274,12094,1,30
12275,62951,1,19
12276,27577,1,90
12277,29832,1,25
12278,50131,2,38
12279,02919,4,88
12280,44417,1,36
12281,12095,1,25
12282,80534,1,32
12283,49017,1,16
12284,26385,1,14
12285,50446,1,12
12286,49721,2,30
12287,45359,1,31
12288,99160,5,23
12289,60432,9,214
12290,17981,1,16
12291,50551,1,12
12292,78729,2,48
12293,28641,2,22
12294,28785,1,30
12295,35057,2,20
12296,31032,12,151
12297,77541,1,20
12298,73049,1,20
12299,36749,3,18
12300,30236,1,28
12301,72401,7,115
12302,62952,1,16
12303,71251,1,24
12304,76538,1,10
12305,04648,1,14
12306,46938,1,20
12307,37659,1,15
12308,63351,1,22
12309,48637,1,40
12310,49250,1,22
12311,41052,1,20
12312,29353,2,30
12313,71343,1,21
12314,12065,2,70
12315,24263,1,23
12316,59531,1,20
12317,64801,6,96
12318,71957,1,20
12319,62953,1,14
12320,55352,1,32
12321,88427,3,23
12322,97910,1,10
12323,13080,1,45
12324,59337,1,83
12325,51572,1,20
12326,86032,1,25
12327,97846,1,18
12328,36530,1,15
12329,28621,1,45
12330,78026,2,35
12331,61260,1,30
12332,72143,1,11
12333,73098,1,12
12334,76365,1,26
12335,37840,1,8
12336,43072,1,35
12337,58454,1,31
12338,53550,2,40
12339,70529,1,25
12340,59479,4,62
12341,72081,2,15
12342,80737,1,24
12343,83535,1,6
12344,27263,1,21
12345,08042,1,23
12346,54766,1,25
12347,29160,1,14
12348,38829,1,18
12349,25969,1,18
12350,28745,1,30
12351,66441,2,52
12352,54443,1,22
12353,40440,1,18
12354,97448,2,33
12355,31812,1,23
12356,43748,1,25
12357,96048,2,14
12358,71749,1,23
12359,17044,3,60
12360,84740,1,12
12361,93529,1,13
12362,53039,1,27
12363,68955,2,29
12364,21701,1,52
12365,26275,1,25
12366,86046,1,0
12367,14433,2,30
12368,33458,3,105
12369,33475,1,17
12370,28787,1,32
12371,60458,1,1
12372,76247,1,38
12373,18411,1,35
12374,64689,3,38
12375,99603,3,56
12376,57543,1,30
12377,63445,1,18
12378,86320,1,11
12379,47630,1,40
12380,49004,4,67
12381,45853,1,34
12382,59901,2,34
12383,49646,1,25
12384,52247,1,25
12385,76369,1,11
12386,83536,1,30
12387,83536,1,30
12388,84741,1,18
12389,84742,1,6
12390,50447,1,20
12391,95988,1,18
12392,56251,1,20
12393,84741,1,10
12394,60144,1,23
12395,60901,6,49
12396,46371,1,24
12397,60901,2,25
12398,28081,5,91
12399,14856,1,22
12400,67454,1,30
12401,84637,2,24
12402,64106,34,952
12403,66101,18,415
12404,71743,1,8
12405,44841,2,22
12406,74347,1,18
12407,61933,1,18
12408,37877,1,23
12409,53139,1,23
12410,70548,1,20
12411,58744,1,15
12412,56732,1,31
12413,62956,1,15
12414,78118,1,30
12415,37921,4,68
12416,16845,1,15
12417,99609,1,10
12418,17959,1,25
12419,56050,1,22
12420,55944,1,26
12421,58049,1,15
12422,73433,2,20
12423,10536,1,125
12424,77493,3,88
12425,96766,9,146
12426,75160,1,15
12427,75142,1,34
12428,54130,1,36
12429,12749,1,30
12430,74641,2,15
12431,48631,1,18
12432,86033,1,10
12433,84037,1,28
12434,07734,2,75
12435,64060,1,33
12436,68847,3,62
12437,07032,4,99
12438,16509,1,35
12439,15229,1,18
12440,97814,1,15
12441,40737,2,25
12442,15666,5,160
12443,74403,1,20
12444,35748,1,16
12445,49057,1,13
12446,93530,1,2
12447,24566,1,15
12448,03431,2,65
12449,76059,1,14
12450,12943,1,14
12451,12942,1,32
12452,46310,1,30
12453,35954,1,15
12454,55753,1,17
12455,37306,1,15
12456,97303,1,61
12457,53050,1,33
12458,62853,1,18
12459,76248,3,56
12460,50133,1,24
12461,50134,1,22
12462,43438,1,12
12463,54215,1,28
12464,55945,1,29
12465,97462,2,14
12466,50135,1,24
12467,29353,2,24
12468,28448,1,21
12469,35089,2,16
12470,74039,1,20
12471,55724,1,14
12472,95451,2,13
12473,71674,1,0
12474,77565,1,22
12475,83101,1,28
12476,75143,1,22
12477,74747,1,12
12478,39328,11,120
12479,76539,2,36
12480,46049,1,18
12481,60946,1,20
12482,28349,2,35
12483,23944,1,52
12484,78027,1,10
12485,14476,1,54
12486,08824,2,34
12487,54638,1,22
12488,46755,2,41
12489,77451,1,8
12490,83537,1,9
12491,04450,1,17
12492,78385,1,22
12493,77535,1,33
12494,68956,1,34
12495,19607,1,25
12496,14223,1,63
12497,07033,2,47
12498,27542,1,31
12499,58746,1,31
12500,54537,1,25
12501,47351,1,12
12502,57544,1,30
12503,04043,4,60
12504,04046,4,81
12505,76060,1,17
12506,56733,1,15
12507,35574,1,23
12508,14747,1,42
12509,15136,1,40
12510,70062,6,114
12511,19348,1,35
12512,63857,3,37
12513,99336,5,95
12514,61749,1,26
12515,99588,1,8
12516,99573,1,24
12517,97601,4,27
12518,48006,1,16
12519,12750,1,15
12520,58455,2,25
12521,56343,1,22
12522,03833,1,22
12523,49330,1,22
12524,44240,2,36
12525,61044,1,17
12526,10512,0,35
12527,21619,1,108
12528,47250,1,25
12529,06757,1,78
12530,94904,1,19
12531,20785,2,88
12532,41063,1,31
12533,43326,1,13
12534,24586,1,14
12535,42724,1,22
12536,40007,1,15
12537,49512,3,53
12538,70444,5,46
12539,95452,1,19
12540,74365,1,14
12541,55946,1,30
12542,72083,1,13
12543,24265,1,25
12544,52632,1,19
12545,52565,1,28
12546,74941,1,0
12547,52248,1,22
12548,29676,2,24
12549,29654,1,22
12550,12446,1,40
12551,56252,1,26
12552,79745,1,32
12553,25674,2,42
12554,93308,47,535
12555,27284,5,92
12556,24450,1,36
12557,78028,4,63
12558,29067,1,24
12559,26675,1,18
12560,96001,1,11
12561,50136,1,16
12562,99901,3,38
12563,99901,1,7
12564,74349,2,14
12565,83340,3,50
12566,95595,1,14
12567,45429,4,80
12568,17729,1,12
12569,99141,3,24
12570,55757,1,20
12571,45336,1,34
12572,42053,1,16
12573,61443,2,19
12574,46939,1,25
12575,53040,1,56
12576,54216,2,35
12577,49958,1,12
12578,33149,1,40
12579,33037,2,29
12580,52003,2,30
12581,33040,3,87
12582,95328,1,32
12583,73947,1,15
12584,62253,1,18
12585,07735,6,146
12586,74451,2,26
12587,26726,2,29
12588,19550,1,35
12589,19607,1,30
12590,57751,1,16
12591,17756,1,43
12592,17067,1,52
12593,19512,16,40
12594,24868,1,8
12595,74063,3,36
12596,52249,1,23
12597,69144,1,14
12598,65261,1,25
12599,04047,1,33
12600,74557,1,11
12601,14701,2,65
12602,66439,1,10
12603,18661,1,15
12604,44636,1,28
12605,74041,2,18
12606,53042,1,35
12607,56051,1,21
12608,53965,1,36
12609,62655,1,24
12610,71253,4,31
12611,15237,1,15
12612,74604,1,22
12613,75662,3,40
12614,56052,1,21
12615,14748,1,21
12616,27948,1,37
12617,13794,1,20
12618,44637,1,16
12619,76541,8,231
12620,35645,2,26
12621,35748,2,11
12622,05751,1,32
12623,06419,2,42
12624,70057,1,26
12625,22482,1,60
12626,35962,1,20
12627,81049,1,20
12628,54534,1,20
12629,57355,1,26
12630,55353,1,25
12631,48074,2,31
12632,69145,1,25
12633,37347,1,34
12634,24853,1,18
12635,51543,1,33
12636,35091,1,26
12637,54136,1,26
12638,19442,1,27
12639,41539,2,27
12640,48445,1,24
12641,58051,1,18
12642,93930,1,20
12643,64463,1,11
12644,98028,2,43
12645,98288,2,30
12646,98070,5,57
12647,98055,2,30
12648,98166,2,57
12649,98051,2,25
12650,98178,3,63
12651,98198,1,27
12652,98045,1,9
12653,98019,4,39
12654,98024,1,20
12656,99612,1,26
12657,13081,1,20
12658,22485,3,71
12659,83623,1,22
12660,94062,1,13
12661,19406,2,82
12662,23086,1,28
12663,35051,1,20
12664,04947,1,13
12665,73750,1,20
12666,67068,1,20
12667,86401,4,80
12668,47952,1,18
12669,04451,1,7
12670,31547,5,53
12671,93230,11,85
12672,41858,1,23
12673,28645,1,33
12674,23047,1,10
12675,28086,2,38
12676,11754,1,93
12677,93631,2,30
12678,78638,2,20
12679,12839,2,47
12680,49802,1,19
12681,46346,1,13
12682,31548,3,34
12683,71652,1,25
12684,97603,1,24
12685,37660,6,99
12686,48741,1,25
12687,73439,1,14
12688,02364,2,28
12689,12401,4,59
12690,18704,1,75
12691,03848,2,52
12692,02881,1,37
12693,72742,1,24
12694,37082,3,30
12695,08528,1,30
12696,53939,1,25
12697,45644,2,47
12698,29556,1,31
12699,78363,2,61
12700,21087,1,96
12701,44048,1,12
12702,75961,1,8
12703,08803,2,30
12704,26537,1,24
12705,63140,1,23
12706,62854,1,30
12707,07405,3,51
12708,55758,3,20
12709,41179,1,22
12710,49752,1,20
12711,36303,1,20
12712,63627,1,15
12713,67547,1,30
12714,44428,1,25
12715,28502,3,50
12716,36453,1,20
12717,74552,1,11
12718,36907,1,9
12719,67070,1,17
12720,80117,2,26
12721,74553,2,35
12722,78219,1,28
12723,71950,1,17
12724,74960,1,12
12725,35594,2,35
12726,60146,1,36
12727,98033,6,81
12728,46050,1,26
12729,63501,1,22
12730,40475,1,37
12731,13082,1,28
12732,63122,3,54
12733,95646,1,8
12734,51448,1,20
12735,44094,2,35
12736,15017,1,49
12737,12414,1,50
12738,15686,1,45
12739,11706,2,40
12740,34741,4,87
12741,80825,1,17
12742,31049,1,15
12743,98312,2,39
12744,16201,1,26
12745,03904,2,19
12746,98922,8,64
12747,98940,2,9
12748,98926,9,96
12749,98946,3,26
12750,98934,1,12
12751,37149,2,31
12752,21538,1,40
12753,97601,1,21
12754,97601,6,60
12755,97639,1,10
12756,96050,2,7
12757,99925,1,20
12758,78363,1,35
12759,99827,1,9
12760,98602,1,13
12761,98650,1,20
12762,98935,3,30
12763,98623,3,56
12764,98617,1,18
12765,98628,1,16
12766,98619,1,13
12767,98628,1,15
12768,98635,2,14
12769,99322,1,25
12770,98635,2,19
12771,98613,1,29
12772,98620,11,132
12773,17941,1,40
12774,70542,2,24
12775,14760,1,39
12776,97103,4,29
12777,95549,1,10
12778,59416,1,16
12779,50552,1,14
12780,42753,2,15
12781,27545,1,52
12782,95645,1,15
12783,46148,1,26
12784,78870,1,8
12785,65336,1,16
12786,42366,1,27
12787,88242,1,28
12788,53048,1,25
12789,07832,1,27
12790,24620,1,14
12791,15825,1,25
12792,16232,1,42
12793,12107,1,40
12794,46534,2,25
12795,61448,3,73
12796,50138,1,29
12797,50138,1,25
12798,43964,1,23
12799,16928,1,31
12800,48604,1,17
12801,99615,1,13
12802,53044,1,34
12803,53090,1,30
12804,46901,6,90
12805,74849,1,16
12806,99545,1,6
12807,46574,1,20
12808,84744,1,10
12809,83539,1,18
12810,83854,5,65
12811,16136,1,16
12812,76652,1,8
12813,39090,1,27
12814,65692,1,10
12815,76653,1,18
12816,38834,1,21
12817,99752,1,27
12818,77625,3,32
12819,46347,1,32
12820,36024,1,15
12821,58748,1,15
12822,17870,1,17
12823,17833,1,25
12824,80459,2,15
12825,79052,1,12
12826,54455,1,29
12827,72602,3,34
12828,76249,1,18
12829,41754,1,32
12830,16510,3,33
12831,58456,1,30
12832,17834,3,50
12833,83634,2,39
12834,18612,1,32
12835,99519,1,60
12836,28449,1,22
12837,42055,3,25
12838,17067,1,25
12839,19530,1,42
12840,99621,1,51
12841,78640,3,41
12842,42285,1,18
12843,49946,1,21
12844,45744,1,37
12845,78582,1,25
12846,78039,1,18
12847,55947,1,26
12848,54601,4,95
12849,46348,1,20
12850,87025,3,30
12851,54639,1,30
12852,61449,1,16
12853,78559,2,30
12854,97850,1,20
12855,97850,1,23
12856,60525,1,20
12857,60526,2,48
12858,38046,1,8
12859,78945,1,31
12860,78548,1,5
12861,90631,1,73
12862,94020,1,18
12863,88220,2,12
12864,81050,3,31
12865,76082,1,21
12866,87556,1,9
12867,88337,1,12
12868,87047,1,18
12869,77568,1,25
12870,91942,3,43
12871,88044,1,17
12872,65337,1,18
12873,46537,1,24
12874,97739,3,40
12875,20646,1,60
12876,54850,1,25
12877,46350,3,45
12878,77571,4,103
12879,87567,2,16
12880,92253,3,36
12881,78582,1,23
12882,84530,1,13
12883,78014,2,55
12884,48145,1,15
12885,70712,1,62
12886,91352,1,7
12887,53941,1,33
12888,91750,3,54
12889,81055,2,24
12890,78562,1,14
12891,68128,1,57
12893,71055,1,20
12894,70372,3,30
12895,67357,1,22
12896,57246,1,15
12897,54843,3,35
12898,54538,2,26
12899,49950,1,8
12900,71446,1,6
12901,42056,1,19
12902,42056,1,16
12903,98503,5,112
12904,71655,3,20
12905,14218,3,50
12906,89301,1,6
12907,18435,1,23
12908,78236,3,98
12909,64651,1,16
12910,61540,2,13
12911,50139,1,21
12912,13083,1,30
12913,03246,2,40
12914,32658,1,25
12915,23950,1,26
12916,76705,1,19
12917,42240,1,18
12918,61329,1,17
12919,63352,1,12
12920,47957,1,25
12921,36870,1,15
12922,75449,1,19
12923,52251,1,24
12924,63124,2,32
12925,29907,5,70
12926,22501,1,42
12927,13656,2,59
12928,38655,15,176
12929,17602,1,45
12930,70501,14,263
12931,80026,2,30
12932,07848,1,26
12933,56054,1,23
12934,97127,1,24
12935,37083,1,32
12936,47901,8,145
12937,30728,1,16
12938,44256,2,40
12939,47119,2,41
12940,16738,1,11
12941,46011,1,19
12942,28304,2,31
12943,75644,1,10
12944,42254,1,12
12945,45854,1,19
12946,72436,1,16
12947,43951,1,10
12948,70067,4,31
12949,46940,1,12
12950,70301,1,65
12951,70394,7,99
12952,70354,13,32
12953,78383,1,20
12954,44050,3,25
12955,40031,3,48
12956,30241,4,54
12957,63448,1,20
12958,28551,1,33
12959,12603,3,64
12960,46761,1,23
12961,04453,1,18
12962,46941,2,25
12963,92651,4,55
12964,87551,1,16
12965,78578,1,14
12966,61450,3,50
12967,73754,1,14
12968,49952,1,22
12969,17742,1,16
12970,78560,1,15
12971,33850,1,20
12972,57356,2,26
12973,18436,3,33
12974,76365,2,10
12975,70549,1,25
12976,56149,1,21
12977,31735,1,15
12978,60044,1,56
12979,76426,1,16
12980,56734,1,18
12981,76801,1,20
12982,10512,2,100
12983,70607,8,165
12984,70607,1,10
12985,97734,1,20
12986,76210,2,40
12987,49651,2,24
12988,16423,2,35
12989,29560,1,41
12990,55041,1,11
12991,51449,1,25
12992,72437,2,23
12993,53018,3,61
12994,95422,6,49
12995,32778,27,234
12996,97412,1,11
12997,97524,3,14
12998,65345,1,12
12999,56055,1,25
13000,29651,2,39
13001,46356,1,27
13002,13440,1,35
13003,80498,5,41
13004,40216,2,48
13005,78130,1,18
13006,71861,1,0
13007,39347,1,25
13008,62959,5,18
13009,55042,1,25
13010,92530,3,75
13011,14006,1,45
13012,60045,2,33
13013,96130,1,12
13014,23919,1,21
13015,53147,2,41
13016,56458,1,15
13017,80827,4,21
13018,12845,1,39
13019,49947,2,15
13020,71913,4,29
13021,39047,2,14
13022,18624,1,20
13023,86403,7,80
13024,56362,1,24
13025,07034,1,33
13026,12752,1,25
13027,32303,1,15
13028,77566,2,44
13029,20112,1,71
13030,40068,1,20
13031,55126,3,91
13032,56669,1,16
13033,76366,1,9
13034,76240,2,20
13035,56253,1,16
13036,49945,1,17
13037,28716,1,30
13038,32746,2,40
13039,72135,2,21
13040,76667,1,20
13041,50450,1,24
13042,02817,1,31
13043,49651,1,17
13044,86441,2,36
13045,10547,4,101
13046,12561,1,12
13047,22963,1,69
13048,29431,2,29
13049,73401,1,10
13050,73401,1,11
13051,75964,2,15
13052,57248,1,17
13053,28117,1,59
13054,72002,3,14
13055,48849,1,22
13056,22508,1,100
13057,97034,4,50
13058,65049,6,31
13059,75757,1,25
13060,76453,2,29
13061,51347,1,22
13062,56554,1,24
13063,31636,1,16
13064,07054,1,25
13065,27928,1,29
13066,95469,1,19
13067,12946,1,39
13068,57249,1,30
13069,71254,2,19
13070,98575,3,45
13071,75951,1,14
13072,46408,1,24
13073,28304,1,53
13074,63367,1,16
13075,96094,1,20
13076,14612,2,48
13077,14075,2,81
13078,21122,1,55
13079,46405,2,68
13080,98258,4,80
13081,79556,1,10
13082,32310,1,15
13083,79118,1,24
13084,27306,1,30
13085,63628,1,17
13086,54539,1,20
13087,48629,1,18
13088,49304,1,13
13089,43447,2,62
13090,49106,2,25
13091,46349,1,18
13092,28747,2,41
13093,34432,1,18
13094,96150,3,43
13095,72342,1,15
13096,51450,1,25
13097,29563,1,21
13098,14085,2,39
13099,60046,4,98
13100,71653,2,22
13101,25121,1,17
13102,33853,2,27
13103,56151,1,19
13104,18625,2,40
13105,76135,1,21
13106,60047,4,60
13107,56150,1,25
13108,70126,1,28
13109,96051,1,11
13110,08733,1,20
13111,33801,7,171
13112,49036,1,20
13113,55741,1,24
13114,11779,2,110
13115,31635,5,54
13116,74342,2,16
13117,44250,1,39
13118,95453,2,35
13119,56461,1,20
13120,71653,1,7
13121,21675,1,35
13122,46341,2,25
13123,87935,1,12
13124,78003,1,9
13125,76308,1,15
13126,80212,2,30
13127,13209,2,45
13128,92040,4,52
13129,97449,1,21
13130,76671,1,13
13131,54864,1,12
13132,43440,2,35
13133,84038,1,16
13134,48850,2,50
13135,36863,1,10
13136,11552,1,65
13137,43331,1,50
13138,97630,1,30
13139,35111,2,27
13140,65325,3,30
13141,76692,1,10
13142,37857,2,20
13143,46536,1,23
13144,02347,1,32
13145,55044,4,82
13146,06039,1,43
13147,18438,1,25
13148,14480,1,30
13149,94954,1,12
13150,37760,1,26
13151,14750,1,46
13152,44107,3,90
13153,54138,1,30
13154,08701,6,52
13155,55804,2,29
13156,98499,5,115
13157,73449,1,10
13158,25177,1,15
13159,67860,4,38
13160,50451,1,24
13161,58344,1,24
13162,75462,1,10
13163,81052,3,24
13164,64759,1,18
13165,72846,1,14
13166,75486,2,32
13167,69023,1,8
13168,17751,1,40
13169,78382,2,22
13170,53065,1,35
13171,59243,1,15
13172,38643,2,13
13173,56152,1,20
13174,08530,1,5
13175,79331,2,32
13176,04605,1,22
13177,50140,1,21
13178,74643,1,13
13179,99017,1,25
13180,52054,1,31
13181,62451,1,48
13182,48426,1,15
13183,58458,1,30
13184,58458,1,30
13185,76550,1,23
13186,17537,1,40
13187,61046,1,35
13188,17603,4,89
13189,29720,2,33
13190,29720,19,333
13191,17545,1,39
13192,40444,1,28
13193,63548,2,15
13194,75134,3,66
13195,53813,1,45
13196,03584,2,62
13197,14086,2,80
13198,43130,3,84
13199,01523,2,28
13200,17504,2,50
13201,56735,1,25
13202,54540,1,12
13203,75497,2,11
13204,03585,1,18
13205,16345,1,27
13206,82520,1,37
13207,28088,2,14
13208,17040,2,35
13209,08326,1,25
13210,20784,1,50
13211,29356,1,33
13212,97487,16,91
13213,74555,1,14
13214,28112,1,32
13215,01237,1,40
13216,47136,1,20
13217,36863,1,22
13218,75667,2,15
13219,03602,1,17
13220,58249,1,30
13221,58249,1,30
13222,39047,1,20
13223,57454,1,17
13224,14111,1,45
13225,19047,2,30
13226,54409,1,30
13227,23665,2,76
13228,29851,3,30
13229,74350,1,18
13230,71952,1,22
13231,97450,1,8
13232,73050,1,12
13233,58250,1,12
13234,08734,1,47
13235,19050,1,32
13236,58750,1,20
13237,48917,2,29
13238,48933,6,190
13239,60438,3,30
13240,14882,1,54
13241,78643,1,25
13242,52151,1,30
13243,28643,1,36
13244,65775,2,20
13245,46763,1,28
13246,48446,1,36
13247,46051,1,30
13248,70068,5,51
13249,63549,1,27
13250,84076,2,12
13251,50651,1,35
13252,18626,1,18
13253,95981,1,6
13254,82007,2,60
13255,82009,4,60
13256,82054,1,15
13257,82009,1,15
13258,10538,1,23
13259,51241,1,23
13260,64652,1,16
13261,78041,16,402
13262,89440,4,15
13263,15647,1,22
13264,58251,1,45
13265,58251,1,45
13266,48642,1,20
13267,94939,2,28
13268,80118,3,70
13269,18704,1,24
13270,67550,1,48
13271,67550,1,24
13272,51029,1,11
13273,42748,1,35
13274,75770,2,15
13275,88001,2,25
13276,88001,8,176
13277,87942,1,15
13278,89101,21,556
13279,61301,1,21
13280,80645,1,29
13281,78561,1,10
13282,37085,2,45
13283,27845,1,28
13284,96130,10,40
13285,75849,1,20
13286,12110,2,123
13287,62543,1,30
13288,74956,1,14
13289,38225,1,25
13290,64465,2,19
13291,95330,5,63
13292,50452,1,21
13293,87556,1,12
13294,93242,1,8
13295,36518,1,21
13296,39335,1,15
13297,53190,1,37
13298,33308,1,60
13299,33313,4,120
13300,78843,2,54
13301,45337,1,15
13302,47983,1,14
13303,40741,2,30
13304,17366,1,37
13305,50141,1,16
13306,39440,5,63
13307,19956,2,82
13308,24352,1,20
13309,15229,1,25
13310,24594,1,22
13311,28351,1,29
13312,06360,1,12
13313,32567,1,6
13314,08332,1,14
13315,18706,1,25
13316,68745,1,23
13317,08021,1,35
13318,28644,1,24
13319,47024,2,25
13320,59044,1,35
13321,20707,1,116
13322,20725,1,80
13323,37321,1,11
13324,08330,1,37
13325,43135,4,40
13326,08879,2,47
13327,29360,2,33
13328,29360,4,23
13329,31021,17,130
13330,50554,1,20
13331,13810,1,25
13332,55731,1,0
13333,28352,3,35
13334,49913,1,18
13335,18059,1,25
13336,83246,1,17
13337,12764,1,8
13338,72941,1,19
13339,21502,2,85
13340,25535,1,23
13341,08735,1,25
13342,85339,1,0
13343,37086,3,19
13344,73848,2,17
13345,78121,1,30
13346,59046,1,12
13347,30553,1,28
13348,52154,1,17
13349,36793,2,18
13350,28090,1,22
13351,08045,1,8
13352,17111,1,25
13353,62439,2,24
13354,11559,1,85
13355,38464,1,20
13356,54115,2,21
13357,01840,6,124
13358,94550,2,45
13359,35555,1,22
13360,16511,1,16
13361,08648,1,90
13362,16837,1,20
13363,44614,1,45
13364,46250,4,141
13365,49064,1,23
13366,16830,1,35
13367,45645,2,28
13368,68957,1,39
13369,66046,6,140
13370,40342,2,27
13371,38464,2,47
13372,47025,2,47
13373,08648,1,30
13374,16929,1,35
13375,23868,1,30
13376,26034,1,25
13377,12967,1,29
13378,64062,2,55
13379,71750,2,16
13380,27016,1,38
13381,51030,1,28
13382,73501,7,124
13383,49065,2,3
13384,14091,1,18
13385,35044,1,20
13386,84041,3,70
13387,20882,1,53
13388,65733,3,12
13389,56057,1,25
13390,51031,2,27
13391,56058,1,24
13392,74364,1,10
13393,72644,4,20
13394,26276,2,26
13395,63601,1,20
13396,83464,2,35
13397,80461,2,13
13398,63653,1,27
13399,61047,1,25
13400,56332,1,22
13401,77573,6,246
13402,30802,2,22
13403,78873,1,14
13404,27288,1,28
13405,33714,3,60
13406,78641,5,87
13407,39154,1,22
13409,65535,1,16
13410,27291,1,28
13411,37058,1,9
13412,66048,3,54
13413,47137,2,24
13414,66224,3,54
13415,08833,1,35
13416,03766,3,31
13417,17042,4,57
13418,40033,1,16
13419,53047,1,44
13420,24266,1,25
13421,37087,4,47
13422,46052,2,45
13423,29472,1,11
13424,45036,2,31
13425,04027,2,31
13426,40150,1,18
13427,97355,5,68
13428,65536,4,27
13429,08826,3,33
13430,12125,2,35
13431,66952,1,15
13432,57455,1,15
13433,73440,1,9
13434,27712,1,52
13435,06249,1,60
13436,62254,2,36
13437,70510,1,10
13438,52753,1,30
13439,16836,1,10
13440,42058,2,22
13441,78946,1,17
13442,18436,1,28
13443,28705,1,23
13444,54115,2,40
13445,06339,1,32
13446,50556,1,14
13447,13363,1,35
13448,60530,1,24
13449,32059,2,37
13450,33913,2,40
13451,41311,1,25
13452,72360,1,24
13453,29010,9,76
13454,31763,7,36
13455,74948,2,15
13456,03861,1,18
13457,01238,2,53
13458,49450,2,26
13459,48640,1,20
13460,93541,1,17
13461,04455,1,30
13462,64063,7,130
13463,15656,1,35
13464,73654,1,15
13465,19078,1,25
13466,58346,1,34
13467,04263,1,30
13468,49670,2,26
13469,08327,1,27
13470,34748,4,49
13471,43036,1,28
13472,20176,2,112
13473,35983,1,20
13474,71446,2,10
13475,44639,1,12
13476,44431,1,27
13477,39466,1,23
13478,15056,1,20
13479,74942,1,13
13480,41647,2,35
13481,80302,4,43
13482,95585,1,7
13483,84043,1,37
13484,18255,1,25
13485,33974,5,110
13486,18035,1,48
13487,50557,1,15
13488,18235,1,45
13489,58460,1,22
13490,58460,1,22
13491,01524,3,55
13492,14481,1,48
13493,28748,3,31
13494,49335,2,30
13495,19901,1,40
13496,45856,2,30
13497,42754,1,41
13498,21742,1,25
13499,18055,1,30
13500,60531,2,40
13501,49654,2,31
13502,38756,2,58
13503,63125,1,25
13504,83467,1,31
13505,57638,1,34
13506,91945,1,20
13507,60439,4,66
13508,93245,2,35
13509,03605,1,13
13510,54139,1,50
13511,61048,1,25
13512,39094,1,30
13513,74042,1,10
13514,57039,1,29
13515,37771,2,34
13516,28645,3,63
13517,08057,1,28
13518,67645,1,16
13519,79749,0,19
13520,25676,1,24
13521,01240,3,49
13522,48048,2,20
13523,65541,2,15
13524,38024,1,22
13525,50851,1,20
13526,62255,1,18
13527,17356,1,35
13528,57456,1,26
13529,38468,1,12
13530,73441,1,17
13531,50144,1,25
13532,14751,1,21
13533,25123,1,20
13534,78257,4,47
13535,78238,1,31
13536,75850,1,15
13537,58052,1,16
13538,75452,1,26
13539,13364,1,15
13540,20650,1,59
13541,49254,2,17
13542,07605,1,60
13543,49066,1,18
13544,61332,1,25
13545,63760,2,11
13546,67861,1,27
13547,72354,2,24
13548,74943,1,8
13549,18829,1,30
13550,61752,1,22
13551,14482,1,62
13552,55951,1,24
13553,44077,1,29
13554,49051,1,19
13555,36548,2,14
13556,49655,1,15
13557,49251,1,25
13558,72645,1,14
13559,29730,3,35
13560,19029,25,40
13561,55354,1,30
13562,51242,1,16
13563,25865,2,20
13564,57040,2,25
13565,57359,1,26
13566,72085,1,18
13567,17201,1,24
13568,52754,1,21
13569,47240,1,31
13570,04456,1,23
13571,27317,1,17
13572,36322,1,14
13573,21078,1,70
13574,79336,1,28
13575,25431,1,20
13576,01054,2,14
13577,76528,1,10
13578,19054,1,30
13579,19058,1,45
13580,11756,3,225
13581,29927,1,12
13582,19958,3,122
13583,97103,1,27
13584,59601,2,17
13585,37327,1,12
13586,98532,5,45
13587,98355,1,20
13588,98564,3,32
13589,98304,1,8
13590,98565,4,20
13591,98582,4,30
13592,98361,3,15
13593,98570,3,28
13594,98377,2,22
13595,98356,1,23
13596,41179,1,18
13597,38462,1,30
13598,16738,1,8
13599,51503,1,34
13600,47845,1,16
13601,51544,1,17
13602,12950,1,16
13603,81327,3,29
13604,42256,1,22
13605,24901,2,29
13606,37091,2,32
13607,45338,1,46
13608,42256,1,20
13609,41056,1,0
13610,38654,2,30
13611,42351,1,21
13612,14092,2,63
13613,14304,1,31
13614,84320,1,18
13615,96052,1,6
13616,04240,4,75
13617,83501,4,48
13618,55952,1,32
13619,27849,1,27
13620,21701,1,22
13621,59457,1,19
13622,61542,1,20
13623,59457,1,19
13624,63452,1,15
13625,43754,1,22
13626,27023,2,50
13627,75067,8,160
13628,56060,1,36
13629,71845,1,18
13630,47352,1,6
13631,29072,25,318
13632,64067,1,30
13633,48450,1,15
13634,55014,1,18
13635,73051,1,23
13636,38351,2,40
13637,02420,2,58
13638,40508,24,590
13639,39095,1,36
13640,27292,4,52
13641,61753,1,26
13642,44601,2,21
13643,68850,2,36
13644,30648,1,22
13645,97839,1,11
13646,78947,1,30
13647,47138,2,30
13648,35648,1,15
13649,60131,1,21
13650,01337,1,18
13651,59923,1,28
13652,67901,3,36
13653,64762,2,20
13654,75501,2,45
13655,29657,3,35
13656,15133,1,30
13657,46766,1,20
13658,76031,1,20
13659,43749,1,19
13660,07938,2,24
13661,31313,7,44
13662,19545,1,34
13663,17972,1,35
13664,64068,3,64
13665,42539,1,24
13666,27298,1,22
13667,77575,2,42
13668,32433,2,42
13669,62347,2,18
13670,18447,1,20
13671,17048,1,25
13672,12754,1,100
13673,21133,1,45
13674,95220,1,19
13675,19475,1,24
13676,17821,1,28
13677,45840,1,27
13678,44881,1,30
13679,43067,1,36
13680,44505,2,32
13681,45011,3,65
13682,49234,1,14
13683,43065,2,69
13684,63565,1,10
13685,45640,1,18
13686,45647,1,21
13687,45352,1,5
13688,46554,1,17
13689,46304,1,22
13690,47383,1,24
13691,67492,1,10
13692,16930,1,32
13693,04949,1,17
13694,30678,1,12
13695,35461,1,33
13696,36037,1,12
13697,47353,1,18
13698,72032,2,18
13699,74954,1,20
13700,21762,1,61
13701,52567,1,19
13702,36420,1,10
13703,15129,1,18
13704,65655,1,14
13705,16001,1,35
13706,43030,2,34
13707,43830,1,23
13708,65542,1,25
13709,51452,1,16
13710,58053,1,26
13711,33064,1,26
13712,46767,1,34
13713,15658,1,35
13714,15658,1,35
13715,96766,1,23
13716,96116,2,15
13717,63862,1,10
13718,28091,1,52
13719,49309,1,19
13720,36549,2,24
13721,27546,1,17
13722,15938,1,17
13723,36051,1,10
13724,14752,1,11
13725,40740,2,40
13726,45804,3,76
13727,14485,1,38
13728,59739,1,15
13729,19063,1,30
13730,62348,1,14
13731,02865,2,25
13732,52155,1,18
13733,19468,2,56
13734,26041,1,20
13735,37692,1,20
13736,74019,3,33
13737,61604,4,31
13738,60901,1,45
13739,16214,1,30
13740,04750,1,16
13741,14753,2,35
13742,37681,1,40
13743,04049,2,26
13744,80828,1,11
13745,35768,1,20
13746,17364,1,20
13747,15037,1,35
13748,49127,1,20
13749,30817,1,11
13750,99122,3,51
13751,99032,1,22
13752,99029,3,50
13753,63379,4,44
13754,99134,1,20
13755,99185,3,61
13756,59923,4,28
13757,37334,15,130
13758,68508,14,280
13759,48742,1,14
13760,54449,1,27
13761,19428,1,25
13762,17522,1,60
13763,04457,1,58
13764,62656,1,19
13765,35096,4,30
13766,14568,1,30
13767,03251,1,17
13768,60920,3,68
13769,45215,1,20
13770,71235,21,72
13771,07035,2,75
13772,48146,1,18
13773,67455,1,14
13774,62656,1,37
13775,49677,1,22
13776,48633,1,15
13777,67059,1,17
13778,46574,1,14
13779,46381,1,30
13780,05443,1,20
13781,59639,3,18
13782,42259,1,16
13783,50652,1,20
13784,78948,1,26
13785,13032,2,32
13786,88338,2,20
13787,99159,2,26
13788,60069,3,50
13789,28092,2,42
13790,29485,1,22
13791,04849,2,25
13792,46992,1,20
13793,60712,1,28
13794,95901,3,34
13795,75771,3,47
13796,48451,1,24
13797,53553,1,20
13798,75563,1,10
13799,37096,1,14
13800,22642,1,35
13801,95236,1,19
13802,11757,4,250
13803,08021,1,35
13804,08021,1,35
13805,08021,3,20
13806,08021,2,50
13807,73052,1,14
13808,93247,1,23
13809,68644,1,25
13810,76250,1,22
13811,67456,1,20
13812,15767,1,38
13813,43442,2,21
13814,24951,1,16
13815,55045,1,26
13816,16424,1,20
13817,36266,1,24
13818,50147,1,20
13819,82223,2,20
13820,17112,1,25
13821,76461,1,30
13822,18980,2,32
13823,66075,7,75
13824,65051,3,40
13825,66040,1,18
13826,78542,1,13
13827,04730,1,15
13828,64653,1,18
13829,58552,1,40
13830,47866,1,13
13831,42211,1,13
13832,28646,1,27
13833,55079,1,30
13834,27292,1,24
13835,68036,1,23
13836,08221,1,29
13837,42757,1,17
13838,19353,1,50
13839,76462,4,39
13840,35020,1,10
13841,58054,1,36
13842,53072,2,58
13843,03585,1,34
13844,06351,1,55
13845,04250,2,60
13846,58054,1,36
13847,13658,1,48
13848,44432,1,26
13849,60541,2,30
13850,17055,1,10
13851,69148,1,18
13852,13797,1,28
13853,60532,5,91
13854,36912,1,16
13855,56155,1,25
13856,15549,1,25
13857,68852,1,25
13858,44253,1,22
13859,06759,1,35
13860,55355,1,30
13861,04350,2,50
13862,62056,2,23
13863,49252,1,20
13864,03052,1,34
13865,18840,1,36
13866,58461,1,50
13867,17543,1,35
13868,74857,1,25
13869,59701,1,25
13870,63943,1,12
13871,28697,1,22
13872,70344,4,74
13873,55117,1,30
13874,54140,1,47
13875,02837,1,15
13876,19961,2,56
13877,71371,1,18
13878,77630,2,0
13879,65265,3,54
13880,75068,3,59
13881,13365,1,30
13882,56345,2,39
13883,07643,2,50
13884,72756,1,18
13885,22737,1,29
13886,33946,1,4
13887,45742,1,27
13888,95490,2,46
13889,82070,1,11
13890,61759,1,20
13891,18830,1,24
13892,45227,1,32
13893,40921,1,17
13894,54564,1,20
13895,67457,1,19
13896,28645,1,34
13897,27863,1,30
13898,54153,1,17
13899,28766,1,36
13900,36550,1,22
13901,76554,1,24
13902,72201,22,433
13903,51243,1,25
13904,40311,1,8
13905,60545,3,70
13906,08540,1,25
13907,41121,3,44
13908,07739,1,50
13909,51545,1,19
13910,51056,1,16
13911,54171,1,39
13912,28527,4,54
13913,14755,1,40
13914,96056,1,6
13915,62844,1,52
13916,61453,1,17
13917,79339,1,26
13918,56653,1,26
13919,52042,1,10
13920,04730,1,23
13921,03561,1,24
13922,35654,1,21
13923,78233,1,21
13924,32064,1,25
13925,70094,2,44
13926,04254,1,20
13927,04253,1,18
13928,50558,1,19
13929,80536,2,24
13930,42352,1,22
13931,13088,3,100
13932,43920,2,27
13933,17045,1,30
13934,77577,1,14
13935,53554,1,31
13936,35470,1,32
13937,38570,1,26
13938,70754,1,21
13939,40445,1,16
13940,07039,3,57
13941,59047,1,40
13942,12758,1,0
13943,70443,1,18
13944,70785,10,90
13945,70744,4,30
13946,70726,4,49
13947,70449,2,41
13948,70711,2,22
13949,12534,2,31
13950,77351,4,40
13951,48154,5,83
13952,14487,1,50
13953,47108,2,25
13954,25125,1,22
13955,46149,1,23
13956,19083,1,45
13957,78643,2,30
13958,32337,1,4
13959,15650,1,29
13960,41144,1,27
13961,62661,1,21
13962,36474,1,15
13963,37097,1,12
13964,12759,1,35
13965,15022,1,30
13966,64654,1,10
13967,28147,3,53
13968,78644,2,20
13969,47585,1,12
13970,36455,1,14
13971,45356,1,23
13972,45215,1,50
13973,79241,1,20
13974,60441,6,107
13975,70374,6,40
13976,52635,1,20
13977,65682,1,28
13978,95689,2,13
13979,59101,1,23
13980,14859,1,14
13981,88255,1,12
13982,73442,1,18
13983,30817,2,14
13984,75076,1,11
13985,23024,1,20
13986,35097,1,25
13987,74352,1,20
13988,35674,2,14
13989,11560,1,75
13990,28097,1,48
13991,60948,1,25
13992,53555,1,36
13993,07644,3,95
13994,44254,1,24
13995,95240,4,55
13996,71943,1,10
13997,75148,2,8
13998,81432,2,31
13999,84323,3,56
14000,67748,3,54
14001,25635,1,20
14002,63939,1,12
14003,16823,1,30
14004,67646,1,25
14005,88426,3,24
14006,25601,1,34
14007,08014,3,30
14008,16601,2,50
14009,08067,1,17
14010,65742,6,52
14011,61536,3,47
14012,15068,1,25
14013,53943,1,26
14014,17342,1,35
14015,30052,3,36
14016,76852,1,12
14017,51453,1,18
14018,22712,1,39
14019,92354,2,28
14020,95901,1,10
14021,59460,1,13
14022,56654,1,15
14023,60148,2,65
14024,76853,1,25
14025,12401,1,15
14026,93436,2,29
14027,74552,1,11
14028,43140,1,17
14029,56036,1,19
14030,61544,1,23
14031,72847,2,18
14032,48162,1,18
14033,17057,1,70
14034,03053,3,54
14035,76484,1,25
14036,27055,1,10
14037,64070,1,32
14038,42001,3,45
14039,37377,1,15
14040,78101,1,21
14041,84003,2,44
14042,93545,2,35
14043,75803,1,6
14044,53556,1,32
14045,50559,1,18
14046,72658,1,14
14047,75668,1,10
14048,52755,1,24
14049,77905,1,10
14050,73655,3,20
14051,46360,1,36
14052,11561,3,149
14053,90808,23,380
14054,39560,3,40
14055,27850,1,22
14056,62521,1,28
14057,28457,1,40
14058,29658,1,16
14059,28216,1,26
14060,39301,1,17
14061,37843,1,17
14062,60047,1,23
14063,52756,1,25
14064,13147,1,21
14065,06611,3,65
14066,04050,1,18
14067,11779,1,13
14068,57457,1,15
14069,49685,1,21
14070,54542,1,22
14071,12847,1,20
14072,62040,1,33
14073,55356,2,42
14074,65590,1,10
14075,69217,1,19
14076,61333,1,20
14077,56347,1,22
14078,49753,1,12
14079,06903,2,44
14080,07853,3,27
14081,93546,2,32
14082,95454,2,26
14083,96103,1,6
14084,28602,1,20
14085,34228,2,35
14086,73755,1,11
14087,67458,7,53
14088,78160,2,15
14089,39350,1,18
14090,01106,1,28
14091,21742,1,53
14092,80501,6,81
14093,08403,1,43
14094,24060,1,25
14095,67352,1,14
14096,57547,1,20
14097,75601,8,169
14098,98632,2,54
14099,61852,1,16
14100,56655,1,25
14101,19348,1,95
14102,32750,2,42
14103,72086,1,20
14104,02865,1,17
14105,72087,2,28
14106,47553,2,29
14107,73053,2,25
14108,48837,1,28
14109,97471,1,19
14110,18072,1,43
14111,37350,1,17
14112,35904,2,25
14113,41542,1,17
14114,68958,1,24
14115,08865,2,25
14116,44052,4,79
14117,54837,1,25
14118,62349,1,16
14119,97451,1,5
14120,88045,1,30
14121,44481,1,40
14122,70552,1,6
14123,76655,1,30
14124,79343,1,15
14125,54896,1,15
14126,15940,1,25
14127,55357,1,25
14128,38469,1,20
14129,35057,2,28
14130,40037,1,20
14131,50149,1,12
14132,04750,1,15
14133,29569,1,25
14134,67459,1,10
14135,13659,1,24
14136,90720,1,47
14137,87544,6,139
14138,90063,171,3625
14139,90012,106,3346
14140,93635,2,38
14141,87002,1,24
14142,87031,2,36
14143,81137,5,32
14144,87107,1,31
14145,06035,3,50
14146,41701,1,17
14147,26385,1,24
14148,59711,1,10
14149,52254,1,26
14150,83255,1,12
14151,47581,1,20
14152,61334,1,35
14153,97857,1,5
14154,74426,1,12
14155,76656,1,13
14156,41701,1,20
14157,71751,1,15
14158,25314,1,12
14159,37771,5,42
14160,03307,2,42
14161,44615,1,18
14162,44842,1,51
14163,20175,22,1378
14164,39338,1,15
14165,23093,8,173
14166,41230,2,36
14167,23093,1,33
14168,56256,1,11
14169,66053,1,23
14170,27549,1,41
14171,65685,2,20
14172,99588,1,15
14173,77455,1,16
14174,63353,1,20
14175,40203,21,480
14176,68037,1,26
14177,36048,1,16
14178,39339,1,26
14179,44641,2,26
14180,80027,3,58
14181,40209,1,37
14182,66547,1,16
14183,13662,2,46
14184,68879,1,30
14185,38632,1,20
14186,42060,1,18
14187,28671,2,34
14188,75851,1,20
14189,80537,10,128
14190,45140,4,52
14191,04016,3,15
14192,49738,1,11
14193,89419,1,15
14194,61111,2,30
14195,50150,2,16
14196,88256,3,18
14197,88260,2,20
14198,61937,1,13
14199,52757,1,30
14200,15660,1,21
14201,52255,1,33
14202,49331,1,28
14203,72745,2,30
14204,05847,1,16
14205,99664,1,5
14206,97452,3,31
14207,28098,1,28
14208,46356,1,35
14209,44436,2,32
14210,17011,2,25
14211,08038,2,35
14212,17801,1,15
14213,08215,1,15
14214,57548,1,15
14215,15068,2,48
14216,15068,1,42
14217,19061,1,20
14218,40828,1,0
14219,27939,3,23
14220,19478,1,46
14221,35462,1,8
14222,23156,2,50
14223,29666,2,15
14224,18106,1,36
14225,17017,1,15
14226,19003,8,249
14227,23043,1,32
14228,18036,1,36
14229,18063,2,22
14230,19403,2,25
14231,18015,3,25
14232,19053,1,40
14233,55043,1,28
14234,17057,1,30
14235,81521,2,33
14236,15906,1,18
14237,42061,1,19
14238,83637,3,14
14239,41232,1,20
14240,39702,5,36
14241,39701,4,36
14242,31606,18,95
14243,63951,1,12
14244,36752,1,20
14245,74464,3,14
14246,64763,1,12
14247,75069,1,19
14248,56349,1,25
14249,13367,1,65
14250,73756,1,19
14251,40854,1,28
14252,17701,1,40
14253,48848,3,24
14254,50560,1,28
14255,52156,1,21
14256,79403,19,407
14257,04652,1,32
14258,26101,2,32
14259,54447,1,14
14260,56255,1,25
14261,50151,1,24
14262,75002,1,35
14263,67648,1,14
14264,47634,2,28
14265,39452,1,22
14266,28120,1,33
14267,49431,1,21
14268,45339,1,16
14269,01056,1,35
14270,41016,1,25
14271,05149,1,30
14272,60949,1,16
14273,39094,1,24
14274,57755,1,52
14275,16333,1,12
14276,19343,1,30
14277,79533,1,14
14278,29078,3,33
14279,62849,1,25
14280,85309,2,62
14281,21540,1,26
14282,74572,1,11
14283,78648,2,36
14284,70070,3,48
14285,28357,1,32
14286,12737,2,30
14287,26386,1,25
14288,77657,3,33
14289,08048,1,40
14290,28358,3,55
14291,39455,1,21
14292,37381,1,12
14293,30533,6,81
14294,31815,1,10
14295,87824,1,5
14296,48157,1,17
14297,54769,2,27
14298,89317,1,15
14299,01462,1,38
14300,89420,1,7
14301,22835,1,92
14302,72856,1,12
14303,82225,1,16
14304,70071,1,34
14305,73054,1,21
14306,21093,1,125
14307,55612,1,13
14308,37779,2,18
14309,38471,1,14
14310,36049,1,30
14311,56156,1,37
14312,54217,1,30
14313,72358,1,10
14314,48636,1,9
14315,15450,1,45
14316,12846,1,35
14317,36401,1,10
14318,30730,1,16
14319,47874,1,26
14320,55953,1,20
14321,69352,1,18
14322,06371,2,24
14323,03768,1,25
14324,24502,1,35
14325,11563,7,230
14326,61834,2,38
14327,68746,1,21
14328,40855,1,31
14329,45142,3,33
14330,24504,8,165
14331,24502,1,4
14332,13208,1,55
14333,56157,1,14
14334,98264,1,36
14335,44124,1,26
14336,07071,1,70
14337,40222,2,30
14338,14727,1,15
14339,14098,1,40
14340,05851,1,30
14341,01905,8,183
14342,72440,1,15
14343,32444,2,21
14344,47355,1,25
14345,35575,2,25
14346,61049,2,40
14347,84640,1,6
14348,01940,2,40
14349,18066,1,25
14350,50153,1,15
14351,47619,1,16
14352,98036,2,56
14353,60411,1,21
14354,66868,1,15
14355,12952,1,30
14356,48653,1,13
14357,48165,2,31
14358,13368,1,50
14359,14489,1,35
14360,60534,1,34
14361,67554,1,25
14362,80540,2,47
14363,97358,2,23
14364,19536,1,20
14365,47443,1,15
14366,57041,1,17
14367,68038,1,30
14368,48851,1,22
14369,43533,1,28
14370,13027,2,35
14371,50561,1,13
14372,39443,1,20
14373,75147,3,32
14374,55954,1,20
14375,39750,3,24
14376,25871,1,14
14377,32063,2,28
14378,27852,1,25
14379,33621,2,63
14380,14502,1,18
14381,14502,1,60
14382,51549,1,32
14383,29341,3,36
14384,44056,3,50
14385,29431,3,22
14386,35771,1,24
14387,71753,2,20
14388,35461,1,17
14389,04654,1,26
14390,14101,1,50
14391,83251,4,20
14392,61755,1,22
14393,67557,1,15
14394,40040,1,15
14395,39209,1,12
14396,61455,2,19
14397,48042,4,68
14398,39341,2,24
14399,63552,1,19
14400,63552,1,20
14401,27551,1,19
14402,23139,1,25
14403,31201,22,410
14404,18062,1,20
14405,46951,1,16
14406,45323,1,92
14407,04756,2,34
14408,03823,1,20
14409,39109,1,21
14410,58348,1,29
14411,72069,1,26
14412,45243,2,42
14413,33708,1,14
14414,56062,1,31
14415,96119,1,5
14416,93638,2,17
14417,93637,12,112
14418,16661,1,25
14419,73446,1,23
14420,38301,16,166
14421,40475,2,151
14422,32340,3,36
14423,22727,1,50
14424,27025,1,21
14425,53703,15,393
14426,13402,1,30
14427,07940,1,24
14428,04950,2,17
14429,32340,1,20
14430,83440,3,61
14431,56256,1,26
14432,57042,1,29
14433,44057,2,34
14434,95653,1,18
14435,35758,3,67
14436,03849,1,23
14437,30650,1,23
14438,48071,2,32
14439,06443,1,35
14440,45656,1,28
14441,56063,1,25
14442,08859,1,27
14443,53713,1,47
14444,45368,1,20
14445,43055,1,70
14446,45042,3,50
14447,49221,1,36
14448,43125,3,61
14449,46506,1,28
14450,46135,1,10
14451,44905,2,34
14452,46113,2,40
14453,43531,1,15
14454,47250,1,35
14455,46058,1,18
14456,47546,1,22
14457,47955,1,24
14458,46745,1,30
14459,59729,3,32
14460,15663,1,19
14461,21648,1,25
14462,25130,1,20
14463,47250,6,60
14464,68748,1,41
14465,66860,1,12
14466,65263,1,23
14467,42431,4,69
14468,37354,1,43
14469,77864,1,23
14470,36320,1,26
14471,50156,1,21
14472,13660,1,43
14473,87010,1,5
14474,69150,1,20
14475,62256,1,25
14476,03579,1,12
14477,87825,1,8
14478,39111,1,30
14479,28751,1,37
14480,72104,1,12
14481,68749,1,16
14482,77979,1,19
14483,77305,1,17
14484,56158,1,11
14485,51550,1,10
14486,08049,1,35
14487,71753,1,20
14488,42757,1,25
14489,61336,1,14
14490,39652,1,22
14491,36555,2,32
14492,19962,1,40
14493,39573,1,5
14494,77354,9,203
14495,28453,1,34
14496,17948,5,125
14497,17964,1,20
14498,56557,1,25
14499,10542,2,85
14500,10541,3,149
14501,55115,1,36
14502,55707,1,22
14503,07430,5,135
14504,28650,2,35
14505,17815,1,16
14506,14221,2,90
14507,13802,1,9
14508,32751,2,44
14509,64466,1,11
14510,62903,2,31
14511,55763,1,17
14512,32950,1,28
14513,08328,2,25
14514,75148,1,20
14515,50157,1,18
14516,02148,3,108
14517,61356,1,26
14518,63863,2,21
14519,99149,1,15
14520,25306,1,25
14521,12477,2,35
14522,97632,1,12
14523,88264,1,17
14524,50562,1,25
14525,05446,1,30
14526,63147,1,35
14527,68040,1,30
14528,12953,1,70
14529,76660,1,12
14530,41175,1,20
14531,65339,1,20
14532,60150,1,36
14533,12020,2,55
14534,43756,1,24
14535,36375,1,17
14536,72104,2,20
14537,51551,1,20
14538,11565,1,81
14539,10543,4,175
14540,10538,1,89
14541,84762,1,13
14542,93546,2,69
14543,72554,1,14
14544,85618,1,11
14545,70554,3,65
14546,07726,1,32
14547,08736,2,73
14548,20111,1,27
14549,20110,1,35
14550,54949,1,26
14551,49659,2,36
14552,37355,2,37
14553,21102,1,94
14554,45144,1,35
14555,31816,1,22
14556,04351,1,33
14557,01944,1,13
14558,56007,1,12
14559,14504,1,35
14560,52057,1,32
14561,03101,10,190
14562,05255,1,41
14563,06042,4,76
14564,40962,1,30
14565,17402,2,35
14566,48158,1,24
14567,08757,1,30
14568,73758,1,14
14569,62663,1,13
14570,03103,1,20
14571,81328,3,17
14572,58554,2,45
14573,58554,2,39
14574,71259,4,18
14575,23009,1,30
14576,73554,1,32
14577,11023,5,245
14578,90266,2,54
14579,66502,5,86
14580,60442,2,31
14581,59741,1,18
14582,59741,1,18
14583,89022,1,7
14584,17545,1,50
14585,84046,1,16
14586,72442,1,25
14587,51454,1,17
14588,46150,1,30
14589,49660,1,21
14590,49854,1,28
14591,73555,1,5
14592,08754,2,60
14593,80829,1,41
14594,42436,1,25
14595,54545,1,17
14596,54220,4,54
14597,56001,3,61
14598,68403,1,0
14599,99756,1,12
14600,61338,1,16
14601,50456,1,17
14602,27953,1,21
14603,74044,1,40
14604,51455,1,36
14605,29102,1,54
14606,71763,1,14
14607,08079,1,30
14608,42442,1,22
14609,26582,3,30
14610,73447,1,20
14611,19083,1,55
14612,16236,1,20
14613,15665,1,29
14614,11949,3,96
14615,71052,2,14
14616,44902,5,93
14617,06268,3,80
14618,02048,2,41
14619,65704,1,31
14620,38236,2,14
14621,76063,5,79
14622,16933,1,40
14623,07865,1,30
14624,14755,1,24
14625,50563,1,46
14626,71350,2,20
14627,58058,1,50
14628,95337,3,53
14629,60950,2,30
14630,84642,1,20
14631,08738,1,18
14632,55955,1,26
14633,08080,2,25
14634,84324,1,25
14635,44255,1,32
14636,77578,2,34
14637,02838,1,25
14638,08835,3,60
14639,81058,1,12
14640,63028,1,22
14641,53704,1,27
14642,48460,1,35
14643,55369,6,103
14644,49645,1,27
14645,44137,2,38
14646,55604,2,12
14647,55358,1,30
14648,60151,1,38
14649,55359,1,24
14650,48853,1,21
14651,49707,1,20
14652,74948,1,17
14653,08052,1,20
14654,14712,1,21
14655,98038,6,60
14656,54854,1,10
14657,58059,1,20
14658,51034,1,25
14659,84664,1,50
14660,56065,1,0
14661,17052,1,21
14662,97453,1,16
14663,04757,1,25
14664,55912,1,21
14665,55109,5,95
14666,63143,1,20
14667,07040,2,43
14668,45340,1,17
14669,12189,1,35
14670,52060,1,30
14671,61458,1,24
14672,17951,1,15
14673,27530,1,32
14674,54448,1,24
14675,13803,1,45
14676,33050,2,33
14677,79842,1,7
14679,78654,1,20
14680,78654,1,17
14681,63764,1,20
14682,50653,1,18
14683,72740,1,19
14684,01945,2,42
14685,12401,1,10
14686,14513,1,60
14687,49067,1,24
14688,13108,1,45
14689,92518,2,56
14690,51035,1,28
14691,19061,1,50
14692,21837,1,37
14693,47140,1,15
14694,52301,1,28
14695,60152,1,44
14696,49224,2,19
14697,49947,1,20
14698,79843,1,18
14699,35112,2,34
14700,44824,1,21
14701,12455,1,61
14702,08402,2,35
14703,33063,3,80
14704,15650,1,40
14705,72360,1,30
14706,15345,1,21
14707,12137,1,40
14708,04605,1,16
14709,54227,1,40
14710,45227,1,42
14711,16239,1,16
14712,45750,3,35
14713,75566,1,10
14714,73448,2,20
14715,30060,6,133
14716,56257,1,20
14717,17547,1,15
14718,38856,1,20
14719,46176,1,20
14720,14102,1,42
14721,94973,6,95
14722,93933,2,18
14723,48039,1,22
14724,29904,2,38
14725,31704,1,40
14726,93517,1,18
14727,62061,1,33
14728,55047,1,28
14729,54143,1,16
14730,70757,2,22
14731,94903,1,31
14732,15759,1,40
14733,43302,3,65
14734,49665,1,28
14735,66859,1,15
14736,97317,8,87
14737,67053,2,20
14738,67475,1,7
14739,67483,1,17
14740,66858,1,14
14741,34471,34,624
14742,63463,1,13
14743,19567,1,28
14744,42064,1,20
14745,57043,1,30
14746,66861,1,20
14747,58466,1,25
14748,54950,1,25
14749,46952,5,60
14750,02738,2,38
14751,72364,3,43
14752,14505,1,30
14753,28752,1,27
14754,62959,1,25
14755,52302,2,63
14756,21838,1,35
14757,24354,2,38
14758,29571,2,27
14759,43302,2,26
14760,48614,1,19
14761,50632,1,17
14762,47446,1,35
14763,16020,1,12
14764,47240,1,20
14765,17202,1,45
14766,78124,3,22
14767,39342,1,26
14768,36756,1,20
14769,95338,12,78
14770,95338,2,17
14771,62257,1,36
14772,48629,1,23
14773,60428,3,20
14774,77456,1,14
14775,46770,1,30
14776,15613,2,15
14777,96120,1,15
14778,16657,1,30
14779,15459,2,35
14780,71351,1,29
14781,74644,1,11
14782,12542,1,45
14783,07751,2,55
14784,44601,1,28
14785,20772,2,75
14786,01752,3,73
14787,03455,1,25
14788,06447,2,35
14789,48453,1,22
14790,36360,1,17
14791,76661,2,13
14792,24954,1,37
14793,03456,1,16
14794,73055,1,39
14795,72443,1,14
14796,58643,1,25
14797,25315,1,38
14798,08223,1,40
14799,51552,1,20
14800,61756,1,32
14801,61554,1,19
14802,49855,1,32
14803,53947,1,10
14804,68854,1,17
14805,77865,1,10
14806,70072,3,34
14807,70058,3,40
14808,41522,1,33
14809,42717,1,20
14810,47620,2,35
14811,28754,2,30
14812,04758,1,30
14813,71860,1,14
14814,39664,1,12
14815,39350,2,20
14816,61341,1,30
14817,43332,1,15
14818,28753,1,21
14819,66427,1,32
14820,75670,3,47
14821,49068,1,23
14822,65340,1,19
14823,56258,1,47
14824,62441,1,29
14825,49068,2,22
14826,45133,1,20
14827,15086,2,31
14828,47421,1,12
14829,72650,1,25
14830,53559,1,40
14831,73056,1,14
14832,47859,1,19
14833,20115,1,25
14834,18302,2,35
14835,50158,1,27
14836,31057,1,30
14837,54449,1,40
14838,02050,3,68
14839,05658,1,20
14840,83639,1,26
14841,63866,1,6
14842,76664,1,17
14843,52305,1,24
14844,50160,0,18
14845,73556,1,18
14846,59926,1,17
14847,34994,15,297
14848,72482,1,11
14849,30557,1,20
14850,49070,1,23
14851,21220,1,63
14852,72837,1,14
14853,39325,1,23
14854,57551,1,25
14855,28906,1,25
14856,30817,2,18
14857,17522,1,68
14858,78655,1,20
14859,85364,1,4
14860,94553,1,45
14861,43935,4,45
14862,40815,1,10
14863,65264,1,22
14864,25401,2,37
14865,16662,1,40
14866,13404,1,30
14867,68710,1,25
14868,24112,2,44
14869,46151,1,25
14870,62442,2,35
14871,08836,2,45
14872,45146,1,19
14873,60951,1,12
14874,72366,1,9
14875,43055,1,35
14876,17952,1,15
14877,21649,1,70
14878,19964,1,50
14879,39051,1,24
14880,20724,1,100
14881,63043,2,46
14882,21053,1,40
14883,79535,1,10
14884,17053,1,10
14885,95901,1,21
14886,66508,2,24
14887,48040,1,19
14888,98270,5,110
14889,43040,2,55
14890,59640,1,6
14891,62062,1,21
14892,64468,1,20
14893,37801,3,59
14894,62258,1,40
14895,06338,1,26
14896,02649,2,36
14897,39341,1,8
14898,50401,1,44
14899,62664,1,25
14900,98541,4,25
14901,98584,11,69
14902,98541,4,33
14903,98584,7,42
14904,98592,2,24
14905,98584,2,12
14906,98548,1,24
14907,98546,2,20
14908,98548,1,20
14909,98588,3,15
14910,48854,2,31
14911,38049,1,6
14912,03048,1,27
14913,54856,2,20
14914,89447,2,40
14915,76856,1,30
14916,25260,1,19
14917,15461,1,25
14918,26542,1,18
14919,13804,1,30
14920,49878,1,21
14921,50654,1,19
14922,62960,1,30
14923,11758,3,291
14924,50853,1,29
14925,13662,1,72
14926,35619,2,20
14927,45032,1,18
14928,44646,4,56
14929,02128,2,90
14930,17545,1,30
14931,11951,1,65
14932,11950,2,172
14933,79244,1,24
14934,77457,2,17
14935,18336,1,45
14936,07747,4,150
14937,25678,2,20
14938,23109,5,75
14939,26812,2,23
14940,49891,1,20
14941,78368,1,20
14942,39752,1,21
14943,33922,4,38
14944,24736,2,22
14945,02739,1,33
14946,04459,2,32
14947,49071,1,35
14948,60443,2,34
14949,28105,1,36
14950,46957,1,26
14951,63867,1,21
14952,11952,1,110
14953,42064,1,26
14954,61938,2,30
14955,74854,1,17
14956,75567,2,14
14957,21767,1,51
14958,29662,4,55
14959,43537,2,75
14960,72113,2,46
14961,70555,1,28
14962,08329,1,20
14963,38401,13,111
14964,28554,1,30
14965,53948,1,30
14966,24360,1,25
14967,58759,1,34
14968,58760,1,15
14969,30671,1,10
14970,78656,1,18
14971,50161,1,18
14972,95955,1,28
14973,87728,1,9
14974,51354,1,17
14975,76857,1,20
14976,95442,3,19
14977,12543,1,50
14978,55360,1,28
14979,86333,3,43
14980,66509,1,18
14981,12117,1,25
14982,44124,1,39
14983,18433,3,25
14984,44143,1,25
14985,35555,1,15
14986,42066,2,20
14987,72106,2,16
14988,88339,4,12
14989,41837,1,25
14990,56260,1,22
14991,13403,2,45
14992,01754,1,23
14993,72444,2,17
14994,37807,1,14
14995,29368,2,35
14996,27027,1,22
14997,08330,1,36
14998,41055,1,16
14999,29138,1,16
15000,30558,1,14
15001,41056,2,26
15002,28555,1,25
15003,73057,1,13
15004,72747,1,34
15005,26833,1,30
15006,96064,1,9
15007,17550,1,30
15008,35118,1,10
15009,64071,1,13
15010,53050,1,35
15011,48744,1,27
15012,58257,1,30
15013,07607,2,50
15014,60153,2,36
15015,69038,1,16
15016,69170,1,15
15017,55956,1,23
15018,53560,1,26
15019,60444,1,20
15020,48623,1,9
15021,76657,2,26
15022,31055,2,32
15023,72102,2,17
15024,18237,1,35
15025,79243,1,12
15026,35022,3,32
15027,07428,1,20
15028,74501,5,42
15029,78501,7,164
15030,72117,1,13
15031,45651,2,32
15032,96056,2,20
15033,29910,2,35
15034,49657,1,5
15035,83638,1,24
15036,36426,1,22
15037,35111,2,28
15038,50154,1,20
15039,15711,1,40
15040,83250,1,16
15041,71847,1,8
15042,52758,1,25
15043,98438,1,60
15044,98557,1,18
15045,26426,1,25
15046,51548,1,16
15047,15458,1,21
15048,96057,1,19
15049,17841,1,20
15050,62957,2,15
15051,58463,1,16
15052,58463,1,36
15053,29570,1,27
15054,59215,1,20
15055,67221,2,64
15056,29726,1,24
15057,17233,1,50
15058,16660,1,39
15059,13308,1,28
15060,60525,1,11
15061,39108,1,25
15062,68401,1,22
15063,74604,1,16
15064,35960,2,25
15065,46055,1,35
15066,29835,2,20
15067,29835,1,22
15068,59935,2,8
15069,29044,1,24
15070,72101,2,24
15071,47129,2,77
15072,36502,1,15
15073,74944,1,14
15074,47725,2,64
15075,78650,1,12
15076,40152,2,17
15077,55738,1,21
15078,89421,1,14
15079,67745,1,15
15080,44437,1,22
15081,29720,1,17
15082,15057,1,36
15083,37810,1,20
15084,72441,1,14
15085,24458,3,30
15086,30824,6,55
15087,29044,1,50
15088,77356,5,60
15089,37101,2,28
15090,64657,1,18
15091,53558,1,43
15092,66501,1,12
15093,22840,1,30
15094,71654,2,27
15095,29655,1,32
15096,89318,1,19
15097,28649,1,27
15098,56350,1,17
15099,99627,1,15
15100,13101,1,44
15101,52157,2,28
15102,55760,2,23
15103,45859,1,18
15104,08641,2,60
15105,58464,1,22
15106,60050,4,159
15107,39561,2,35
15108,56556,1,25
15109,87032,1,23
15110,57641,1,22
15111,36553,1,26
15112,16426,1,42
15113,15136,1,25
15114,58854,2,40
15115,97489,5,44
15116,38201,1,32
15117,36456,1,12
15118,74955,1,17
15119,55741,1,13
15120,99755,1,12
15121,26070,1,19
15122,75071,8,156
15123,12203,2,45
15124,98502,2,48
15125,98502,4,53
15126,57642,1,25
15127,39401,2,20
15128,42327,1,25
15129,42352,1,22
15130,42372,1,26
15131,13102,1,30
15132,79057,1,21
15133,62859,1,20
15134,27301,3,47
15135,38235,1,17
15136,75032,2,20
15137,74851,1,26
15138,40220,1,42
15139,78616,3,14
15140,26040,1,22
15141,54449,1,17
15142,49925,1,17
15143,97128,2,88
15144,37110,2,32
15145,85348,1,15
15146,77521,1,12
15147,38375,11,185
15148,71752,1,14
15149,98388,1,18
15150,39457,1,18
15151,67420,3,34
15152,67546,1,24
15153,67460,1,10
15154,67464,1,25
15155,67428,3,21
15156,67476,1,24
15157,67107,1,25
15158,67443,2,34
15159,78123,2,32
15160,35461,1,20
15161,17051,1,26
15162,58254,1,22
15163,55372,1,32
15164,68041,1,30
15165,67864,1,14
15166,40108,2,55
15167,42164,1,16
15168,25976,1,20
15169,84644,1,12
15170,68752,1,25
15171,87032,1,20
15172,95956,1,12
15173,62010,1,42
15174,55765,1,13
15175,07073,1,35
15176,11559,1,46
15177,03447,1,35
15178,24120,1,30
15179,83654,1,15
15180,24361,1,28
15181,64659,1,18
15182,16335,1,24
15183,39653,1,22
15184,59645,4,32
15185,30256,1,15
15186,28607,1,39
15187,44410,1,15
15188,47860,1,15
15189,04256,1,35
15190,43044,1,27
15191,62545,1,35
15192,10940,2,50
15193,52306,1,18
15194,17901,1,20
15195,20659,2,110
15196,12118,2,85
15197,14863,1,25
15198,12078,1,56
15199,49346,1,18
15200,47957,1,16
15201,04657,1,16
15202,54451,1,30
15203,02155,6,121
15204,55049,1,25
15205,11763,3,110
15206,97501,5,80
15207,08055,1,20
15208,08055,3,89
15209,73759,1,15
15210,37769,1,30
15211,19063,1,22
15212,61480,2,29
15213,52637,1,20
15214,99022,1,16
15215,97814,1,12
15216,82329,1,13
15217,59247,3,30
15218,67104,1,15
15219,73557,1,19
15220,14103,1,25
15221,38355,3,32
15222,44256,6,33
15223,58467,1,20
15224,78063,3,25
15225,78055,1,16
15226,62063,1,20
15227,58645,1,15
15228,12120,1,31
15229,02053,2,34
15230,04460,1,14
15231,12087,1,40
15232,74855,1,20
15233,73507,1,12
15234,82433,1,22
15235,23954,1,35
15236,63123,7,86
15237,37322,6,75
15238,99630,1,12
15239,83641,1,25
15240,42069,1,18
15241,32951,1,17
15242,50162,1,18
15243,32935,8,138
15244,72556,2,20
15245,41085,1,22
15246,50163,1,29
15247,23410,1,16
15248,75454,1,27
15249,54546,1,27
15250,49893,2,27
15251,57461,1,24
15252,02176,3,57
15253,56352,1,25
15254,49796,2,14
15255,12121,1,30
15256,60160,2,62
15257,54642,1,26
15258,88124,0,15
15259,59743,1,12
15260,75961,1,17
15261,52569,1,12
15262,59054,1,11
15263,71353,1,10
15264,11747,4,113
15265,60952,1,20
15266,76858,1,10
15267,48122,1,14
15268,19963,1,35
15269,38112,56,1687
15270,13112,1,24
15271,79245,1,30
15272,63555,1,24
15273,48041,1,13
15274,71953,2,24
15275,56464,1,23
15276,12204,1,26
15277,76859,1,22
15278,54230,1,26
15279,39114,1,29
15280,07945,1,45
15281,07926,2,72
15282,95988,1,160
15283,95460,3,35
15284,49072,1,23
15285,14506,1,45
15286,84325,1,23
15287,01756,1,20
15288,64660,1,11
15289,62351,1,11
15290,45862,1,25
15291,61342,2,26
15292,55120,1,36
15293,61342,1,20
15294,40322,4,50
15295,72107,0,15
15296,50164,1,15
15297,67753,1,12
15298,30731,1,18
15299,94025,7,93
15300,57045,1,25
15301,73760,1,17
15302,15905,1,25
15303,49858,1,12
15304,61025,3,22
15305,49858,2,28
15306,53051,5,101
15307,54751,2,48
15308,44060,5,111
15309,44060,1,30
15310,56736,1,22
15311,95301,19,297
15312,78570,1,30
15313,64673,1,20
15314,40330,10,102
15315,98040,2,30
15316,58559,1,23
15317,22827,1,48
15318,27712,1,32
15319,03253,2,45
15320,18407,1,30
15321,62665,1,27
15322,13806,1,34
15323,51037,1,17
15324,83642,5,69
15325,48864,3,37
15326,76665,1,24
15327,73529,1,16
15328,35759,1,16
15329,80741,1,15
15330,19003,1,53
15331,75458,1,19
15332,30222,13,156
15333,79536,2,18
15334,68856,1,20
15335,66202,1,27
15336,11566,3,130
15337,74881,1,10
15338,58436,1,8
15339,51038,1,22
15340,97633,1,30
15341,54754,1,15
15342,53561,1,25
15343,01860,1,45
15344,03054,3,50
15345,60803,1,32
15346,49667,1,19
15347,32953,1,20
15348,48747,1,14
15349,29860,3,37
15350,27957,1,27
15351,76666,1,13
15352,53029,2,44
15353,81527,3,37
15354,85201,20,370
15355,92070,1,4
15356,81330,1,12
15357,85602,3,14
15358,44439,1,14
15359,89027,3,32
15360,75149,7,208
15361,88048,1,20
15362,65058,2,20
15363,17221,1,32
15364,99153,1,14
15365,61548,1,25
15366,48455,1,21
15367,43540,1,19
15368,61940,1,15
15369,38760,1,20
15370,01844,4,96
15371,99926,1,39
15372,00953,1,21
15373,48212,2,7
15374,37214,1,68
15375,63040,5,102
15376,63136,1,15
15377,62960,1,13
15378,20166,4,154
15379,08840,1,52
15380,46703,1,15
15381,76667,1,24
15382,76667,1,12
15383,84531,1,5
15384,32456,1,17
15385,46958,1,19
15386,65265,1,42
15387,13114,1,44
15388,77974,1,20
15389,77833,1,20
15390,49887,1,4
15391,49841,3,9
15392,49455,1,4
15393,95346,1,23
15394,33140,4,200
15395,74354,2,26
15396,33136,14,699
15397,45150,4,87
15398,45052,3,45
15399,45387,2,38
15400,45342,5,78
15401,87729,1,10
15402,33178,71,2094
15403,79059,2,16
15404,83814,1,20
15405,32667,1,15
15406,36264,1,0
15407,46360,1,15
15408,38357,1,14
15409,49861,2,28
15410,46360,4,81
15411,49738,1,10
15412,48726,1,11
15413,48933,50,375
15414,49707,1,8
15415,48742,1,3
15416,49709,1,12
15417,49765,1,12
15418,48653,3,41
15419,49617,1,7
15420,49655,1,9
15421,46057,1,16
15422,78056,3,16
15423,27555,1,29
15424,63133,1,17
15425,07601,4,58
15426,93923,1,23
15427,97058,2,30
15428,74960,2,18
15429,78644,1,8
15430,65020,6,44
15431,37755,1,20
15432,27970,1,27
15433,48880,1,23
15434,61856,2,30
15435,62258,1,7
15436,89414,1,25
15437,12848,1,27
15438,12550,2,45
15439,54114,2,18
15440,11953,2,40
15441,35634,1,18
15442,45863,2,36
15443,21220,1,43
15444,56737,1,13
15445,15116,1,21
15446,02346,3,45
15447,26149,1,16
15448,44130,1,27
15449,12122,1,45
15450,05753,2,35
15451,46540,1,46
15452,06762,2,120
15453,08873,1,34
15454,06455,1,50
15455,01243,1,20
15456,44062,2,20
15457,13450,1,16
15458,40380,1,19
15459,14105,1,52
15460,45760,1,14
15461,40965,2,25
15462,08846,4,80
15463,14507,1,20
15464,16059,1,26
15465,05602,2,21
15466,23175,1,27
15467,27557,1,29
15468,03887,1,15
15469,01949,1,36
15470,53562,2,71
15471,83644,2,51
15472,43402,3,42
15473,63359,1,16
15474,19063,1,50
15475,06457,2,63
15476,47356,1,35
15477,02842,1,28
15478,10940,3,109
15479,40223,3,72
15480,62666,1,11
15481,05757,1,18
15482,19037,3,81
15483,07748,11,350
15484,22645,1,39
15485,21769,1,83
15486,25430,1,25
15487,35228,1,16
15488,77458,1,17
15489,36350,1,16
15490,21542,1,35
15491,48640,3,45
15492,28107,2,67
15493,79701,10,194
15494,62540,1,15
15495,07432,1,40
15496,72945,1,8
15497,48640,1,24
15498,15059,1,13
15499,57552,1,26
15500,29138,1,17
15501,76065,3,44
15502,60445,2,20
15503,95345,1,6
15504,13403,1,47
15505,37748,1,20
15506,84047,2,60
15507,83645,2,25
15508,44653,1,13
15509,72651,3,18
15510,36037,1,16
15511,38852,1,18
15512,88230,1,25
15513,27295,1,49
15514,17025,1,18
15515,12205,2,55
15516,32343,1,28
15517,40347,1,12
15518,32563,2,27
15519,29585,3,65
15520,29047,1,8
15521,36053,1,10
15522,30817,2,12
15523,37809,1,22
15524,26321,1,29
15525,24598,1,320
15526,15060,1,38
15527,71845,1,15
15528,15601,1,19
15529,73110,6,86
15530,55009,1,26
15531,17058,1,52
15532,43230,4,90
15533,44903,2,32
15534,18631,1,19
15535,44805,1,17
15536,17844,2,50
15537,17059,1,45
15538,48745,1,25
15539,56353,1,20
15540,48160,1,29
15541,63556,1,18
15542,38358,2,37
15543,56262,1,20
15544,44846,2,34
15545,87021,2,24
15546,31060,1,8
15547,47031,1,30
15548,57252,1,32
15549,04658,1,12
15550,42070,1,15
15551,18632,1,20
15552,75109,1,17
15553,59301,1,20
15554,16872,1,52
15555,52064,1,20
15556,57553,2,15
15557,74046,1,16
15558,45150,1,60
15559,08848,2,35
15560,01757,2,45
15561,48381,2,32
15562,51351,1,30
15563,03055,1,29
15564,04461,1,29
15565,96121,1,14
15566,60953,2,24
15567,06460,5,112
15568,45004,3,28
15569,18951,2,41
15570,13807,1,50
15571,46542,1,28
15572,66514,1,10
15573,97360,1,19
15574,17060,1,30
15575,19808,2,99
15576,28570,1,28
15577,74856,1,19
15578,28756,2,35
15579,46953,1,23
15580,94941,2,29
15581,41501,4,23
15582,24460,1,18
15583,12545,1,50
15584,36054,3,64
15585,49310,1,18
15586,01527,4,44
15587,16506,7,185
15588,16225,1,25
15589,61051,2,26
15590,38359,1,12
15591,30442,1,27
15592,27805,1,24
15593,45864,1,35
15594,71834,1,13
15595,65707,1,14
15596,57362,2,38
15597,75433,1,17
15598,14108,1,60
15599,11764,1,67
15600,68858,1,35
15601,28146,1,30
15602,47025,1,25
15603,28651,2,37
15604,17061,1,35
15605,65251,1,26
15606,40348,1,15
15607,43046,2,36
15608,76862,1,10
15609,37072,2,24
15610,63766,3,25
15611,12546,1,68
15612,74750,1,11
15613,56315,1,25
15614,36251,1,18
15615,14004,1,35
15616,68406,1,22
15617,72442,1,8
15618,80543,2,39
15619,38053,1,11
15620,38053,2,25
15621,97420,2,17
15622,07946,1,35
15623,48746,1,24
15624,04462,1,35
15625,02054,2,27
15626,14864,1,29
15627,35576,1,18
15628,36558,1,16
15629,82604,1,11
15630,51653,1,30
15631,28759,4,63
15632,48756,1,23
15633,48642,1,20
15634,19966,1,62
15635,62260,1,32
15636,08510,1,34
15637,08875,1,30
15638,08850,2,42
15639,47145,1,31
15640,54858,1,34
15641,72936,3,18
15642,15209,1,20
15643,17846,1,50
15644,08332,1,32
15645,96062,1,13
15646,01529,1,23
15647,19967,2,96
15648,10546,2,50
15649,22602,1,41
15650,08340,1,12
15651,88125,2,10
15652,58060,1,39
15653,04463,1,32
15654,71646,1,14
15655,50166,1,31
15656,64772,1,25
15657,97429,1,10
15658,95035,4,75
15659,56263,1,21
15660,53563,1,33
15661,12863,2,55
15662,40045,2,16
15663,05468,1,35
15664,17847,2,30
15665,02186,3,56
15666,98354,1,28
15667,19968,1,75
15668,12547,1,35
15669,03851,2,38
15670,97862,2,22
15671,97862,3,42
15672,49648,2,11
15673,44429,1,17
15674,43541,1,30
15675,25541,1,38
15676,70592,2,17
15677,27305,2,25
15678,47357,1,21
15679,56354,1,20
15680,67466,1,21
15681,53233,36,950
15682,75630,3,17
15683,69356,2,22
15684,50167,1,12
15685,48456,1,22
15686,68959,1,34
15687,71055,3,39
15688,51553,1,25
15689,64769,1,13
15690,07803,1,36
15691,22508,2,27
15692,11501,2,150
15693,75773,1,29
15694,63801,1,23
15695,61344,1,20
15696,44656,1,20
15697,89415,5,39
15698,53565,1,36
15699,71851,1,14
15700,27105,1,35
15701,28112,2,43
15702,23117,1,25
15703,76067,2,36
15704,26150,1,25
15705,17954,1,40
15706,12851,2,35
15707,13115,1,15
15708,12956,1,20
15709,45653,1,30
15710,50168,1,15
15711,43938,1,21
15712,83336,3,37
15713,55415,19,434
15714,55450,2,52
15715,57747,1,14
15716,34715,1,15
15717,56264,1,26
15718,55959,1,16
15719,55345,5,94
15720,58351,1,15
15721,58351,1,34
15722,13116,2,35
15723,54859,1,27
15724,61760,1,25
15725,60447,2,42
15726,35224,1,34
15727,38473,1,12
15728,58705,1,59
15729,58701,4,60
15730,04258,3,33
15731,58701,3,35
15732,08341,1,20
15733,19720,1,48
15734,19804,1,38
15735,45865,1,35
15736,28227,1,43
15737,58261,1,14
15738,99758,1,18
15739,49738,1,4
15740,92145,2,51
15741,33027,5,147
15742,95553,1,8
15743,70578,2,36
15744,46544,4,122
15745,54228,1,34
15746,02891,1,25
15747,78572,4,87
15748,93940,1,0
15749,56465,2,19
15750,66614,1,51
15751,59802,5,89
15752,59804,5,62
15753,77459,5,76
15754,65301,1,80
15755,51555,1,26
15756,97016,6,33
15757,67420,3,39
15758,57301,1,27
15759,38663,1,23
15760,62040,2,35
15761,53207,1,25
15762,97750,1,10
15763,31023,1,12
15764,69357,1,41
15765,29055,5,25
15766,61761,1,50
15767,06514,1,25
15768,38358,1,13
15769,17236,1,28
15770,84532,3,40
15771,65270,2,25
15772,36602,20,455
15773,57601,1,16
15774,18655,1,20
15775,27028,1,27
15776,19320,1,30
15777,95354,16,152
15778,29838,1,12
15779,60505,1,20
15780,76502,1,21
15781,48610,1,18
15782,75901,1,10
15783,74946,1,13
15784,44260,1,20
15785,58761,1,27
15786,58761,1,27
15787,86440,3,51
15788,13407,1,29
15789,44688,1,25
15790,97454,5,38
15791,06382,1,38
15792,06382,1,46
15793,12957,1,33
15794,93501,1,11
15795,95245,1,12
15796,95237,1,29
15797,60448,3,33
15798,97038,3,37
15799,67353,1,12
15800,61265,4,60
15801,35586,1,16
15802,59057,1,18
15803,60954,1,30
15804,27856,1,31
15805,15061,1,18
15806,15061,1,28
15807,15061,1,26
15808,79756,1,32
15809,63017,5,113
15810,59463,2,15
15811,77484,2,61
15812,29461,2,19
15813,29461,3,23
15814,43542,1,49
15815,27559,2,29
15816,51557,1,18
15817,43138,1,18
15818,54755,1,31
15819,60449,2,45
15820,24572,3,33
15821,24121,3,40
15822,65708,2,20
15823,65708,4,15
15824,29105,3,21
15825,72447,1,21
15826,46771,1,24
15827,54501,1,12
15828,97071,2,18
15829,48706,1,41
15830,74331,1,18
15831,05443,1,25
15832,07750,1,54
15833,61462,2,15
15834,04259,2,41
15835,08852,2,30
15836,52159,1,28
15837,26555,1,32
15838,15063,1,30
15839,48161,3,22
15840,48161,2,49
15841,84754,1,20
15842,63456,2,13
15843,50170,1,30
15844,31029,13,90
15845,42167,1,22
15846,33050,10,170
15847,17055,1,15
15848,71202,10,182
15849,10950,4,85
15850,45044,2,47
15851,53566,2,42
15852,28112,5,90
15853,47401,7,140
15854,98272,2,62
15855,18832,1,45
15856,10950,1,50
15857,97456,3,26
15858,47302,1,14
15859,43031,1,40
15860,43535,1,22
15861,43050,1,25
15862,46157,1,24
15863,08831,1,25
15864,08831,2,49
15865,61052,1,24
15866,45106,2,26
15867,08831,1,38
15868,47126,3,31
15869,44843,1,26
15870,37354,2,20
15871,54651,1,20
15872,46772,1,30
15873,06468,2,44
15874,57047,1,15
15875,01350,2,12
15876,38573,1,11
15877,03771,1,18
15878,44030,1,20
15879,04951,1,13
15880,68647,1,30
15881,36460,2,40
15882,08343,1,30
15883,15146,1,70
15884,46773,1,20
15885,15146,5,32
15886,15146,1,35
15887,91016,2,47
15888,35757,2,65
15889,10952,1,65
15890,01057,1,32
15891,04464,1,19
15892,77580,1,30
15893,19453,1,25
15894,03057,1,22
15895,01351,1,26
15896,96064,1,20
15897,49437,1,25
15898,07827,1,33
15899,75853,2,10
15900,59404,1,30
15901,59634,2,27
15902,59722,1,22
15903,79938,2,30
15904,11954,2,120
15905,65660,1,10
15906,48838,1,23
15907,24737,1,21
15908,91763,2,21
15909,07042,3,84
15910,91763,2,32
15911,81144,1,22
15912,90640,3,58
15913,24464,1,12
15914,59860,2,18
15915,93108,2,36
15916,70377,4,23
15917,53949,1,30
15918,93940,1,11
15919,93908,6,70
15920,93940,6,82
15921,38574,1,15
15922,01245,1,18
15923,71354,5,20
15924,91754,3,71
15925,14812,1,25
15926,39073,1,28
15927,46960,1,19
15928,35115,2,45
15929,56265,1,29
15930,45866,1,18
15931,84534,1,20
15932,31063,2,35
15933,50171,1,30
15934,67867,1,13
15935,13117,1,32
15936,95206,2,23
15937,94571,7,33
15938,92066,1,10
15939,47862,1,24
15940,53569,1,32
15941,60538,2,59
15942,77316,4,40
15943,77378,5,65
15944,77306,7,36
15945,20878,37,1574
15946,24073,12,208
15947,77301,2,13
15948,40353,7,88
15949,67301,7,121
15950,37040,6,156
15951,96065,2,9
15952,78239,1,28
15953,05471,1,12
15954,49255,1,28
15955,45242,1,27
15956,25136,1,23
15957,56069,1,31
15958,12549,1,86
15959,36104,16,391
15960,47270,1,11
15961,19454,2,67
15962,08558,1,50
15963,17752,1,40
15964,35475,2,25
15965,47558,1,14
15966,42211,1,19
15967,08502,1,35
15968,63361,1,32
15969,61856,1,20
15970,55362,1,30
15971,84535,1,20
15972,39654,1,38
15973,71655,2,25
15974,12701,1,74
15975,42633,1,29
15976,31064,1,37
15977,53570,1,34
15978,47960,1,35
15979,52310,1,35
15980,32344,1,22
15981,28625,1,35
15982,87939,1,15
15983,29839,2,20
15984,14865,1,42
15985,17815,1,20
15986,50173,1,16
15987,39754,1,20
15988,83254,1,20
15989,43543,1,23
15990,52759,1,14
15991,70422,1,16
15992,05602,1,29
15993,47359,2,20
15994,54550,1,25
15995,81401,1,5
15996,52639,1,27
15997,71658,1,12
15998,64770,1,14
15999,55363,1,21
16000,10548,1,65
16001,81401,3,39
16002,62445,1,17
16003,48457,1,18
16004,57048,1,26
16005,33440,1,21
16006,07645,1,35
16007,24122,1,30
16008,07045,3,35
16009,44064,1,25
16010,80132,3,50
16011,84536,1,15
16012,31699,2,78
16013,35004,1,15
16014,65777,1,9
16015,12958,2,55
16016,15136,1,30
16017,15108,4,57
16018,07074,1,37
16019,82721,1,26
16020,73160,4,71
16021,48472,1,18
16022,59464,1,8
16023,47043,1,25
16024,24165,1,15
16025,45503,1,29
16026,43983,1,10
16027,26836,1,38
16028,73852,1,18
16029,35811,4,42
16030,08057,2,71
16031,38451,1,10
16032,46158,1,35
16033,28115,6,104
16034,64664,1,12
16035,58061,1,18
16036,38804,4,29
16037,56560,2,37
16038,51558,1,15
16039,50566,1,17
16040,55767,1,22
16041,99631,2,9
16042,18507,1,20
16043,02825,1,20
16044,55051,1,30
16045,87732,1,16
16046,94563,5,88
16047,45439,3,31
16048,46126,1,33
16049,66755,1,15
16050,52571,1,22
16051,13118,1,40
16052,65026,7,52
16053,28557,3,65
16054,40351,2,54
16055,63868,1,14
16056,85540,1,21
16057,49256,1,25
16058,92552,6,87
16059,05660,1,32
16060,70380,4,34
16061,46151,1,13
16062,84050,1,25
16063,30650,16,103
16064,84050,1,30
16065,56266,1,20
16066,95037,2,22
16067,44084,1,16
16068,76401,1,18
16069,45053,2,24
16070,45648,1,28
16071,46383,1,38
16072,76671,1,12
16074,76513,1,30
16075,74070,1,11
16076,28655,3,90
16077,26505,4,61
16078,42261,1,26
16079,46160,1,25
16080,67468,2,11
16081,27572,2,33
16082,12960,1,47
16083,48133,1,27
16084,52312,1,11
16085,13617,1,28
16086,86038,1,21
16087,71901,5,31
16088,20746,1,95
16089,97039,1,7
16090,97039,1,11
16091,47963,1,19
16092,92220,1,25
16093,92256,2,23
16094,43337,1,26
16095,66515,1,17
16096,69358,1,23
16097,04952,1,18
16098,72110,4,30
16099,38320,1,30
16100,66873,1,10
16101,13808,1,35
16102,35116,1,27
16103,56267,1,32
16104,60450,3,60
16105,07950,1,35
16106,07961,5,104
16107,16858,1,30
16108,47033,1,26
16109,74445,1,18
16110,06763,1,28
16111,36280,1,15
16112,37357,3,30
16113,61270,1,30
16114,73061,1,15
16115,65061,2,36
16116,54126,1,38
16117,12962,1,55
16118,62546,1,16
16119,72576,2,24
16120,32668,2,15
16121,07960,1,10
16122,13664,1,45
16123,07960,2,57
16124,05661,1,24
16125,55052,1,25
16126,57645,1,28
16127,46161,1,23
16128,25565,2,20
16129,27560,3,52
16130,19067,1,20
16131,13408,1,41
16132,65617,3,18
16133,93442,2,32
16134,30260,2,33
16135,68648,1,25
16136,55731,2,28
16137,06234,2,70
16138,56270,1,21
16139,61550,2,36
16140,14464,1,35
16141,60053,2,40
16142,79346,1,19
16143,19070,1,40
16144,42440,1,25
16145,31638,1,18
16146,81146,2,24
16147,38057,1,15
16148,83843,3,111
16149,49257,1,19
16150,18444,1,50
16151,98837,2,31
16152,37818,1,24
16153,97040,3,12
16154,54455,2,44
16155,87733,1,5
16156,95667,1,27
16157,77575,2,10
16158,76240,2,23
16159,38575,1,20
16160,32421,1,15
16161,56466,1,14
16162,58646,1,28
16163,13119,1,42
16164,35650,1,21
16165,77975,1,35
16166,03254,2,29
16167,31768,3,44
16168,64470,1,16
16169,62963,1,20
16170,57646,1,16
16171,55364,1,40
16172,67354,1,22
16173,62964,1,12
16174,74047,2,21
16175,26041,1,5
16176,26041,1,30
16177,35474,1,25
16178,19544,1,20
16179,27030,2,39
16180,21771,1,80
16181,97362,1,40
16182,50854,1,24
16183,76673,1,14
16184,53057,1,42
16185,17901,1,18
16186,37645,1,31
16187,62863,2,19
16188,17851,5,75
16189,61053,1,30
16190,04765,1,6
16191,26408,1,10
16192,48043,1,13
16193,24540,1,35
16194,04662,3,24
16195,32757,2,39
16196,75681,1,13
16197,46750,2,33
16198,48650,1,10
16199,27306,1,29
16200,43338,1,28
16201,45231,1,24
16202,35957,1,10
16203,24540,1,21
16204,28120,3,31
16205,08060,1,12
16206,71758,1,14
16207,05758,2,22
16208,27283,1,53
16209,67108,1,36
16210,25880,1,33
16211,35651,1,18
16212,53572,1,58
16213,16740,1,20
16214,17022,1,0
16215,10549,3,210
16216,08054,3,79
16217,15228,1,67
16218,85619,1,34
16219,12477,1,31
16220,15349,1,37
16221,14510,1,75
16222,48458,3,25
16223,28115,1,57
16224,35117,2,37
16225,28365,1,31
16226,35452,1,21
16227,36274,1,18
16228,36271,1,15
16229,26003,1,10
16230,45154,3,50
16231,19606,1,36
16232,19506,1,25
16233,75456,1,44
16234,67330,1,21
16235,84647,1,14
16236,15340,2,31
16237,32352,1,20
16238,60056,3,86
16239,62548,3,58
16240,24292,2,45
16241,21545,1,55
16242,96067,2,36
16243,96067,2,23
16244,96064,2,5
16245,72641,3,18
16246,11766,2,75
16247,62353,1,20
16248,26739,1,15
16249,07950,3,42
16250,17066,1,40
16251,43050,2,36
16252,98273,3,52
16253,62864,3,29
16254,40456,1,25
16255,75457,1,18
16256,04352,2,22
16257,47620,1,22
16258,52314,1,30
16259,21853,1,20
16260,36560,1,25
16261,97865,2,20
16262,57363,1,24
16263,72111,1,21
16264,42501,1,27
16265,20135,2,35
16266,36272,1,20
16267,35503,1,15
16268,35213,3,63
16269,80135,3,24
16270,28338,1,26
16271,95246,1,60
16272,84050,1,10
16273,65711,2,26
16274,83648,2,78
16275,83647,3,33
16276,28791,3,34
16277,72653,2,42
16278,83647,1,33
16279,07823,1,33
16280,56159,1,25
16281,07046,1,35
16282,73559,1,12
16283,28676,1,32
16284,71956,1,20
16285,29664,1,26
16286,72023,2,14
16287,16677,1,15
16288,28734,1,23
16289,93675,1,20
16290,98092,8,129
16291,12180,1,35
16292,72560,3,30
16293,73062,1,13
16294,94041,5,70
16295,28635,1,30
16296,82939,1,22
16297,95313,2,22
16298,80504,9,90
16299,22555,1,26
16300,28602,3,25
16301,74401,1,17
16302,65548,2,24
16303,85704,2,38
16304,38554,1,20
16305,58262,1,16
16306,87036,1,26
16307,35956,2,25
16308,12763,1,35
16309,07092,1,33
16310,18707,1,23
16311,98043,2,38
16312,17554,1,22
16313,29370,1,13
16314,39452,1,10
16315,51039,1,24
16316,37379,1,22
16317,62550,1,23
16318,13090,4,82
16319,74557,1,4
16320,83845,1,12
16321,27958,1,46
16322,26003,1,15
16323,07863,1,19
16324,26716,1,10
16325,35079,2,12
16326,38606,1,20
16327,41064,1,0
16328,38917,1,15
16329,37385,1,18
16330,40047,4,38
16331,77423,1,17
16332,62549,1,32
16333,21742,1,30
16334,62547,1,20
16335,41041,1,20
16336,08059,1,50
16337,61754,1,15
16338,22842,1,27
16339,61054,1,26
16340,62069,1,29
16341,15210,1,25
16342,38474,1,30
16343,43939,1,20
16344,15666,2,54
16345,52644,1,13
16346,65712,1,25
16347,35555,1,17
16348,37150,1,16
16349,17046,1,10
16350,66619,1,18
16351,41631,2,20
16352,35603,2,20
16353,06244,1,34
16354,38574,1,15
16355,42167,1,21
16356,49836,1,9
16357,76252,1,28
16358,94965,1,16
16359,98275,2,28
16360,53149,2,50
16361,79536,1,12
16362,72947,4,30
16363,66756,1,10
16364,62262,1,20
16365,28659,1,30
16366,78949,2,15
16367,40155,1,12
16368,74948,2,20
16369,95640,1,12
16370,79347,3,33
16371,83846,1,16
16372,69152,1,20
16373,25882,1,28
16374,76864,1,10
16375,37397,1,10
16376,29574,1,35
16377,67109,1,12
16378,67110,2,42
16379,14511,1,25
16380,47305,7,110
16381,17756,2,58
16382,17756,1,40
16383,17758,1,25
16384,76371,1,24
16385,60060,2,36
16386,66959,2,30
16387,42765,1,22
16388,36268,1,25
16389,38058,1,22
16390,38058,3,29
16391,15120,1,45
16392,15120,1,35
16393,15120,1,25
16394,58352,1,20
16395,00979,1,19
16396,49862,1,10
16397,49895,1,29
16398,49862,1,23
16399,13409,1,19
16400,44262,2,25
16401,44024,1,31
16402,32570,3,23
16403,46321,3,45
16404,75778,1,16
16405,57559,1,21
16406,56271,1,18
16407,68407,1,25
16408,71958,2,14
16409,27855,1,25
16410,35121,1,12
16411,38953,1,26
16412,75094,1,23
16413,28906,2,24
16414,83641,4,32
16415,95247,2,32
16416,62966,2,11
16417,62966,1,16
16418,84107,4,64
16419,43144,1,17
16420,50174,1,22
16421,30705,8,58
16422,68409,1,29
16423,42071,3,38
16424,29576,4,59
16425,92562,5,63
16426,74959,1,20
16427,15668,1,35
16428,36269,1,16
16429,52761,2,44
16430,35661,3,30
16431,53573,1,31
16432,41093,1,23
16433,49442,2,34
16434,49444,1,17
16435,74401,6,94
16436,59072,1,28
16437,48014,1,17
16438,73064,2,25
16439,75109,1,2
16440,15601,1,18
16441,58353,1,15
16442,38401,12,150
16443,76253,1,18
16444,29577,6,151
16445,29577,1,14
16446,97457,1,40
16447,56036,1,22
16448,38650,1,29
16449,97458,1,21
16450,65778,1,20
16451,36763,1,12
16452,06355,2,42
16453,08087,1,30
16454,52574,1,27
16455,59441,1,8
16456,63736,3,15
16457,85620,2,20
16458,75961,5,55
16459,49812,1,25
16460,27959,2,29
16461,01908,1,26
16462,27863,1,30
16463,28455,1,39
16464,23803,1,50
16465,83651,6,90
16466,18020,1,35
16467,42544,1,29
16468,20662,1,32
16469,44848,1,35
16470,28781,1,34
16471,18634,5,60
16472,02554,3,38
16473,15943,1,75
16474,10954,2,85
16475,94574,13,234
16476,94558,2,16
16477,99634,1,10
16478,12458,1,46
16479,68755,1,21
16480,60540,10,192
16481,36303,1,15
16482,61350,1,18
16483,34102,3,55
16484,04055,1,25
16485,75568,1,26
16486,14512,3,25
16487,43545,1,44
16488,58561,1,46
16489,49261,2,26
16490,47037,1,31
16491,70390,3,40
16492,46550,2,31
16493,02882,3,34
16494,24124,1,37
16495,12764,1,23
16496,78419,5,75
16497,32508,5,128
16498,23337,2,40
16499,88004,1,31
16500,32899,3,93
16501,94035,1,42
16502,98638,1,30
16503,73761,1,20
16504,75569,1,7
16505,74558,1,13
16506,50658,1,28
16507,03060,6,172
16508,62263,1,30
16509,37210,39,809
16510,27856,1,31
16511,31639,2,22
16512,71852,2,25
16513,55769,2,25
16514,70143,2,50
16515,77058,1,35
16516,32097,8,125
16517,11590,1,56
16518,56257,1,18
16519,12123,1,47
16520,32011,1,18
16521,70466,3,11
16522,78059,1,31
16523,39121,4,54
16524,71457,3,44
16525,71456,3,17
16526,71457,6,19
16527,71416,6,28
16528,71002,2,31
16529,71411,4,26
16530,01760,4,85
16531,91950,2,38
16532,20899,1,13
16533,20889,1,17
16534,46368,1,46
16535,43740,1,27
16536,82604,2,20
16537,82604,1,7
16538,13665,1,35
16539,24578,1,25
16540,72948,2,20
16541,06770,2,41
16542,99950,1,6
16543,62354,1,31
16544,87328,1,15
16545,08733,1,54
16546,19090,1,41
16547,33040,3,60
16548,39309,3,70
16549,32570,14,175
16550,20640,2,39
16551,22448,1,28
16552,93943,1,17
16553,78362,1,24
16554,32228,2,47
16555,02841,1,33
16556,13215,1,42
16557,54107,1,31
16558,32566,1,12
16559,75153,1,16
16560,76679,1,11
16561,75109,1,6
16562,77868,1,30
16563,28451,1,18
16564,23521,16,343
16565,63953,1,12
16566,79063,1,15
16567,04626,1,13
16568,98357,1,12
16569,42441,1,21
16570,28761,1,33
16571,24370,2,40
16572,65536,4,26
16573,68524,1,30
16574,68410,1,43
16575,54646,1,30
16576,58265,1,16
16577,75779,2,11
16578,21613,1,30
16579,35049,1,15
16580,80466,3,28
16581,77627,1,31
16582,13120,1,30
16583,46162,2,30
16584,02492,2,65
16585,77385,3,60
16586,17238,1,20
16587,77461,2,35
16588,35619,2,30
16589,39461,1,15
16590,20132,1,30
16591,29107,1,12
16592,43906,1,13
16593,18065,1,20
16594,17606,1,60
16595,49866,1,17
16596,44441,2,28
16597,97131,2,20
16598,68413,1,18
16599,59465,1,11
16600,54456,1,52
16601,58355,1,19
16602,54457,1,30
16603,74056,1,9
16604,68756,1,45
16605,71953,1,8
16606,89191,4,105
16607,22949,2,35
16608,42330,1,21
16609,03457,2,15
16610,99571,1,12
16611,68961,1,33
16612,54956,1,0
16613,74759,2,21
16614,45764,0,29
16615,66408,1,24
16616,66428,1,17
16617,66550,1,18
16618,50567,1,12
16619,68414,1,0
16620,57759,1,16
16621,99760,1,7
16622,66757,1,14
16623,62447,1,28
16624,51559,1,26
16625,41840,1,46
16626,64850,1,2
16627,64850,2,29
16628,67357,1,17
16629,53059,1,27
16630,84648,1,23
16631,61345,2,28
16632,07753,4,83
16633,17087,1,25
16634,07753,4,105
16635,13053,1,50
16636,16686,3,75
16637,55053,2,23
16638,38651,2,31
16639,11767,2,100
16640,18635,1,20
16641,18635,1,20
16642,73749,1,9
16643,16105,2,26
16644,54960,1,27
16645,18240,3,42
16646,67560,2,30
16647,67516,1,30
16648,48624,1,6
16649,97112,6,39
16650,97141,2,24
16651,66516,1,12
16652,07857,2,55
16653,26681,1,30
16654,32424,2,8
16655,38858,2,20
16656,37683,1,20
16657,89502,1,9
16658,95959,1,9
16659,95959,9,48
16660,89706,33,1810
16661,89023,2,76
16662,50201,1,38
16663,75173,1,20
16664,17042,1,23
16665,12765,2,40
16666,15225,1,28
16667,47851,1,20
16668,56467,1,18
16669,47150,5,87
16670,38652,2,30
16671,18833,1,24
16672,14719,1,32
16673,43938,1,20
16674,15670,1,23
16675,74016,1,14
16676,01237,1,13
16677,62264,1,34
16678,43981,1,25
16679,54757,1,30
16680,55366,1,19
16681,62265,1,25
16682,15553,1,23
16683,48047,1,16
16684,12124,2,49
16685,20187,1,41
16686,16141,1,22
16687,02740,6,223
16688,62670,1,20
16689,17855,1,40
16690,53151,4,52
16691,13411,1,50
16692,78155,2,25
16693,28560,3,81
16694,35674,1,12
16695,16242,1,75
16696,72851,2,18
16697,17068,1,40
16698,65063,2,20
16699,61272,2,39
16700,45662,1,10
16701,03070,2,50
16702,47531,1,15
16703,75570,2,36
16704,01531,1,19
16705,78130,4,81
16706,45869,1,31
16707,13367,1,32
16708,17356,1,41
16709,55112,1,43
16710,15066,2,35
16711,06053,6,141
16712,36351,1,19
16713,49117,1,5
16714,49117,2,16
16715,62967,1,14
16716,63558,1,15
16717,06840,1,55
16718,77357,3,32
16719,62356,1,13
16720,46552,1,19
16721,45344,1,40
16722,97111,2,17
16723,40050,1,15
16724,47362,3,32
16725,15557,1,55
16726,47150,3,60
16727,53936,1,19
16728,46342,1,17
16729,23415,1,30
16730,10956,1,120
16731,43762,1,45
16732,26726,1,25
16733,26047,1,37
16734,17603,1,15
16735,79350,1,19
16736,62074,1,29
16737,03855,1,22
16738,15067,1,23
16739,57255,1,27
16740,08533,1,51
16741,29809,3,28
16742,18252,1,18
16743,58647,1,33
16744,58647,1,28
16745,06812,3,80
16746,63363,1,19
16747,15944,1,51
16748,54229,1,35
16749,44319,2,17
16750,17202,1,25
16751,15352,1,26
16752,16141,1,19
16753,55367,1,22
16754,53574,1,36
16755,04260,1,31
16756,47863,2,31
16757,62941,1,10
16758,12590,1,64
16759,12590,2,55
16760,10958,1,28
16761,50659,1,30
16762,03256,1,30
16763,64471,1,12
16764,28403,8,185
16765,19525,1,31
16766,47631,1,30
16767,06057,2,33
16768,13413,1,98
16769,50660,1,30
16770,46774,3,73
16771,25265,1,32
16772,62867,1,28
16773,06511,10,400
16774,40051,1,28
16775,48048,1,21
16776,05472,1,34
16777,63068,3,33
16778,39140,1,19
16779,62671,1,20
16780,29006,3,24
16781,53061,1,34
16782,30752,1,12
16783,18938,2,26
16784,06906,1,44
16785,13118,1,22
16786,28012,1,32
16787,73005,1,18
16788,40051,2,17
16789,28551,1,28
16790,32464,1,9
16791,37380,1,22
16792,36278,6,24
16793,27239,1,8
16794,36915,1,14
16795,27514,2,43
16796,35760,2,25
16797,24437,1,32
16798,14714,1,35
16799,11040,3,253
16800,70560,5,58
16801,03071,1,24
16802,45385,1,24
16803,37134,1,19
16804,23124,4,58
16805,17050,1,40
16806,45871,1,27
16807,45345,1,17
16808,58562,1,32
16809,60451,4,64
16810,43764,1,32
16811,40355,1,16
16812,47366,1,13
16813,53950,1,30
16814,71461,1,17
16815,52645,1,30
16816,44851,1,28
16817,03257,1,38
16818,54961,1,30
16819,06320,3,78
16820,56273,1,25
16821,28127,1,38
16822,13440,1,21
16823,75682,1,22
16824,63459,1,16
16825,45346,1,28
16826,63869,1,15
16827,26056,1,17
16828,47965,1,24
16829,55054,1,25
16830,08854,2,48
16831,51646,1,20
16832,22844,1,26
16833,21774,2,75
16834,37820,2,40
16835,01259,1,32
16836,26155,2,36
16837,63365,3,37
16838,87504,1,17
16839,88003,1,20
16840,88033,1,15
16841,45011,1,30
16842,44442,1,18
16843,47160,1,25
16844,21775,1,30
16845,07646,2,48
16846,61109,1,30
16847,75683,1,12
16848,56356,1,17
16849,70130,32,712
16850,12561,2,40
16851,46553,1,27
16852,44663,1,23
16853,97635,1,12
16854,44691,1,31
16855,83655,1,15
16856,47263,1,17
16857,34652,2,33
16858,56071,1,30
16859,38464,1,0
16860,29349,2,16
16861,07974,1,35
16862,80742,4,25
16863,56072,1,25
16864,45157,2,24
16865,54017,2,33
16866,44853,1,32
16867,28617,2,30
16868,10801,6,161
16869,58356,1,26
16870,30738,1,21
16871,01355,2,20
16872,61411,1,27
16873,75654,1,12
16874,15468,1,15
16875,58563,1,32
16876,28103,4,50
16877,12186,2,35
16878,50207,1,27
16879,04955,1,12
16880,36256,1,12
16881,38859,1,16
16882,32168,4,39
16883,15672,1,30
16884,43766,1,20
16885,99636,1,20
16886,75766,1,16
16887,47035,1,20
16888,18066,2,25
16889,56073,2,42
16890,57761,1,23
16891,37355,2,28
16892,35956,2,8
16893,07976,2,40
16894,52065,2,30
16895,50210,1,25
16896,43302,1,25
16897,44854,1,20
16898,47162,2,31
16899,44445,1,25
16900,46970,2,38
16901,77358,4,40
16902,46184,1,25
16903,16142,1,30
16904,21776,1,40
16905,13122,1,12
16906,13417,1,40
16907,56567,1,22
16908,74857,1,23
16909,43055,5,86
16910,76071,1,21
16911,94560,3,44
16912,14513,1,150
16913,07108,16,600
16914,60541,1,32
16915,63458,2,14
16916,13811,1,30
16917,21841,1,60
16918,05871,1,14
16919,49337,1,19
16920,38059,2,24
16921,24126,1,37
16922,29108,2,37
16923,49868,1,28
16924,32669,1,18
16925,92365,3,18
16926,17319,1,22
16927,54501,2,30
16928,05345,2,35
16929,53060,1,40
16930,58762,1,17
16931,20664,1,45
16932,26410,1,16
16933,17240,1,25
16934,12550,2,53
16935,44105,1,21
16936,04444,2,15
16937,47630,1,30
16938,03255,2,28
16939,01951,1,42
16940,05051,1,18
16941,44065,1,20
16942,01950,2,46
16943,04553,2,25
16944,73065,3,49
16945,95658,1,15
16946,68757,1,40
16947,84756,1,12
16948,12852,1,15
16949,50568,1,27
16950,15466,2,20
16951,26050,1,24
16952,57760,1,26
16953,71366,1,33
16954,14867,1,44
16955,08344,1,22
16956,04095,1,25
16957,56738,1,17
16958,52315,1,30
16959,30446,1,24
16960,03801,1,14
16961,06111,5,110
16962,74647,1,26
16963,28657,1,30
16964,61942,1,23
16965,68758,1,31
16966,17073,1,20
16967,37641,1,20
16968,03857,1,50
16969,30263,4,63
16970,92658,8,117
16971,19020,2,45
16972,04953,1,26
16973,97365,2,26
16974,72112,3,38
16975,28570,2,35
16976,37821,2,26
16977,02840,3,93
16978,55055,2,24
16979,03773,2,35
16980,41071,2,38
16981,23606,11,390
16982,23602,1,6
16983,18634,1,55
16984,60083,2,48
16985,13416,1,47
16986,24128,1,17
16987,68759,1,12
16988,45768,1,20
16989,19056,2,25
16990,23874,1,30
16991,14001,2,56
16992,14219,2,48
16993,30055,1,12
16994,30014,7,75
16995,03858,2,27
16996,53063,1,43
16997,02459,6,184
16998,84327,1,14
16999,39345,1,25
17000,07860,2,55
17001,50208,1,30
17002,67114,3,50
17003,28366,1,35
17004,49836,1,12
17005,49033,1,24
17006,43791,1,40
17007,39870,1,16
17008,75966,1,19
17009,36352,1,12
17010,25266,1,20
17011,17075,1,30
17012,18411,1,30
17013,18940,1,9
17014,18940,2,60
17015,06470,1,45
17016,19073,1,78
17017,17981,1,18
17018,36353,1,16
17019,44444,2,40
17020,14301,5,134
17021,08109,1,31
17022,42420,1,15
17023,65713,2,18
17024,62551,1,24
17025,94946,1,13
17026,32578,2,29
17027,40356,3,48
17028,13812,1,45
17029,06611,2,50
17030,40165,4,32
17031,73116,1,15
17032,54152,1,35
17033,29581,1,15
17034,18446,1,35
17035,39463,1,20
17036,30565,2,37
17037,12965,1,19
17038,24271,1,20
17039,68044,1,21
17040,15762,1,35
17041,35406,1,15
17042,56074,1,22
17043,73066,1,21
17044,74948,3,25
17045,78640,3,13
17046,56568,1,15
17047,99611,5,52
17048,45684,2,10
17049,49120,2,28
17050,49120,1,26
17051,44446,2,30
17052,60714,2,53
17053,44641,2,32
17054,72126,2,0
17055,70094,2,28
17056,37367,1,14
17057,28574,1,28
17058,46164,1,25
17059,68760,1,0
17060,62358,1,21
17061,37826,3,25
17062,17740,2,23
17063,12309,1,40
17064,12309,2,31
17065,57762,1,16
17066,11780,1,35
17067,56468,1,26
17068,35661,1,12
17069,25143,1,21
17070,16848,1,25
17071,12184,2,39
17072,65714,4,37
17073,35980,1,25
17074,78140,1,29
17075,28564,3,57
17076,18252,4,25
17077,06340,1,16
17078,72764,4,30
17079,73068,1,22
17080,62868,2,19
17081,43512,1,11
17082,46701,1,25
17083,46382,1,20
17084,04555,2,13
17085,46060,7,144
17086,76255,1,10
17087,76255,2,37
17088,76255,1,36
17089,50857,1,15
17090,55925,1,18
17091,64854,4,35
17092,88341,2,17
17093,85628,2,14
17094,20136,2,150
17095,62075,1,25
17096,36504,1,15
17097,54487,1,24
17098,34275,1,50
17099,37135,1,30
17100,37641,1,30
17101,58062,1,20
17102,99762,2,84
17103,74531,1,12
17104,58765,1,26
17105,75703,1,25
17106,50458,1,25
17107,67653,1,11
17108,70079,4,49
17109,23518,1,23
17110,02056,1,22
17111,68701,2,64
17112,23510,14,490
17113,23511,13,384
17114,13667,3,65
17115,06058,1,40
17116,72658,2,23
17117,27563,1,30
17118,08347,1,7
17119,61761,3,66
17120,15469,1,24
17121,73071,9,160
17122,71960,1,14
17123,63121,1,28
17124,77871,1,11
17125,78142,1,7
17126,55804,1,11
17127,06820,1,30
17128,06820,1,45
17129,71759,1,18
17130,04957,1,21
17131,62869,1,20
17132,37828,1,22
17133,29667,1,18
17134,19401,3,35
17135,21132,1,30
17136,19401,2,32
17137,75455,1,15
17138,28092,2,47
17139,74081,1,18
17140,83714,1,22
17141,49262,1,22
17142,01247,1,26
17143,14228,1,44
17144,11701,2,64
17145,01845,2,55
17146,15673,1,40
17147,07031,3,62
17148,29841,3,99
17149,60542,2,46
17150,11703,4,200
17151,14226,1,54
17152,83202,1,42
17153,95472,6,150
17154,32578,1,13
17155,13123,1,45
17156,20732,1,65
17157,16102,2,30
17158,15012,1,40
17159,11710,0,150
17160,83805,3,16
17161,97459,2,30
17162,68649,1,28
17163,05257,1,52
17164,38642,1,22
17165,49022,2,22
17166,03906,2,26
17167,12203,1,36
17168,71001,9,46
17169,63662,3,15
17170,98639,1,0
17171,61065,2,31
17172,14075,1,40
17173,15104,2,40
17174,55056,1,28
17175,48461,1,20
17176,08876,1,46
17177,12766,1,35
17178,06471,4,110
17179,28168,1,28
17180,01535,1,38
17181,13418,1,22
17182,08902,3,130
17183,07006,1,25
17184,62053,2,30
17185,65262,6,50
17186,44720,2,45
17187,28716,1,22
17188,63769,1,19
17189,10603,1,45
17190,18032,1,25
17191,28645,1,46
17192,07730,3,150
17193,27217,1,27
17194,64622,2,24
17195,80105,1,12
17196,93630,5,61
17197,39074,3,15
17198,39039,1,8
17199,29406,12,252
17200,12132,1,21
17201,27312,4,55
17202,75789,2,18
17203,29706,1,24
17204,60064,2,31
17205,13037,1,25
17206,37752,2,15
17207,62858,1,55
17208,17362,1,50
17209,37355,1,20
17210,45239,1,26
17211,34109,10,203
17212,14111,1,35
17213,30802,9,63
17214,03860,1,45
17215,14830,1,35
17216,63137,2,32
17217,94015,8,96
17218,92028,5,82
17219,95012,3,61
17220,98292,7,101
17221,06238,2,37
17222,12853,1,36
17223,83226,4,52
17224,30757,1,5
17225,84015,2,39
17226,97435,6,40
17227,21901,2,60
17228,77498,1,14
17229,71260,2,24
17230,28466,2,31
17231,27217,1,46
17232,38583,1,20
17233,52316,1,24
17234,14112,1,40
17235,15071,3,30
17236,29112,1,25
17237,54937,1,38
17238,84604,2,26
17239,83466,2,50
17240,80425,3,31
17241,39403,2,30
17242,33917,3,51
17243,37388,1,15
17244,15301,3,30
17245,75457,1,11
17246,53951,1,35
17247,83420,2,21
17248,22959,1,30
17249,44665,1,15
17250,97812,1,14
17251,12854,1,21
17252,42027,1,22
17253,14612,3,70
17254,29690,2,29
17255,57702,2,34
17256,07508,1,32
17257,24577,1,60
17258,37814,1,14
17259,03862,1,17
17260,64442,1,18
17261,06473,4,66
17262,04853,1,20
17263,38652,1,21
17264,78620,2,8
17265,70441,3,20
17266,15601,1,15
17267,61466,1,20
17268,05474,2,20
17269,85139,1,16
17270,10516,1,51
17271,98146,2,33
17272,76049,2,23
17273,12133,1,30
17274,17322,1,42
17275,75482,1,14
17276,14843,1,30
17277,07093,14,265
17278,12855,1,18
17279,15642,2,80
17280,05665,1,25
17281,15642,1,35
17282,30567,3,24
17283,14113,2,40
17284,35006,1,7
17285,46366,1,16
17286,64116,2,61
17287,52335,1,33
17288,02852,3,74
17289,44068,2,20
17290,98346,5,47
17291,76857,1,15
17292,89451,3,48
17293,04736,3,38
17294,89030,8,141
17295,33068,2,46
17296,44666,1,38
17297,28504,3,62
17298,27295,1,25
17299,52317,1,50
17300,77368,1,23
17301,97367,6,46
17302,11757,1,100
17303,72114,11,162
17304,84341,1,40
17305,35984,1,16
17306,68859,1,32
17307,89408,2,51
17308,06443,1,55
17309,41465,1,20
17310,60016,1,22
17311,46962,1,30
17312,56003,2,35
17313,57430,1,21
17314,98528,10,74
17315,11758,2,100
17316,42634,1,31
17317,37826,1,20
17318,28078,1,38
17319,42214,2,35
17320,80020,8,117
17321,17013,2,20
17322,40357,1,17
17323,37874,1,16
17324,22602,1,16
17325,17814,1,18
17326,49445,1,16
17327,29582,5,53
17328,13814,1,30
17329,36558,1,20
17330,48442,2,48
17331,83821,1,12
17332,32539,4,20
17333,40026,2,58
17334,98506,3,27
17335,33408,1,43
17336,60465,3,47
17337,61115,1,62
17338,80480,4,22
17339,11772,3,120
17340,47598,2,23
17341,61554,1,17
17342,19454,2,50
17343,36756,1,12
17344,62362,1,14
17345,07060,1,31
17346,69101,3,57
17347,69101,1,12
17348,21219,1,65
17349,99705,1,29
17350,34286,6,111
17351,53153,1,21
17352,02904,3,92
17353,72078,3,30
17354,44128,1,39
17355,01864,1,26
17356,76180,5,100
17357,44039,2,39
17358,34221,5,58
17359,26755,2,27
17360,12856,1,20
17361,60546,1,14
17362,37172,2,13
17363,14516,2,34
17364,80428,2,16
17365,44133,2,39
17366,71486,14,106
17367,55109,1,40
17368,95959,3,37
17369,02857,1,38
17370,28396,1,28
17371,62621,1,34
17372,11968,2,75
17373,15010,2,39
17374,35242,3,35
17375,16424,1,20
17376,97065,1,12
17377,53223,5,102
17378,27527,2,54
17379,14456,1,17
17380,57049,2,31
17381,99723,9,175
17382,02896,2,23
17383,29316,3,41
17384,45350,1,20
17385,55803,1,18
17386,99705,5,59
17387,08854,1,40
17388,65633,4,37
17389,27048,1,19
17390,15317,3,60
17391,84017,4,40
17392,35459,1,12
17393,13212,2,45
17394,96145,6,47
17395,76248,1,40
17396,37879,2,8
17397,06082,1,34
17398,14120,5,69
17399,99901,2,27
17400,84074,4,24
17401,59482,1,23
17402,28460,2,17
17403,28768,1,27
17404,05859,1,21
17405,38664,1,18
17406,71260,1,13
17407,15456,1,25
17408,19312,1,30
17409,47265,1,21
17410,84414,1,39
17411,03609,1,20
17412,22630,1,20
17413,16365,1,40
17414,37110,1,17
17415,16048,1,23
17416,46555,1,44
17417,98226,13,126
17418,72081,3,24
17419,28472,1,32
17420,08260,3,56
17421,28659,1,37
17422,06256,1,30
17423,75426,1,16
17424,04097,1,44
17425,77872,1,20
17426,80440,2,19
17427,23413,1,24
17428,18067,1,45
17429,01060,2,68
17430,18954,3,60
17431,01588,2,44
17432,60062,3,69
17433,17316,2,43
17434,46741,3,32
17435,72732,5,31
17436,71064,7,35
17437,28124,1,29
17438,64080,1,35
17439,43060,1,30
17440,38068,1,25
17441,17093,3,25
17442,72443,3,25
17443,27214,3,48
17444,48895,2,72
17445,72653,1,18
17446,39402,2,30
17447,80804,1,14
17448,79702,1,18
17449,40008,1,26
17450,65239,2,20
17451,72103,2,15
17452,27046,1,28
17453,80863,3,34
17454,38652,2,30
17455,39183,2,18
17456,82716,1,7
17457,86409,7,45
17458,52637,1,25
17459,21536,3,105
17460,45836,1,21
17461,41003,2,24
17462,83835,7,51
17463,96950,6,80
17464,41006,2,23
17465,61854,1,12
17466,63654,3,18
17467,81149,5,65
17468,95441,4,26
17469,61571,1,15
17470,43344,1,50
17471,27614,5,88
17472,50315,1,30
17473,18439,1,35
17474,65711,1,16
17475,05663,1,21
17476,01360,1,35
17477,08225,2,37
17478,60093,1,47
17479,48189,2,26
17480,44067,1,42
17481,06778,1,42
17482,24868,1,20
17483,60164,1,16
17484,55717,2,14
17485,18657,1,15
17486,56661,1,21
17487,13601,2,38
17488,35473,4,75
17489,11768,2,109
17490,99157,1,25
17491,04849,2,20
17492,56075,1,10
17493,95458,6,35
17494,83852,4,23
17495,30286,1,35
17496,72501,3,22
17497,28379,2,53
17498,29824,2,14
17499,96161,2,21
17500,95901,9,20
17501,17857,2,29
17502,07647,1,45
17503,27330,1,40
17504,37764,3,48
17505,48167,3,54
17506,12134,1,38
17507,48168,1,30
17508,06776,1,40
17509,57465,1,12
17510,99764,1,6
17511,99752,10,131
17512,72713,1,14
17513,81140,4,52
17514,66018,3,35
17515,43518,1,10
17516,85743,12,215
17517,45347,1,21
17518,61101,2,39
17519,65324,5,28
17520,63377,2,20
17521,31833,2,16
17522,64437,1,12
17523,60491,2,27
17524,38063,1,13
17525,35739,2,38
17526,73638,1,17
17527,74053,3,45
17528,72927,2,30
17529,62226,2,27
17530,29649,2,41
17531,77086,3,56
17532,43619,2,42
17533,58267,1,30
17534,03261,2,32
17535,50459,1,30
17536,28358,2,24
17537,41168,1,12
17538,67654,1,19
17539,24273,2,36
17540,44203,2,38
17541,02766,3,36
17542,67654,1,17
17543,49444,4,39
17544,42442,1,20
17545,54648,1,23
17546,50211,1,32
17547,44857,1,19
17548,04268,1,41
17549,29113,1,12
17550,52318,1,15
17551,49870,1,30
17552,02061,3,28
17553,05055,1,32
17554,49651,1,36
17555,43026,3,87
17556,65717,1,20
17557,07648,1,30
17558,19074,1,15
17559,45212,1,52
17560,02062,1,65
17561,81423,2,32
17562,60706,1,32
17563,74434,2,20
17564,13668,1,55
17565,55368,2,30
17566,36866,1,20
17567,37354,1,28
17568,48893,1,24
17569,08690,1,21
17570,19020,1,32
17571,46778,1,18
17572,03290,1,32
17573,94945,6,67
17574,47805,1,29
17575,63460,2,3
17576,75462,1,23
17577,63559,1,14
17578,74048,2,19
17579,18636,1,34
17580,59853,1,15
17581,18707,1,30
17582,81424,2,22
17583,78833,1,23
17584,78380,3,22
17585,78418,1,16
17586,99765,1,10
17587,28562,2,55
17588,37066,1,30
17589,28089,1,34
17590,28073,1,34
17591,14517,1,62
17592,60014,1,25
17593,57050,1,26
17594,18249,1,40
17595,77976,1,14
17596,07110,3,49
17597,25868,1,30
17598,26302,1,46
17599,74447,1,15
17600,10960,6,90
17601,36401,1,23
17602,10314,1,18
17603,97913,1,25
17604,79351,1,16
17605,63366,5,104
17606,62269,4,59
17607,62269,4,47
17608,72449,1,11
17609,31827,1,8
17610,72949,1,17
17611,60523,2,32
17612,84649,1,16
17613,73034,2,42
17614,80467,3,19
17615,76401,1,11
17616,60452,2,46
17617,60452,1,34
17618,37022,1,15
17619,55011,2,45
17620,42262,1,35
17621,45750,1,16
17622,40702,1,45
17623,29073,1,25
17624,72660,1,13
17625,71263,3,20
17626,72113,3,35
17627,74015,1,30
17628,73086,1,10
17629,22443,1,26
17630,39402,2,22
17631,28086,1,46
17632,98277,1,40
17633,12460,1,35
17634,28655,2,39
17635,25901,1,37
17636,71822,1,12
17637,78735,2,34
17638,71424,6,43
17639,36766,1,22
17640,77514,2,18
17641,28465,1,26
17642,28465,1,24
17643,60453,3,73
17644,24558,1,24
17645,60301,3,66
17646,48237,1,52
17647,75068,1,3
17648,72040,1,10
17649,27310,2,62
17650,37831,1,43
17651,15057,1,15
17652,71264,2,24
17653,35640,2,25
17654,76240,1,23
17655,51554,1,13
17656,28365,1,36
17657,28129,1,44
17658,60181,1,20
17659,54649,2,51
17660,37829,2,6
17661,95361,1,24
17662,71463,2,20
17663,55128,2,23
17664,15071,1,30
17665,68761,1,22
17666,58474,1,29
17667,04763,1,11
17668,49341,1,19
17669,14125,1,55
17670,53065,1,40
17671,62673,1,12
17672,01068,1,24
17673,77359,1,20
17674,47660,1,22
17675,51560,1,30
17676,04963,2,23
17677,35633,1,35
17678,07436,3,65
17679,94612,26,508
17680,38060,1,44
17681,33309,3,69
17682,97462,1,15
17683,48306,2,24
17684,15902,1,27
17685,78951,1,10
17686,68045,1,32
17687,54874,1,21
17688,38242,1,16
17689,29547,1,10
17690,72661,3,19
17691,67748,1,24
17692,83346,1,10
17693,08107,1,47
17694,35579,1,20
17695,19083,1,45
17696,73533,2,21
17697,14518,1,40
17698,19460,1,20
17699,74359,1,26
17700,47561,1,30
17701,24739,1,10
17702,29693,1,25
17703,61858,1,14
17704,44146,2,65
17705,24631,2,12
17706,86433,1,9
17707,44074,1,28
17708,38240,1,20
17709,62449,1,27
17710,34475,7,138
17711,87734,1,20
17712,22191,3,178
17713,06360,1,20
17714,08226,3,65
17715,21842,5,161
17716,32547,4,60
17717,08740,1,18
17718,07756,2,61
17719,23455,1,25
17720,33037,1,28
17721,98569,2,43
17722,39564,3,33
17723,08230,2,34
17724,24870,1,25
17725,10314,1,29
17726,93445,1,15
17727,07757,2,55
17728,92054,8,113
17729,11572,6,253
17730,08205,1,32
17731,74051,2,18
17732,51354,1,21
17733,31774,1,18
17734,34761,4,62
17735,30677,7,178
17736,29691,17,520
17737,62553,1,11
17738,54154,1,32
17739,54153,1,26
17740,68860,1,30
17741,49759,1,9
17742,61728,4,65
17743,74957,2,12
17744,60460,1,20
17745,68415,1,19
17746,28027,2,51
17747,71961,2,20
17748,21113,1,106
17749,35120,3,25
17750,56276,1,20
17751,19730,2,56
17752,79761,8,161
17753,14869,1,27
17754,64076,1,35
17755,84401,6,122
17756,56160,1,14
17757,62870,1,28
17758,47562,1,17
17759,57763,1,25
17760,67563,2,14
17761,69153,1,35
17762,75494,1,20
17763,46368,1,30
17764,50212,1,16
17765,61871,2,30
17766,07439,1,38
17767,13669,1,29
17768,54962,1,10
17769,54459,1,20
17770,48661,1,25
17771,56358,1,25
17772,61068,4,69
17773,74061,2,24
17774,76561,1,12
17775,61348,1,17
17776,30683,9,75
17777,31068,1,18
17778,19027,1,42
17779,03907,1,34
17780,36271,1,22
17781,45874,1,25
17782,61349,1,20
17783,25537,1,25
17784,66078,1,10
17785,15237,1,45
17786,47630,2,121
17787,47635,2,22
17788,15059,2,30
17789,68416,1,32
17790,31089,1,14
17791,74820,1,18
17792,16301,2,16
17793,41238,2,32
17794,72564,3,24
17795,74052,1,13
17796,87549,1,17
17797,87521,1,13
17798,56161,1,18
17799,32548,1,20
17800,98840,3,85
17801,98849,1,20
17802,98827,1,17
17803,98855,1,35
17804,99124,1,16
17805,98862,4,44
17806,98855,1,15
17807,73762,1,20
17808,53069,1,38
17809,62271,2,34
17810,74446,1,18
17811,34972,4,52
17812,73763,1,18
17813,74859,1,20
17814,66518,1,23
17815,73106,38,1023
17816,73152,1,87
17817,56742,1,20
17818,74447,2,22
17819,38860,1,25
17820,71962,1,20
17821,40219,3,88
17822,74450,1,16
17823,39759,2,30
17824,72853,1,16
17825,29114,3,26
17826,29843,1,15
17827,66061,8,144
17828,81425,2,27
17829,14126,1,40
17830,28472,1,33
17831,27889,1,28
17832,18518,2,35
17833,13420,1,143
17834,29456,6,82
17835,44861,2,25
17836,99643,1,20
17837,17701,1,30
17838,06371,3,70
17839,63369,1,12
17840,06355,2,45
17841,77463,2,16
17842,04064,1,24
17843,39073,1,25
17844,27040,1,40
17845,77580,0,10
17846,06475,1,83
17847,29138,1,17
17848,04468,1,25
17849,71730,1,16
17850,43768,2,14
17851,76466,1,12
17852,57051,1,17
17853,52647,1,22
17854,34677,1,19
17855,21555,1,25
17856,08858,1,35
17857,14760,1,28
17858,50662,1,30
17859,19547,1,30
17860,62024,1,20
17861,38654,4,85
17862,12461,5,87
17863,62058,2,20
17864,41164,1,40
17865,49464,1,30
17866,45772,1,20
17867,74030,2,11
17868,95961,1,30
17869,58530,1,46
17870,37840,2,26
17871,45693,1,6
17872,15730,1,22
17873,49076,1,21
17874,56277,1,25
17875,77979,1,20
17876,71465,2,40
17877,78212,1,13
17878,42265,1,13
17879,44138,1,25
17880,62970,1,23
17881,44138,1,20
17882,62450,1,28
17883,59927,1,6
17884,74538,1,7
17885,76374,1,30
17886,97103,2,10
17887,66865,1,30
17888,79064,1,24
17889,73560,1,14
17890,98506,4,88
17891,28560,1,20
17892,40358,1,24
17893,18447,5,40
17894,54534,1,12
17895,68110,1,20
17896,68102,24,669
17897,72662,4,18
17898,62871,1,20
17899,75571,1,15
17900,98841,1,31
17901,31775,1,14
17902,48749,1,13
17903,54963,1,58
17904,25545,1,26
17905,57466,1,15
17906,77360,1,20
17907,56359,1,22
17908,23417,1,51
17909,74426,2,15
17910,60955,1,20
17911,51040,2,22
17912,49765,1,30
17913,72160,1,16
17914,06373,1,24
17915,13421,1,22
17916,13421,1,25
17917,37841,1,16
17918,40972,1,20
17919,16652,1,18
17920,16003,1,27
17921,54155,1,43
17922,61469,1,48
17923,68763,1,40
17924,49675,1,23
17925,35121,2,28
17926,12041,3,50
17927,68452,1,15
17928,57564,1,30
17929,23418,1,24
17930,17077,1,20
17931,13215,1,45
17932,49264,1,30
17933,49822,1,6
17934,02558,2,67
17935,52321,1,17
17936,97914,2,31
17937,14519,1,83
17938,91764,10,173
17939,91761,1,61
17940,97914,2,31
17941,49953,1,22
17942,46967,1,29
17943,36467,1,15
17944,47451,1,16
17945,53070,1,34
17946,57758,1,100
17947,36803,4,68
17948,70570,4,46
17949,59250,1,28
17950,95924,1,24
17951,97444,1,9
17952,79510,1,10
17953,36467,1,24
17954,72110,1,19
17955,13452,1,29
17956,59711,2,20
17957,73945,1,5
17958,61469,1,20
17959,43947,1,45
17960,85623,1,18
17961,07649,1,57
17962,57766,1,26
17963,14711,1,24
17964,50664,1,10
17965,63771,1,22
17966,36561,4,85
17967,51041,1,30
17968,32763,3,50
17969,77662,2,42
17970,77632,2,36
17971,92602,79,1323
17972,32792,42,1150
17973,47432,2,23
17974,47452,1,26
17975,93646,1,31
17976,01364,2,34
17977,92866,8,124
17978,77630,3,37
17979,27278,3,34
17980,78372,1,28
17981,32428,1,15
17982,32073,1,20
17983,27278,4,29
17984,43015,2,56
17985,46784,1,35
17986,44022,1,40
17987,22960,1,45
17988,06477,2,60
17989,29115,4,56
17990,10962,1,50
17991,41056,1,22
17992,17859,1,25
17993,61060,1,25
17994,49344,1,23
17995,44453,1,9
17996,17243,1,30
17997,63301,1,39
17998,14127,2,80
17999,77464,1,10
18000,62899,1,23
18001,95943,1,16
18002,68862,1,45
18003,84758,1,8
18004,81063,1,19
18005,75683,1,25
18006,38223,2,20
18007,28037,2,43
18008,37818,1,36
18009,53575,1,42
18010,43616,3,60
18011,61061,2,22
18012,27320,1,33
18013,97739,1,16
18014,19075,1,35
18015,84057,5,68
18016,53576,1,38
18017,85321,1,5
18018,88052,2,12
18019,95555,1,9
18020,11957,1,51
18021,57467,1,7
18022,61273,1,50
18023,73838,1,17
18024,48360,4,57
18025,58063,1,25
18026,13425,2,40
18027,13424,1,51
18028,22810,1,26
18029,46776,1,22
18030,04472,1,25
18031,60462,6,118
18032,32801,17,564
18033,32827,3,67
18034,73073,2,15
18035,20128,1,41
18036,68966,1,29
18037,02653,1,33
18038,48865,1,13
18039,21766,1,18
18040,47452,1,13
18041,37141,2,19
18042,37380,1,6
18043,32176,4,46
18044,88310,2,25
18045,83544,2,29
18046,04473,1,23
18047,64855,1,20
18048,89425,1,20
18049,95966,1,19
18050,73456,1,12
18051,04066,2,12
18052,64077,1,24
18053,04474,1,24
18054,28375,1,22
18055,44667,2,24
18056,36767,1,15
18057,57256,1,10
18058,56278,1,30
18059,13144,1,26
18060,05760,1,22
18061,44076,1,9
18062,65065,4,34
18063,66414,1,20
18064,66510,1,23
18065,66524,2,20
18066,66451,2,25
18067,66528,1,9
18068,66413,1,24
18069,66523,1,20
18070,74604,1,20
18071,50461,1,30
18072,65101,3,53
18073,74005,2,12
18074,74127,1,14
18075,74361,1,16
18076,66753,1,12
18077,67341,1,18
18078,65355,1,15
18079,74054,1,15
18080,82723,1,13
18081,56360,1,20
18082,66064,1,23
18083,66064,1,20
18084,64474,1,14
18085,67623,1,18
18086,54165,1,25
18087,67473,2,18
18088,34744,16,355
18089,54020,1,27
18090,72370,2,25
18091,50213,1,26
18092,46561,2,15
18093,68651,1,31
18094,61274,2,30
18095,48750,1,30
18096,45351,1,29
18097,47037,1,28
18098,54901,6,112
18099,69154,1,23
18100,49009,3,36
18101,52577,1,33
18102,56744,1,24
18103,58269,1,25
18104,44730,1,15
18105,46514,1,27
18106,54758,1,42
18107,52161,1,24
18108,46777,1,32
18109,10562,7,455
18110,03864,1,16
18111,55975,1,18
18112,67356,1,21
18113,13126,2,48
18114,60543,4,78
18115,13126,1,45
18116,50569,1,17
18117,02542,2,90
18118,01253,2,17
18119,67565,1,20
18120,80743,1,17
18121,13159,1,34
18122,04270,3,22
18123,10963,1,40
18124,51044,1,16
18125,68417,1,15
18126,49735,1,40
18127,49078,1,27
18128,49797,1,16
18129,67484,1,30
18130,67467,1,24
18131,67422,2,33
18132,66067,2,29
18133,61350,2,29
18134,49267,1,22
18135,45875,3,40
18136,47805,3,42
18137,47805,1,18
18138,13338,1,27
18139,48464,1,22
18140,47970,1,17
18141,10916,1,60
18142,56571,1,29
18143,65348,1,12
18144,14766,1,36
18145,60922,2,22
18146,16729,1,20
18147,28763,1,40
18148,45876,1,34
18149,52501,2,32
18150,71701,5,24
18151,71941,3,15
18152,71292,16,189
18153,74939,1,10
18154,13865,1,18
18155,35010,1,18
18156,81427,1,22
18157,59252,1,20
18158,99644,1,50
18159,49423,1,25
18160,66213,11,194
18161,32456,1,10
18162,68863,1,20
18163,75684,1,25
18164,39464,1,15
18165,14521,1,55
18166,80744,1,25
18167,48866,1,27
18168,32766,3,51
18169,75154,1,33
18170,13021,2,60
18171,36401,1,10
18172,74055,3,48
18173,55060,1,34
18174,13827,4,50
18175,40359,1,22
18176,47264,2,7
18177,47460,1,31
18178,54460,2,44
18179,48754,1,19
18180,74082,1,9
18181,35614,1,35
18182,42301,5,99
18183,47453,1,16
18184,45160,2,38
18185,65066,3,38
18186,40359,1,22
18187,21117,1,101
18188,40360,1,40
18189,12969,2,18
18190,04854,1,23
18191,48867,2,28
18192,48867,1,18
18193,13608,1,18
18194,28610,2,43
18195,01540,2,35
18196,21654,1,25
18197,48371,2,39
18198,13830,1,65
18199,27565,1,46
18200,38655,4,91
18201,53952,1,30
18202,61413,2,27
18203,04270,2,31
18204,47971,1,20
18205,67119,1,11
18206,72565,1,15
18207,52322,1,26
18208,07863,1,25
18209,30054,1,13
18210,68967,1,27
18211,72645,1,10
18212,93030,8,110
18213,51045,1,17
18214,11771,1,78
18215,72482,1,13
18216,36360,3,55
18217,72949,2,24
18218,65721,3,36
18219,76943,1,40
18220,63673,1,15
18221,28752,1,29
18222,32571,4,41
18223,36853,0,18
18224,39347,1,12
18225,98586,1,12
18226,98640,5,44
18227,98577,3,38
18228,98590,2,6
18229,98614,1,17
18230,63069,3,36
18231,93950,1,53
18232,51561,1,11
18233,84535,1,2
18234,29372,2,24
18235,27834,2,46
18236,26159,1,30
18237,74860,1,12
18238,42002,1,5
18239,42003,5,65
18240,79248,2,23
18241,58064,1,21
18242,68766,1,15
18243,81147,7,47
18244,89001,2,15
18245,89060,4,52
18246,78659,1,15
18247,70391,3,32
18248,44077,1,26
18249,44077,3,50
18250,45123,3,79
18251,79521,1,8
18252,35764,1,13
18253,44659,1,15
18254,44690,1,35
18255,14870,1,39
18256,59829,1,12
18257,23420,1,30
18258,15642,1,35
18259,41240,2,38
18260,97636,1,15
18261,95076,1,10
18262,92059,1,29
18263,77465,2,25
18264,60067,5,91
18265,67657,1,12
18266,12463,1,50
18267,13069,1,43
18268,04354,2,20
18269,72372,1,20
18270,81526,1,28
18271,56469,1,20
18272,07650,1,70
18273,18930,4,95
18274,79118,1,7
18275,32909,7,122
18276,33411,51,1475
18277,33480,3,67
18278,33410,5,120
18279,33404,1,17
18280,32164,5,90
18281,92260,3,62
18282,34684,4,68
18283,92262,5,66
18284,33944,1,5
18285,12106,1,40
18286,99645,6,51
18287,01069,1,30
18288,68834,1,24
18289,49871,1,21
18290,80133,1,27
18291,18045,2,44
18292,23917,1,32
18293,50571,1,22
18294,37365,1,16
18295,35126,2,40
18296,38241,1,30
18297,29532,2,19
18298,78572,1,27
18299,47164,2,23
18300,53156,1,34
18301,14522,1,40
18302,68418,1,29
18303,62674,1,19
18304,63461,1,20
18305,49268,1,25
18306,44412,1,27
18307,22963,1,35
18308,52324,1,15
18309,76484,1,20
18310,55705,1,20
18311,95542,1,15
18312,92011,1,3
18313,85615,3,26
18314,60464,2,36
18315,60463,2,21
18316,99161,1,18
18317,13637,1,20
18318,79065,2,28
18319,29583,2,26
18320,23958,1,33
18321,62557,1,27
18322,89042,1,24
18323,32413,3,59
18324,32401,5,78
18325,14767,2,47
18326,51562,1,30
18327,99743,1,10
18328,84759,1,23
18329,84759,1,17
18330,79068,2,17
18331,50216,1,27
18332,36370,1,15
18333,71665,1,12
18334,27860,1,31
18335,76013,1,17
18336,79120,1,61
18337,37869,1,25
18338,66071,1,26
18339,19301,1,48
18340,73074,1,12
18341,81428,1,27
18342,78387,1,12
18343,68128,4,63
18344,60956,1,15
18345,95969,2,24
18346,84328,1,16
18347,93514,1,12
18348,74428,1,29
18349,74370,2,14
18350,83805,2,11
18351,59027,1,22
18352,73507,1,17
18353,81429,1,17
18354,46166,1,28
18355,84760,1,15
18356,72450,4,42
18357,90038,1,21
18358,07652,4,125
18359,49004,1,5
18360,53954,1,36
18361,61944,4,90
18362,38242,2,24
18363,04281,1,37
18364,65275,1,24
18365,40361,2,42
18366,38222,4,30
18367,65275,1,24
18368,44266,1,11
18369,13131,1,29
18370,13672,1,55
18371,84098,9,78
18372,59063,1,22
18373,82414,6,64
18374,82435,1,15
18375,59047,2,26
18376,54552,2,35
18377,60466,1,36
18378,63601,2,17
18379,41011,1,24
18380,56470,1,26
18381,60068,2,48
18382,07656,1,40
18383,58270,1,10
18384,58270,1,38
18385,49424,2,37
18386,71661,1,14
18387,97041,3,34
18388,16049,1,30
18389,76087,3,30
18390,29601,5,77
18391,32404,1,20
18392,85344,1,30
18393,75002,1,43
18394,47368,1,19
18395,57053,1,29
18396,71730,1,25
18397,42501,2,24
18398,56361,1,28
18399,26101,6,57
18400,50665,1,35
18401,08087,1,15
18402,19365,1,35
18403,72373,1,21
18404,19047,1,20
18405,54874,1,30
18406,44491,1,15
18407,15690,2,74
18408,72950,2,14
18409,19015,1,50
18410,23421,1,37
18411,57366,1,25
18412,29844,1,13
18413,28371,1,34
18414,15215,1,25
18415,44129,5,112
18416,44130,1,30
18417,83660,1,25
18418,49269,1,20
18419,63870,1,16
18420,72122,2,18
18421,84761,1,150
18422,29905,2,53
18423,29905,1,44
18424,35580,1,16
18425,34219,2,23
18426,39877,1,4
18427,37843,1,22
18428,18244,1,20
18429,58770,1,23
18430,07054,2,45
18431,07834,1,35
18432,07054,2,35
18433,38363,2,23
18434,67357,2,19
18435,26287,1,40
18436,21849,1,57
18437,72666,2,15
18438,91101,8,170
18439,77506,10,161
18440,39567,3,57
18441,34639,27,747
18442,99301,3,55
18443,02859,2,72
18444,85746,1,36
18445,93446,3,33
18446,27909,1,28
18447,27909,1,35
18448,27909,1,28
18449,39571,2,68
18450,07055,2,106
18451,85624,1,15
18452,53817,1,13
18453,14025,2,34
18454,11772,2,225
18455,07501,7,330
18456,27534,1,25
18457,71801,1,19
18458,47666,1,14
18459,62875,1,25
18460,47670,3,24
18461,47598,4,25
18462,50217,1,17
18463,32925,1,58
18464,29584,1,23
18465,24133,1,40
18466,24133,2,40
18467,47455,1,27
18468,47038,1,17
18469,04765,1,8
18470,08809,1,35
18471,40769,1,17
18472,26753,1,17
18473,95363,2,45
18474,12563,2,50
18475,15010,1,15
18476,15010,1,28
18477,72123,2,15
18478,70392,2,52
18479,24631,1,20
18480,28645,2,31
18481,77466,1,22
18482,16668,1,57
18483,92369,1,7
18484,64670,2,30
18485,63044,4,65
18486,75468,1,20
18487,12939,1,28
18488,86334,1,12
18489,30132,12,170
18490,37807,2,40
18491,70763,3,40
18492,73075,1,27
18493,92061,1,14
18494,49088,2,24
18495,49079,1,40
18496,61353,1,20
18497,25434,1,29
18498,06379,1,38
18499,74056,1,17
18500,05761,1,16
18501,12564,3,75
18502,68420,1,30
18503,74058,1,34
18504,80729,1,8
18505,62558,1,27
18506,25904,1,20
18507,17111,1,30
18508,69155,1,24
18509,01612,1,42
18510,60957,1,32
18511,83661,1,26
18512,75156,3,27
18513,45880,1,27
18514,73052,1,14
18515,38920,1,20
18516,56362,1,26
18517,40157,1,25
18518,84651,1,31
18519,85541,3,41
18520,62360,2,37
18521,35115,1,16
18522,38551,1,15
18523,72751,2,35
18524,35563,1,19
18525,01960,5,102
18526,65788,2,14
18527,31030,7,52
18528,72453,3,15
18529,05862,1,14
18530,28133,1,30
18531,30269,4,120
18532,28906,1,23
18533,07934,1,33
18534,95945,2,17
18535,24134,1,39
18536,61062,2,35
18537,39208,4,55
18538,62361,1,15
18539,77584,6,120
18540,78061,1,20
18541,03803,1,42
18542,76088,1,30
18543,89506,1,20
18544,93940,2,25
18545,35565,1,17
18546,45690,1,25
18547,76904,1,18
18548,75469,1,8
18549,77406,2,57
18550,70548,1,11
18551,76049,1,27
18552,61063,2,29
18553,92592,2,45
18554,74647,1,10
18555,87573,1,14
18556,41472,1,18
18557,78669,3,29
18558,24521,1,21
18559,99647,1,9
18560,15237,1,55
18561,45660,2,24
18562,10566,6,214
18563,72668,3,19
18564,86332,1,14
18565,80747,1,17
18566,57257,1,15
18567,74452,1,25
18568,37143,2,14
18569,14132,1,30
18570,61554,3,56
18571,58361,1,10
18572,27306,1,32
18573,39145,1,25
18574,29650,4,53
18575,01002,1,12
18576,03076,1,27
18577,31779,1,15
18578,10803,1,38
18579,35124,5,78
18580,10803,1,22
18581,37366,2,15
18582,27311,1,30
18583,95531,1,12
18584,54501,1,32
18585,54463,1,15
18586,56572,1,24
18587,49958,1,20
18588,35125,4,50
18589,50219,1,26
18590,54950,1,26
18591,49769,1,11
18592,49769,1,30
18593,56078,1,26
18594,08068,2,23
18595,43450,1,40
18596,58271,1,22
18597,02359,4,39
18598,03275,1,41
18599,42266,1,25
18600,60958,1,16
18601,33024,6,210
18602,24136,1,35
18603,04666,1,9
18604,67035,1,7
18605,17103,1,11
18606,99119,6,28
18607,99119,2,11
18608,68047,1,28
18609,28478,2,40
18610,46064,1,30
18611,97801,3,104
18612,75948,2,25
18613,59467,1,22
18614,76676,1,15
18615,14526,3,70
18616,15849,1,30
18617,96137,2,23
18618,49686,3,25
18619,15675,1,30
18620,18229,1,19
18621,18210,2,28
18622,15235,7,251
18623,46544,2,46
18624,49095,1,16
18625,16002,1,25
18626,95946,3,12
18627,43787,1,21
18628,14527,1,70
18629,19047,1,35
18630,49017,2,22
18631,75856,2,15
18632,08534,1,56
18633,24277,2,20
18634,56279,1,18
18635,17862,1,35
18636,08069,1,25
18637,08110,5,113
18638,26415,1,32
18639,18073,1,30
18640,08070,1,26
18641,47369,1,34
18642,04476,1,31
18643,04468,1,19
18644,17545,1,56
18645,95663,1,16
18646,32501,6,118
18647,28714,1,25
18648,54101,1,25
18649,49449,1,11
18650,85345,8,149
18651,61603,12,201
18652,61616,2,16
18653,76645,1,18
18654,74363,1,0
18655,54759,1,11
18656,44124,1,28
18657,01463,2,49
18658,72041,1,9
18659,07444,1,50
18660,55803,1,13
18661,17529,2,120
18662,56472,2,28
18663,87042,1,11
18664,62272,1,15
18665,36562,2,22
18666,17020,1,14
18667,49431,1,21
18668,56573,1,30
18669,18944,2,48
18670,74059,2,21
18671,44870,2,51
18672,39573,1,25
18673,14529,1,22
18674,19426,1,35
18675,72104,1,15
18676,56574,1,9
18677,73433,1,14
18678,76486,1,32
18679,48871,1,22
18680,92530,2,75
18681,48872,2,45
18682,14530,1,25
18683,47586,2,30
18684,37096,1,20
18685,73077,1,24
18686,72125,1,12
18687,14530,1,37
18688,32348,1,22
18689,31069,2,39
18690,16509,2,27
18691,44081,2,25
18692,21902,1,16
18693,43701,1,30
18694,43319,1,19
18695,45806,1,49
18696,44646,3,30
18697,46227,4,103
18698,16049,1,8
18699,46035,1,21
18700,46052,1,11
18701,44460,2,26
18702,15473,1,35
18703,15780,1,0
18704,43988,1,12
18705,45638,2,25
18706,47712,3,51
18707,47462,1,18
18708,63462,1,25
18709,50220,2,40
18710,04667,1,30
18711,44813,2,32
18712,43551,2,35
18713,43551,1,35
18714,14129,1,35
18715,47974,1,25
18716,79070,1,30
18717,71801,1,8
18718,63775,2,50
18719,72126,1,18
18720,40468,1,28
18721,75494,1,9
18722,17038,1,32
18723,74002,2,32
18724,47235,1,20
18725,51563,1,20
18726,37857,1,25
18727,08861,1,72
18728,12010,1,45
18729,05152,1,20
18730,46970,2,31
18731,61354,1,29
18732,04290,2,30
18733,68421,1,20
18734,12972,1,38
18735,01235,1,15
18736,61863,1,12
18737,39465,3,38
18738,94952,3,70
18739,03458,1,37
18740,15317,3,46
18741,62675,1,18
18742,47567,1,38
18743,41080,1,14
18744,58272,1,15
18745,23803,4,80
18746,68652,1,31
18747,26847,1,35
18748,99833,2,32
18749,12138,1,30
18750,01366,1,20
18751,80914,2,65
18752,51047,1,18
18753,24963,1,28
18754,72110,2,35
18755,49770,2,25
18756,86028,2,7
18757,95558,1,18
18758,76377,1,16
18759,37845,1,10
18760,65301,8,45
18761,78162,2,20
18762,48873,1,15
18763,53188,2,85
18764,40056,1,35
18765,80831,1,17
18766,37179,1,16
18767,06340,1,66
18768,72675,3,12
18769,78577,3,58
18770,13801,1,15
18771,85540,1,9
18772,54554,1,25
18773,14532,1,28
18774,41553,3,21
18775,36867,3,55
18776,19123,63,2085
18777,39350,3,36
18778,13673,1,45
18779,72401,2,20
18780,74726,2,16
18781,37846,1,28
18782,23234,1,45
18783,57567,1,42
18784,29379,1,22
18785,26416,1,30
18786,59858,1,28
18787,67621,1,17
18788,67647,2,20
18789,67661,1,18
18790,59538,8,100
18791,54555,1,30
18792,04966,1,16
18793,68865,1,19
18794,45354,1,35
18795,08865,5,108
18796,67661,1,17
18797,01331,2,14
18798,95559,1,10
18799,12565,1,25
18800,61864,1,15
18801,97370,3,34
18802,20131,1,14
18803,04562,1,30
18804,05148,1,16
18805,85034,58,1678
18806,60426,1,31
18807,16648,1,35
18808,19460,3,74
18809,43145,1,16
18810,07806,1,32
18811,39466,3,36
18812,58545,1,10
18813,30143,5,20
18814,29671,1,35
18815,26230,1,22
18816,35447,2,20
18817,54465,2,30
18818,29691,1,25
18819,75471,2,16
18820,55987,2,28
18821,85743,1,9
18822,17762,1,40
18823,87827,1,16
18824,94611,1,25
18825,73078,2,15
18826,57769,2,34
18827,29673,2,41
18828,63957,1,15
18829,29609,2,31
18830,27425,1,17
18831,98330,2,20
18832,65723,4,28
18833,65723,1,12
18834,98022,1,16
18835,98371,1,1
18836,98338,6,80
18837,98022,2,20
18838,98422,2,47
18839,98360,4,23
18840,98371,1,19
18841,98466,7,151
18842,98349,6,48
18843,98332,9,121
18844,98371,1,43
18845,83546,1,11
18846,47165,2,22
18847,45245,2,47
18848,68767,1,40
18849,12973,1,25
18850,46562,1,25
18851,29697,1,28
18852,95587,1,4
18853,03779,1,20
18854,10968,1,54
18855,57468,1,20
18856,44082,1,17
18857,57501,1,15
18858,70339,3,35
18859,13617,1,40
18860,51048,1,18
18861,56364,1,30
18862,36037,1,23
18863,37863,2,60
18864,47523,1,17
18865,72454,2,20
18866,36081,1,30
18867,30206,7,58
18868,54552,1,20
18869,36064,6,50
18870,55732,3,20
18871,45344,1,23
18872,46268,5,157
18873,45661,1,19
18874,41501,3,34
18875,27863,1,30
18876,37367,1,25
18877,68768,1,14
18878,56473,2,26
18879,17080,1,20
18880,38201,1,18
18881,27360,1,40
18882,27597,1,38
18883,65276,1,15
18884,63663,2,30
18885,27041,1,30
18886,12844,1,18
18887,50223,1,14
18888,27041,1,20
18889,76258,1,17
18890,97868,1,20
18891,60941,1,0
18892,85543,1,25
18893,29461,1,17
18894,28466,1,31
18895,85618,1,10
18896,25156,2,48
18897,36371,1,12
18898,62274,1,22
18899,62274,1,22
18900,48650,2,22
18901,08741,1,30
18902,71602,1,21
18903,71601,7,100
18904,07058,2,25
18905,39429,1,8
18906,12566,2,60
18907,55063,1,22
18908,14871,1,35
18909,15825,1,40
18910,17723,1,11
18911,74764,1,16
18912,16845,1,26
18913,29170,1,31
18914,29078,2,30
18915,17963,1,30
18916,17963,1,45
18917,12306,1,28
18918,36266,1,12
18919,26419,1,10
18920,82721,1,14
18921,29115,2,30
18922,12465,1,24
18923,08021,1,49
18924,28315,1,22
18925,14225,1,26
18926,36769,1,20
18927,87357,1,12
18928,55963,1,26
18929,10969,2,45
18930,28512,1,26
18931,54501,2,30
18932,86401,2,14
18933,36066,1,30
18934,27568,1,27
18935,32464,1,7
18936,31823,1,24
18937,31822,1,18
18938,12567,1,45
18939,70576,3,47
18940,35968,1,22
18941,29483,2,39
18942,39475,2,25
18943,93664,1,21
18944,71961,2,14
18945,27030,1,26
18946,56474,1,25
18947,54452,1,30
18948,72543,4,18
18949,28358,1,30
18950,16127,1,32
18951,16259,1,20
18952,46360,1,28
18953,84781,1,28
18954,97834,1,10
18955,38965,1,20
18956,47975,1,20
18957,72033,1,20
18958,85544,2,28
18959,63935,1,30
18960,28373,1,29
18961,75412,1,8
18962,37757,2,26
18963,27406,5,70
18964,16601,1,35
18965,16301,1,15
18966,87305,1,16
18967,31070,1,21
18968,28374,2,38
18969,77630,1,15
18970,75968,1,32
18971,33762,6,74
18972,33785,3,37
18973,41063,1,26
18974,85935,2,30
18975,27865,1,31
18976,31071,1,12
18977,37096,1,18
18978,36426,1,15
18979,40977,1,31
18980,72566,2,21
18981,39074,1,15
18982,28134,1,55
18983,08721,1,40
18984,08005,1,44
18985,86017,1,24
18986,80540,1,20
18987,37137,1,13
18988,35614,1,25
18989,28663,1,20
18990,37686,2,26
18991,28544,1,28
18992,27284,2,33
18993,28341,1,28
18994,31096,1,12
18995,72756,5,22
18996,38585,2,15
18997,36262,1,20
18998,60124,3,62
18999,58476,1,25
19000,86401,2,21
19001,28572,1,48
19002,39149,2,28
19003,94564,1,27
19004,88053,4,38
19005,36043,2,40
19006,89043,2,21
19007,43554,1,23
19008,95684,6,18
19009,08723,2,30
19010,19551,1,23
19011,33440,1,10
19012,17522,1,35
19013,46914,1,35
19014,78063,1,32
19015,46036,1,25
19016,60959,1,25
19017,38017,1,36
19018,25979,1,20
19019,56164,1,35
19020,49111,2,24
19021,41844,1,14
19022,45356,1,30
19023,85626,1,14
19024,12139,2,34
19025,58273,1,20
19026,38865,1,20
19027,35765,1,18
19028,51564,1,18
19029,97444,1,15
19030,15140,2,30
19031,15140,1,27
19032,45502,1,11
19033,81241,1,15
19034,70656,1,10
19035,08071,1,25
19036,08071,2,66
19037,45358,1,18
19038,43323,1,15
19039,37738,2,30
19040,31072,1,17
19041,46167,1,31
19042,27312,3,37
19043,66762,3,35
19044,75686,2,28
19045,65724,1,30
19046,62974,1,15
19047,15219,29,640
19048,04967,1,20
19049,01201,5,88
19050,03263,1,16
19051,62363,1,33
19052,48108,3,26
19053,05762,1,20
19054,13411,1,50
19055,05763,2,40
19056,14534,2,74
19057,18640,1,55
19058,04345,2,33
19059,18640,1,24
19060,12094,1,40
19061,36871,1,16
19062,54466,1,28
19063,21850,1,45
19064,77977,1,6
19065,92870,2,46
19066,95603,4,37
19067,95603,8,100
19068,95722,3,41
19069,83666,1,10
19070,87043,4,22
19071,84404,1,21
19072,53577,1,39
19073,44721,4,40
19074,46538,1,25
19075,43054,1,64
19076,28334,1,46
19077,05667,1,23
19078,06374,1,29
19079,03770,2,30
19080,49525,2,27
19081,50666,1,24
19082,07060,3,105
19083,60544,5,77
19084,46168,3,83
19085,01070,1,19
19086,48739,1,20
19087,18091,2,30
19088,67869,1,12
19089,67869,1,12
19090,18705,2,30
19091,31780,1,18
19092,59859,1,15
19093,08536,1,23
19094,11803,3,120
19095,79072,3,36
19096,55964,1,22
19097,30558,1,15
19098,74880,1,13
19099,72857,1,20
19100,36801,1,9
19101,68769,1,43
19102,13137,3,25
19103,06062,1,87
19104,67663,1,28
19105,02762,1,44
19106,47568,1,15
19107,49080,1,23
19108,03865,1,38
19109,11030,1,101
19110,57368,1,22
19111,75074,13,335
19112,42104,2,21
19113,33563,2,47
19114,33317,6,181
19115,77363,1,10
19116,38862,1,15
19117,36758,1,21
19118,70764,3,48
19119,16417,1,15
19120,81643,3,40
19121,55370,1,25
19122,65552,1,10
19123,80421,4,37
19124,68653,1,25
19125,82201,2,70
19126,80644,1,26
19127,57369,1,34
19128,12589,1,50
19129,53818,1,61
19130,80651,2,47
19131,64477,1,25
19132,12901,2,38
19133,12901,2,40
19134,68048,1,38
19135,71362,2,28
19136,88020,1,12
19137,58771,1,31
19138,43772,1,20
19139,27313,1,29
19140,84062,1,46
19141,28365,1,32
19142,35127,1,23
19143,31705,1,15
19144,35950,1,17
19145,75755,1,10
19146,38666,1,13
19147,75503,1,18
19148,17246,1,24
19149,35146,1,12
19150,71854,1,12
19151,50327,1,42
19152,29058,1,12
19153,62366,1,20
19154,64080,1,35
19155,97405,3,35
19156,17331,1,34
19157,43952,1,12
19158,36908,1,21
19159,28621,1,34
19160,15236,1,50
19161,65725,3,23
19162,62677,2,22
19163,72568,3,24
19164,04667,1,17
19165,53158,2,33
19166,04920,1,6
19167,47436,1,20
19168,35582,1,12
19169,43130,1,42
19170,46943,1,19
19171,43010,1,27
19172,43123,1,58
19173,46350,1,20
19174,43302,1,29
19175,43527,2,33
19176,46987,1,22
19177,15676,1,38
19178,21158,1,1
19179,96023,1,2
19180,29707,1,28
19181,12569,2,113
19182,43064,1,53
19183,64068,1,45
19184,85554,2,13
19185,06063,1,32
19186,89511,2,16
19187,80401,1,57
19188,81331,1,42
19189,37146,8,46
19190,40769,1,18
19191,16365,1,25
19192,12182,1,25
19193,66075,1,11
19194,78064,3,29
19195,68866,1,25
19196,60525,3,60
19197,50225,1,30
19198,10570,2,66
19199,08232,1,34
19200,16341,1,10
19201,72745,1,18
19202,40272,8,145
19203,40057,1,12
19204,59254,1,26
19205,59254,1,28
19206,95960,3,12
19207,12306,1,25
19208,50573,1,18
19209,54761,1,26
19210,54560,1,17
19211,96103,1,11
19212,95971,13,214
19213,72127,1,19
19214,18949,2,40
19215,19428,1,57
19216,04969,1,25
19217,02360,7,139
19218,84330,1,12
19219,68424,1,29
19220,46563,1,59
19221,55441,3,59
19222,03264,1,40
19223,44004,2,28
19224,48170,3,26
19225,44865,1,24
19226,53073,2,39
19227,13844,1,28
19228,02367,1,26
19229,19375,1,15
19230,38618,1,18
19231,36502,2,29
19232,25159,1,25
19233,50574,1,23
19234,72455,3,43
19235,62275,1,24
19236,39209,1,26
19237,10591,1,34
19238,10940,1,34
19239,83201,5,80
19240,27330,2,35
19241,74902,2,21
19242,18372,1,45
19243,46819,1,30
19244,12140,2,40
19245,08865,2,33
19246,99927,1,16
19247,77364,1,10
19248,11697,1,35
19249,62013,2,0
19250,94019,1,8
19251,11706,1,42
19252,08742,2,71
19253,08742,2,35
19254,18950,1,28
19255,14617,2,42
19256,41018,1,39
19257,25550,1,25
19258,17857,1,24
19259,17857,2,40
19260,47620,1,16
19261,75472,1,15
19262,70760,4,35
19263,70755,6,16
19264,87506,2,27
19265,49120,1,17
19266,47868,2,20
19267,13324,2,56
19268,50226,1,40
19269,30125,9,210
19270,97351,4,80
19271,33830,45,594
19272,16342,1,19
19273,52580,1,25
19274,46563,2,23
19275,64468,1,7
19276,18333,2,28
19277,68654,1,26
19278,44866,1,23
19279,28135,1,38
19280,28136,1,37
19281,57648,1,26
19282,28573,1,24
19283,64671,1,19
19284,61064,2,24
19285,59860,1,25
19286,59860,4,41
19287,29126,2,19
19288,50575,1,38
19289,45769,1,27
19290,06258,1,26
19291,65789,1,20
19292,32181,2,7
19293,08240,1,44
19294,33060,6,199
19295,13138,1,43
19296,07442,1,60
19297,74601,4,68
19298,68112,1,35
19299,68770,1,28
19300,32455,1,8
19301,32127,1,13
19302,70454,4,52
19303,73766,1,19
19304,40402,1,15
19305,26133,2,20
19306,18660,1,17
19307,28615,1,26
19308,76259,1,20
19309,77090,3,64
19310,86015,2,28
19311,87044,4,21
19312,46781,1,15
19313,65729,2,10
19314,61764,1,20
19315,61764,1,20
19316,76869,1,10
19317,27810,1,26
19318,28137,1,31
19319,42444,1,22
19320,31322,5,74
19321,76487,1,16
19322,28308,1,72
19323,37096,1,9
19324,38658,2,15
19325,63901,3,28
19326,39747,1,12
19327,24134,1,20
19328,13139,1,28
19329,42539,1,21
19330,29369,3,37
19331,54864,1,20
19332,59255,1,16
19333,06365,1,13
19334,06340,1,22
19335,23662,2,42
19336,99836,1,20
19337,16743,1,30
19338,98362,1,49
19339,77640,8,105
19340,48467,1,16
19341,77650,1,25
19342,13140,1,25
19343,10573,5,300
19344,43452,1,35
19345,43219,1,25
19346,13833,2,32
19347,13901,1,13
19348,54469,1,30
19349,08348,1,18
19350,12466,2,50
19351,14537,1,25
19352,12974,1,38
19353,48060,1,15
19354,78578,1,15
19355,45360,1,18
19356,11777,1,90
19357,12771,5,305
19358,77979,2,27
19359,99550,1,7
19360,78598,1,18
19361,16870,1,30
19362,77651,1,27
19363,08349,1,20
19364,77982,1,20
19365,77379,3,40
19366,98158,1,66
19367,32129,5,61
19368,99950,1,10
19369,08241,1,30
19370,34668,1,48
19371,29935,1,10
19372,48469,1,18
19373,49460,1,21
19374,32456,1,20
19375,70083,3,23
19376,17864,1,25
19377,11050,7,300
19378,53074,1,32
19379,31407,2,23
19380,45177,1,21
19381,54865,2,17
19382,49024,3,39
19383,63373,1,12
19384,84331,1,12
19385,46368,3,62
19386,15946,2,60
19387,53901,1,28
19388,43449,1,36
19389,49820,1,38
19390,63873,1,18
19391,63873,1,18
19392,85632,1,14
19393,88130,4,25
19394,46304,1,19
19395,46383,1,20
19396,46304,1,51
19397,49130,1,29
19398,56280,1,24
19399,73538,1,12
19400,43074,1,31
19401,45694,1,28
19402,46302,2,44
19403,77365,3,43
19404,30070,1,16
19405,17362,1,27
19406,16051,1,20
19407,93257,2,65
19408,39352,2,19
19409,72457,1,21
19410,97218,1,45
19411,48875,1,20
19412,97204,31,691
19413,37148,2,26
19414,06480,3,58
19415,04101,9,215
19416,47371,1,31
19417,58274,2,50
19418,18351,2,35
19419,14769,1,31
19420,96122,2,17
19421,45661,1,49
19422,03801,3,65
19423,02871,1,34
19424,45662,3,39
19425,23704,8,220
19426,03804,1,44
19427,48708,1,25
19428,14770,1,35
19429,74455,2,24
19430,74455,1,17
19431,49776,1,22
19432,60469,1,36
19433,47881,1,20
19434,47125,2,35
19435,47038,2,17
19436,46104,1,23
19437,76450,1,20
19438,42029,2,23
19439,08854,1,15
19440,74939,1,13
19441,79356,1,25
19442,52162,1,30
19443,66509,1,27
19444,74953,3,25
19445,78147,1,21
19446,83501,1,30
19447,21562,1,41
19448,20640,1,86
19449,22554,1,30
19450,21782,1,17
19451,53820,1,88
19452,63664,5,49
19453,79602,1,18
19454,13676,1,64
19455,66535,1,18
19456,66520,1,13
19457,66521,1,15
19458,66432,1,19
19459,66042,2,14
19460,79108,6,70
19461,54160,1,22
19462,14507,1,26
19463,71945,2,18
19464,36701,1,20
19465,15061,1,14
19466,65790,2,15
19467,07979,1,20
19468,12860,1,20
19469,02825,1,20
19470,48876,1,28
19471,43952,1,10
19472,17865,1,20
19473,75076,1,10
19474,19464,4,98
19475,72858,1,20
19476,76565,1,10
19477,67123,1,20
19478,80535,4,30
19479,80524,14,206
19480,12601,3,60
19481,72569,1,15
19482,31781,1,16
19483,98370,4,46
19484,05764,1,27
19485,10576,1,45
19486,24279,1,24
19487,92064,3,53
19488,82639,1,20
19489,97877,1,9
19490,75473,1,33
19491,29625,1,28
19492,49808,2,25
19493,35971,1,13
19494,82435,1,24
19495,27967,1,34
19496,59468,1,16
19497,58773,1,18
19498,97466,1,15
19499,39443,1,22
19500,23139,5,130
19501,43942,1,18
19502,04069,2,20
19503,05261,1,15
19504,54967,1,38
19505,72128,1,7
19506,53955,1,30
19507,75782,1,10
19508,18603,1,150
19509,68050,1,36
19510,74864,1,20
19511,59349,1,20
19512,57649,1,18
19513,97869,1,22
19514,47869,1,19
19515,53821,1,30
19516,62277,1,20
19517,53578,1,32
19518,54762,1,30
19519,72753,2,30
19520,77833,2,18
19521,76678,1,6
19522,65068,1,10
19523,74021,1,5
19524,43228,2,57
19525,44633,1,25
19526,47361,1,20
19527,67664,1,17
19528,70512,1,12
19529,39756,2,21
19530,62240,3,20
19531,62413,1,22
19532,52219,1,20
19533,47802,2,32
19534,62097,1,24
19535,49046,1,16
19536,70769,5,61
19537,06108,1,18
19538,67124,1,24
19539,25162,1,25
19540,67124,1,22
19541,67124,1,18
19542,14873,1,30
19543,12468,1,30
19544,72129,1,16
19545,36067,4,90
19546,13141,1,29
19547,46782,1,30
19548,78375,1,21
19549,54556,2,30
19550,39474,1,18
19551,17042,1,12
19552,54021,2,40
19553,50859,1,17
19554,86305,5,60
19555,71857,2,17
19556,57568,1,30
19557,85616,2,6
19558,94123,2,42
19559,93955,1,21
19560,79845,1,23
19561,04769,2,40
19562,49777,1,20
19563,54557,1,18
19564,15142,1,35
19565,65732,1,10
19566,06365,1,15
19567,13830,1,25
19568,55965,1,24
19569,67583,1,13
19570,75076,2,28
19571,21655,1,80
19572,52069,1,35
19573,74456,1,12
19574,41653,3,39
19575,84501,3,25
19576,26452,1,18
19577,42765,1,26
19578,35603,3,40
19579,25555,1,25
19580,83873,2,18
19581,70770,3,33
19582,51245,1,23
19583,19018,5,39
19584,68655,1,20
19585,78065,1,12
19586,20678,1,77
19587,23875,7,262
19588,23875,1,40
19589,20774,46,2755
19590,22192,17,1000
19591,21853,1,30
19592,55371,2,40
19593,54968,1,25
19594,24740,2,23
19595,42445,1,33
19596,52768,1,30
19597,01541,2,21
19598,08542,3,85
19599,61356,1,16
19600,47670,3,26
19601,08550,1,31
19602,08540,1,21
19603,95970,1,14
19604,27569,1,31
19605,27886,1,29
19606,57773,1,22
19607,18704,1,25
19608,56281,1,16
19609,55372,2,41
19610,81064,1,8
19611,87002,12,12
19612,20110,1,7
19613,52240,1,25
19614,72376,1,25
19615,55810,1,21
19616,05765,1,23
19617,05153,1,26
19618,45669,1,32
19619,17109,1,50
19620,29648,1,46
19621,76442,1,15
19622,18456,1,18
19623,61277,3,32
19624,04981,1,22
19625,13435,1,25
19626,60070,2,38
19627,08638,1,28
19628,27314,1,27
19629,19076,1,51
19630,07508,2,50
19631,97536,3,8
19632,13905,1,25
19633,23960,1,27
19634,75078,1,28
19635,29127,2,30
19636,08832,1,24
19637,65733,2,15
19638,52163,1,22
19639,27315,1,32
19640,02903,14,503
19641,27565,1,34
19642,42450,1,24
19643,35085,1,16
19644,43547,1,26
19645,12074,2,34
19646,29059,2,15
19647,28104,1,35
19648,36033,1,8
19649,02657,3,66
19650,84601,5,80
19651,71846,1,15
19652,81052,2,18
19653,02872,1,25
19654,74361,2,31
19655,81001,1,15
19656,81001,10,140
19657,89404,1,12
19658,87026,2,16
19659,81006,3,29
19660,81007,3,33
19661,86512,2,19
19662,00729,1,5
19663,00936,94,1802
19664,98030,13,265
19665,57370,1,37
19666,31036,4,63
19667,72120,3,29
19668,24301,1,6
19669,24301,1,29
19670,38478,2,27
19671,49241,1,26
19672,16140,2,30
19673,15066,1,18
19674,54162,1,37
19675,52584,1,12
19676,14874,1,32
19677,14589,1,30
19678,65775,1,14
19679,29671,1,25
19680,27860,1,30
19681,77358,1,19
19682,28376,1,32
19683,73080,2,29
19684,20132,1,84
19685,10577,1,50
19686,47907,1,29
19687,65734,2,26
19688,63935,1,12
19689,39475,1,20
19690,38251,1,15
19691,43456,1,20
19692,38501,12,80
19693,31024,10,31
19694,12563,1,40
19695,48169,1,20
19696,10579,2,71
19697,12861,1,25
19698,46135,1,34
19699,05346,1,27
19700,40865,1,15
19701,85354,1,27
19702,72672,2,23
19703,62028,2,20
19704,61265,1,12
19705,36207,2,20
19706,65566,5,20
19707,78371,1,12
19708,72206,1,11
19709,77905,1,12
19710,76905,1,18
19711,15229,1,25
19712,43773,1,25
19713,12871,2,50
19714,12141,1,14
19715,08867,1,30
19716,18951,2,84
19717,28789,2,35
19718,22134,3,81
19719,74363,2,25
19720,17566,1,60
19721,96032,1,4
19722,85346,2,22
19723,52326,1,15
19724,12553,1,60
19725,88401,1,15
19726,21657,1,44
19727,21617,7,57
19728,18447,1,22
19729,85218,1,11
19730,88220,1,17
19731,12804,2,60
19732,21658,1,68
19733,06378,1,18
19734,51049,1,20
19735,98587,1,52
19736,98587,1,8
19737,49082,1,18
19738,62301,5,60
19739,53934,2,24
19740,32351,2,26
19741,95971,3,33
19742,49930,2,28
19743,43343,1,24
19744,06262,1,36
19745,02865,1,10
19746,67752,1,14
19747,23141,1,42
19748,08072,1,25
19749,74561,1,15
19750,25981,1,20
19751,79255,1,17
19752,39854,1,20
19753,71268,2,13
19754,75783,1,22
19755,72131,1,20
19756,38053,2,16
19757,63961,2,15
19758,11959,1,56
19759,92179,1,13
19760,24501,1,43
19761,88415,3,30
19762,30525,13,168
19763,36507,1,40
19764,37419,2,15
19765,15001,2,25
19766,59722,1,28
19767,59701,1,29
19768,41169,1,30
19769,45771,1,30
19770,53403,6,141
19771,25165,1,33
19772,50230,1,18
19773,24141,1,44
19774,19087,1,56
19775,43066,1,28
19776,28376,1,28
19777,37385,1,15
19778,07065,2,64
19779,35906,2,22
19780,34431,2,17
19781,15131,1,32
19782,25962,1,20
19783,35986,1,15
19784,49286,1,27
19785,77905,4,25
19786,50465,1,17
19787,27623,1,25
19788,27601,30,553
19789,46155,3,55
19790,79357,1,17
19791,72677,2,14
19792,17872,1,15
19793,07945,2,25
19794,51459,1,17
19795,17763,1,25
19796,68127,1,35
19797,87321,2,14
19798,38367,1,12
19799,16671,1,25
19800,74061,1,12
19801,92065,3,43
19802,57054,1,22
19803,27316,1,24
19804,07446,2,65
19805,55303,2,32
19806,62080,1,25
19807,47166,2,31
19808,07731,1,38
19809,36273,1,24
19810,74601,1,16
19811,94951,3,29
19812,91730,7,92
19813,92270,2,27
19814,92067,6,81
19815,79118,3,41
19816,56475,1,25
19817,66963,1,19
19818,73562,1,14
19819,05061,1,20
19820,51649,1,14
19821,39840,8,13
19822,53956,1,33
19823,14772,2,35
19824,75475,1,12
19825,03593,1,12
19826,02368,2,60
19827,05060,1,25
19828,04346,1,12
19829,84064,1,20
19830,36278,1,16
19831,47981,1,16
19832,07869,4,75
19833,61745,1,25
19834,44201,1,31
19835,38864,1,21
19836,68771,1,25
19837,16327,1,69
19838,36792,1,15
19839,43151,1,16
19840,36475,1,16
19841,04970,2,31
19842,81648,1,30
19843,18603,1,25
19844,28906,1,40
19845,76470,1,23
19846,17935,1,0
19847,60960,2,38
19848,15104,1,16
19849,28054,1,44
19850,25306,1,20
19851,79366,2,17
19852,61866,2,33
19853,24472,1,35
19854,57701,7,125
19855,57703,1,42
19856,71302,6,65
19857,71360,3,21
19858,71302,3,35
19859,71447,1,17
19860,71433,4,29
19861,61275,2,28
19862,14094,2,56
19863,13436,1,17
19864,45671,1,30
19865,08869,2,21
19866,72951,2,16
19867,73481,2,26
19868,74562,1,18
19869,80138,5,54
19870,12143,1,42
19871,72460,1,21
19872,49451,1,20
19873,44266,1,21
19874,68869,1,32
19875,40472,1,26
19876,44266,1,30
19877,75476,1,34
19878,26164,1,30
19879,73455,1,14
19880,17963,1,20
19881,57356,1,13
19882,21557,1,16
19883,67745,1,15
19884,82301,2,34
19885,17532,1,40
19886,31645,1,21
19887,58849,1,25
19888,48096,1,31
19889,35010,1,10
19890,16201,1,27
19891,43943,1,15
19892,30660,1,16
19893,12180,1,25
19894,53126,1,32
19895,04074,2,35
19896,57258,1,18
19897,03077,1,25
19898,56282,1,21
19899,68428,2,33
19900,50667,1,18
19901,98577,1,31
19902,39154,2,35
19903,62560,2,28
19904,65555,1,25
19905,70578,3,40
19906,02767,1,36
19907,24879,1,18
19908,90245,1,3
19909,85706,1,26
19910,64133,2,31
19911,71269,4,48
19912,40060,1,27
19913,72634,2,15
19914,24019,1,60
19915,16619,1,60
19916,26167,1,15
19917,04355,1,26
19918,01867,2,51
19919,49274,1,20
19920,45215,2,35
19921,19601,7,138
19922,61364,1,21
19923,05062,1,24
19924,50538,1,28
19925,08889,1,36
19926,50668,1,24
19927,49740,4,21
19928,05350,1,28
19929,54652,1,15
19930,76932,1,18
19931,36026,1,14
19932,17567,1,40
19933,50232,1,10
19934,31783,1,8
19935,72461,1,16
19936,07701,6,153
19937,37415,2,42
19938,40913,1,19
19939,37150,1,30
19940,62278,1,39
19941,41219,1,16
19942,54814,1,26
19943,68970,1,30
19944,36558,1,12
19945,81005,1,20
19946,13143,1,30
19947,80545,1,12
19948,18076,1,34
19949,12571,1,48
19950,23963,1,27
19951,13148,1,33
19952,56750,1,24
19953,56671,2,26
19954,86046,2,14
19955,36474,1,18
19956,40403,1,15
19957,39096,1,15
19958,59068,1,39
19959,59068,2,35
19960,36420,1,12
19961,27834,1,39
19962,31513,2,31
19963,75154,2,27
19964,51566,1,36
19965,29812,1,0
19966,27868,2,40
19967,75507,2,35
19968,71019,8,60
19969,74651,1,15
19970,12060,1,25
19971,28377,1,33
19972,75706,1,18
19973,80424,4,52
19974,69001,1,22
19975,55066,2,58
19976,95569,1,4
19977,60961,1,20
19978,06896,2,24
19979,96001,8,98
19980,57469,1,32
19981,50233,1,25
19982,66769,1,7
19983,72132,3,32
19984,13437,1,34
19985,48239,3,45
19986,54970,1,32
19987,64804,6,35
19988,47373,1,33
19989,74948,1,15
19990,36093,2,30
19991,71857,1,10
19992,97756,4,52
19993,98052,7,139
19994,90277,3,62
19995,38661,1,5
19996,35812,5,79
19997,75573,2,30
19998,95560,1,12
19999,94063,7,84
20000,56283,1,30
20001,27704,3,51
20002,95470,1,45
20003,13679,1,38
20004,57371,1,31
20005,35954,1,16
20006,49677,1,17
20007,59069,1,19
20008,42451,1,20
20009,58649,1,25
20010,93654,1,42
20011,27295,1,31
20012,53959,1,38
20013,97467,2,36
20014,54230,1,32
20015,17084,1,20
20016,26547,1,30
20017,29536,1,10
20018,25270,1,20
20019,46171,1,25
20020,36866,1,23
20021,28787,2,40
20022,21157,1,43
20023,48757,1,18
20024,53579,1,28
20025,78407,8,157
20026,35481,1,26
20027,39051,1,22
20028,17568,1,23
20029,43025,2,29
20030,78377,1,25
20031,58650,1,21
20032,87046,2,6
20033,85194,1,22
20034,65109,3,35
20035,36301,1,26
20036,19971,3,60
20037,02769,3,56
20038,74937,1,13
20039,42003,2,29
20040,29375,2,47
20041,45056,2,36
20042,50669,1,25
20043,17569,1,38
20044,75784,1,15
20045,08098,1,45
20046,18603,5,70
20047,16866,1,35
20048,17404,1,27
20049,19061,1,50
20050,17842,1,35
20051,17023,1,41
20052,57569,1,30
20053,56672,1,21
20054,31601,1,15
20055,44202,1,38
20056,13357,1,39
20057,47977,1,18
20058,22734,1,61
20059,35133,2,18
20060,51050,1,17
20061,13438,1,39
20062,24557,1,30
20063,35160,1,20
20064,24966,1,14
20065,57055,1,23
20066,15106,1,22
20067,67561,2,30
20068,67514,4,27
20069,67583,1,15
20070,67585,2,30
20071,89501,14,290
20072,75462,2,17
20073,45773,2,35
20074,16343,1,26
20075,67522,1,22
20076,67570,1,24
20077,89510,1,20
20078,17764,1,48
20079,13680,1,34
20080,12144,1,62
20081,47978,1,36
20082,12147,1,30
20083,74459,1,11
20084,98055,7,143
20085,15239,1,14
20086,56284,1,25
20087,50577,1,18
20088,36475,1,10
20089,66961,1,15
20090,65738,2,27
20091,66964,1,30
20092,49879,2,15
20093,15475,2,25
20094,68971,1,22
20095,17110,2,30
20096,17313,1,30
20097,21613,1,55
20098,95672,2,22
20099,17976,1,35
20100,16833,1,30
20101,17057,1,35
20102,18706,1,30
20103,28001,1,40
20104,14211,1,35
20105,14218,1,125
20106,15212,1,35
20107,70084,4,30
20108,39047,3,32
20109,49770,3,27
20110,75110,1,19
20111,22701,1,30
20112,02151,4,102
20113,56166,1,10
20114,63465,1,12
20115,57259,1,25
20116,15948,1,25
20117,16744,1,34
20118,53580,1,14
20119,35094,1,18
20120,59930,1,5
20121,73660,1,16
20122,61279,1,25
20123,58275,1,18
20124,28803,1,30
20125,15851,1,56
20126,26422,1,28
20127,58651,1,20
20128,37332,15,180
20129,79035,1,17
20130,27870,2,36
20131,17022,1,45
20132,28562,2,40
20133,31077,1,12
20134,12574,1,30
20135,65069,1,26
20136,40157,1,20
20137,38851,1,18
20138,50234,1,20
20139,28667,1,15
20140,23250,1,19
20141,92376,5,54
20142,54470,1,29
20143,67524,8,169
20144,56367,1,21
20145,54868,1,26
20146,55803,2,31
20147,18707,1,12
20148,23966,1,29
20149,15357,1,50
20150,31323,1,14
20151,35079,1,8
20152,50466,1,18
20153,37370,1,28
20154,24565,1,24
20155,28805,1,36
20156,24147,1,24
20157,64779,1,16
20158,29058,1,13
20159,27869,1,25
20160,70525,1,20
20161,77873,1,12
20162,75081,6,162
20163,22736,1,32
20164,58652,1,27
20165,29729,2,21
20166,59259,1,15
20167,15358,1,18
20168,84701,1,25
20169,44286,1,33
20170,55423,2,26
20171,17086,1,24
20172,54449,1,22
20173,13439,1,52
20174,43504,1,23
20175,48656,3,25
20176,53033,2,32
20177,28137,1,31
20178,13835,1,25
20179,15380,1,35
20180,48756,1,24
20181,45701,2,30
20182,53581,1,43
20183,99352,3,55
20184,39218,2,36
20185,13144,1,24
20186,76118,1,16
20187,71269,2,23
20188,73099,1,20
20189,76871,1,18
20190,49083,1,27
20191,48891,1,21
20192,48626,1,24
20193,44628,1,20
20194,46764,1,24
20195,46012,1,27
20196,47942,1,18
20197,43310,1,26
20198,15044,2,30
20199,15904,3,51
20200,08350,1,24
20201,52585,1,25
20202,40943,1,17
20203,42431,1,21
20204,76681,1,15
20205,24641,2,20
20206,28574,1,32
20207,18955,1,35
20208,02812,3,45
20209,66080,2,20
20210,22572,3,65
20211,23219,21,414
20212,48062,1,32
20213,01254,1,17
20214,14471,1,87
20215,04357,1,20
20216,56368,1,24
20217,47374,5,84
20218,94804,7,86
20219,77469,3,35
20220,40475,4,65
20221,64085,1,24
20222,71822,1,21
20223,44143,1,23
20224,63117,1,23
20225,31324,2,25
20226,49871,1,22
20227,60071,1,36
20228,43944,1,20
20229,38804,1,20
20230,05477,1,34
20231,12157,1,40
20232,60471,2,44
20233,48758,1,20
20234,13681,1,35
20235,77531,1,14
20236,72005,2,15
20237,26261,1,28
20238,62006,1,25
20239,63071,1,28
20240,51460,2,17
20241,38580,1,13
20242,81332,1,5
20243,97469,1,26
20244,37151,1,13
20245,61870,1,22
20246,36862,1,15
20247,61567,1,10
20248,14626,3,78
20249,83539,1,18
20250,29129,1,30
20251,11961,3,104
20252,20680,1,64
20253,16925,1,20
20254,28097,1,35
20255,93555,1,15
20256,71334,1,12
20257,07657,3,90
20258,06877,2,77
20259,07660,6,102
20260,39158,4,62
20261,54763,1,0
20262,26753,1,30
20263,38080,1,21
20264,21660,1,35
20265,37152,1,17
20266,47380,1,16
20267,43555,1,33
20268,24148,2,27
20269,55943,1,19
20270,14103,2,40
20271,43345,1,10
20272,52165,1,24
20273,64481,1,9
20274,49229,1,25
20275,08759,1,14
20276,53582,1,24
20277,07450,2,51
20278,37714,1,17
20279,62979,1,25
20280,15853,4,110
20281,81432,1,26
20282,19078,1,30
20283,38865,1,12
20284,76682,1,21
20285,12471,1,30
20286,49276,1,26
20287,83549,1,10
20288,66502,16,167
20289,66531,1,14
20290,47802,1,18
20291,31326,4,49
20292,92082,1,40
20293,85641,2,43
20294,95492,5,44
20295,03461,2,23
20296,24149,1,30
20297,40162,1,25
20298,15770,1,35
20299,13142,1,25
20300,24586,1,42
20301,76261,1,9
20302,19464,1,30
20303,54471,1,20
20304,73456,1,20
20305,74754,1,12
20306,50578,1,14
20307,17967,2,30
20308,07456,1,30
20309,73768,1,21
20310,81641,1,35
20311,78046,1,6
20312,95562,1,26
20313,88339,1,12
20314,87571,2,14
20315,53960,1,38
20316,61472,1,18
20317,78582,1,14
20318,87002,2,17
20319,08242,1,40
20320,45674,1,30
20321,87124,6,118
20322,85648,3,30
20323,85263,2,44
20324,94571,1,25
20325,76093,1,20
20326,45167,1,30
20327,38063,1,20
20328,14775,2,42
20329,47916,1,22
20330,74062,2,20
20331,25271,1,25
20332,49930,1,14
20333,95366,3,40
20334,50235,1,12
20335,05766,1,16
20336,63874,1,6
20337,68658,2,34
20338,76471,1,12
20339,47040,1,35
20340,43457,1,17
20341,71665,1,21
20342,80512,3,35
20343,44270,1,36
20344,99169,2,30
20345,95641,1,76
20346,07661,2,52
20347,29661,2,22
20348,54022,1,42
20349,36474,1,18
20350,60305,1,21
20351,60171,1,60
20352,76114,1,30
20353,77302,2,33
20354,32046,1,16
20355,08854,1,25
20356,74647,1,10
20357,14150,1,19
20358,26501,1,17
20359,48218,1,15
20360,07675,2,44
20361,77422,2,15
20362,24541,1,35
20363,75901,2,11
20364,52722,1,30
20365,84405,1,24
20366,07457,1,28
20367,20737,1,62
20368,30274,2,30
20369,60827,1,14
20370,72941,2,14
20371,93656,1,18
20372,11901,4,170
20373,63386,2,21
20374,52327,1,29
20375,92570,101,1350
20376,35135,1,23
20377,98531,8,70
20378,08075,1,33
20379,60546,2,56
20380,38701,1,30
20381,29720,1,9
20382,54476,2,43
20383,64150,1,25
20384,15905,1,15
20385,88210,1,20
20386,77367,1,20
20387,12862,1,16
20388,62561,1,30
20389,08077,1,35
20390,82501,2,47
20391,49454,1,18
20392,51650,1,17
20393,06065,1,17
20394,68972,1,17
20395,13669,1,0
20396,48193,1,34
20397,54149,1,12
20398,29708,2,39
20399,49277,3,26
20400,38253,1,18
20401,26588,1,30
20402,33404,4,76
20403,21122,1,53
20404,78379,1,15
20405,61465,1,19
20406,46172,1,24
20407,37687,1,21
20408,37763,2,10
20409,46974,1,20
20410,24019,13,284
20411,76262,1,32
20412,36274,2,30
20413,61561,1,14
20414,24016,11,259
20415,27954,2,50
20416,27870,2,31
20417,46783,1,23
20418,27850,2,30
20419,42211,1,21
20420,42452,1,19
20421,27325,1,25
20422,60472,1,28
20423,55422,1,30
20424,04671,1,14
20425,08691,1,22
20426,27871,1,25
20427,17563,1,52
20428,76945,1,19
20429,74701,1,8
20430,60458,2,76
20431,26041,1,15
20432,59070,0,12
20433,54023,1,28
20434,36567,1,27
20435,16674,1,47
20436,77856,10,86
20437,63042,2,40
20438,07751,1,25
20439,83716,2,12
20440,52328,1,20
20441,66532,1,12
20442,62454,1,28
20443,58478,1,10
20444,49417,1,25
20445,15108,1,20
20446,28215,1,29
20447,76706,2,27
20448,78380,1,27
20449,65557,3,10
20450,79543,1,18
20451,72134,1,15
20452,12603,4,350
20453,61068,1,41
20454,07662,1,50
20455,76872,1,12
20456,31079,1,20
20457,55902,1,9
20458,46975,1,30
20459,55904,5,103
20460,15074,3,38
20461,48307,1,37
20462,14614,15,483
20463,03867,2,52
20464,02770,3,64
20465,62563,1,20
20466,48309,5,59
20467,53105,1,28
20468,05767,1,21
20469,44090,1,30
20470,42273,1,15
20471,57745,1,19
20472,61070,1,25
20473,37030,1,16
20474,63010,5,68
20475,83341,4,32
20476,66512,1,25
20477,54701,1,18
20478,35621,1,12
20479,61071,1,20
20480,74070,2,28
20481,21661,1,70
20482,12775,1,50
20483,29730,7,139
20484,63119,1,10
20485,61299,1,37
20486,61201,4,59
20487,77470,1,10
20488,58363,1,23
20489,36274,1,34
20490,86545,1,12
20491,64482,1,19
20492,51246,1,24
20493,49816,1,19
20494,82083,1,16
20495,82901,3,34
20496,53961,1,14
20497,51247,1,28
20498,97136,1,15
20499,07866,1,40
20500,07866,5,120
20501,24473,1,31
20502,30012,9,146
20503,60436,1,25
20504,57702,2,30
20505,28376,1,44
20506,22920,1,26
20507,45882,1,27
20508,49341,1,22
20509,55373,1,33
20510,50468,1,20
20511,61104,11,272
20512,35136,1,11
20513,22545,1,27
20514,40759,1,16
20515,41256,1,21
20516,22802,11,441
20517,28379,2,35
20518,05101,1,20
20519,04841,1,28
20520,02370,1,31
20521,60044,1,45
20522,83271,1,16
20523,16374,2,25
20524,49960,1,16
20525,32955,3,41
20526,19046,1,39
20527,07647,1,14
20528,30153,1,17
20529,04856,2,31
20530,01966,2,50
20531,72104,1,11
20532,78381,4,45
20533,42369,1,18
20534,78880,1,20
20535,61072,1,32
20536,11570,5,330
20537,56369,1,25
20538,20849,4,165
20539,47872,1,20
20540,75087,4,58
20541,28138,1,25
20542,50579,1,25
20543,28138,2,50
20544,50469,1,20
20545,54220,1,22
20546,15557,1,40
20547,37854,2,27
20548,48173,1,18
20549,04478,1,11
20550,12095,2,22
20551,72756,1,20
20552,75638,1,10
20553,71241,2,18
20554,77835,1,15
20555,81067,1,35
20556,24366,1,10
20557,16323,2,52
20558,08553,1,20
20559,06067,3,60
20560,27801,7,144
20561,24151,2,38
20562,65072,4,21
20563,27822,1,4
20564,11786,3,132
20565,35243,2,29
20566,21778,1,30
20567,43458,1,26
20568,44116,1,29
20569,28163,1,27
20570,19063,1,30
20571,37769,1,13
20572,73661,1,10
20573,31014,1,26
20574,94547,2,20
20575,24881,1,16
20576,13682,1,35
20577,72519,1,13
20578,29376,2,22
20579,74865,2,20
20580,75956,1,10
20581,49779,1,21
20582,72756,8,136
20583,55374,2,44
20584,41514,1,14
20585,58479,1,25
20586,76569,1,20
20587,71342,2,15
20588,37857,2,25
20589,35652,2,25
20590,97525,1,17
20591,97504,1,5
20592,94928,3,57
20593,17603,1,30
20594,50236,1,17
20595,74954,1,18
20596,27571,1,37
20597,58366,1,23
20598,58366,1,20
20599,50581,1,38
20600,65401,2,27
20601,65401,4,50
20602,58367,1,9
20603,58367,1,23
20604,40051,2,34
20605,74108,1,31
20606,36116,2,18
20607,77445,1,15
20608,75169,1,15
20609,55969,1,25
20610,59931,1,18
20611,03869,1,30
20612,46241,1,12
20613,78584,1,33
20614,12524,2,40
20615,13440,2,77
20616,30161,10,169
20617,44085,1,21
20618,45778,1,18
20619,47574,1,13
20620,45669,2,29
20621,60446,3,35
20622,26757,1,30
20623,48174,2,22
20624,14541,1,19
20625,35446,1,16
20626,48870,1,15
20627,59864,2,40
20628,24970,1,0
20629,15476,1,28
20630,28670,1,22
20631,72360,1,10
20632,11779,1,139
20633,17572,1,30
20634,62082,1,25
20635,84066,1,18
20636,59201,1,21
20637,73564,1,12
20638,11575,3,69
20639,12538,5,125
20640,79403,1,20
20641,44272,1,32
20642,27970,1,28
20643,79358,1,12
20644,99170,1,28
20645,68055,1,13
20646,15477,1,40
20647,79545,1,12
20648,57471,1,22
20649,48629,1,20
20650,72137,1,17
20651,48654,1,32
20652,55970,1,21
20653,17349,1,25
20654,14542,1,25
20655,28458,1,44
20656,36028,1,16
20657,56751,1,27
20658,38920,1,16
20659,28382,1,29
20660,59327,1,46
20661,88410,2,30
20662,57570,1,22
20663,76570,1,38
20664,97470,3,39
20665,64503,1,27
20666,57301,1,17
20667,74831,1,8
20668,21237,1,65
20669,47874,1,18
20670,38769,1,30
20671,70772,1,20
20672,77377,3,51
20673,07068,1,35
20674,28431,1,38
20675,68973,1,35
20676,60172,1,52
20677,07203,1,33
20678,60018,2,78
20679,45662,1,23
20680,55068,2,35
20681,77471,3,52
20682,12472,1,20
20683,64483,2,22
20684,08352,1,35
20685,70659,2,15
20686,48066,2,46
20687,55113,1,29
20688,43777,1,20
20689,72949,2,19
20690,62024,1,28
20691,27530,1,50
20692,77583,1,14
20693,54473,1,42
20694,42370,2,15
20695,11577,2,60
20696,94957,1,12
20697,45013,2,42
20698,94960,4,46
20699,71640,1,10
20700,76684,1,16
20701,49012,1,25
20702,45362,1,18
20703,75157,1,18
20704,43460,1,24
20705,15772,1,15
20706,71858,1,12
20707,73855,1,8
20708,30741,1,15
20709,38066,1,10
20710,29729,2,14
20711,60963,1,22
20712,46065,1,30
20713,15012,2,35
20714,15087,1,25
20715,30009,7,120
20716,79546,1,16
20717,56579,1,23
20718,17543,1,30
20719,12306,1,22
20720,12306,1,35
20721,12150,25,25
20722,95975,1,16
20723,86503,1,8
20724,22602,1,33
20725,20142,1,30
20726,12019,2,75
20727,78663,1,17
20728,78664,9,151
20729,78680,1,35
20730,85925,1,33
20731,93247,1,13
20732,43346,1,18
20733,59072,1,26
20734,12979,1,39
20735,25168,1,16
20736,40351,1,25
20737,41164,1,20
20738,65692,1,15
20739,27013,1,16
20740,01367,1,14
20741,87562,3,12
20742,76875,1,16
20743,28383,1,37
20744,26425,1,20
20745,75030,3,62
20746,52329,1,13
20747,01969,1,26
20748,62084,1,21
20749,19945,2,62
20750,48861,1,22
20751,11697,1,36
20752,12474,1,60
20753,05669,1,8
20754,27872,1,20
20755,75477,1,18
20756,84067,2,72
20757,59471,1,15
20758,87743,1,17
20759,46978,1,30
20760,51357,1,24
20761,35031,1,15
20762,01368,2,23
20763,56373,1,24
20764,49085,1,18
20765,75189,1,25
20766,67574,1,12
20767,50321,1,14
20768,92509,1,57
20769,12475,1,46
20770,29741,4,34
20771,89833,3,25
20772,99768,1,6
20773,45662,1,17
20774,22968,1,25
20775,50471,1,20
20776,41031,1,17
20777,71754,1,11
20778,54475,5,63
20779,59540,1,10
20780,49780,1,13
20781,74755,2,21
20782,27326,1,30
20783,58368,1,36
20784,44859,1,18
20785,88346,1,13
20786,88345,3,28
20787,79547,1,8
20788,38771,1,21
20789,68431,1,10
20790,04276,2,28
20791,03266,2,11
20792,07760,2,64
20793,76426,1,16
20794,08078,1,52
20795,92382,2,38
20796,72120,1,23
20797,83350,1,25
20798,25984,1,14
20799,05776,1,38
20800,40009,1,18
20801,53821,2,36
20802,99737,2,20
20803,74435,4,27
20804,68949,1,42
20805,27045,1,28
20806,38848,1,15
20807,37934,18,247
20808,97526,7,64
20809,70669,1,28
20810,85705,9,125
20811,85207,11,217
20812,39657,2,16
20813,63775,2,50
20814,62938,5,19
20815,24368,1,28
20816,15075,1,22
20817,17046,1,20
20818,59832,1,24
20819,38118,1,17
20820,19522,1,12
20821,55069,1,30
20822,67548,1,16
20823,67575,1,20
20824,67553,1,7
20825,14543,2,50
20826,73082,1,41
20827,45652,2,24
20828,84069,1,10
20829,18828,2,20
20830,43347,1,23
20831,55971,1,30
20832,14777,1,38
20833,23431,1,40
20834,56168,1,21
20835,46173,1,17
20836,46173,1,23
20837,75652,1,8
20838,75785,1,33
20839,68974,1,26
20840,67626,2,24
20841,01071,2,38
20842,41169,2,28
20843,44072,1,38
20844,67665,1,15
20845,73532,1,5
20846,13684,1,25
20847,50238,1,30
20848,16345,1,28
20849,46175,1,20
20850,42276,1,31
20851,45168,2,26
20852,35653,2,30
20853,72801,4,56
20854,42276,2,32
20855,65074,2,23
20856,45363,1,26
20857,95446,1,13
20858,46979,1,18
20859,24588,1,45
20860,71270,3,53
20861,10933,1,30
20862,89319,1,18
20863,35016,1,8
20864,37128,12,69
20865,38369,1,19
20866,07070,3,74
20867,28139,1,28
20868,72556,2,21
20869,56170,1,18
20870,51358,1,22
20871,01543,1,41
20872,61358,1,20
20873,45775,1,39
20874,05736,2,45
20875,13612,1,25
20876,58067,2,35
20877,60136,2,38
20878,63563,1,14
20879,36071,1,20
20880,37861,0,21
20881,18214,1,20
20882,73565,1,14
20883,58779,1,25
20884,03870,1,30
20885,71671,1,16
20886,81019,2,20
20887,89419,1,9
20888,05042,1,18
20889,47250,1,20
20890,41015,1,23
20891,89801,1,11
20892,98597,2,55
20893,04280,2,31
20894,66534,1,24
20895,47620,1,112
20896,56580,1,24
20897,78881,1,15
20898,75647,2,23
20899,80018,1,57
20900,52070,1,25
20901,50583,1,29
20902,64776,1,20
20903,75048,2,32
20904,13685,2,43
20905,04037,1,20
20906,59261,1,15
20907,17968,1,25
20908,95837,2,35
20909,95822,23,539
20910,95825,42,620
20911,95932,2,35
20912,88354,2,19
20913,56285,1,25
20914,07663,3,90
20915,73062,1,15
20916,07458,1,53
20917,28360,1,18
20918,76264,1,13
20919,61872,1,10
20920,19369,1,15
20921,16433,1,48
20922,34695,2,29
20923,36773,1,12
20924,11963,4,154
20925,48858,1,32
20926,76179,2,27
20927,48607,3,40
20928,48603,3,80
20929,35137,1,20
20930,83864,5,18
20931,65281,1,17
20932,04772,1,26
20933,05478,1,31
20934,25177,2,28
20935,05481,1,30
20936,70774,2,49
20937,60964,1,30
20938,50472,1,28
20939,45217,1,23
20940,55375,1,26
20941,55972,1,25
20942,60174,3,46
20943,72140,1,15
20944,42453,1,20
20945,63077,4,90
20946,48081,3,49
20947,45011,1,36
20948,56303,5,68
20949,34769,3,76
20950,53079,1,38
20951,54024,1,22
20952,85630,1,10
20953,04774,1,16
20954,70775,1,19
20955,04860,3,30
20956,70817,8,150
20957,78152,1,28
20958,70441,3,32
20959,70453,2,15
20960,56754,1,22
20961,62281,1,30
20962,65559,2,21
20963,28450,1,25
20964,37743,1,20
20965,76265,1,25
20966,46373,1,63
20967,27805,1,20
20968,56321,1,25
20969,29455,7,120
20970,32084,17,405
20971,71366,1,33
20972,42301,1,23
20973,56374,1,30
20974,61873,1,35
20975,70589,2,17
20976,70570,9,47
20977,56264,1,19
20978,63106,32,711
20979,52166,1,12
20980,83861,3,36
20981,56376,1,25
20982,63673,1,14
20983,99658,1,5
20984,31558,3,36
20985,66536,2,19
20986,45885,2,30
20987,26170,1,30
20988,47577,1,28
20989,55376,2,34
20990,05446,1,52
20991,54232,1,36
20992,52072,1,25
20993,57779,1,18
20994,14617,1,42
20995,66771,1,12
20996,55071,1,50
20997,72760,1,18
20998,24283,1,30
20999,68873,1,35
21000,99660,1,14
21001,28384,1,25
21002,62880,1,30
21003,56082,1,32
21004,33701,13,324
21005,16054,1,12
21006,12980,1,45
21007,12401,2,22
21008,65584,2,50
21009,56375,1,26
21010,29479,1,28
21011,28613,2,31
21012,36569,1,9
21013,70452,3,43
21014,70448,4,112
21015,17252,1,17
21016,15650,1,21
21017,96950,1,140
21018,76571,2,30
21019,14779,1,20
21020,47381,1,25
21021,31784,1,17
21022,37373,5,43
21023,46747,1,17
21024,27052,1,32
21025,84653,1,19
21026,42078,1,20
21027,27891,1,21
21028,24153,3,65
21029,28655,2,39
21030,44460,1,16
21031,97301,11,169
21032,01970,5,82
21033,52649,1,15
21034,47167,1,31
21035,72019,4,20
21036,08079,3,61
21037,04983,1,0
21038,03079,3,73
21039,57058,1,36
21040,62881,1,48
21041,45152,1,27
21042,74437,1,13
21043,49323,1,24
21044,48168,1,24
21045,18603,1,12
21046,15633,1,25
21047,45741,1,15
21048,45745,1,38
21049,47334,1,30
21050,22701,1,32
21051,06420,1,28
21052,26426,1,28
21053,39456,1,9
21054,72576,1,13
21055,30648,1,8
21056,68433,1,15
21057,36874,2,25
21058,12865,1,45
21059,28385,1,29
21060,72653,1,9
21061,81201,1,16
21062,95368,3,28
21063,13211,1,63
21064,84652,1,20
21065,74365,1,19
21066,67401,4,89
21067,60913,1,26
21068,93901,7,86
21069,48176,1,19
21070,67470,2,22
21071,67401,1,17
21072,67456,1,15
21073,67401,4,42
21074,67448,4,35
21075,67416,2,10
21076,65340,1,32
21077,63026,3,39
21078,78585,2,14
21079,43945,1,30
21080,28144,4,62
21081,13454,1,40
21082,65281,1,22
21083,01952,1,33
21084,17527,1,40
21085,15558,1,75
21086,05769,1,18
21087,36545,1,15
21088,29137,1,14
21089,74955,1,20
21090,83549,6,31
21091,83301,3,36
21092,76082,1,14
21093,84111,14,323
21094,40371,1,20
21095,85256,4,83
21096,25559,1,12
21097,11706,1,35
21098,43156,2,36
21099,38866,1,22
21100,38370,1,9
21101,92275,2,13
21102,24370,1,15
21103,29138,7,174
21104,29138,1,20
21105,28773,1,40
21106,27972,1,15
21107,95563,1,13
21108,41465,1,36
21109,78681,2,43
21110,39326,1,14
21111,83836,2,22
21112,74501,1,11
21113,35475,1,26
21114,12095,1,20
21115,95564,2,12
21116,36477,1,30
21117,95249,1,20
21118,76903,8,166
21119,76904,1,4
21120,87832,4,18
21121,78207,50,1624
21122,64506,1,25
21123,94952,3,25
21124,75972,1,30
21125,95023,4,48
21126,78586,2,27
21127,92415,57,640
21128,94066,2,32
21129,85550,3,28
21130,33913,3,58
21131,92123,18,203
21132,78384,1,25
21133,79849,1,21
21134,77473,2,25
21135,94107,49,1700
21136,91776,2,36
21137,92583,1,17
21138,88434,1,15
21139,95112,34,679
21140,62682,1,19
21141,95045,1,25
21142,84535,6,31
21143,87410,1,19
21144,98286,3,14
21145,98261,4,23
21146,78589,2,39
21147,98250,6,56
21148,98245,7,47
21149,77539,1,19
21150,85349,1,49
21151,93401,4,45
21152,93405,18,331
21153,92346,1,45
21154,85631,1,21
21155,92069,4,68
21156,78666,5,84
21157,93105,3,11
21158,91108,1,20
21159,94402,6,103
21160,94402,6,82
21161,87020,1,18
21162,93451,1,18
21163,91978,8,100
21164,92674,2,20
21165,92082,1,29
21166,85630,1,0
21167,46374,1,17
21168,94901,7,149
21169,87051,1,14
21170,94583,10,130
21171,85632,1,9
21172,19464,1,30
21173,14132,1,78
21174,51248,1,16
21175,58480,1,59
21176,56083,1,20
21177,58480,1,43
21178,49766,1,6
21179,03269,2,27
21180,93581,1,20
21181,59472,1,27
21182,54765,1,20
21183,40481,1,25
21184,31778,1,13
21185,39476,3,28
21186,28501,1,26
21187,78155,1,15
21188,49343,2,24
21189,49287,2,26
21190,99661,1,11
21191,35983,1,25
21192,74063,2,35
21193,35954,2,20
21194,47578,1,10
21195,36432,1,17
21196,41083,1,15
21197,79848,1,11
21198,31082,1,32
21199,72040,1,12
21200,29718,5,35
21201,69350,3,40
21202,41858,1,25
21203,87004,19,140
21204,62882,1,20
21205,03873,1,35
21206,83864,1,20
21207,29472,3,27
21208,55072,1,26
21209,48471,1,17
21210,44870,3,50
21211,43420,1,38
21212,60548,2,30
21213,02563,3,48
21214,03227,2,20
21215,28504,1,38
21216,29835,2,23
21217,84070,5,80
21218,44657,1,27
21219,78641,1,18
21220,71403,1,8
21221,30662,1,20
21222,71446,1,22
21223,41171,1,20
21224,06482,2,47
21225,71343,4,20
21226,28043,1,31
21227,78264,1,32
21228,28112,1,25
21229,36047,0,0
21230,29053,1,16
21231,97055,3,63
21232,20860,2,157
21233,30328,4,116
21234,29670,1,20
21235,29360,2,16
21236,16323,1,25
21237,07826,2,22
21238,32771,3,83
21239,27330,3,53
21240,04073,3,53
21241,61843,1,32
21242,93657,1,26
21243,04479,1,50
21244,33957,2,25
21245,13833,1,20
21246,27873,1,23
21247,76114,1,24
21248,92707,10,300
21249,78676,1,24
21250,93101,8,98
21251,93110,16,243
21252,95008,16,272
21253,95050,10,204
21254,87532,1,20
21255,84765,4,35
21256,47579,1,17
21257,95018,13,139
21258,95060,4,58
21259,87508,34,454
21260,77510,3,70
21261,87501,6,175
21262,90670,4,45
21263,93453,1,14
21264,93458,5,66
21265,78592,1,13
21266,90401,5,110
21267,85622,5,98
21268,88041,1,13
21269,95407,8,135
21270,88435,3,25
21271,88008,2,20
21272,84655,1,35
21273,62218,1,25
21274,29461,2,10
21275,92071,2,57
21276,29142,2,27
21277,76472,2,15
21278,36092,3,38
21279,99573,1,7
21280,87745,2,20
21281,88049,1,9
21282,74066,4,50
21283,35578,2,25
21284,36571,3,50
21285,48881,1,23
21286,12983,1,45
21287,34243,1,16
21288,34236,23,532
21289,95070,1,46
21290,84045,2,52
21291,12866,2,56
21292,82331,2,32
21293,71859,2,12
21294,77585,1,18
21295,64862,1,20
21296,66054,2,12
21297,72110,1,13
21298,72011,1,21
21299,15668,1,22
21300,36775,1,15
21301,43946,2,32
21302,28349,1,33
21303,71071,3,21
21304,68874,1,35
21305,81248,1,11
21306,58372,1,10
21307,56377,1,30
21308,24531,1,43
21309,16055,1,31
21310,74867,1,13
21312,67870,1,21
21313,32937,1,47
21314,30525,1,16
21315,36572,1,32
21316,32189,1,14
21317,49644,2,14
21318,39574,2,21
21319,49453,2,25
21320,12477,2,30
21321,62206,1,7
21322,01906,2,41
21323,56378,1,30
21324,53583,1,40
21325,56379,1,31
21326,60411,1,32
21327,53080,1,35
21328,27534,1,32
21329,49783,1,19
21330,24104,2,36
21331,61769,1,18
21332,28786,1,25
21333,13456,1,30
21334,94965,1,20
21335,97231,3,26
21336,55378,2,42
21337,71446,1,10
21338,61074,1,37
21339,74565,2,18
21340,31401,15,325
21341,13146,1,15
21342,64485,1,47
21343,38372,2,18
21344,29808,4,92
21345,64485,4,47
21346,44874,1,28
21347,28779,3,42
21348,14879,1,35
21349,99769,1,11
21350,61874,1,41
21351,01256,1,12
21352,12401,1,30
21353,28630,1,40
21354,83278,1,19
21355,74756,1,12
21356,29112,1,13
21357,36776,1,25
21358,54984,1,38
21359,54559,1,22
21360,16056,1,85
21361,12477,2,40
21362,16678,1,75
21363,05154,1,17
21364,44004,3,29
21365,61770,2,18
21366,02865,1,24
21367,50313,1,35
21368,18840,3,39
21369,08872,4,125
21370,11782,2,120
21371,53404,1,47
21372,61075,3,50
21373,15963,1,25
21374,55073,1,30
21375,56443,1,20
21376,16345,1,19
21377,54977,1,18
21378,97056,4,47
21379,04074,6,156
21380,10583,3,96
21381,50473,1,13
21382,77351,1,21
21383,61554,1,19
21384,12154,1,25
21385,51053,1,25
21386,60195,5,138
21387,64783,1,30
21388,95476,2,96
21389,12155,1,50
21390,46375,3,61
21391,78154,3,44
21392,60176,1,24
21393,38952,1,18
21394,51461,1,28
21395,46376,1,12
21396,47580,1,29
21397,12156,1,20
21398,12033,1,30
21399,17517,1,40
21400,07853,1,25
21401,80912,1,41
21402,70395,3,30
21403,55613,1,10
21404,12870,1,35
21405,78956,1,33
21406,74437,1,10
21407,62681,1,15
21408,68661,1,35
21409,12189,1,42
21410,13457,1,32
21411,13502,2,45
21412,12871,1,30
21413,17972,3,100
21414,83864,1,24
21415,19473,1,22
21416,18472,1,30
21417,42553,2,45
21418,97374,3,42
21419,48103,1,16
21420,43988,1,20
21421,45640,1,25
21422,43061,1,24
21423,45601,2,40
21424,43116,1,28
21425,45661,1,11
21426,43332,1,30
21427,46350,2,25
21428,45769,2,17
21429,13147,1,35
21430,47273,1,20
21431,44867,1,23
21432,02066,3,50
21433,59263,1,31
21434,63764,1,10
21435,27054,1,20
21436,07076,2,33
21437,68875,1,35
21438,12302,1,19
21439,95565,1,18
21440,72030,2,18
21441,63555,1,24
21442,57059,1,30
21443,27874,1,20
21444,06264,1,48
21445,31083,1,14
21446,62225,3,73
21447,63780,2,19
21448,67871,1,20
21449,67871,1,27
21450,40324,4,61
21451,63801,1,10
21452,63824,3,44
21453,72142,2,14
21454,45679,2,22
21455,47725,3,55
21456,16101,1,30
21457,96037,7,22
21458,54801,1,20
21459,31002,2,15
21460,45886,1,25
21461,70583,2,50
21462,15683,3,50
21463,32424,1,12
21464,38374,1,18
21465,26501,1,26
21466,95066,3,42
21467,69361,1,29
21468,35768,3,36
21469,97473,1,14
21470,47170,2,28
21471,24589,1,23
21472,14546,1,30
21473,24590,1,43
21474,49454,1,18
21475,62667,2,24
21476,58653,1,23
21477,66537,1,20
21478,72863,2,30
21479,14075,2,75
21480,27875,1,32
21481,36310,3,27
21482,30467,13,59
21483,31560,1,25
21484,13126,1,47
21485,68057,1,36
21486,24121,1,45
21487,28513,1,26
21488,08234,2,43
21489,75158,1,30
21490,14622,1,35
21491,07760,1,50
21492,11579,1,90
21493,08750,1,45
21494,08243,2,35
21495,28577,1,24
21496,03874,1,57
21497,77586,2,54
21498,77983,1,15
21499,11783,1,60
21500,19973,1,65
21501,56287,1,10
21502,75159,1,30
21503,79359,1,0
21504,27341,1,34
21505,97376,2,17
21506,36875,3,18
21507,77474,2,26
21508,72143,3,56
21509,36037,2,15
21510,93562,1,30
21511,50242,1,11
21512,04973,1,20
21513,04974,2,30
21514,97138,1,33
21515,08751,1,40
21516,08752,1,30
21517,20743,1,38
21518,61476,1,20
21519,61359,1,18
21520,98104,35,1013
21521,08230,1,44
21522,04029,3,25
21523,95472,1,34
21524,04481,1,16
21525,56477,1,20
21526,48759,1,20
21527,42455,1,20
21528,44672,2,36
21529,33870,2,25
21530,07094,5,90
21531,83669,1,8
21532,19129,1,23
21533,42256,1,27
21534,37683,2,20
21535,61771,1,16
21536,48624,1,14
21537,21664,1,35
21538,35771,1,26
21539,80911,3,59
21540,42079,1,18
21541,65301,2,41
21542,88436,3,25
21543,73062,1,16
21544,67147,9,142
21545,04676,2,30
21546,67135,1,17
21547,80749,1,27
21548,72476,2,11
21549,23878,1,27
21550,86336,5,73
21551,02771,2,36
21552,59868,1,35
21553,47878,1,26
21554,35756,1,14
21555,78155,3,64
21556,96086,1,13
21557,80834,1,20
21558,73663,1,18
21559,98942,4,53
21560,57472,1,18
21561,19975,1,57
21562,26236,1,32
21563,11784,2,120
21564,76401,1,16
21565,99663,1,20
21566,48045,2,43
21567,58568,1,25
21568,65745,3,36
21569,86337,1,20
21570,12158,3,100
21571,47172,5,50
21572,18960,1,59
21573,36702,4,38
21574,49601,1,18
21575,27576,1,27
21576,78154,1,25
21577,93662,3,23
21578,24474,1,30
21579,38375,2,27
21580,36026,1,36
21581,32773,20,432
21582,39845,1,17
21583,74868,1,25
21584,22901,1,69
21585,33021,4,125
21586,79360,1,35
21587,27343,1,27
21588,13118,1,21
21589,63876,1,15
21590,38668,2,29
21591,64858,2,15
21592,14547,1,18
21593,13148,1,24
21594,29678,1,36
21595,64865,2,14
21596,14224,1,56
21597,13027,1,18
21598,26884,1,20
21599,97873,1,6
21600,16346,1,37
21601,66538,1,28
21602,54654,1,30
21603,61360,2,27
21604,74344,2,16
21605,43780,1,22
21606,49883,1,12
21607,49883,1,10
21608,58654,1,25
21609,13078,1,14
21610,73664,1,14
21611,37374,2,15
21612,93271,5,29
21613,93257,20,692
21614,37379,2,40
21615,60549,4,30
21616,51054,2,45
21617,08557,1,30
21618,25063,1,15
21619,62884,2,23
21620,11733,3,130
21621,28604,1,32
21622,44131,1,36
21623,36695,3,40
21624,27376,1,31
21625,45062,1,35
21626,75143,1,26
21627,15622,1,26
21628,20609,1,32
21629,27877,1,30
21630,67137,1,20
21631,37862,3,54
21632,15214,1,20
21633,44273,1,26
21634,37383,2,42
21635,67901,4,22
21636,99664,2,24
21637,46508,1,25
21638,15954,1,35
21639,68434,1,48
21640,15637,1,60
21641,15678,1,24
21642,15640,1,25
21643,61875,1,20
21644,65746,2,15
21645,47274,3,43
21646,54165,1,29
21647,27531,2,84
21648,52590,1,24
21649,37865,6,79
21650,76380,1,25
21651,60550,1,25
21652,37075,1,30
21653,36037,1,19
21654,17255,1,20
21655,47909,1,20
21656,18661,1,10
21657,73448,1,13
21658,71953,1,13
21659,74426,2,18
21660,71953,1,16
21661,29685,1,19
21662,74501,1,17
21663,35005,1,21
21664,38487,1,15
21665,42450,1,19
21666,39443,1,18
21667,74956,1,15
21668,37688,1,20
21669,49090,3,54
21670,55074,1,25
21671,05262,2,32
21672,44120,2,51
21673,06082,1,39
21674,12211,2,85
21675,55379,2,51
21676,15223,1,35
21677,28470,1,30
21678,79363,1,64
21679,17876,1,17
21680,17872,7,80
21681,75959,1,6
21682,74068,1,10
21683,79079,1,20
21684,12480,1,25
21685,28152,1,31
21686,15560,1,32
21687,72002,2,15
21688,38868,1,30
21689,35022,1,12
21690,28386,1,18
21691,53585,1,32
21692,16146,1,31
21693,73857,1,18
21694,58277,1,18
21695,05065,1,26
21696,42280,1,22
21697,19079,1,40
21698,13459,1,50
21699,44281,1,40
21700,38255,1,24
21701,29742,2,28
21702,24422,1,58
21703,45246,3,66
21704,37866,1,20
21705,15215,1,19
21706,40374,1,16
21707,27878,2,30
21708,21782,1,40
21709,50862,1,25
21710,15215,1,25
21711,46068,1,25
21712,16150,1,25
21713,21861,1,82
21714,19554,1,38
21715,96003,1,4
21716,96001,18,178
21717,96019,3,22
21718,96002,23,275
21719,73858,1,19
21720,78231,1,19
21721,93664,2,20
21722,16669,1,15
21723,26209,1,31
21724,18708,1,35
21725,29152,2,68
21726,72015,2,14
21727,12589,1,35
21728,54166,3,52
21729,66539,3,21
21730,66533,1,19
21731,66402,1,56
21732,74802,3,48
21733,66216,4,76
21734,66542,4,52
21735,45804,1,33
21736,15559,1,40
21737,14132,2,45
21738,43782,1,15
21739,28604,1,21
21740,62984,1,32
21741,47421,4,30
21742,16151,1,14
21743,53085,1,45
21744,53081,5,72
21745,05866,3,22
21746,35660,2,20
21747,01257,1,32
21748,61361,1,17
21749,44054,1,12
21750,44055,2,26
21751,47941,1,29
21752,44054,1,20
21753,16347,1,35
21754,79781,1,14
21755,63468,1,18
21756,01370,1,15
21757,01370,1,18
21758,05482,1,31
21759,03581,1,14
21760,63469,1,26
21761,40065,5,46
21762,38134,9,204
21763,28150,3,54
21764,51570,0,25
21765,54601,2,38
21766,68662,1,31
21767,64674,1,20
21768,46377,1,19
21769,48316,4,64
21770,14103,2,60
21771,59474,1,21
21772,35143,3,25
21773,38774,1,15
21774,49455,1,16
21775,40065,3,48
21776,46176,3,63
21777,37160,3,55
21778,62565,1,34
21779,75973,3,25
21780,77044,2,15
21781,60966,1,29
21782,51201,1,32
21783,05485,1,25
21784,29941,2,28
21785,54766,1,25
21786,14145,1,33
21787,64784,1,10
21788,54871,1,22
21789,39042,1,20
21790,50670,1,20
21791,82441,1,17
21792,83236,2,40
21793,83274,1,16
21794,39886,1,12
21795,52332,1,23
21796,18951,1,30
21797,56581,1,19
21798,95589,1,12
21799,11964,3,60
21800,06484,4,242
21801,98584,1,38
21802,68876,1,35
21803,22664,12,305
21804,22630,1,18
21805,24486,1,14
21806,22849,1,40
21807,16101,3,28
21808,29032,1,10
21809,47880,1,21
21810,48883,3,43
21811,59079,2,46
21812,77371,1,32
21813,28669,1,19
21814,28117,2,34
21815,25443,1,40
21816,40165,2,46
21817,76311,3,59
21818,18248,1,25
21819,01770,2,49
21820,56171,1,25
21821,13460,1,45
21822,82801,1,25
21823,48884,0,20
21824,60551,1,14
21825,67740,7,95
21826,87701,1,15
21827,80110,1,15
21828,46069,1,28
21829,14135,1,45
21830,72150,1,27
21831,97378,3,30
21832,64486,1,13
21833,59749,1,24
21834,49224,1,25
21835,77475,1,12
21836,67735,3,48
21837,75091,5,86
21838,14781,1,45
21839,62684,1,30
21840,04776,1,28
21841,48470,1,21
21842,66734,1,21
21843,49945,1,12
21844,67410,1,7
21845,06784,1,25
21846,17090,1,55
21847,61281,2,42
21848,26003,1,16
21849,52073,1,40
21850,72152,1,19
21851,13461,1,25
21852,28673,4,38
21853,44675,1,17
21854,44675,1,17
21855,72120,3,50
21856,58782,1,22
21857,86046,1,24
21858,74728,1,15
21859,76245,1,17
21860,49089,1,18
21861,56676,1,23
21862,58374,1,22
21863,48414,1,15
21864,68436,1,22
21865,18655,1,20
21866,74652,1,13
21867,28478,1,20
21868,30633,2,16
21869,08353,1,15
21870,27048,1,42
21871,35570,1,22
21872,36251,1,14
21873,28043,1,26
21874,29720,2,21
21875,28580,1,36
21876,77984,1,46
21877,74740,1,20
21878,28139,1,26
21879,16748,1,40
21880,26431,1,21
21881,54170,1,50
21882,08008,1,29
21883,17011,1,18
21884,01464,2,21
21885,26320,1,40
21886,47384,1,25
21887,77876,1,15
21888,76531,1,11
21889,40216,1,25
21890,62086,4,22
21891,64625,2,25
21892,35953,2,16
21893,27043,1,28
21894,47581,1,20
21895,19555,1,45
21896,18458,2,40
21897,71072,4,15
21898,28904,1,34
21899,42501,1,28
21900,05770,1,28
21901,98133,6,100
21902,26726,1,20
21903,14735,1,29
21904,36075,1,12
21905,36373,1,12
21906,14548,1,44
21907,83352,2,48
21908,83849,2,27
21909,83837,5,41
21910,83846,1,25
21911,89832,1,34
21912,71101,22,600
21913,63119,1,19
21914,07702,1,40
21915,17361,1,40
21916,01545,3,53
21917,68437,1,6
21918,53586,1,39
21919,62401,2,30
21920,12873,1,36
21921,01072,1,10
21922,12301,1,20
21923,51249,1,24
21924,58429,1,15
21925,71073,1,26
21926,61876,1,13
21927,45365,2,38
21928,51652,1,33
21929,13838,2,75
21930,04330,3,30
21931,61877,1,16
21932,46562,1,16
21933,69162,1,40
21934,72577,1,25
21935,27810,1,30
21936,59270,1,26
21937,38255,1,15
21938,96113,1,29
21939,79851,1,14
21940,96125,3,18
21941,95327,1,5
21942,96126,3,15
21943,91024,1,13
21944,93611,14,195
21945,96105,2,18
21946,85635,3,50
21947,48441,1,24
21948,15860,2,33
21949,62223,1,27
21950,37377,2,29
21951,52591,1,34
21952,84657,1,12
21953,63801,4,68
21954,06615,1,25
21955,27344,1,32
21956,38340,1,13
21957,97380,2,8
21958,27344,2,36
21959,74701,1,11
21960,72761,3,49
21961,77656,5,40
21962,55614,1,21
21963,29803,2,21
21964,74038,1,14
21965,51571,1,12
21966,57702,2,16
21967,54104,1,20
21968,39663,1,14
21969,14136,1,68
21970,53075,1,38
21971,68663,1,25
21972,41085,1,20
21973,20746,1,48
21974,10940,1,45
21975,97638,1,16
21976,18812,1,35
21977,27896,1,28
21978,55381,1,28
21979,89047,1,9
21980,39573,1,8
21981,17050,1,30
21982,20910,3,112
21983,14550,1,40
21984,27292,2,40
21985,85653,2,9
21986,45335,1,38
21987,18962,1,34
21988,26155,1,8
21989,36576,1,15
21990,29145,1,28
21991,97381,5,67
21992,26164,2,28
21993,79257,1,25
21994,24128,1,25
21995,75574,2,22
21996,59477,1,28
21997,27879,1,32
21998,71474,1,20
21999,29681,4,45
22000,40067,3,44
22001,75644,1,18
22002,27880,1,24
22003,71969,1,10
22004,06070,6,100
22005,57061,1,20
22006,82636,1,35
22007,82334,1,37
22008,82334,1,8
22009,14782,1,50
22010,10562,1,69
22011,21922,3,55
22012,22850,1,25
22013,16601,1,14
22014,15861,2,28
22015,51250,2,42
22016,51101,7,113
22017,57105,11,197
22018,50585,1,24
22019,58838,1,5
22020,76442,1,14
22021,15561,1,12
22022,35446,1,21
22023,35446,2,20
22024,12095,1,36
22025,57262,1,27
22026,25312,4,31
22027,54234,2,48
22028,49047,1,26
22029,97759,3,60
22030,26175,1,22
22031,99835,1,39
22032,08527,1,5
22033,16679,1,40
22034,75948,1,20
22035,29682,1,22
22036,97476,1,15
22037,72567,1,14
22038,98284,1,15
22039,98273,2,34
22040,98233,2,30
22041,98274,4,29
22042,98284,4,49
22043,98237,2,50
22044,98221,2,22
22045,98257,3,43
22046,98238,2,110
22047,99840,1,38
22048,98651,1,16
22049,98671,2,25
22050,98648,1,14
22051,98648,2,25
22052,98610,3,41
22053,98683,1,23
22054,49885,1,28
22055,13152,3,89
22056,79080,1,15
22057,47637,1,27
22058,74070,2,34
22059,64487,1,20
22060,78389,1,16
22061,36401,1,12
22062,19474,1,45
22063,36374,1,16
22064,60077,3,109
22065,04976,1,26
22066,27024,2,32
22067,38922,1,17
22068,30537,1,14
22069,28775,2,14
22070,28776,4,75
22071,65717,1,12
22072,32570,4,25
22073,80222,1,19
22074,07456,1,35
22075,35768,3,30
22076,94946,1,10
22077,08648,1,29
22078,49638,1,10
22079,71446,1,12
22080,25444,1,40
22081,10973,1,76
22082,29661,3,37
22083,18080,1,42
22084,79364,1,27
22085,70777,2,16
22086,42456,1,20
22087,73051,3,16
22088,56172,1,31
22089,56085,1,33
22090,10591,3,140
22091,74071,1,19
22092,15684,1,18
22093,16255,1,25
22094,53086,1,50
22095,12159,2,34
22096,16101,1,42
22097,16057,1,35
22098,14212,1,27
22099,51055,1,27
22100,10974,1,65
22101,36375,1,21
22102,18660,1,32
22103,28443,1,46
22104,72160,1,19
22105,15078,2,20
22106,71762,1,38
22107,12778,1,44
22108,95977,1,8
22109,16749,1,65
22110,83278,1,4
22111,66967,1,20
22112,37030,9,108
22113,75707,1,7
22114,66951,1,20
22115,27006,1,30
22116,42420,1,15
22117,24121,8,43
22118,77514,1,12
22119,95567,2,18
22120,46723,1,30
22121,43718,1,28
22122,47612,1,20
22123,59901,2,18
22124,89430,3,18
22125,62284,1,21
22126,26436,1,17
22127,84335,2,46
22128,16652,1,30
22129,02828,3,64
22130,13134,1,50
22131,27577,2,48
22132,61477,2,15
22133,18817,1,25
22134,04978,1,27
22135,43948,1,20
22136,15478,1,30
22137,23430,2,80
22138,42081,1,19
22139,75657,1,20
22140,42171,3,28
22141,36877,6,42
22142,21783,1,35
22143,65350,1,26
22144,62285,1,35
22145,15479,1,32
22146,11787,3,170
22147,64089,2,31
22148,13605,1,35
22149,38870,1,16
22150,37166,1,29
22151,26178,1,16
22152,78957,2,50
22153,57782,1,21
22154,15480,1,26
22155,24977,1,11
22156,37167,1,19
22157,37167,6,94
22158,13464,1,26
22159,30080,5,79
22160,29743,2,25
22161,39083,1,18
22162,18822,2,30
22163,80435,3,40
22164,89311,1,26
22165,28460,1,22
22166,32460,1,15
22167,73401,1,20
22168,37869,1,14
22169,64075,2,33
22170,98204,1,23
22171,98292,3,25
22172,98251,2,60
22173,98290,4,48
22174,98294,2,39
22175,98272,11,250
22176,98271,1,23
22177,98223,1,40
22178,98256,1,17
22179,98252,2,33
22180,98223,1,40
22181,77878,1,30
22182,98068,1,26
22183,27349,4,39
22184,24137,1,25
22185,28580,1,30
22186,21863,1,69
22187,36741,1,16
22188,38603,1,25
22189,16874,1,16
22190,36105,2,20
22191,81615,1,35
22192,24347,2,30
22193,79549,1,36
22194,14226,1,75
22195,73566,1,13
22196,68664,1,25
22197,92583,1,22
22198,74735,1,10
22199,92314,1,112
22200,29593,1,15
22201,87801,3,17
22202,83276,1,17
22203,14551,1,13
22204,14551,1,32
22205,14555,1,25
22206,49126,1,26
22207,92075,1,19
22208,73439,1,7
22209,66617,1,39
22210,54655,1,27
22211,58570,1,15
22212,67480,1,20
22213,20688,2,90
22214,44139,3,61
22215,52333,1,35
22216,54873,1,21
22217,49319,1,10
22218,04979,1,14
22219,62206,1,16
22220,93463,1,20
22221,13209,2,65
22222,56678,1,25
22223,55720,1,16
22224,53144,2,75
22225,06071,1,44
22226,08244,2,80
22227,59932,2,30
22228,10540,4,135
22229,42501,2,29
22230,02726,2,31
22231,54025,1,22
22232,43783,1,45
22233,49282,1,29
22234,08873,1,45
22235,15501,1,54
22236,78069,1,19
22237,03878,1,16
22238,85350,1,39
22239,43713,1,24
22240,76043,1,45
22241,35670,3,25
22242,08876,3,125
22243,38068,2,22
22244,47683,1,14
22245,77879,1,29
22246,60552,2,34
22247,85637,1,45
22248,95403,25,217
22249,95476,10,138
22250,42776,1,20
22251,73044,1,22
22252,74759,1,11
22253,30457,1,23
22254,25921,1,0
22255,27350,1,21
22256,70778,1,45
22257,57651,2,45
22258,11789,1,75
22259,77659,1,24
22260,58783,1,17
22261,38341,1,16
22262,80022,8,72
22263,08879,5,200
22264,44001,1,21
22265,54401,2,67
22266,15236,1,33
22267,13039,1,25
22268,98595,6,31
22269,15010,2,15
22270,07719,1,25
22271,61080,1,31
22272,98586,2,25
22273,72078,3,30
22274,56001,1,25
22275,25428,2,62
22276,03908,1,35
22277,78221,1,15
22278,10950,1,42
22279,71051,6,43
22280,24592,1,35
22281,08880,1,45
22282,83847,2,15
22283,19963,1,41
22284,48653,1,20
22285,77868,4,23
22286,04568,2,14
22287,31643,1,10
22288,15417,1,29
22289,05403,2,33
22290,13146,1,26
22291,14557,1,24
22292,65059,5,24
22293,27921,2,45
22294,72638,2,13
22295,37030,1,20
22296,64401,2,18
22297,44627,1,23
22298,25303,4,43
22299,29014,2,24
22300,60411,1,23
22301,36750,1,18
22302,37825,2,30
22303,95445,4,22
22304,74072,1,24
22305,29172,1,19
22306,14830,1,32
22307,16925,2,38
22308,30738,1,5
22309,57104,1,25
22310,14807,1,28
22311,27239,1,33
22312,84087,3,55
22313,84010,5,97
22314,14138,1,51
22315,32119,2,13
22316,01373,1,20
22317,40272,2,29
22318,42350,1,22
22319,79766,1,25
22320,08215,1,25
22321,60177,3,53
22322,44121,1,36
22323,11735,1,75
22324,15031,1,25
22325,06457,1,37
22326,11001,1,30
22327,85132,2,12
22328,71957,2,24
22329,81154,1,30
22330,15956,1,45
22331,28092,1,34
22332,99577,1,12
22333,26802,3,30
22334,02825,1,30
22335,15301,1,18
22336,83445,1,25
22337,38257,1,16
22338,97823,2,17
22339,12803,2,60
22340,29669,7,59
22341,32456,2,8
22342,07606,1,26
22343,01075,1,30
22344,01075,1,35
22345,37816,1,18
22346,03827,1,13
22347,42348,1,14
22348,67140,1,18
22349,55382,1,24
22350,46385,1,51
22351,78666,4,66
22352,58655,1,26
22353,11550,1,54
22354,05486,1,30
22355,23970,1,42
22356,60473,2,38
22357,42442,1,25
22358,14843,1,24
22359,77587,2,31
22360,67505,1,24
22361,28115,1,48
22362,30607,2,16
22363,62650,1,21
22364,08234,1,20
22365,84095,3,64
22366,49097,3,33
22367,59901,1,38
22368,06239,1,35
22369,98003,8,140
22370,98366,16,96
22371,13842,1,6
22372,95461,4,34
22373,96150,4,36
22374,97424,4,60
22375,78942,1,38
22376,38868,0,21
22377,35615,1,17
22378,29560,10,105
22379,48178,1,26
22380,62544,1,23
22381,39046,3,42
22382,72104,2,21
22383,36782,2,13
22384,42025,2,34
22385,42635,2,17
22386,19063,1,25
22387,55118,2,44
22388,64083,3,54
22389,80112,32,560
22390,17007,1,30
22391,27976,1,23
22392,53172,1,25
22393,39451,1,10
22394,93940,3,50
22395,77380,3,57
22396,17261,1,2
22397,17261,1,40
22398,72650,1,20
22399,28612,1,33
22400,75963,1,15
22401,13843,1,40
22402,16101,1,16
22403,17266,1,25
22404,84403,2,31
22405,08857,3,75
22406,40014,2,39
22407,13120,1,34
22408,07079,2,31
22409,13155,1,30
22410,78597,1,29
22411,33707,1,20
22412,91030,1,20
22413,61564,1,12
22414,99156,5,52
22415,72367,1,18
22416,98328,7,48
22417,37380,1,32
22418,37380,1,10
22419,95746,5,68
22420,07080,1,47
22421,12901,2,30
22422,45680,1,37
22423,77326,1,10
22424,05067,2,16
22425,04106,5,98
22426,16150,1,20
22427,12804,1,25
22428,43512,1,35
22429,24435,1,25
22430,08882,2,78
22431,28516,1,41
22432,42211,1,15
22433,37763,5,30
22434,62087,1,10
22435,05068,1,21
22436,10590,1,60
22437,28146,1,55
22438,84115,3,75
22439,94080,5,80
22440,95376,7,78
22441,95037,3,39
22442,35755,1,12
22443,12306,1,86
22444,12156,1,45
22445,37852,1,17
22446,97029,2,12
22447,53406,4,66
22448,48762,1,14
22449,75683,1,12
22450,41175,1,24
22451,38562,1,11
22452,68776,2,25
22453,98208,15,294
22454,55075,1,19
22455,27052,2,45
22456,15301,2,31
22457,84055,3,25
22458,27017,2,38
22459,04858,1,18
22460,99901,2,25
22461,49612,1,15
22462,33912,4,72
22463,29693,1,23
22464,15401,1,25
22465,70090,2,30
22466,88005,1,40
22467,75752,4,35
22468,39307,1,15
22469,14139,1,45
22470,08736,2,42
22471,32459,5,101
22472,22610,2,13
22473,53587,1,18
22474,39354,1,17
22475,62521,1,14
22476,40769,1,12
22477,17702,1,34
22478,60474,1,32
22479,14172,1,34
22480,06266,1,22
22481,06074,3,100
22482,96097,1,16
22483,43701,1,27
22484,14227,2,95
22485,18966,1,45
22486,11968,4,143
22487,01073,2,26
22488,07731,2,44
22489,38671,4,120
22490,01772,1,26
22491,06488,4,90
22492,40165,4,43
22493,78648,1,12
22494,42516,1,22
22495,38851,1,25
22496,37022,2,28
22497,27233,1,33
22498,41650,1,19
22499,37365,1,32
22500,43340,1,32
22501,71601,2,14
22502,38457,2,25
22503,71639,1,17
22504,28571,1,25
22505,68516,2,30
22506,38828,2,25
22507,47454,2,21
22508,77234,2,48
22509,80643,3,27
22510,72060,1,15
22511,17331,1,25
22512,39479,1,34
22513,65243,2,18
22514,37327,1,12
22515,65010,5,70
22516,41001,1,44
22517,65622,1,14
22518,54213,2,45
22519,45155,2,18
22520,92389,1,13
22521,63620,2,30
22522,64086,3,49
22523,25248,1,44
22524,36375,1,20
22525,34243,5,91
22526,17601,1,30
22527,94965,4,53
22528,75859,1,20
22529,53092,3,72
22530,28387,2,47
22531,64153,4,55
22532,27949,2,42
22533,65737,16,62
22534,65652,4,48
22535,86332,1,14
22536,17327,1,25
22537,48033,5,99
22538,48195,1,26
22539,41071,1,80
22540,38463,1,18
22541,06489,4,105
22542,44470,1,11
22543,76092,3,63
22544,76268,2,20
22545,15905,1,25
22546,28012,1,25
22547,28461,1,30
22548,14904,1,51
22549,17868,1,30
22550,35907,2,25
22551,28001,2,50
22552,77005,1,30
22553,37650,3,38
22554,29379,1,29
22555,74462,1,15
22556,72501,3,35
22557,63501,2,15
22558,46798,4,57
22559,76542,1,32
22560,65786,3,16
22561,46614,2,42
22562,39479,1,22
22563,15601,1,30
22564,04679,1,25
22565,39459,1,19
22566,39455,2,15
22567,36832,2,30
22568,39110,2,33
22569,39483,4,25
22570,45846,1,28
22571,43164,1,20
22572,33331,1,20
22573,72104,2,14
22574,68522,3,51
22575,32177,1,20
22576,80926,2,25
22577,74881,3,12
22578,01077,1,44
22579,28504,1,40
22580,87901,1,38
22581,96130,1,2
22582,30223,7,92
22583,49874,1,18
22584,15714,1,25
22585,84660,1,34
22586,36527,2,45
22587,63138,1,16
22588,81020,2,25
22589,10976,1,40
22590,89431,5,80
22591,74464,2,14
22592,12780,2,42
22593,21219,1,20
22594,14437,1,57
22595,38583,3,21
22596,49345,1,29
22597,62286,2,28
22598,65753,2,12
22599,07871,3,80
22600,46732,1,18
22601,41086,1,21
22602,22514,1,20
22603,28675,1,29
22604,29306,5,74
22605,16434,1,34
22606,48601,1,18
22607,74848,1,18
22608,74366,1,14
22609,48454,2,22
22610,57754,1,15
22611,57783,3,62
22612,79081,1,25
22613,12164,1,18
22614,27881,1,19
22615,13736,1,15
22616,46224,2,35
22617,52808,1,35
22618,92860,1,30
22619,17046,1,18
22620,24374,1,28
22621,37870,2,20
22622,74743,1,9
22623,12182,1,43
22624,26438,1,17
22625,44275,1,25
22626,40071,6,58
22627,38585,1,8
22628,54479,1,47
22629,28159,1,20
22630,51301,1,36
22631,01562,2,42
22632,73084,1,9
22633,14883,1,72
22634,28034,1,31
22635,25276,1,46
22636,49326,1,17
22637,47245,1,28
22638,57374,1,18
22639,71280,1,10
22640,14559,3,110
22641,12165,2,40
22642,74073,1,14
22643,22740,1,19
22644,56288,1,24
22645,78669,1,28
22646,64679,1,240
22647,51360,1,30
22648,58335,1,11
22649,83869,3,14
22650,43906,1,26
22651,74959,1,20
22652,77372,1,20
22653,57110,1,32
22654,03462,1,25
22655,99004,9,128
22656,99036,4,126
22657,99021,9,165
22658,99025,2,14
22659,99003,9,119
22660,99030,1,36
22661,99001,5,85
22662,99026,2,22
22663,99219,1,22
22664,99206,11,162
22665,54801,1,35
22666,08884,2,30
22667,22553,12,350
22668,42458,1,25
22669,28326,2,39
22670,38663,1,18
22671,97874,1,12
22672,49283,1,30
22673,61611,2,32
22674,78070,3,46
22675,14140,1,60
22676,18444,1,30
22677,84662,1,19
22678,37381,2,32
22679,62355,1,17
22680,35960,1,20
22681,89815,2,20
22682,28743,1,24
22683,15212,1,20
22684,36272,1,15
22685,53588,1,34
22686,55974,1,28
22687,60081,1,45
22688,37174,3,57
22689,36079,1,15
22690,27882,1,29
22691,12401,1,15
22692,07762,2,70
22693,28390,1,43
22694,49456,2,23
22695,55432,5,68
22696,79082,1,20
22697,19428,1,51
22698,35674,2,15
22699,10977,3,100
22700,55975,1,23
22701,61362,1,27
22702,45370,1,44
22703,74441,2,26
22704,95132,1,54
22705,77373,10,191
22706,16435,1,18
22707,52075,1,33
22708,45246,1,50
22709,72764,6,113
22710,15144,1,20
22711,37879,3,15
22712,87747,1,20
22713,73458,1,20
22714,45504,7,127
22715,07081,1,40
22716,01105,8,278
22717,40069,1,21
22718,32401,1,17
22719,49037,1,24
22720,37172,2,36
22721,65807,13,227
22722,62701,12,212
22723,81073,1,15
22724,57062,1,24
22725,04487,1,18
22726,05156,1,37
22727,56087,1,26
22728,08041,1,15
22729,44312,1,41
22730,45231,2,68
22731,44903,2,33
22732,43528,4,70
22733,48350,3,46
22734,45614,1,15
22735,44443,3,60
22736,45506,3,77
22737,45601,3,48
22738,43557,1,30
22739,46360,1,20
22740,16137,1,24
22741,15464,1,20
22742,26763,1,27
22743,72157,2,14
22744,53964,1,10
22745,16411,1,20
22746,35462,1,14
22747,71075,3,14
22748,30411,1,15
22749,72022,2,27
22750,28363,2,23
22751,49284,1,21
22752,11937,1,60
22753,47432,1,12
22754,76082,2,21
22755,49770,1,16
22756,68778,1,23
22757,38256,2,6
22758,84663,2,66
22759,35146,2,21
22760,52336,1,27
22761,49668,1,14
22762,14141,2,44
22763,14560,1,76
22764,86302,1,7
22765,28777,2,30
22766,25114,1,23
22767,79370,1,19
22768,47584,1,16
22769,77660,1,16
22770,07727,1,54
22771,56681,1,20
22772,96146,1,16
22773,65755,1,18
22774,45169,1,16
22775,04971,1,40
22776,24282,0,32
22777,48079,1,22
22778,54893,1,25
22779,62458,1,31
22780,36568,2,29
22781,67756,1,20
22782,47532,1,22
22783,32323,1,6
22784,58369,1,21
22785,70051,12,54
22786,70301,3,28
22787,70049,5,47
22788,05819,2,18
22789,38481,1,18
22790,46835,1,68
22791,70577,2,22
22792,62282,1,24
22793,55416,2,30
22794,59231,1,5
22795,40207,2,42
22796,47272,1,52
22797,33706,2,33
22798,70431,4,22
22799,70452,5,24
22800,70447,3,46
22801,58276,1,18
22802,29407,4,64
22803,53061,1,35
22804,55418,1,29
22805,47575,2,28
22806,56301,1,30
22807,70043,11,110
22808,47875,1,13
22809,64776,1,20
22810,56080,1,26
22811,68660,1,30
22812,65075,1,15
22813,55070,1,25
22814,70444,2,28
22815,94574,1,28
22816,45883,1,30
22817,49781,1,28
22818,59865,1,20
22819,28461,1,39
22820,11780,2,112
22821,67576,1,24
22822,99171,2,31
22823,85936,2,28
22824,48879,1,22
22825,45884,1,21
22826,13452,1,58
22827,49085,2,20
22828,49085,1,18
22829,46628,1,17
22830,54016,1,26
22831,26055,1,22
22832,59003,2,14
22833,70750,3,37
22834,53027,1,35
22835,62024,1,7
22836,34983,19,410
22837,70544,4,63
22838,29135,1,25
22839,21663,1,54
22840,55071,1,30
22841,97137,2,47
22842,29449,9,77
22843,33762,1,14
22844,59866,1,25
22845,62230,1,36
22846,70087,2,16
22847,29479,1,28
22848,70437,4,32
22849,70420,3,22
22850,70433,5,48
22851,70458,9,202
22852,70445,3,23
22853,70435,4,40
22854,70433,3,60
22855,12580,1,53
22856,28112,1,30
22857,55079,1,30
22858,28581,1,23
22859,67578,1,39
22860,22554,17,598
22861,67576,6,67
22862,06076,2,35
22863,14143,1,30
22864,08050,2,60
22865,27355,2,45
22866,28079,1,40
22867,12167,1,60
22868,06901,13,337
22869,79553,1,14
22870,68977,1,24
22871,05352,1,20
22872,40379,1,30
22873,40379,1,15
22874,71860,1,27
22875,61363,1,18
22876,71762,1,8
22877,22973,1,20
22878,48658,2,30
22879,04084,3,92
22880,96128,1,13
22881,85272,1,14
22882,12581,1,54
22883,40484,1,21
22884,12304,2,50
22885,59479,2,16
22886,50246,1,19
22887,07874,1,40
22888,95367,6,56
22889,14561,1,30
22890,50671,1,18
22891,58784,1,30
22892,42301,1,22
22893,54768,1,22
22894,58784,1,30
22895,37873,2,20
22896,87056,2,13
22897,22851,1,52
22898,28164,1,37
22899,48888,1,20
22900,67855,3,27
22901,51573,1,25
22902,40380,1,30
22903,58545,1,25
22904,49931,1,17
22905,79782,0,20
22906,68779,2,27
22907,38069,1,13
22908,27883,1,25
22909,38379,1,12
22910,13440,1,34
22911,52337,1,21
22912,68439,1,21
22913,56479,2,25
22914,36578,1,25
22915,69163,1,22
22916,71667,1,30
22917,26505,1,30
22918,46985,1,36
22919,08322,1,26
22920,27356,1,25
22921,83669,1,13
22922,13690,1,55
22923,49611,1,19
22924,76880,1,28
22925,39167,2,18
22926,35576,1,18
22927,16365,1,20
22928,56381,1,24
22929,03582,1,17
22930,04911,1,16
22931,05487,2,23
22932,39759,5,70
22933,58377,1,12
22934,29684,1,29
22935,43158,1,17
22936,71279,2,20
22937,29385,1,21
22938,50247,1,32
22939,39362,1,17
22940,99501,8,150
22941,96720,1,48
22942,48444,2,10
22943,28676,1,45
22944,30458,2,45
22945,28677,4,72
22946,39114,1,30
22947,27834,2,35
22948,24401,2,61
22949,62088,1,40
22950,97383,4,50
22951,63670,1,28
22952,50672,1,14
22953,36740,1,15
22954,28771,1,25
22955,28391,1,33
22956,68440,1,15
22957,28278,2,41
22958,63877,1,14
22960,58482,1,30
22961,62288,1,25
22962,17113,1,25
22963,65565,3,30
22964,47597,1,13
22965,99712,3,50
22966,60417,1,20
22967,60475,2,23
22968,68441,1,20
22969,54501,1,18
22970,68442,1,35
22971,64861,4,22
22972,28582,1,30
22973,27581,1,25
22974,35160,2,12
22975,56757,1,28
22976,22655,1,19
22977,71764,1,19
22978,42724,1,26
22979,49887,1,21
22980,54114,2,30
22981,12168,1,48
22982,76401,2,43
22983,89301,1,10
22984,48659,1,15
22985,67579,1,24
22986,61081,2,31
22987,80751,1,32
22988,01564,1,43
22989,44276,1,29
22990,48314,5,106
22991,06377,1,22
22992,20165,4,130
22993,73567,1,16
22994,28369,1,20
22995,64668,1,24
22996,04488,1,14
22997,54480,1,36
22998,46779,1,19
22999,04680,1,15
23000,43952,3,36
23001,67951,2,30
23002,99181,5,28
23003,99157,2,22
23004,99137,4,21
23005,99101,5,34
23006,99114,1,8
23007,99167,1,20
23008,95014,1,7
23009,99148,8,73
23010,54481,2,41
23011,06468,2,30
23012,35772,2,20
23013,59870,1,28
23014,62463,1,20
23015,31815,3,25
23016,37023,10,110
23017,55385,1,17
23018,11530,1,45
23019,28618,3,24
23020,39767,1,11
23021,08886,1,27
23022,28352,1,25
23023,24179,2,34
23024,55976,1,35
23025,35151,1,17
23026,24244,1,17
23027,60402,1,46
23028,57375,1,24
23029,74462,1,24
23030,46180,1,15
23031,61084,1,41
23032,07860,1,32
23033,55082,1,30
23034,12170,1,30
23035,74074,4,71
23036,36853,2,25
23037,74960,1,40
23038,40997,1,15
23039,40844,1,33
23040,79083,1,28
23041,94970,2,33
23042,07980,1,40
23043,83552,1,10
23044,13469,1,70
23045,53825,1,23
23046,49285,1,26
23047,53088,1,40
23048,01262,3,20
23049,05772,1,15
23050,54416,1,10
23051,45683,1,15
23052,15483,1,35
23053,78160,1,25
23054,59480,1,21
23055,04783,1,12
23056,57264,1,17
23057,60967,1,25
23058,12050,1,50
23059,43787,1,20
23060,52651,1,20
23061,67669,1,22
23062,08559,1,17
23063,61085,1,30
23064,95202,12,182
23065,65785,1,14
23066,04981,1,28
23067,21864,1,25
23068,14784,1,53
23069,84071,1,12
23070,54658,1,24
23071,03464,1,17
23072,43153,1,14
23073,27042,2,35
23074,27357,1,38
23075,53066,1,32
23076,74436,1,9
23077,26003,1,20
23078,43840,1,20
23079,16669,1,20
23080,08247,1,34
23081,54876,1,4
23082,30086,1,11
23083,60165,1,31
23084,16153,1,38
23085,62987,1,15
23086,04221,1,20
23087,96130,1,4
23088,27048,1,30
23089,79502,1,10
23090,81091,7,46
23091,20109,1,122
23092,28376,1,20
23093,39363,1,20
23094,74871,1,14
23095,26301,1,31
23096,19061,1,14
23097,37643,2,27
23098,37714,1,10
23099,28306,2,96
23100,62567,1,15
23101,11790,2,80
23102,12878,1,25
23103,23882,1,30
23104,06801,1,45
23105,28678,2,48
23106,10980,2,125
23107,22911,1,28
23108,72070,1,13
23109,42134,1,19
23110,99557,1,6
23111,56174,1,21
23112,89440,4,62
23113,50588,1,33
23114,50248,1,25
23115,82842,1,8
23116,65756,1,20
23117,12172,1,50
23118,02072,2,70
23119,53589,1,42
23120,50660,1,18
23121,27582,1,25
23122,65078,3,35
23123,01775,1,46
23124,44224,3,52
23125,05672,1,46
23126,15136,3,90
23127,15563,1,30
23128,03815,3,37
23129,65757,3,24
23130,05072,2,20
23131,35121,2,15
23132,74367,2,13
23133,66086,1,25
23134,17579,1,50
23135,62465,1,10
23136,58573,1,22
23137,54484,4,41
23138,57474,1,19
23139,08084,1,27
23140,06615,4,98
23141,74872,1,19
23142,03590,2,16
23143,13470,1,38
23144,03885,1,47
23145,08248,1,18
23146,80906,1,47
23147,16254,1,50
23148,12302,1,30
23149,80836,1,24
23150,05155,2,13
23151,43961,1,21
23152,47387,1,13
23153,19559,1,30
23155,95375,1,7
23156,72469,1,15
23157,76475,1,18
23158,15642,1,32
23159,60107,3,52
23160,61364,1,16
23161,58483,1,30
23162,75859,1,12
23163,44241,1,44
23164,37857,2,32
23165,17345,2,31
23166,39481,1,30
23167,74569,1,15
23168,49660,2,10
23169,73628,1,11
23170,66869,1,17
23171,04983,1,12
23172,17851,1,15
23173,39191,1,30
23174,44149,4,68
23175,74868,2,12
23176,18360,1,32
23177,54770,1,29
23178,44471,2,25
23179,14145,2,41
23180,68780,1,28
23181,50250,1,23
23182,24171,1,30
23183,24477,1,45
23184,30428,1,13
23185,55783,1,16
23186,15082,1,25
23187,49091,1,22
23188,42459,1,28
23189,57785,1,45
23190,72578,1,10
23191,72160,3,25
23192,12174,1,20
23193,12173,1,45
23194,36567,1,28
23195,54313,2,38
23196,72865,2,19
23197,82941,6,101
23198,61367,1,33
23199,97385,2,42
23200,72470,1,14
23201,37405,1,12
23202,79371,1,23
23203,01776,3,42
23204,21668,1,55
23205,17963,1,14
23206,10901,2,124
23207,06078,4,38
23208,44260,1,31
23209,23434,9,295
23210,64054,1,27
23211,47885,2,48
23212,46163,2,50
23213,62293,1,26
23214,60554,1,24
23215,24375,1,25
23216,28752,1,30
23217,03586,1,22
23218,75455,1,17
23219,49783,2,22
23220,64484,1,10
23221,77478,8,125
23222,80302,3,40
23223,28681,1,25
23224,18706,1,20
23225,17747,1,35
23226,44681,1,22
23227,45459,2,48
23228,16028,1,23
23229,18249,1,30
23230,33042,1,20
23231,94533,2,38
23232,35586,1,32
23233,78595,1,10
23234,42460,1,15
23235,37617,2,30
23236,03445,1,35
23237,47882,2,27
23238,63080,5,40
23239,61951,1,33
23240,04664,2,28
23241,44880,2,18
23242,53178,1,19
23243,37660,1,40
23244,61773,1,19
23245,71970,2,20
23246,73086,1,27
23247,70663,3,65
23248,72768,1,14
23249,75482,2,30
23250,37659,1,15
23251,35148,1,29
23252,35051,1,12
23253,42166,1,24
23254,36580,1,11
23255,27358,3,73
23256,49270,1,23
23257,66541,1,20
23258,43788,1,15
23259,15958,1,25
23260,18603,1,25
23261,15921,1,25
23262,25951,2,22
23263,38654,2,28
23264,42782,1,22
23265,26651,1,23
23266,30401,1,12
23267,27546,2,40
23268,30747,1,20
23269,29483,5,113
23270,71465,3,25
23271,15864,1,30
23272,71465,3,12
23273,60501,1,52
23274,07901,1,44
23275,49203,2,21
23276,12175,1,28
23277,86004,5,59
23278,15084,1,29
23279,17979,1,20
23280,16422,1,25
23281,72677,2,28
23282,74401,1,12
23283,57266,1,28
23284,41102,1,48
23285,12781,1,26
23286,46070,1,35
23287,37382,2,18
23288,67051,1,21
23289,67022,1,5
23290,67051,1,15
23291,67103,1,16
23292,67013,1,17
23293,64681,1,12
23294,98390,1,17
23295,50674,1,30
23296,73077,1,16
23297,48111,2,25
23298,97877,1,6
23299,34785,10,116
23300,31719,22,76
23301,29150,15,189
23302,29150,5,107
23303,85373,3,66
23304,88210,2,21
23305,85248,2,37
23306,53590,2,59
23307,86029,2,12
23308,83353,2,29
23309,18330,1,26
23310,70463,2,32
23311,56289,1,23
23312,17801,6,118
23313,27979,2,35
23314,80022,2,63
23315,82729,1,17
23316,01375,1,15
23317,79372,1,33
23318,48890,1,23
23319,47041,1,30
23320,35548,1,19
23321,28461,2,27
23322,28756,2,34
23323,72560,2,14
23324,84539,1,11
23325,98944,1,34
23326,85607,1,8
23327,83541,1,25
23328,37743,1,18
23329,75182,2,16
23330,79086,1,20
23331,65079,5,21
23332,78643,3,41
23333,74859,1,20
23334,33351,5,146
23335,97707,1,15
23336,28468,2,20
23337,57430,1,20
23338,28422,1,22
23339,43912,1,20
23340,76270,1,20
23341,70584,1,25
23342,80302,1,12
23343,88031,1,14
23344,85625,2,31
23345,88349,1,9
23346,54880,3,40
23347,85173,1,29
23348,51363,1,13
23349,59872,1,17
23350,48198,2,12
23351,49715,1,15
23352,82945,1,9
23353,68978,1,30
23354,59872,1,17
23355,85119,5,94
23356,28443,1,26
23357,08008,1,36
23358,28443,1,30
23359,29575,1,52
23360,77541,1,8
23361,36754,1,10
23362,54174,1,36
23363,85374,7,113
23364,97870,1,5
23365,31563,1,12
23366,58785,1,22
23367,48622,1,15
23368,04684,1,16
23369,23883,1,29
23370,03431,1,22
23371,35952,2,15
23372,96130,3,24
23373,96130,1,37
23374,17370,1,25
23375,21078,5,120
23376,53089,1,58
23377,07461,1,80
23378,15083,1,26
23379,69165,1,30
23380,97479,2,32
23381,95676,2,10
23382,95993,4,41
23383,95685,3,32
23384,01590,3,30
23385,99674,1,15
23386,26601,1,41
23387,03260,1,25
23388,49682,2,20
23389,32060,15,82
23390,97338,3,25
23391,30401,2,36
23392,50477,1,18
23393,01907,1,34
23394,12783,1,30
23395,59911,1,10
23396,27885,1,15
23397,59826,2,33
23398,59826,2,20
23399,28778,2,38
23400,28584,1,38
23401,02777,4,75
23402,62226,2,34
23403,05488,1,33
23404,68445,1,17
23405,56382,1,20
23406,19081,1,55
23407,48473,2,29
23408,17113,1,42
23409,46986,1,18
23410,50590,1,24
23411,35769,1,25
23412,19406,1,40
23413,04040,1,30
23414,19405,1,0
23415,77480,1,30
23416,97386,4,45
23417,77987,1,12
23418,65351,1,25
23419,18656,1,25
23420,37380,1,12
23421,82901,1,11
23422,82901,2,42
23423,73666,1,17
23424,82934,1,4
23425,27253,2,59
23426,27518,1,60
23427,75961,1,14
23428,72471,1,19
23429,78368,1,20
23430,40741,2,21
23431,97480,2,20
23432,15218,1,35
23433,24401,1,25
23434,14051,1,56
23435,60178,2,30
23436,31790,2,17
23437,41512,1,18
23438,45236,2,37
23439,44882,2,36
23440,35149,1,20
23441,32351,1,12
23442,92019,2,21
23443,58486,1,18
23444,21784,1,98
23445,15865,1,35
23446,35150,2,27
23447,28779,1,36
23448,13157,1,44
23449,72120,2,48
23450,35118,1,28
23451,30467,1,18
23452,43560,4,70
23453,35988,1,22
23454,37055,1,6
23455,42082,1,21
23456,11791,3,117
23457,67878,1,15
23458,13202,12,391
23459,84075,1,35
23460,45779,1,31
23461,68446,1,31
23462,02886,1,17
23463,13471,1,50
23464,08088,1,53
23465,27370,2,37
23466,64780,1,10
23467,84072,1,9
23468,61482,1,17
23469,28463,2,31
23470,57063,1,28
23471,51653,1,28
23472,12153,1,12
23473,98402,18,315
23474,10507,1,21
23475,55786,2,17
23476,78390,1,27
23477,74463,1,15
23478,18464,2,23
23479,06380,1,50
23480,12521,2,25
23481,74464,1,26
23482,89448,4,50
23483,79373,1,20
23484,20912,1,30
23485,75487,1,20
23486,30631,2,13
23487,74571,1,16
23488,99676,2,17
23489,30175,1,14
23490,35160,2,26
23491,32311,16,267
23492,81212,4,26
23493,36078,4,31
23494,19803,1,46
23495,44278,2,50
23496,10982,1,50
23497,62688,1,15
23498,71282,2,26
23499,68448,1,16
23500,66935,1,12
23501,73667,1,19
23502,35775,1,20
23503,52339,1,38
23504,74462,1,14
23505,18252,4,60
23506,33321,4,98
23507,49934,1,16
23508,62888,1,17
23509,62988,1,12
23510,68434,1,18
23511,33602,22,703
23512,61283,2,34
23513,03886,4,21
23514,99777,1,11
23515,21787,1,30
23516,97389,1,24
23517,23440,1,30
23518,70422,4,35
23519,74502,6,24
23520,35671,2,18
23521,36587,1,30
23522,12485,2,60
23523,24377,1,22
23524,87525,2,14
23525,22560,3,50
23526,10983,3,76
23527,43988,1,18
23528,58487,1,30
23529,27886,2,26
23530,77327,1,25
23531,78883,2,17
23532,34689,3,40
23533,35217,1,20
23534,30470,1,12
23535,10591,5,230
23536,23441,1,40
23537,82935,1,15
23538,18085,1,18
23539,42558,1,17
23540,30453,22,79
23541,75691,1,18
23542,88267,1,11
23543,02780,6,126
23544,13219,2,35
23545,48763,1,24
23546,42718,1,40
23547,32348,7,33
23548,74467,2,22
23549,48180,3,40
23550,47449,1,18
23551,18517,3,5
23552,41015,1,31
23553,58656,1,17
23554,85939,2,21
23555,62089,1,20
23556,46902,2,39
23557,16160,1,20
23558,54659,1,35
23559,76574,1,22
23560,36301,1,21
23561,28328,1,28
23562,38573,1,16
23563,29687,3,50
23564,21669,1,12
23565,40071,1,38
23566,75468,1,15
23567,62568,1,26
23568,48415,1,25
23569,24651,2,32
23570,31803,7,8
23571,37879,1,15
23572,39169,1,23
23573,57064,1,33
23574,28464,1,24
23575,75860,1,30
23576,29709,1,30
23577,07666,4,91
23578,84773,1,15
23579,25526,2,30
23580,89830,1,23
23581,49286,1,21
23582,74873,2,20
23583,68450,1,28
23584,65760,1,10
23585,29708,2,33
23586,93561,1,18
23587,96080,15,101
23588,76686,1,16
23589,68061,1,38
23590,99033,1,15
23591,49092,1,25
23592,75488,2,20
23593,31055,1,23
23594,19438,1,25
23595,18969,1,34
23596,75119,1,17
23597,47586,2,34
23598,37385,2,23
23599,37774,1,36
23600,81435,4,68
23601,92589,4,68
23602,29571,1,14
23603,71742,1,18
23604,76501,8,114
23605,19560,1,28
23606,04984,1,8
23607,73568,1,18
23608,42141,2,24
23609,33617,2,51
23610,03084,1,24
23611,93465,1,35
23612,01436,2,44
23613,51463,1,30
23614,82442,2,14
23615,89803,2,12
23616,07670,1,35
23617,75974,1,25
23618,99841,1,23
23619,97471,2,26
23620,96058,1,1
23621,37055,2,20
23622,75861,1,25
23623,37178,1,10
23624,31089,1,17
23625,71366,7,33
23626,83870,1,14
23627,20640,1,40
23628,33469,1,21
23629,79852,1,7
23630,74081,2,20
23631,26764,1,20
23632,59701,1,14
23633,45174,1,38
23634,63628,2,30
23635,47807,9,151
23636,70397,3,29
23637,39842,1,18
23638,75160,3,36
23639,59349,1,14
23640,39170,2,35
23641,14067,1,31
23642,70056,4,42
23643,06786,3,85
23644,11776,3,105
23645,53150,4,108
23646,87574,3,20
23647,83422,3,31
23648,83025,1,18
23649,62467,1,28
23650,01876,3,56
23651,74432,2,22
23652,71854,5,57
23653,77590,3,76
23654,75657,1,2
23655,49009,1,20
23656,36016,2,23
23657,73949,1,14
23658,88135,2,25
23659,79087,1,12
23660,73668,1,8
23661,73439,3,25
23662,35503,1,19
23663,73459,1,7
23664,35654,1,23
23665,84337,1,19
23666,38871,1,22
23667,66776,2,16
23668,65791,1,15
23669,65791,1,15
23670,27919,1,34
23671,18252,4,200
23672,27012,2,65
23673,75056,3,60
23674,28762,1,25
23675,06029,1,50
23676,27018,2,43
23677,47516,1,24
23678,81523,1,18
23679,20769,2,81
23680,28530,1,40
23681,28638,1,32
23682,20743,1,30
23683,21085,3,400
23684,22980,1,14
23685,27857,1,26
23686,27043,1,29
23687,20198,1,21
23688,27021,1,30
23689,47879,1,22
23690,19526,1,35
23691,73120,1,21
23692,17501,1,40
23693,18709,1,30
23694,77380,8,138
23695,41240,1,20
23696,62990,1,0
23697,69166,1,25
23698,41260,1,18
23699,36619,4,34
23700,65761,4,11
23701,53091,1,32
23702,13691,1,49
23703,82443,1,25
23704,38401,1,11
23705,05075,2,22
23706,70302,1,250
23707,56701,1,32
23708,10923,3,70
23709,19007,1,78
23710,70123,5,70
23711,12302,1,45
23712,31792,16,118
23713,67753,1,9
23714,97630,2,18
23715,73669,1,19
23716,77320,1,16
23717,48609,3,32
23718,26292,1,0
23719,24248,1,26
23720,61878,1,21
23721,30286,1,22
23722,04861,1,25
23723,06787,1,60
23724,77979,1,8
23725,36783,1,22
23726,27360,4,61
23727,31799,3,43
23728,36089,1,6
23729,59873,2,24
23730,44086,1,24
23731,06277,1,27
23732,18465,1,35
23733,58278,1,25
23734,49854,1,13
23735,24651,1,27
23736,50478,1,18
23737,77481,1,10
23738,17094,1,33
23739,49683,1,14
23740,06082,1,19
23741,30824,2,42
23742,61285,1,24
23743,55733,1,25
23744,50591,1,12
23745,37881,1,20
23746,43076,1,37
23747,38851,1,38
23748,49333,1,34
23749,46725,1,35
23750,19372,1,15
23751,76577,1,36
23752,04986,1,8
23753,99919,1,28
23754,65762,1,12
23755,60476,1,26
23756,80229,6,130
23757,95686,1,19
23758,76687,1,11
23759,10594,1,70
23760,08086,1,44
23761,27530,1,25
23762,54771,1,30
23763,35171,1,18
23764,41766,1,15
23765,76578,1,13
23766,38829,1,15
23767,58763,4,80
23768,08887,2,30
23769,71749,1,18
23770,38683,1,15
23771,59752,1,28
23772,54562,1,21
23773,13693,1,34
23774,49128,1,19
23775,40769,1,24
23776,85736,3,24
23777,49093,1,30
23778,01080,1,32
23779,43812,2,33
23780,17264,1,25
23781,38011,1,12
23782,76483,1,21
23783,13021,1,40
23784,18512,3,75
23785,85239,1,8
23786,47850,2,25
23787,75686,1,10
23788,31404,1,15
23789,51654,1,17
23790,98576,3,10
23791,98512,4,55
23792,98506,3,78
23793,98502,4,23
23794,30286,1,15
23795,68062,1,28
23796,43157,1,36
23797,74340,1,10
23798,74019,1,15
23799,94920,2,39
23800,33905,2,35
23801,53185,2,28
23802,72166,2,21
23803,12883,1,67
23804,16351,1,25
23805,35901,1,16
23806,38901,1,23
23807,82084,1,10
23808,78028,1,25
23809,64868,1,15
23810,52340,1,23
23811,44883,2,37
23812,43519,1,35
23813,31794,11,84
23814,31793,10,123
23815,74437,1,8
23816,54486,1,21
23817,29690,1,28
23818,64735,2,12
23819,77554,1,8
23820,62292,1,0
23821,38843,2,18
23822,54729,1,31
23823,97141,3,38
23824,71670,2,12
23825,97484,2,6
23826,27887,0,23
23827,12486,1,35
23828,61833,2,30
23829,03276,2,31
23830,43963,1,20
23831,65560,2,16
23832,95421,1,24
23833,61533,3,30
23834,65729,1,10
23835,77380,1,53
23836,85901,5,81
23837,79118,1,10
23838,27583,1,37
23839,83801,6,32
23840,80422,10,55
23841,22853,1,20
23842,72680,5,25
23843,62375,1,11
23844,67575,1,23
23845,75975,1,28
23846,36274,1,13
23847,76087,1,20
23848,50863,1,12
23849,73145,3,96
23850,60477,4,97
23851,05773,1,12
23852,71744,1,10
23853,56583,1,18
23854,07724,1,50
23855,13845,1,20
23856,58852,1,50
23857,16946,1,20
23858,58852,1,36
23859,76271,1,14
23860,16353,1,30
23861,45371,1,45
23862,47920,1,36
23863,67485,1,14
23864,52772,1,35
23865,46072,1,18
23866,67485,1,14
23867,65081,1,17
23868,73570,1,13
23869,16684,1,23
23870,38079,1,27
23871,75482,1,6
23872,44887,1,40
23873,02568,1,45
23874,54216,1,34
23875,73460,2,14
23876,61368,2,17
23877,50480,1,21
23878,48623,1,19
23879,32796,4,60
23880,16354,1,8
23881,02878,3,29
23882,12583,1,40
23883,77990,1,20
23884,24141,1,20
23885,28384,1,20
23886,68453,1,16
23887,18466,1,24
23888,18350,1,10
23889,18350,2,30
23890,38874,1,8
23891,55615,1,15
23892,23936,1,26
23893,85634,4,33
23894,27822,1,23
23895,49965,1,14
23896,55765,2,15
23897,99780,1,12
23898,76476,1,30
23899,75932,1,23
23900,52342,1,26
23901,43604,18,575
23902,97391,2,39
23903,62468,1,20
23904,41635,1,10
23905,06084,4,66
23906,01034,1,9
23907,41189,1,20
23908,85353,1,27
23909,71851,1,12
23910,58787,1,15
23911,72041,1,13
23912,58380,1,30
23913,61880,2,31
23914,57475,1,19
23915,42084,1,20
23916,61369,2,30
23917,75489,1,21
23918,74740,1,16
23919,54660,2,36
23920,54487,1,24
23921,77375,2,78
23922,85638,1,25
23923,87031,2,27
23924,14845,1,24
23925,42167,1,18
23926,22660,1,54
23927,35773,3,43
23928,66086,1,23
23929,66086,2,12
23930,82839,1,9
23931,61370,1,28
23932,74653,1,19
23933,89049,1,26
23934,85354,1,21
23935,72762,1,27
23936,85553,4,13
23937,85331,1,14
23938,84074,3,33
23939,75143,1,14
23940,39364,2,63
23941,38381,1,19
23942,89410,1,15
23943,66607,14,240
23944,46571,1,28
23945,49791,1,20
23946,98948,1,32
23947,74467,1,20
23948,28445,1,222
23949,01983,1,25
23950,04086,1,47
23951,19539,1,49
23952,49648,2,13
23953,43964,1,29
23954,66777,1,15
23955,90501,6,144
23956,15779,1,1
23957,06790,2,84
23958,82240,2,35
23959,27565,1,29
23960,78672,2,15
23961,07082,2,20
23962,19443,2,82
23963,61776,1,26
23964,67144,1,12
23965,58071,1,25
23966,17980,1,16
23967,55790,1,15
23968,62942,1,15
23969,15463,1,15
23970,14845,1,33
23971,44287,2,29
23972,57385,1,29
23973,08204,1,46
23974,14086,2,40
23975,24210,1,32
23976,01720,4,43
23977,14013,2,40
23978,54565,2,10
23979,01330,1,19
23980,54873,1,17
23981,01005,2,46
23982,53511,2,41
23983,06037,4,75
23984,87004,2,19
23985,13903,3,49
23986,01504,3,34
23987,73526,1,12
23988,35548,1,24
23989,53045,1,40
23990,11738,2,18
23991,03033,1,30
23992,12122,1,20
23993,54915,1,35
23994,37029,1,21
23995,53049,1,56
23996,98323,1,17
23997,14411,3,50
23998,24319,1,20
23999,13624,2,100
24000,13787,3,20
24001,28034,1,28
24002,33314,5,147
24003,53018,1,37
24004,53115,4,39
24005,07801,1,45
24006,14048,1,38
24007,04630,1,22
24008,29824,1,45
24009,35621,1,22
24010,28041,1,30
24011,06032,5,83
24012,27828,1,38
24013,54935,2,37
24014,99130,1,20
24015,73093,1,16
24016,54928,1,25
24017,01834,2,32
24018,28075,2,53
24019,03049,1,38
24020,28348,1,42
24021,88043,1,18
24022,53036,1,34
24023,32565,1,10
24024,89310,1,12
24025,27949,1,41
24026,54159,1,20
24027,54491,1,16
24028,28479,3,43
24029,12452,2,20
24030,54666,1,20
24031,01760,1,23
24032,53147,1,27
24033,01460,1,32
24034,53148,1,45
24035,25635,1,15
24036,06040,5,79
24037,15090,4,92
24038,02052,1,33
24039,54135,4,40
24040,88046,3,26
24041,30820,1,16
24042,06382,4,135
24043,37818,1,16
24044,28124,1,35
24045,29464,7,128
24046,54149,1,21
24047,54821,2,17
24048,54956,1,28
24049,39462,1,7
24050,03854,1,13
24051,03856,1,24
24052,53964,1,12
24053,14305,1,50
24054,02760,3,62
24055,01532,1,23
24056,54464,1,34
24057,02557,1,47
24058,99158,1,24
24059,28469,1,28
24060,06478,3,122
24061,53182,1,32
24062,54424,1,24
24063,54143,1,24
24064,35581,1,40
24065,27864,1,30
24066,59859,1,10
24067,47633,1,17
24068,53105,2,40
24069,29936,1,16
24070,54449,1,9
24071,99030,1,36
24072,54457,2,40
24073,54843,2,20
24074,54435,1,22
24075,54558,1,19
24076,53179,3,67
24077,01255,2,13
24078,28470,3,23
24079,04076,1,22
24080,02067,1,32
24081,53083,1,35
24082,88061,2,23
24083,28580,1,30
24084,25921,1,36
24085,01550,1,53
24086,54843,2,13
24087,28160,1,26
24088,02180,1,43
24089,01566,1,15
24090,54501,1,50
24091,29482,1,50
24092,29148,1,16
24093,54880,2,25
24094,37873,2,10
24095,04685,1,21
24096,03446,3,32
24097,24651,1,26
24098,54403,1,22
24099,85552,1,28
24100,29847,1,8
24101,54241,1,27
24102,54241,2,24
24103,35462,1,10
24104,04491,1,13
24105,06066,6,150
24106,35593,1,15
24107,28466,1,40
24108,04574,1,20
24109,53937,1,41
24110,53189,1,38
24111,54403,1,19
24112,12190,1,21
24113,12193,2,47
24114,53105,1,32
24115,02382,1,27
24116,99185,1,32
24117,53081,1,17
24118,06098,1,122
24119,04496,1,20
24120,28590,1,51
24121,58788,1,25
24122,30546,6,80
24123,37882,3,30
24124,19734,1,57
24125,54175,1,36
24126,01469,3,52
24127,44826,1,17
24128,43464,1,30
24129,67021,1,13
24130,54701,6,105
24131,07004,2,45
24132,48829,1,20
24133,49849,1,36
24134,07041,2,46
24135,07755,2,60
24136,19609,1,41
24137,54836,2,30
24138,07083,3,122
24139,28560,2,35
24140,27537,1,26
24141,29689,1,45
24142,16360,1,33
24143,36921,1,10
24144,79785,1,8
24145,27298,1,21
24146,72654,1,16
24147,37387,1,24
24148,56175,1,26
24149,37691,1,24
24150,29720,1,13
24151,50675,1,24
24152,46181,1,22
24153,15085,1,13
24154,57657,1,28
24155,34207,1,30
24156,18458,1,30
24157,27332,1,36
24158,16125,1,18
24159,81001,1,25
24160,25839,1,25
24161,28685,1,31
24162,19426,1,35
24163,21673,1,34
24164,72167,1,12
24165,29690,1,29
24166,49684,3,23
24167,94535,4,94
24168,78753,3,30
24169,78645,10,69
24170,78733,1,15
24171,78746,3,34
24172,78660,4,64
24173,78734,6,104
24174,78653,3,31
24175,78748,1,20
24176,78751,1,6
24177,78617,2,29
24178,37881,1,17
24179,13846,1,30
24180,59038,1,20
24181,33706,1,17
24182,15801,1,15
24183,67672,9,63
24184,59918,2,15
24185,88439,1,16
24186,61568,1,22
24187,04653,2,26
24188,84337,1,36
24189,54661,1,35
24190,57065,1,24
24191,48183,2,29
24192,38382,1,25
24193,04605,1,11
24194,30752,1,25
24195,64683,1,18
24196,08618,7,219
24197,45067,1,46
24198,84338,1,22
24199,28585,1,26
24200,42286,1,18
24201,08628,1,10
24202,87577,1,12
24203,18254,1,20
24204,17881,1,30
24205,19053,2,80
24206,51575,1,25
24207,38258,2,20
24208,28462,3,40
24209,97457,1,28
24210,77447,2,52
24211,75686,2,12
24212,47172,3,25
24213,12136,2,40
24214,64434,2,30
24215,37617,1,14
24216,64755,2,12
24217,85532,4,34
24218,48324,1,16
24219,73446,3,13
24220,18069,1,17
24221,54622,1,30
24222,35979,2,20
24223,35979,1,25
24224,44837,1,22
24225,72007,2,26
24226,37315,4,96
24227,39429,5,54
24228,41397,1,24
24229,28560,4,64
24230,36330,1,17
24231,78622,0,25
24232,07840,1,30
24233,62414,1,26
24234,24910,1,26
24235,62367,1,18
24236,65556,3,30
24237,80833,1,18
24238,43143,2,27
24239,35072,1,11
24240,29845,1,7
24241,49895,1,14
24242,35087,1,17
24243,74018,2,22
24244,59635,5,23
24245,60527,4,49
24246,48647,1,15
24247,16948,1,20
24248,26750,1,30
24249,49091,1,21
24250,49880,2,25
24251,48655,3,48
24252,49709,2,22
24253,43015,2,34
24254,62305,1,23
24255,43360,1,18
24256,99743,1,12
24257,05086,2,20
24258,12469,1,25
24259,26059,1,18
24260,35756,1,7
24261,13862,1,24
24262,24577,1,32
24263,28515,1,21
24264,74878,2,11
24265,12177,1,31
24266,42211,1,17
24267,38259,1,10
24268,35057,2,20
24269,56176,1,25
24270,81082,2,16
24271,75163,3,24
24272,96091,1,12
24273,71854,1,13
24274,28625,2,48
24275,30753,1,20
24276,28655,1,21
24277,27574,1,22
24278,65286,1,10
24279,50676,1,24
24280,57376,1,28
24281,18657,1,58
24282,26508,1,20
24283,76262,1,24
24284,84776,1,14
24285,45373,4,80
24286,41712,1,18
24287,16623,1,25
24288,30241,12,78
24289,75789,2,25
24290,14885,1,32
24291,13847,1,40
24292,59874,1,24
24293,75933,2,10
24294,49967,1,12
24295,55709,1,30
24296,49793,1,7
24297,17771,1,30
24298,24378,1,16
24299,28166,3,51
24300,24175,1,54
24301,53120,1,24
24302,27371,1,24
24303,38260,1,30
24304,47588,1,16
24305,36081,3,52
24306,12180,6,119
24307,59935,2,32
24308,83871,1,44
24309,48084,8,192
24310,03465,1,30
24311,45373,3,38
24312,62294,1,35
24313,60404,3,72
24314,52344,1,15
24315,44904,1,33
24316,44021,1,24
24317,43443,1,38
24318,05868,1,30
24319,76579,2,15
24320,29848,1,16
24321,53704,1,54
24322,96161,8,44
24323,89511,15,209
24324,18708,2,25
24325,50592,1,10
24326,56088,1,26
24327,72472,2,20
24328,14886,1,65
24329,18970,1,35
24330,06611,2,60
24331,68980,1,18
24332,44041,1,14
24333,80135,1,12
24334,50257,1,21
24335,02666,1,15
24336,43068,2,44
24337,35173,5,101
24338,87901,2,25
24339,13158,1,35
24340,28782,1,32
24341,28016,2,43
24342,97223,26,375
24343,85646,4,40
24344,72168,1,7
24345,35967,1,12
24346,72473,2,21
24347,08087,1,27
24348,85756,1,20
24349,85712,1,24
24350,85701,22,632
24351,88401,2,18
24352,03816,3,23
24353,98188,4,62
24354,93277,27,192
24355,93274,3,39
24356,57476,1,15
24357,96134,2,21
24358,79088,1,23
24359,72084,2,15
24360,72015,1,16
24361,74454,1,12
24362,71479,1,15
24363,19007,1,30
24364,74127,32,692
24365,98501,2,54
24366,65764,1,10
24367,05077,1,18
24368,38676,1,24
24369,18334,1,36
24370,26444,1,18
24371,15681,1,30
24372,24549,1,27
24373,99680,1,10
24374,95370,14,63
24375,95379,1,20
24376,38804,7,95
24377,74572,2,12
24378,12986,2,48
24379,45783,1,22
24380,24520,1,40
24381,17772,1,32
24382,13473,1,45
24383,28445,2,52
24384,46567,2,48
24385,37385,1,6
24386,36273,2,25
24387,79261,1,21
24388,15089,1,32
24389,74126,1,13
24390,95380,4,45
24391,95380,1,30
24392,47852,1,13
24393,06905,2,67
24394,31714,9,53
24395,97392,1,28
24396,59542,1,20
24397,01376,1,22
24398,76528,1,10
24399,36571,3,19
24400,73950,2,20
24401,87010,3,15
24402,72384,1,13
24403,72015,3,20
24404,15145,1,29
24405,78028,1,14
24406,53511,1,26
24407,54889,1,35
24408,58575,1,32
24409,45036,3,40
24410,57477,1,24
24411,86023,1,20
24412,35401,11,231
24413,17982,1,35
24414,61607,1,4
24415,49749,1,32
24416,61953,2,30
24417,37745,1,20
24418,35674,1,30
24419,65082,1,0
24420,74525,1,14
24421,36083,1,22
24422,49688,1,20
24423,73089,2,24
24424,58488,1,25
24425,38963,1,12
24426,10987,3,127
24427,95383,1,25
24428,46988,1,17
24429,92277,2,42
24430,59754,1,25
24431,73001,1,26
24432,30471,1,25
24433,24132,1,20
24434,14086,1,55
24435,83301,4,45
24436,35563,1,21
24437,72039,1,12
24438,56089,1,16
24439,49965,1,12
24440,56566,1,14
24441,53181,1,46
24442,03595,1,22
24443,83544,1,15
24444,29340,1,8
24445,45617,1,28
24446,19520,1,50
24447,56584,1,24
24448,99576,1,8
24449,44087,2,50
24450,98856,1,18
24451,55616,1,23
24452,54241,1,24
24453,99712,1,29
24454,31328,1,30
24455,26259,2,24
24456,29365,4,50
24457,97063,1,8
24458,75979,1,18
24459,75702,11,156
24460,56178,1,33
24461,25313,1,28
24462,18971,1,42
24463,39667,1,30
24464,78391,1,10
24465,32403,4,82
24466,57066,1,25
24467,01879,3,40
24468,01264,1,30
24469,27295,1,30
24470,30673,1,15
24471,65464,1,12
24472,14891,1,20
24473,88065,5,90
24474,72386,1,20
24475,27925,6,64
24476,14225,1,43
24477,42002,1,55
24478,99133,1,5
24479,08204,1,17
24480,48750,1,24
24481,96093,7,32
24482,46402,2,65
24483,97146,1,40
24484,95817,1,10
24485,90095,1,7
24486,83454,1,18
24487,95064,1,17
24488,68063,1,22
24489,78640,1,12
24490,44683,1,25
24491,82931,7,138
24492,82937,1,25
24493,84078,5,95
24494,95482,3,40
24495,95482,3,40
24496,27205,3,32
24497,56585,1,22
24498,62992,1,18
24499,72170,1,15
24500,12401,2,85
24501,18850,1,25
24502,14513,1,31
24503,94553,1,57
24504,68669,1,20
24505,97838,1,15
24506,97838,5,65
24507,32784,1,15
24508,97882,2,15
24509,97801,1,33
24510,71833,1,8
24511,29378,1,35
24512,13849,1,40
24513,31091,2,15
24514,13491,1,19
24515,48137,1,24
24516,68454,1,30
24517,28906,1,25
24518,99684,1,8
24519,99685,2,34
24520,54124,1,22
24521,05489,2,35
24522,58576,1,29
24523,51576,1,27
24524,35633,1,40
24525,37692,1,13
24526,84119,23,571
24527,54446,1,28
24528,21224,2,28
24529,07735,4,60
24530,21791,1,42
24531,13760,2,45
24532,53962,1,15
24533,38683,2,23
24534,94587,4,49
24535,49094,1,19
24536,45390,1,21
24537,38261,2,30
24538,30291,3,58
24539,73090,2,17
24540,47390,1,32
24541,16438,1,30
24542,47640,1,23
24543,30512,12,95
24544,32054,5,25
24545,17845,1,25
24546,88415,2,17
24547,27284,1,30
24548,17033,2,35
24549,97883,1,25
24550,17315,1,30
24551,14224,1,42
24552,08515,1,29
24553,17345,1,25
24554,19533,1,30
24555,19363,1,53
24556,17013,1,22
24557,19507,1,32
24558,29379,1,56
24559,39365,1,30
24560,02880,8,150
24561,63084,3,29
24562,41091,2,47
24563,47848,2,25
24564,04862,1,25
24565,46393,2,40
24566,98903,1,24
24567,53182,1,32
24568,35175,1,22
24569,36467,1,15
24570,35085,2,31
24571,28689,1,39
24572,76639,1,5
24573,72165,2,29
24574,14563,2,50
24575,36862,2,26
24576,17003,1,41
24577,28167,1,19
24578,19020,1,40
24579,30669,1,24
24580,28056,1,32
24581,27910,1,18
24582,13034,1,28
24583,36089,1,12
24584,64494,1,18
24585,45881,1,19
24586,15856,1,35
24587,45245,6,60
24588,43045,1,25
24589,50074,1,10
24590,45601,3,75
24591,64476,1,10
24592,17889,1,24
24593,45652,1,32
24594,46725,1,25
24595,45868,1,25
24596,45065,1,31
24597,12585,2,60
24598,75189,1,21
24599,74871,1,10
24600,36853,2,20
24601,06076,1,20
24602,50258,1,7
24603,28146,1,31
24604,24983,2,21
24605,68455,1,20
24606,28168,2,40
24607,70723,2,33
24608,11553,4,130
24609,46791,1,20
24610,43910,1,30
24611,42461,1,15
24612,44685,1,34
24613,99179,1,15
24614,36786,1,15
24615,63565,1,20
24616,10988,1,46
24617,16001,1,35
24618,45888,1,28
24619,62033,3,56
24620,21666,1,60
24621,07720,1,20
24622,54002,3,86
24623,17044,1,30
24624,18801,1,65
24625,17350,4,110
24626,74578,1,15
24627,83705,84,658
24628,21701,2,107
24629,15035,1,25
24630,37745,1,22
24631,29720,1,10
24632,03773,1,10
24633,71635,1,16
24634,04988,1,28
24635,15239,1,35
24636,17774,1,15
24637,78148,1,20
24638,63130,2,49
24639,99775,2,53
24640,44118,1,29
24641,92521,1,3
24642,95616,1,55
24643,06268,2,50
24644,06030,1,19
24645,46556,1,46
24646,60484,2,20
24647,75205,1,35
24648,58789,1,35
24649,19015,1,20
24650,46989,1,20
24651,68981,1,18
24652,17055,1,30
24653,43220,2,59
24654,17801,1,25
24655,18972,1,75
24656,15068,1,35
24657,33924,1,51
24658,24070,1,10
24659,19082,5,82
24660,83686,1,20
24661,08302,1,10
24662,08313,1,21
24663,08302,1,25
24664,17241,1,30
24665,18074,1,15
24666,07421,1,40
24667,19446,1,60
24668,28715,2,29
24669,81040,2,20
24670,12987,1,25
24671,22507,2,45
24672,25845,1,32
24673,17540,1,70
24674,18977,2,25
24675,97413,2,15
24676,23180,1,24
24677,88049,2,18
24678,14092,1,35
24679,18064,1,30
24680,81122,8,43
24681,41555,1,15
24682,19464,1,15
24683,07458,1,40
24684,15241,2,53
24685,18958,1,40
24686,43351,1,36
24687,18034,2,38
24688,45638,1,20
24689,26866,1,20
24690,25235,1,22
24691,71726,1,18
24692,59935,1,12
24693,15905,1,20
24694,20185,1,15
24695,56384,1,20
24696,01568,1,27
24697,42784,1,25
24698,82730,1,25
24699,71480,2,7
24700,61801,4,63
24701,43078,1,23
24702,65767,2,16
24703,21704,1,50
24704,52345,1,24
24705,50323,3,67
24706,36480,1,18
24707,62376,1,15
24708,08640,2,35
24709,48647,1,3
24710,68933,1,12
24711,21402,0,0
24712,06349,2,54
24713,80840,4,80
24714,96786,1,13
24715,27909,1,23
24716,99619,1,32
24717,95364,4,38
24718,95573,2,39
24719,33922,1,10
24720,49967,1,34
24721,84660,1,80
24722,51060,1,22
24723,81334,1,13
24724,87749,1,5
24725,61373,1,27
24726,13501,6,132
24727,48317,1,32
24728,67584,1,25
24729,47130,3,40
24730,16362,2,26
24731,39175,2,32
24732,57067,1,16
24733,78884,1,19
24734,30473,1,10
24735,78801,2,39
24736,95037,3,15
24737,27371,1,26
24738,01569,3,30
24739,16001,1,13
24740,95688,5,94
24741,95688,4,73
24742,70090,4,40
24743,55127,2,45
24744,39176,1,12
24745,81657,3,35
24746,51465,1,19
24747,12584,2,65
24748,78840,5,56
24749,12184,1,30
24750,54245,1,30
24751,28690,1,26
24752,99686,3,25
24753,97918,1,24
24754,57788,1,30
24755,69201,1,50
24756,94510,3,58
24757,90744,2,126
24758,10595,2,75
24759,62891,1,18
24760,59486,1,24
24761,86046,1,9
24762,94592,8,79
24763,35774,1,16
24764,67147,1,26
24765,92082,2,28
24766,17858,1,36
24767,58072,1,40
24768,44280,1,45
24769,10989,1,65
24770,42701,1,28
24771,12185,1,18
24772,44264,2,30
24773,94972,1,7
24774,19481,1,41
24775,36701,2,20
24776,26060,1,20
24777,38873,1,12
24778,26294,2,27
24779,28739,3,50
24780,35745,1,14
24781,15063,1,35
24782,76689,1,38
24783,83716,2,10
24784,63088,2,39
24785,98002,5,109
24786,57068,1,28
24787,72682,4,22
24788,11582,5,255
24789,68064,1,36
24790,17821,1,20
24791,45648,1,30
24792,17983,1,26
24793,44125,1,33
24794,72404,2,15
24795,76272,1,15
24796,71675,2,15
24797,25502,1,24
24798,26554,1,31
24799,35766,1,12
24800,24246,1,17
24801,28901,3,40
24802,74764,1,16
24803,28645,1,35
24804,62295,1,28
24805,89438,1,20
24806,14841,1,25
24807,32580,1,33
24808,46383,3,73
24809,68065,1,22
24810,67051,2,18
24811,75495,1,9
24812,72956,4,45
24813,04785,2,34
24814,48111,2,22
24815,47853,2,25
24816,46991,1,20
24817,63965,1,20
24818,54979,1,30
24819,75790,1,30
24820,52346,1,25
24821,13339,1,25
24822,50261,1,28
24823,77482,1,8
24824,38877,1,28
24825,25206,1,23
24826,45891,1,24
24827,50262,1,9
24828,75754,1,10
24829,73705,1,62
24830,27536,2,31
24831,35490,2,18
24832,35490,2,23
24833,41179,2,36
24834,39565,3,36
24835,41339,1,19
24836,98661,10,178
24837,63382,1,19
24838,62471,1,32
24839,45377,2,58
24840,28587,1,22
24841,93437,6,120
24842,54130,1,33
24843,28312,2,43
24844,49795,1,17
24845,15690,1,70
24846,78885,1,9
24847,71937,1,20
24848,87326,1,14
24849,37181,1,18
24850,45890,2,28
24851,28366,1,25
24852,72387,1,15
24853,74820,1,14
24854,15009,1,25
24855,38878,1,15
24856,14541,1,18
24857,61375,3,30
24858,14850,1,25
24859,29944,1,16
24860,14167,1,30
24861,76228,1,15
24862,04962,2,22
24863,48768,1,19
24864,59487,3,45
24865,04401,1,23
24866,57270,1,28
24867,82070,1,22
24868,47987,1,19
24869,79092,1,13
24870,87062,1,14
24871,87582,1,21
24872,73491,1,20
24873,58790,1,35
24874,58790,1,35
24875,72010,1,18
24876,69168,1,9
24877,16440,1,30
24878,62090,1,9
24879,34285,3,67
24880,48449,1,25
24881,08406,2,45
24882,93003,6,73
24883,93010,31,402
24884,50482,1,21
24885,76084,1,14
24886,36091,1,25
24887,86326,5,39
24888,68783,1,32
24889,74018,1,26
24890,68457,1,24
24891,12110,1,27
24892,25649,1,18
24893,08093,1,25
24894,62994,1,15
24895,44089,3,36
24896,55790,1,13
24897,44089,1,24
24898,57069,2,42
24899,61484,1,26
24900,49096,1,14
24901,84078,2,26
24902,56481,1,22
24903,56090,1,17
24904,13477,1,32
24905,16335,1,29
24906,32462,1,18
24907,35592,1,20
24908,84080,2,9
24909,05354,1,21
24910,85940,2,21
24911,76384,2,36
24912,70634,1,9
24913,71446,1,12
24914,07462,1,52
24915,16335,1,38
24916,45694,2,17
24917,47282,1,25
24918,53103,3,54
24919,97064,1,31
24920,13478,2,53
24921,58490,1,20
24922,53593,1,39
24923,45378,1,10
24924,58490,1,15
24925,24482,1,33
24926,07044,2,60
24927,15147,1,16
24928,60479,2,18
24929,10596,1,85
24930,65084,1,23
24931,45380,1,27
24932,40383,3,43
24933,62378,1,18
24934,65084,2,34
24935,14168,1,32
24936,15132,1,23
24937,47042,1,22
24938,05079,1,15
24939,54489,1,33
24940,56292,1,18
24941,13850,4,125
24942,35216,5,102
24943,57574,1,30
24944,82243,2,25
24945,14424,1,16
24946,11768,1,15
24947,45601,1,15
24948,74962,1,20
24949,57070,1,30
24950,65580,1,25
24951,73859,1,16
24952,39180,7,105
24953,80860,1,15
24954,14564,1,30
24955,52347,1,25
24956,59875,2,35
24957,77904,2,31
24958,23974,1,55
24959,67671,1,18
24960,77901,7,130
24961,55386,1,30
24962,61485,1,20
24963,92393,4,85
24964,13033,1,22
24965,12884,1,30
24966,99645,1,12
24967,71373,2,26
24968,91901,1,30
24969,62995,1,30
24970,13308,1,20
24971,44473,1,23
24972,65582,2,26
24973,57271,1,25
24974,49751,1,9
24975,47170,1,18
24976,21869,1,32
24977,31092,1,30
24978,26105,1,27
24979,27040,2,43
24980,79606,1,17
24981,18064,1,45
24982,11021,120,57
24983,14224,1,40
24984,17257,1,35
24985,15133,1,50
24986,21727,1,55
24987,18837,1,30
24988,79088,1,12
24989,47512,1,19
24990,64640,1,13
24991,81087,1,5
24992,61956,1,22
24993,62223,1,20
24994,60181,3,26
24995,77024,1,42
24996,14709,1,80
24997,87068,1,20
24998,10511,1,35
24999,53010,1,45
25000,71227,1,22
25001,12183,1,16
25002,10931,1,35
25003,54313,2,50
25004,14217,1,57
25005,10950,1,45
25006,60048,3,42
25007,53048,1,31
25008,54401,1,25
25009,13104,2,27
25010,70761,1,26
25011,45873,1,30
25012,62984,1,10
25013,14130,1,45
25014,54966,1,25
25015,77469,1,17
25016,54467,2,47
25017,54161,2,26
25018,53075,1,44
25019,87830,3,12
25020,43556,1,22
25021,43558,1,42
25022,87059,1,26
25023,53964,1,26
25024,71764,1,17
25025,32163,8,131
25026,56385,1,26
25027,08251,1,47
25028,70586,2,80
25029,50864,1,28
25030,72173,1,15
25031,72173,2,38
25032,39301,1,22
25033,04863,1,20
25034,47591,4,38
25035,47591,4,58
25036,08088,1,37
25037,50594,1,18
25038,35178,1,17
25039,41386,1,15
25040,40175,2,33
25041,35058,3,44
25042,29685,1,25
25043,52348,1,18
25044,74301,1,42
25045,52349,1,28
25046,45686,1,18
25047,70668,2,22
25048,15961,1,25
25049,42051,2,19
25050,37394,2,24
25051,72583,1,13
25052,54664,1,24
25053,43147,3,67
25054,21227,1,97
25055,41774,1,23
25056,62690,2,32
25057,13045,1,60
25058,66870,1,8
25059,24598,1,25
25060,23150,1,45
25061,23456,19,447
25062,59755,1,10
25063,55792,1,34
25064,35023,1,21
25065,62691,1,22
25066,19564,1,20
25067,54665,1,36
25068,93292,7,76
25069,12148,3,64
25070,92084,6,84
25071,10590,0,40
25072,74432,3,22
25073,57576,1,18
25074,76887,1,21
25075,16156,1,25
25076,78641,1,29
25077,52077,1,18
25078,57071,1,28
25079,57072,1,22
25080,54618,1,10
25081,08210,2,42
25082,21915,2,56
25083,17069,1,12
25084,21740,1,75
25085,17751,1,12
25086,13476,1,30
25087,13486,1,28
25088,31716,1,28
25089,06712,1,61
25090,21221,1,25
25091,44643,1,24
25092,19709,2,111
25093,18512,1,25
25094,06384,1,46
25095,32720,23,249
25096,29472,1,11
25097,24084,1,31
25098,80861,1,20
25099,37885,2,20
25100,08043,2,43
25101,12186,1,46
25102,77374,1,22
25103,05478,1,51
25104,41274,1,35
25105,72389,1,14
25106,46992,2,32
25107,61938,1,20
25108,47906,2,42
25109,56293,1,44
25110,66431,1,22
25111,66423,2,27
25112,66401,1,12
25113,66526,2,17
25114,66547,1,10
25115,66834,1,15
25116,72175,2,14
25117,28420,1,27
25118,23480,1,25
25119,28169,1,30
25120,76701,14,200
25121,68460,1,20
25122,40385,1,38
25123,55387,1,36
25124,13694,1,40
25125,40076,1,19
25126,28395,1,32
25127,62448,1,30
25128,29615,3,56
25129,74723,1,10
25130,56482,2,21
25131,52169,1,18
25132,28170,1,43
25133,26590,1,12
25134,47638,1,17
25135,11792,2,75
25136,44281,2,52
25137,78959,1,20
25138,36585,1,12
25139,29164,1,10
25140,80759,1,12
25141,54177,1,21
25142,57380,1,25
25143,87752,1,19
25144,74467,2,25
25145,19376,1,40
25146,98647,1,20
25147,98612,2,28
25148,68066,1,44
25149,58075,2,45
25150,96738,1,7
25151,74468,1,16
25152,56387,1,17
25153,05673,1,22
25154,46573,1,25
25155,27587,5,137
25156,75501,1,19
25157,27591,1,56
25158,01880,2,55
25159,03872,3,33
25160,67432,3,25
25161,68784,1,24
25162,23888,1,30
25163,35755,1,11
25164,44889,1,30
25165,57073,1,26
25166,32327,11,49
25167,52773,1,26
25168,58018,2,32
25169,12586,2,65
25170,05873,1,20
25171,37377,2,30
25172,37876,1,26
25173,53093,1,30
25174,71770,1,25
25175,04915,1,14
25176,04572,1,21
25177,56091,1,25
25178,20602,3,300
25179,72958,1,18
25180,46182,1,25
25181,72958,2,24
25182,07463,2,45
25183,14169,1,38
25184,84667,1,8
25185,58281,1,15
25186,01081,1,23
25187,04280,1,28
25188,53183,1,28
25189,58282,1,50
25190,29691,1,34
25191,43844,1,42
25192,30642,2,15
25193,30707,19,144
25194,71861,1,16
25195,14468,1,30
25196,52352,1,35
25197,49534,3,42
25198,86303,1,25
25199,89415,1,10
25200,29670,1,25
25201,89427,1,10
25202,16841,0,42
25203,74872,1,15
25204,24459,1,16
25205,21793,1,50
25206,26447,1,20
25207,23177,1,35
25208,46574,1,20
25209,27051,3,62
25210,49459,1,16
25211,71754,1,8
25212,07719,2,20
25213,51466,1,24
25214,07719,2,36
25215,57790,2,24
25216,76957,1,20
25217,99362,6,75
25218,99323,4,30
25219,67758,1,20
25220,57272,1,19
25221,29596,4,35
25222,69169,2,21
25223,14809,1,38
25224,71836,1,17
25225,26448,1,25
25226,36426,1,0
25227,16876,1,20
25228,27107,1,45
25229,48390,1,24
25230,77484,1,28
25231,51365,2,21
25232,06492,5,140
25233,05742,1,10
25234,05773,2,20
25235,14551,1,50
25236,07057,4,85
25237,77485,1,21
25238,12589,1,50
25239,97885,1,15
25240,38680,2,33
25241,02859,1,10
25242,27052,1,33
25243,51577,1,34
25244,66780,1,12
25245,61376,1,35
25246,56180,1,20
25247,65770,4,20
25248,35990,1,22
25249,39189,1,12
25250,35555,1,12
25251,72476,3,22
25252,76690,1,15
25253,47968,1,31
25254,02081,3,47
25255,03608,1,50
25256,81090,1,16
25257,91505,2,16
25258,20307,2,57
25259,35055,1,15
25260,73572,1,18
25261,39145,2,30
25262,56097,1,17
25263,39478,2,12
25264,02452,6,173
25265,04605,1,15
25266,68067,1,17
25267,31333,1,18
25268,46994,1,24
25269,32435,15,118
25270,30656,11,99
25271,13856,1,80
25272,41094,2,46
25273,25286,1,20
25274,62894,1,20
25275,14568,1,54
25276,53184,1,24
25277,66547,1,33
25278,97063,2,16
25279,13163,1,40
25280,82336,1,9
25281,07712,2,48
25282,55983,1,28
25283,07465,2,60
25284,56294,1,20
25285,74083,1,12
25286,07461,2,70
25287,11793,5,230
25288,73461,1,7
25289,98951,1,22
25290,61777,1,19
25291,52501,1,25
25292,52653,1,30
25293,63966,2,15
25294,12590,2,55
25295,24892,1,24
25296,55793,1,17
25297,71429,10,105
25298,70646,3,24
25299,71220,2,20
25300,71266,3,17
25301,70661,5,25
25302,70585,4,48
25303,71247,2,14
25304,70615,3,14
25305,71229,1,10
25306,71234,4,46
25307,71251,6,44
25308,70611,5,31
25309,71232,4,15
25310,71237,3,5
25311,70668,3,50
25312,70633,5,30
25313,47382,1,25
25314,43111,1,19
25315,71270,6,36
25316,39452,1,25
25317,36922,1,5
25318,63879,1,24
25319,05355,1,25
25320,74576,1,6
25321,31503,10,90
25322,01082,1,38
25323,29692,1,15
25324,62998,1,10
25325,02571,4,68
25326,06088,2,30
25327,08758,1,30
25328,41267,1,40
25329,78074,1,20
25330,72478,1,12
25331,18974,3,50
25332,28909,1,26
25333,91522,1,19
25334,57479,1,25
25335,74469,1,28
25336,03278,1,33
25337,31093,7,122
25338,13164,2,38
25339,73122,1,20
25340,44483,1,60
25341,22630,9,103
25342,30828,6,24
25343,61087,1,35
25344,02885,6,176
25345,01083,2,34
25346,48089,6,128
25347,71671,2,34
25348,08005,1,25
25349,46628,2,35
25350,46219,5,105
25351,44430,3,41
25352,07059,4,75
25353,18837,1,50
25354,45750,2,32
25355,06754,1,62
25356,05674,2,23
25357,03279,1,16
25358,73526,1,17
25359,46792,1,25
25360,56762,1,24
25361,77664,1,25
25362,62573,1,23
25363,12885,1,36
25364,64093,2,39
25365,44128,2,29
25366,28693,1,28
25367,97146,2,37
25368,63383,4,34
25369,27589,1,24
25370,20186,1,84
25371,60555,1,44
25372,18976,2,35
25373,35180,1,50
25374,35006,1,31
25375,17777,2,35
25376,18706,1,15
25377,36089,1,20
25378,37663,1,37
25379,46580,3,57
25380,28398,1,35
25381,14569,1,45
25382,41095,1,40
25383,37887,1,17
25384,01378,2,13
25385,02886,1,213
25386,10990,3,100
25387,58381,1,10
25388,18929,1,60
25389,44629,1,19
25390,84032,5,46
25391,93280,1,14
25392,54890,1,20
25393,56093,1,35
25394,04786,1,20
25395,54891,1,24
25396,58577,1,48
25397,61570,1,20
25398,58577,1,48
25399,65772,2,16
25400,79019,1,8
25401,37888,1,21
25402,07882,1,40
25403,26181,1,19
25404,15301,2,21
25405,84780,3,41
25406,66968,1,16
25407,74006,2,16
25408,21740,1,88
25409,84770,1,3
25410,66945,1,20
25411,66962,1,12
25412,66968,1,17
25413,24202,1,23
25414,66933,1,18
25415,66958,1,14
25416,66943,1,32
25417,66944,1,13
25418,43160,1,30
25419,26237,2,15
25420,08075,1,20
25421,17055,1,49
25422,95986,1,6
25423,61571,1,38
25424,54246,1,26
25425,03280,2,28
25426,30673,1,61
25427,47501,2,17
25428,63090,5,70
25429,01223,1,6
25430,43701,1,16
25431,19428,1,36
25432,26041,1,40
25433,70426,2,12
25434,70438,2,25
25435,70426,2,20
25436,70450,3,58
25437,70438,3,30
25438,70427,6,58
25439,62204,1,22
25440,99164,1,23
25441,84405,1,16
25442,45153,1,25
25443,46151,1,23
25444,48094,3,33
25445,44903,1,34
25446,45458,5,101
25447,46240,5,180
25448,43611,1,25
25449,08080,6,146
25450,15613,1,41
25451,17810,1,25
25452,18013,1,25
25453,47501,2,26
25454,45663,1,30
25455,46383,1,36
25456,44601,1,30
25457,46952,1,21
25458,15012,1,37
25459,43138,2,16
25460,46725,1,18
25461,07676,1,49
25462,16210,2,50
25463,44699,1,16
25464,43565,1,24
25465,16326,1,32
25466,46534,1,16
25467,46818,1,35
25468,07882,1,40
25469,44804,2,25
25470,47924,1,33
25471,43016,4,132
25472,46123,4,65
25473,22747,1,25
25474,52353,1,40
25475,41056,1,22
25476,77880,1,19
25477,73093,1,14
25478,05675,1,23
25479,06794,1,20
25480,20009,33,1300
25481,41096,1,20
25482,10992,1,88
25483,17884,1,25
25484,89704,1,12
25485,98671,1,29
25486,51061,1,16
25487,75692,2,40
25488,65773,1,13
25489,12592,1,37
25490,57791,1,29
25491,88220,1,28
25492,76148,1,21
25493,37694,2,15
25494,02891,1,38
25495,07069,2,35
25496,38965,1,23
25497,42085,1,25
25498,76958,1,6
25499,72434,1,12
25500,85541,4,5
25501,21904,3,70
25502,06776,2,75
25503,04030,2,54
25504,05676,2,53
25505,06702,9,250
25506,04088,1,40
25507,12188,3,45
25508,06385,6,105
25509,08004,1,50
25510,05848,1,20
25511,46793,1,18
25512,62298,1,32
25513,53594,1,36
25514,13165,1,40
25515,50703,6,106
25516,95212,2,18
25517,45766,1,22
25518,35677,3,50
25519,68069,1,60
25520,60556,1,30
25521,71375,1,33
25522,49969,1,16
25523,13601,3,67
25524,06795,2,90
25525,13601,3,72
25526,53094,1,30
25527,55388,1,23
25528,57201,2,36
25529,48435,1,16
25530,45786,1,23
25531,37184,1,21
25532,56096,1,24
25533,43566,1,20
25534,66548,1,21
25535,04901,1,49
25536,03215,1,22
25537,13480,1,56
25538,17776,1,15
25539,12189,1,13
25540,12189,1,25
25541,49098,1,24
25542,77320,1,12
25543,58854,1,25
25544,27537,1,18
25545,55389,1,25
25546,14891,1,45
25547,73772,2,21
25548,87753,2,14
25549,60970,2,33
25550,71674,2,13
25551,74963,1,12
25552,56295,1,15
25553,62473,1,36
25554,38611,1,17
25555,95019,2,34
25556,74964,1,12
25557,41348,1,24
25558,16442,2,40
25559,35131,2,19
25560,57273,1,22
25561,53021,1,19
25562,52171,1,18
25563,60084,3,72
25564,50263,1,40
25565,60085,5,115
25566,73773,1,20
25567,52172,1,34
25568,54622,1,28
25569,53597,1,39
25570,69045,1,25
25571,54981,1,34
25572,53963,1,14
25573,53963,1,30
25574,73573,1,22
25575,68786,1,25
25576,54177,1,24
25577,43567,2,26
25578,54982,1,36
25579,53213,3,111
25580,53826,1,20
25581,47989,1,20
25582,39576,2,26
25583,14892,1,42
25584,37185,2,22
25585,50677,1,34
25586,55390,1,25
25587,99039,1,22
25588,45690,1,27
25589,64096,1,25
25590,68462,1,42
25591,26184,2,32
25592,23890,1,30
25593,42726,2,25
25594,75168,3,59
25595,28173,2,64
25596,31503,4,53
25597,49348,2,46
25598,01778,2,27
25599,14572,1,55
25600,52654,1,25
25601,76424,1,28
25602,63472,1,19
25603,18472,1,32
25604,63944,1,18
25605,31546,6,75
25606,39367,13,160
25607,48184,1,16
25608,07470,5,150
25609,73095,1,20
25610,04284,2,15
25611,14840,1,35
25612,62895,2,25
25613,43734,1,31
25614,45122,2,51
25615,57107,1,25
25616,45896,1,25
25617,46214,5,145
25618,45067,1,20
25619,44093,1,18
25620,45068,1,49
25621,17748,1,15
25622,46939,1,15
25623,45618,1,12
25624,46060,1,25
25625,44624,1,20
25626,49047,1,18
25627,45123,1,14
25628,68787,1,36
25629,43466,1,30
25630,25570,1,22
25631,47433,1,24
25632,39367,1,11
25633,22980,1,43
25634,38485,1,17
25635,30830,1,18
25636,17268,2,55
25637,40489,1,23
25638,15370,2,45
25639,61778,1,10
25640,28786,2,34
25641,65583,3,39
25642,31566,2,20
25643,73860,1,15
25644,07753,1,35
25645,79094,1,14
25646,54126,1,32
25647,28677,2,31
25648,55391,1,30
25649,47909,1,17
25650,38225,3,25
25651,03281,3,23
25652,37862,1,29
25653,76086,4,62
25654,73096,1,30
25655,44440,3,48
25656,65774,1,10
25657,17046,1,10
25658,28787,1,32
25659,96093,2,21
25660,64870,1,20
25661,73835,1,10
25662,51366,1,18
25663,54830,1,23
25664,36376,1,18
25665,49304,1,15
25666,62814,1,15
25667,74470,1,8
25668,14871,2,40
25669,41180,1,15
25670,84404,6,111
25671,50595,1,29
25672,31824,2,29
25673,57274,1,21
25674,01570,2,39
25675,77598,1,20
25676,40176,1,17
25677,03303,1,18
25678,63119,2,38
25679,71055,4,30
25680,71018,4,64
25681,71023,3,22
25682,26288,1,35
25683,54893,1,28
25684,14580,2,82
25685,47392,1,18
25686,36279,2,26
25687,72704,2,32
25688,36278,2,25
25689,96094,1,27
25690,13166,1,36
25691,08215,1,12
25692,27909,2,34
25693,77993,1,25
25694,49119,1,13
25695,78962,2,40
25696,72479,3,19
25697,76388,1,18
25698,63670,2,21
25699,83553,1,12
25700,78674,2,29
25701,66781,1,5
25702,26062,4,24
25703,19530,1,32
25704,83672,2,25
25705,83672,1,37
25706,24801,2,23
25707,74369,1,16
25708,27295,1,57
25709,56181,1,26
25710,61882,1,23
25711,19038,1,30
25712,27890,2,24
25713,50264,1,13
25714,75851,1,8
25715,74880,1,15
25716,15564,1,0
25717,02481,2,55
25718,13640,1,35
25719,02667,1,18
25720,74471,3,15
25721,79095,1,20
25722,44090,2,29
25723,80549,2,39
25724,67152,1,19
25725,84542,1,24
25726,04942,1,10
25727,60973,2,17
25728,64097,2,25
25729,52356,1,32
25730,71643,1,10
25731,13859,1,30
25732,04090,2,17
25733,05081,1,11
25734,49819,1,7
25735,56097,1,25
25736,05774,1,14
25737,16901,1,70
25738,50680,1,22
25739,26070,2,32
25740,14894,1,25
25741,74881,2,20
25742,45692,1,30
25743,84339,1,24
25744,17365,1,25
25745,43968,1,29
25746,66092,1,27
25747,63384,1,20
25748,63384,1,20
25749,14895,3,166
25750,43968,1,26
25751,52774,1,30
25752,13811,1,20
25753,74010,1,13
25754,14004,1,0
25755,83355,1,17
25756,56590,1,20
25757,01380,1,12
25758,27591,3,64
25759,83355,1,18
25760,14120,3,62
25761,84083,1,5
25762,01984,1,34
25763,61377,1,29
25764,08090,1,20
25765,57075,1,25
25766,27320,1,25
25767,63385,5,58
25768,35183,1,15
25769,06379,1,36
25770,72034,1,10
25771,78596,3,67
25772,30648,1,6
25773,28173,2,97
25774,50483,1,21
25775,04686,1,14
25776,16510,1,22
25777,57381,1,28
25778,57382,1,30
25779,39191,1,22
25780,36904,1,30
25781,12205,2,60
25782,15376,1,33
25783,45381,1,26
25784,53214,3,105
25785,96020,1,18
25786,13167,1,25
25787,08530,2,20
25788,64482,1,19
25789,12015,2,42
25790,08232,1,18
25791,11704,3,171
25792,47469,1,14
25793,02668,1,48
25794,04530,1,23
25795,70767,3,36
25796,70719,3,29
25797,50597,1,22
25798,53095,3,44
25799,36524,1,20
25800,99350,2,28
25801,08091,1,55
25802,54983,2,33
25803,48322,6,96
25804,35079,4,28
25805,01583,1,31
25806,19382,2,20
25807,52358,1,35
25808,49877,1,8
25809,02379,1,25
25810,01585,1,17
25811,61378,1,18
25812,30750,2,14
25813,15417,1,30
25814,73449,2,20
25815,28806,2,108
25816,05871,1,13
25817,52655,1,31
25818,07006,1,60
25819,08204,1,35
25820,79416,1,22
25821,45449,2,32
25822,37601,1,25
25823,13619,2,55
25824,12010,1,18
25825,12992,1,40
25826,19380,3,120
25827,45069,5,118
25828,60185,4,53
25829,62812,1,20
25830,12580,2,50
25831,13904,1,27
25832,08059,1,20
25833,29169,1,39
25834,55985,1,20
25835,13760,2,52
25836,63011,3,58
25837,91790,5,71
25838,39428,1,25
25839,12065,1,38
25840,71635,1,30
25841,14883,1,25
25842,15044,1,30
25843,15084,1,27
25844,08086,2,68
25845,50265,5,86
25846,84034,2,16
25847,80135,4,49
25848,05356,1,15
25849,05357,2,28
25850,60118,2,38
25851,14048,1,25
25852,58640,2,38
25853,17508,1,50
25854,18042,1,10
25855,27802,2,37
25856,13485,1,30
25857,15088,1,50
25858,45070,1,26
25859,14905,1,54
25860,17948,5,33
25861,17257,1,35
25862,27376,2,44
25863,18322,3,40
25864,17970,5,20
25865,17851,1,25
25866,19464,1,30
25867,17980,1,25
25868,74578,1,0
25869,83347,1,19
25870,17901,1,24
25871,28655,3,39
25872,38562,1,17
25873,38464,1,20
25874,17025,1,15
25875,35952,1,24
25876,17025,1,15
25877,14170,1,55
25878,58078,1,25
25879,15377,1,15
25880,29501,3,56
25881,72774,3,45
25882,59829,1,10
25883,04985,1,16
25884,12827,1,17
25885,72838,2,140
25886,62896,1,19
25887,04345,2,22
25888,59330,1,24
25889,12010,1,24
25890,02814,2,18
25891,17044,1,20
25892,02817,1,21
25893,19390,3,70
25894,37877,1,21
25895,25571,1,22
25896,39572,1,25
25897,17112,3,50
25898,10604,1,75
25899,75605,2,20
25900,06107,5,90
25901,05743,1,6
25902,06516,4,75
25903,10993,2,125
25904,18202,1,43
25905,16370,1,22
25906,15905,3,47
25907,39066,1,22
25908,28376,1,31
25909,15120,1,32
25910,12090,1,12
25911,12491,3,80
25912,77450,1,32
25913,28625,2,38
25914,49935,1,26
25915,11795,1,143
25916,30517,2,21
25917,84084,4,89
25918,16201,1,28
25919,40701,3,38
25920,59930,1,11
25921,47906,3,50
25922,43845,1,20
25923,16505,2,38
25924,76687,3,24
25925,14456,1,40
25926,99623,5,52
25927,20706,2,87
25928,38063,1,14
25929,13861,1,25
25930,15783,1,15
25931,47991,2,20
25932,15401,1,13
25933,27295,1,35
25934,13489,1,27
25935,52776,1,35
25936,43357,1,26
25937,26074,1,17
25938,43062,5,102
25939,07764,2,40
25940,28734,1,31
25941,83352,2,7
25942,34209,4,56
25943,45382,1,21
25944,17408,2,68
25945,98584,4,30
25946,15010,1,23
25947,42086,2,24
25948,42647,2,15
25949,16335,2,35
25950,16335,1,40
25951,72301,4,62
25952,80226,18,340
25953,55428,3,74
25954,16159,1,25
25955,15122,1,40
25956,26451,1,7
25957,07480,6,192
25958,66782,1,20
25959,71291,3,43
25960,13167,1,35
25961,27803,1,39
25962,05085,1,13
25963,15089,1,20
25964,13118,1,12
25965,64428,1,28
25966,10994,2,75
25967,28562,3,49
25968,13861,1,32
25969,77630,1,20
25970,07052,5,88
25971,03890,2,16
25972,63114,1,20
25973,33401,8,226
25974,04289,1,44
25975,81005,1,14
25976,07424,3,75
25977,05775,1,26
25978,64078,2,43
25979,29669,1,30
25980,83856,4,45
25981,17081,1,20
25982,61604,1,36
25983,36765,1,12
25984,76656,1,12
25985,95616,1,20
25986,65775,2,31
25987,64098,1,45
25988,10996,3,43
25989,52656,1,32
25990,35179,2,23
25991,40177,1,18
25992,31833,1,22
25993,72178,1,14
25994,44432,1,14
25995,39773,2,28
25996,95255,2,15
25997,62380,1,17
25998,47992,1,24
25999,68788,1,39
26000,23181,1,42
26001,37307,7,75
26002,83856,2,25
26003,72210,5,50
26004,32640,1,15
26005,65259,1,17
26006,19611,1,40
26007,65738,1,18
26008,16506,2,40
26009,37854,3,28
26010,81639,1,24
26011,28125,4,44
26012,05777,1,20
26013,54669,1,36
26014,62476,1,24
26015,16125,2,22
26016,12196,1,45
26017,27330,1,24
26018,11796,2,150
26019,35115,2,22
26020,17043,2,40
26021,06516,2,48
26022,76644,1,17
26023,97031,2,9
26024,21814,1,35
26025,42240,2,15
26026,37149,1,11
26027,25177,1,45
26028,74338,1,15
26029,14437,1,27
26030,01089,3,76
26031,06076,2,50
26032,95363,6,84
26033,01266,1,7
26034,13696,1,40
26035,61102,1,24
26036,16061,1,20
26037,28702,2,28
26038,75474,1,12
26039,15906,1,20
26040,74435,1,14
26041,70356,3,15
26042,06255,1,25
26043,98512,5,61
26044,02575,2,31
26045,08628,1,55
26046,08087,1,40
26047,62477,1,24
26048,52175,1,29
26049,45693,1,23
26050,14877,1,6
26051,26456,1,35
26052,77005,1,23
26053,84119,6,108
26054,79821,3,40
26055,37397,1,10
26056,97396,1,0
26057,59602,3,32
26058,59901,2,31
26059,41268,1,16
26060,76691,1,30
26061,14502,1,31
26062,02893,4,67
26063,05151,1,24
26064,14580,3,125
26065,89883,1,23
26066,19341,1,58
26067,08260,1,16
26068,08550,1,15
26069,13865,1,30
26070,08550,1,54
26071,05037,1,18
26072,13491,1,38
26073,18644,2,30
26074,27020,1,35
26075,08060,1,30
26076,28356,3,72
26077,54490,1,26
26078,01581,1,48
26079,04092,2,89
26080,56183,1,24
26081,06498,2,61
26082,79565,1,23
26083,12785,1,20
26084,11590,2,150
26085,54667,1,24
26086,60154,2,29
26087,02891,2,61
26088,19565,4,104
26089,28584,1,57
26090,64734,2,20
26091,40769,1,15
26092,02827,2,24
26093,99639,3,32
26094,72450,5,22
26095,72685,2,32
26096,44661,2,52
26097,53066,6,209
26098,97439,6,61
26099,29692,2,24
26100,63447,3,24
26101,69361,1,15
26102,44514,3,76
26103,40409,1,17
26104,68464,1,25
26105,18103,2,29
26106,60558,2,55
26107,65616,12,133
26108,27607,1,49
26109,23692,1,55
26110,43081,3,106
26111,67455,1,21
26112,18336,1,58
26113,44251,1,24
26114,07090,2,38
26115,01085,3,85
26116,77039,2,70
26117,27041,1,28
26118,06457,1,51
26119,01886,3,45
26120,05494,1,11
26121,13488,1,15
26122,50681,1,32
26123,11978,1,100
26124,01027,1,35
26125,77994,1,15
26126,58793,1,23
26127,07734,3,80
26128,70669,4,18
26129,44145,2,45
26130,76262,1,28
26131,77491,1,70
26132,48185,5,63
26133,12203,1,61
26134,80031,6,140
26135,01473,1,25
26136,29693,1,30
26137,05158,2,40
26138,21158,1,105
26139,45850,1,17
26140,75409,1,20
26141,60559,2,102
26142,27341,1,24
26143,05822,1,16
26144,13490,2,106
26145,37186,1,46
26146,22520,2,30
26147,92281,1,18
26148,82701,4,102
26149,02493,2,38
26150,14788,1,30
26151,68070,1,30
26152,05161,1,16
26153,06883,2,65
26154,26452,1,43
26155,50105,1,20
26156,01022,1,64
26157,16692,1,20
26158,35185,2,18
26159,26501,1,35
26160,66093,1,16
26161,65085,2,21
26162,48894,1,21
26163,51578,1,22
26164,02790,2,36
26165,06880,4,75
26166,95358,1,19
26167,12993,1,47
26168,04578,1,14
26169,95488,1,10
26170,97016,1,12
26171,51467,1,24
26172,83864,3,8
26173,27205,2,38
26174,29824,2,17
26175,75802,1,28
26176,32424,1,16
26177,25202,1,22
26178,75758,1,18
26179,29301,3,30
26180,61883,1,25
26181,46391,1,25
26182,08093,1,33
26183,29175,1,30
26184,74965,2,17
26185,12926,1,39
26186,32464,1,14
26187,70094,3,57
26188,19320,2,13
26189,02090,2,44
26190,41102,1,34
26191,96137,1,18
26192,07675,1,67
26193,76114,1,23
26194,81252,6,26
26195,06109,3,78
26196,81253,1,30
26197,74883,1,16
26198,36092,4,49
26199,32351,2,14
26200,52658,1,24
26201,32465,1,26
26202,74884,1,16
26203,15090,3,42
26204,54983,1,33
26205,05753,1,21
26206,54895,1,31
26207,24486,1,40
26208,02189,4,92
26209,95589,1,15
26210,99950,1,18
26211,23438,1,21
26212,07885,1,65
26213,77488,1,25
26214,25208,1,22
26215,43359,1,21
26216,50268,1,13
26217,98247,2,28
26218,98262,1,18
26219,98295,3,62
26220,98220,3,32
26221,98229,2,44
26222,98229,1,20
26223,98226,3,56
26224,98281,1,36
26225,98225,3,25
26226,98248,6,111
26227,01093,1,40
26228,42463,2,21
26229,62231,2,20
26230,46392,2,27
26231,16161,1,20
26232,54624,1,25
26233,83501,1,22
26234,49340,1,25
26235,82201,1,31
26236,52777,1,19
26237,65779,2,15
26238,72392,1,15
26239,56296,1,25
26240,64874,1,19
26241,20915,1,112
26242,93514,1,17
26243,97874,1,17
26244,38829,1,20
26245,79096,1,26
26246,73933,1,16
26247,26003,7,95
26248,60090,3,55
26249,64688,1,11
26250,41669,1,20
26251,71772,1,16
26252,85616,1,23
26253,44820,3,27
26254,07981,1,39
26255,42437,1,21
26256,28327,1,39
26257,57702,1,18
26258,27891,1,23
26259,55110,2,44
26260,72916,3,26
26261,37187,1,16
26262,76692,1,16
26263,70788,3,36
26264,66872,1,21
26265,36051,2,16
26266,49349,1,24
26267,30528,6,92
26268,12057,1,25
26269,27516,2,31
26270,17856,1,20
26271,79097,1,15
26272,56569,1,15
26273,71602,2,27
26274,36040,1,15
26275,40475,1,35
26276,18661,1,30
26277,37188,3,45
26278,49461,2,21
26279,12786,1,35
26280,48383,3,26
26281,57383,1,27
26282,28337,1,39
26283,27549,1,38
26284,21162,1,90
26285,28472,1,22
26286,42788,1,16
26287,85941,2,41
26288,93512,1,12
26289,28399,1,25
26290,15131,1,45
26291,28555,1,28
26292,37729,1,25
26293,41472,1,13
26294,35646,1,15
26295,36027,1,17
26296,75693,2,51
26297,88301,1,18
26298,49099,1,23
26299,37890,1,25
26300,27030,1,28
26301,10601,6,158
26302,30678,1,17
26303,42464,1,20
26304,36272,2,14
26305,46143,3,127
26306,47394,1,19
26307,47640,1,21
26308,64856,2,26
26309,98672,1,28
26310,88002,4,71
26311,76108,1,16
26312,14456,1,25
26313,32096,1,8
26314,12787,1,56
26315,59645,1,25
26316,24986,1,38
26317,15010,1,19
26318,15632,1,45
26319,57276,1,26
26320,88268,2,20
26321,79379,1,22
26322,04353,3,28
26323,03598,1,24
26324,74472,1,11
26325,29621,1,19
26326,59937,2,47
26327,49768,1,13
26328,49267,1,22
26329,43213,1,40
26330,15236,2,35
26331,18052,6,89
26332,12887,2,65
26333,54773,1,30
26334,62092,1,18
26335,71342,3,12
26336,59759,1,21
26337,74467,1,22
26338,08889,1,35
26339,43571,1,28
26340,75791,1,15
26341,46184,1,30
26342,54247,1,23
26343,65305,1,74
26344,76273,1,31
26345,74577,1,14
26346,13492,1,50
26347,08527,1,11
26348,14897,0,43
26349,42378,1,25
26350,25209,2,24
26351,75979,1,19
26352,95589,1,10
26353,28472,1,24
26354,38075,1,13
26355,53190,1,42
26356,63785,2,18
26357,67154,2,20
26358,45033,3,34
26359,24657,1,22
26360,57793,1,35
26361,30720,12,130
26362,51063,1,20
26363,46394,1,16
26364,66552,1,12
26365,08759,1,27
26366,05342,2,30
26367,42653,1,30
26368,99163,3,51
26369,99170,2,31
26370,99125,2,26
26371,26296,1,18
26372,29178,1,25
26373,29303,1,10
26374,35987,1,20
26375,76692,1,17
26376,48763,1,16
26377,19422,1,37
26378,27377,1,24
26379,50598,1,26
26380,48770,1,20
26381,50269,1,15
26382,99693,1,18
26383,37397,1,14
26384,37397,1,20
26385,85321,1,10
26386,54946,1,13
26387,76301,8,160
26388,67202,22,447
26389,73507,1,25
26390,76310,1,22
26391,85390,1,16
26392,85258,1,29
26393,79788,1,14
26394,42087,1,40
26395,44092,1,35
26396,42087,1,25
26397,36352,1,20
26398,17097,1,35
26399,39577,1,38
26400,80654,3,26
26401,28651,2,30
26402,01095,2,25
26403,72179,3,25
26404,74578,2,47
26405,17888,1,20
26406,68982,2,30
26407,15870,1,30
26408,87827,1,13
26409,77422,1,21
26410,54984,1,35
26411,46076,1,24
26412,41076,2,33
26413,83676,1,17
26414,26678,1,26
26415,79098,1,8
26416,58795,1,27
26417,08260,3,18
26418,08260,1,40
26419,28557,1,47
26420,48610,1,11
26421,77663,1,15
26422,26767,1,25
26423,26581,1,16
26424,18702,1,28
26425,28697,1,22
26426,18701,3,66
26427,28689,1,25
26428,28697,2,35
26429,45695,1,14
26430,15145,3,24
26431,15112,1,42
26432,15235,1,18
26433,15221,2,29
26434,46186,1,21
26435,73159,1,31
26436,97396,2,47
26437,23185,1,60
26438,61874,1,7
26439,84340,1,25
26440,65781,3,22
26441,21874,1,60
26442,85643,2,17
26443,85643,1,18
26444,13863,1,35
26445,19047,2,50
26446,17976,1,30
26447,27028,1,32
26448,73841,1,12
26449,18433,3,30
26450,74932,1,14
26451,50271,1,36
26452,86046,2,20
26453,56686,1,44
26454,47470,1,10
26455,95987,1,35
26456,83467,1,4
26457,97544,1,15
26458,28472,2,32
26459,18042,2,35
26460,29556,23,112
26461,27320,1,33
26462,52361,1,30
26463,40769,1,21
26464,45176,1,37
26465,24991,1,20
26466,47393,1,16
26467,66095,1,12
26468,61489,3,32
26469,78642,1,22
26470,76537,1,18
26471,76527,2,27
26472,37064,7,84
26473,62948,6,64
26474,14589,1,45
26475,25661,1,47
26476,86305,2,43
26477,50272,1,18
26478,17701,1,37
26479,41271,1,22
26480,17754,1,12
26481,21795,1,35
26482,47993,2,20
26483,29697,1,26
26484,27892,1,47
26485,08094,2,60
26486,05679,1,16
26487,01267,1,29
26488,26187,1,35
26489,41097,1,38
26490,13493,1,60
26491,14221,2,56
26492,62693,1,20
26493,29626,1,30
26494,06226,1,29
26495,17754,1,40
26496,14895,1,37
26497,08046,1,38
26498,06279,3,34
26499,40078,1,23
26500,05495,1,24
26501,32696,1,35
26502,38076,1,12
26503,58801,4,80
26504,11596,1,83
26505,58801,1,22
26506,29853,1,29
26507,62997,1,13
26508,56201,1,42
26509,44094,2,65
26510,44094,1,37
26511,58384,1,14
26512,78675,1,32
26513,59760,2,20
26514,95573,1,28
26515,99688,5,13
26516,08318,1,25
26517,19090,2,45
26518,95695,1,33
26519,76087,2,20
26520,54564,1,10
26521,55795,1,11
26522,65793,1,18
26523,60480,1,43
26524,66006,1,13
26525,17584,1,45
26526,73673,1,13
26527,77494,3,90
26528,44095,1,66
26529,95988,1,35
26530,13319,2,50
26531,75169,1,40
26532,12996,2,60
26533,45898,1,17
26534,94952,1,38
26535,75172,1,16
26536,70444,3,27
26537,36587,1,25
26538,15148,1,35
26539,60091,2,44
26540,19801,7,156
26541,05363,1,33
26542,28401,11,209
26543,01887,1,47
26544,45177,2,25
26545,12997,1,26
26546,60481,2,37
26547,19720,2,236
26548,56185,1,23
26549,40390,1,21
26550,71676,1,11
26551,44689,1,18
26552,18846,1,25
26553,57279,1,21
26554,03287,1,25
26555,15658,1,50
26556,59086,1,20
26557,18042,1,25
26558,74437,1,20
26559,74525,1,14
26560,78121,4,24
26561,78114,2,33
26562,37087,12,145
26563,18452,1,38
26564,67490,1,23
26565,27893,5,96
26566,14031,2,33
26567,49707,1,12
26568,14172,1,56
26569,22952,1,24
26570,70789,1,6
26571,55987,1,32
26572,73463,1,15
26573,79381,1,13
26574,27527,2,60
26575,03579,1,24
26576,35186,2,50
26577,69046,2,25
26578,54670,1,25
26579,04294,2,20
26580,06897,2,27
26581,12831,2,72
26582,52778,1,26
26583,95693,4,68
26584,58579,1,53
26585,71865,1,10
26586,78676,4,33
26587,61088,1,36
26588,46996,1,14
26589,16879,1,25
26590,76827,1,6
26591,01475,1,43
26592,78945,1,16
26593,06094,1,18
26594,45697,1,15
26595,22601,4,91
26596,03470,2,55
26597,01890,2,46
26598,71677,2,13
26599,37398,2,25
26600,47394,1,19
26601,40391,3,46
26602,14224,1,60
26603,62694,1,20
26604,54557,1,12
26605,83555,1,10
26606,97415,1,11
26607,53185,2,22
26608,15963,1,25
26609,78239,1,36
26610,35010,2,13
26611,06280,1,30
26612,03087,1,32
26613,04062,4,74
26614,44288,1,47
26615,76389,1,26
26616,56101,1,31
26617,44099,1,26
26618,13865,2,40
26619,27983,1,36
26620,32641,1,12
26621,05089,1,40
26622,61957,2,32
26623,95492,2,14
26624,65360,1,19
26625,50324,1,33
26626,26075,1,30
26627,06096,1,60
26628,48821,1,34
26629,45619,1,14
26630,01270,1,27
26631,06095,5,80
26632,29856,2,22
26633,04363,1,22
26634,80550,3,64
26635,29506,5,46
26636,65783,1,4
26637,21784,1,62
26638,26554,3,30
26639,52659,1,30
26640,35594,1,33
26641,37892,1,15
26642,60190,2,20
26643,67156,1,37
26644,63389,4,46
26645,16023,1,20
26646,25213,2,23
26647,58494,1,25
26648,36483,1,10
26649,28174,1,48
26650,79565,1,10
26651,56592,1,13
26652,42101,1,14
26653,42088,2,46
26654,05340,1,23
26655,59489,1,28
26656,79789,1,25
26657,85292,1,26
26658,71483,14,48
26659,36545,1,15
26660,28479,2,40
26661,56098,1,25
26662,68071,1,17
26663,54986,1,50
26664,89445,2,26
26665,89445,1,25
26666,57580,1,30
26667,60093,1,24
26668,59087,1,27
26669,71483,1,23
26670,77665,1,15
26671,29180,1,25
26672,38967,1,18
26673,55987,2,42
26674,44493,1,27
26675,12550,1,60
26676,46590,1,26
26677,65588,1,8
26678,75792,2,28
26679,05404,1,25
26680,68790,1,25
26681,04901,1,32
26682,86047,1,29
26683,08081,6,108
26684,68072,1,20
26685,61089,1,20
26686,47598,1,14
26687,48755,1,23
26688,06098,4,86
26689,87943,1,10
26690,34787,3,62
26691,04693,1,8
26692,33880,3,68
26693,92283,1,15
26694,32789,3,75
26695,54896,1,21
26696,35160,1,18
26697,22967,2,43
26698,95694,1,34
26699,50273,1,19
26700,43953,1,50
26701,28590,1,37
26702,30683,1,15
26703,50682,1,16
26704,02152,2,34
26705,98862,1,15
26706,04364,1,28
26707,55396,1,26
26708,60096,1,33
26709,71866,1,20
26710,27986,1,28
26711,53587,1,24
26712,50274,1,30
26713,04578,1,21
26714,54494,2,35
26715,14735,1,14
26716,59761,1,20
26717,76023,1,27
26718,76431,1,15
26719,24293,1,50
26720,59762,2,26
26721,58495,1,35
26722,68791,1,40
26723,19002,2,70
26724,74966,1,20
26725,17602,1,50
26726,62094,1,30
26727,54499,1,17
26728,28681,1,27
26729,72776,1,19
26730,72686,2,14
26731,48393,2,54
26732,01801,5,80
26733,50484,1,18
26734,68882,1,40
26735,47995,1,16
26736,05680,1,19
26737,14001,1,38
26738,41339,1,18
26739,59648,3,15
26740,63640,1,28
26741,97497,1,6
26742,35128,2,12
26743,28906,1,23
26744,56593,1,21
26745,59201,1,30
26746,54491,1,16
26747,28906,1,18
26748,75496,1,30
26749,41301,1,30
26750,03894,2,23
26751,79382,1,61
26752,43912,1,27
26753,58385,1,23
26754,57384,1,20
26755,49799,1,18
26756,56594,1,14
26757,19567,1,38
26758,99615,1,16
26759,60097,2,44
26760,53968,1,26
26761,60191,2,26
26762,64024,1,15
26763,56297,1,20
26764,69221,1,30
26765,68883,1,10
26766,57585,1,14
26767,74465,2,20
26768,51579,1,23
26769,40771,3,48
26770,08270,1,20
26771,12788,1,1
26772,07095,1,44
26773,06525,1,45
26774,95258,4,44
26775,49239,1,18
26776,46797,1,32
26777,97071,4,36
26778,42170,2,200
26779,06798,2,42
26780,55125,3,50
26781,08096,2,41
26782,10930,2,55
26783,08097,1,23
26784,37190,1,12
26785,05681,2,9
26786,07677,1,40
26787,73044,1,0
26788,28804,1,32
26789,40383,5,53
26790,53599,1,18
26791,73401,1,15
26792,96120,1,25
26793,13494,1,22
26794,48183,2,30
26795,14898,1,30
26796,98072,3,52
26797,93286,1,25
26798,95358,2,15
26799,95695,4,45
26800,98674,2,38
26801,60974,1,18
26802,72002,2,18
26803,48897,1,19
26804,08019,2,19
26805,31836,1,8
26806,27897,1,35
26807,70722,1,15
26808,39751,2,18
26809,36280,1,12
26810,18104,1,40
26811,45215,1,52
26812,62898,1,17
26813,38380,1,14
26814,21207,1,45
26815,71665,3,25
26816,41071,1,15
26817,28752,1,31
26818,27054,1,27
26819,08107,1,25
26820,80919,1,15
26821,44122,1,24
26822,11598,1,123
26823,77369,1,14
26824,07075,1,40
26825,79423,1,25
26826,54568,1,24
26827,84086,1,7
26828,85942,1,1
26829,78393,1,28
26830,43793,1,31
26831,94028,3,45
26832,30188,2,51
26833,03262,2,19
26834,04219,1,14
26835,42567,2,25
26836,05091,3,38
26837,12498,5,130
26838,22664,1,42
26839,60098,4,82
26840,06281,1,35
26841,35188,1,0
26842,03785,1,21
26843,43469,1,54
26844,35776,1,15
26845,75979,1,28
26846,73801,2,41
26847,17744,1,18
26848,76712,1,39
26849,71485,2,30
26850,58496,1,25
26851,17779,1,19
26852,50599,1,25
26853,08085,2,38
26854,04579,2,29
26855,24185,1,30
26856,02895,5,104
26857,44691,3,46
26858,44691,1,43
26859,41776,1,24
26860,01605,10,401
26861,12197,1,40
26862,05682,1,16
26863,19490,1,40
26864,62097,1,23
26865,59088,3,30
26866,82401,2,29
26867,83876,6,22
26868,31791,14,100
26869,64456,1,20
26870,60482,1,13
26871,76693,2,33
26872,57077,1,25
26873,52078,1,25
26874,56187,1,36
26875,41183,1,27
26876,40059,3,51
26877,47471,1,15
26878,01098,1,32
26879,44822,1,35
26880,26591,1,46
26881,16262,1,35
26882,41098,1,17
26883,99929,2,36
26884,80758,1,35
26885,45899,1,16
26886,29673,1,25
26887,39730,1,25
26888,30833,1,30
26889,55797,1,22
26890,02093,2,27
26891,63390,3,24
26892,74766,1,15
26893,47438,1,16
26894,18707,1,30
26895,55726,3,28
26896,72046,3,12
26897,49534,2,28
26898,49288,1,22
26899,14094,3,42
26900,54180,1,24
26901,08562,1,25
26902,72183,1,10
26903,28480,1,37
26904,31096,1,28
26905,17368,1,22
26906,16340,1,12
26907,41144,1,40
26908,12790,2,52
26909,97031,2,53
26910,63474,1,14
26911,18853,1,25
26912,11798,2,80
26913,44849,1,28
26914,48192,2,28
26915,74370,1,15
26916,61379,1,24
26917,63882,1,12
26918,07481,3,100
26919,75098,3,49
26920,68466,1,31
26921,12198,1,80
26922,58081,1,28
26923,19038,1,42
26924,72396,1,22
26925,73098,1,20
26926,74084,1,11
26927,68792,1,29
26928,53969,1,18
26929,82009,1,31
26930,61491,2,36
26931,24874,1,30
26932,49509,4,56
26933,45215,1,46
26934,55092,1,30
26935,14591,2,35
26936,18644,1,35
26937,52362,1,25
26938,18644,1,90
26939,19610,1,12
26940,28526,1,40
26941,24382,1,15
26942,45385,2,42
26943,45385,2,64
26944,72926,1,15
26945,97498,3,10
26946,28645,1,30
26947,27055,1,54
26948,98923,2,14
26949,98935,4,12
26950,98908,2,31
26951,98937,1,27
26952,98908,4,101
26953,98937,3,23
26954,98953,15,203
26955,99689,1,20
26956,50277,1,15
26957,74085,2,19
26958,48097,1,17
26959,62481,1,20
26960,97148,1,35
26961,80483,2,23
26962,81639,1,12
26963,78886,1,12
26964,71855,1,10
26965,27320,1,29
26966,34498,1,17
26967,47630,2,26
26968,57078,3,47
26969,06360,1,58
26970,75497,1,25
26971,11980,1,100
26972,36558,1,12
26973,19067,2,50
26974,52660,1,6
26975,02664,3,80
26976,04096,2,62
26977,85362,1,39
26978,66783,1,19
26979,49642,1,14
26980,31097,1,8
26981,28465,1,30
26982,39194,2,28
26983,19050,1,60
26984,74848,1,15
26985,64676,1,12
26986,30107,1,12
26987,59758,1,3
26988,82190,6,61
26989,72687,1,19
26990,42355,1,24
26991,29945,1,34
26992,35130,1,12
26993,92398,1,15
26994,77995,1,36
26995,95606,1,32
26996,40828,1,28
26997,82244,1,20
26998,17313,1,32
26999,95697,1,23
27000,10701,14,450
27001,17402,5,40
27002,03909,1,34
27003,60148,1,63
27004,17401,4,99
27005,29730,1,600
27006,04002,1,21
27007,03909,1,59
27008,29745,1,18
27009,68467,1,35
27010,17372,1,20
27011,17402,1,36
27012,45764,1,18
27013,44663,1,28
27014,64672,1,10
27015,59602,2,16
27016,14592,1,30
27017,17371,1,25
27018,14173,1,40
27019,20111,1,60
27020,51656,1,13
27021,47396,1,34
27022,78164,2,34
27023,10598,2,70
27024,13495,1,40
27025,43971,1,15
27026,30582,1,15
27027,15717,1,49
27028,44502,7,117
27029,14174,1,50
27030,15696,1,45
27031,12791,1,35
27032,70592,2,19
27033,16371,1,45
27034,27596,3,65
27035,15697,1,52
27036,48198,3,26
27037,96097,1,31
27038,95991,5,52
27039,54634,1,21
27040,74741,2,20
27041,86438,2,10
27042,73099,2,42
27043,15698,1,35
27044,12792,1,40
27045,85364,6,106
27046,85364,6,83
27047,80759,1,38
27048,68073,1,36
27049,70791,2,48
27050,45698,1,22
27051,63787,1,20
27052,95698,1,14
27053,43701,3,54
27054,58580,1,20
27055,78076,3,36
27056,75980,1,22
27057,95018,3,21
27058,50278,1,18
27059,27597,1,41
27060,49464,3,32
27061,58581,1,25
27062,49464,2,33
27063,62999,1,18
27064,63670,1,18
27065,74346,2,38
27066,67159,1,23
27067,76890,1,25
27068,87053,1,6
27069,98953,1,33
27070,48604,1,15
27071,55398,1,30
27072,72601,1,14
27073,74070,1,5
27074,60099,2,38
27075,84767,1,14
27076,42419,1,25
27077,35466,1,14
27078,72573,1,19
27079,46077,2,99
27080,28698,1,35
27081,35634,1,25
27082,44697,1,14
27083,40165,2,40
27084,55991,1,23
27085,55992,1,30
27086,87327,2,26
