Id,ZipCode,Longitude,Latitude,FullTimeOfficers,PartTimeOfficers,TotalActiveOfficers
1,30141,-84.7609023,33.8757803,15,0,15
2,30427,-81.9304947,31.9352836,8,3,11
3,71369,-91.8106312,30.9864994,7,3,10
4,71024,-93.2388508,32.5412036,1,0,1
5,48759,-83.4532706,43.732038,3,14,17
6,48933,-84.553552,42.7323296,8,0,8
7,48836,-84.07282337,42.65930991,6,4,10
8,48846,-85.0579943,42.9818583,17,3,20
9,41164,-83.1850506,38.2948271,5,3,8
10,48722,-83.880202,43.3556742,9,0,9
11,49913,-88.4533635,47.2477895,1,4,5
12,41179,-83.3151205,38.6001616,6,0,6
13,48730,-83.5003306,44.2794883,6,0,6
14,42064,-88.0817685,37.3325959,3,0,3
15,49503,-85.6685339,42.9635764,319,0,319
16,48843,-83.9235697,42.6046069,19,3,22
17,47130,-85.6526469,38.336883,2,1,3
18,48179,-83.271672,42.0621987,4,2,6
19,41051,-84.54538844,38.91040442,36,0,36
20,20784,-76.8653193,38.964726,12,0,12
21,41011,-84.533327,39.0714884,6,0,6
22,20715,-76.7412073,38.9615384,45,0,45
23,48062,-82.7473128,42.8102679,9,6,15
24,40360,-83.7704992,38.1437649,5,0,5
25,21863,-75.3947277,38.176964,8,0,8
26,42743,-85.50191164,37.26238875,7,1,8
27,42041,-88.87626522,36.51139092,10,1,11
28,46901,-86.12955982,40.4861171,100,0,100
29,46016,-85.67663705,40.10847241,51,0,51
30,04412,-68.76089197,44.78047882,21,2,23
31,48076,-83.2213592,42.4914663,7,6,13
32,46016,-85.6777813,40.1056722,117,0,117
33,66436,-95.74712292,39.46129893,15,1,16
34,04685,-68.4515113,44.1544995,1,3,4
35,04578,-69.66961571,44.00471194,28,10,38
36,04609,-68.20586139,44.38822367,9,10,19
37,48393,-83.5326935,42.5237619,20,0,20
38,48178,-83.654103,42.4612074,18,0,18
39,04736,-68.011034,46.8603632,14,6,20
40,40456,-84.34029459,37.35447076,8,0,8
41,48811,-84.8455008,43.1772728,2,2,4
42,48838,-85.2535944,43.1767861,17,0,17
43,04092,-70.3538771,43.6792267,35,0,35
44,04107,-70.2277168,43.5944397,13,0,13
45,42220,-87.15364379,36.80985186,7,0,7
46,49945,-88.4088817,47.1921588,1,2,3
47,42701,-85.85804962,37.69297396,33,2,35
48,95076,-121.7538566,36.9086228,64,0,64
49,95337,-121.2320699,37.79977787,76,0,76
50,95437,-123.8038551,39.432339,17,0,17
51,50677,-92.4659972,42.7265317,11,0,11
52,50616,-92.6773145,43.0660516,14,1,15
53,51058,-95.5000062,42.9708156,1,0,1
54,50575,-94.684426,42.5505752,1,0,1
55,52801,-90.5791999,41.5238493,44,31,75
56,52501,-92.4154976,41.0205876,36,0,36
57,50216,-94.3580652,41.6932485,3,1,4
58,50213,-93.7632505,41.0446811,9,0,9
59,52069,-90.3942255,42.0504612,1,2,3
60,52742,-90.53935621,41.82431974,10,2,12
61,52001,-90.66547654,42.50159719,100,0,100
62,52031,-90.4258079,42.25832097,5,3,8
63,52641,-91.5562984,40.966552,14,0,14
64,52404,-91.6756665,41.9748922,104,0,104
65,52339,-92.5801805,41.9626027,5,1,6
66,50833,-94.7199398,40.667769,3,0,3
67,50530,-94.0712385,42.2608782,1,1,2
68,50325,-93.7347051,41.6079464,24,0,24
69,52738,-91.36203878,41.27927848,4,0,4
70,52761,-91.0454616,41.4248617,39,0,39
71,50421,-93.6139441,42.8466173,5,0,5
72,52753,-90.3441956,41.5954062,7,2,9
73,50456,-93.2013315,43.28426,3,0,3
74,51501,-95.8526086,41.2572908,105,0,105
75,06340,-72.0100211,41.312483,6,4,10
76,33160,-80.12155825,25.94258256,45,0,45
77,80623,-104.7772722,40.2834101,3,0,3
78,70390,-91.0243248,29.941116,50,2,52
79,70806,-91.10567249,30.44958116,1215,0,1215
80,91710,-117.6909289,34.0126094,96,7,103
81,92054,-117.3286833,33.225881,210,0,210
82,93561,-118.6256762,35.08306186,3,1,4
83,93301,-119.0205769,35.3731275,348,0,348
84,94704,-122.2732455,37.8702149,186,0,186
85,94014,-122.4583602,37.6771528,18,0,18
86,93638,-120.0550049,36.9605186,60,0,60
87,51537,-95.3198284,41.6565636,8,0,8
88,52577,-92.6428862,41.29503062,17,0,17
89,50311,-93.708148,41.599167,13,0,13
90,51458,-95.2524959,42.3123047,1,0,1
91,52801,-90.57757527,41.52396009,166,0,166
92,50010,-93.6174414,42.0263818,51,0,51
93,50436,-93.6362309,43.2678692,9,3,12
94,51355,-95.1311303,43.3803518,4,0,4
95,50228,-93.23423357,41.59822466,3,3,6
96,52052,-91.09647854,42.78144541,4,2,6
97,50319,-93.60734835,41.58827331,669,0,669
98,61369,-89.13445362,41.00125546,1,4,5
99,62401,-88.6212405,39.124842,0,7,7
100,67730,-101.0396243,39.80822763,3,0,3
101,66547,-96.30622229,39.20155743,8,8,16
102,46311,-87.5222415,41.4922833,26,0,26
103,46307,-87.362858,41.4186024,40,0,40
104,83617,-116.494165,43.8753239,13,0,13
105,46773,-84.8693258,40.9743407,1,0,1
106,42023,-89.0114097,36.8717126,1,1,2
107,46321,-87.50388589,41.56238033,39,0,39
108,46356,-87.40799904,41.29086372,14,0,14
109,66087,-95.09084473,39.78642482,1,0,1
110,67548,-99.30987126,38.53403785,3,0,3
111,67151,-97.25654631,38.11810292,1,0,1
112,47220,-86.0362864,38.8744699,14,0,14
113,21716,-77.62576187,39.31304968,8,0,8
114,61491,-89.76857222,41.06143311,2,3,5
115,67756,-101.7995362,39.77455485,4,3,7
116,41749,-83.3742481,37.16194849,3,0,3
117,67557,-98.9681797,37.9582275,1,1,2
118,66901,-97.66497267,39.5718282,11,0,11
119,67839,-100.4652113,38.48138519,5,1,6
120,66748,-95.43719326,37.81098151,6,0,6
121,83543,-116.2409084,46.2333134,6,0,6
122,83422,-111.1105891,43.7242182,6,0,6
123,49021,-85.0183243,42.4450573,2,4,6
124,48604,-83.9204534,43.4790673,2,0,2
125,48623,-84.1189987,43.5237056,5,8,13
126,83650,-116.5510113,43.2168885,18,0,18
127,48758,-83.67536866,43.40892065,1,0,1
128,62612,-90.00671234,39.88894801,1,3,4
129,20650,-76.62884741,38.30456626,120,0,120
130,49251,-84.43102968,42.45029405,3,2,5
131,48609,-84.0754506,43.4186328,7,0,7
132,60453,-87.7538397,41.7205766,106,0,106
133,62017,-89.3908362,39.0905236,1,0,1
134,83254,-111.3020029,42.3180308,5,1,6
135,62546,-89.45505034,39.41994775,1,4,5
136,83226,-114.2307778,44.5049624,8,0,8
137,46124,-85.9681387,39.3529001,10,0,10
138,47424,-86.9283571,39.0244697,14,0,14
139,47112,-86.12753156,38.21100659,7,0,7
140,46030,-86.0236532,40.1760086,4,0,4
141,61953,-88.29122679,39.79104832,13,4,17
142,83263,-111.8780961,42.0958564,10,0,10
143,83852,-116.5470362,48.3046016,6,0,6
144,83263,-111.8784378,42.0965277,6,0,6
145,47025,-84.8509589,39.0910259,29,0,29
146,61102,-89.1000575,42.2725417,142,30,172
147,61462,-90.6491129,40.9129262,14,4,18
148,48420,-83.7402461,43.1768884,5,4,9
149,42211,-87.83677866,36.86302725,9,0,9
150,47448,-86.2437432,39.2016254,13,11,24
151,49935,-88.63930817,46.09178301,7,0,7
152,49341,-85.5587864,43.1196111,10,4,14
153,49345,-85.7164927,43.1603398,5,7,12
154,42206,-86.70953075,36.86318275,2,0,2
155,40361,-84.24990077,38.21315903,5,0,5
156,41073,-84.47868106,39.10623219,9,0,9
157,67526,-98.58415723,38.35453316,5,2,7
158,67456,-97.67313073,38.57321705,6,0,6
159,42754,-86.2935918,37.4790474,13,1,14
160,42721,-86.48580273,37.4243693,1,0,1
161,67665,-98.8565123,38.89332231,8,1,9
162,67460,-97.6841505,38.3730374,27,1,28
163,42064,-88.082055,37.331364,6,0,6
164,41015,-84.4985228,39.0157961,10,0,10
165,42726,-86.2222785,37.49490255,1,0,1
166,41501,-82.51863354,37.48075071,21,0,21
167,66202,-94.69,39.0176903,28,0,28
168,40403,-84.294499,37.569845,30,0,30
169,67133,-97.1364276,37.5771843,9,0,9
170,66219,-94.7814153,38.9856611,18,0,18
171,67801,-100.0175459,37.7547591,49,0,49
172,67019,-96.7536778,37.3151704,1,3,4
173,42261,-86.68957303,37.22155772,6,2,8
174,42262,-87.433003,36.64119,14,0,14
175,40155,-85.99201208,37.93814261,3,0,3
176,41472,-83.256204,37.9209485,3,0,3
177,42167,-85.69220734,36.70075412,2,0,2
178,21842,-75.0672419,38.3882608,107,17,124
179,40165,-85.71610959,37.98806324,40,3,43
180,42728,-85.30606668,37.1028062,6,0,6
181,04543,-69.51890748,44.03372624,5,10,15
182,04401,-68.7729057,44.7971333,75,0,75
183,46017,-85.59950891,40.11292736,6,1,7
184,48381,-83.5880265,42.5867308,19,0,19
185,67736,-100.4881664,38.95817927,4,0,4
186,48084,-83.1555044,42.5640507,129,0,129
187,48375,-83.4853556,42.4648495,70,0,70
188,48416,-82.98770211,43.21175087,2,0,2
189,48471,-82.8308571,43.4193697,5,3,8
190,04769,-68.0078071,46.6887592,19,0,19
191,04101,-70.2521783,43.6593439,159,0,159
192,04038,-70.429225,43.684916,23,0,23
193,48117,-83.39168852,42.05900444,3,8,11
194,48618,-84.58751857,43.75718285,1,5,6
195,49329,-85.4687623,43.3959999,2,1,3
196,48850,-85.2786904,43.4429578,2,3,5
197,49441,-86.2631587,43.1648485,28,0,28
198,49441,-86.2652924,43.2006649,6,5,11
199,48413,-82.997177,43.8018783,9,7,16
200,49001,-85.5816258,42.27968,244,0,244
201,40440,-84.794267,37.5862016,3,1,4
202,48849,-85.1384947,42.7808706,4,4,8
203,40472,-83.9538579,37.6850476,2,0,2
204,48457,-83.8934248,43.166519,8,0,8
205,62919,-88.1665069,37.4681209,1,1,2
206,42348,-86.75214175,37.90303568,1,0,1
207,40336,-83.97636812,37.70086271,6,1,7
208,40222,-85.6143994,38.2713443,2,4,6
209,49201,-84.4229063,42.2915235,28,0,28
210,49284,-84.6969721,42.37863394,2,3,5
211,49004,-85.5708173,42.3202471,3,6,9
212,41076,-84.42843955,39.01890791,12,0,12
213,67107,-97.5193459,38.2012866,3,2,5
214,41074,-84.4734676,39.1124093,7,0,7
215,48161,-83.39783382,41.91368626,40,0,40
216,41144,-82.8316097,38.5740983,3,0,3
217,41139,-82.72463275,38.51527777,10,0,10
218,42437,-87.91650782,37.68346008,7,1,8
219,42437,-87.9173588,37.6837859,7,0,7
220,66441,-96.7972772,39.0316362,6,2,8
221,66603,-95.6703397,39.0549283,112,0,112
222,41056,-83.76113954,38.64560731,23,1,24
223,40065,-85.2130369,38.21093969,23,0,23
224,42602,-85.13548276,36.69057164,5,1,6
225,40484,-84.65989804,37.52997885,9,0,9
226,49855,-87.3548265,46.4910047,4,3,7
227,40769,-84.16096381,36.74154323,12,0,12
228,40175,-85.98454148,37.8097937,6,3,9
229,41046,-84.82286226,38.71635107,1,0,1
230,20850,-77.151639,39.0817924,57,0,57
231,04937,-69.5950394,44.58571344,12,6,18
232,04930,-69.29003308,45.02453453,6,5,11
233,42459,-87.9848395,37.54651093,4,0,4
234,48383,-83.5116601,42.6497777,27,0,27
235,04730,-67.8291269,46.1243541,14,6,20
236,48422,-82.62090761,43.27579725,6,0,6
237,04330,-69.7778205,44.3133958,22,9,31
238,04444,-68.84752495,44.7460709,11,3,14
239,42171,-86.20838703,37.05050716,1,0,1
240,47670,-87.56723005,38.35742285,17,2,19
241,48829,-85.0340255,43.4067394,0,3,3
242,66075,-94.7132836,38.1684231,3,0,3
243,40437,-84.81656814,37.47162777,1,0,1
244,40312,-83.92285502,37.86135516,2,0,2
245,48069,-83.1423824,42.4708336,6,1,7
246,48302,-83.281576,42.5780306,75,0,75
247,01073,-72.7288633,42.228844,7,12,19
248,50525,-93.7349429,42.7264494,8,3,11
249,96130,-120.6488793,40.4255349,31,0,31
250,94063,-122.2307306,37.4881227,334,0,334
251,93906,-121.6307325,36.7011,315,0,315
252,02743,-70.90860735,41.68289871,17,8,25
253,01730,-71.28283272,42.49275049,28,0,28
254,06269,-72.2605092,41.8097252,48,4,52
255,32303,-84.27903658,30.45830315,364,40,404
256,70776,-91.07885537,30.25931736,10,3,13
257,52242,-91.53588137,41.65885854,33,0,33
258,50003,-94.02027493,41.61698738,8,0,8
259,50020,-94.76522771,41.44470311,1,0,1
260,85706,-110.9376073,32.1204188,22,1,23
261,34243,-82.55180325,27.38712242,12,0,12
262,30080,-84.516843,33.88395871,1,2,3
263,30083,-84.23440631,33.78993829,4,0,4
264,30083,-84.19775306,33.79851682,83,0,83
265,93110,-119.777112,34.4450249,0,0,0
266,71019,-93.22184429,32.09460514,1,4,5
267,06708,-73.07299409,41.54979584,5,0,5
268,72455,-90.95110355,36.23977539,7,0,7
269,32118,-81.00354424,29.21875833,60,0,60
270,80045,-104.8425436,39.7461551,27,0,27
271,71115,-93.7062375,32.4268251,10,0,10
272,92019,-116.8282172,32.78856243,12,0,12
273,95449,-123.0592791,38.98014304,6,0,6
274,93012,-119.0429955,34.1631106,14,0,14
275,50109,-93.820601,41.760249,2,3,5
276,51004,-95.86500611,42.38851031,1,1,2
277,30563,-83.49589695,34.55741325,2,2,4
278,31907,-84.86855959,32.49017931,3,0,3
279,47631,-87.9339642,38.1299479,1,3,4
280,61025,-90.64361616,42.49288721,7,7,14
281,60914,-87.8882127,41.15932195,22,0,22
282,67758,-101.7523604,38.89793836,2,5,7
283,04861,-69.1956517,44.077225,0,0,0
284,67335,-95.55273287,37.26852162,5,2,7
285,19720,-75.5492723,39.6959542,50,0,50
286,49855,-87.4069497,46.5667387,22,0,22
287,40351,-83.42987183,38.18867719,16,0,16
288,19904,-75.557937,39.0899223,0,0,0
289,66112,-94.7485272,39.1221869,9,22,31
290,61265,-90.4512004,41.4770909,9,8,17
291,21216,-76.6587321,39.3109584,20,0,20
292,20715,-76.75857485,39.02097102,14,0,14
293,61231,-90.7488879,41.2022289,7,1,8
294,60473,-87.6188674,41.6064344,10,4,14
295,60402,-87.7870019,41.8211424,16,0,16
296,60010,-88.1481019,42.2331882,0,14,14
297,60010,-88.2047164,42.2417114,1,5,6
298,62088,-89.78937035,39.01160522,7,10,17
299,60425,-87.6135379,41.5450142,20,2,22
300,62801,-89.13375728,38.52556184,27,0,27
301,60031,-87.9154071,42.3612155,63,0,63
302,61064,-89.57723387,41.9858915,3,10,13
303,30901,-81.9600455,33.4660608,449,0,449
304,30523,-83.5336409,34.6111549,32,5,37
305,31901,-84.99153912,32.46348582,228,35,263
306,31032,-83.5321128,33.0054399,43,0,43
307,31305,-81.45772075,31.41257889,42,0,42
308,30116,-85.0463783,33.5686653,99,3,102
309,39866,-84.5992923,31.5383145,6,0,6
310,30523,-83.52522732,34.61709225,1,1,2
311,31036,-83.4690214,32.2829906,12,2,14
312,30810,-82.5945967,33.2331133,2,3,5
313,30601,-83.3746121,33.9600973,128,0,128
314,31620,-83.4380066,31.1250772,22,0,22
315,39823,-84.9266658,31.3650434,26,0,26
316,30233,-83.9464211,33.2944581,39,0,39
317,31001,-83.30583617,31.99266182,8,1,9
318,30032,-84.2445268,33.7757445,325,2,327
319,31021,-82.9224043,32.4966938,61,0,61
320,31569,-81.7211705,30.9673947,47,0,47
321,30547,-83.4715006,34.3139451,31,0,31
322,31201,-83.6373152,32.8291853,290,0,290
323,30143,-84.447933,34.454123,47,1,48
324,31520,-81.496337,31.1539805,32,9,41
325,31794,-83.5177283,31.4545567,59,1,60
326,30286,-84.3401909,32.9378897,33,1,34
327,30824,-82.48250895,33.4566362,16,0,16
328,31006,-84.2367767,32.5575991,10,1,11
329,30113,-85.1804401,33.80180148,38,0,38
330,30501,-83.8250711,34.2950358,257,2,259
331,30582,-83.8288484,34.9841155,18,0,18
332,50574,-94.6688672,42.7371938,7,0,7
333,52537,-92.4159599,40.7508701,5,0,5
334,50213,-93.7845819,41.0702677,0,0,0
335,34221,-82.5778288,27.5209612,37,6,43
336,33823,-81.7892065,28.0640409,35,35,70
337,33851,-81.6215802,28.0426474,6,1,7
338,32096,-82.75925313,30.33602772,3,4,7
339,33852,-81.3642654,27.2974139,8,6,14
340,33881,-81.7273188,28.0350644,79,4,83
341,33432,-80.0889744,26.3517749,188,0,188
342,32344,-83.87124484,30.5446217,9,4,13
343,33410,-80.104468,26.8334419,114,0,114
344,34217,-82.6980745,27.4680932,10,0,10
345,34205,-82.5726551,27.4985619,122,0,122
346,33770,-82.7764642,27.9202407,140,0,140
347,32431,-85.37618571,30.79569963,3,2,5
348,33521,-82.06936849,28.80097549,2,1,3
349,32963,-80.372953,27.6917717,20,4,24
350,32433,-86.1146769,30.7217516,19,0,19
351,32320,-84.989753,29.723243,7,0,7
352,50319,-93.6010542,41.5912174,0,0,0
353,33844,-81.6406111,28.1145021,44,0,44
354,30236,-84.3470011,33.5386169,336,0,336
355,30145,-84.9479123,34.2355742,3,3,6
356,70775,-91.38630845,30.77501863,50,35,85
357,71342,-92.1323946,31.6855421,42,4,46
358,71282,-91.18739083,32.40826227,123,19,142
359,70112,-90.0761877,29.9513572,50,0,50
360,71241,-92.4049143,32.7736691,30,0,30
361,52501,-92.38204485,41.01019334,0,0,0
362,70615,-93.141241,30.2270933,592,0,592
363,70560,-91.8210459,30.0044889,242,7,249
364,71351,-92.0666496,31.1153684,159,166,325
365,70586,-92.2793721,30.6884346,20,9,29
366,70068,-90.4996587,30.0722426,150,0,150
367,70802,-91.18717256,30.44685273,359,486,845
368,71446,-93.26042106,31.14223658,64,5,69
369,71001,-92.92540937,32.54715771,31,5,36
370,51012,-95.5586549,42.775727,0,0,0
371,96120,-119.7792261,38.6941816,12,0,12
372,02339,-70.82393583,42.11394385,29,12,41
373,01077,-72.76838195,42.05380931,16,13,29
374,01520,-71.8741496,42.355113,23,5,28
375,01420,-71.79989852,42.58361368,79,0,79
376,01504,-71.5334757,42.0174372,16,0,16
377,01908,-70.9261321,42.4276299,12,15,27
378,01949,-71.02062615,42.59876905,13,15,28
379,01982,-70.87148758,42.61243726,15,10,25
380,02120,-71.0903975,42.3342883,2181,0,2181
381,02721,-71.14408245,41.6968181,237,0,237
382,01036,-72.4138993,42.064472,10,12,22
383,01826,-71.290587,42.67285,40,0,40
384,02653,-69.9876303,41.7813272,22,4,26
385,02666,-70.0741936,42.0220345,10,0,10
386,02330,-70.7682045,41.8884832,16,1,17
387,02642,-69.9732412,41.831258,15,8,23
388,01944,-70.77234719,42.57488906,14,10,24
389,71454,-92.8902139,31.6661651,0,3,3
390,70525,-92.2177736,30.40672925,18,3,21
391,70710,-91.2602216,30.3557254,8,8,16
392,71355,-91.9779262,31.0349684,2,7,9
393,70357,-90.2698151,29.3936046,3,2,5
394,70555,-92.1258867,30.1048481,5,0,5
395,70518,-91.9603854,30.1465955,23,0,23
396,70737,-90.91287779,30.23232802,34,1,35
397,70668,-93.5810752,30.1922963,12,0,12
398,70053,-90.05862484,29.91782178,93,7,100
399,70532,-92.6983105,30.4815448,8,2,10
400,71465,-92.24119249,31.90331249,4,1,5
401,70584,-92.10981255,30.34479948,1,1,2
402,70648,-92.84991935,30.48545092,17,0,17
403,71226,-92.45212811,32.30660572,1,1,2
404,70785,-90.8678648,30.4895988,17,7,24
405,71223,-91.6737133,32.9212041,1,2,3
406,71433,-92.5794246,30.9906252,1,2,3
407,70301,-90.8203768,29.7839746,52,0,52
408,70433,-90.09570619,30.47921857,40,0,40
409,70760,-91.4349004,30.6928751,22,6,28
410,70748,-91.21624894,30.83717634,5,19,24
411,70714,-91.16493845,30.58946338,37,0,37
412,70438,-90.15696734,30.85334676,16,0,16
413,70380,-91.1879712,29.6945684,56,0,56
414,70759,-91.59377946,30.73698896,0,3,3
415,71446,-93.2642785,31.14351754,28,2,30
416,70722,-91.01876476,30.86495545,7,9,16
417,70426,-89.81135876,30.96553598,1,3,4
418,70733,-90.79855221,30.29932742,1,0,1
419,90241,-118.1286485,33.941051,109,0,109
420,95685,-120.8023287,38.3922259,6,2,8
421,93257,-119.0178416,36.0718381,60,0,60
422,92225,-114.5979467,33.6125132,26,0,26
423,90623,-118.0367548,33.8490973,24,4,28
424,91910,-117.0828943,32.6399533,244,0,244
425,92324,-117.3226157,34.0714371,71,0,71
426,90720,-118.0764936,33.8035622,21,0,21
427,92501,-117.3749564,33.978053,385,0,385
428,92262,-116.5122634,33.82113,93,2,95
429,95020,-121.5735031,37.0040985,60,0,60
430,93561,-118.4463891,35.1309994,13,0,13
431,94517,-121.9372641,37.942414,11,0,11
432,94027,-122.197741,37.46348342,20,5,25
433,93927,-121.2442352,36.3212936,14,0,14
434,93933,-121.8029188,36.68277,30,0,30
435,94559,-122.2902081,38.2967623,72,0,72
436,93950,-121.9189488,36.6191708,20,0,20
437,94063,-122.2208234,37.4931562,96,0,96
438,95035,-121.910219,37.4491019,86,0,86
439,90401,-118.490803,34.0122584,205,0,205
440,95376,-121.4189237,37.7390329,90,0,90
441,90247,-118.3074785,33.8832987,91,0,91
442,93648,-119.5463185,36.6078056,15,2,17
443,90301,-118.3548205,33.9631022,187,0,187
444,90201,-118.1884445,33.979228,28,0,28
445,95340,-120.4821421,37.3073639,105,6,111
446,93203,-118.8327569,35.2101976,15,0,15
447,93635,-120.8500572,37.0609285,48,0,48
448,93210,-120.3618728,36.1394203,18,2,20
449,52572,-92.676755,40.6844685,1,0,1
450,50028,-93.15121741,41.82648545,2,0,2
451,50115,-94.50660191,41.67760988,2,0,2
452,50171,-92.526394,41.573611,11,2,13
453,50659,-92.31587068,43.06074265,8,0,8
454,50627,-93.0975138,42.360056,10,6,16
455,86401,-114.0646436,35.1897182,92,0,92
456,85938,-109.281292,34.1323969,8,0,8
457,85653,-111.2112346,32.4473931,74,0,74
458,85349,-114.7753205,32.49869711,30,0,30
459,85635,-110.2732756,31.5640741,60,0,60
460,85344,-114.3036771,34.14611718,11,3,14
461,86434,-113.4214383,35.53714379,16,0,16
462,32446,-85.2615554,30.7849287,61,2,63
463,32504,-87.2005566,30.482218,12,2,14
464,32351,-84.5712146,30.5872618,48,2,50
465,33870,-81.43594214,27.49357303,130,14,144
466,32321,-84.9799951,30.4322277,13,1,14
467,32177,-81.6618392,29.6683619,114,0,114
468,33311,-80.17741215,26.12466162,1624,0,1624
469,32344,-83.8814302,30.502963,20,0,20
470,81054,-103.2181955,38.0790655,8,2,10
471,91206,-118.2492172,34.1471177,264,0,264
472,90503,-118.3422962,33.8398502,235,0,235
473,94544,-122.0969078,37.6575335,185,0,185
474,90602,-118.0345724,33.97492271,127,0,127
475,94928,-122.7030784,38.3492865,78,0,78
476,94931,-122.7091999,38.3230595,12,0,12
477,91750,-117.771255,34.1010902,46,0,46
478,93622,-120.4558377,36.8595467,12,3,15
479,90201,-118.1499108,33.9676429,51,0,51
480,85239,-112.0585371,33.02808089,12,0,12
481,51652,-95.6450527,40.74771612,7,0,7
482,52072,-91.35668064,42.89081827,12,0,12
483,50703,-92.3339002,42.4976269,98,0,98
484,50461,-92.8132566,43.2827157,6,0,6
485,50854,-94.2382195,40.7143012,7,0,7
486,52205,-91.2898754,42.1091723,10,0,10
487,51040,-96.0926555,42.0275952,7,0,7
488,80918,-104.8029983,38.89240461,14,0,14
489,80204,-105.0092523,39.7417702,26,0,26
490,80112,-104.8377581,39.579896,407,1,408
491,80117,-104.4640404,39.3420768,28,0,28
492,80751,-103.1786796,40.6220946,24,2,26
493,80401,-105.2019249,39.7303381,537,7,544
494,81303,-107.8783637,37.2471879,90,0,90
495,80758,-102.2203672,40.078615,8,0,8
496,80487,-106.8608489,40.5019718,22,0,22
497,30630,-83.12144472,33.89478175,19,0,19
498,31030,-83.8771183,32.5483729,52,0,52
499,31719,-84.2773253,32.0740264,84,0,84
500,31709,-84.21827097,32.0558322,10,0,10
501,31401,-81.0926138,32.0762691,37,0,37
502,30912,-81.9851959,33.4767962,32,0,32
503,31408,-81.2095304,32.1356334,17,0,17
504,30030,-84.2972144,33.7740697,22,0,22
505,30830,-81.99589035,33.07516112,29,0,29
506,30114,-84.5052727,34.2100966,7,0,7
507,30680,-83.7218131,33.9922232,127,0,127
508,30253,-84.1689484,33.4226456,127,18,145
509,30125,-85.2174219,34.0154533,27,0,27
510,39828,-84.2027939,30.8953237,15,0,15
511,30655,-83.6993524,33.7708181,123,7,130
512,30121,-84.7778592,34.1914406,172,0,172
513,30411,-82.7827316,32.1483875,4,1,5
514,31015,-83.7783298,31.9247599,50,5,55
515,30436,-82.3300024,32.202798,22,2,24
516,30134,-84.753248,33.7481517,223,2,225
517,31806,-84.3099944,32.23905048,4,0,4
518,31824,-84.53705188,32.06662855,3,0,3
519,50036,-93.9062689,42.0595669,11,4,15
520,50601,-93.05174563,42.55436939,4,6,10
521,50169,-93.35732971,41.66839245,3,4,7
522,33873,-81.8130088,27.5465226,15,8,23
523,34994,-80.23976055,27.19305107,45,1,46
524,33514,-81.997269,28.6481619,3,0,3
525,32064,-82.9814758,30.2935013,19,1,20
526,33143,-80.292037,25.7032946,43,10,53
527,32148,-81.89797328,29.62649783,4,1,5
528,33781,-82.7147221,27.8415966,99,1,100
529,33141,-80.1579241,25.8488933,25,2,27
530,34753,-81.88038361,28.57272801,12,0,12
531,32250,-81.4039898,30.2858082,61,1,62
532,33134,-80.2602145,25.7459379,184,0,184
533,80125,-105.0354762,39.5634232,113,250,363
534,80523,-105.0870949,40.5771286,39,0,39
535,30025,-83.7177484,33.6553347,19,1,20
536,30120,-84.79949,34.163711,54,0,54
537,70119,-90.0931906,29.9610943,505,0,505
538,70760,-91.4326291,30.694088,97,8,105
539,71245,-92.7131791,32.5219071,9,0,9
540,70402,-90.46883732,30.51572754,25,0,25
541,70301,-90.81859631,29.79797646,287,0,287
542,70631,-93.3249712,29.7985309,48,3,51
543,71019,-93.3402303,32.0142028,26,3,29
544,71052,-93.709543,32.0394408,81,0,81
545,70438,-90.15612855,30.84366239,51,5,56
546,70582,-91.8295482,30.1199787,45,0,45
547,70433,-90.0962067,30.4802799,409,4,413
548,71044,-93.89398118,33.00438046,1,0,1
549,93638,-120.0371707,36.9534095,78,0,78
550,01247,-73.0844659,42.7120582,1,6,7
551,01571,-71.8954141,42.0454579,11,10,21
552,01095,-72.4260064,42.1506502,28,1,29
553,01020,-72.5846971,42.1561174,133,0,133
554,01532,-71.6269422,42.3257707,20,0,20
555,01527,-71.7620509,42.1890485,20,0,20
556,01907,-70.92065365,42.46989364,33,0,33
557,01516,-71.7114342,42.0685373,15,4,19
558,01970,-70.89662412,42.51576735,83,0,83
559,01902,-70.9488999,42.4656257,178,0,178
560,02667,-70.0247298,41.9429273,13,1,14
561,02149,-71.0447212,42.4124996,100,0,100
562,01845,-71.11824977,42.69200362,40,12,52
563,01921,-71.01376843,42.69296683,13,12,25
564,01240,-73.2847149,42.3564843,10,3,13
565,01940,-71.0472054,42.5383711,18,0,18
566,01007,-72.4149928,42.2711632,19,7,26
567,02540,-70.6033514,41.5542955,63,2,65
568,01376,-72.5184763,42.6285647,2,7,9
569,01096,-72.78949662,42.44301816,2,4,6
570,01245,-73.2137659,42.1796939,1,3,4
571,01778,-71.3593913,42.3634987,22,1,23
572,01966,-70.6290939,42.6452417,16,7,23
573,02771,-71.3265464,41.82992632,34,30,64
574,01002,-72.4689921,42.3782777,2,5,7
575,01237,-73.227553,42.5193228,7,8,15
576,01375,-72.5850058,42.4528113,5,10,15
577,01330,-72.7919,42.5260643,0,6,6
578,01515,-72.0523144,42.2251078,4,9,13
579,02482,-71.2881842,42.3005212,38,10,48
580,02067,-71.1868883,42.1140749,30,0,30
581,02062,-71.1949309,42.192598,61,0,61
582,01864,-71.0777224,42.5739292,29,5,34
583,01867,-71.101157,42.525081,40,0,40
584,02152,-70.9844638,42.3767744,35,13,48
585,01985,-70.98814337,42.80109324,7,15,22
586,01468,-72.0665179,42.5534607,10,6,16
587,01462,-71.7410804,42.5981073,13,13,26
588,01886,-71.4369264,42.5816766,40,0,40
589,01581,-71.61507129,42.26823226,30,15,45
590,02673,-70.2448539,41.6687717,54,12,66
591,01082,-72.2417536,42.261222,18,18,36
592,02703,-71.28118786,41.94350515,80,0,80
593,01550,-72.0269144,42.0752978,36,25,61
594,02379,-71.01357507,42.01867737,20,10,30
595,01754,-71.4613682,42.4304527,21,11,32
596,02045,-70.84607234,42.26528878,25,0,25
597,02364,-70.73640521,41.99365668,24,11,35
598,01950,-70.8725787,42.8115245,31,10,41
599,01748,-71.52375058,42.22882743,20,0,20
600,01746,-71.4271933,42.2075272,24,0,24
601,92108,-117.1599812,32.77407503,38,0,38
602,95677,-121.215322,38.7888512,3,10,13
603,98563,-123.601286,46.9817157,39,0,39
604,90746,-118.2571994,33.8665294,17,0,17
605,92583,-116.9678393,33.8078252,2,0,2
606,92020,-117.0036401,32.81643726,11,0,11
607,95901,-121.5378627,39.1267077,6,4,10
608,94132,-122.4814548,37.7259665,24,0,24
609,93277,-119.3166827,36.3225773,5,0,5
610,95207,-121.3141207,37.9934189,10,0,10
611,95819,-121.4196925,38.55750224,21,10,31
612,95135,-121.7627447,37.3001551,5,4,9
613,92697,-117.8347852,33.6466061,57,0,57
614,91208,-118.2277374,34.166755,10,0,10
615,94904,-122.5490675,37.95412089,7,2,9
616,95936,-120.8302097,39.5589288,10,0,10
617,92834,-117.889408,33.88307669,22,0,22
618,94607,-122.2660669,37.7976378,192,0,192
619,95642,-120.7693611,38.35152806,47,8,55
620,01833,-70.993626,42.7219888,11,13,24
621,01510,-71.6825936,42.4151506,27,0,27
622,01906,-71.00713031,42.46505427,53,0,53
623,01720,-71.44486139,42.48035616,33,2,35
624,01432,-71.59200346,42.56408043,15,0,15
625,50581,-94.5276652,42.8135371,2,4,6
626,52627,-91.3120701,40.633329,17,0,17
627,50263,-93.8655058,41.5988986,12,0,12
628,50636,-92.8021111,42.8968471,1,0,1
629,50327,-93.5147372,41.5973193,13,0,13
630,52157,-91.1869533,43.0459555,3,4,7
631,06037,-72.77542927,41.62665176,37,0,37
632,06062,-72.8659204,41.6729195,35,0,35
633,06511,-72.925412,41.2890844,6,0,6
634,94806,-122.3411797,37.9598431,57,0,57
635,92233,-115.5152176,33.12601501,5,0,5
636,93955,-121.853536,36.6035784,48,4,52
637,93517,-119.228251,38.2570102,27,0,27
638,01583,-71.76879,42.3231197,23,3,26
639,51024,-96.29024082,42.6258114,2,3,5
640,51041,-96.05778291,43.00505483,7,2,9
641,52132,-91.8660634,43.1826711,2,0,2
642,51653,-95.671114,40.8981459,1,3,4
643,52728,-90.72208935,41.45728561,3,3,6
644,51351,-95.1510648,43.3244908,4,3,7
645,50501,-94.1880292,42.5042495,37,0,37
646,50466,-92.5555337,43.3636082,1,0,1
647,52591,-92.2042887,41.3344872,2,7,9
648,52653,-91.1876876,41.1822182,3,2,5
649,52556,-91.9782044,41.0093501,12,1,13
650,52241,-91.5833121,41.6779919,32,0,32
651,50634,-92.21508298,42.4163359,1,0,1
652,52349,-92.0252042,42.1683052,8,3,11
653,50613,-92.447768,42.5364971,42,0,42
654,50588,-95.1962691,42.6479713,18,0,18
655,50644,-91.8885798,42.4703319,11,0,11
656,50036,-93.88030162,42.06152574,15,2,17
657,52172,-91.47793098,43.27064632,7,0,7
658,51529,-95.59954155,41.85408105,2,1,3
659,52043,-91.40578982,42.85544843,2,4,6
660,50511,-94.2384267,43.0700997,10,0,10
661,52233,-91.67531731,42.03849318,12,0,12
662,50226,-93.71445654,41.77153896,6,0,6
663,50219,-92.91614483,41.40508772,14,0,14
664,50533,-93.8993189,42.6638965,7,0,7
665,51201,-95.8528637,43.1801323,7,0,7
666,50112,-92.7284911,41.743571,15,0,15
667,50072,-94.1226097,41.4910203,2,1,3
668,52314,-91.4181381,41.9231417,6,0,6
669,52248,-91.9498075,41.364158,1,0,1
670,50851,-94.5594758,40.8802783,3,1,4
671,06238,-72.3094341,41.7770306,14,0,14
672,32399,-84.23399141,30.41955248,12,0,12
673,33301,-80.14072266,26.11942958,50,4,54
674,80443,-106.1022791,39.57566967,13,0,13
675,80705,-103.8335059,40.2714097,1,1,2
676,30034,-84.27251436,33.69288198,278,0,278
677,31401,-81.08894495,32.07540769,534,0,534
678,30460,-81.78859574,32.42600933,27,0,27
679,70422,-90.65787895,30.68196388,1,0,1
680,70775,-91.376942,30.779376,8,8,16
681,70071,-90.6993964,30.0469536,3,0,3
682,70592,-91.99617391,30.09529216,11,0,11
683,71254,-91.1733297,32.8037552,16,0,16
684,92606,-117.8262899,33.6860683,197,0,197
685,95928,-121.8152781,39.7358279,88,0,88
686,95536,-124.2611932,40.5767724,3,1,4
687,93263,-119.2771121,35.5044709,21,0,21
688,95240,-121.2762143,38.1357663,76,4,80
689,95301,-120.6003976,37.3597006,33,0,33
690,02360,-70.6536417,41.9316751,172,215,387
691,50201,-93.45136336,42.0230849,9,0,9
692,52342,-92.58074694,41.99602144,5,2,7
693,52531,-92.8100075,41.0255398,5,0,5
694,50213,-93.7632476,41.0446786,6,0,6
695,33461,-80.09526986,26.64147637,39,2,41
696,06057,-72.9796958,41.8793086,4,1,5
697,85345,-112.2386075,33.5751117,189,0,189
698,86322,-111.8933326,34.6206072,17,0,17
699,32958,-80.4742648,27.8175707,39,1,40
700,32444,-85.647909,30.245632,25,0,25
701,32053,-83.09916002,30.60334219,2,0,2
702,34689,-82.74485658,28.14278389,49,0,49
703,32720,-81.30502827,29.02951617,450,8,458
704,32304,-84.3352884,30.4394915,443,25,468
705,81154,-106.6431818,37.6682373,3,0,3
706,80863,-105.0663851,39.01485603,20,0,20
707,81123,-105.512213,37.43487231,2,0,2
708,81625,-107.5567417,40.50592289,22,0,22
709,81639,-107.2584791,40.49524477,6,2,8
710,81101,-105.86352,37.469589,24,0,24
711,81137,-107.6330851,37.13373161,17,0,17
712,81120,-106.0090094,37.07457453,2,1,3
713,31001,-83.30816902,31.99043896,3,4,7
714,30525,-83.39895602,34.88253722,9,5,14
715,30290,-84.59455302,33.47829833,18,0,18
716,30257,-84.19593136,33.11515037,1,5,6
717,30511,-83.55000419,34.48669195,9,4,13
718,30677,-83.4185938,33.86753816,6,0,6
719,31069,-83.73434729,32.46183499,38,0,38
720,30549,-83.582999,34.128582,23,0,23
721,30220,-84.83926199,33.23300175,9,2,11
722,30567,-83.6785563,34.1624906,4,2,6
723,30039,-84.0099418,33.8332203,49,0,49
724,30248,-84.1152401,33.3510738,19,0,19
725,30755,-85.03920191,34.84769914,3,5,8
726,31635,-83.074347,31.037109,7,1,8
727,31626,-83.79030642,30.79142585,4,1,5
728,31029,-83.93713894,33.03263173,19,4,23
729,30558,-83.56047005,34.25326369,4,8,12
730,31018,-82.6083875,32.9790247,1,6,7
731,30458,-81.78742971,32.44564241,60,0,60
732,30555,-84.37173372,34.98622353,4,2,6
733,30562,-83.38212078,34.91927701,2,1,3
734,31791,-83.83801052,31.52584453,14,0,14
735,31749,-83.3297662,31.4091,1,2,3
736,31643,-83.55807595,30.78314221,15,0,15
737,30421,-82.11008912,32.18029889,1,0,1
738,31302,-81.30186354,32.13413191,11,0,11
739,30753,-85.31236235,34.543096,8,3,11
740,30513,-84.32499941,34.86391627,9,0,9
741,30710,-84.9521849,34.9598593,1,1,2
742,31827,-84.5397768,32.6773276,3,0,3
743,30258,-84.4996035,33.011597,1,2,3
744,39846,-84.73800345,31.55726543,3,2,5
745,70452,-89.7467792,30.37581834,10,10,20
746,72801,-93.13482451,35.28522234,50,0,50
747,72471,-91.13276299,35.82521988,1,2,3
748,72102,-91.8212623,35.11271628,2,2,4
749,72127,-92.64189052,35.15791401,2,6,8
750,71601,-92.0029693,34.2296901,55,1,56
751,71851,-93.91440205,33.87552058,3,3,6
752,72126,-92.8039232,35.0051069,8,0,8
753,72944,-94.25056418,35.06033485,4,4,8
754,72853,-93.22238814,35.03280603,3,0,3
755,72476,-90.95864039,36.07004772,13,10,23
756,72113,-92.4032096,34.8572099,26,0,26
757,71676,-91.5736498,33.0604944,1,0,1
758,72653,-92.38682257,36.33343665,32,9,41
759,72751,-94.118284,36.441244,9,0,9
760,72653,-92.38594514,36.33345856,26,4,30
761,72143,-91.7400704,35.249002,41,0,41
762,71764,-93.069609,33.41131999,1,3,4
763,71665,-92.1896921,33.9583301,7,0,7
764,71671,-92.06368815,33.61495415,4,1,5
765,34984,-80.34300004,27.27565051,245,5,250
766,32784,-81.66803477,28.92930501,8,1,9
767,32132,-80.9052735,28.9929004,30,0,30
768,34112,-81.7658812,26.1270613,628,3,631
769,34787,-81.62090153,28.55424915,7,6,13
770,81073,-102.6161965,37.4066593,3,3,6
771,81090,-102.2785635,37.3873132,1,0,1
772,81328,-108.2894083,37.34543192,3,0,3
773,80451,-106.1045351,40.0724416,18,2,20
774,81630,-108.2139615,39.33316352,3,0,3
775,81601,-107.3272956,39.54704231,24,0,24
776,80903,-104.8246615,38.8307456,454,5,459
777,80461,-106.2922525,39.24813232,9,0,9
778,30817,-82.47573621,33.79416548,12,3,15
779,31014,-83.35523476,32.38756054,12,1,13
780,39854,-85.10925552,31.88615271,7,0,7
781,31096,-82.70600796,32.74108076,8,2,10
782,31634,-82.74880386,31.03680405,10,1,11
783,30115,-84.49242479,34.19513328,340,6,346
784,31023,-83.15950718,32.1811519,15,2,17
785,31044,-83.34491717,32.68760246,22,0,22
786,31648,-83.0277835,30.70297868,8,1,9
787,30643,-82.93326071,34.35523817,23,4,27
788,30222,-84.71137931,33.04424233,30,0,30
789,30728,-85.2800896,34.70443623,80,2,82
790,95901,-121.5879773,39.1412375,19,14,33
791,95203,-121.322412,37.9459682,14,0,14
792,92103,-117.1481455,32.75367788,45,0,45
793,90731,-118.2818668,33.74077919,133,0,133
794,92703,-117.8802709,33.74840677,1794,57,1851
795,92703,-117.8804691,33.7504537,369,0,369
796,86303,-112.4677644,34.5389473,72,0,72
797,85331,-111.9557328,33.82745848,2,0,2
798,33162,-80.1617756,25.931426,111,0,111
799,33034,-80.482611,25.4482968,31,2,33
800,33180,-80.1392888,25.9528071,80,0,80
801,33160,-80.1213561,25.9573435,20,5,25
802,32780,-80.8149184,28.5305163,88,0,88
803,32951,-80.563723,28.0679155,8,0,8
804,33062,-80.0788968,26.3008849,15,0,15
805,33990,-81.9571486,26.6303743,220,0,220
806,32233,-81.4027533,30.332689,26,0,26
807,32703,-81.5091499,28.6704426,85,0,85
808,32626,-82.8590492,29.4789065,12,5,17
809,32055,-82.6390735,30.1910102,39,12,51
810,34711,-81.7696443,28.5549594,53,0,53
811,93422,-120.6725083,35.4910561,31,0,31
812,01301,-72.6310077,42.5996106,2,0,2
813,01105,-72.57850629,42.10882764,13,0,13
814,01085,-72.7934748,42.1292482,16,0,16
815,02125,-71.0400229,42.314267,26,0,26
816,01602,-71.8713903,42.2700457,7,0,7
817,01970,-70.89390545,42.50077137,25,0,25
818,02657,-70.18264428,42.04978664,1,0,1
819,52223,-91.33179659,42.42994932,1,0,1
820,50129,-94.37382853,42.01366368,7,4,11
821,52306,-91.25521391,41.90502419,1,1,2
822,50543,-94.29150173,42.28080663,1,2,3
823,51638,-95.3077032,40.8331702,1,4,5
824,06379,-71.8622267,41.3686505,34,3,37
825,06416,-72.6466562,41.5958674,25,0,25
826,85621,-110.9319019,31.3461086,60,0,60
827,33850,-81.7285107,28.0929853,10,2,12
828,32340,-83.4135921,30.4679589,14,0,14
829,32091,-82.1188132,29.9381547,19,4,23
830,34748,-81.8747921,28.8096425,70,2,72
831,33021,-80.1747775,26.0102144,316,7,323
832,33065,-80.265125,26.2641417,202,0,202
833,32580,-86.5000798,30.509654,10,4,14
834,32119,-81.0079988,29.1813146,25,2,27
835,32771,-81.2727266,28.8048274,131,0,131
836,32322,-84.656304,29.853874,6,0,6
837,80601,-104.782374,39.9733051,53,0,53
838,80701,-103.7876199,40.2521227,28,0,28
839,81401,-107.874763,38.479071,42,0,42
840,80829,-104.9127869,38.8578958,15,0,15
841,81652,-107.6561333,39.5484315,8,0,8
842,81428,-107.5981773,38.86741844,5,0,5
843,80107,-104.5956357,39.35899788,5,0,5
844,80124,-104.8810313,39.5520818,44,0,44
845,80537,-105.0664304,40.4009446,88,0,88
846,30043,-83.99860383,33.97956538,5,0,5
847,31204,-83.65840615,32.84094621,28,0,28
848,31520,-81.49136219,31.16331143,25,0,25
849,71486,-93.643037,31.630604,5,5,10
850,70767,-91.2163777,30.501331,183,0,183
851,70124,-90.09810544,29.99325305,2,0,2
852,96101,-120.5407421,41.4837251,14,0,14
853,19804,-75.6096977,39.7170657,8,2,10
854,04009,-70.7036334,44.0550269,8,8,16
855,42420,-87.59194436,37.83881825,20,0,20
856,83501,-117.0178911,46.4324446,25,0,25
857,49629,-85.4113391,44.8958779,5,0,5
858,83871,-116.7672999,46.7344778,1,0,1
859,67060,-97.35309304,37.56488996,26,0,26
860,20722,-76.9518421,38.938201,6,2,8
861,83210,-112.8391304,42.94456842,4,0,4
862,04849,-69.1126963,44.2934812,1,5,6
863,21787,-77.1746168,39.65755869,12,0,12
864,61415,-90.4361187,40.6630135,0,5,5
865,62677,-89.9221753,39.8755938,0,5,5
866,62901,-89.21414858,37.71956456,36,0,36
867,66083,-94.817816,38.743935,13,0,13
868,61455,-90.6736595,40.4584653,13,5,18
869,62960,-88.73317939,37.15275477,13,0,13
870,40977,-83.6974398,36.76301399,7,0,7
871,61430,-90.3074174,40.9425093,1,9,10
872,60021,-88.2185959,42.1988492,13,0,13
873,60140,-88.52425907,42.10220193,10,0,10
874,61607,-89.65176429,40.65100134,10,3,13
875,19901,-75.52397332,39.16029122,12,0,12
876,47933,-86.89284553,40.05673132,17,0,17
877,49862,-86.65516183,46.41187622,5,0,5
878,20850,-77.1861054,39.1034345,1206,0,1206
879,04631,-66.98502382,44.90386486,4,9,13
880,62298,-90.14689468,38.33583973,14,3,17
881,48661,-84.2458949,44.2751777,18,5,23
882,67010,-96.97071986,37.69789676,23,0,23
883,42134,-86.5772125,36.7218255,22,1,23
884,41071,-84.4970912,39.0922923,0,10,10
885,04105,-70.24575938,43.73551831,17,5,22
886,83805,-116.3124707,48.697741,8,0,8
887,66736,-95.822287,37.5471324,10,0,10
888,40047,-85.5528588,38.0633204,15,0,15
889,47660,-87.3438391,38.3388035,4,2,6
890,62703,-89.64936794,39.75287405,4,6,10
891,47164,-86.10935505,38.40749847,0,0,0
892,66508,-96.64224299,39.84108494,7,6,13
893,61282,-90.41337079,41.51157635,14,0,14
894,60446,-88.0820582,41.6447079,66,0,66
895,62269,-89.897425,38.5581404,17,1,18
896,60432,-88.0852414,41.5234661,302,0,302
897,66901,-97.6597391,39.56891644,8,0,8
898,67701,-101.0428669,39.39561179,6,1,7
899,66056,-94.81104814,38.14216779,10,2,12
900,66956,-98.2103656,39.7883613,3,1,4
901,67473,-98.70202448,39.43778138,7,1,8
902,66087,-95.08993208,39.78524994,4,0,4
903,48879,-84.5573944,43.0016644,10,0,10
904,83835,-116.7666829,47.7586535,1,0,1
905,48439,-83.6309744,42.9261302,18,0,18
906,48612,-84.4879718,43.8814654,1,3,4
907,49920,-88.33538888,46.09701209,7,2,9
908,49079,-85.8922661,42.215121,9,2,11
909,48661,-84.2360612,44.2767606,5,0,5
910,48846,-85.0614397,42.9816248,16,0,16
911,49665,-85.1464315,44.1021663,1,0,1
912,48430,-83.7048664,42.7936102,15,0,15
913,49449,-86.4325812,43.7786172,3,4,7
914,04843,-69.06663957,44.21066914,11,1,12
915,49010,-85.8523321,42.5283083,59,6,65
916,67410,-97.21332423,38.91601713,14,3,17
917,49801,-88.06352,45.8159616,13,5,18
918,60466,-87.6870961,41.44742506,16,2,18
919,66743,-94.864466,37.5122505,33,2,35
920,21157,-76.9870133,39.572095,67,0,67
921,21801,-75.58006398,38.40939749,0,8,8
922,21629,-75.8335291,38.8878225,32,1,33
923,49043,-86.2622319,42.2951764,6,1,7
924,49045,-85.9743151,42.1090474,5,2,7
925,67855,-101.7497637,37.57208114,6,0,6
926,62263,-89.38112258,38.33762469,7,3,10
927,49431,-86.4431353,43.9580547,20,0,20
928,41339,-83.38403149,37.55359008,0,7,7
929,48658,-83.9563681,43.9840989,12,1,13
930,49707,-83.4508749,45.0793607,13,2,15
931,67735,-101.7094834,39.35057553,7,0,7
932,49946,-88.4407496,46.7488567,6,1,7
933,67665,-98.85811177,38.88904205,10,4,14
934,40360,-83.76434548,38.14441286,2,4,6
935,20740,-76.9214217,38.9934627,8,0,8
936,49615,-85.2095993,44.9766726,3,0,3
937,66739,-94.64136246,37.07574976,7,4,11
938,49651,-85.2130045,44.3333046,12,6,18
939,21904,-76.11329887,39.60298606,3,0,3
940,21617,-76.06200436,39.04768329,10,0,10
941,04072,-70.4475094,43.4978166,34,0,34
942,66851,-96.92653569,38.24293007,1,1,2
943,48857,-84.1783086,42.8389756,2,4,6
944,20743,-76.91390177,38.88450757,9,0,9
945,66109,-94.7897169,39.1502996,13,1,14
946,04662,-68.2872801,44.2942542,7,6,13
947,20784,-76.8936275,38.9414432,3,1,4
948,20710,-76.93285313,38.94229636,17,0,17
949,21788,-77.4122368,39.6210705,9,0,9
950,66202,-94.65409412,39.01915175,29,4,33
951,49779,-83.8158129,45.4207347,7,0,7
952,04473,-68.6735558,44.8824369,14,1,15
953,04462,-68.7087967,45.6564878,9,2,11
954,20008,-77.0642583,38.9435395,36,0,36
955,04430,-68.5826904,45.6279944,5,5,10
956,60551,-88.68044044,41.53049892,3,3,6
957,49406,-86.2017787,42.6435555,7,9,16
958,49091,-85.4191836,41.8003829,19,0,19
959,04416,-68.7947722,44.574067,7,6,13
960,04938,-70.14603882,44.66001599,12,3,15
961,83221,-112.344201,43.19465321,25,1,26
962,04268,-70.5390096,44.2141194,7,4,11
963,83467,-113.9022456,45.1792906,7,2,9
964,83843,-117.0002552,46.73186094,35,0,35
965,46176,-85.7785536,39.5205781,29,25,54
966,42408,-87.6933736,37.16701948,4,0,4
967,46071,-86.60680823,40.12924823,3,0,3
968,62233,-89.8203248,37.9148889,9,8,17
969,46994,-86.24128279,40.66074288,0,4,4
970,47348,-85.3694426,40.4567831,13,0,13
971,21875,-75.5779383,38.4515704,11,0,11
972,46052,-86.4664915,40.0473168,29,0,29
973,48463,-83.5181666,43.1694156,0,9,9
974,19706,-75.5937249,39.573606,3,2,5
975,19941,-75.424748,38.80608248,1,1,2
976,49512,-85.5951016,42.8772376,68,0,68
977,62275,-89.54118867,38.8263825,1,1,2
978,48451,-83.7812513,42.8145285,5,9,14
979,83851,-116.8866378,47.33543089,2,0,2
980,42442,-87.456799,37.182962,1,0,1
981,46711,-84.9638539,40.6569557,7,0,7
982,42431,-87.49712395,37.32836262,44,0,44
983,62272,-89.6173602,38.0163891,1,2,3
984,46923,-86.6722631,40.5864322,7,4,11
985,48047,-82.7339663,42.6791801,17,0,17
986,48461,-83.1952039,43.2291139,2,3,5
987,49757,-84.6192806,45.8495603,5,4,9
988,49454,-86.2798147,43.9552718,3,0,3
989,48473,-83.8335846,42.9594579,8,7,15
990,49412,-85.9425935,43.4674397,8,7,15
991,66043,-94.8991513,39.2373069,17,0,17
992,48157,-83.4425852,41.8099481,4,0,4
993,04032,-70.107493,43.8539226,13,2,15
994,48220,-83.13109561,42.46031819,45,0,45
995,46056,-85.61477253,39.97684621,1,8,9
996,41537,-82.6345887,37.1710172,5,0,5
997,21014,-76.3485419,39.5361339,280,0,280
998,83316,-114.7614102,42.5998722,8,0,8
999,46573,-86.01735263,41.53556694,5,0,5
1000,47342,-85.5008897,40.3144547,1,2,3
1001,62618,-90.4312418,40.019328,9,5,14
1002,62995,-88.89617299,37.41608244,4,2,6
1003,62476,-88.00436722,38.5199235,1,1,2
1004,62859,-88.53570304,38.09345707,3,0,3
1005,62859,-88.5369355,38.0931506,5,5,10
1006,62664,-89.69805963,40.20163959,5,0,5
1007,62979,-88.26092259,37.79960433,3,3,6
1008,62864,-88.9042858,38.3191846,44,0,44
1009,62844,-87.9933553,38.2574851,1,4,5
1010,60443,-87.7333498,41.5176248,36,0,36
1011,62918,-89.068176,37.7501488,3,4,7
1012,60068,-87.8305822,42.0081937,57,0,57
1013,62563,-89.5265502,39.7447195,8,1,9
1014,60176,-87.8648799,41.9552156,33,6,39
1015,62295,-90.2767158,38.306639,2,4,6
1016,62701,-89.6444063,39.799069,273,0,273
1017,60475,-87.6381665,41.4700731,27,6,33
1018,62257,-89.7537823,38.246724,4,8,12
1019,61554,-89.6498488,40.5685158,56,0,56
1020,60162,-87.90729,41.878011,29,0,29
1021,61061,-89.33097624,42.01531164,9,2,11
1022,61254,-90.1543815,41.4526901,13,0,13
1023,61833,-87.63904169,40.1064935,3,14,17
1024,60441,-88.0248031,41.586241,37,1,38
1025,60544,-88.21757692,41.62127686,55,0,55
1026,62821,-88.15880158,38.09154538,9,0,9
1027,61422,-90.5080064,40.55223367,5,3,8
1028,61820,-88.2392763,40.116877,122,0,122
1029,62917,-88.6349447,37.6840054,2,4,6
1030,60447,-88.2604952,41.448847,21,0,21
1031,60191,-87.9796217,41.9668783,34,0,34
1032,56431,-93.7084441,46.5327329,6,0,6
1033,48135,-83.3294671,42.329469,37,0,37
1034,60085,-87.8347273,42.3611496,155,0,155
1035,47424,-86.93825832,39.02689563,4,3,7
1036,60015,-87.89810666,42.15824246,7,6,13
1037,60044,-87.8443583,42.2784136,17,0,17
1038,60194,-88.10375632,42.02785676,130,0,130
1039,46122,-86.5253753,39.7604942,15,4,19
1040,60115,-88.7503807,41.9281288,61,0,61
1041,46034,-86.0151789,40.1314385,8,12,20
1042,62832,-89.2357968,38.0103281,11,5,16
1043,60131,-87.8646409,41.9364716,51,0,51
1044,60178,-88.69243851,41.98697843,29,0,29
1045,60103,-88.18553211,41.99110044,54,0,54
1046,60464,-87.8397075,41.6668657,10,17,27
1047,60466,-87.6795492,41.4853068,42,0,42
1048,60552,-88.68362504,41.63298119,4,3,7
1049,61550,-89.4726202,40.6057347,22,0,22
1050,46975,-86.2160295,41.0713203,14,0,14
1051,61564,-89.6544695,40.4943592,2,3,5
1052,48185,-83.4031442,42.3235621,100,0,100
1053,47666,-87.5860401,38.4063696,1,1,2
1054,61235,-90.01577664,41.42091219,2,4,6
1055,62047,-90.61885242,39.15705878,5,0,5
1056,48168,-83.4538393,42.4123967,34,0,34
1057,48141,-83.29704459,42.29555878,59,0,59
1058,47112,-86.1431572,38.2230367,22,0,22
1059,66088,-95.45818504,39.34485838,2,3,5
1060,66006,-95.1890264,38.7744758,9,0,9
1061,40324,-84.552751,38.21242,45,0,45
1062,66538,-96.0644179,39.83710688,6,2,8
1063,67642,-99.842309,39.3661006,4,1,5
1064,48341,-83.3325051,42.6609152,796,215,1011
1065,41472,-83.26029285,37.92111144,7,0,7
1066,48723,-83.39626218,43.48824901,8,3,11
1067,40216,-85.80804902,38.19498433,28,0,28
1068,21853,-75.69579147,38.20482857,12,2,14
1069,67501,-97.936576,38.0537785,69,0,69
1070,62656,-89.35904445,40.14555686,25,0,25
1071,60901,-87.8579071,41.0763502,60,0,60
1072,46543,-85.7005859,41.524399,1,1,2
1073,40370,-84.53626831,38.39085366,1,1,2
1074,62450,-88.08570411,38.73008906,7,1,8
1075,46774,-85.0184467,41.0708105,20,0,20
1076,41101,-82.6883998,38.490878,5,2,7
1077,48304,-83.2436264,42.5845505,24,0,24
1078,66030,-94.9185973,38.81129925,36,0,36
1079,61362,-89.19716723,41.32596297,11,9,20
1080,46322,-87.44883392,41.55383025,41,0,41
1081,46312,-87.4434155,41.6379548,110,0,110
1082,41858,-82.82678885,37.11796846,11,0,11
1083,67020,-97.6713026,38.02478837,1,4,5
1084,41465,-83.0674456,37.7523449,3,1,4
1085,67117,-97.34567424,38.07293642,2,5,7
1086,66967,-98.78698076,39.77650145,2,0,2
1087,21202,-76.6129347,39.2907044,99,0,99
1088,20678,-76.5876469,38.5385799,110,10,120
1089,66539,-95.86092295,39.1058258,2,4,6
1090,67546,-97.77610829,38.23118025,2,3,5
1091,42261,-86.68292181,37.22535798,6,2,8
1092,42025,-88.35620629,36.86647208,20,5,25
1093,62984,-88.1860876,37.7155679,4,1,5
1094,41171,-83.1253651,38.0864135,2,0,2
1095,67441,-97.11713791,38.90362918,1,3,4
1096,04605,-68.4256182,44.5427718,15,12,27
1097,20743,-76.89974346,38.88753275,14,3,17
1098,67525,-98.53273417,38.5232888,1,3,4
1099,67004,-97.76528219,37.2642251,1,1,2
1100,20782,-76.9383725,38.97238934,8,0,8
1101,62093,-89.8549765,39.0709934,1,0,1
1102,41040,-84.33047614,38.67821907,6,1,7
1103,66725,-94.8397087,37.17057,9,4,13
1104,21811,-75.21846681,38.32460866,13,0,13
1105,21826,-75.616027,38.3171546,17,0,17
1106,46204,-86.15298617,39.76795825,1582,0,1582
1107,67058,-98.02758156,37.28634224,3,2,5
1108,83211,-112.8489232,42.7828841,19,0,19
1109,67578,-98.6008167,37.96241,4,0,4
1110,48813,-84.8462624,42.5800703,77,0,77
1111,67029,-99.32834101,37.27411018,4,0,4
1112,21613,-76.058444,38.5480487,36,2,38
1113,67601,-99.33058436,38.87357511,30,0,30
1114,83661,-116.9294447,44.0775201,18,1,19
1115,96766,-159.3550707,21.9769873,125,0,125
1116,61257,-90.17567056,41.61336689,0,4,4
1117,62448,-88.16100954,38.99160363,6,2,8
1118,61914,-88.73971813,39.64587314,1,3,4
1119,62471,-89.0964852,38.9602868,13,0,13
1120,66762,-94.69963107,37.39441573,13,0,13
1121,48603,-84.0135176,43.4516001,47,4,51
1122,48519,-83.6318249,42.9655257,42,0,42
1123,48876,-84.7442671,42.6288274,4,0,4
1124,48808,-84.449035,42.8062503,11,0,11
1125,49076,-84.92443247,42.4465667,3,2,5
1126,48601,-83.8951707,43.4240064,17,0,17
1127,49022,-86.4531359,42.1151417,32,0,32
1128,48189,-83.7602493,42.4076759,12,2,14
1129,48655,-84.14342665,43.29947975,3,7,10
1130,60554,-88.4601705,41.7957525,4,3,7
1131,49727,-85.12791903,45.15677894,5,2,7
1132,49635,-86.2389384,44.6323245,3,0,3
1133,49094,-85.1341502,42.0680132,4,1,5
1134,49036,-85.0009126,41.9385099,18,0,18
1135,49245,-84.80600048,42.14587767,2,7,9
1136,49022,-86.416849,42.1233486,25,0,25
1137,61114,-88.9935688,42.3111567,12,5,17
1138,49098,-86.2612775,42.1882733,2,12,14
1139,49720,-85.2603189,45.3163295,7,3,10
1140,49622,-85.26324833,45.05892179,1,2,3
1141,49103,-86.3521144,41.9381216,8,2,10
1142,83467,-113.8967626,45.1769434,7,0,7
1143,48104,-83.74568742,42.28191841,160,0,160
1144,49120,-86.23660886,41.81731795,20,1,21
1145,41822,-82.98150486,37.33721707,2,0,2
1146,49046,-85.4055011,42.5000854,2,3,5
1147,40422,-84.7733445,37.64632219,9,0,9
1148,49047,-86.1096003,41.9811578,15,0,15
1149,83612,-116.4341751,44.7374111,10,0,10
1150,83714,-116.2638295,43.6443584,27,0,27
1151,47025,-84.86363705,39.10843113,11,0,11
1152,47639,-87.5746313,38.2048674,2,0,2
1153,47918,-87.246836,40.292857,6,0,6
1154,83213,-113.3026103,43.6353564,4,3,7
1155,61530,-89.27198255,40.7223412,37,11,48
1156,66603,-95.67497991,39.05081266,525,0,525
1157,83328,-114.6079875,42.5704247,5,2,7
1158,62966,-89.3348659,37.76287,26,0,26
1159,47532,-86.86338514,38.22461583,5,1,6
1160,20646,-76.9827147,38.52449069,289,0,289
1161,62701,-89.6426181,39.799974,76,0,76
1162,60137,-88.0727465,41.8409894,15,5,20
1163,61270,-89.96344071,41.81020277,23,0,23
1164,62959,-88.9288125,37.7325464,29,2,31
1165,62626,-89.87974939,39.27797199,46,6,52
1166,61920,-88.1739292,39.4936423,24,2,26
1167,62231,-89.3680299,38.6099862,26,10,36
1168,62806,-88.0572648,38.3777736,4,2,6
1169,46563,-86.34569807,41.35150688,21,0,21
1170,47951,-87.4454966,40.7704438,2,3,5
1171,47842,-87.3994497,39.6608753,7,5,12
1172,47879,-87.39328415,39.17858284,1,0,1
1173,47167,-86.09977275,38.60507092,12,6,18
1174,55302,-94.1234056,45.2638375,5,4,9
1175,56510,-96.5167759,47.3005198,3,1,4
1176,47951,-87.4444309,40.7683549,14,0,14
1177,46383,-87.024841,41.44296152,61,0,61
1178,46723,-85.31809403,41.22627989,4,4,8
1179,47374,-84.895835,39.8300306,74,0,74
1180,47362,-85.37234787,39.93211433,29,0,29
1181,46703,-85.0007973,41.6358467,17,0,17
1182,46703,-84.9974924,41.6337832,21,0,21
1183,47579,-86.92285695,38.12167275,3,0,3
1184,47037,-85.29213412,39.12886399,2,0,2
1185,46563,-86.3113585,41.3412348,24,0,24
1186,46601,-86.2584312,41.6656955,255,0,255
1187,46072,-86.04230727,40.28064433,12,4,16
1188,46537,-86.3065795,41.4591155,1,0,1
1189,47885,-87.4489395,39.4656477,8,0,8
1190,46996,-86.61293368,41.05480769,6,0,6
1191,47250,-85.3762192,38.7359255,13,0,13
1192,46755,-85.26540596,41.44145699,18,4,22
1193,47454,-86.48666241,38.55635393,7,0,7
1194,47520,-86.74103008,37.91244449,7,4,11
1195,47432,-86.61861402,38.54971789,7,0,7
1196,46143,-86.1034153,39.611707,52,0,52
1197,46539,-86.03777942,41.1731484,2,0,2
1198,46131,-86.0761189,39.4764637,100,0,100
1199,46304,-87.0727856,41.616035,10,10,20
1200,47633,-87.7800609,38.171874,1,1,2
1201,47380,-85.0293777,40.2888412,2,0,2
1202,46986,-85.82533838,40.50700637,2,0,2
1203,47901,-86.8909846,40.4179033,128,0,128
1204,56007,-93.36771807,43.64611723,21,7,28
1205,56433,-94.72769118,47.00370998,1,3,4
1206,47635,-87.0466919,37.8839681,14,2,16
1207,47523,-86.98748969,38.16759645,2,1,3
1208,46158,-86.3776497,39.6129923,22,3,25
1209,46989,-85.4936573,40.4754469,5,0,5
1210,47451,-86.5262503,38.9009652,2,0,2
1211,47341,-84.9198234,39.9554971,4,0,4
1212,47553,-86.9158755,38.678684,4,2,6
1213,47635,-87.04921844,37.88301971,6,1,7
1214,47170,-85.76857,38.6843271,11,0,11
1215,55909,-92.71801182,43.56515328,1,2,3
1216,47960,-86.7613836,40.7470399,12,4,16
1217,47469,-86.61329194,38.56049392,3,0,3
1218,62523,-88.9533116,39.8391409,50,0,50
1219,04257,-70.54113592,44.556031,5,6,11
1220,04281,-70.51901933,44.22147754,18,6,24
1221,62353,-90.7662174,39.9862579,6,1,7
1222,61870,-87.65265907,39.89586587,1,6,7
1223,04217,-70.79019945,44.40497288,4,6,10
1224,42164,-86.1921028,36.7487496,10,0,10
1225,60150,-88.86239467,41.92918003,0,5,5
1226,62656,-89.36244017,40.14607156,20,0,20
1227,46940,-85.72093323,40.67358002,1,5,6
1228,40069,-85.22153552,37.68487388,6,0,6
1229,49283,-84.55306447,42.20438949,2,4,6
1230,49455,-86.36358736,43.61228369,4,6,10
1231,83816,-116.7854424,47.72109377,139,0,139
1232,62097,-89.83985388,38.93183627,1,3,4
1233,62902,-89.20664532,37.72271923,60,0,60
1234,66094,-95.3687271,39.98887949,9,1,10
1235,49263,-84.18312296,42.15867793,2,5,7
1236,52732,-90.18652378,41.83979022,45,0,45
1237,52002,-90.7558249,42.51226791,4,0,4
1238,50076,-94.87573328,41.5914233,2,1,3
1239,51035,-95.8081801,42.82422024,2,2,4
1240,50475,-93.2150812,42.89308195,2,0,2
1241,51632,-95.0360089,40.7409961,8,8,16
1242,50424,-93.951317,43.3861197,1,0,1
1243,50130,-93.64032619,42.30823673,2,0,2
1244,50401,-93.1965432,43.1513846,46,0,46
1245,06418,-73.0862342,41.3223251,31,9,40
1246,06413,-72.5126302,41.2754505,25,1,26
1247,06451,-72.8042108,41.5376984,113,11,124
1248,06351,-72.0147611,41.6042493,1,0,1
1249,06475,-72.37958599,41.29036109,20,2,22
1250,06471,-72.8025259,41.352018,23,0,23
1251,06901,-73.5370919,41.0607903,292,0,292
1252,06883,-73.3793563,41.2021149,15,0,15
1253,06824,-73.2570563,41.1395527,106,0,106
1254,06484,-73.1142118,41.3199092,57,0,57
1255,06085,-72.8734952,41.7495761,42,0,42
1256,06447,-72.4641008,41.6687115,3,1,4
1257,06437,-72.688424,41.2971564,38,0,38
1258,06840,-73.4907295,41.1411534,45,0,45
1259,06002,-72.7336941,41.8286752,47,0,47
1260,06470,-73.306158,41.4092803,47,0,47
1261,06340,-72.0708501,41.3527867,31,0,31
1262,85543,-109.8297715,32.89685394,3,0,3
1263,85929,-109.9761182,34.1527148,15,2,17
1264,85222,-111.7509009,32.8785285,79,0,79
1265,85273,-111.1073795,33.290662,10,0,10
1266,85501,-110.788043,33.3964014,23,0,23
1267,30011,-83.82627396,34.01324579,17,0,17
1268,30720,-84.9745735,34.7752067,87,0,87
1269,30161,-85.17083222,34.25682078,71,0,71
1270,30669,-83.0749257,33.6142477,8,0,8
1271,30417,-81.9354118,32.1559243,2,3,5
1272,30083,-84.1705319,33.8065397,19,1,20
1273,30650,-83.46648443,33.59661548,13,2,15
1274,32601,-82.330522,29.659125,275,2,277
1275,30467,-81.644997,32.7508035,9,3,12
1276,31063,-84.03160995,32.29561389,11,2,13
1277,31720,-83.7381592,30.8929457,1,0,1
1278,31042,-83.1724567,32.8120883,1,1,2
1279,30184,-84.74603353,34.28245293,1,4,5
1280,30103,-84.93463799,34.36767513,12,2,14
1281,30096,-84.147911,33.9966568,54,3,57
1282,30024,-84.0666495,34.0564078,36,0,36
1283,31730,-84.21182296,31.23077557,16,0,16
1284,31601,-83.31029077,30.84426041,8,0,8
1285,30566,-83.8832622,34.2283266,14,0,14
1286,30642,-83.1752222,33.5730336,13,2,15
1287,71368,-91.6594485,31.8461975,1,2,3
1288,71336,-91.65897893,32.05091298,1,1,2
1289,71222,-92.65608461,32.8209294,6,5,11
1290,71235,-92.65632683,32.69673095,2,1,3
1291,70582,-91.82717967,30.12291612,15,2,17
1292,70750,-91.7522578,30.5369577,4,5,9
1293,71061,-93.9757497,32.7461999,3,0,3
1294,70578,-92.27015293,30.24801872,22,2,24
1295,71220,-91.9126709,32.7768727,35,0,35
1296,71269,-91.75883467,32.47784613,10,13,23
1297,70342,-91.2188651,29.6932234,11,0,11
1298,70094,-90.143566,29.9114344,41,0,41
1299,71001,-92.921628,32.5476007,7,2,9
1300,70726,-90.9608476,30.480507,32,3,35
1301,70559,-92.49956902,30.12316503,6,1,7
1302,70541,-92.040623,30.414999,5,0,5
1303,70422,-90.5086277,30.72733378,28,1,29
1304,71002,-93.1358374,32.1093379,1,0,1
1305,71419,-93.69605397,31.78184613,1,0,1
1306,71483,-92.63911125,31.92330988,13,6,19
1307,70447,-90.15658762,30.40372997,6,1,7
1308,71341,-92.12151733,31.05262148,3,4,7
1309,71268,-92.72127664,32.34812444,1,0,1
1310,71360,-92.43182334,31.32417426,57,0,57
1311,71021,-93.45456246,32.96815874,3,2,5
1312,70524,-92.3206352,30.56937621,1,0,1
1313,71479,-92.32818437,31.82058148,1,3,4
1314,71375,-91.38032807,31.80837305,3,0,3
1315,71411,-93.11581826,31.88938969,1,0,1
1316,70437,-90.18910495,30.63025535,4,0,4
1317,95632,-121.3055225,38.2638255,32,0,32
1318,95422,-122.6491262,38.9614489,21,0,21
1319,95453,-122.9156653,39.0477902,12,1,13
1320,95322,-121.0015869,37.2566595,9,0,9
1321,94030,-122.3961919,37.6027057,19,1,20
1322,93921,-121.9196765,36.5578866,14,0,14
1323,96150,-119.9717544,38.9331401,41,0,41
1324,94501,-122.2429695,37.7670466,94,0,94
1325,95370,-120.3833168,37.9837707,13,1,14
1326,93274,-119.3426028,36.2062483,71,0,71
1327,94015,-122.4735253,37.6905081,113,1,114
1328,90740,-118.0877054,33.7527209,29,0,29
1329,92223,-116.9738856,33.9306667,54,0,54
1330,96094,-122.3845058,41.4274383,10,0,10
1331,95222,-120.5591379,38.0803452,9,0,9
1332,94513,-121.684133,37.9193282,60,0,60
1333,94520,-122.0316716,37.970831,161,0,161
1334,92832,-117.9281457,33.870854,159,20,179
1335,95366,-121.136069,37.7414528,27,2,29
1336,96001,-122.3925295,40.585888,118,0,118
1337,95050,-121.938459,37.3537766,141,0,141
1338,93505,-117.9593266,35.1278075,17,10,27
1339,94577,-122.1590327,37.7280092,95,0,95
1340,94941,-122.5223952,37.8967005,22,0,22
1341,52142,-91.80199416,42.84481091,2,0,2
1342,51028,-95.9669153,42.5890831,2,2,4
1343,50447,-93.79282223,42.9350875,1,0,1
1344,51246,-96.16915461,43.42756469,9,0,9
1345,52172,-91.47630147,43.27056451,8,0,8
1346,50436,-93.6387054,43.2622735,6,1,7
1347,92584,-117.1662245,33.67532874,0,0,0
1348,51501,-95.8652361,41.2843915,50,0,50
1349,85607,-109.556473,31.3493629,33,0,33
1350,85638,-110.0672056,31.7136597,8,0,8
1351,85326,-112.5726257,33.372294,63,1,64
1352,85737,-110.9952224,32.4077449,103,5,108
1353,85228,-111.5232583,32.968651,33,0,33
1354,85231,-111.5551515,32.7561039,32,1,33
1355,85350,-114.7684477,32.6147609,18,0,18
1356,71857,-93.3805399,33.7999174,6,0,6
1357,33471,-81.1242045,26.8384534,48,0,48
1358,34475,-82.1749952,29.1920596,349,0,349
1359,32778,-81.7306198,28.8014864,286,0,286
1360,32347,-83.5817323,30.1175267,31,0,31
1361,32960,-80.4275292,27.66459474,226,1,227
1362,32804,-81.4115947,28.5514727,1398,29,1427
1363,32110,-81.2609614,29.4595842,130,0,130
1364,34601,-82.4217855,28.5472469,249,1,250
1365,33935,-81.436628,26.7605325,67,4,71
1366,32327,-84.3772057,30.1965971,79,8,87
1367,32328,-84.8308674,29.7761062,38,2,40
1368,34266,-81.8562912,27.2170745,55,0,55
1369,33830,-81.8437813,27.8987522,600,28,628
1370,33613,-82.4371234,28.0754033,1223,64,1287
1371,93662,-119.6124056,36.5673569,36,0,36
1372,93221,-119.1387499,36.2973373,16,11,27
1373,95618,-121.7193041,38.5511529,59,2,61
1374,96080,-122.2351832,40.175614,25,0,25
1375,93247,-119.0884685,36.2043024,14,4,18
1376,94957,-122.5566444,37.9630265,9,0,9
1377,52565,-91.96336713,40.73357264,5,0,5
1378,50588,-95.17793637,42.64169153,9,1,10
1379,50595,-93.8150737,42.4531706,9,0,9
1380,51534,-95.74146394,41.04718883,10,0,10
1381,51334,-94.83615467,43.40356356,8,0,8
1382,51546,-95.790106,41.6424141,8,0,8
1383,94544,-122.061762,37.6059604,0,0,0
1384,52240,-91.5365603,41.6550019,63,0,63
1385,85232,-111.3761353,33.0403735,218,0,218
1386,85364,-114.6224525,32.724654,72,0,72
1387,85546,-109.7184891,32.8339603,23,0,23
1388,81036,-102.779976,38.4795166,4,0,4
1389,81252,-105.4624025,38.1344282,9,0,9
1390,81435,-107.9061639,37.9460922,17,2,19
1391,80701,-103.7892626,40.2520829,25,2,27
1392,95453,-122.9106696,39.1116539,0,0,0
1393,81082,-104.4851281,37.18296724,14,0,14
1394,80720,-103.1922848,40.1580676,35,0,35
1395,80444,-105.6983314,39.7058137,36,0,36
1396,81050,-103.5395996,37.986649,9,0,9
1397,80807,-102.2713558,39.3028862,7,0,7
1398,30014,-83.8311806,33.6286564,152,9,161
1399,31730,-84.1788936,31.23069071,25,0,25
1400,31082,-82.8357919,32.9609232,18,3,21
1401,94038,-122.5128032,37.5277124,0,0,0
1402,30132,-84.8175511,33.9448269,175,0,175
1403,31901,-84.99120032,32.46345937,16,0,16
1404,31546,-81.87932164,31.60385389,28,23,51
1405,31539,-82.5997798,31.8620914,15,0,15
1406,30040,-84.13862268,34.20555889,253,0,253
1407,31788,-83.7611606,31.182373,53,0,53
1408,31064,-83.716752,33.3177878,16,5,21
1409,31714,-83.6394032,31.686132,17,1,18
1410,95018,-122.0647555,37.0416262,0,0,0
1411,30802,-82.3075049,33.5356122,206,0,206
1412,30458,-81.7669065,32.4656545,46,0,46
1413,39845,-84.8850642,31.0418589,11,1,12
1414,30677,-83.41467496,33.86779634,48,2,50
1415,30442,-81.9366391,32.8016483,3,6,9
1416,30512,-83.940812,34.8735617,32,1,33
1417,30650,-83.4518402,33.627123,29,4,33
1418,31329,-81.3167209,32.3646766,69,0,69
1419,31503,-82.40328164,31.26069364,35,0,35
1420,30828,-82.652979,33.410001,5,0,5
1421,31701,-84.1523574,31.5790625,114,3,117
1422,30417,-81.9075782,32.1617748,8,2,10
1423,30705,-84.7863979,34.7811108,38,0,38
1424,31321,-81.6185362,32.134499,35,0,35
1425,30012,-84.0581883,33.6869998,170,0,170
1426,30453,-82.12004293,32.08760771,17,1,18
1427,94115,-122.4323805,37.7801808,0,0,0
1428,50025,-94.9296209,41.7215146,5,4,9
1429,32579,-86.583045,30.4390464,3,1,4
1430,34737,-81.773266,28.7143258,6,0,6
1431,32726,-81.6848149,28.8461614,43,4,47
1432,32413,-85.8895552,30.2288364,50,0,50
1433,32570,-87.0403784,30.6327333,20,1,21
1434,33051,-81.0182638,24.7215181,6,0,6
1435,33617,-82.3941424,28.0504461,52,0,52
1436,33455,-80.1115033,27.0528209,16,3,19
1437,32440,-85.5137064,30.9569115,6,0,6
1438,34705,-81.73384208,28.7108255,5,0,5
1439,32080,-81.2789675,29.8535896,16,0,16
1440,33890,-81.79676518,27.49471408,1,0,1
1441,32628,-83.1257255,29.6364345,5,0,5
1442,32707,-81.3372337,28.6726981,52,0,52
1443,32501,-87.2134173,30.4207529,146,0,146
1444,33149,-80.1649301,25.6907943,27,0,27
1445,92879,-117.5655747,33.87501,0,0,0
1446,33144,-80.2954393,25.7622673,17,4,21
1447,33154,-80.1267953,25.8872073,31,0,31
1448,33154,-80.129835,25.8775478,11,5,16
1449,30125,-85.2532302,34.0149837,32,0,32
1450,71373,-91.4579871,31.5752849,250,0,250
1451,70403,-90.46792207,30.47690553,129,0,129
1452,70655,-92.7721708,30.6201371,27,3,30
1453,71270,-92.6387997,32.5270804,46,0,46
1454,70510,-92.13557988,29.97361461,106,0,106
1455,70754,-90.7502433,30.4989717,125,0,125
1456,71418,-92.0745824,32.1054243,28,4,32
1457,71483,-92.6391189,31.9263671,23,6,29
1458,70570,-92.084475,30.5340845,90,0,90
1459,70722,-91.01841814,30.86627424,61,25,86
1460,71040,-93.05488812,32.79294061,37,1,38
1461,70634,-93.2838846,30.8418589,63,25,88
1462,70441,-90.6673078,30.8289762,22,0,22
1463,92123,-117.1289965,32.8094196,0,0,0
1464,70546,-92.6557927,30.2230684,67,0,67
1465,71201,-92.11569423,32.49865094,431,0,431
1466,02472,-71.200757,42.371218,65,0,65
1467,30549,-83.5739703,34.11610169,3,0,3
1468,01562,-72.0057982,42.236554,17,0,17
1469,01267,-73.2096413,42.714657,12,1,13
1470,01960,-70.94081881,42.52409317,94,0,94
1471,02631,-70.07972286,41.74477897,20,0,20
1472,02575,-70.665134,41.418135,9,0,9
1473,02465,-71.22763168,42.34942008,136,0,136
1474,01034,-72.8805533,42.0669235,1,11,12
1475,01027,-72.6707179,42.265622,27,5,32
1476,01033,-72.523603,42.2549816,10,14,24
1477,02030,-71.2799976,42.2436112,16,5,21
1478,02026,-71.1739702,42.2481019,60,0,60
1479,01050,-72.879613,42.2342761,1,5,6
1480,01876,-71.2359421,42.6133578,54,54,108
1481,02176,-71.0665273,42.4547354,42,0,42
1482,01040,-72.6084584,42.2039603,123,24,147
1483,01568,-71.6059577,42.1749226,12,6,18
1484,01801,-71.1565564,42.4817015,74,19,93
1485,01879,-71.420439,42.6697039,22,0,22
1486,01223,-73.05835,42.2767926,2,7,9
1487,01373,-72.62147832,42.44541617,2,11,13
1488,02770,-70.8182855,41.73047236,10,5,15
1489,01585,-72.1423619,42.235192,6,6,12
1490,01370,-72.7387436,42.6034199,2,8,10
1491,01529,-71.5817465,42.0271986,5,8,13
1492,01035,-72.58318099,42.35269594,11,7,18
1493,01262,-73.3085801,42.2812572,6,6,12
1494,01469,-71.7000727,42.6764607,15,7,22
1495,02150,-71.03997809,42.38911899,92,0,92
1496,01060,-72.63243308,42.31972321,58,11,69
1497,02341,-70.8700878,42.0399806,21,5,26
1498,01721,-71.46558203,42.26052911,28,1,29
1499,01969,-70.91629286,42.70634952,13,8,21
1500,01756,-71.55130278,42.10553921,13,2,15
1501,02332,-70.700132,42.033434,26,21,47
1502,02739,-70.8056341,41.6634891,16,8,24
1503,51249,-95.7496203,43.4024257,9,0,9
1504,51537,-95.3209842,41.6574342,8,0,8
1505,50801,-94.3619102,41.0601248,5,0,5
1506,94720,-122.2587539,37.8695489,73,0,73
1507,95501,-124.16237,40.8028906,91,0,91
1508,91737,-117.5715645,34.1476831,7,1,8
1509,95901,-121.5869929,39.1411552,66,0,66
1510,95112,-121.8629233,37.32538843,12,0,12
1511,95616,-121.7576904,38.5405689,47,0,47
1512,90095,-118.4454579,34.0673977,57,0,57
1513,95603,-121.1079037,38.9373503,228,46,274
1514,90650,-118.0962058,33.88657022,10,0,10
1515,95192,-121.880224,37.3333603,31,0,31
1516,95932,-122.0033101,39.2056105,30,0,30
1517,95358,-120.9899639,37.5847535,0,0,0
1518,95231,-121.2951673,37.8857202,280,53,333
1519,96001,-122.3951828,40.5828081,154,25,179
1520,94928,-122.6785585,38.3389572,13,0,13
1521,96093,-122.9460883,40.7364346,16,1,17
1522,93291,-119.3171602,36.3280671,513,0,513
1523,95338,-119.9664506,37.4902031,38,5,43
1524,01588,-71.64604839,42.12881633,18,6,24
1525,02748,-70.9601779,41.6026337,60,6,66
1526,01450,-71.57988719,42.60823916,16,3,19
1527,51016,-95.7858094,42.4739812,1,3,4
1528,50651,-92.1925731,42.3152935,4,3,7
1529,50022,-95.0118981,41.4068055,12,0,12
1530,50054,-93.2448374,41.6776981,4,6,10
1531,51566,-95.2258288,41.0099162,11,11,22
1532,52772,-91.1300227,41.76960857,6,1,7
1533,52778,-91.0164172,41.5885353,4,6,10
1534,52358,-91.3439195,41.6709459,3,0,3
1535,92590,-117.1607421,33.5109216,0,0,0
1536,50265,-93.7529067,41.5675197,66,0,66
1537,06109,-72.6665427,41.7203447,46,0,46
1538,06320,-72.0959638,41.3569362,90,0,90
1539,06403,-73.0664296,41.4458662,2,10,12
1540,96027,-122.8936596,41.4561975,2,0,2
1541,94571,-121.6888662,38.1700006,14,2,16
1542,95648,-121.2919261,38.8926229,35,0,35
1543,94707,-122.2787202,37.9062162,10,0,10
1544,94553,-122.1353344,38.0140711,36,7,43
1545,94515,-122.579984,38.5786045,11,0,11
1546,91741,-117.8646892,34.1347181,53,0,53
1547,85621,-110.9278497,31.3553822,43,0,43
1548,31553,-81.980207,31.219174,13,0,13
1549,71043,-93.87790565,32.89239213,1,1,2
1550,85296,-111.7882038,33.32940782,227,0,227
1551,72112,-91.2848921,35.604786,12,0,12
1552,80860,-105.1424886,38.71065075,3,0,3
1553,80610,-104.7329119,40.58264711,5,1,6
1554,81151,-105.9039393,37.25778999,3,2,5
1555,80810,-102.3489111,38.82139691,5,1,6
1556,93041,-119.1948845,34.1497089,24,0,24
1557,81645,-106.4304601,39.58612214,3,0,3
1558,30528,-83.76298639,34.5954645,12,1,13
1559,30436,-82.32309542,32.20849478,15,1,16
1560,30655,-83.7134549,33.7941747,39,0,39
1561,31764,-84.08695249,31.95532389,4,0,4
1562,31533,-82.8515696,31.5108691,31,0,31
1563,30340,-84.2791792,33.9006856,38,0,38
1564,39834,-84.4331661,30.8758712,1,0,1
1565,39828,-84.20833393,30.8770617,23,0,23
1566,30107,-84.37249289,34.38209737,1,1,2
1567,95717,-120.8345393,39.1882301,0,0,0
1568,30047,-84.1339054,33.8863241,27,0,27
1569,30517,-83.76220828,34.10773656,12,0,12
1570,39837,-84.7385337,31.1727928,9,1,10
1571,31763,-84.1728027,31.7326567,11,0,11
1572,31011,-83.0655942,32.1044222,1,0,1
1573,30213,-84.58495426,33.563097,32,0,32
1574,30180,-84.91840267,33.73176611,36,0,36
1575,31634,-82.75127102,31.03521574,6,0,6
1576,31092,-83.79819166,32.09194543,8,0,8
1577,31537,-82.0074545,30.831983,7,0,7
1578,30425,-82.09466155,32.65323071,1,0,1
1579,30450,-81.93221743,32.53749804,2,0,2
1580,31513,-82.3587178,31.78357245,11,0,11
1581,30805,-82.20623352,33.29793377,1,2,3
1582,30471,-82.15579851,32.5829268,2,8,10
1583,30222,-84.71402873,33.02923089,5,2,7
1584,95386,-120.7608981,37.6419853,0,0,0
1585,31901,-84.98540999,32.4642015,400,0,400
1586,31071,-83.50022923,32.1103509,1,1,2
1587,31087,-82.9751406,33.27541823,5,1,6
1588,30533,-83.98255798,34.52951088,11,2,13
1589,06473,-72.8623531,41.3875406,48,0,48
1590,72132,-92.1868084,34.4435368,4,2,6
1591,71770,-93.29349776,33.35323008,2,6,8
1592,72858,-93.0458827,35.249056,5,1,6
1593,72479,-90.90063439,35.62014032,1,1,2
1594,71953,-94.2395037,34.5868678,13,20,33
1595,72103,-92.39555427,34.62415522,7,6,13
1596,72461,-90.29188077,36.2633845,4,2,6
1597,72857,-93.2975479,34.9889582,1,1,2
1598,72753,-94.31557742,35.97540644,11,1,12
1599,72764,-94.12918781,36.18687973,117,0,117
1600,71667,-91.84456337,33.93981937,9,0,9
1601,71762,-92.72356974,33.36421841,4,2,6
1602,72370,-89.97137442,35.69708987,23,2,25
1603,72114,-92.26879052,34.77890845,185,0,185
1604,72450,-90.48890614,36.05652585,41,0,41
1605,72450,-90.54595407,36.07991575,15,2,17
1606,72768,-94.4580459,36.4824266,2,2,4
1607,72758,-94.1433119,36.310257,99,0,99
1608,71860,-93.49827781,33.36524465,3,0,3
1609,72384,-90.2557939,35.3765728,1,3,4
1610,72556,-91.91790515,36.05843672,12,0,12
1611,72761,-94.5409843,36.1880734,32,0,32
1612,72774,-94.18926056,35.9244049,6,0,6
1613,72396,-90.78718372,35.22194521,17,0,17
1614,72472,-90.50707524,35.66796574,16,8,24
1615,72560,-92.13042673,35.86800931,8,0,8
1616,72364,-90.1977251,35.2147201,23,6,29
1617,72121,-91.83724325,35.42693481,1,1,2
1618,33312,-80.15854562,26.12141055,482,28,510
1619,33435,-80.06334944,26.52857151,165,0,165
1620,32460,-84.920136,30.7109335,5,3,8
1621,34449,-82.67340387,29.03261217,4,3,7
1622,32937,-80.59793952,28.14592669,19,0,19
1623,80424,-106.0480393,39.49843971,23,0,23
1624,81433,-107.6620732,37.81483104,3,3,6
1625,80645,-104.7027658,40.35092342,6,0,6
1626,81052,-102.6185795,38.0847373,22,0,22
1627,80759,-102.7214707,40.12352789,6,0,6
1628,81067,-103.7218702,38.0528092,8,0,8
1629,81140,-105.9604497,37.27375067,4,1,5
1630,81152,-105.4259693,37.1984066,7,3,10
1631,80212,-105.0551861,39.7744429,2,8,10
1632,80814,-105.1513394,38.94305689,72,0,72
1633,30303,-84.3911455,33.7506518,60,0,60
1634,30631,-82.8965949,33.5546238,9,0,9
1635,31029,-83.9629353,33.0548839,49,0,49
1636,30809,-82.1328394,33.54556239,4,0,4
1637,30445,-82.59363729,32.17489083,4,2,6
1638,31750,-83.257735,31.69564803,28,4,32
1639,39870,-84.34223046,31.31786344,3,0,3
1640,31815,-84.79088001,32.05068395,5,0,5
1641,71103,-93.761571,32.4805992,49,0,49
1642,71202,-92.1088438,32.4487284,3,10,13
1643,92335,-117.433732,34.1016483,184,0,184
1644,92025,-117.0905017,33.1177424,163,0,163
1645,92401,-117.2923722,34.1125153,345,0,345
1646,95360,-121.0229357,37.3170095,12,1,13
1647,95965,-121.5740442,39.5294827,110,0,110
1648,92078,-117.1543365,33.13420117,16,0,16
1649,92410,-117.294865,34.1216342,25,0,25
1650,92410,-117.3133365,34.08632265,9,4,13
1651,93727,-119.7217618,36.77288148,5,0,5
1652,92335,-117.4542258,34.07801791,16,0,16
1653,93710,-119.7484483,36.8155444,19,0,19
1654,93106,-119.8530048,34.42181,33,0,33
1655,92054,-117.3941374,33.20978128,10,0,10
1656,93401,-120.6608971,35.28294332,156,0,156
1657,95818,-121.4794301,38.55640992,7202,0,7202
1658,32340,-83.41245212,30.46901495,27,2,29
1659,93449,-120.6402872,35.1442945,23,2,25
1660,95562,-124.1067135,40.49888935,6,0,6
1661,94556,-122.1289393,37.8619157,10,0,10
1662,01923,-70.9686629,42.59009747,17,0,17
1663,02155,-71.09720466,42.40219979,200,10,210
1664,85552,-109.7620192,32.849509,11,0,11
1665,86022,-112.5270955,36.94972803,4,2,6
1666,85356,-114.1482083,32.6727537,5,0,5
1667,85281,-111.9376671,33.425971,357,6,363
1668,33166,-80.3172688,25.8412638,32,0,32
1669,32696,-82.447176,29.3856072,12,3,15
1670,33063,-80.2049833,26.2420509,120,0,120
1671,33440,-80.935413,26.7526703,20,10,30
1672,32333,-84.4143434,30.625399,10,4,14
1673,32751,-81.3767468,28.6182054,15,0,15
1674,32401,-85.6149368,30.153381,15,5,20
1675,34972,-80.8290882,27.2434319,20,2,22
1676,33054,-80.2418684,25.9064079,35,3,38
1677,34787,-81.5883887,28.5660652,64,0,64
1678,34601,-82.4009166,28.5546795,24,2,26
1679,02325,-70.9596929,41.9854905,21,5,26
1680,01440,-71.9841808,42.5931365,8,0,8
1681,02118,-71.0642817,42.3318551,256,0,256
1682,02747,-71.00137,41.627164,23,0,23
1683,92064,-117.0463429,32.9551736,0,0,0
1684,50250,-94.31672023,41.5038473,3,0,3
1685,51063,-96.15243943,42.12724851,1,1,2
1686,52654,-91.66189034,41.14730456,1,2,3
1687,06357,-72.1936546,41.322906,21,3,24
1688,06374,-71.904661,41.7052618,17,0,17
1689,92283,-114.6160028,32.73164909,8,3,11
1690,34668,-82.7094605,28.2813046,11,1,12
1691,32324,-84.8466371,30.7038166,9,4,13
1692,32425,-85.6802514,30.7848968,5,4,9
1693,33408,-80.0561994,26.8123558,32,0,32
1694,32034,-81.4512578,30.6550315,35,4,39
1695,32428,-85.5529352,30.778031,11,0,11
1696,33838,-81.6192737,28.0220078,9,1,10
1697,33462,-80.05545631,26.57650672,30,2,32
1698,32174,-81.0607628,29.2828816,65,0,65
1699,32750,-81.349523,28.7014329,40,0,40
1700,33709,-82.7126777,27.8141937,14,0,14
1701,34292,-82.4136298,27.1017328,48,0,48
1702,33462,-80.0972201,26.5951008,13,2,15
1703,33172,-80.3439553,25.7984489,3093,0,3093
1704,32193,-81.67051973,29.47931087,1,0,1
1705,33462,-80.0389861,26.5800021,10,0,10
1706,81003,-104.6093623,38.2658726,195,0,195
1707,81501,-108.5622338,39.0650041,108,0,108
1708,81132,-106.3557363,37.67871409,5,0,5
1709,80214,-105.0616393,39.7531404,15,0,15
1710,80246,-104.9360247,39.6991427,20,5,25
1711,80751,-103.2071839,40.6288853,22,0,22
1712,80644,-104.5617553,40.3874914,4,0,4
1713,80233,-104.9882738,39.9095859,68,0,68
1714,80517,-105.5203697,40.3775074,19,0,19
1715,80027,-105.1634969,39.97262224,33,1,34
1716,80020,-105.0683333,39.9206944,105,0,105
1717,80104,-104.8582544,39.3709069,53,1,54
1718,80134,-104.772093,39.532693,58,0,58
1719,80498,-106.0747424,39.6359394,16,0,16
1720,81427,-107.6705293,38.0230088,5,0,5
1721,80012,-104.8131253,39.7115624,627,0,627
1722,80113,-104.958132,39.6375719,21,0,21
1723,80435,-106.0457125,39.6297591,9,0,9
1724,81125,-106.1080883,37.7535644,5,0,5
1725,81230,-106.9284678,38.5452419,14,0,14
1726,80731,-102.6234276,40.6381605,2,0,2
1727,80734,-102.2977775,40.58599946,3,1,4
1728,81225,-106.9663951,38.91178205,7,0,7
1729,81435,-107.8562577,37.9335827,7,0,7
1730,80651,-104.8236277,40.2177698,7,1,8
1731,80550,-104.901141,40.47803526,18,0,18
1732,80422,-105.4953632,39.801871,25,0,25
1733,80031,-105.0486239,39.86152034,178,0,178
1734,31525,-81.4984343,31.26099,114,0,114
1735,30344,-84.4421948,33.6807907,116,14,130
1736,71340,-91.81965203,31.77203475,4,0,4
1737,95453,-122.9275548,39.0410026,61,10,71
1738,96080,-122.1869598,40.18631821,48,0,48
1739,92660,-117.8803105,33.6232006,140,23,163
1740,01702,-71.4176063,42.2806498,118,0,118
1741,46147,-86.6240445,39.924166,2,0,2
1742,46516,-85.9691258,41.6842777,124,0,124
1743,62301,-91.4036889,39.9315753,75,0,75
1744,49440,-86.2462554,43.2351144,80,0,80
1745,46123,-86.40863638,39.76309018,21,0,21
1746,47172,-85.7545845,38.3977914,15,0,15
1747,61602,-89.5961169,40.6872249,246,0,246
1748,61813,-88.57347758,39.92267594,1,1,2
1749,40507,-84.4966215,38.0455545,549,0,549
1750,61957,-88.59452814,39.43823242,2,6,8
1751,60966,-87.5649222,40.7704786,1,2,3
1752,61727,-88.9611855,40.1538841,16,0,16
1753,62466,-87.8605088,38.7152967,2,4,6
1754,42748,-85.74238599,37.57174624,4,1,5
1755,61329,-89.2187555,41.3821546,1,6,7
1756,46164,-86.1038184,39.3542237,3,1,4
1757,40208,-85.75527033,38.21590309,30,0,30
1758,60548,-88.61712642,41.64357406,16,1,17
1759,46323,-87.46956437,41.58797675,10,0,10
1760,66713,-94.73629591,37.02446865,9,0,9
1761,60501,-87.8182012,41.7699028,37,0,37
1762,60020,-88.1577089,42.3885219,26,7,33
1763,47018,-85.061719,39.0217965,1,2,3
1764,19934,-75.5425216,39.1136868,14,0,14
1765,21740,-77.7261659,39.6457515,105,0,105
1766,19952,-75.5789289,38.9243308,9,0,9
1767,62010,-90.0399447,38.910864,16,1,17
1768,60118,-88.2872652,42.0913105,21,0,21
1769,67356,-95.10828697,37.16566142,18,2,20
1770,62062,-89.95458586,38.72803668,13,0,13
1771,60910,-87.8104679,41.0851482,1,5,6
1772,20001,-77.016616,38.894152,3742,0,3742
1773,83442,-111.9104947,43.67888151,18,0,18
1774,40069,-85.2220008,37.6829836,9,0,9
1775,21643,-75.86074167,38.63509471,7,0,7
1776,20815,-77.0776307,38.9707365,11,0,11
1777,20912,-77.0103977,38.981622,41,0,41
1778,47336,-85.20935375,40.3753535,5,5,10
1779,83638,-116.0993683,44.9087964,10,0,10
1780,60538,-88.3876539,41.7242549,23,6,29
1781,41001,-84.394204,38.9574934,13,1,14
1782,60448,-87.8823668,41.5331443,34,0,34
1783,66967,-98.78155462,39.77607165,5,1,6
1784,83353,-114.3455533,43.6924767,10,0,10
1785,61088,-89.24234692,42.26607732,6,3,9
1786,62201,-90.1625925,38.6265855,69,0,69
1787,66538,-96.06506535,39.83705063,8,3,11
1788,60401,-87.6285791,41.3423206,9,5,14
1789,40213,-85.7301841,38.1996623,6,7,13
1790,67114,-97.34380439,38.05144656,17,5,22
1791,61277,-89.93631293,41.66973198,3,1,4
1792,67401,-97.61417711,38.84491078,44,0,44
1793,48615,-84.4788997,43.407706,2,5,7
1794,48626,-84.23038343,43.42320711,4,0,4
1795,40962,-83.7619859,37.153629,11,1,12
1796,48433,-83.8419627,43.0642871,13,7,20
1797,48858,-84.7755613,43.605883,26,0,26
1798,48879,-84.5343175,42.9888784,21,0,21
1799,49931,-88.5683802,47.1200394,20,5,25
1800,66725,-94.8305106,37.1641791,17,2,19
1801,49868,-85.5145805,46.3522908,4,0,4
1802,40150,-85.732469,37.834277,5,0,5
1803,49307,-85.4779067,43.6963564,23,0,23
1804,67879,-101.7507479,38.47135795,3,3,6
1805,21740,-77.7622209,39.6385496,94,0,94
1806,49090,-86.2602244,42.4093498,19,2,21
1807,60440,-88.0805924,41.69656138,122,0,122
1808,62806,-88.0572613,38.3777711,3,2,5
1809,42003,-88.59964455,37.08291676,38,0,38
1810,42743,-85.5035234,37.2610679,4,0,4
1811,04530,-69.82049239,43.91149605,19,6,25
1812,49709,-84.1723151,45.0066071,12,1,13
1813,66061,-94.8200986,38.8826395,496,0,496
1814,67871,-100.9087043,38.48429446,3,1,4
1815,67124,-98.73732888,37.64342579,8,0,8
1816,40962,-83.76306048,37.15475772,18,0,18
1817,66208,-94.6315792,38.9889403,44,0,44
1818,49078,-85.6953374,42.46155458,6,4,10
1819,48732,-83.8452381,43.614167,8,0,8
1820,48650,-83.9624311,43.856219,3,0,3
1821,04011,-69.97592,43.912721,35,0,35
1822,49014,-85.178588,42.317755,113,0,113
1823,49065,-85.8491396,42.1671401,6,0,6
1824,61061,-89.3291486,42.01283286,30,0,30
1825,20746,-76.8878129,38.8279638,7,0,7
1826,48817,-84.1175846,42.9831454,2,6,8
1827,66441,-96.8268198,39.031704,49,0,49
1828,49115,-86.6249364,41.8727005,5,3,8
1829,66205,-94.61697679,39.03399929,9,0,9
1830,66206,-94.634936,38.915766,61,0,61
1831,66861,-97.0180549,38.3488661,5,5,10
1832,67467,-97.70733316,39.12288623,5,2,7
1833,49682,-85.6890706,44.9938095,18,2,20
1834,48202,-83.0818816,42.382142,60,0,60
1835,49870,-87.907773,45.7892603,4,3,7
1836,83631,-115.8328364,43.82961814,1,1,2
1837,83631,-115.8395985,43.8228985,11,0,11
1838,04276,-70.5461317,44.5466669,12,4,16
1839,49802,-88.0982696,45.8044158,20,0,20
1840,48831,-84.3881036,43.0883879,2,3,5
1841,48414,-84.06530984,42.87588376,1,2,3
1842,48014,-82.9275129,43.0145205,3,5,8
1843,48867,-84.17267,42.9965089,21,0,21
1844,48039,-82.500019,42.715744,5,11,16
1845,47920,-86.84063734,40.51065845,0,5,5
1846,83676,-116.9097715,43.6778187,3,0,3
1847,83221,-112.3445426,43.1943299,34,0,34
1848,67114,-97.34363376,38.05132904,32,0,32
1849,46052,-86.4494931,40.0331354,28,0,28
1850,19977,-75.614125,39.299879,22,0,22
1851,62292,-89.680271,38.2114926,1,2,3
1852,47970,-87.0947361,40.4887499,2,3,5
1853,46077,-86.2748251,39.9476528,22,0,22
1854,04785,-67.9339617,47.1556667,3,4,7
1855,04654,-67.46587,44.7179306,3,11,14
1856,04073,-70.77499331,43.43828911,41,0,41
1857,03909,-70.671662,43.152088,27,23,50
1858,47562,-86.9909169,38.8421053,2,0,2
1859,47944,-87.3204588,40.6178897,4,1,5
1860,46041,-86.5087496,40.2791955,20,0,20
1861,48750,-83.3307044,44.4200903,12,0,12
1862,46740,-84.9578261,40.5922673,3,0,3
1863,19933,-75.60360226,38.74308118,8,0,8
1864,19973,-75.6110543,38.6334139,3,0,3
1865,19801,-75.5483019,39.7387328,306,0,306
1866,42754,-86.29439651,37.47992682,9,4,13
1867,46065,-86.5954659,40.4167127,2,0,2
1868,48883,-84.69444706,43.52403684,1,0,1
1869,49254,-84.32654449,42.22369249,7,1,8
1870,19975,-75.2269708,38.4570742,7,4,11
1871,19968,-75.3100428,38.7774945,10,0,10
1872,46050,-86.3598524,40.1929643,1,0,1
1873,42031,-88.99416574,36.66674111,2,1,3
1874,19904,-75.5290936,39.154574,90,0,90
1875,48047,-82.8351173,42.6427233,50,0,50
1876,48065,-83.014269,42.8023758,7,0,7
1877,48864,-84.4144503,42.7288914,44,0,44
1878,49682,-85.64822194,44.97843445,1,2,3
1879,49221,-84.0359329,41.903156,44,0,44
1880,46738,-85.1374911,41.3514501,12,3,15
1881,48755,-83.2701213,43.8294416,1,5,6
1882,49228,-83.85446448,41.82942181,6,0,6
1883,49256,-84.2171355,41.7189517,3,5,8
1884,48917,-84.5931972,42.733529,15,0,15
1885,40177,-85.9480151,38.0000861,4,0,4
1886,40380,-83.8598366,37.8531457,6,1,7
1887,40380,-83.8581815,37.853225,6,0,6
1888,42718,-85.3462582,37.3409902,23,0,23
1889,42066,-88.6351371,36.740937,10,0,10
1890,48003,-83.0468127,42.9281855,8,6,14
1891,49931,-88.5653095,47.1222048,7,5,12
1892,40391,-84.1776912,37.9934596,12,23,35
1893,46721,-84.87112221,41.43086315,7,10,17
1894,47348,-85.27727765,40.45064542,8,4,12
1895,40330,-84.8412734,37.7670989,16,0,16
1896,40108,-86.17385563,37.9986494,5,0,5
1897,49250,-84.6658401,41.9825721,5,1,6
1898,40356,-84.5747684,37.8806008,24,0,24
1899,42303,-87.1128586,37.7740686,40,2,42
1900,49915,-88.6281112,46.0697577,1,1,2
1901,49920,-88.3328616,46.0961782,3,4,7
1902,40823,-82.98156999,36.97523398,6,0,6
1903,46947,-86.3669297,40.755226,18,11,29
1904,48093,-83.0242313,42.5131736,230,0,230
1905,48616,-84.1273213,43.1864112,0,4,4
1906,48005,-82.8829914,42.8449995,2,10,12
1907,49331,-85.3367934,42.9348967,6,8,14
1908,41042,-84.64233497,38.99773839,60,1,61
1909,49319,-85.5508121,43.2224249,7,3,10
1910,49506,-85.6105189,42.9482125,29,0,29
1911,40361,-84.25220234,38.21183399,27,2,29
1912,41076,-84.45454969,39.02985593,18,0,18
1913,66935,-97.6317928,39.8232663,5,4,9
1914,66711,-94.6258363,37.6432976,0,2,2
1915,40011,-85.20163563,38.52389859,1,1,2
1916,66012,-94.8850838,39.0587453,25,1,26
1917,41522,-82.3444788,37.3041747,2,0,2
1918,66090,-94.94691545,39.75954064,2,5,7
1919,67002,-97.1359787,37.7016196,19,2,21
1920,40351,-83.4355425,38.1818041,21,0,21
1921,67669,-99.2740398,39.4357508,5,3,8
1922,66507,-96.02700453,39.0821948,1,0,1
1923,40050,-85.16815889,38.43420001,5,0,5
1924,67074,-96.7878717,37.6832792,1,0,1
1925,40008,-85.32058437,37.91362991,1,0,1
1926,48446,-83.2835363,43.0152372,1,2,3
1927,42539,-84.93899603,37.31618151,6,1,7
1928,21811,-75.1599764,38.3992264,15,1,16
1929,42749,-85.90521368,37.18036298,4,1,5
1930,41301,-83.54723353,37.73519639,2,0,2
1931,49221,-84.03743519,41.89713604,33,0,33
1932,49660,-86.32419789,44.24715451,12,0,12
1933,49855,-87.3990173,46.5420122,30,0,30
1934,20877,-77.195406,39.1399595,51,0,51
1935,04694,-67.4085787,45.1543219,4,6,10
1936,41095,-84.89950402,38.78535379,5,1,6
1937,04915,-69.0078078,44.4261867,12,8,20
1938,48427,-82.75380749,43.52788569,1,3,4
1939,49858,-87.6141321,45.121226,14,0,14
1940,41031,-84.2989739,38.3890518,10,0,10
1941,04976,-69.7159527,44.7664286,12,8,20
1942,04619,-67.2864377,45.1793036,7,5,12
1943,04347,-69.79053543,44.2872602,5,10,15
1944,04963,-69.71241931,44.54812496,9,12,21
1945,48371,-83.2666948,42.8242498,5,5,10
1946,21655,-75.9084831,38.7121501,2,1,3
1947,04294,-70.2234786,44.5950183,6,14,20
1948,04901,-69.6289896,44.5498539,31,0,31
1949,04345,-69.7723012,44.2286946,12,0,12
1950,04210,-70.2319215,44.0972574,49,0,49
1951,48453,-83.0789372,43.3271103,4,6,10
1952,67202,-97.33916667,37.69286914,662,0,662
1953,40701,-84.0945723,36.9420137,19,0,19
1954,42129,-85.61188094,36.97990747,7,0,7
1955,48036,-82.9047954,42.580716,110,0,110
1956,49445,-86.2721737,43.2533937,7,5,12
1957,49461,-86.3423996,43.4092611,8,4,12
1958,66071,-94.87683444,38.57227539,16,0,16
1959,41858,-82.82365845,37.1171103,6,0,6
1960,67001,-97.62996507,37.79138174,2,4,6
1961,67037,-97.2711411,37.5451517,39,0,39
1962,42440,-87.47348273,37.23719567,1,0,1
1963,40507,-84.49530349,38.04667262,38,3,41
1964,48133,-83.4982244,41.7934133,3,2,5
1965,48009,-83.2154526,42.5456126,33,0,33
1966,48342,-83.2874301,42.6372089,71,0,71
1967,48323,-83.3596058,42.5820399,8,1,9
1968,49337,-85.79870295,43.42014786,5,4,9
1969,48070,-83.1747506,42.4887593,17,0,17
1970,48025,-83.3063417,42.5246247,10,0,10
1971,42081,-88.4039264,37.1389387,4,0,4
1972,40741,-84.08386299,37.12744908,24,1,25
1973,40006,-85.31782904,38.59329388,3,3,6
1974,49456,-86.1974084,43.0764352,9,5,14
1975,49423,-86.1111457,42.7905564,60,0,60
1976,49259,-84.2509617,42.3953716,3,6,9
1977,49327,-85.81023685,43.33134005,1,10,11
1978,49282,-84.4070524,42.0493257,1,2,3
1979,49013,-86.11377261,42.31369339,5,3,8
1980,47960,-86.77607829,40.75171535,13,0,13
1981,62451,-87.6133762,39.000566,2,3,5
1982,62265,-89.6990272,38.5354074,5,9,14
1983,62411,-88.7495243,39.0621311,6,3,9
1984,60450,-88.4253921,41.358773,24,14,38
1985,61911,-88.4711121,39.7171764,5,6,11
1986,61537,-89.366456,41.1100888,4,4,8
1987,62420,-87.99191311,39.29986037,7,0,7
1988,40207,-85.6854304,38.286304,8,1,9
1989,60901,-87.8612937,41.1216469,73,0,73
1990,62363,-90.80483873,39.6086529,6,5,11
1991,60525,-87.8733892,41.8148317,27,9,36
1992,61434,-90.0417198,41.1676341,3,7,10
1993,62216,-89.6053173,38.6071839,1,4,5
1994,61611,-89.5825932,40.6675928,41,0,41
1995,60160,-87.8560979,41.890591,75,0,75
1996,60420,-88.4292761,41.0922619,9,3,12
1997,60942,-87.6740918,40.4668547,11,0,11
1998,60110,-88.26542649,42.11771664,66,0,66
1999,60402,-87.7853203,41.8364677,105,10,115
2000,60452,-87.7568873,41.6113395,41,1,42
2001,62983,-89.1140322,37.8777647,2,5,7
2002,60527,-87.91654533,41.74877595,29,0,29
2003,62557,-89.0810445,39.38801108,9,0,9
2004,61738,-89.007484,40.7369308,5,5,10
2005,62084,-90.0792219,38.8458065,5,0,5
2006,60118,-88.31517782,42.09302959,7,10,17
2007,60411,-87.6355945,41.4890522,7,24,31
2008,60554,-88.45471928,41.76436242,15,5,20
2009,60404,-88.2089391,41.5206732,27,0,27
2010,60181,-87.979453,41.88857908,42,11,53
2011,60633,-87.5557904,41.6320715,8,6,14
2012,60653,-87.6238183,41.8303418,13354,0,13354
2013,62801,-89.1269227,38.5489279,4,2,6
2014,62801,-89.140193,38.501811,3,6,9
2015,60517,-88.0437939,41.7558689,53,0,53
2016,61832,-87.62944034,40.1218288,64,0,64
2017,62881,-88.9434029,38.6259408,14,0,14
2018,62024,-90.1111482,38.8830938,12,0,12
2019,61010,-89.25862407,42.12630836,7,2,9
2020,62258,-89.79771151,38.49063422,13,0,13
2021,61728,-88.6124728,40.5701878,1,5,6
2022,60056,-87.9343183,42.0630313,86,0,86
2023,61241,-90.3584329,41.4802574,10,9,19
2024,62907,-89.49759111,37.888083,1,2,3
2025,62568,-89.2956144,39.5501045,22,0,22
2026,61054,-89.4354551,42.0456317,4,8,12
2027,61943,-88.0266788,39.6551256,1,2,3
2028,60543,-88.3262146,41.6946022,50,0,50
2029,61272,-90.99628497,41.17049046,1,1,2
2030,62075,-89.2880602,39.2997275,4,1,5
2031,62052,-90.3259231,39.1185836,14,0,14
2032,61846,-87.63595,39.9742814,4,11,15
2033,61841,-87.83006149,40.04438787,0,4,4
2034,62644,-90.0634336,40.301543,9,0,9
2035,61878,-88.192593,40.239074,0,5,5
2036,60949,-88.12588907,40.38614457,1,2,3
2037,60014,-88.3232763,42.2456444,66,0,66
2038,62822,-89.0556381,37.9738134,5,6,11
2039,60013,-88.25544524,42.20452973,26,0,26
2040,60085,-87.88360617,42.34805957,11,5,16
2041,60015,-87.866122,42.1938739,7,5,12
2042,60002,-88.09850306,42.47974103,28,1,29
2043,60099,-87.8415804,42.4493981,48,0,48
2044,60096,-87.8239329,42.4795147,11,14,25
2045,60118,-88.2766335,42.1015151,14,6,20
2046,60513,-87.8411405,41.8234895,34,0,34
2047,60053,-87.779049,42.0378802,45,0,45
2048,60153,-87.8387714,41.8865617,61,20,81
2049,60510,-88.3081145,41.8518946,45,0,45
2050,61201,-90.5775607,41.5091309,84,0,84
2051,61348,-89.06228064,41.29533146,8,0,8
2052,61342,-89.1195342,41.5469909,15,4,19
2053,60033,-88.6169778,42.4206836,20,1,21
2054,61270,-89.96798354,41.80988988,7,5,12
2055,60188,-88.1216946,41.916061,65,0,65
2056,60108,-88.0798285,41.9497795,41,5,46
2057,60469,-87.6807106,41.6266063,13,6,19
2058,60090,-87.9212452,42.1386853,67,0,67
2059,60165,-87.88335,41.901035,16,11,27
2060,60126,-87.9387518,41.9001844,70,11,81
2061,60135,-88.6885002,42.0999709,9,5,14
2062,60106,-87.9496538,41.9585305,29,8,37
2063,60457,-87.83871581,41.73324634,29,0,29
2064,60148,-88.0121783,41.8670117,73,0,73
2065,60018,-87.86421949,41.99548587,75,0,75
2066,46167,-86.46817658,39.86477659,4,0,4
2067,60007,-88.0082925,42.0028685,100,0,100
2068,62946,-88.54097894,37.73882712,14,0,14
2069,61053,-89.97910958,42.10059469,3,5,8
2070,61285,-90.10096778,41.959021,1,8,9
2071,46148,-85.52496,39.7948826,4,2,6
2072,48122,-83.1754116,42.2828589,23,0,23
2073,48450,-82.5319341,43.2686884,3,6,9
2074,48768,-83.5799159,43.3709358,5,9,14
2075,48173,-83.1892745,42.0924899,10,0,10
2076,40828,-83.19373854,36.86420859,4,0,4
2077,42029,-88.33892125,37.02391228,6,0,6
2078,42633,-84.84786363,36.83207398,10,1,11
2079,40456,-84.33847853,37.35257965,3,1,4
2080,21078,-76.09589636,39.5491589,35,0,35
2081,21562,-79.04541107,39.48524913,3,0,3
2082,42210,-86.26789687,37.19352109,5,5,10
2083,46933,-85.6125086,40.4882123,10,0,10
2084,62863,-87.76040269,38.40996311,11,0,11
2085,42765,-85.88978793,37.27099608,4,1,5
2086,67756,-101.7996308,39.77392865,4,0,4
2087,21663,-76.2255786,38.7862076,7,0,7
2088,21639,-75.80503192,38.9735613,4,3,7
2089,61734,-89.5474817,40.3737103,3,11,14
2090,61570,-89.29097492,40.91917776,1,6,7
2091,60445,-87.73839425,41.64152825,3,58,61
2092,40004,-85.4508688,37.8065335,24,0,24
2093,48237,-83.1830358,42.4664357,66,0,66
2094,66839,-95.74205,38.194277,12,0,12
2095,47932,-87.3977369,40.1352022,8,0,8
2096,67203,-97.34015165,37.69444115,172,1,173
2097,62846,-88.92161018,38.13050816,4,4,8
2098,62675,-89.84810972,40.01043297,5,3,8
2099,04280,-70.08837355,44.10923358,7,4,11
2100,62682,-89.6041145,40.30293523,1,2,3
2101,61327,-89.34255762,41.25334808,7,1,8
2102,47330,-84.99465793,39.81792389,5,0,5
2103,47872,-87.2270337,39.7589172,6,12,18
2104,47807,-87.39882654,39.46734519,133,0,133
2105,47170,-85.7937091,38.6895245,13,0,13
2106,47610,-87.3637076,38.0466703,6,2,8
2107,46151,-86.4397882,39.4291004,26,0,26
2108,46173,-85.4437798,39.6073014,11,0,11
2109,47421,-86.4823144,38.8624841,25,0,25
2110,47601,-87.2485009,38.0404778,37,12,49
2111,46366,-86.775663,41.2158957,4,4,8
2112,47995,-87.0418703,40.7600422,2,2,4
2113,47454,-86.466373,38.5557126,9,1,10
2114,46304,-87.0626068,41.6118928,21,0,21
2115,47586,-86.7707384,37.9505533,12,5,17
2116,47948,-87.2909082,40.7661256,1,2,3
2117,47567,-87.2815527,38.4894712,7,2,9
2118,47362,-85.3706223,39.932904,35,0,35
2119,47978,-87.149626,40.93561887,9,0,9
2120,47978,-87.14986234,40.95874545,21,0,21
2121,46360,-86.88372527,41.71153019,86,0,86
2122,47355,-84.9395399,40.0484096,2,2,4
2123,46032,-86.1277873,39.9663739,104,0,104
2124,46347,-87.0261718,41.3169957,4,2,6
2125,47102,-85.80382625,38.74147529,6,0,6
2126,46122,-86.5038566,39.7585329,45,0,45
2127,46168,-86.4173151,39.697019,42,0,42
2128,47906,-86.9181936,40.4514759,48,0,48
2129,46542,-85.8464228,41.4090739,4,1,5
2130,47040,-84.85660848,38.95008904,9,0,9
2131,47108,-86.26181357,38.65123498,1,0,1
2132,47993,-87.2932604,40.2877962,7,0,7
2133,46240,-86.1461495,39.8859188,0,13,13
2134,83318,-113.792271,42.53462492,60,0,60
2135,61410,-90.39803343,40.80264963,4,10,14
2136,61401,-90.37190359,40.94587261,53,0,53
2137,66067,-95.26775976,38.61375629,28,0,28
2138,60423,-87.85288772,41.51622683,30,2,32
2139,60029,-87.79699318,42.05829465,4,12,16
2140,49446,-86.34580484,43.5591505,0,4,4
2141,49783,-84.32139239,46.47527153,17,0,17
2142,40511,-84.52065439,38.15000172,8,0,8
2143,49014,-85.17685345,42.31640802,75,1,76
2144,06795,-73.1063679,41.5984757,35,0,35
2145,06489,-72.8760506,41.622443,66,6,72
2146,86046,-112.1920216,35.2490237,11,0,11
2147,85302,-112.1911773,33.5698696,5,0,5
2148,31008,-83.7621042,32.6542361,19,5,24
2149,30052,-83.8675783,33.82899,26,0,26
2150,31790,-83.636676,31.6734807,1,7,8
2151,30224,-84.27655653,33.24511085,100,0,100
2152,31792,-83.9627459,30.8363771,59,1,60
2153,39813,-84.72388075,31.44034503,3,2,5
2154,30106,-84.6330898,33.814247,23,5,28
2155,31549,-82.6846033,31.9305289,2,3,5
2156,31060,-83.06283084,32.01906751,1,1,2
2157,30413,-82.4741549,32.8799243,1,1,2
2158,31601,-83.2831225,30.8347083,133,0,133
2159,30537,-83.34112975,34.99071869,5,2,7
2160,30701,-84.95149138,34.50361321,44,8,52
2161,30605,-83.3284007,33.942344,213,0,213
2162,30274,-84.4154166,33.571874,44,2,46
2163,71457,-93.0912878,31.7584867,46,4,50
2164,71301,-92.4532268,31.3033448,167,0,167
2165,70732,-91.605183,30.5926931,1,2,3
2166,70544,-91.6697165,29.9054362,11,0,11
2167,70456,-90.51130296,30.76335578,1,2,3
2168,71237,-91.4781966,32.6030546,2,1,3
2169,71254,-91.1707319,32.8031628,10,2,12
2170,71055,-93.2864934,32.6145359,33,0,33
2171,70462,-90.58401157,30.35820043,2,5,7
2172,71037,-93.50611382,32.53358964,7,0,7
2173,71409,-92.66965546,31.39039315,1,2,3
2174,70517,-91.79416641,30.30971835,5,5,10
2175,71325,-92.29111192,31.01450288,4,1,5
2176,71405,-92.40971831,31.40744925,5,4,9
2177,70658,-93.049285,30.51974138,2,4,6
2178,90270,-118.189302,33.9877839,35,0,35
2179,93215,-119.2444767,35.77144802,48,0,48
2180,94025,-122.1774951,37.4537904,50,4,54
2181,95932,-122.0097481,39.21366755,8,0,8
2182,93442,-120.8428762,35.3658013,16,1,17
2183,93901,-121.6575101,36.6744441,177,0,177
2184,93420,-120.5912316,35.1199848,24,5,29
2185,94015,-122.475059,37.6928219,9,21,30
2186,95490,-123.3526371,39.4118173,12,2,14
2187,91340,-118.4391435,34.2830414,37,0,37
2188,93620,-120.628134,36.9851484,7,0,7
2189,50319,-93.607071,41.5921423,94,0,94
2190,52001,-90.66534141,42.5011343,70,0,70
2191,52641,-91.5524961,40.9640977,12,0,12
2192,50273,-94.01440139,41.34354497,7,0,7
2193,50438,-93.6014562,43.0972535,8,6,14
2194,52732,-90.18924365,41.85095402,24,0,24
2195,52577,-92.64315732,41.29515911,9,0,9
2196,85009,-112.105771,33.4741619,1244,0,1244
2197,85901,-110.0363866,34.2507949,30,2,32
2198,85287,-111.934505,33.4143665,70,0,70
2199,85253,-111.9410438,33.5306143,34,0,34
2200,85219,-111.5443213,33.4228445,55,0,55
2201,72110,-92.7664961,35.1580389,15,20,35
2202,32428,-85.54158252,30.77881353,34,2,36
2203,33873,-81.80212785,27.54305861,68,0,68
2204,34654,-82.6699356,28.2681159,485,5,490
2205,94582,-121.9099224,37.7534437,0,0,0
2206,91016,-117.9992764,34.1479254,55,0,55
2207,95959,-121.0195434,39.2626123,9,4,13
2208,95688,-121.9952446,38.3504174,111,0,111
2209,92683,-117.9859169,33.75709629,100,0,100
2210,90802,-118.1971895,33.768995,968,0,968
2211,93230,-119.6472876,36.3297148,50,6,56
2212,95945,-121.061371,39.2186372,28,0,28
2213,50536,-94.6767743,43.1105048,8,0,8
2214,31638,-83.49822307,30.9432779,2,3,5
2215,85003,-112.0755761,33.44866956,766,0,766
2216,85936,-109.3652427,34.501734,38,0,38
2217,80302,-105.2610847,40.0067893,36,0,36
2218,80228,-105.1515297,39.7188023,2,4,6
2219,80440,-105.9890192,39.2235673,36,0,36
2220,81601,-107.326358,39.54724545,39,0,39
2221,81230,-106.9249766,38.5460813,12,1,13
2222,31827,-84.5398657,32.6782301,8,2,10
2223,30434,-82.4060401,33.0198192,23,2,25
2224,31533,-82.852153,31.5070027,46,7,53
2225,31516,-82.2331037,31.3022459,13,1,14
2226,31405,-81.1679647,32.0667401,232,16,248
2227,30528,-83.7559219,34.6168678,40,2,42
2228,30439,-82.0414902,32.3911055,7,2,9
2229,30701,-84.9502142,34.5023531,60,0,60
2230,30043,-83.9785572,33.9829621,531,0,531
2231,31811,-84.8662342,32.7643635,48,0,48
2232,31792,-83.9623734,30.83671094,47,0,47
2233,30224,-84.2927661,33.237836,110,3,113
2234,30263,-84.7834085,33.3818646,137,1,138
2235,34785,-82.0421044,28.8579218,18,0,18
2236,32456,-85.4051949,29.9413381,6,2,8
2237,33705,-82.6523102,27.7717696,510,14,524
2238,33597,-82.0531967,28.6090611,3,3,6
2239,32778,-81.7267169,28.80257076,31,0,31
2240,32421,-85.1276221,30.5704117,1,0,1
2241,33837,-81.6004657,28.1597008,9,2,11
2242,33128,-80.1984345,25.7782809,1104,0,1104
2243,34950,-80.324495,27.4374394,126,0,126
2244,33435,-80.0491307,26.5293581,13,1,14
2245,33566,-82.1080156,27.9830526,64,0,64
2246,34432,-82.4621084,29.0489179,6,0,6
2247,33154,-80.1311092,25.8874611,22,0,22
2248,80401,-105.2198373,39.7481265,8,3,11
2249,80906,-104.7869244,38.7642118,16,5,21
2250,30143,-84.4247472,34.4701904,12,0,12
2251,71366,-91.2370671,31.9145134,12,3,15
2252,71251,-92.7159918,32.2402368,105,8,113
2253,71449,-93.48377151,31.56734265,71,13,84
2254,71006,-93.73303844,32.73145744,300,17,317
2255,71269,-91.75919945,32.47682463,150,5,155
2256,71417,-92.7122011,31.5159419,45,0,45
2257,70501,-92.0216074,30.2231079,367,1,368
2258,71340,-91.8214811,31.7717446,18,2,20
2259,71220,-91.9127927,32.7757475,38,2,40
2260,70043,-89.97357517,29.94133455,189,0,189
2261,70526,-92.39864763,30.20762969,105,37,142
2262,95482,-123.2197151,39.1602876,77,3,80
2263,02139,-71.086275,42.367225,272,0,272
2264,01105,-72.5858188,42.1083787,464,0,464
2265,01913,-70.9337444,42.8561343,32,3,35
2266,02025,-70.7989865,42.240762,16,5,21
2267,01772,-71.5276749,42.3067368,16,2,18
2268,01834,-71.02412258,42.7680092,8,12,20
2269,01566,-72.0843641,42.1114676,18,0,18
2270,02346,-70.9074595,41.8933521,40,0,40
2271,01952,-70.81809468,42.8415277,16,0,16
2272,01002,-72.5171861,42.3755983,48,0,48
2273,02563,-70.4958032,41.7619195,34,0,34
2274,01915,-70.878591,42.5478159,69,18,87
2275,02601,-70.312228,41.675302,110,0,110
2276,01344,-72.4897374,42.5904027,4,5,9
2277,02535,-70.81336134,41.34334497,4,3,7
2278,01773,-71.3295967,42.4131693,13,0,13
2279,01741,-71.3491185,42.530388,10,10,20
2280,01810,-71.1426098,42.6580826,53,0,53
2281,02719,-70.89266811,41.64010711,31,8,39
2282,02053,-71.425592,42.140276,19,9,28
2283,02762,-71.3370243,42.007553,14,8,22
2284,02056,-71.3230479,42.1195941,17,10,27
2285,02557,-70.5565673,41.4575726,15,0,15
2286,01264,-73.20451166,42.24616282,1,4,5
2287,01270,-73.0575297,42.5110472,0,5,5
2288,01852,-71.3137541,42.6471179,239,0,239
2289,02356,-71.1084164,42.0562611,32,0,32
2290,01005,-72.10882,42.423243,9,8,17
2291,01545,-71.7226466,42.2907833,45,0,45
2292,01068,-72.049396,42.3580318,3,13,16
2293,01460,-71.4837259,42.5380389,16,7,23
2294,02493,-71.30711879,42.36354692,26,0,26
2295,01505,-71.7548318,42.328326,10,0,10
2296,01072,-72.4095581,42.4518038,2,4,6
2297,02038,-71.4119515,42.0910016,46,0,46
2298,02148,-71.0729972,42.4273049,107,0,107
2299,02760,-71.333698,41.9787397,47,22,69
2300,01890,-71.1358526,42.4532574,38,0,38
2301,02338,-70.86464793,41.99110644,10,4,14
2302,02324,-70.98706749,41.98653769,34,15,49
2303,01235,-73.0442975,42.4377934,0,6,6
2304,01747,-71.54033218,42.12940877,12,2,14
2305,02370,-70.90192269,42.12450236,32,3,35
2306,01453,-71.76063528,42.52778377,71,0,71
2307,01824,-71.36767547,42.62017152,50,0,50
2308,01757,-71.5209995,42.13870604,45,0,45
2309,01519,-71.69331698,42.20965478,18,11,29
2310,02769,-71.2381089,41.8617877,23,0,23
2311,02777,-71.247391,41.757126,30,4,34
2312,02535,-70.7456807,41.34172549,4,8,12
2313,02333,-70.95566232,42.02902839,23,0,23
2314,02657,-70.19408315,42.04906351,17,3,20
2315,50511,-94.23873772,43.06852768,9,2,11
2316,50049,-93.32849098,41.02272621,5,0,5
2317,80466,-105.5097837,39.95979311,3,2,5
2318,95382,-120.8574447,37.5281391,11,0,11
2319,95814,-121.4980593,38.57547446,645,82,727
2320,94534,-122.1224569,38.23587731,4,1,5
2321,95521,-124.0790246,40.87448,14,3,17
2322,95348,-120.4765019,37.3364733,3,0,3
2323,95814,-121.4955297,38.5848152,1409,6,1415
2324,94546,-122.0949929,37.72073256,53,1,54
2325,92093,-117.2297051,32.88304448,35,0,35
2326,95814,-121.5056762,38.58380936,0,0,0
2327,95358,-120.9852332,37.5851181,230,44,274
2328,91754,-118.1683313,34.0595879,9461,31,9492
2329,95993,-121.6383545,39.1428656,105,15,120
2330,93009,-119.2092461,34.26931187,755,0,755
2331,95959,-121.026448,39.2700488,74,15,89
2332,93526,-118.1937318,36.7989677,39,2,41
2333,93955,-121.8043531,36.6551574,14,0,14
2334,01570,-71.8625849,42.054818,27,10,37
2335,01106,-72.5806851,42.0505934,26,5,31
2336,01742,-71.34402858,42.45642626,35,0,35
2337,02360,-70.65657337,41.9336006,102,0,102
2338,01376,-72.55500714,42.60948765,15,7,22
2339,02726,-71.14880416,41.74054661,32,20,52
2340,01238,-73.2488433,42.3051904,11,6,17
2341,50525,-93.7338214,42.7311794,7,0,7
2342,52175,-91.81498939,42.95174142,4,2,6
2343,50469,-93.18686399,42.98648586,1,0,1
2344,94804,-122.349847,37.9181517,165,0,165
2345,94509,-121.8204925,38.0161648,120,0,120
2346,91702,-117.9065406,34.1348592,63,0,63
2347,90232,-118.3951391,34.0207974,106,30,136
2348,95008,-121.9441356,37.2882869,43,0,43
2349,94086,-122.0401837,37.3704726,210,0,210
2350,92373,-117.1978793,34.0499777,84,0,84
2351,02118,-71.0681674,42.3340728,406,0,406
2352,02026,-71.2085121,42.2599518,158,0,158
2353,52544,-92.8855797,40.735308,8,0,8
2354,52045,-90.9316163,42.44706572,1,1,2
2355,50276,-93.9225014,41.8564753,1,1,2
2356,50261,-93.9543595,41.5333118,1,0,1
2357,50225,-93.2696402,41.3877833,2,0,2
2358,52060,-90.66804335,42.06901602,11,0,11
2359,50595,-93.8163426,42.469147,13,0,13
2360,51002,-95.3038699,42.6727028,3,0,3
2361,50647,-92.46272778,42.64743738,2,2,4
2362,52076,-91.53472599,42.68284155,2,0,2
2363,50703,-92.3321838,42.4990565,120,0,120
2364,50659,-92.31385198,43.05886647,7,0,7
2365,50677,-92.4659977,42.7265398,16,0,16
2366,52136,-92.1150746,43.37337,7,1,8
2367,51442,-95.3569017,42.0175781,13,0,13
2368,52537,-92.4159599,40.7508719,5,1,6
2369,50638,-92.7731567,42.36313244,4,0,4
2370,50563,-94.532722,42.5294866,4,1,5
2371,52632,-91.3910257,40.4009479,22,0,22
2372,50459,-93.2197525,43.444224,4,0,4
2373,52302,-91.5704634,42.0351685,41,0,41
2374,50450,-93.5354066,43.4169899,5,0,5
2375,50597,-94.445505,42.9577051,1,0,1
2376,51054,-96.3612358,42.4048424,8,4,12
2377,50207,-92.65173939,41.46962877,1,0,1
2378,50461,-92.8150855,43.2837776,6,4,10
2379,85539,-110.8739633,33.3977118,7,2,9
2380,94565,-121.8624958,38.00537679,0,0,0
2381,72554,-91.54062429,36.49507261,2,2,4
2382,32826,-81.19586639,28.59202993,64,0,64
2383,34243,-82.56051831,27.38684258,15,0,15
2384,32224,-81.51225728,30.26705409,28,0,28
2385,34231,-82.53150502,27.27961689,1,0,1
2386,33607,-82.53477373,27.9799741,80,0,80
2387,32301,-84.23160153,30.42801096,1606,0,1606
2388,32084,-81.31588265,29.91376945,11,0,11
2389,81435,-107.8098469,37.93635672,9,0,9
2390,31635,-83.07553964,31.03865901,1,0,1
2391,30310,-84.40545441,33.70984674,3,0,3
2392,31419,-81.15973262,31.97896324,13,10,23
2393,30083,-84.1698567,33.80497478,19,21,40
2394,31907,-84.94435596,32.49906002,25,0,25
2395,39840,-84.79267313,31.76064816,1,0,1
2396,30303,-84.38672478,33.74994911,24,0,24
2397,30303,-84.38592857,33.74967648,94,2,96
2398,31721,-84.18910133,31.53263996,10,0,10
2399,30303,-84.38909033,33.75330572,10,0,10
2400,71291,-92.14850481,32.52012431,78,0,78
2401,70723,-90.8174396,29.9940732,71,4,75
2402,70514,-91.52891577,29.88403749,12,0,12
2403,71457,-93.09506099,31.74964874,20,0,20
2404,93625,-119.6772184,36.6302841,11,7,18
2405,94022,-122.1121759,37.3816853,29,5,34
2406,93446,-120.6894965,35.6241258,40,4,44
2407,94560,-122.0292236,37.535284,54,0,54
2408,92311,-117.024937,34.8925253,35,0,35
2409,95472,-122.8234924,38.4046136,14,0,14
2410,92010,-117.2652541,33.1379538,114,0,114
2411,95023,-121.3936392,36.8924139,30,0,30
2412,95603,-121.0738125,38.8975524,23,0,23
2413,96021,-122.1798641,39.9281682,14,0,14
2414,94547,-122.2663067,38.0101437,28,0,28
2415,52328,-91.6674705,42.0705702,0,6,6
2416,52101,-91.7893255,43.3062785,12,0,12
2417,51023,-96.4847231,42.9993185,4,1,5
2418,51001,-96.5590447,42.8284794,2,1,3
2419,52772,-91.1219237,41.7618316,10,0,10
2420,50129,-94.37382823,42.01365748,7,2,9
2421,51012,-95.55485503,42.75032487,8,1,9
2422,30449,-81.52814874,32.51781705,3,2,5
2423,50246,-93.79567365,42.28921254,2,0,2
2424,06524,-73.0005748,41.42258237,1,1,2
2425,34286,-82.20792106,27.07575588,96,0,96
2426,92101,-117.1941737,32.72858322,139,0,139
2427,01612,-71.9207869,42.3053077,10,0,10
2428,06339,-71.95512369,41.46609872,15,0,15
2429,86001,-111.6409664,35.18764178,64,1,65
2430,85714,-110.946597,32.1710385,554,0,554
2431,32347,-83.5814099,30.1158785,23,1,24
2432,32708,-81.3046618,28.7040636,70,4,74
2433,33469,-80.093537,26.9591735,18,0,18
2434,32127,-81.01765111,29.12097356,83,2,85
2435,32904,-80.67166652,28.07276596,38,0,38
2436,33178,-80.35858974,25.82922906,92,2,94
2437,33469,-80.07578855,26.95208528,5,5,10
2438,32763,-81.2981173,28.9495932,23,0,23
2439,33021,-80.20794366,26.0382035,144,0,144
2440,80302,-105.2884341,40.0142628,174,4,178
2441,80525,-105.0400125,40.55736335,162,0,162
2442,81122,-107.5990506,37.2255802,5,2,7
2443,81089,-104.7829786,37.6232453,8,0,8
2444,80026,-105.0946012,40.00254222,38,0,38
2445,80133,-104.9166822,39.1200206,5,6,11
2446,80634,-104.7275098,40.42371865,146,0,146
2447,31320,-81.43387813,31.80024986,3,0,3
2448,31750,-83.2577317,31.69564763,29,0,29
2449,30705,-84.77015874,34.77162078,14,0,14
2450,31642,-82.85239461,31.2962371,5,0,5
2451,31064,-83.68432397,33.30345873,11,0,11
2452,30540,-84.48058091,34.69717893,11,0,11
2453,30728,-85.28109543,34.70783295,20,0,20
2454,30137,-84.75704791,34.12660595,6,4,10
2455,31803,-84.51551089,32.31816757,5,0,5
2456,94523,-122.0712996,37.96856508,0,0,0
2457,30815,-82.0974738,33.3134032,5,0,5
2458,30668,-82.7411441,33.8668558,1,3,4
2459,30263,-84.796762,33.380378,73,0,73
2460,39815,-84.48428862,30.74997826,1,0,1
2461,31709,-84.2328701,32.0724451,36,0,36
2462,31816,-84.61419478,32.8516402,14,2,16
2463,31076,-84.0955537,32.5600002,5,1,6
2464,31014,-83.35479889,32.38724871,14,1,15
2465,31650,-83.04757306,31.34025416,4,0,4
2466,30828,-82.66192512,33.40452157,8,3,11
2467,31632,-83.3727897,30.99107907,7,3,10
2468,31510,-82.4692308,31.5411537,10,3,13
2469,30747,-85.34939814,34.48038725,17,3,20
2470,30230,-84.90054043,33.16895548,13,0,13
2471,31201,-83.63217345,32.83604751,270,0,270
2472,31078,-84.00956562,32.72019097,3,4,7
2473,30153,-85.0522898,33.99694436,18,0,18
2474,31519,-82.88687924,31.62458403,4,4,8
2475,31714,-83.65190923,31.7037847,15,5,20
2476,31778,-83.74156317,30.95974811,5,0,5
2477,31024,-83.39095486,33.32593982,16,5,21
2478,30002,-84.26677024,33.77641058,12,0,12
2479,31779,-84.1542578,31.1250843,14,6,20
2480,30411,-82.77797179,32.14724218,1,3,4
2481,30441,-82.23549384,32.81866649,1,0,1
2482,30673,-82.7398933,33.7363493,15,0,15
2483,30139,-84.70088291,34.43620963,3,2,5
2484,30240,-85.03025976,33.04097312,83,3,86
2485,30060,-84.54598495,33.91551326,39,0,39
2486,30260,-84.33077845,33.59447709,13,1,14
2487,70638,-92.7941413,30.8684687,1,1,2
2488,94590,-122.2436342,38.0999353,116,0,116
2489,06426,-72.39571901,41.35408891,4,1,5
2490,06477,-73.0082991,41.2635113,36,2,38
2491,71602,-92.09169289,34.27371759,15,0,15
2492,71601,-92.00081574,34.22049412,140,10,150
2493,72104,-92.82569915,34.38634257,5,0,5
2494,71655,-91.79169413,33.62694304,10,15,25
2495,72576,-91.82327934,36.37010128,7,3,10
2496,72855,-93.71363389,35.29153672,9,3,12
2497,72107,-92.5469592,35.1465132,1,5,6
2498,72160,-91.55305545,34.4978485,17,0,17
2499,72956,-94.3560806,35.4345871,27,25,52
2500,72802,-93.1085251,35.2800072,31,3,34
2501,71654,-91.3826871,33.62986149,9,3,12
2502,72120,-92.20852683,34.83338869,64,0,64
2503,71958,-93.68882835,34.06186723,3,2,5
2504,72112,-91.26549446,35.63769651,2,6,8
2505,72801,-93.13408235,35.29367224,9,9,18
2506,33030,-80.4776562,25.4695538,106,40,146
2507,34237,-82.5296443,27.3361695,409,0,409
2508,33174,-80.37168296,25.76022796,39,0,39
2509,81623,-107.2117217,39.4020492,14,0,14
2510,81226,-105.1233561,38.39434017,8,0,8
2511,81137,-107.6328732,37.115628,6,1,7
2512,81648,-108.8028536,40.08705926,4,0,4
2513,81641,-107.9131789,40.03802347,15,1,16
2514,81052,-102.6183759,38.086435,9,0,9
2515,81212,-105.1820428,38.44626447,35,0,35
2516,81089,-104.7821876,37.62404535,11,0,11
2517,90065,-118.249405,34.1191594,0,0,0
2518,81235,-107.3149377,38.02884738,4,0,4
2519,30577,-83.3319885,34.5797637,31,1,32
2520,30113,-85.189084,33.80243843,1,0,1
2521,30901,-81.96178848,33.47111759,42,0,42
2522,39851,-85.04788128,31.60421459,4,1,5
2523,31642,-82.85357686,31.29571586,6,1,7
2524,30747,-85.3485016,34.4806442,22,11,33
2525,39840,-84.757395,31.792936,7,3,10
2526,30217,-85.11679048,33.29220226,18,0,18
2527,71107,-93.8907327,32.5834167,5,2,7
2528,71302,-92.4169291,31.1784609,4,1,5
2529,91706,-117.9611623,34.0819141,9,1,10
2530,94601,-122.2345581,37.78070898,17,0,17
2531,93619,-119.6395762,36.98458786,11,0,11
2532,94102,-122.419306,37.77927764,838,0,838
2533,70807,-91.1909599,30.52601038,43,0,43
2534,90015,-118.2740118,34.0426916,340,0,340
2535,92651,-117.7811715,33.5454839,46,12,58
2536,85323,-112.3046319,33.443,101,0,101
2537,33138,-80.18771162,25.85489274,8,11,19
2538,32904,-80.66487955,28.08738833,5,1,6
2539,33950,-82.0467037,26.92553,35,0,35
2540,32332,-84.66307779,30.61888265,5,3,8
2541,32931,-80.6104003,28.3178836,34,1,35
2542,34741,-81.4085466,28.2924903,136,0,136
2544,02738,-70.76118869,41.70504838,2,6,8
2545,01655,-71.76236234,42.27512821,20,0,20
2546,02114,-71.058891,42.36633,101,0,101
2547,02115,-71.09939369,42.33685664,9,0,9
2548,06762,-73.1371855,41.5189363,11,1,12
2549,34145,-81.7153661,25.9380499,32,2,34
2550,33458,-80.1026362,26.9318119,102,1,103
2551,33063,-80.1876424,26.2585599,89,0,89
2552,32720,-81.3069627,29.0267089,60,3,63
2553,81416,-108.0730953,38.7405777,14,0,14
2554,81419,-107.7238322,38.8003195,3,0,3
2555,81647,-107.5350028,39.5716463,7,0,7
2556,81611,-106.8176526,39.19070879,23,0,23
2557,80226,-105.0860286,39.7076456,282,0,282
2558,95448,-122.8689984,38.6099241,19,0,19
2559,42410,-87.512849,37.273863,1,0,1
2560,21540,-79.0587863,39.4735037,1,0,1
2561,60081,-88.2383058,42.4338364,10,3,13
2562,67420,-98.10796832,39.45848278,8,0,8
2563,47331,-85.141139,39.6404531,11,0,11
2564,46319,-87.42730691,41.52349031,31,0,31
2565,48436,-83.8595508,42.9121431,1,1,2
2566,67671,-99.14807729,38.84770877,2,0,2
2567,61540,-89.40704865,41.02497536,12,0,12
2568,04578,-69.67052576,44.00531074,3,10,13
2569,20774,-76.82332995,38.88821276,11,1,12
2570,66968,-97.04934774,39.81728145,6,4,10
2571,62691,-90.21084754,39.9514554,6,1,7
2572,60050,-88.2687678,42.3237653,47,0,47
2573,61847,-88.02106614,40.30690957,1,7,8
2574,62321,-91.14628933,40.41563325,10,3,13
2575,61024,-89.3358038,42.4367885,1,5,6
2576,83336,-113.7564597,42.5586001,5,0,5
2577,83856,-116.9065038,48.1794141,4,0,4
2578,20743,-76.9117331,38.9011635,5,0,5
2579,42087,-89.088151,36.9652071,11,2,13
2580,61073,-89.0090367,42.4144516,13,6,19
2581,60468,-87.7896281,41.3330758,10,9,19
2582,66846,-96.49504205,38.65942638,7,3,10
2583,61111,-89.055371,42.3136714,34,0,34
2584,62254,-89.8119455,38.60414569,11,0,11
2585,21014,-76.348053,39.538815,28,0,28
2586,48617,-84.7718525,43.8193552,8,2,10
2587,19963,-75.4206175,38.9166022,30,0,30
2588,49735,-84.6709689,45.0278801,11,0,11
2589,49420,-86.3643713,43.6987277,4,6,10
2590,48763,-83.5169412,44.2687423,3,0,3
2591,48656,-84.40952383,44.3550988,6,0,6
2592,48458,-83.6951131,43.1182545,8,4,12
2593,49829,-87.0512879,45.7467807,18,2,20
2594,49686,-85.60679239,44.75223031,64,0,64
2595,48502,-83.6871918,43.0108607,144,0,144
2596,48653,-84.59375591,44.49611259,24,5,29
2597,48854,-84.4561759,42.5909617,82,0,82
2598,48847,-84.6087681,43.2920629,4,3,7
2599,20785,-76.8757773,38.9178767,1578,0,1578
2600,46580,-85.858634,41.2386207,36,0,36
2601,21617,-76.06069433,39.04241536,50,2,52
2602,04002,-70.7174901,43.4534087,38,3,41
2603,67864,-100.3390181,37.2870791,5,0,5
2604,04915,-69.0096104,44.4225085,16,4,20
2605,42134,-86.57582669,36.72329055,11,0,11
2606,41097,-84.56116894,38.63689104,12,0,12
2607,83544,-116.2520472,46.4781786,6,0,6
2608,83276,-111.5895122,42.6551369,16,16,32
2609,20781,-76.94182528,38.95298464,43,0,43
2610,49659,-85.0624191,44.9027147,2,0,2
2611,04005,-70.45392101,43.49177544,46,3,49
2612,04947,-70.30934348,45.05364871,7,2,9
2613,20707,-76.84457295,39.10603798,60,0,60
2614,61016,-88.9425999,42.2373952,14,5,19
2615,66040,-94.68835494,38.37482805,2,5,7
2616,62034,-89.96875607,38.76335676,19,0,19
2617,60450,-88.42335918,41.35667351,31,7,38
2618,04457,-68.50353571,45.36620306,6,6,12
2619,48097,-82.7998156,43.1290762,4,7,11
2620,48079,-82.5030752,42.8315175,9,0,9
2621,04742,-67.836138,46.7705167,4,6,10
2622,83660,-116.9435738,43.78454172,4,0,4
2623,04732,-68.4030497,46.6315549,3,2,5
2624,83402,-112.0413664,43.4948443,65,0,65
2625,04605,-68.4242858,44.5426115,15,3,18
2626,83274,-112.1254332,43.3811037,8,1,9
2627,83350,-113.6754791,42.61824035,15,15,30
2628,46733,-84.9271125,40.8353768,17,0,17
2629,47921,-87.38235595,40.51846318,1,3,4
2630,46706,-85.0540015,41.3660476,23,11,34
2631,49097,-85.5306708,42.1209867,7,2,9
2632,49004,-85.5698339,42.3090134,32,0,32
2633,48858,-84.7666101,43.5966647,32,0,32
2634,19970,-75.10606858,38.53801689,8,0,8
2635,19939,-75.2452348,38.54908413,2,0,2
2636,42129,-85.61146013,36.97917615,3,0,3
2637,60515,-88.0057827,41.7948226,81,0,81
2638,19944,-75.0524649,38.457885,6,3,9
2639,19720,-75.5614083,39.6705664,17,0,17
2640,61748,-88.93539414,40.65551763,1,4,5
2641,19956,-75.572474,38.5556603,15,0,15
2642,46929,-86.52450099,40.54834418,5,7,12
2643,42431,-87.49832532,37.32926127,17,6,23
2644,48048,-82.7965239,42.7249153,9,0,9
2645,49285,-84.1794937,42.4499947,2,2,4
2646,48895,-84.3032316,42.6874289,5,5,10
2647,48809,-85.2295244,43.0971559,8,2,10
2648,48169,-83.9464982,42.4557561,5,8,13
2649,48731,-83.1814097,43.8195882,2,11,13
2650,48116,-83.7889459,42.5253846,17,0,17
2651,48137,-84.0833927,42.459083,2,3,5
2652,42445,-87.8818613,37.1090682,8,0,8
2653,42553,-84.63461403,37.177202,2,0,2
2654,48640,-84.2278042,43.6240571,48,0,48
2655,66086,-95.0861109,39.10963075,10,16,26
2656,67880,-101.3557218,37.57993804,10,0,10
2657,46048,-85.80495489,39.95679677,2,0,2
2658,40906,-83.88735816,36.8654681,14,0,14
2659,42748,-85.74109751,37.57249458,5,1,6
2660,66048,-94.9108867,39.3141136,62,0,62
2661,42256,-86.9493597,36.9864212,1,0,1
2662,04021,-70.24528843,43.78931401,10,2,12
2663,48030,-83.1037001,42.4621508,36,0,36
2664,48390,-83.4722226,42.5394616,13,2,15
2665,48390,-83.4844102,42.5618598,6,1,7
2666,42717,-85.3705279,36.7901575,4,0,4
2667,40906,-83.88940491,36.86650705,7,0,7
2668,21620,-76.0892163,39.2236834,23,1,24
2669,61801,-88.2056799,40.1130597,56,0,56
2670,48651,-84.65109109,44.29747712,5,0,5
2671,49265,-84.1888643,42.008847,3,3,6
2672,83501,-117.0167774,46.4177073,45,4,49
2673,49071,-85.7875608,42.2082583,5,7,12
2674,42327,-87.25800477,37.53737719,7,0,7
2675,49221,-84.0637777,41.9270981,2,0,2
2676,62082,-90.37154194,39.48443965,4,6,10
2677,61937,-88.63227696,39.71576766,1,1,2
2678,62450,-88.08462315,38.7291227,13,0,13
2679,62230,-89.5285731,38.6074619,7,7,14
2680,61753,-88.7842712,40.6418251,3,3,6
2681,62441,-87.69342614,39.39013688,10,0,10
2682,62092,-90.4034529,39.43671716,5,6,11
2683,61310,-89.3298804,41.7135635,4,3,7
2684,47334,-85.5580702,40.1213459,3,2,5
2685,62691,-90.21165265,39.95058911,1,1,2
2686,60139,-88.0766183,41.9189631,56,0,56
2687,60045,-87.8529281,42.2478531,43,0,43
2688,60426,-87.6707676,41.611764,70,6,76
2689,60411,-87.533531,41.5050899,19,7,26
2690,60534,-87.8158238,41.8198217,28,1,29
2691,60445,-87.7170677,41.623501,28,12,40
2692,62033,-89.81644318,39.12788939,7,7,14
2693,60089,-87.9664309,42.1541086,71,0,71
2694,62040,-90.0720648,38.7459412,14,0,14
2695,61356,-89.45233874,41.38706309,17,6,23
2696,96720,-155.0853378,19.7154032,419,4,423
2697,62629,-89.70360896,39.67572633,15,0,15
2698,60051,-88.189654,42.325496,12,2,14
2699,62069,-89.72528043,39.07236069,3,7,10
2700,62626,-89.8825501,39.2859175,12,14,26
2701,60480,-87.8854989,41.7395141,18,14,32
2702,60561,-87.98530773,41.74506231,38,0,38
2703,60190,-88.157493,41.8703511,20,0,20
2704,62285,-89.991975,38.4074575,6,8,14
2705,60201,-87.6838782,42.0447076,159,0,159
2706,61748,-88.99180447,40.60892414,3,4,7
2707,61752,-88.76114341,40.34660037,6,0,6
2708,62220,-89.9845987,38.5124034,81,0,81
2709,62232,-90.0268163,38.637151,11,9,20
2710,61068,-89.06792626,41.92359036,21,0,21
2711,62906,-89.24094841,37.45915136,8,0,8
2712,62056,-89.65442687,39.17614404,16,0,16
2713,61853,-88.40495527,40.19163425,7,3,10
2714,62896,-88.9263619,37.8995654,14,1,15
2715,60416,-88.2849317,41.2815344,11,0,11
2716,61240,-90.4615888,41.4430638,7,1,8
2717,62960,-88.7308474,37.1581159,17,0,17
2718,62439,-87.6782995,38.7291534,7,4,11
2719,62966,-89.3349447,37.7657407,15,6,21
2720,62012,-90.1415288,39.0382527,4,2,6
2721,62650,-90.2346036,39.70748514,5,5,10
2722,61953,-88.2896851,39.8001072,7,2,9
2723,60915,-87.865356,41.1417068,34,0,34
2724,61858,-87.7765063,40.1153331,1,9,10
2725,61520,-90.0352518,40.5560297,23,0,23
2726,61571,-89.40864351,40.70565365,22,12,34
2727,49646,-85.1855673,44.7405584,18,4,22
2728,62095,-90.0978983,38.8624411,19,0,19
2729,62090,-90.1707249,38.67224431,12,2,14
2730,60098,-88.4380487,42.3073347,39,0,39
2731,62234,-89.9882905,38.6702145,45,0,45
2732,46184,-86.09640408,39.56480163,8,0,8
2733,62048,-90.0958773,38.8380965,4,3,7
2734,60084,-88.1390802,42.2578228,25,1,26
2735,60185,-88.2000936,41.8805733,50,0,50
2736,61354,-89.12554577,41.32795574,26,0,26
2737,60047,-88.0537778,42.2177517,10,0,10
2738,60463,-87.80910645,41.67479314,27,3,30
2739,60040,-87.8089446,42.2013868,13,4,17
2740,03904,-70.7420504,43.1017673,21,2,23
2741,60120,-88.2834348,42.0399922,181,0,181
2742,46060,-86.01390912,40.0443761,69,0,69
2743,61533,-89.8118801,40.5712731,1,7,8
2744,60133,-88.15865774,41.99048853,54,0,54
2745,60016,-87.888546,42.0423875,102,0,102
2746,60525,-87.8324782,41.801028,19,0,19
2747,60143,-88.02227802,41.97079153,25,0,25
2748,46163,-85.8861589,39.7207926,3,0,3
2749,60008,-88.0250741,42.0808521,55,0,55
2750,03908,-70.8081084,43.2335089,8,8,16
2751,60104,-87.8728519,41.88125563,40,15,55
2752,60521,-87.9256108,41.80395,28,0,28
2753,60010,-88.1817825,42.1138097,20,0,20
2754,60525,-87.8942916,41.7720672,10,9,19
2755,60706,-87.8096886,41.9638789,21,0,21
2756,60411,-87.55746833,41.49383649,27,0,27
2757,60501,-87.8114653,41.7858537,29,19,48
2758,60706,-87.81504262,41.95367392,37,0,37
2759,60422,-87.6853127,41.5422666,19,0,19
2760,60172,-88.0771301,41.9819523,37,0,37
2761,60532,-88.0775932,41.7938,44,0,44
2762,60459,-87.7627931,41.7559668,53,1,54
2763,62938,-88.48495828,37.36890151,1,0,1
2764,62694,-90.45494337,39.62848734,2,5,7
2765,61727,-88.96147833,40.15333695,13,1,14
2766,42266,-87.3558085,36.77613151,1,0,1
2767,04669,-68.0273348,44.4069629,2,2,4
2768,21701,-77.37541093,39.40724287,177,0,177
2769,60073,-88.1006333,42.3271536,22,5,27
2770,62964,-89.20009375,37.11407668,1,9,10
2771,48195,-83.208061,42.2031005,38,0,38
2772,48239,-83.2968748,42.3979893,65,0,65
2773,48218,-83.1348368,42.2729728,20,6,26
2774,48183,-83.2579992,42.1527018,40,0,40
2775,48173,-83.2475236,42.0705305,8,0,8
2776,49663,-85.398088,44.4146009,1,1,2
2777,61234,-89.90680016,41.39698,1,6,7
2778,48744,-83.3545521,43.3382234,2,2,4
2779,48183,-83.2451089,42.1373412,31,0,31
2780,48183,-83.1785217,42.1400196,38,0,38
2781,46140,-85.7695213,39.7836148,37,0,37
2782,42567,-84.6509555,37.2799194,1,2,3
2783,48174,-83.3985665,42.2209602,54,0,54
2784,48212,-83.0525705,42.3995006,43,0,43
2785,66712,-94.6967464,37.5445425,5,6,11
2786,67450,-98.4115245,38.5864034,1,0,1
2787,67439,-98.23123735,38.73054996,6,2,8
2788,41129,-82.59843062,38.41552897,26,0,26
2789,42056,-88.97368137,37.07618694,1,0,1
2790,67357,-95.2637025,37.3421918,26,0,26
2791,67576,-98.76060234,38.0026983,4,0,4
2792,67543,-97.78228492,37.90029491,3,0,3
2793,21654,-76.1725494,38.6893487,3,2,5
2794,20737,-76.9285328,38.96194673,18,0,18
2795,21620,-76.0674446,39.2074195,11,0,11
2796,67443,-97.53776811,38.382122,1,0,1
2797,67336,-95.10058452,37.04293919,4,1,5
2798,40228,-85.62260865,38.14113261,2,3,5
2799,42101,-86.4443088,36.9958438,111,0,111
2800,40071,-85.34439831,38.03089436,6,0,6
2801,67003,-98.03171879,37.15096171,5,0,5
2802,66763,-94.68829146,37.45523237,6,2,8
2803,67561,-98.08236285,38.14744262,3,5,8
2804,42519,-84.601506,36.990053,5,0,5
2805,41840,-82.71390135,37.19127583,2,1,3
2806,48726,-83.1739472,43.600635,4,8,12
2807,46310,-87.1950578,41.2019432,9,0,9
2808,49083,-85.45497846,42.37768518,2,4,6
2809,40807,-82.9507549,36.9642912,1,1,2
2810,66801,-96.17921352,38.40321092,23,0,23
2811,41601,-82.72844038,37.61174073,1,0,1
2812,60938,-87.99265398,40.7688267,3,0,3
2813,49079,-85.8907304,42.2161386,43,0,43
2814,46526,-85.978647,41.624259,67,0,67
2815,40065,-85.21598642,38.21129298,23,3,26
2816,49720,-85.2634115,45.3103231,18,2,20
2817,66755,-95.16971171,37.91650124,1,0,1
2818,67330,-95.29686751,37.19243061,3,1,4
2819,67050,-97.68417787,37.65799485,2,0,2
2820,67025,-97.78138129,37.62782696,4,0,4
2821,48236,-82.8922335,42.4065563,35,0,35
2822,20850,-77.1503202,39.0834789,143,0,143
2823,46910,-86.030139,41.0394315,3,0,3
2824,21204,-76.6080327,39.4004454,84,0,84
2825,67554,-98.22380181,38.34734847,5,3,8
2826,42501,-84.6050529,37.0922496,31,11,42
2827,04562,-69.8202601,43.8092705,1,2,3
2828,60022,-87.7577264,42.1338046,34,0,34
2829,62560,-89.5721856,39.3204037,2,2,4
2830,67042,-96.85155464,37.816774,54,0,54
2831,47124,-85.9909256,38.3753077,1,1,2
2832,04938,-70.1575424,44.6971161,15,35,50
2833,04210,-70.22715448,44.09821647,18,8,26
2834,62613,-89.7233884,39.9608944,3,6,9
2835,48180,-83.2627843,42.2254436,92,0,92
2836,62052,-90.3291837,39.1195248,14,0,14
2837,62839,-88.48500131,38.66973163,11,0,11
2838,62951,-88.92693437,37.8160949,4,10,14
2839,61843,-88.35010915,40.31797502,2,2,4
2840,62963,-89.16350645,37.08389906,0,3,3
2841,42629,-85.06272768,36.98391751,10,0,10
2842,62665,-90.5607785,39.8304248,1,3,4
2843,62417,-87.76119629,38.70657638,2,0,2
2844,61283,-89.78676479,41.63111107,1,7,8
2845,40379,-84.68713117,38.27181939,1,2,3
2846,66861,-97.01877626,38.34712311,7,2,9
2847,83661,-116.9361306,44.0745429,12,0,12
2848,67410,-97.21521482,38.91893076,14,2,16
2849,83445,-111.6817822,43.970641,6,0,6
2850,66866,-97.10653621,38.16745059,3,7,10
2851,41230,-82.60235208,38.11599036,5,0,5
2852,41224,-82.5382659,37.8661003,1,0,1
2853,67522,-97.77077312,38.13666175,3,0,3
2854,40468,-84.95165229,37.64985992,1,1,2
2855,20646,-76.97729211,38.52883232,14,0,14
2856,42088,-88.7374644,36.64520161,1,0,1
2857,67349,-96.2626239,37.4695868,1,1,2
2858,42409,-87.69063897,37.51741241,6,0,6
2859,66524,-95.55691173,38.7786743,1,6,7
2860,46307,-87.37120118,41.44800306,170,0,170
2861,67878,-101.7522681,37.9823562,6,0,6
2862,46394,-87.49023381,41.67882349,19,0,19
2863,40059,-85.61824473,38.34076,9,0,9
2864,67432,-97.12504167,39.37655182,6,1,7
2865,40111,-86.63223745,37.83698563,2,0,2
2866,46373,-87.4681638,41.4493363,19,0,19
2867,46410,-87.3374096,41.4767641,50,0,50
2868,46405,-87.23953916,41.57449376,25,0,25
2869,66056,-94.81051015,38.14284374,1,0,1
2870,40050,-85.1692917,38.4335659,1,0,1
2871,40051,-85.59269789,37.65864905,1,0,1
2872,48230,-82.9119267,42.386451,25,0,25
2873,66073,-95.39361873,39.07408044,1,3,4
2874,66845,-96.53846258,38.3671941,5,1,6
2875,21801,-75.60968091,38.3682401,88,0,88
2876,40033,-85.25277999,37.57133693,6,0,6
2877,49770,-84.9604012,45.3752818,19,0,19
2878,61745,-88.97727891,40.31330442,2,6,8
2879,67005,-97.0398981,37.0620401,24,0,24
2880,42602,-85.1347972,36.68956,8,0,8
2881,66743,-94.84146568,37.51106947,6,2,8
2882,67056,-97.50643029,38.00291682,6,9,15
2883,67062,-97.43356319,38.14366018,6,3,9
2884,67579,-98.20667954,38.21053886,5,2,7
2885,46204,-86.1648263,39.7690952,1315,0,1315
2886,67013,-97.276517,37.393249,5,0,5
2887,67464,-97.83408464,38.55404756,1,2,3
2888,66783,-95.73221221,37.88150534,3,0,3
2889,66423,-96.1075753,38.859721,0,4,4
2890,67490,-98.47497874,38.82615068,1,0,1
2891,67118,-97.8488384,37.4577599,1,0,1
2892,21001,-76.16463012,39.51210894,46,0,46
2893,67851,-100.9908935,37.9878131,3,1,4
2894,21817,-75.85305586,37.98152276,13,0,13
2895,66749,-95.4038589,37.9225507,9,2,11
2896,67701,-101.0429924,39.39562547,12,0,12
2897,46229,-85.9611957,39.7757645,12,1,13
2898,67854,-99.8931523,38.0841009,4,0,4
2899,42127,-85.9580813,37.1393293,7,0,7
2900,67104,-98.58022381,37.28205862,6,1,7
2901,49085,-86.4762249,42.1096715,75,4,79
2902,67576,-98.75983188,38.00115451,4,0,4
2903,67637,-99.56145618,38.93911245,5,0,5
2904,67146,-97.11706304,37.38694002,1,1,2
2905,66839,-95.7376348,38.18937033,7,0,7
2906,40965,-83.71410904,36.60837591,23,0,23
2907,67530,-98.76341597,38.36619828,13,0,13
2908,66101,-94.62764125,39.11314806,116,0,116
2909,67063,-97.20543997,38.35913331,5,3,8
2910,61322,-89.30738351,41.32192941,1,3,4
2911,60146,-88.85018249,42.09287892,3,6,9
2912,83352,-114.4087263,42.9335254,5,5,10
2913,48001,-82.572397,42.6227393,12,3,15
2914,67861,-101.3580269,38.47748727,4,0,4
2915,48848,-84.3491765,42.8901925,2,5,7
2916,49127,-86.4942053,42.016472,11,0,11
2917,49073,-85.09379025,42.60416363,2,4,6
2918,61021,-89.4829994,41.8419392,28,1,29
2919,42001,-88.6655616,37.0365268,2,1,3
2920,62882,-89.1195343,38.61465403,2,1,3
2921,62875,-89.09609404,38.75163587,1,0,1
2922,61490,-90.31546296,41.17726274,1,4,5
2923,19950,-75.5942849,38.8075761,1,0,1
2924,49046,-85.45419263,42.50770757,3,0,3
2925,49028,-85.1949102,41.8716807,5,5,10
2926,60805,-87.7022892,41.7216647,60,10,70
2927,62215,-89.610288,38.545285,0,7,7
2928,61489,-90.01774525,40.92304388,2,0,2
2929,83861,-116.5658843,47.3153949,5,1,6
2930,47932,-87.400483,40.146333,6,4,10
2931,47987,-87.2626421,40.1117252,2,1,3
2932,48823,-84.4946651,42.7274261,1732,0,1732
2933,62274,-89.3813888,38.0797972,12,1,13
2934,46507,-85.8147105,41.721288,5,2,7
2935,46069,-86.2210042,40.134104,5,0,5
2936,83352,-114.4086414,42.9358083,4,1,5
2937,46528,-85.8333739,41.5839875,59,0,59
2938,47240,-85.48977533,39.33259018,11,0,11
2939,62931,-88.3049803,37.4472416,2,3,5
2940,61008,-88.84449532,42.26550951,39,2,41
2941,62233,-89.82825471,37.90372657,13,6,19
2942,60098,-88.4405389,42.340996,134,22,156
2943,60187,-88.1409323,41.8690803,386,0,386
2944,62448,-88.160944,38.9917131,9,0,9
2945,62220,-89.9907784,38.5204066,154,11,165
2946,62401,-88.542371,39.1216923,20,6,26
2947,61469,-90.9535288,40.9349594,8,0,8
2948,62681,-90.5644119,40.1203787,3,9,12
2949,61764,-88.63944243,40.87113818,29,0,29
2950,62049,-89.4937556,39.16257773,15,0,15
2951,62650,-90.2318524,39.7351983,15,0,15
2952,62246,-89.4128146,38.8893597,11,2,13
2953,47708,-87.56752854,37.97375982,277,0,277
2954,46601,-86.25449815,41.66613492,116,0,116
2955,46341,-87.1991461,41.3184084,7,1,8
2956,46701,-85.40945002,41.39466383,20,0,20
2957,46135,-86.8658165,39.6486484,16,0,16
2958,46301,-86.98652452,41.6736461,2,10,12
2959,46787,-85.6266253,41.0844575,4,2,6
2960,46770,-85.3390069,40.8257693,2,1,3
2961,47220,-86.0434068,38.8793889,5,0,5
2962,46544,-86.178923,41.6627004,103,0,103
2963,46777,-85.16732292,40.88421687,5,0,5
2964,46554,-86.4266473,41.5352379,4,4,8
2965,47404,-86.5351156,39.1690583,35,16,51
2966,47401,-86.5315201,39.1643413,87,0,87
2967,47630,-87.4046698,37.9493366,8,0,8
2968,46534,-86.6216008,41.298937,14,0,14
2969,47882,-87.40622578,39.09488306,10,0,10
2970,47452,-86.452515,38.6630927,4,1,5
2971,47512,-87.3067482,38.7738711,7,1,8
2972,47371,-84.97735879,40.43589508,13,11,24
2973,47390,-84.80939693,40.1963949,9,4,13
2974,47371,-84.9799995,40.4325566,11,0,11
2975,46750,-85.4912523,40.88067493,14,0,14
2976,46567,-85.7495694,41.4248121,9,5,14
2977,46992,-85.821976,40.7975353,15,9,24
2978,56431,-93.710356,46.532812,19,0,19
2979,47620,-87.9105294,37.936701,12,8,20
2980,47928,-87.462705,39.9473533,1,1,2
2981,47006,-85.22323148,39.29699288,11,1,12
2982,47446,-86.47293677,38.73275402,6,0,6
2983,47882,-87.40858041,39.09600617,7,0,7
2984,46160,-86.26220062,39.37139701,3,0,3
2985,47340,-85.1272321,40.1875305,3,4,7
2986,47923,-86.8659526,40.60260001,1,3,4
2987,46555,-85.6981935,41.3250358,4,0,4
2988,46368,-87.1805756,41.5738007,60,0,60
2989,47167,-86.09213706,38.59692277,12,0,12
2990,47368,-85.20714358,40.19294742,2,5,7
2991,46970,-86.0682248,40.7532222,29,0,29
2992,46761,-85.4260345,41.6566438,4,0,4
2993,47106,-85.9475226,38.4677135,1,1,2
2994,46260,-86.1851785,39.9118473,1,6,7
2995,83440,-111.7792184,43.82691557,46,0,46
2996,62914,-89.17619919,37.00539695,7,6,13
2997,42164,-86.19208918,36.74866272,13,0,13
2998,60960,-87.89694706,40.46363224,1,3,4
2999,62963,-89.1623146,37.089595,11,3,14
3000,67301,-95.70346594,37.2237948,21,0,21
3001,62924,-89.23015421,37.81726621,3,9,12
3002,19720,-75.61294753,39.6859261,358,0,358
3003,60302,-87.77912506,41.87973595,115,0,115
3004,61048,-89.82284186,42.37756385,3,10,13
3005,48858,-84.70898795,43.60378542,30,0,30
3006,96814,-157.8589328,21.29503978,290,0,290
3007,40220,-85.58638151,38.21915909,1,1,2
3008,21158,-76.99306389,39.57587746,42,0,42
3009,48112,-83.49476103,42.23318329,45,0,45
3010,20906,-77.04640266,39.06488097,86,0,86
3011,48325,-83.37254285,42.55960707,81,0,81
3012,06457,-72.6489206,41.5599447,99,0,99
3013,85202,-111.8724575,33.3889253,7,0,7
3014,85013,-112.0885476,33.4818872,4,0,4
3015,85032,-112.010609,33.6528117,4,0,4
3016,81301,-107.8670289,37.2754566,7,0,7
3017,80631,-104.692545,40.4095041,14,0,14
3018,96001,-122.4041503,40.5730357,0,0,0
3019,31014,-83.3454105,32.3792813,11,0,11
3020,31533,-82.8536542,31.4967942,6,2,8
3021,30118,-85.09678655,33.57220408,21,0,21
3022,01983,-70.9457581,42.6303516,10,14,24
3023,02184,-70.993587,42.211802,76,0,76
3024,01030,-72.6516913,42.0781017,49,0,49
3025,30673,-82.7619738,33.7224155,0,0,0
3026,01844,-71.19148039,42.73058782,88,0,88
3027,50841,-94.734743,40.9912055,6,0,6
3028,93721,-119.7897049,36.7368058,461,0,461
3029,93311,-119.10294,35.3487979,10,0,10
3030,92123,-117.1209965,32.8189472,1322,68,1390
3031,96097,-122.6383489,41.7303551,62,15,77
3032,01524,-71.9029255,42.24417914,18,4,22
3033,06106,-72.68235069,41.76423067,30,0,30
3034,90045,-118.3971919,33.9483841,577,0,577
3035,94533,-122.0446143,38.2522579,124,1,125
3036,30512,-83.95971148,34.87585938,7,1,8
3037,30046,-83.99582675,33.94593376,20,0,20
3038,31061,-83.30548473,33.08142601,55,0,55
3039,52068,-90.85040418,42.44740256,1,0,1
3040,32773,-81.24515226,28.77478632,11,0,11
3041,30113,-85.18765791,33.80291811,9,1,10
3042,31068,-84.06071378,32.29319553,5,1,6
3043,30021,-84.23685315,33.79512157,36,0,36
3044,30313,-84.40102731,33.76120121,27,4,31
3045,31408,-81.15148254,32.12849892,78,0,78
3046,70548,-92.28408048,30.00122108,16,0,16
3047,71260,-92.2424181,32.9011567,2,3,5
3048,70071,-90.69801259,30.03918759,7,0,7
3049,70806,-91.10337483,30.449502,10,0,10
3050,70802,-91.18907375,30.45681356,85,0,85
3051,71263,-91.40672219,32.78369642,1,0,1
3052,72450,-90.50952447,36.12438928,1,2,3
3053,71655,-91.79222621,33.62886334,21,10,31
3054,71852,-93.8467589,33.9473189,15,1,16
3055,72173,-92.20095078,35.08314562,8,2,10
3056,72126,-92.80100423,35.00861182,5,0,5
3057,72110,-92.743194,35.15440542,20,0,20
3058,72101,-91.19830058,35.25721431,5,5,10
3059,72396,-90.7864529,35.2231054,17,0,17
3060,72199,-92.2867747,34.8236304,19,0,19
3061,72650,-92.65357054,35.91146458,7,0,7
3062,72473,-91.20321062,35.72706114,3,3,6
3063,33016,-80.33857368,25.86798284,33,0,33
3064,33009,-80.14289053,25.98076455,92,8,100
3065,32351,-84.74232048,30.56906102,1,0,1
3066,34474,-82.1417531,29.18346624,155,0,155
3067,81201,-105.9929953,38.53406029,15,0,15
3068,80216,-104.9861038,39.80656071,226,0,226
3069,39837,-84.73844748,31.17476223,12,0,12
3070,31774,-83.25022268,31.59099556,13,2,15
3071,30143,-84.43222021,34.46778822,4,0,4
3072,70533,-92.03511166,29.95694326,6,0,6
3073,70444,-90.51029909,30.93661618,8,1,9
3074,90640,-118.1387441,34.02322282,8,28,36
3075,92506,-117.3825798,33.97273737,22,6,28
3076,92882,-117.5770155,33.8771018,179,0,179
3077,95630,-121.1627737,38.6824495,88,0,88
3078,92345,-117.3013796,34.44458005,7,0,7
3079,91106,-118.1181274,34.14459035,9,0,9
3080,92701,-117.8474261,33.74309685,21,2,23
3081,93940,-121.8503604,36.58725888,7,2,9
3082,92243,-115.5634791,32.7483214,109,13,122
3083,94553,-122.1337018,38.01928085,679,0,679
3084,91763,-117.6929814,34.07373428,58,3,61
3085,94553,-122.135305,38.01913563,23,0,23
3086,92626,-117.9165512,33.67411603,1,0,1
3087,06611,-73.2185746,41.2344864,72,2,74
3088,06423,-72.4617264,41.4523104,2,6,8
3089,85346,-114.2078928,33.6716525,13,0,13
3090,34420,-82.0593283,29.0621422,15,0,15
3091,33308,-80.0955847,26.201637,7,7,14
3092,33317,-80.2428299,26.1278141,180,8,188
3093,32405,-85.6411508,30.175545,86,10,96
3094,32809,-81.3710215,28.4783794,10,6,16
3095,33161,-80.1838435,25.8892197,122,0,122
3096,01606,-71.7949815,42.3140289,13,0,13
3097,01702,-71.4375919,42.2965991,13,0,13
3098,50648,-92.06333586,42.47545609,3,2,5
3099,51449,-94.7341901,42.2677923,4,0,4
3100,50585,-95.15023874,42.89279596,1,0,1
3101,34786,-81.5349217,28.4938747,13,5,18
3102,32935,-80.6388897,28.1171394,163,0,163
3103,33957,-82.0740966,26.4403806,25,3,28
3104,33406,-80.0767175,26.6501383,10,5,15
3105,33602,-82.4577171,27.9483734,980,0,980
3106,32177,-81.6401797,29.6486359,37,0,37
3107,32759,-80.8512229,28.8588654,7,1,8
3108,32168,-80.94073332,29.04752763,51,0,51
3109,81641,-107.9099042,40.0373494,6,0,6
3110,80110,-104.9941159,39.6512629,68,1,69
3111,80534,-104.9069317,40.3298543,14,0,14
3112,80452,-105.5145779,39.74181219,7,0,7
3113,80903,-104.8213904,38.8239953,668,3,671
3114,80620,-104.6976337,40.3768864,29,0,29
3115,81631,-106.8275883,39.6549535,9,0,9
3116,81082,-104.4851181,37.1824511,23,0,23
3117,80621,-104.8125194,40.0795909,18,0,18
3118,80120,-105.0142159,39.61772947,72,0,72
3119,80229,-104.9861666,39.8695455,161,0,161
3120,80022,-104.8966105,39.8060857,90,0,90
3121,80828,-103.687831,39.2609719,5,0,5
3122,01431,-71.8223275,42.6786921,6,2,8
3123,61465,-90.44098229,41.20312792,1,4,5
3124,60046,-88.08110906,42.41622866,17,6,23
3125,83605,-116.6817712,43.6651305,82,11,93
3126,49615,-85.2076577,44.975725,19,0,19
3127,46312,-87.4790509,41.6114327,8,1,9
3128,67661,-99.32376721,39.75649166,9,4,13
3129,21202,-76.6131655,39.3118613,142,0,142
3130,21713,-77.6557947,39.5087155,4,0,4
3131,19934,-75.5588668,39.1186835,4,0,4
3132,60014,-88.3683651,42.2339502,8,3,11
3133,60014,-88.34584985,42.21858977,3,11,14
3134,61264,-90.56601674,41.44957692,14,0,14
3135,61265,-90.5136929,41.505767,85,0,85
3136,48703,-83.6970612,44.0485886,2,0,2
3137,48658,-83.9566299,43.9846349,1,1,2
3138,19936,-75.5845047,39.22063546,5,1,6
3139,61944,-87.69601224,39.61292377,8,12,20
3140,62521,-88.9477831,39.8274411,5,4,9
3141,67748,-100.8617238,39.12693517,3,1,4
3142,40165,-85.70537605,38.00040735,25,0,25
3143,47907,-86.9222667,40.4223051,39,0,39
3144,61080,-89.0379058,42.489879,16,5,21
3145,67501,-97.93665914,38.0537783,46,0,46
3146,67054,-99.29089166,37.60434887,8,0,8
3147,62204,-90.0900837,38.6371031,5,12,17
3148,62260,-90.09337783,38.45959144,8,7,15
3149,49128,-86.6089201,41.8018376,2,9,11
3150,66536,-96.07428669,39.19357877,5,5,10
3151,66071,-94.87787213,38.57001739,29,2,31
3152,48820,-84.5646588,42.8418199,6,6,12
3153,48625,-84.8043896,44.0190145,25,2,27
3154,49677,-85.50695526,43.87163701,4,3,7
3155,48476,-84.03197874,42.93902834,1,2,3
3156,61360,-88.6112814,41.3161347,3,12,15
3157,49503,-85.6317962,42.9751281,204,35,239
3158,48507,-83.6569366,42.9517013,45,0,45
3159,48654,-84.1158066,44.4237267,1,0,1
3160,48880,-84.60846683,43.40943542,5,4,9
3161,48161,-83.39745072,41.91380405,98,0,98
3162,48471,-82.8309339,43.4226715,25,3,28
3163,67349,-96.26158887,37.46953812,4,2,6
3164,49858,-87.61270348,45.10731135,15,0,15
3165,67439,-98.2314645,38.7310347,7,0,7
3166,21871,-75.69877175,38.12908618,19,2,21
3167,67467,-97.7090029,39.1236998,5,0,5
3168,49953,-89.3173837,46.8750315,9,0,9
3169,67432,-97.12518193,39.37655202,8,1,9
3170,83854,-116.9206275,47.7148983,36,0,36
3171,49770,-84.95325433,45.37553636,23,0,23
3172,66049,-95.30470062,38.9575895,129,0,129
3173,66217,-94.78220988,39.02408145,87,0,87
3174,03901,-70.8649983,43.266782,11,7,18
3175,66092,-95.0822982,38.715348,4,0,4
3176,04927,-69.5075928,44.6367529,3,9,12
3177,61021,-89.48194254,41.84111054,29,0,29
3178,21102,-76.88419486,39.66203298,6,0,6
3179,48418,-83.94474415,42.82329988,0,5,5
3180,48653,-84.6645739,44.4587155,7,0,7
3181,48813,-84.8350728,42.564337,18,0,18
3182,04856,-69.0766522,44.191237,5,1,6
3183,83333,-114.3151578,43.5187852,16,1,17
3184,49072,-85.4520984,42.0071354,2,0,2
3185,04401,-68.7025409,44.84134326,5,6,11
3186,04953,-69.27380994,44.8363818,6,9,15
3187,04468,-68.6486854,44.9359823,15,2,17
3188,49058,-85.3032057,42.6471843,31,8,39
3189,04743,-68.6036717,47.2471346,4,2,6
3190,19716,-75.750033,39.6760115,46,0,46
3191,41041,-83.7344003,38.4218022,7,1,8
3192,48757,-83.6958968,43.4488843,2,3,5
3193,83651,-116.5617318,43.57839272,119,0,119
3194,62278,-89.992735,38.2114989,6,1,7
3195,47448,-86.2439747,39.2075292,5,1,6
3196,47944,-87.3160009,40.617083,6,0,6
3197,49012,-85.35245563,42.33428388,2,2,4
3198,48473,-83.751496,42.9139082,18,2,20
3199,49947,-89.6959199,46.378693,1,3,4
3200,19947,-75.39038279,38.69540069,17,0,17
3201,48313,-83.01246416,42.59101309,172,0,172
3202,48346,-83.418158,42.723506,2,8,10
3203,48362,-83.2389967,42.7848602,4,10,14
3204,42718,-85.34493497,37.3416401,10,2,12
3205,42038,-88.0858079,37.0907124,5,0,5
3206,41224,-82.53896155,37.86625419,4,2,6
3207,49417,-86.2246171,43.0626745,31,1,32
3208,46540,-85.7005585,41.6844332,7,10,17
3209,83628,-116.935743,43.6164971,6,0,6
3210,60560,-88.4623746,41.6573165,106,2,108
3211,48116,-83.7546917,42.4736735,14,1,15
3212,21921,-75.7874057,39.6025817,76,0,76
3213,41144,-82.7797041,38.55037442,1,0,1
3214,62288,-89.6590679,38.007563,5,1,6
3215,60444,-88.42380461,41.24008815,1,0,1
3216,61818,-88.7290112,39.8906245,1,4,5
3217,61087,-89.9927001,42.4999583,3,9,12
3218,60964,-87.7136936,41.02432095,3,5,8
3219,48428,-83.1503227,42.946243,4,10,14
3220,61531,-90.00163978,40.69770343,5,5,10
3221,47305,-85.387031,40.1957722,102,0,102
3222,61610,-89.6003667,40.6468852,6,3,9
3223,61443,-89.9198472,41.2453601,24,6,30
3224,61534,-89.642738,40.4075464,0,4,4
3225,60540,-88.1765971,41.7648522,184,0,184
3226,60430,-87.6658602,41.5631552,38,14,52
3227,60061,-87.9601489,42.2380003,47,0,47
3228,61739,-88.5150507,40.7467373,8,0,8
3229,62812,-88.92454692,37.99651157,10,0,10
3230,60476,-87.60949432,41.57598086,12,5,17
3231,60555,-88.1796619,41.8230999,30,0,30
3232,60154,-87.8805242,41.8638665,35,0,35
3233,04064,-70.3906873,43.5138,19,40,59
3234,60518,-88.9237083,41.590226,3,12,15
3235,60130,-87.8149479,41.87703461,39,6,45
3236,60030,-88.03924594,42.34360759,33,2,35
3237,60461,-87.7076981,41.5137947,19,6,25
3238,62014,-89.9494332,39.0347388,3,8,11
3239,83544,-116.2550564,46.4799686,17,0,17
3240,60442,-87.995213,41.433239,9,6,15
3241,61032,-89.624561,42.29762238,55,0,55
3242,60970,-87.713907,40.778241,10,6,16
3243,61760,-89.034392,40.9038228,3,6,9
3244,60936,-88.3746753,40.46479933,9,2,11
3245,03907,-70.59864616,43.2469411,10,10,20
3246,61540,-89.4096035,41.0244256,3,5,8
3247,62694,-90.45586186,39.62728298,3,6,9
3248,62869,-88.3291888,37.9775026,2,1,3
3249,62948,-89.02657,37.8060459,16,7,23
3250,60098,-88.3523542,42.3007788,3,5,8
3251,61244,-90.44051206,41.51553583,39,0,39
3252,61529,-89.96768185,40.7782779,1,8,9
3253,61523,-89.48618405,40.9160301,8,0,8
3254,62087,-90.0633529,38.8313989,5,1,6
3255,66434,-95.5382533,39.8521091,8,2,10
3256,56009,-93.57590883,43.67143581,1,0,1
3257,46938,-85.6282212,40.4817484,3,0,3
3258,60707,-87.8120895,41.9236286,34,0,34
3259,60145,-88.7589008,42.1003161,2,3,5
3260,60164,-87.90134691,41.90605985,39,3,42
3261,60439,-87.99788641,41.67459913,30,9,39
3262,83672,-116.9658221,44.2475893,13,0,13
3263,60419,-87.6103408,41.6396533,41,12,53
3264,60091,-87.72210527,42.07684609,45,0,45
3265,48829,-85.0586871,43.4088832,1,1,2
3266,49440,-86.2442127,43.2350925,47,17,64
3267,61028,-90.2213189,42.3183601,1,7,8
3268,48170,-83.4477208,42.3616157,30,0,30
3269,49601,-85.4019289,44.2506031,15,0,15
3270,48203,-83.0895609,42.3952429,10,43,53
3271,48167,-83.4851467,42.430713,16,6,22
3272,48146,-83.1809495,42.2503234,51,0,51
3273,67524,-98.34970093,38.35387397,1,1,2
3274,40383,-84.73102876,38.05227658,40,0,40
3275,42141,-85.9122547,36.99623629,13,1,14
3276,67846,-100.8760379,37.9675997,52,0,52
3277,42347,-86.9074414,37.4503875,6,0,6
3278,67672,-99.8827943,39.0265901,5,0,5
3279,21601,-76.0790628,38.77483221,30,0,30
3280,66451,-95.68480379,38.61080974,2,6,8
3281,66537,-95.73974064,38.77893205,1,2,3
3282,62363,-90.80417597,39.60826803,13,2,15
3283,61554,-89.6195132,40.6207871,2,11,13
3284,60097,-88.3691474,42.3866023,2,10,12
3285,62447,-88.45391027,39.31885197,3,3,6
3286,62442,-87.8827872,39.3327633,2,2,4
3287,61008,-88.84476697,42.2658241,44,0,44
3288,62366,-90.87235198,39.44371055,0,3,3
3289,61530,-89.2732691,40.7227981,6,8,14
3290,46550,-86.0038565,41.4414701,15,0,15
3291,46952,-85.65797876,40.55758444,45,0,45
3292,67068,-98.11135105,37.64235438,7,1,8
3293,61842,-88.6419993,40.24395934,3,5,8
3294,67654,-99.8876491,39.8285941,5,1,6
3295,48236,-82.8767258,42.4366851,18,0,18
3296,60950,-87.8342428,41.2517272,17,0,17
3297,56510,-96.513479,47.2981874,5,0,5
3298,62037,-90.43321429,38.9699655,5,5,10
3299,40447,-83.99867664,37.43002023,2,2,4
3300,67026,-97.50484857,37.50442638,6,3,9
3301,67663,-99.30077076,39.23470574,5,2,7
3302,67110,-97.24517605,37.47619305,12,0,12
3303,67876,-99.75572801,37.849237,1,1,2
3304,67835,-100.3495302,37.80367418,10,0,10
3305,41064,-84.03582342,38.53162249,1,0,1
3306,46375,-87.4502146,41.4917997,49,0,49
3307,49032,-85.5149641,41.9226023,25,0,25
3308,67022,-97.60787871,37.03270219,3,0,3
3309,42533,-84.6027457,37.0696688,1,0,1
3310,66414,-95.69236476,38.81917176,3,2,5
3311,41095,-84.90295625,38.7833614,1,0,1
3312,67431,-97.01946305,38.97047254,4,1,5
3313,56007,-93.36818321,43.64601016,29,0,29
3314,66534,-95.80040552,39.9032461,6,2,8
3315,60955,-88.00774998,40.71488927,1,4,5
3316,62281,-89.76859229,38.71624368,1,7,8
3317,49788,-84.4652736,46.2634288,3,0,3
3318,67740,-100.4415335,39.3546101,1,2,3
3319,49783,-84.34537365,46.49742151,25,0,25
3320,41844,-82.8776047,37.3342337,1,0,1
3321,61036,-90.42559173,42.41787378,10,9,19
3322,61330,-89.27844157,41.53639477,1,0,1
3323,41649,-82.7728767,37.5458581,4,0,4
3324,61944,-87.69777462,39.61042978,18,0,18
3325,62016,-90.41010638,39.30077249,6,10,16
3326,48604,-83.9390982,43.4665783,7,0,7
3327,49829,-87.0749993,45.7496698,33,0,33
3328,49085,-86.4867507,42.0626759,11,3,14
3329,49068,-84.9638553,42.2713996,12,0,12
3330,49117,-86.7466966,41.7931495,7,6,13
3331,49058,-85.2858442,42.6490305,14,0,14
3332,49038,-86.2944248,42.2006516,8,3,11
3333,62995,-88.89642315,37.41506009,7,3,10
3334,83330,-114.7124518,42.93827113,11,0,11
3335,83332,-114.8988925,42.81618982,2,0,2
3336,61078,-89.7389868,42.1544923,1,4,5
3337,83530,-116.1214501,45.9271241,6,0,6
3338,83202,-112.4657679,42.927191,19,0,19
3339,83704,-116.3017464,43.6078392,306,0,306
3340,47443,-87.0808655,38.9886799,1,0,1
3341,83864,-116.5631483,48.2716477,21,10,31
3342,62568,-89.29803065,39.5476999,0,2,2
3343,47122,-85.9565025,38.2971054,3,0,3
3344,62025,-89.9598251,38.8123775,82,0,82
3345,60970,-87.7182403,40.7718046,19,0,19
3346,61483,-89.8660924,41.0931236,5,0,5
3347,62301,-91.40783164,39.93498428,29,0,29
3348,60957,-88.0993358,40.4635168,8,0,8
3349,61350,-88.8259305,41.3728161,36,0,36
3350,61951,-88.63056505,39.60768878,10,0,10
3351,61542,-90.1564205,40.39750753,21,0,21
3352,46714,-85.16991047,40.73956068,20,0,20
3353,46072,-86.0384318,40.2820651,11,3,14
3354,47601,-87.2733267,38.0488074,14,2,16
3355,47394,-84.9802668,40.1707308,28,0,28
3356,47043,-85.06654463,38.74746406,5,0,5
3357,47711,-87.54209219,38.01144776,103,0,103
3358,47394,-84.98068634,40.17281303,11,2,13
3359,46391,-86.8985164,41.54016159,3,2,5
3360,46742,-84.91321505,41.53239328,4,0,4
3361,47040,-84.8551506,38.9461823,8,0,8
3362,47429,-86.630104,39.240311,9,2,11
3363,46962,-85.7787798,40.9986278,11,0,11
3364,47229,-85.84059547,38.79548593,3,0,3
3365,47946,-86.8809545,40.9854241,1,0,1
3366,47904,-86.88180083,40.44793492,48,0,48
3367,47274,-85.88823474,38.96034918,39,0,39
3368,46901,-86.1567073,40.4772448,34,0,34
3369,46346,-86.6921432,41.4776473,3,0,3
3370,46637,-86.2458503,41.7146077,3,0,3
3371,46506,-86.1470325,41.445974,12,0,12
3372,46534,-86.62409009,41.2991399,7,3,10
3373,46350,-86.7177402,41.6066559,41,0,41
3374,47520,-86.7402177,37.9116109,3,2,5
3375,46140,-85.76744,39.7847143,40,0,40
3376,47665,-87.69182437,38.27255933,2,0,2
3377,46038,-86.0162342,39.9594574,89,2,91
3378,47438,-87.2011741,39.1633406,5,5,10
3379,46111,-86.36942497,39.53884813,1,2,3
3380,46120,-86.7945123,39.5123076,3,0,3
3381,46561,-86.0799703,41.6635093,1,2,3
3382,47353,-84.92768274,39.63526076,6,2,8
3383,47933,-86.9003405,40.044555,32,0,32
3384,47963,-87.4536564,40.9467601,1,1,2
3385,46710,-85.2382853,41.3651071,5,3,8
3386,46783,-85.372736,40.96160646,3,2,5
3387,46571,-85.53909454,41.53927624,3,0,3
3388,46737,-84.9346449,41.7323616,4,5,9
3389,46767,-85.58723727,41.46357104,9,5,14
3390,46574,-86.4836541,41.4667418,6,5,11
3391,47346,-85.16091179,39.91142821,5,0,5
3392,21901,-75.9444229,39.60086548,9,0,9
3393,61231,-90.75926523,41.19949054,12,4,16
3394,04401,-68.77284556,44.80235259,32,3,35
3395,21286,-76.58900387,39.40051379,1910,0,1910
3396,48101,-83.21896096,42.26416421,41,0,41
3397,66032,-95.24308402,38.28011816,9,0,9
3398,61759,-89.313925,40.4333817,2,6,8
3399,42701,-85.86316292,37.69117778,43,0,43
3400,21911,-76.06267293,39.69831555,4,0,4
3401,66053,-94.67577358,38.61863253,8,5,13
3402,47130,-85.73723005,38.27783553,35,0,35
3403,62269,-89.8931,38.5962275,46,0,46
3404,48708,-83.88530011,43.6014777,58,0,58
3405,60927,-87.9313468,40.93290592,1,4,5
3406,62794,-89.61225092,39.721159,8,0,8
3407,49896,-87.34762063,45.65322536,11,0,11
3408,70043,-89.96090565,29.95468347,1,4,5
3409,33620,-82.40862658,28.06844401,47,0,47
3411,31705,-84.1396948,31.56777962,17,0,17
3412,30008,-84.5799332,33.91552033,64,0,64
3413,94102,-122.4158198,37.78116536,14,3,17
3414,52639,-91.41573166,40.53150338,1,2,3
3415,50063,-93.96152288,41.68414671,2,1,3
3416,50668,-92.22537795,42.70366999,1,0,1
3417,71107,-93.83285109,32.54462904,12,0,12
3418,06103,-72.6726373,41.7680216,1,0,1
3419,71602,-92.08198982,34.22691634,0,0,0
3420,33167,-80.24812918,25.87873053,5,0,5
3421,33319,-80.25226322,26.16501521,20,0,20
3422,80215,-105.1073983,39.72687827,742,0,742
3423,31061,-83.22351413,33.07910595,3,0,3
3424,31044,-83.3331174,32.67870352,1,0,1
3425,31794,-83.5276363,31.48143694,14,3,17
3426,30008,-84.58149578,33.91559067,5,0,5
3427,30809,-82.101047,33.537722,8,0,8
3428,70806,-91.10639187,30.44926151,50,0,50
3429,95546,-123.6855571,41.06534125,6,0,6
3430,72958,-94.0917432,34.8970509,9,0,9
3431,72112,-91.19054188,35.64052922,2,0,2
3432,32399,-84.28368719,30.43809402,9,0,9
3433,30601,-83.3707948,33.9571639,78,0,78
3434,31061,-83.23177902,33.08376022,15,0,15
3435,30303,-84.38914853,33.75423258,68,0,68
3436,30144,-84.58522794,34.03782118,23,0,23
3437,31087,-82.96984172,33.30085623,1,0,1
3438,95834,-121.4927307,38.64078062,170,0,170
3439,32503,-87.2516464,30.481793,0,0,0
3440,34475,-82.1385945,29.1882285,0,0,0
3441,80203,-104.9779944,39.7405676,0,0,0
3442,02301,-71.044145,42.067025,10,0,10
3443,01040,-72.653058,42.1956231,12,0,12
3444,30097,-84.17117109,34.05656348,61,0,61
3445,30566,-83.86621174,34.23899615,5,0,5
3446,30563,-83.50215004,34.51559388,2,7,9
3447,31503,-82.40651083,31.25524331,1,0,1
3448,19901,-75.54052795,39.18670587,18,3,21
3449,04572,-69.3791844,44.1031251,8,4,12
3450,66542,-95.55819559,38.9886167,1,0,1
3451,48653,-84.4160332,44.4920418,1,5,6
3452,48109,-83.7439612,42.2652104,55,0,55
3453,19801,-75.5464932,39.7436725,12,0,12
3454,62707,-89.6763136,39.8509005,6,0,6
3455,83420,-111.4451757,44.0711082,2,0,2
3456,20707,-76.89679475,39.08859406,17,0,17
3457,49236,-83.9656007,42.0746608,4,4,8
3458,49686,-85.60709614,44.75224519,32,0,32
3459,49006,-85.6037503,42.2871379,29,0,29
3460,41002,-84.00724313,38.77302246,3,0,3
3461,66439,-95.52559441,39.65975107,6,0,6
3462,66621,-95.7011876,39.0359221,15,6,21
3463,66608,-95.67756668,39.08816325,2,0,2
3464,21222,-76.5036106,39.2323742,456,0,456
3465,48326,-83.2222157,42.671845,56,0,56
3466,49401,-85.888341,42.9706395,16,7,23
3467,40475,-84.2994456,37.7346516,0,0,0
3468,62550,-89.01954541,39.62568408,2,5,7
3469,60608,-87.6506787,41.8645099,74,0,74
3470,60184,-88.2495713,41.9511272,5,7,12
3471,60525,-87.8592437,41.7892324,26,0,26
3472,62264,-89.8716735,38.3178285,4,6,10
3473,60042,-88.1904791,42.2750521,16,9,25
3474,60050,-88.29162995,42.36617679,1,3,4
3475,60465,-87.83128563,41.70320056,33,0,33
3476,60429,-87.68790426,41.57968611,30,1,31
3477,04693,-68.0867351,44.3912566,1,2,3
3478,67550,-99.09939975,38.18185101,7,0,7
3479,67070,-98.4777663,37.01718219,2,0,2
3480,66521,-96.16886791,39.49052278,1,3,4
3481,48197,-83.6277093,42.249773,25,0,25
3482,61603,-89.5836204,40.7261842,23,0,23
3483,04038,-70.44701457,43.67999067,13,2,15
3484,40601,-84.8953045,38.15500513,30,0,30
3485,40108,-86.1748875,38.0016287,6,0,6
3486,48072,-83.1826177,42.5027909,28,0,28
3487,21660,-75.88453845,38.94728676,3,0,3
3488,46303,-87.424661,41.3677809,16,0,16
3489,67505,-97.93917226,38.0281736,7,3,10
3490,40422,-84.77557284,37.64632515,28,0,28
3491,67880,-101.3557979,37.57994197,6,4,10
3492,67144,-97.00285241,37.79632557,3,7,10
3493,66756,-94.6215496,37.5566874,2,1,3
3494,42327,-87.26184822,37.53479355,1,1,2
3495,46805,-85.1108578,41.1178189,15,0,15
3496,67356,-95.10767014,37.16632023,5,1,6
3497,67950,-101.8916508,36.99796535,5,1,6
3498,56308,-95.38037334,45.88407465,31,1,32
3499,67749,-100.5295291,39.82113016,4,0,4
3500,66871,-95.60053126,38.39181259,1,0,1
3501,66749,-95.40466254,37.92330292,16,0,16
3502,67361,-96.1871772,37.1274232,2,1,3
3503,66733,-95.243675,37.5685726,2,3,5
3504,66411,-96.65954566,39.68328189,1,3,4
3505,66846,-96.48794521,38.66480067,6,2,8
3506,61455,-90.67345725,40.45819281,29,0,29
3507,48827,-84.6608863,42.513702,10,1,11
3508,62918,-89.0901546,37.7474605,7,0,7
3509,48820,-84.5533263,42.8270554,15,0,15
3510,49701,-84.7261334,45.7812356,5,2,7
3511,49111,-86.2974913,41.9856273,0,6,6
3512,49085,-86.4811816,42.1078595,18,0,18
3513,49707,-83.4375436,45.0662913,17,0,17
3514,49117,-86.81017716,41.76100434,3,8,11
3515,48710,-83.9858685,43.5594562,8,1,9
3516,40419,-84.50596455,37.46172387,1,0,1
3517,60506,-88.34770597,41.75486139,6,0,6
3518,61361,-89.73767891,41.3566883,4,0,4
3519,49031,-86.0122267,41.9112934,5,0,5
3520,49117,-86.7926501,41.7727327,4,6,10
3521,49908,-88.4819577,46.7878601,3,0,3
3522,61051,-89.7742437,41.9625287,2,7,9
3523,21632,-75.77422979,38.69502982,11,0,11
3524,61754,-89.1714149,40.31407415,1,9,10
3525,83647,-115.6694627,43.1376386,26,0,26
3526,83647,-115.6731175,43.136933,25,5,30
3527,21742,-77.6664436,39.6312946,1,0,1
3528,47546,-86.92828597,38.39110936,21,0,21
3529,47441,-87.1679463,39.0352146,10,0,10
3530,46991,-85.5053437,40.6184621,2,1,3
3531,62858,-88.49902079,38.77262563,10,0,10
3532,47001,-84.89997986,39.05546674,10,0,10
3533,67124,-98.6929049,37.6319627,178,19,197
3534,62454,-87.7386339,39.0043061,14,14,28
3535,61554,-89.6495309,40.5691853,41,0,41
3536,60134,-88.29671126,41.86902838,92,0,92
3537,47567,-87.2803425,38.4912838,5,1,6
3538,47620,-87.89607088,37.93396044,14,0,14
3539,46701,-85.4060586,41.3943305,6,5,11
3540,46501,-86.24638523,41.23706677,5,5,10
3541,46725,-85.4901828,41.15633545,18,0,18
3542,47872,-87.2448355,39.7754983,11,10,21
3543,47591,-87.5291626,38.6776952,36,1,37
3544,46747,-85.0816751,41.5328477,1,1,2
3545,46761,-85.4148057,41.6295195,18,0,18
3546,47250,-85.3804414,38.7360783,27,0,27
3547,47591,-87.52010989,38.6855574,9,0,9
3548,46040,-85.8406972,39.934843,8,8,16
3549,46928,-85.65243292,40.41573876,5,2,7
3550,47042,-85.2493485,39.07243365,10,0,10
3551,46532,-86.582649,41.38011167,1,2,3
3552,46970,-86.0683056,40.75490158,15,0,15
3553,46565,-85.5776767,41.6792258,4,0,4
3554,46135,-86.8546955,39.6335432,14,0,14
3555,46208,-86.17737706,39.85032576,1,0,1
3556,46063,-85.7284753,40.2700438,1,1,2
3557,61401,-90.36756517,40.94579101,53,1,54
3558,60963,-87.66801869,40.37943921,2,4,6
3559,60531,-88.79900167,41.61426897,1,12,13
3560,61448,-90.2816849,40.9104325,5,6,11
3561,62863,-87.76046792,38.41006434,4,0,4
3562,62513,-97.342646,32.859405,1,0,1
3563,66612,-95.68042152,39.04781255,2,0,2
3564,48708,-83.88483085,43.60143527,37,0,37
3565,60514,-87.964524,41.794906,15,0,15
3566,60941,-88.09533143,41.05135276,2,10,12
3567,61107,-89.06800552,42.28257253,18,35,53
3568,61611,-89.56530388,40.66498402,1,7,8
3569,62458,-88.84887552,39.02773609,3,1,4
3570,62460,-87.64578212,38.59023969,1,0,1
3571,46536,-86.27495252,41.52422439,2,0,2
3572,47993,-87.2928371,40.28722856,2,0,2
3573,66781,-94.77149496,37.31257856,1,2,3
3574,21201,-76.61971404,39.30352594,140,0,140
3575,21801,-75.60664645,38.34814431,17,1,18
3576,49849,-87.66853167,46.48842356,10,0,10
3577,49715,-84.60159503,46.45006676,6,0,6
3578,19709,-75.71776615,39.44866217,24,6,30
3579,60026,-87.822616,42.078403,77,0,77
3580,60646,-87.73385352,42.00678991,33,0,33
3581,61402,-90.38839554,40.96363186,1,1,2
3582,61702,-88.99237843,40.47670903,122,0,122
3583,40241,-85.57812796,38.28820458,1,1,2
3584,40602,-84.86502458,38.21763207,7,0,7
3585,21108,-76.62556682,39.09938012,633,0,633
3586,50144,-93.74514646,40.74051192,6,0,6
3587,50643,-92.45520306,42.40721615,4,2,6
3588,50501,-94.1880291,42.5042474,18,0,18
3589,94133,-122.4099534,37.7987276,0,0,0
3590,50644,-91.8885799,42.4703325,13,0,13
3591,06098,-73.0689191,41.9214727,23,0,23
3592,06759,-73.1927481,41.7473531,2,2,4
3593,06078,-72.6852798,41.9845903,20,7,27
3594,06525,-73.01244082,41.35370961,26,0,26
3595,06702,-73.0362506,41.5548712,256,0,256
3596,06716,-72.9815638,41.5791224,24,0,24
3597,06604,-73.1911509,41.1753701,2,0,2
3598,06457,-72.72752829,41.5691724,1227,0,1227
3599,06032,-72.7915774,41.7310953,15,0,15
3600,06880,-73.3601351,41.140057,68,16,84
3601,06070,-72.80088002,41.88033057,35,0,35
3602,06512,-72.8661959,41.293316,52,0,52
3603,06371,-72.2764321,41.290561,5,1,6
3604,06260,-71.9099973,41.9208987,12,1,13
3605,06001,-72.8367484,41.8108925,34,2,36
3606,06088,-72.618544,41.9269314,23,0,23
3607,06830,-73.6247076,41.0256136,151,0,151
3608,06108,-72.6122967,41.780215,134,0,134
3609,85629,-110.9749754,31.95654866,42,0,42
3610,86011,-111.650281,35.177864,17,0,17
3611,86323,-112.4657512,34.77375987,25,1,26
3612,85225,-111.7952872,33.2938779,4,0,4
3613,30643,-82.9304187,34.3516539,19,2,21
3614,30535,-83.5413727,34.5709068,5,3,8
3615,30204,-84.15579,33.0562701,17,0,17
3616,93445,-120.6166722,35.1021555,0,0,0
3617,30553,-83.1071224,34.4348327,13,0,13
3618,30214,-84.44609493,33.43317931,44,2,46
3619,30756,-84.97167089,34.90286817,3,5,8
3620,30341,-84.2992426,33.895001,34,0,34
3621,30101,-84.6602675,34.0602706,37,1,38
3622,30176,-85.28725698,33.74381954,17,1,18
3623,30084,-84.2458715,33.8408389,1074,0,1074
3624,31082,-82.81186197,32.98391837,18,5,23
3625,30417,-81.9086973,32.1606044,8,0,8
3626,31316,-81.7442285,31.7105382,6,1,7
3627,31806,-84.31026302,32.23923497,4,2,6
3628,31057,-83.9414247,32.4565002,4,3,7
3629,30145,-84.9367772,34.1473058,14,0,14
3630,31090,-83.0795519,32.8256969,1,0,1
3631,31701,-84.17074244,31.55056585,47,5,52
3632,39870,-84.3470605,31.3140019,1,1,2
3633,94601,-122.2354463,37.7812508,0,0,0
3634,30445,-82.5953942,32.1743155,4,1,5
3635,30127,-84.6835696,33.8610105,31,9,40
3636,31553,-81.9819916,31.2039504,3,0,3
3637,31037,-82.9144679,32.0734501,3,1,4
3638,30260,-84.3376334,33.5825247,32,7,39
3639,30303,-84.3921392,33.7510586,129,0,129
3640,31557,-82.1420766,31.3866599,2,1,3
3641,31329,-81.3105545,32.3674233,6,0,6
3642,94621,-122.2084397,37.7295463,0,0,0
3643,31407,-81.1634071,32.1449647,20,0,20
3644,30291,-84.55326153,33.57880325,63,0,63
3645,71423,-92.5288712,31.5770548,1,0,1
3646,70549,-92.6770395,30.07615191,5,3,8
3647,70554,-92.4205119,30.63044027,17,6,23
3648,71326,-91.5408075,31.7235229,1,1,2
3649,70503,-92.0114636,30.2111073,243,0,243
3650,70462,-90.54952984,30.42923268,3,6,9
3651,70528,-91.98864611,29.94904401,2,3,5
3652,70601,-93.2048957,30.2265593,153,0,153
3653,71270,-92.6395576,32.5320149,36,9,45
3654,71422,-92.65900359,32.0774999,2,1,3
3655,70535,-92.4154427,30.4921802,32,0,32
3656,70767,-91.2039442,30.4523143,17,0,17
3657,70584,-92.06603272,30.41084357,12,0,12
3658,71327,-92.0531841,30.9857601,5,2,7
3659,71101,-93.7553598,32.5009752,511,0,511
3660,71251,-92.71371051,32.24220186,9,3,12
3661,71245,-92.7120922,32.5300479,10,0,10
3662,70067,-90.1262997,29.7345035,2,0,2
3663,70441,-90.6708611,30.829839,4,5,9
3664,71064,-93.70241807,32.90629995,4,0,4
3665,71052,-93.70531734,32.03888905,12,0,12
3666,71357,-91.23460738,32.07390365,3,2,5
3667,70802,-91.18352229,30.44077754,630,0,630
3668,71006,-93.74070271,32.69684878,8,0,8
3669,70764,-91.23591233,30.2887249,22,4,26
3670,71227,-92.52071456,32.530228,1,4,5
3671,71060,-93.95967448,32.69263435,2,1,3
3672,70755,-91.556073,30.559109,6,5,11
3673,70640,-92.91806472,30.36536019,2,0,2
3674,70647,-93.01411265,30.23967331,10,1,11
3675,70427,-89.8915722,30.6497343,2,2,4
3676,70586,-92.27372241,30.68710041,17,8,25
3677,71068,-93.28680953,32.32970318,6,0,6
3678,71342,-92.1323065,31.683846,6,2,8
3679,71247,-92.72422715,32.26808305,4,2,6
3680,71430,-92.52985733,31.03979951,1,3,4
3681,70546,-92.65696632,30.22142339,24,3,27
3682,70002,-90.1540405,30.01928155,25,0,25
3683,95521,-124.0848136,40.8672929,21,1,22
3684,94404,-122.2699491,37.5595052,39,0,39
3685,93291,-119.2993348,36.328364,136,7,143
3686,94002,-122.2766301,37.5181014,32,0,32
3687,95695,-121.7677821,38.6750971,65,0,65
3688,95110,-121.9056423,37.3493214,1382,0,1382
3689,95677,-121.2326635,38.7880362,54,2,56
3690,92805,-117.9189654,33.830232,398,14,412
3691,95307,-120.9548237,37.5923439,45,3,48
3692,92020,-116.963487,32.8084893,120,0,120
3693,95010,-121.9532047,36.9746347,22,0,22
3694,94583,-121.967916,37.7764625,56,0,56
3695,92227,-115.5364394,32.9789125,28,0,28
3696,92243,-115.5646947,32.7931484,54,2,56
3697,95060,-122.027361,36.9678159,95,0,95
3698,90058,-118.2307068,34.0046257,53,0,53
3699,94010,-122.3562121,37.57762354,28,0,28
3700,93101,-119.7008263,34.42528925,136,0,136
3701,94066,-122.4168355,37.6379246,46,0,46
3702,94301,-122.1596026,37.4441734,93,0,93
3703,94920,-122.4655237,37.8741958,8,0,8
3704,90274,-118.3915506,33.799932,21,0,21
3705,90245,-118.4152961,33.9199633,68,0,68
3706,91502,-118.3085067,34.1833882,164,0,164
3707,91766,-117.753937,34.0545637,182,0,182
3708,91024,-118.0583704,34.1615181,16,0,16
3709,52404,-91.7053748,41.89052357,13,0,13
3710,51041,-96.0772477,43.0188056,13,8,21
3711,51442,-95.3569002,42.0175774,11,0,11
3712,52101,-91.7893233,43.3062744,10,0,10
3713,85616,-110.3349649,31.63236792,4,1,5
3714,85003,-112.0819631,33.4486118,3388,0,3388
3715,85624,-110.7520262,31.540607,3,3,6
3716,85338,-112.3578896,33.4362867,96,0,96
3717,85201,-111.8373245,33.418396,831,1,832
3718,85701,-110.9709887,32.2176325,1032,0,1032
3719,85634,-111.8801178,31.9154035,66,0,66
3720,72150,-92.40064117,34.30544965,15,1,16
3721,72949,-93.8257496,35.4855264,9,6,15
3722,71854,-94.0224926,33.4012132,24,2,26
3723,72143,-91.7183775,35.2252582,56,1,57
3724,71957,-93.6325882,34.5578393,9,3,12
3725,34744,-81.3367821,28.2716767,388,17,405
3726,32433,-86.10444011,30.78263589,165,0,165
3727,32501,-87.2349069,30.4418982,388,0,388
3728,33431,-80.09734888,26.37806533,39,0,39
3729,33040,-81.7522492,24.5772931,189,0,189
3730,32064,-82.9851183,30.2955878,48,2,50
3731,32066,-83.17664739,30.05481728,9,10,19
3732,32579,-86.5791371,30.4421669,258,10,268
3733,33778,-82.79016433,27.89345605,863,0,863
3734,32091,-82.10955,29.9543079,24,0,24
3735,34994,-80.2427868,27.1700072,414,0,414
3736,32583,-86.9741984,30.6433464,190,0,190
3737,81321,-108.5761078,37.3592179,28,0,28
3738,81611,-106.8177836,39.19073329,23,4,27
3739,91754,-118.1270562,34.0591329,75,0,75
3740,95667,-120.7900146,38.7300734,18,3,21
3741,94574,-122.4714262,38.5063234,12,1,13
3742,96097,-122.6387639,41.7324892,15,0,15
3743,93030,-119.1814752,34.2008537,228,0,228
3744,90012,-118.2409108,34.05211435,9727,0,9727
3745,93223,-119.2153574,36.2973042,16,0,16
3746,93631,-119.5514686,36.5122555,16,0,16
3747,93721,-119.7878847,36.73761346,828,0,828
3748,93245,-119.7879033,36.3058177,31,0,31
3749,80120,-105.0187816,39.60940524,7,1,8
3750,33542,-82.18475213,28.2466739,32,0,32
3751,70504,-92.01824293,30.21489603,19,10,29
3752,02532,-70.608941,41.747708,36,0,36
3753,01821,-71.27202662,42.56229432,65,0,65
3754,01569,-71.64817823,42.07717136,18,6,24
3755,60458,-87.8394497,41.7495707,24,2,26
3756,62009,-89.8047268,39.093279,4,5,9
3757,61920,-88.1735679,39.4817675,19,0,19
3758,61542,-90.15598162,40.3960756,4,11,15
3759,47265,-85.6252388,39.0064542,18,0,18
3760,62060,-90.1575442,38.6835149,11,0,11
3761,61341,-88.7071422,41.3277736,9,4,13
3762,60156,-88.3308228,42.1871821,42,0,42
3763,60046,-88.02622711,42.40598318,16,4,20
3764,60546,-87.81857336,41.8263231,17,0,17
3765,60119,-88.4692671,41.891842,9,6,15
3766,60151,-88.5998641,41.9057889,0,5,5
3767,62234,-90.02072517,38.67679967,0,0,0
3768,60136,-88.3756522,42.105626,8,8,16
3769,46511,-86.4224134,41.2176693,4,7,11
3770,61616,-89.57445343,40.7466191,12,0,12
3771,47421,-86.48590736,38.86063413,32,0,32
3772,83672,-116.9655717,44.24739716,21,0,21
3773,61548,-89.36164706,40.79064205,5,3,8
3774,48134,-83.28126,42.0952288,23,0,23
3775,48126,-83.2001874,42.3134445,198,0,198
3776,66401,-96.28936921,39.01383785,1,0,1
3777,20742,-76.9363056,38.9856626,90,0,90
3778,67420,-98.10794253,39.45861375,8,1,9
3779,42330,-87.12566928,37.29483481,12,1,13
3780,66040,-94.76274986,38.34620145,2,0,2
3781,42050,-89.1855937,36.5709473,3,2,5
3782,40311,-84.02771966,38.31334866,5,1,6
3783,40601,-84.85447269,38.19983819,13,0,13
3784,46031,-86.0261498,40.2162718,2,0,2
3785,40322,-83.62681009,37.95171073,5,1,6
3786,46204,-86.1662241,39.7680293,201,0,201
3787,49420,-86.3627874,43.7012724,20,0,20
3788,48647,-84.12932395,44.64987203,11,0,11
3789,49677,-85.5150648,43.8756622,18,1,19
3790,41311,-83.71001009,37.57365604,1,0,1
3791,42050,-89.183485,36.549686,3,0,3
3792,46204,-86.164848,39.76784208,88,0,88
3793,40510,-84.59819627,38.03759503,20,0,20
3794,61483,-89.8642961,41.09469697,5,3,8
3795,42025,-88.35044272,36.85829507,7,0,7
3796,62942,-89.50513608,37.63178598,1,1,2
3797,60305,-87.80585211,41.88983273,114,0,114
3798,21074,-76.85009128,39.60479265,9,0,9
3799,46809,-85.1858893,40.9748795,13,0,13
3800,40348,-84.14542396,38.30573825,1,2,3
3801,46049,-86.2287206,40.2863726,1,0,1
3802,42765,-85.89034485,37.27153736,7,1,8
3803,67801,-99.97706786,37.76404506,25,8,33
3804,67135,-97.42477241,37.9176799,2,8,10
3805,67042,-96.84814015,37.81867949,27,0,27
3806,66533,-95.95111194,39.13560163,3,5,8
3807,66619,-95.67683943,38.95015323,19,0,19
3808,04469,-68.66135688,44.89831681,19,11,30
3809,67024,-96.4990143,37.1059776,1,0,1
3810,67735,-101.7136147,39.3481777,10,0,10
3811,67550,-99.09859301,38.17814534,9,0,9
3812,46982,-85.89199308,41.07742541,2,0,2
3813,67226,-97.2487884,37.7785316,12,2,14
3814,21740,-77.73176353,39.66377328,4,0,4
3815,60959,-88.18863502,40.75840773,1,0,1
3816,47150,-85.82011688,38.34560887,10,0,10
3817,47374,-84.88194261,39.86861279,5,0,5
3818,60612,-87.67442691,41.87362138,46,0,46
3819,49325,-85.31641697,42.76407326,2,2,4
3821,48901,-84.55156858,42.73831527,16,0,16
3822,48909,-84.55982473,42.73223005,14,0,14
3823,48201,-83.07135387,42.36504512,49,0,49
3824,51640,-95.6578409,40.60540543,1,0,1
3825,50441,-93.20973726,42.74237664,7,7,14
3826,52208,-92.2761661,41.8965779,4,3,7
3827,50144,-93.7473549,40.7398037,3,0,3
3828,50438,-93.6025962,43.10025027,5,4,9
3829,52768,-90.3426505,41.6753762,1,1,2
3830,51053,-95.2931974,42.5001359,1,0,1
3831,06051,-72.7773833,41.667287,160,0,160
3832,06066,-72.4652423,41.8396138,48,0,48
3833,06226,-72.2147686,41.7132581,38,0,38
3834,86047,-110.7038401,35.0274674,26,0,26
3835,86314,-112.3321687,34.5950791,67,0,67
3836,31548,-81.6907428,30.7993311,43,0,43
3837,30735,-84.94726723,34.5792933,7,5,12
3838,30080,-84.516635,33.8881996,93,0,93
3839,31031,-83.332264,32.8817364,6,2,8
3840,30833,-82.38507109,33.20915597,10,5,15
3841,30633,-83.22124841,34.12561923,2,1,3
3842,30666,-83.5963007,33.9648626,5,0,5
3843,30115,-84.5041996,34.1684082,18,0,18
3844,30060,-84.545141,33.9550045,133,0,133
3845,30308,-84.39431,33.748091,1719,0,1719
3846,71415,-92.13891825,32.02701184,1,0,1
3847,70520,-92.04958909,30.32982578,23,0,23
3848,71468,-93.2028936,31.6515354,1,1,2
3849,70526,-92.37389799,30.21290869,38,0,38
3850,71322,-92.1872566,30.9577591,12,8,20
3851,71334,-91.5551374,31.6413956,10,0,10
3852,70719,-91.24428194,30.38600116,6,1,7
3853,96001,-122.396386,40.5824556,0,0,0
3854,71485,-92.4994568,31.1472931,5,0,5
3855,71403,-93.3385196,31.2458367,1,1,2
3856,71263,-91.38611868,32.86067834,6,2,8
3857,71033,-93.97523214,32.44342286,9,0,9
3858,71071,-93.45005885,32.89350419,2,3,5
3859,70669,-93.25568611,30.24197334,25,5,30
3860,71039,-93.26717604,32.45845312,1,1,2
3861,94901,-122.5317313,37.974825,74,0,74
3862,95969,-121.6240475,39.7537835,25,0,25
3863,92870,-117.8619359,33.8716132,48,4,52
3864,96094,-122.3634573,41.5283593,4,0,4
3865,90280,-118.2051102,33.9567368,99,3,102
3866,91711,-117.7224713,34.0962246,42,0,42
3867,50022,-95.0137851,41.4034853,7,0,7
3868,85713,-110.9677266,32.2021753,15,7,22
3869,85550,-110.4565455,33.349259,22,0,22
3870,33912,-81.8622612,26.528851,621,22,643
3871,32641,-82.2907671,29.6422578,276,2,278
3872,33406,-80.0924829,26.6702009,1447,6,1453
3873,95425,-123.0171437,38.8063829,14,0,14
3874,93514,-118.3965533,37.3616656,13,0,13
3875,93630,-120.0593722,36.7219451,17,2,19
3876,52070,-90.17371671,42.07166242,1,3,4
3877,51012,-95.55502838,42.75033601,6,2,8
3878,52057,-91.45496851,42.48332843,10,0,10
3879,50849,-94.4573885,41.3048129,5,0,5
3880,51245,-95.6264968,43.0874071,11,0,11
3881,51301,-95.1463599,43.141588,18,0,18
3882,72112,-91.28427141,35.6040876,16,7,23
3883,86025,-110.1592579,34.9025198,52,0,52
3884,85533,-109.2970583,33.03765628,16,0,16
3885,81201,-105.9984821,38.5381978,15,2,17
3886,80734,-102.3014609,40.5840623,4,0,4
3887,80109,-104.864473,39.4020891,288,0,288
3888,81501,-108.5739994,39.0687741,102,0,102
3889,81631,-106.8180663,39.6639821,53,0,53
3890,31791,-83.8365238,31.5279889,22,0,22
3891,31763,-84.1887629,31.7643977,39,0,39
3892,31643,-83.547551,30.787633,19,0,19
3893,31635,-83.0756119,31.0415441,13,0,13
3894,39842,-84.414837,31.742426,10,2,12
3895,30214,-84.45709264,33.44729083,10,0,10
3896,30303,-84.39075297,33.75044778,516,12,528
3897,50501,-94.1194138,42.4494416,0,0,0
3898,31087,-82.9755007,33.2795331,16,1,17
3899,30161,-85.1416914,34.2801327,76,0,76
3900,31024,-83.3906748,33.3058435,35,3,38
3901,31042,-83.17368715,32.80956496,13,8,21
3902,30633,-83.2354433,34.1464175,34,0,34
3903,31088,-83.66321396,32.59687476,114,15,129
3904,31639,-83.264468,31.1925913,18,0,18
3905,30204,-84.1713373,33.0428735,28,8,36
3906,52135,-91.6531112,43.0011268,0,0,0
3907,30214,-84.4510695,33.4440164,143,0,143
3908,30533,-83.97971841,34.5357857,40,0,40
3909,31601,-83.2706177,30.8081294,145,0,145
3910,30060,-84.5477091,33.9525038,435,2,437
3911,30720,-84.9798359,34.7937773,115,0,115
3912,39817,-84.6008893,30.9077502,37,4,41
3913,31803,-84.527661,32.3316117,6,1,7
3914,30457,-82.60023,32.36265,10,0,10
3915,52553,-92.6384415,41.1564298,0,0,0
3916,52639,-91.4258545,40.5925274,15,0,15
3917,50833,-94.7194685,40.668226,5,0,5
3918,50201,-93.4422898,42.0112536,31,0,31
3919,50138,-93.05878305,41.31797657,12,19,31
3920,34102,-81.7901421,26.1518282,76,0,76
3921,32922,-80.7468537,28.356279,69,2,71
3922,33830,-81.8428784,27.8985842,39,1,40
3923,32789,-81.3544424,28.6010133,88,0,88
3924,32548,-86.6107549,30.41331306,49,6,55
3925,34996,-80.2005419,27.2022702,8,0,8
3926,32693,-82.8178628,29.610072,3,0,3
3927,95548,-124.0415505,41.53206811,5,0,5
3928,33785,-82.84269069,27.84786939,11,9,20
3929,33013,-80.2662896,25.8729101,338,0,338
3930,31558,-81.5533269,30.7497596,32,0,32
3931,71457,-93.08834915,31.76137898,45,18,63
3932,70764,-91.2357077,30.2872868,60,0,60
3933,70057,-90.4065549,29.9637814,291,22,313
3934,71263,-91.3874973,32.8605329,17,0,17
3935,70346,-90.99062689,30.10446183,260,4,264
3936,02066,-70.76893728,42.19783809,31,12,43
3937,02061,-70.7927188,42.1593046,23,0,23
3938,01531,-72.1227005,42.3173531,1,12,13
3939,01069,-72.3469907,42.1861865,20,2,22
3940,01830,-71.07944898,42.77578987,93,0,93
3941,01930,-70.6607869,42.6128126,60,0,60
3942,01608,-71.7979903,42.270938,482,0,482
3943,01028,-72.5036248,42.0590302,24,0,24
3944,01226,-73.1695783,42.4729844,11,5,16
3945,02740,-70.9507857,41.6380895,288,0,288
3946,02539,-70.5196922,41.3874724,15,8,23
3947,01430,-71.91802208,42.62755094,9,4,13
3948,01235,-73.1227941,42.437644,2,6,8
3949,01225,-73.1623325,42.5619218,0,12,12
3950,01257,-73.3557751,42.1067858,5,7,12
3951,01038,-72.5969279,42.3725889,2,7,9
3952,01929,-70.7820152,42.6320895,8,0,8
3953,01827,-71.4840619,42.6735247,7,7,14
3954,01331,-72.13220491,42.54893658,2,10,12
3955,01075,-72.5937925,42.2155938,28,0,28
3956,02054,-71.3588416,42.167341,15,3,18
3957,02368,-71.0429469,42.1612782,52,0,52
3958,02169,-70.9960334,42.2557709,205,0,205
3959,01507,-71.974651,42.1396115,19,1,20
3960,02186,-71.0793879,42.2523569,53,0,53
3961,02492,-71.2366118,42.2783661,45,0,45
3962,01752,-71.551199,42.3581901,66,0,66
3963,02155,-71.11018205,42.41579981,110,0,110
3964,02090,-71.22071133,42.22803272,25,0,25
3965,01463,-71.58596774,42.66563753,18,6,24
3966,02180,-71.0981458,42.4807537,36,0,36
3967,01031,-72.2103989,42.3066434,3,12,15
3968,01583,-71.7812835,42.3670103,13,0,13
3969,02452,-71.2360889,42.3816101,150,0,150
3970,01370,-72.7360335,42.599603,2,9,11
3971,01039,-72.70342384,42.37328001,1,8,9
3972,02188,-70.95071023,42.20100781,96,10,106
3973,02766,-71.178745,41.971741,27,7,34
3974,02322,-71.0395416,42.132603,15,11,26
3975,02343,-71.0091017,42.1462937,22,10,32
3976,01451,-71.5841839,42.506498,8,4,12
3977,01366,-72.1835613,42.4890377,2,8,10
3978,01541,-71.879297,42.4502443,5,6,11
3979,02445,-71.121201,42.333687,129,0,129
3980,01452,-72.007692,42.474999,6,0,6
3981,01360,-72.45599178,42.69372124,3,6,9
3982,02081,-71.2527016,42.1456411,36,0,36
3983,02050,-70.69366107,42.09275211,42,10,52
3984,01749,-71.57900227,42.3976426,31,6,37
3985,01803,-71.19256106,42.50523796,64,0,64
3986,02351,-70.94000261,42.1156884,27,2,29
3987,01475,-72.0492772,42.6816324,12,1,13
3988,01230,-73.428118,42.1908698,3,6,9
3989,01440,-71.9961979,42.5750502,31,0,31
3990,01220,-73.1194517,42.62288686,16,2,18
3991,01523,-71.67335987,42.46410026,11,7,18
3992,02780,-71.0892093,41.9010026,112,0,112
3993,02367,-70.81672891,41.95735655,7,7,14
3994,01331,-72.23278075,42.59642902,17,2,19
3995,94112,-122.4511824,37.72591995,25,0,25
3996,92507,-117.3308215,33.9790253,29,0,29
3997,93704,-119.7918929,36.7683621,15,0,15
3998,95064,-122.0543332,36.97764806,20,0,20
3999,93407,-120.6610528,35.3031416,17,0,17
4000,92069,-117.1855424,33.14828,11,0,11
4001,95070,-122.0112546,37.2633808,8,0,8
4002,95023,-121.4049196,36.8523071,29,0,29
4003,93308,-119.0486216,35.4206503,512,34,546
4004,90032,-118.17075,34.06398878,22,0,22
4005,95988,-122.2005177,39.5194087,28,0,28
4006,91910,-116.9968186,32.64034475,8,0,8
4007,95928,-121.8431845,39.7289708,17,0,17
4008,51546,-95.7904299,41.6465094,2,0,2
4009,50009,-93.4649997,41.6452832,23,0,23
4010,93960,-121.3272374,36.4283048,22,0,22
4011,94558,-122.2663082,38.2204274,98,8,106
4012,02542,-70.5719199,41.6769951,254,0,254
4013,02539,-70.5194751,41.3916319,27,0,27
4014,52349,-92.0238224,42.1689651,12,10,22
4015,50208,-92.99254793,41.67913149,14,0,14
4016,50548,-94.2141477,42.7209138,8,0,8
4017,50538,-94.40364992,42.27616592,1,0,1
4018,50428,-93.3797964,43.1380515,15,0,15
4019,50622,-92.3368775,42.6740744,3,0,3
4020,52601,-91.1004416,40.8118949,22,16,38
4021,50047,-93.486406,41.499435,5,0,5
4022,52722,-90.509629,41.5249405,45,0,45
4023,50248,-93.59720655,42.18681872,5,0,5
4024,86331,-112.1159504,34.7505187,5,2,7
4025,30542,-83.9260429,34.18518324,13,0,13
4026,31093,-83.60086059,32.62001204,112,0,112
4027,30520,-83.10931456,34.34395036,1,1,2
4028,71295,-91.71365414,32.1659854,100,34,134
4029,95993,-121.6423605,39.1453565,65,0,65
4030,92201,-116.2159507,33.7089287,73,0,73
4031,91941,-117.0233128,32.76715939,63,0,63
4032,50257,-93.84566995,41.20791806,0,0,0
4033,95030,-121.9788835,37.220562,43,0,43
4034,93230,-119.6676991,36.3287464,79,4,83
4035,50211,-93.6748315,41.4865914,13,2,15
4036,51248,-95.65544831,43.18074829,3,0,3
4037,51039,-96.07567289,42.48910025,2,4,6
4038,52246,-91.55347498,41.65712155,4,1,5
4039,70454,-90.4422237,30.44035549,21,12,33
4040,06607,-73.16822186,41.17437419,422,0,422
4041,86336,-111.8137414,34.8627584,31,0,31
4042,86040,-111.4557784,36.9076854,25,0,25
4043,72756,-94.13777486,36.37690616,7,2,9
4044,32446,-85.2273831,30.7752887,17,0,17
4045,81055,-105.0092147,37.50873982,3,0,3
4046,81624,-107.9617566,39.23861612,2,1,3
4047,31041,-84.18802337,32.37629135,1,2,3
4048,30428,-82.67187241,32.18104816,2,2,4
4049,30635,-82.863741,34.1100894,17,0,17
4050,31775,-83.5955116,31.3403405,5,0,5
4051,31636,-83.1820936,30.6844963,3,0,3
4052,31501,-82.3594581,31.2168044,54,0,54
4053,31032,-83.53802289,33.00831732,13,4,17
4054,30548,-83.74219657,34.08482214,7,2,9
4055,30124,-85.3324969,34.10672367,4,6,10
4056,31815,-84.79373351,32.05070307,4,3,7
4057,31008,-83.76232716,32.65403238,1,0,1
4058,31698,-83.29074812,30.84525902,26,0,26
4059,06791,-73.07005619,41.76415245,2,0,2
4060,72301,-90.17636408,35.14691557,71,0,71
4061,72365,-90.4228692,35.5318335,8,2,10
4062,72560,-92.11810095,35.8678062,9,0,9
4063,71857,-93.38149558,33.80325364,8,0,8
4064,72956,-94.34803104,35.43496602,43,1,44
4065,72373,-90.55353234,35.26987878,4,4,8
4066,72476,-90.9556989,36.0674735,8,0,8
4067,71852,-93.84577836,33.94783355,10,0,10
4068,71958,-93.69108643,34.06014463,8,2,10
4069,72137,-92.06884103,35.33124004,2,0,2
4070,72106,-92.42494393,34.96010549,5,1,6
4071,33166,-80.3026901,25.8093945,6,19,25
4072,81635,-108.0438686,39.45290963,7,0,7
4073,80758,-102.2257076,40.07774573,7,0,7
4074,81130,-106.9273878,37.8541945,3,2,5
4075,81101,-105.8761776,37.45521651,18,0,18
4076,30401,-82.33304435,32.59647882,15,7,22
4077,30549,-83.55558908,34.1445575,89,1,90
4078,30752,-85.5104861,34.8726794,25,2,27
4079,31537,-82.00444071,30.83254328,18,0,18
4080,31050,-83.99759666,32.7233291,15,0,15
4081,31068,-84.05632862,32.29613314,4,0,4
4082,70310,-90.8043269,29.7888772,13,0,13
4083,91790,-117.9388981,34.07131175,119,20,139
4084,91786,-117.6777879,34.1108913,81,0,81
4085,06068,-73.4230445,41.9817409,1,2,3
4086,85603,-109.8929467,31.4272457,16,0,16
4087,95988,-122.2001122,39.5219062,11,3,14
4088,86324,-112.0565104,34.77227997,10,0,10
4089,33305,-80.1399493,26.15390202,31,0,31
4090,32058,-82.072627,30.0449723,1,8,9
4091,47025,-84.85102703,39.09477198,21,0,21
4092,47240,-85.4848789,39.3351884,18,0,18
4093,42003,-88.5993133,37.081922,0,0,0
4094,60482,-87.7957719,41.690238,0,0,0
4095,83617,-116.4954634,43.8748666,0,0,0
4096,04039,-70.3526579,43.929705,0,0,0
4097,52301,-92.06894805,41.80109026,5,0,5
4098,51652,-95.64659672,40.74659362,1,0,1
4099,50458,-93.0052192,43.1431461,3,0,3
4100,52151,-91.21526472,43.36114575,2,1,3
4101,47514,-86.60156744,38.15234287,0,0,0
4102,50674,-92.0973571,42.8471703,3,1,4
4103,50140,-93.93313803,40.62301134,3,0,3
4104,51521,-95.3390027,41.4778693,2,0,2
4105,50273,-94.0142802,41.34336785,8,0,8
4106,50583,-94.9878981,42.4226295,4,0,4
4107,50579,-94.6326612,42.3954546,4,0,4
4108,50062,-93.24029638,41.23371559,1,0,1
4109,52253,-91.3862075,41.9220703,2,3,5
4110,52761,-91.03594566,41.46177215,22,0,22
4111,06752,-73.3583215,41.5271226,1,2,3
4112,06443,-72.5750111,41.2973879,26,3,29
4113,06787,-73.0752368,41.6729861,12,3,15
4114,06483,-73.0754533,41.3974127,41,4,45
4115,06424,-72.5031079,41.5831697,17,0,17
4116,06877,-73.4929167,41.2807062,42,0,42
4117,06854,-73.4194684,41.0969634,167,0,167
4118,06035,-72.791758,41.9546769,14,0,14
4119,06120,-72.6524121,41.785916,408,0,408
4120,06111,-72.730475,41.6968064,51,1,52
4121,06095,-72.6604481,41.8523618,51,0,51
4122,06249,-72.20901863,41.63084763,1,4,5
4123,06896,-73.38230839,41.30418971,15,0,15
4124,06801,-73.3998581,41.3843392,36,4,40
4125,06804,-73.4006081,41.4677048,31,3,34
4126,06468,-73.2085843,41.3318702,39,5,44
4127,06516,-72.9644198,41.2734051,122,0,122
4128,06019,-72.9194914,41.8179313,14,0,14
4129,06082,-72.5539873,41.9974007,95,0,95
4130,06382,-72.0967245,41.4915274,16,0,16
4131,85390,-112.7309925,33.9702063,18,0,18
4132,85365,-114.4933902,32.6877031,7,3,10
4133,85247,-111.7665713,33.072476,93,0,93
4134,31006,-84.2392307,32.5561697,6,0,6
4135,30545,-83.7254752,34.6996334,10,5,15
4136,30043,-83.9733392,33.9871063,682,0,682
4137,86025,-110.1388533,34.9317507,0,0,0
4138,30108,-85.2518658,33.5378721,8,2,10
4139,30269,-84.5719498,33.3766562,60,0,60
4140,31744,-83.91876688,31.31984822,5,0,5
4141,30268,-84.6638842,33.5296254,13,0,13
4142,30442,-81.9351372,32.8053343,10,1,11
4143,30477,-82.40463189,32.86277848,5,7,12
4144,30415,-81.66182842,32.378728,4,6,10
4145,31326,-81.2327794,32.2790569,12,0,12
4146,30537,-83.38415315,34.96768646,3,0,3
4147,30014,-83.857219,33.5951508,54,0,54
4148,31647,-83.4364917,31.1671251,3,4,7
4149,31639,-83.2536725,31.207094,15,0,15
4150,30117,-85.18564897,33.63450982,3,5,8
4151,30705,-84.76254827,34.8248801,3,0,3
4152,30060,-84.5482649,33.9578176,590,1,591
4153,31077,-83.20047865,31.98913814,1,2,3
4154,30012,-84.0165252,33.6586619,47,0,47
4155,92707,-117.8615543,33.6794411,0,0,0
4156,39851,-85.0501011,31.6065629,5,0,5
4157,30439,-82.0609558,32.4015267,12,0,12
4158,30473,-82.50832779,32.03618869,1,0,1
4159,30823,-82.4687527,33.215983,1,1,2
4160,30434,-82.40712597,32.99982416,6,4,10
4161,30161,-85.1705665,34.2566204,94,0,94
4162,31520,-81.4952423,31.1458897,72,0,72
4163,30104,-85.0595626,34.0437523,4,6,10
4164,96101,-120.5503067,41.4925919,0,0,0
4165,30004,-84.2654704,34.0970758,22,0,22
4166,30683,-83.27944465,33.96774949,2,5,7
4167,30529,-83.4552502,34.2006364,24,1,25
4168,30114,-84.4904551,34.235579,45,0,45
4169,31408,-81.1482371,32.1170279,43,0,43
4170,30814,-82.31304239,33.41493557,7,2,9
4171,71456,-93.0486099,31.6723471,1,0,1
4172,71350,-92.05074724,31.06200389,2,6,8
4173,71295,-91.72089274,32.16421732,7,0,7
4174,71075,-93.4606938,33.00468279,15,2,17
4175,71467,-92.40635428,31.52521921,2,1,3
4176,70726,-90.84457848,30.33438908,2,3,5
4177,71073,-93.29640079,32.54302665,2,1,3
4178,71280,-92.0746717,32.69443673,8,0,8
4179,70390,-91.02323683,29.93955884,2,0,2
4180,70655,-92.76321708,30.62022357,6,3,9
4181,70591,-92.82320638,30.23636681,13,4,17
4182,70634,-93.28545531,30.84524884,24,0,24
4183,70589,-92.0565008,30.6162031,7,1,8
4184,70062,-90.264099,30.0062175,162,0,162
4185,71055,-93.3343707,32.5934818,2,0,2
4186,71449,-93.4818284,31.5685266,11,6,17
4187,70582,-91.8333644,30.2139126,3,0,3
4188,71282,-91.17716355,32.39940245,1,0,1
4189,71082,-93.98645265,32.87342375,12,6,18
4190,70517,-91.9006222,30.2725994,16,3,19
4191,71343,-91.814312,31.6261027,7,6,13
4192,71373,-91.4329252,31.5651853,20,4,24
4193,71334,-91.52385752,31.60628535,1,1,2
4194,71040,-93.0542464,32.7908348,12,3,15
4195,70551,-91.9780385,30.4759589,2,2,4
4196,70123,-90.1929913,29.938465,18,1,19
4197,70443,-90.50041481,30.63477965,8,0,8
4198,71111,-93.7130356,32.5253015,178,0,178
4199,71366,-91.2332943,31.917913,2,1,3
4200,71378,-91.655192,31.980834,3,0,3
4201,71429,-93.4599016,31.4431801,1,6,7
4202,70360,-90.7222226,29.5901893,78,0,78
4203,71346,-92.39760394,31.08739167,2,8,10
4204,71038,-93.13940215,32.96212201,7,2,9
4205,70757,-91.52245687,30.48920871,3,0,3
4206,70777,-91.1437705,30.71815173,5,6,11
4207,70358,-89.99802445,29.23383083,5,5,10
4208,70754,-90.7434752,30.5018869,4,4,8
4209,71261,-91.79392796,32.77588197,3,0,3
4210,70538,-91.50207908,29.79034571,20,5,25
4211,71201,-92.110625,32.5013335,188,0,188
4212,70512,-91.9355033,30.3964471,4,0,4
4213,71219,-91.74419575,32.25232064,3,1,4
4214,71414,-93.026713,31.81947411,2,0,2
4215,71439,-93.39838384,31.32551955,1,3,4
4216,71463,-92.661891,30.8164225,20,0,20
4217,70529,-92.17765717,30.23568978,4,0,4
4218,70119,-90.0927312,29.9601415,1425,0,1425
4219,94706,-122.2983247,37.88734,24,0,24
4220,95692,-121.420609,39.012722,8,1,9
4221,95642,-120.7730871,38.3474963,11,5,16
4222,95066,-122.0189372,37.049634,19,0,19
4223,90755,-118.169306,33.7967616,36,0,36
4224,93546,-118.9671432,37.6378283,21,0,21
4225,95948,-121.6973077,39.3652748,17,0,17
4226,95966,-121.5535398,39.5076238,23,0,23
4227,95963,-122.1937946,39.7456713,10,0,10
4228,95531,-124.2013961,41.7541728,14,0,14
4229,93401,-120.66345,35.2858938,64,0,64
4230,92708,-117.9520985,33.7086212,61,4,65
4231,92543,-116.968113,33.7497425,82,0,82
4232,90630,-118.0401325,33.8253118,56,1,57
4233,95320,-120.9910071,37.7940863,11,13,24
4234,94564,-122.2906061,38.0043222,35,0,35
4235,91007,-118.0397681,34.1368289,65,0,65
4236,92626,-117.9043751,33.6634466,158,0,158
4237,90631,-117.945733,33.9325449,68,9,77
4238,92867,-117.861243,33.8064936,167,0,167
4239,94303,-122.1345385,37.4731321,37,0,37
4240,94080,-122.4365926,37.655582,79,0,79
4241,91030,-118.1520531,34.1161155,36,0,36
4242,92821,-117.8890658,33.9168861,103,1,104
4243,94010,-122.3820257,37.5951264,41,0,41
4244,93436,-120.4532111,34.6379727,49,3,52
4245,94550,-121.7552648,37.6748654,94,0,94
4246,91776,-118.0999022,34.0947552,54,0,54
4247,90250,-118.3531687,33.9196348,96,0,96
4248,94945,-122.5694696,38.1065264,59,0,59
4249,94920,-122.4665217,37.8818898,14,1,15
4250,91706,-117.959673,34.0854873,69,0,69
4251,92251,-115.5695798,32.8439156,20,0,20
4252,93212,-119.5593533,36.099135,19,3,22
4253,92250,-115.3791738,32.8126287,8,0,8
4254,50583,-94.9881717,42.4224889,7,0,7
4255,52531,-92.8099262,41.0254587,6,0,6
4256,50568,-95.0015091,42.60521038,1,1,2
4257,50135,-92.9073568,41.716563,1,0,1
4258,50060,-93.3169153,40.7587108,6,0,6
4259,51445,-95.4678938,42.3423004,9,0,9
4260,52591,-92.20785317,41.33223211,4,0,4
4261,86001,-111.6403713,35.18724097,113,0,113
4262,86556,-109.2136892,36.2935249,2,0,2
4263,85533,-109.309819,33.056252,5,2,7
4264,72855,-93.7355438,35.28867116,12,9,21
4265,71671,-92.06265449,33.61559183,12,3,15
4266,32405,-85.6510109,30.21047324,213,2,215
4267,34205,-82.56678082,27.4697691,476,6,482
4268,34981,-80.3729579,27.3753577,259,3,262
4269,32514,-87.21239882,30.54462742,21,0,21
4270,32425,-85.67879035,30.79370715,17,4,21
4271,32628,-83.1229411,29.6366257,30,10,40
4272,32773,-81.294697,28.7480643,355,0,355
4273,33982,-82.00324496,26.92171204,285,0,285
4274,32780,-80.8189581,28.6074289,497,1,498
4275,32424,-85.0431492,30.4434538,18,0,18
4276,32456,-85.2899845,29.8147744,25,0,25
4277,32621,-82.6407184,29.4653085,77,0,77
4278,34972,-80.8360201,27.2474923,87,1,88
4279,32052,-82.9459607,30.5193025,17,3,20
4280,32084,-81.3384719,29.9403618,269,18,287
4281,95603,-121.1074261,38.9359339,0,0,0
4282,32043,-81.6869496,30.0035693,284,0,284
4283,80226,-105.0866663,39.70773126,5,0,5
4284,94930,-122.590587,37.985293,11,0,11
4285,93561,-118.5759981,35.1472673,8,0,8
4286,90255,-118.2186869,33.9796732,68,0,68
4287,93657,-119.5619235,36.7066523,31,0,31
4288,93654,-119.4535891,36.5984744,29,0,29
4289,95482,-123.2103041,39.1468783,30,0,30
4290,93286,-119.0985884,36.4182523,15,0,15
4291,93618,-119.394635,36.5399292,37,0,37
4292,95380,-120.850161,37.494742,80,0,80
4293,94566,-121.879789,37.6572167,85,0,85
4294,91101,-118.1448407,34.1491094,246,0,246
4295,90640,-118.1164183,34.0208197,81,0,81
4296,52653,-91.1874809,41.1786702,10,0,10
4297,50401,-93.28196143,43.14435827,20,0,20
4298,81427,-107.6697489,38.0225186,7,0,7
4299,80480,-106.2838654,40.7315175,4,2,6
4300,80737,-102.2648402,40.9884245,6,0,6
4301,81003,-104.6105897,38.275592,155,0,155
4302,80403,-105.4821884,39.8392483,27,0,27
4303,01089,-72.6233584,42.1059328,82,0,82
4304,01230,-73.3641344,42.1892483,13,0,13
4305,01337,-72.5633462,42.65582423,3,7,10
4306,01770,-71.3707244,42.2391826,14,3,17
4307,02143,-71.0924386,42.37913,130,0,130
4308,01740,-71.6080877,42.4335747,10,6,16
4309,02554,-70.09882228,41.28490333,35,0,35
4310,02568,-70.60207915,41.45495553,13,0,13
4311,02779,-71.082982,41.846042,5,8,13
4312,02715,-71.1207739,41.8270365,10,12,22
4313,02052,-71.30991486,42.19130955,15,0,15
4314,01776,-71.4205055,42.3607182,28,0,28
4315,02072,-71.1043961,42.1254,53,1,54
4316,01464,-71.640931,42.5449405,8,4,12
4317,01880,-71.0694124,42.504265,41,0,41
4318,01887,-71.17092491,42.55047306,47,0,47
4319,01085,-72.751841,42.1215833,79,13,92
4320,01301,-72.5834006,42.6020182,36,1,37
4321,01760,-71.3451416,42.2847287,52,0,52
4322,01535,-72.08530316,42.26835077,6,7,13
4323,01564,-71.7468457,42.4551089,13,0,13
4324,01057,-72.315478,42.099934,12,10,22
4325,02359,-70.8080612,42.0722741,26,10,36
4326,01247,-73.11297675,42.69804842,22,5,27
4327,02382,-70.93580239,42.08127628,26,30,56
4328,01501,-71.84798323,42.19706712,39,0,39
4329,02043,-70.88584359,42.23102904,51,0,51
4330,02347,-70.94992981,41.85295928,17,6,23
4331,01543,-71.95437992,42.37709574,8,8,16
4332,02767,-71.0509318,41.9219155,26,30,56
4333,02633,-69.9625505,41.6859765,20,1,21
4334,02048,-71.2187867,42.0236428,37,20,57
4335,01364,-72.2928408,42.5833656,13,5,18
4336,01341,-72.696741,42.5088531,1,7,8
4337,02151,-70.999995,42.401816,86,0,86
4338,01719,-71.50741993,42.48113829,10,7,17
4339,50616,-92.68153091,43.06523281,11,0,11
4340,30075,-84.3601072,34.0224848,8,0,8
4341,94904,-122.5507711,37.95578083,8,2,10
4342,91768,-117.8158843,34.06075492,20,0,20
4343,95965,-121.6497909,39.6490799,5,0,5
4344,94103,-122.4149875,37.7674468,40,0,40
4345,92182,-117.0769002,32.77460973,31,0,31
4346,93117,-119.8364286,34.4333263,11,0,11
4347,95971,-120.9122016,39.9338356,33,0,33
4348,92410,-117.2728156,34.1037865,1797,0,1797
4349,90840,-118.1091689,33.7843631,25,0,25
4350,95206,-121.2416303,37.8910627,1,2,3
4351,95403,-122.7228021,38.4681048,251,40,291
4352,94022,-122.1254613,37.3611939,10,0,10
4353,95110,-121.9059395,37.3552948,450,0,450
4354,95060,-122.022561,36.9777861,149,0,149
4355,93454,-120.4219819,34.9441879,4,1,5
4356,95370,-120.3859663,37.9841228,61,8,69
4357,95340,-120.4837613,37.3071982,112,0,112
4358,94903,-122.5314304,37.99905501,202,0,202
4359,30904,-82.02586885,33.47371715,17,0,17
4360,02649,-70.49461464,41.61929375,34,6,40
4361,02093,-71.32916532,42.06361731,14,10,24
4362,02474,-71.1521231,42.4190871,64,0,64
4363,02571,-70.73428,41.77028924,49,10,59
4364,02790,-71.0896489,41.5789379,29,17,46
4365,01938,-70.83628267,42.6781244,25,20,45
4366,01702,-71.4149721,42.295976,2310,0,2310
4367,51050,-95.97173712,42.81587529,2,5,7
4368,50124,-93.6072184,41.8983633,6,0,6
4369,52773,-90.77609483,41.58619949,3,2,5
4370,06107,-72.7394654,41.7589331,122,0,122
4371,06401,-73.0732817,41.333033,44,0,44
4372,06339,-72.0260445,41.4038615,24,0,24
4373,06786,-72.998861,41.6798203,21,3,24
4374,95249,-120.6673838,38.1910935,59,15,74
4375,95987,-122.1535582,39.16005652,10,0,10
4376,93110,-119.7762434,34.44404573,294,0,294
4377,95540,-124.1550264,40.59743169,14,0,14
4378,93940,-121.837327,36.5941998,6,10,16
4379,94044,-122.4848431,37.6155237,37,0,37
4380,93955,-121.8500332,36.6137975,10,3,13
4381,91108,-118.1059925,34.1212918,27,0,27
4382,94608,-122.3038419,37.8367837,38,0,38
4383,96161,-120.1461254,39.3167561,26,4,30
4384,30577,-83.33217133,34.57981761,1,0,1
4385,02554,-70.0989353,41.2850814,2,1,3
4386,01201,-73.2097578,42.4862592,157,0,157
4387,02747,-70.9954315,41.6660073,5,252,257
4388,52645,-91.3938354,40.9255501,3,2,5
4389,52556,-91.9781976,41.0093464,10,0,10
4390,51055,-96.2276535,42.2335068,1,2,3
4391,50665,-92.7861885,42.5700421,2,0,2
4392,52353,-91.6896495,41.2979534,10,0,10
4393,52216,-91.0583509,41.8889641,1,1,2
4394,51331,-95.1260364,43.3699979,5,3,8
4395,50060,-93.3118234,40.7566866,2,0,2
4396,52730,-90.2580745,41.7865746,7,0,7
4397,50003,-94.0180333,41.6184879,23,0,23
4398,52317,-91.5986325,41.7482823,10,2,12
4399,50220,-94.1087271,41.8388237,13,0,13
4400,51301,-95.1522745,43.1845351,0,0,0
4401,50208,-93.0577839,41.6992178,25,0,25
4402,50156,-93.8213764,41.874669,3,2,5
4403,50707,-92.2867529,42.46474367,7,4,11
4404,52057,-91.4562154,42.4842806,9,0,9
4405,50126,-93.26451847,42.52035731,11,4,15
4406,52659,-91.4382011,41.1292435,1,2,3
4407,52240,-91.5295577,41.6604379,69,0,69
4408,52162,-91.56805302,43.08649352,4,3,7
4409,52049,-91.2330082,42.8652932,1,3,4
4410,52655,-91.15626981,40.82525692,10,0,10
4411,51555,-95.8921218,41.5565697,1,0,1
4412,52310,-91.18787222,42.2379383,6,4,10
4413,51301,-95.1906253,43.1419929,10,6,16
4414,50554,-94.8571153,42.8485229,2,0,2
4415,50472,-92.92136489,43.37824851,1,2,3
4416,51450,-95.0521806,42.3062528,4,0,4
4417,52342,-92.5793492,41.9962325,12,0,12
4418,50613,-92.45954749,42.51467385,0,0,0
4419,51101,-96.406848,42.4966626,126,0,126
4420,50125,-93.5592145,41.3610022,19,0,19
4421,50309,-93.6148826,41.5859395,385,30,415
4422,52590,-93.12124265,40.68166338,1,0,1
4423,50536,-94.675804,43.1104617,6,0,6
4424,51031,-96.16561444,42.79523789,14,0,14
4425,52748,-90.5854981,41.6575803,7,0,7
4426,52776,-91.2637676,41.5714093,6,4,10
4427,51534,-95.74127425,41.04655947,9,0,9
4428,52353,-91.6939157,41.3002077,18,9,27
4429,50131,-93.696081,41.6740024,21,0,21
4430,52726,-90.75900716,41.5070801,2,0,2
4431,32044,-82.13567158,29.86423152,3,7,10
4432,33056,-80.24460933,25.9442995,190,0,190
4433,81120,-106.0053881,37.08595386,8,0,8
4434,81144,-106.1490034,37.58033566,11,0,11
4435,81321,-108.5745715,37.35525641,27,0,27
4436,70465,-90.512829,30.8760661,3,0,3
4437,70577,-91.95708876,30.55602473,7,0,7
4438,70538,-91.4994213,29.7912207,147,0,147
4439,71301,-92.4470594,31.3086529,212,31,243
4440,70663,-93.37699042,30.24279161,41,0,41
4441,71462,-93.68139709,31.68975504,1,0,1
4442,95822,-121.4991714,38.5216514,701,0,701
4443,91950,-117.1057099,32.6718775,90,7,97
4444,95620,-121.8240604,38.4451976,25,1,26
4445,94510,-122.1538438,38.05248486,35,0,35
4446,95678,-121.2955872,38.7595815,126,0,126
4447,91761,-117.5967399,34.0292815,230,0,230
4448,95621,-121.2984692,38.6806635,83,0,83
4449,93060,-119.0591976,34.3516627,34,23,57
4450,92780,-117.8196085,33.743325,95,8,103
4451,94952,-122.6456471,38.2462401,68,0,68
4452,92220,-116.8803525,33.9256635,39,0,39
4453,96101,-120.5437232,41.4835383,6,2,8
4454,96007,-122.2988116,40.4531895,18,0,18
4455,95501,-124.1692768,40.8003684,46,4,50
4456,94596,-122.0611865,37.9015227,73,0,73
4457,94530,-122.3114593,37.9161462,42,0,42
4458,95570,-124.1428525,41.0596536,1,1,2
4459,91731,-118.0301028,34.07175346,145,13,158
4460,91801,-118.1265997,34.0919225,83,0,83
4461,91723,-117.8887084,34.0899683,60,0,60
4462,51632,-95.036109,40.7370123,9,0,9
4463,50322,-93.7390023,41.6281453,47,0,47
4464,51040,-96.0926558,42.0275908,6,0,6
4465,51601,-95.3705072,40.765643,7,1,8
4466,51034,-95.79127295,42.16611778,2,0,2
4467,51510,-95.91667307,41.28553889,8,2,10
4468,51247,-96.2945718,43.2035252,4,1,5
4469,50247,-93.16279138,42.01657441,1,1,2
4470,52332,-91.86840068,42.09431163,1,0,1
4471,50058,-94.67443472,41.87056998,1,3,4
4472,52554,-92.22259894,40.91856474,1,0,1
4473,01071,-72.85681883,42.19021071,0,2,2
4474,30540,-84.48331406,34.69512323,65,0,65
4475,06340,-72.01022178,41.34354069,67,5,72
4476,06790,-73.1205562,41.8122293,79,0,79
4477,85232,-111.3858817,33.0356743,30,0,30
4478,85225,-111.8381373,33.30137609,333,0,333
4479,72653,-92.37239,36.43623,1,0,1
4480,32615,-82.49807725,29.79282638,21,0,21
4481,33161,-80.1850953,25.8801969,10,8,18
4482,32640,-82.08686188,29.59236611,3,1,4
4483,80438,-105.6827096,39.7608159,1,1,2
4484,80446,-105.9421782,40.08700837,6,0,6
4485,81147,-107.0102376,37.25974038,9,2,11
4486,80482,-105.7842015,39.91668431,9,1,10
4487,81151,-105.4256502,37.20034921,1,0,1
4488,30072,-84.20693915,33.78855456,2,6,8
4489,30577,-83.3318313,34.5794945,31,0,31
4490,30107,-84.3788564,34.3352242,4,0,4
4491,30251,-84.73514292,33.20742449,3,1,4
4492,30110,-85.14191751,33.72355133,21,3,24
4493,30750,-85.35802926,34.97785294,7,1,8
4494,30401,-82.336097,32.599158,21,0,21
4495,30817,-82.478217,33.7927826,5,8,13
4496,30453,-82.12044116,32.08358292,7,0,7
4497,31027,-82.87085116,32.54714082,8,1,9
4498,31822,-84.85353095,32.86789353,7,1,8
4499,31404,-81.05099924,32.03129994,8,0,8
4500,50233,-94.1957926,41.5901689,0,0,0
4501,31096,-82.7310758,32.72833254,7,0,7
4502,31774,-83.25022258,31.59099896,12,3,15
4503,31328,-80.84962997,32.02342266,18,0,18
4504,31054,-83.1943171,32.8470064,5,0,5
4505,31554,-82.634755,31.51616667,4,2,6
4506,31542,-82.13248651,31.18167017,2,0,2
4507,31796,-83.91971058,31.82901315,1,5,6
4508,30824,-82.50465197,33.46888374,13,1,14
4509,50313,-93.6213927,41.6681843,0,0,0
4510,31513,-82.50069074,31.83092349,2,1,3
4511,31324,-81.306621,31.9447655,28,2,30
4512,31313,-81.5944921,31.8461326,81,0,81
4513,30741,-85.28914777,34.97965099,10,4,14
4514,30540,-84.47093408,34.68504599,8,2,10
4515,30217,-85.09872331,33.28038588,6,1,7
4516,30295,-84.34283693,33.09522075,6,3,9
4517,30045,-83.98770515,33.95296169,72,0,72
4518,31831,-84.73554792,32.68498332,4,2,6
4519,31079,-83.4494496,31.9502712,4,2,6
4520,30328,-84.361808,33.970285,120,0,120
4521,30303,-84.38610176,33.74950169,20,0,20
4522,71241,-92.40421414,32.77251723,13,4,17
4523,70360,-90.722309,29.595707,300,0,300
4524,95531,-124.200866,41.7531506,30,0,30
4525,52544,-92.8857121,40.73531086,10,0,10
4526,72131,-92.21736952,35.38254807,4,0,4
4527,71670,-91.44332979,33.70054218,1,0,1
4528,72386,-90.3587851,35.49085473,3,0,3
4529,72372,-90.90255755,34.97584303,1,2,3
4530,72123,-91.23513016,35.25740236,1,3,4
4531,72454,-90.19209555,36.38147073,8,0,8
4532,71953,-94.23921645,34.58665175,11,0,11
4533,72455,-90.94931784,36.25007361,12,5,17
4534,72946,-94.1715516,35.6289031,2,0,2
4535,72360,-90.75697725,34.77483605,4,2,6
4536,72360,-90.75726614,34.77250388,12,5,17
4537,72454,-90.19228438,36.38096653,7,0,7
4538,72150,-92.38988256,34.30435025,14,0,14
4539,71658,-91.4925071,33.29752869,1,1,2
4540,72459,-91.25592862,36.23669094,1,2,3
4541,72947,-94.05224581,35.49731913,3,3,6
4542,72443,-90.3826788,36.186567,4,2,6
4543,71665,-92.1901276,33.9578045,3,0,3
4544,72956,-94.2341679,35.4321858,1,3,4
4545,72114,-92.3001644,34.7831896,9,0,9
4546,72650,-92.6324829,35.9071953,3,0,3
4547,72949,-93.82822066,35.48608362,9,1,10
4548,72140,-91.1356112,34.3746835,1,1,2
4549,71667,-91.846364,33.9415239,4,2,6
4550,72762,-94.17459515,36.16731246,1,0,1
4551,34736,-81.85912287,28.56126752,22,0,22
4552,32127,-80.95342996,29.12052486,12,1,13
4553,32063,-82.1178825,30.2839677,42,0,42
4554,33483,-80.05441507,26.50012684,11,1,12
4555,33064,-80.09376387,26.2763436,31,3,34
4556,80808,-104.3001835,39.03528063,3,0,3
4557,81650,-107.7828813,39.53093953,20,0,20
4558,81425,-107.9829761,38.60547637,4,1,5
4559,80516,-105.0499383,40.05076874,20,0,20
4560,81141,-105.9353773,37.17402434,1,0,1
4561,80821,-103.4716674,39.13691515,2,0,2
4562,81149,-106.13793,38.08525359,8,0,8
4563,81625,-107.5562858,40.50634167,21,0,21
4564,81147,-107.01187,37.2660438,15,0,15
4565,81073,-102.6140168,37.41278475,4,0,4
4566,30525,-83.4032561,34.8790537,22,5,27
4567,30241,-85.00349421,32.98833364,81,0,81
4568,30673,-82.7224206,33.72181383,13,1,14
4569,30295,-84.3422069,33.1033002,29,0,29
4570,30513,-84.3270508,34.8645751,27,3,30
4571,50142,-92.7763684,42.0068882,0,0,0
4572,31510,-82.4692513,31.5407821,9,2,11
4573,31513,-82.35849041,31.78358872,14,1,15
4574,30345,-84.31395896,33.84700099,32,0,32
4575,70130,-90.0763699,29.9206777,44,0,44
4576,70458,-89.7801647,30.2748344,78,0,78
4577,70114,-90.03661644,29.93362529,29,0,29
4578,95822,-121.4169,38.579677,30,70,100
4579,92118,-117.1780871,32.6898513,42,0,42
4580,94585,-122.0372704,38.23829923,24,0,24
4581,94965,-122.4845638,37.85787291,18,1,19
4582,01506,-72.10066791,42.215691,4,11,15
4583,95667,-120.8269531,38.7266014,179,34,213
4584,50602,-92.79512865,42.75611804,10,3,13
4585,85925,-109.2921115,34.1079244,9,0,9
4586,32948,-80.60294831,27.76687294,8,0,8
4587,33325,-80.3337071,26.1315854,175,0,175
4588,33139,-80.1332599,25.7823097,374,0,374
4589,32351,-84.5747827,30.5879076,24,0,24
4590,33154,-80.1228092,25.8812734,32,0,32
4591,34228,-82.6578959,27.4117811,20,1,21
4592,01602,-71.84188654,42.26773291,16,0,16
4593,50158,-92.91336425,42.04986494,43,0,43
4594,50626,-92.15907463,42.56790264,1,3,4
4595,50514,-94.4806631,43.3957049,1,0,1
4596,32937,-80.6023086,28.1733052,22,0,22
4597,33860,-81.9733328,27.8945069,16,1,17
4598,33707,-82.7057436,27.746422,30,0,30
4599,33487,-80.06596536,26.41030457,14,0,14
4600,32266,-81.3969484,30.3238552,19,0,19
4601,32907,-80.6694245,27.9976728,159,0,159
4602,33324,-80.2805428,26.1052548,164,0,164
4603,33319,-80.233916,26.165367,115,0,115
4604,32765,-81.2019942,28.6530318,60,0,60
4605,33706,-82.7679877,27.7710906,19,0,19
4606,33444,-80.0765262,26.460794,152,0,152
4607,32084,-81.3203997,29.8910582,50,0,50
4608,32701,-81.3590377,28.6641733,124,0,124
4609,33480,-80.0395533,26.5893673,9,0,9
4610,32118,-80.97751217,29.16579407,26,12,38
4611,81620,-106.5217359,39.63978876,18,0,18
4612,80123,-105.0346832,39.6065117,6,1,7
4613,80836,-102.6045382,39.30532376,1,1,2
4614,80654,-104.0755044,40.23259204,2,2,4
4615,81058,-103.8668196,38.10981238,2,3,5
4616,80002,-105.0878116,39.80338856,161,0,161
4617,81212,-105.1841126,38.4452384,35,0,35
4618,80807,-102.2690613,39.30548288,9,0,9
4619,80111,-104.9031846,39.6064565,61,0,61
4620,80110,-105.0269227,39.64195689,27,0,27
4621,81526,-108.3492386,39.1099886,6,0,6
4622,80420,-106.0616685,39.2847027,0,6,6
4623,81413,-107.9254562,38.90151333,6,0,6
4624,80301,-105.250782,40.0177359,165,0,165
4625,81432,-107.755157,38.15283822,3,0,3
4626,80459,-106.3787284,40.0580556,4,0,4
4627,80615,-104.7140869,40.52582459,8,0,8
4628,81521,-108.7340011,39.1573403,15,1,16
4629,80603,-104.7170351,40.01072386,6,0,6
4630,30286,-84.31359402,32.89554978,29,0,29
4631,31313,-81.59714405,31.84658074,66,5,71
4632,71351,-92.0633649,31.11139705,12,0,12
4633,93612,-119.6932444,36.8244813,105,0,105
4634,60478,-87.70801,41.5713109,47,0,47
4635,60174,-88.3134981,41.9154708,54,0,54
4636,48170,-83.4672133,42.3720406,15,0,15
4637,46320,-87.5159743,41.6157142,210,0,210
4638,46035,-86.66791232,40.19371997,1,0,1
4639,67127,-99.48512973,37.20307163,1,0,1
4640,21629,-75.83090642,38.88726202,13,1,14
4641,61014,-89.8904632,42.013634,1,5,6
4642,67548,-99.31139835,38.53021513,4,0,4
4643,48015,-83.0330345,42.4767921,23,0,23
4644,21620,-76.0650297,39.2311862,4,0,4
4645,61053,-89.9782734,42.1007696,9,3,12
4646,19904,-75.5911791,39.1687241,20,0,20
4647,19938,-75.63531333,39.28968494,8,0,8
4648,60064,-87.8568727,42.3258943,53,0,53
4649,61036,-90.42589412,42.41844893,19,12,31
4650,62468,-88.24600753,39.27195499,7,3,10
4651,47118,-86.4466329,38.3527557,8,0,8
4652,46702,-85.60179055,40.85869862,3,2,5
4653,21921,-75.8308494,39.6105199,38,0,38
4654,21401,-76.4931436,38.9779462,73,2,75
4655,83301,-114.4674634,42.5586704,42,2,44
4656,40223,-85.5403233,38.2651548,10,0,10
4657,60421,-88.10602327,41.40556021,10,3,13
4658,47111,-85.6631291,38.4425202,14,0,14
4659,62449,-87.9091685,39.0005948,1,5,6
4660,61006,-89.2206549,41.866344,1,4,5
4661,61572,-90.0149866,40.7783734,1,4,5
4662,21750,-78.1822888,39.7006906,6,1,7
4663,83340,-114.3635955,43.6829255,10,0,10
4664,62207,-90.1089938,38.5718186,13,4,17
4665,62239,-90.2092496,38.5191135,7,12,19
4666,60408,-88.2178551,41.2643208,10,3,13
4667,66002,-95.1198056,39.5659356,11,0,11
4668,67951,-101.3462067,37.17830319,10,0,10
4669,48740,-83.2971795,44.6568102,14,2,16
4670,48817,-84.1163463,42.9812543,34,6,40
4671,48507,-83.7789842,42.979495,42,0,42
4672,48888,-85.0863755,43.3018228,28,0,28
4673,49057,-86.1676337,42.2070596,5,2,7
4674,49631,-85.2583628,43.9016176,4,2,6
4675,49765,-84.22937167,45.35832861,1,0,1
4676,49464,-86.020145,42.8130155,9,4,13
4677,48060,-82.47942,42.9423168,69,0,69
4678,49735,-84.67627629,45.02667688,11,0,11
4679,67831,-99.76806795,37.18717325,5,0,5
4680,48043,-82.8884638,42.6172607,245,0,245
4681,49862,-86.6584931,46.4076117,9,1,10
4682,61063,-89.35967313,42.31363819,4,8,12
4683,04841,-69.1321511,44.1039194,17,8,25
4684,66549,-96.41516266,39.3940069,25,5,30
4685,48723,-83.3922982,43.4903545,25,1,26
4686,83338,-114.5179577,42.7264831,36,0,36
4687,41041,-83.73386659,38.42252838,9,0,9
4688,83704,-116.2708431,43.6077906,139,0,139
4689,83869,-116.8693154,47.9653772,4,0,4
4690,67152,-97.39001997,37.28907741,20,3,23
4691,67740,-100.4443691,39.35577566,3,1,4
4692,60406,-87.68232682,41.65606418,39,25,64
4693,20785,-76.9081957,38.9238771,15,0,15
4694,20712,-76.9617209,38.9355861,16,0,16
4695,49010,-85.850387,42.5311935,11,1,12
4696,04270,-70.4785921,44.1457781,5,12,17
4697,21701,-77.41303227,39.41374267,138,0,138
4698,04667,-67.0465881,44.9557924,6,6,12
4699,67147,-97.36535841,37.83982227,11,4,15
4700,48429,-83.9872333,42.9125177,5,5,10
4701,66210,-94.7280108,38.92536038,21,1,22
4702,20745,-76.997236,38.8141521,5,0,5
4703,66205,-94.6122981,39.0438071,7,4,11
4704,61250,-90.07943213,41.65666707,2,5,7
4705,66205,-94.63835848,39.03666208,16,4,20
4706,21251,-76.5853939,39.3463394,35,0,35
4707,48449,-83.92956621,42.98453356,0,4,4
4708,66701,-94.70763001,37.82211553,20,3,23
4709,49721,-84.4769655,45.6469589,9,0,9
4710,83327,-114.7929049,43.3457877,3,5,8
4711,83605,-116.6910417,43.6683626,63,12,75
4712,49042,-85.667298,41.8424407,6,3,9
4713,48060,-82.4195283,42.9787618,50,0,50
4714,49030,-85.3178358,41.8451826,1,0,1
4715,48176,-83.7789258,42.1690346,14,3,17
4716,47501,-87.17194272,38.65810958,19,0,19
4717,46075,-86.337661,39.950524,4,1,5
4718,47546,-86.9279798,38.384794,16,0,16
4719,04240,-70.2147298,44.0937977,82,0,82
4720,04974,-68.9234985,44.4596869,3,0,3
4721,46733,-84.9208751,40.8274701,16,0,16
4722,04093,-70.508399,43.614464,4,5,9
4723,48502,-83.6850737,43.0119172,204,0,204
4724,49242,-84.6319804,41.9231968,15,0,15
4725,46041,-86.51363084,40.28138654,28,0,28
4726,48473,-83.8302986,43.0001602,6,3,9
4727,48875,-84.8947215,42.8684092,6,3,9
4728,61373,-89.0108645,41.3345743,1,10,11
4729,42031,-88.99476233,36.66665241,3,0,3
4730,60050,-88.2409202,42.3791796,10,7,17
4731,62059,-90.166264,38.6563225,6,2,8
4732,42202,-86.85202622,36.66804877,1,0,1
4733,47201,-85.9191338,39.1999316,38,0,38
4734,40769,-84.15980612,36.74325501,12,3,15
4735,48081,-82.8892895,42.4960422,84,0,84
4736,48441,-82.6628336,43.8411121,4,4,8
4737,48475,-82.9290906,43.7108823,2,4,6
4738,42211,-87.83853467,36.8623026,6,12,18
4739,46802,-85.1393652,41.07980181,124,0,124
4740,42240,-87.4872086,36.8711407,72,0,72
4741,49087,-85.6368662,42.1189485,3,4,7
4742,40324,-84.5577982,38.2106774,40,0,40
4743,49646,-85.179558,44.7280611,4,1,5
4744,49024,-85.59024306,42.20391756,57,0,57
4745,40033,-85.25301451,37.56848398,15,0,15
4746,48420,-83.639631,43.1784188,2,0,2
4747,42071,-88.32391576,36.6163697,16,0,16
4748,42071,-88.30616541,36.61249865,19,5,24
4749,41129,-82.59820107,38.41745715,8,1,9
4750,49854,-86.2438944,45.96414951,8,3,11
4751,40336,-83.97490256,37.70032044,5,0,5
4752,41056,-83.76820514,38.64783771,11,0,11
4753,46706,-85.0535422,41.3662204,20,0,20
4754,49237,-84.64457876,42.17828061,2,2,4
4755,49201,-84.4027398,42.2458771,66,0,66
4756,49509,-85.696503,42.9230901,88,0,88
4757,42445,-87.8810969,37.1097657,15,1,16
4758,66067,-95.2772518,38.6161736,25,0,25
4759,41001,-84.3924454,38.9497355,32,2,34
4760,67730,-101.0436971,39.8071614,2,2,4
4761,41075,-84.4489096,39.0811413,23,0,23
4762,41011,-84.5362972,39.0519739,12,0,12
4763,66025,-95.0985912,38.9439072,10,5,15
4764,67530,-98.7672156,38.3640906,30,0,30
4765,67029,-99.3255385,37.2696694,1,0,1
4766,41051,-84.54510798,38.93327422,29,0,29
4767,41169,-82.6960685,38.5324287,12,2,14
4768,66720,-95.4521107,37.6802794,22,0,22
4769,48160,-83.6843014,42.0812826,10,2,12
4770,67864,-100.3481044,37.284991,3,0,3
4771,66061,-94.8142928,38.8668065,161,0,161
4772,40359,-84.83794116,38.53616405,5,0,5
4773,41040,-84.32959965,38.67739061,7,0,7
4774,49261,-84.2615255,42.1667697,2,10,12
4775,20706,-76.865471,38.9326851,9,0,9
4776,49307,-85.4826722,43.703106,19,3,22
4777,49849,-87.7121657,46.4877138,1,0,1
4778,04086,-69.96615225,43.93450869,12,4,16
4779,41653,-82.77383205,37.66917627,17,1,18
4780,40004,-85.45026,37.80708094,23,0,23
4781,46011,-85.7321077,40.1009974,4,1,5
4782,67124,-98.73715291,37.6435763,14,0,14
4783,04750,-67.82623238,46.90602399,3,8,11
4784,48320,-83.3417017,42.6092332,5,2,7
4785,42461,-87.93533348,37.77215623,2,1,3
4786,48466,-82.8160043,43.258488,0,5,5
4787,04254,-70.18984645,44.47222167,6,15,21
4788,48326,-83.3093824,42.6954405,1,11,12
4789,40299,-85.5651498,38.193076,48,0,48
4790,04074,-70.3362254,43.5892086,33,23,56
4791,04096,-70.187964,43.8002091,12,2,14
4792,04062,-70.4151186,43.7792918,25,0,25
4793,42345,-87.17720792,37.20006588,9,0,9
4794,41014,-84.5063266,39.0672202,112,0,112
4795,42501,-84.60185865,37.09319822,40,0,40
4796,49444,-86.2432366,43.202496,21,6,27
4797,40031,-85.37976504,38.40713957,13,0,13
4798,66007,-94.9392904,39.1372166,12,7,19
4799,67219,-97.3166937,37.7945456,15,0,15
4800,40310,-84.7665642,37.7529709,1,0,1
4801,40356,-84.57016765,37.88641328,55,0,55
4802,49349,-85.77519164,43.54815868,25,2,27
4803,48017,-83.14698,42.5367972,18,0,18
4804,48067,-83.1424312,42.4884252,85,0,85
4805,48071,-83.1092721,42.5217708,57,0,57
4806,42240,-87.4892813,36.8673298,28,10,38
4807,41011,-84.50939026,39.0883611,35,15,50
4808,49749,-84.6130573,45.410581,7,2,9
4809,49230,-84.258483,42.1081852,6,2,8
4810,47305,-85.3871134,40.1950575,43,42,85
4811,42234,-87.16571029,36.64866839,4,0,4
4812,42320,-86.8778206,37.4033003,5,0,5
4813,62245,-89.5396037,38.5533657,1,4,5
4814,61761,-88.9834852,40.5076771,78,0,78
4815,62565,-88.7924711,39.4063995,7,0,7
4816,83858,-116.8972275,47.8105245,12,0,12
4817,61520,-90.0448719,40.5524236,0,4,4
4818,62353,-90.76409657,39.98655374,6,4,10
4819,60560,-88.4505696,41.6516491,30,4,34
4820,61377,-89.05134018,41.0523945,2,5,7
4821,46952,-85.6567649,40.5583243,69,0,69
4822,60101,-87.9920112,41.9326263,72,0,72
4823,62002,-90.1593262,38.8887534,65,0,65
4824,60181,-87.9654787,41.8537786,22,0,22
4825,60471,-87.7245904,41.4837156,26,0,26
4826,62298,-90.1501823,38.3337268,13,0,13
4827,62952,-89.27160222,37.4527756,10,2,12
4828,62999,-89.05299521,37.90156235,3,9,12
4829,60477,-87.808116,41.5589182,81,27,108
4830,60559,-87.9764061,41.8070412,40,0,40
4831,61866,-88.1578278,40.3122699,31,0,31
4832,60415,-87.7785164,41.7022189,31,14,45
4833,60402,-87.7974479,41.8088199,9,9,18
4834,60169,-88.090351,42.045853,102,0,102
4835,62236,-90.20904097,38.45184651,14,2,16
4836,62704,-89.68114714,39.76740343,7,3,10
4837,60526,-87.8732625,41.8229802,23,1,24
4838,60481,-88.1464191,41.3088313,15,3,18
4839,62277,-90.0991483,38.0856753,0,2,2
4840,62231,-89.36836,38.6098842,7,4,11
4841,62293,-89.68329317,38.60333431,5,1,6
4842,62510,-89.05062505,39.51938379,1,2,3
4843,62932,-89.2337418,37.905898,3,7,10
4844,62918,-89.0768692,37.7634291,7,8,15
4845,62428,-88.1636608,39.2470024,4,0,4
4846,62080,-89.10873686,39.14097449,0,3,3
4847,46792,-85.42671501,40.68251851,2,3,5
4848,62249,-89.6843927,38.7416364,19,0,19
4849,48225,-82.9238756,42.43327,34,0,34
4850,60073,-88.069684,42.38329,44,0,44
4851,60073,-88.07845435,42.34819911,12,8,20
4852,60035,-87.8223772,42.1738786,59,0,59
4853,61301,-89.09474024,41.32964657,24,0,24
4854,61364,-88.83603334,41.11905864,24,0,24
4855,60177,-88.2960076,41.9946919,30,0,30
4856,60005,-87.9800901,42.0812701,114,0,114
4857,60523,-87.9471837,41.8330572,43,0,43
4858,61046,-89.8341217,42.10191704,2,5,7
4859,60305,-87.8199633,41.8875214,31,0,31
4860,60093,-87.7313401,42.1024831,27,0,27
4861,60010,-88.1420602,42.0736657,14,5,19
4862,60409,-87.5548997,41.6157038,91,1,92
4863,60067,-88.0384801,42.1133473,112,0,112
4864,60472,-87.70247219,41.64397623,5,35,40
4865,60520,-88.6513892,41.7669046,3,7,10
4866,60043,-87.7163816,42.0868859,11,0,11
4867,60171,-87.8352985,41.9272239,23,11,34
4868,62515,-89.40552557,39.84716675,2,4,6
4869,21550,-79.4069508,39.4075839,30,0,30
4870,48184,-83.3716803,42.2810477,41,0,41
4871,67954,-101.6333422,37.119585,1,0,1
4872,41006,-84.37350842,38.78645783,1,0,1
4873,42404,-87.82047457,37.47711012,1,0,1
4874,41669,-82.7204634,37.3329337,1,0,1
4875,04281,-70.51465138,44.22398031,8,2,10
4876,61326,-89.2283906,41.2607698,2,6,8
4877,48118,-84.02016162,42.31800401,8,8,16
4878,62935,-88.6140982,37.84107617,1,2,3
4879,42140,-85.7956063,36.6396546,1,0,1
4880,62467,-88.47446788,39.13242407,2,2,4
4881,46360,-86.85081772,41.74591445,5,8,13
4882,61933,-87.93986078,39.55276547,1,6,7
4883,46342,-87.2755144,41.5585659,2,5,7
4884,67430,-98.43145553,39.5092479,1,0,1
4885,67554,-98.20015591,38.34802023,7,3,10
4886,40342,-84.89510882,38.03759505,14,0,14
4887,21114,-76.68936955,39.01259521,6,0,6
4888,49854,-86.2438471,45.9570501,2,0,2
4889,48188,-83.4878703,42.2987919,83,0,83
4890,67031,-97.64437521,37.39053048,3,16,19
4891,46226,-86.0247192,39.8391343,60,0,60
4892,66856,-95.85950433,38.4147916,1,2,3
4893,46076,-85.9569999,40.3618982,1,0,1
4894,40502,-84.4851316,38.0362504,27,0,27
4895,48423,-83.5545958,43.0270987,18,0,18
4896,62922,-88.8323478,37.6181378,1,2,3
4897,62920,-89.25277774,37.53136705,3,2,5
4898,48837,-84.74057749,42.75536386,15,2,17
4899,48451,-83.8460693,42.7917464,5,8,13
4900,49107,-86.3615638,41.8270767,9,3,12
4901,61568,-89.4915108,40.52580127,3,6,9
4902,83611,-116.0126846,44.493433,5,0,5
4903,60010,-88.1291932,42.1573483,32,0,32
4904,46112,-86.39636011,39.84377789,40,0,40
4905,83617,-116.4951398,43.8752222,13,0,13
4906,62881,-88.94398815,38.62842023,14,3,17
4907,60178,-88.68393486,41.98929987,42,0,42
4908,21043,-76.8075001,39.2755985,424,0,424
4909,60085,-87.8332988,42.3585934,188,50,238
4910,61238,-90.1966811,41.3022626,25,0,25
4911,61201,-90.5811131,41.5090648,65,0,65
4912,62938,-88.48497286,37.36876836,2,2,4
4913,47433,-86.6629784,39.3486283,1,1,2
4914,46304,-87.1266908,41.6124064,5,5,10
4915,46750,-85.49596038,40.8810836,35,0,35
4916,60640,-87.65904619,41.96487798,1,0,1
4917,14590,-76.8152938,43.2197614,1,5,6
4918,29714,-80.9004037,34.6961725,3,0,3
4919,29080,-80.0753512,34.06011792,3,0,3
4920,29483,-80.1762742,33.0240884,80,0,80
4921,50401,-93.202538,43.125618,0,0,0
4922,29206,-80.9668086,34.0195209,27,0,27
4923,29702,-81.51557716,35.12119936,11,4,15
4924,29827,-81.2385895,32.9592171,6,0,6
4925,29340,-81.6490494,35.0736375,37,0,37
4926,29728,-80.3956489,34.7711899,10,4,14
4927,29841,-81.9674391,33.49081202,52,0,52
4928,29601,-82.3872183,34.8532547,178,0,178
4929,29593,-79.85465535,34.50975328,6,2,8
4930,29477,-80.5742073,33.1739259,10,0,10
4931,29069,-80.0637368,34.1694323,4,2,6
4932,29003,-81.03452299,33.30688017,10,0,10
4933,29918,-81.2410171,32.7508769,4,0,4
4934,29123,-81.24596245,33.76169526,3,3,6
4935,29511,-79.2047137,33.9984531,5,2,7
4936,29501,-79.76797694,34.198754,109,0,109
4937,29020,-80.6128654,34.2464849,26,0,26
4938,29170,-81.10465465,33.96021681,10,0,10
4939,29172,-81.1243842,33.9131032,6,0,6
4940,29353,-81.679513,34.8358221,4,0,4
4941,29322,-82.151087,35.1156106,4,0,4
4942,29112,-81.1034881,33.6151587,3,0,3
4943,29018,-80.6873412,33.3506342,3,0,3
4944,29072,-81.2375347,33.9801485,41,0,41
4945,29406,-80.0078742,32.9032315,32,0,32
4946,29169,-81.07305962,33.99104348,52,1,53
4947,29526,-79.05884458,33.83952491,48,3,51
4948,38683,-88.9001913,34.9467665,2,3,5
4949,38966,-90.3444578,33.9458276,3,3,6
4950,38644,-90.4785666,34.4528754,1,0,1
4951,38769,-91.02850799,33.85352554,5,3,8
4952,39355,-88.727834,32.0404123,6,8,14
4953,39735,-89.1762008,33.3112342,5,2,7
4954,39455,-89.4487927,30.9997206,8,7,15
4955,39191,-90.3972221,31.7023667,3,0,3
4956,39328,-88.6518698,32.7665783,5,3,8
4957,39437,-89.1960509,31.604775,12,6,18
4958,39440,-89.1307293,31.6942678,29,3,32
4959,39567,-88.5574876,30.3701592,59,0,59
4960,39477,-89.0334574,31.7856887,2,8,10
4961,39169,-90.2236042,33.1826054,4,2,6
4962,39154,-90.4226733,32.2589546,5,3,8
4963,39301,-88.7021995,32.3631887,99,10,109
4964,38654,-89.826227,34.9597854,68,2,70
4965,39645,-90.80589301,31.15917634,2,1,3
4966,38901,-89.8020855,33.7862029,47,0,47
4967,39630,-90.844425,31.4628517,1,1,2
4968,39451,-88.5506532,31.1535908,2,3,5
4969,38947,-89.9193174,33.5178187,1,0,1
4970,38916,-89.3096795,33.8554518,5,3,8
4971,39119,-89.6536289,31.7608439,1,2,3
4972,39063,-89.8553965,33.0755483,8,3,11
4973,39218,-90.16196802,32.21527597,33,2,35
4974,39740,-88.3245248,33.6828164,1,3,4
4975,39631,-91.0664886,31.0873107,3,5,8
4976,38619,-89.94110802,34.51248518,3,4,7
4977,39194,-90.40977202,32.85203834,21,6,27
4978,39648,-90.4579882,31.2342005,33,0,33
4979,39208,-90.1309376,32.275718,52,0,52
4980,38701,-91.0640683,33.4118035,96,0,96
4981,39466,-89.6826292,30.5244351,38,4,42
4982,39652,-90.46060592,31.14239599,6,8,14
4983,39601,-90.4571978,31.5747159,34,2,36
4984,39429,-89.8370142,31.252105,16,9,25
4985,39462,-89.0340116,31.2038707,1,2,3
4986,39189,-89.4596238,32.5917866,4,2,6
4987,38879,-88.7168968,34.1943092,7,6,13
4988,17959,-76.11663482,40.72093207,1,0,1
4989,16214,-79.378977,41.2060637,10,0,10
4990,19512,-75.6535753,40.3361827,9,0,9
4991,16823,-77.7818789,40.9143284,10,1,11
4992,15834,-78.23802863,41.51174502,2,4,6
4993,88220,-104.2332934,32.42073356,51,0,51
4994,88346,-105.5911741,33.33036769,8,0,8
4995,88256,-104.0967317,32.2856001,4,0,4
4996,88415,-103.1858781,36.4524632,8,0,8
4997,87031,-106.7419183,34.812037,35,0,35
4998,88316,-105.5706448,33.5452856,3,0,3
4999,87124,-106.633701,35.2662556,125,0,125
5000,88043,-108.1266959,32.69929582,5,0,5
5001,88345,-105.6661202,33.35853006,26,0,26
5002,87102,-106.6515946,35.08881493,1020,24,1044
5003,87544,-106.3050492,35.88148133,33,0,33
5004,87004,-106.5729514,35.25489987,21,0,21
5005,76667,-96.4841317,31.6817051,17,1,18
5006,78653,-97.5563669,30.3410765,13,0,13
5007,75154,-96.8894723,32.5285825,9,0,9
5008,76634,-97.5762183,31.7848315,7,0,7
5009,79343,-101.5362541,33.66946,1,0,1
5010,79544,-99.8556866,33.3161667,1,0,1
5011,75572,-94.1536353,33.1483175,6,0,6
5012,76834,-99.424383,31.83129,10,1,11
5013,78578,-97.2098374,26.0741287,19,2,21
5014,75409,-96.55074933,33.34891843,10,1,11
5015,78593,-97.825611,26.255967,3,3,6
5016,78552,-97.7575088,26.2282891,6,1,7
5017,75163,-96.0914562,32.1447266,3,4,7
5018,78559,-97.8234963,26.1588231,13,1,14
5019,78130,-98.1092907,29.6878793,92,0,92
5020,76636,-97.2572288,32.1786766,3,0,3
5021,76648,-96.7949206,31.8392046,5,0,5
5022,78069,-98.6455384,29.2250358,4,0,4
5023,77531,-95.4045041,29.0214944,28,3,31
5024,77511,-95.2444976,29.410964,49,0,49
5025,77835,-96.59650259,30.18167477,1,0,1
5026,78219,-98.3809707,29.4681056,13,2,15
5027,75028,-97.0432258,33.0413124,85,0,85
5028,76034,-97.1472094,32.88597858,34,0,34
5029,77566,-95.4491287,29.0371985,44,3,47
5030,75019,-96.99199273,32.97446205,59,0,59
5031,76107,-97.4101515,32.7397787,11,0,11
5032,75068,-96.9399015,33.1578803,31,4,35
5033,78232,-98.4817711,29.5716619,10,2,12
5034,78148,-98.3079458,29.5568254,29,0,29
5035,75149,-96.59994635,32.77393414,226,0,226
5036,75078,-96.80258703,33.2364909,9,2,11
5037,76513,-97.4562708,31.0557426,27,0,27
5038,77651,-93.9532269,29.9913624,17,0,17
5039,75766,-95.2748407,31.9611746,28,3,31
5040,76539,-98.00292993,31.07786743,1,0,1
5041,76578,-97.29873734,30.58961745,3,1,4
5042,75979,-94.4162993,30.7762212,9,0,9
5043,75645,-94.85796738,32.59205903,1,2,3
5044,76179,-97.3718696,32.8578784,38,0,38
5045,75790,-95.6369968,32.5238617,8,4,12
5046,78611,-98.2207189,30.7585417,13,0,13
5047,78664,-97.6871334,30.5404837,133,1,134
5048,75493,-95.1123067,33.1671635,2,0,2
5049,75169,-96.00900086,32.70875705,10,0,10
5050,75571,-94.7346379,33.1839582,2,2,4
5051,79358,-102.1573767,33.412315,1,0,1
5052,78543,-97.9914606,26.2961315,13,0,13
5053,75490,-96.3398472,33.4311826,2,0,2
5054,78537,-98.0537372,26.1685266,24,0,24
5055,79323,-102.8308511,32.967513,7,0,7
5056,78562,-97.9289861,26.2960046,3,1,4
5057,75494,-95.2911598,32.9531143,9,0,9
5058,77578,-95.3641824,29.4702713,6,0,6
5059,76656,-97.03511522,31.20509765,5,0,5
5060,75693,-94.8602049,32.5214864,14,0,14
5061,78108,-98.22469587,29.5609021,18,0,18
5062,75423,-96.1954185,33.2940349,2,0,2
5063,77657,-94.19842603,30.26551919,15,0,15
5064,79083,-101.4438053,35.82646,3,0,3
5065,79036,-101.6047266,35.63974963,4,0,4
5066,79782,-101.7907203,32.13206444,5,0,5
5067,39083,-90.39351278,31.92317963,21,6,27
5068,39422,-89.29057543,31.97429824,13,4,17
5069,18847,-75.5849947,41.9604208,0,4,4
5070,15049,-79.80587014,40.55478119,3,2,5
5071,15120,-79.9047671,40.3991062,22,0,22
5072,15656,-79.6072243,40.6600152,1,5,6
5073,50613,-92.4637227,42.5373283,0,0,0
5074,18901,-75.1356755,40.2831607,22,0,22
5075,16673,-78.4000006,40.3352335,3,2,5
5076,16686,-78.238953,40.6722243,3,15,18
5077,15442,-79.8518245,39.9831707,1,1,2
5078,19551,-76.1466326,40.3572401,1,2,3
5079,18032,-75.4750464,40.65295221,8,10,18
5080,15136,-80.0580498,40.4655669,8,5,13
5081,19022,-75.3445923,39.8628918,9,8,17
5082,17074,-77.1312706,40.4771438,2,0,2
5083,19405,-75.3441002,40.1057559,9,6,15
5084,15025,-79.8946907,40.2962318,10,8,18
5085,15143,-80.1906785,40.5503017,4,6,10
5086,17921,-76.32643071,40.77066553,4,5,9
5087,17745,-77.4483307,41.1359982,13,0,13
5088,19023,-75.277372,39.9108103,8,13,21
5089,16154,-80.4153522,41.3297036,4,3,7
5090,17044,-77.5775133,40.5892472,7,0,7
5091,18252,-75.96484544,40.79715576,9,8,17
5092,17815,-76.37519,40.9784975,0,2,2
5093,17876,-76.8269692,40.8532434,3,0,3
5094,15071,-80.187532,40.3980541,1,13,14
5095,19508,-75.8581863,40.2815934,6,2,8
5096,19605,-75.9931368,40.3924098,13,0,13
5097,15005,-80.2280421,40.629703,5,8,13
5098,15522,-78.5068401,40.0175359,5,4,9
5099,18944,-75.301774,40.3727976,18,0,18
5100,19522,-75.8202313,40.455604,6,3,9
5101,18235,-75.7107075,40.8341817,9,3,12
5102,15665,-79.6665184,40.3313837,3,3,6
5103,18433,-75.55025818,41.52778789,1,12,13
5104,76371,-99.6233461,33.449289,2,2,4
5105,78852,-100.5009247,28.7055111,71,0,71
5106,77554,-94.9748772,29.1822147,5,1,6
5107,77563,-94.9341895,29.3290185,5,0,5
5108,77414,-95.96693731,28.98160247,35,0,35
5109,79363,-101.9984593,33.6882161,5,0,5
5110,76520,-96.9782544,30.8489538,8,0,8
5111,78861,-99.1411218,29.349972,19,0,19
5112,78016,-98.9069105,29.1377485,8,0,8
5113,76050,-97.1790839,32.2700269,6,0,6
5114,79035,-102.7181302,34.6387367,6,1,7
5115,78359,-97.2921501,27.9235956,4,0,4
5116,75087,-96.4617095,32.9307166,66,1,67
5117,77630,-93.7759185,30.1042226,6,4,10
5118,77375,-95.6166509,30.095588,40,2,42
5119,77304,-95.4958694,30.3800113,6,6,12
5120,75750,-95.0600057,32.2247387,4,2,6
5121,75792,-95.1719005,32.4932111,2,0,2
5122,77957,-96.649009,28.9765501,9,0,9
5123,78573,-98.27871885,26.25569488,7,1,8
5124,76801,-99.00391832,31.72492397,38,0,38
5125,79027,-102.3107803,34.54959037,6,0,6
5126,76250,-97.2250221,33.6371596,1,0,1
5127,78655,-97.84370718,29.83973162,5,0,5
5128,79248,-100.3032936,34.01422838,1,0,1
5129,29709,-80.0890522,34.7366782,41,2,43
5130,29944,-81.0886703,32.862477,26,1,27
5131,15229,-80.032889,40.5198366,9,4,13
5132,15601,-79.55207678,40.29530465,2,10,12
5133,18411,-75.7463818,41.4796418,1,0,1
5134,15236,-79.9522748,40.3306655,17,0,17
5135,15120,-79.9172871,40.4012047,7,3,10
5136,18036,-75.3905194,40.5114154,7,4,11
5137,18612,-76.0196206,41.3083899,2,6,8
5138,18706,-75.9320176,41.1963512,1,4,5
5139,19079,-75.2721835,39.9063398,9,5,14
5140,17349,-76.7009351,39.7347791,11,1,12
5141,18618,-76.0291458,41.3506429,4,3,7
5142,15218,-79.8842395,40.4204452,14,12,26
5143,76437,-98.9810173,32.3901914,7,1,8
5144,75559,-94.61640029,33.50781614,7,0,7
5145,78606,-98.4211367,30.0968455,4,0,4
5146,75763,-95.5083623,32.0507778,4,0,4
5147,76351,-98.624635,33.5942729,1,0,1
5148,12953,-74.2886618,44.8498479,15,0,15
5149,13778,-75.771209,42.3297077,1,6,7
5150,11706,-73.1567031,40.6493781,4,18,22
5151,13346,-75.5431028,42.8269813,2,13,15
5152,13340,-75.0692123,43.0390678,4,9,13
5153,11959,-72.6090616,40.8181407,13,7,20
5154,14502,-77.3604807,43.0664009,3,3,6
5155,10708,-73.8314619,40.93553577,19,0,19
5156,14433,-76.8703735,43.0836242,3,4,7
5157,12210,-73.7605512,42.6628136,328,0,328
5158,12010,-74.19073653,42.93818524,36,0,36
5159,14150,-78.88666149,43.01924796,28,0,28
5160,14727,-78.2823349,42.2161578,4,8,12
5161,14806,-77.7955961,42.1575385,1,11,12
5162,14048,-79.334028,42.4834754,36,0,36
5163,10990,-74.3369406,41.2699253,34,5,39
5164,14624,-77.6944235,43.1490328,28,0,28
5165,14580,-77.4580381,43.2097407,31,0,31
5166,14224,-78.7545975,42.8347125,66,0,66
5167,10468,-73.89345669,40.87258342,35,0,35
5168,13495,-75.2780895,43.1129084,3,8,11
5169,12545,-73.6921241,41.7867386,0,7,7
5170,98926,-120.5493848,46.9968764,40,0,40
5171,11771,-73.5045683,40.8468954,11,0,11
5172,11001,-73.7058796,40.7239119,35,0,35
5173,13027,-76.33376889,43.15887092,15,0,15
5174,38751,-90.6298755,33.4482415,11,1,12
5175,39307,-88.7328302,32.3674038,8,2,10
5176,39096,-91.1390296,31.8792002,20,0,20
5177,38733,-90.7354015,33.7445601,9,0,9
5178,39669,-91.300145,31.0859815,7,3,10
5179,38965,-89.6306323,34.150921,11,3,14
5180,38677,-89.5409583,34.3678751,31,1,32
5181,39573,-89.1443558,30.7802124,7,7,14
5182,38668,-89.97158832,34.62436977,16,5,21
5183,39153,-89.5233782,32.0340629,9,3,12
5184,17125,-76.8839839,40.2648773,111,0,111
5185,97141,-123.8046072,45.4248195,49,3,52
5186,97444,-124.418947,42.4167355,16,0,16
5187,97103,-123.6597951,46.15881376,49,3,52
5188,88061,-108.2833911,32.7757311,5,0,5
5189,87131,-106.6183373,35.0863214,32,0,32
5190,88435,-104.6920333,34.9329691,3,0,3
5191,87544,-106.3047991,35.8813464,1,6,7
5192,76262,-97.16942136,32.97962325,1,0,1
5193,78541,-98.1474904,26.30702743,50,0,50
5194,78580,-97.76181213,26.47195323,12,0,12
5195,77840,-96.3027804,30.6057688,4,0,4
5196,78583,-97.5800529,26.2348168,6,0,6
5197,77979,-96.6285835,28.6199083,1,0,1
5198,76102,-97.3278111,32.7474749,51,3,54
5199,78069,-98.65356888,29.22780489,2,0,2
5200,78045,-99.48002708,27.5742333,51,0,51
5201,75110,-96.4699035,32.097191,6,0,6
5202,75555,-94.0834865,32.9457713,1,1,2
5203,78636,-98.4106358,30.2778495,1,0,1
5204,78263,-98.2939291,29.349622,10,2,12
5205,77511,-95.2738883,29.4404084,17,4,21
5206,77029,-95.27259955,29.72974523,46,0,46
5207,77331,-95.1271595,30.5947662,2,3,5
5208,75766,-95.2503424,31.95384,5,0,5
5209,75166,-96.4331168,33.0262426,2,0,2
5210,76543,-97.6992337,31.0953918,14,0,14
5212,78840,-100.9232028,29.3857202,6,0,6
5213,77833,-96.4086039,30.1605812,15,0,15
5214,77515,-95.417967,29.1956024,4,0,4
5215,76384,-99.3182022,34.1613059,2,0,2
5216,77423,-95.9665118,29.8096641,3,0,3
5218,79762,-102.3298887,31.8893323,6,2,8
5219,77461,-95.8027078,29.3710541,2,0,2
5220,78229,-98.57731015,29.50459299,34,0,34
5221,75050,-97.0054547,32.7457131,6,0,6
5222,78643,-98.67195888,30.77270771,25,0,25
5223,77568,-94.9937802,29.3756979,8,0,8
5224,75501,-94.07982,33.4446381,2,0,2
5225,78205,-98.48598538,29.41939843,112,0,112
5226,76950,-100.644148,30.57354541,5,1,6
5227,78801,-99.7855175,29.2111754,17,0,17
5228,75563,-94.375571,33.020089,19,0,19
5229,75440,-95.7665548,32.8756201,12,0,12
5231,75845,-95.12762955,31.0555727,10,0,10
5232,79072,-101.7077797,34.1623923,25,0,25
5233,02840,-71.3109991,41.4930183,84,10,94
5234,02852,-71.46033067,41.57656821,49,0,49
5235,13202,-76.1466378,43.0467241,489,0,489
5236,13755,-74.99494,42.0818063,2,0,2
5237,10583,-73.784731,41.0051629,45,0,45
5238,10901,-74.1099364,41.1114342,120,1,121
5239,10701,-73.89711821,40.93039892,641,0,641
5240,39730,-88.5447734,33.8250119,17,7,24
5241,19317,-75.66198808,39.84877857,1,0,1
5242,75428,-95.9032552,33.2442904,16,0,16
5243,79029,-101.9780519,35.8632107,3,0,3
5244,79505,-99.794297,33.5834774,3,0,3
5245,78602,-97.3084127,30.1017124,69,0,69
5246,76448,-98.8195142,32.4027631,9,1,10
5247,77662,-94.0134482,30.127124,4,0,4
5248,76251,-97.71899324,33.66437344,10,10,20
5249,77055,-95.5107569,29.79786954,31,0,31
5250,75790,-95.6383851,32.5356018,1,0,1
5251,77002,-95.3771604,29.7420819,48,8,56
5253,76821,-99.94541918,31.738358,6,0,6
5254,78801,-99.74045751,29.21954934,3,6,9
5255,29670,-82.79189585,34.64183741,3,0,3
5256,29212,-81.11598581,34.06632702,344,0,344
5257,16323,-79.8269397,41.3975795,14,0,14
5258,16101,-80.3387557,40.9981839,10,5,15
5259,97424,-123.0638804,43.7975802,17,0,17
5260,29406,-80.01221178,32.87699251,325,0,325
5261,29138,-81.733763,33.9904576,22,1,23
5262,15317,-80.1692943,40.2361264,20,1,21
5263,18924,-75.3666683,40.3144508,13,2,15
5264,15909,-78.8862659,40.3465535,2,8,10
5265,17547,-76.5737674,40.0779007,14,1,15
5266,19606,-75.8942228,40.3280392,12,0,12
5267,17111,-76.8117598,40.246329,46,0,46
5268,18064,-75.3323369,40.7990962,11,7,18
5269,18458,-74.9156195,41.4641104,1,1,2
5270,18337,-74.8023966,41.3245212,2,6,8
5271,16740,-78.6408086,41.7254629,1,1,2
5272,15003,-80.2094903,40.5831722,5,2,7
5273,16142,-80.3342512,41.1232511,4,1,5
5274,17268,-77.5759405,39.7549999,19,2,21
5275,18013,-75.2241788,40.8306662,5,0,5
5276,18812,-75.9206631,41.9249577,2,3,5
5277,16101,-80.378475,41.0020765,3,3,6
5278,17073,-76.2116669,40.3533091,3,4,7
5279,18104,-75.565969,40.6109403,37,0,37
5280,97522,-122.5665117,42.543806,1,1,2
5281,97470,-123.34148,43.2119728,37,0,37
5282,97383,-122.7919351,44.7976972,16,0,16
5283,97027,-122.5943906,45.3806907,14,0,14
5284,97130,-123.9333546,45.71847736,4,0,4
5285,97024,-122.438884,45.5310077,14,0,14
5286,97457,-123.2884388,43.0267601,7,0,7
5287,97415,-124.2874369,42.0553782,13,0,13
5288,75701,-95.3091534,32.3323891,12,0,12
5289,79401,-101.8544501,33.57816494,7,20,27
5290,78834,-99.8398056,28.5189031,3,0,3
5291,75460,-95.5290036,33.6513093,3,0,3
5292,75904,-94.82909259,31.31558714,1,6,7
5293,79016,-101.918631,34.9811198,10,4,14
5294,12543,-74.2176167,41.4831501,3,12,15
5295,13045,-76.1784247,42.5991013,44,0,44
5296,75410,-95.6338283,32.7925721,2,0,2
5297,23508,-76.30008791,36.88530797,47,0,47
5298,08560,-74.81447938,40.30948729,31,0,31
5299,03042,-71.07659915,43.03975934,13,5,18
5300,03303,-71.6036217,43.2893285,6,0,6
5301,37403,-85.29348125,35.04734347,12,17,29
5302,24012,-79.970627,37.3207034,13,0,13
5303,55422,-93.3387365,45.0291507,21,0,21
5304,55416,-93.3432536,44.9470973,51,0,51
5305,56501,-95.8464952,46.8162958,20,29,49
5306,08039,-75.2688555,39.69063522,6,1,7
5307,25438,-77.86272257,39.30438209,12,0,12
5308,65051,-91.852626,38.486258,10,0,10
5309,73105,-97.5043369,35.4877358,113,58,171
5310,64673,-93.5856453,40.3967838,3,0,3
5311,23005,-77.473591,37.75829,24,0,24
5312,45216,-84.4868368,39.1868853,4,16,20
5313,37725,-83.43748679,36.01663858,11,3,14
5314,43204,-83.0701772,39.9639855,1,7,8
5315,65793,-91.97589556,37.00027098,6,2,8
5316,37890,-83.2876471,36.1053227,8,5,13
5317,64468,-94.87078324,40.34897087,10,0,10
5318,43777,-82.0728923,39.8062296,3,5,8
5319,63050,-90.56489276,38.23097535,143,0,143
5320,63105,-90.33871451,38.64943167,26,4,30
5321,98290,-122.0892548,47.9139234,20,0,20
5322,65259,-92.5323211,39.4335602,17,0,17
5323,45177,-83.815899,39.4194402,38,9,47
5324,59501,-109.6746723,48.5497855,18,0,18
5325,89701,-119.7634735,39.15828537,28,0,28
5326,98223,-122.127132,48.19467106,27,0,27
5327,07874,-74.7083068,40.9032927,9,1,10
5328,07874,-74.7070732,40.9360376,15,0,15
5329,82901,-109.2146265,41.58025945,78,1,79
5330,82901,-109.2196204,41.585325,43,0,43
5331,22611,-77.98104251,39.14853217,9,0,9
5332,07028,-74.20421079,40.8017238,27,0,27
5333,08530,-74.9097424,40.3961976,6,1,7
5334,38338,-88.8466211,35.875927,2,2,4
5335,22578,-76.3884037,37.6493265,1,1,2
5336,08026,-74.9642479,39.8363152,7,2,9
5337,98823,-119.5516105,47.31901034,15,0,15
5338,98382,-123.1162646,48.07814401,19,0,19
5339,98531,-122.9541705,46.71909345,31,0,31
5340,98356,-122.2766841,46.55844926,3,3,6
5341,98589,-122.8596463,46.852417,5,0,5
5342,98039,-122.2391209,47.61535533,9,0,9
5343,98104,-122.3303638,47.6022312,721,0,721
5344,07657,-74.0090413,40.83416654,28,13,41
5345,24228,-82.45683338,37.15027411,4,0,4
5346,07074,-74.0456769,40.8414764,17,0,17
5347,22180,-77.2635078,38.8995387,41,0,41
5348,23322,-76.2491607,36.7182347,376,0,376
5349,63556,-93.1249605,40.2024402,4,1,5
5350,58554,-100.892155,46.8277571,28,0,28
5351,23922,-78.20126474,37.18747592,1,0,1
5352,23250,-77.3326865,37.5078405,24,0,24
5353,63457,-91.71439827,40.11799959,5,2,7
5354,23149,-76.59487376,37.60735662,17,10,27
5355,44445,-80.6137919,40.8458903,3,9,12
5356,20132,-77.71460139,39.14358443,13,0,13
5357,43062,-82.6749799,39.9940218,17,0,17
5358,98541,-123.4038306,47.0050051,7,0,7
5359,74525,-96.16651292,34.31963755,3,0,3
5360,37380,-85.6603778,35.0064281,1,1,2
5361,37397,-85.51840725,35.19806206,20,3,23
5362,44444,-80.95782963,41.22373361,0,13,13
5363,37044,-87.35265374,36.53805443,14,0,14
5364,59313,-104.2765651,46.36038776,3,0,3
5365,45005,-84.3018762,39.5585711,25,0,25
5366,44146,-81.5452508,41.3587821,15,0,15
5367,59722,-112.7332201,46.39962047,10,0,10
5368,98010,-122.0026237,47.30916141,10,0,10
5369,45039,-84.22010998,39.31439564,2,7,9
5370,44653,-81.3769703,40.4399061,1,3,4
5371,07676,-74.0641129,40.9873503,22,1,23
5372,59725,-112.6341884,45.2155669,7,0,7
5373,84737,-113.2839542,37.1773116,16,1,17
5374,59072,-108.5416218,46.44965921,7,6,13
5375,45377,-84.2210197,39.8987909,29,0,29
5376,64763,-93.73040292,38.13995614,1,0,1
5377,74578,-95.32905472,34.91407549,3,1,4
5378,74868,-96.705054,35.2488973,3,1,4
5379,63829,-90.29296615,36.04943889,2,2,4
5380,74106,-95.9875306,36.1633711,5,12,17
5381,82426,-108.0542815,44.48809654,5,2,7
5382,38310,-88.3872207,35.2350352,6,0,6
5383,73701,-97.866663,36.4363098,2,0,2
5384,64501,-94.8538086,39.7692968,70,15,85
5385,38315,-88.60481726,35.2262413,1,0,1
5386,82431,-108.3857745,44.8363736,6,5,11
5387,82070,-105.5902743,41.3113358,18,0,18
5388,73120,-97.5549757,35.5760171,21,0,21
5389,24870,-81.6335006,37.6922635,5,0,5
5390,07045,-74.3655462,40.9163938,41,1,42
5391,26003,-80.72061645,40.06455416,84,0,84
5392,44312,-81.4403329,41.034345,17,7,24
5393,43526,-84.774548,41.2876457,8,0,8
5394,03256,-71.64724052,43.60662805,6,1,7
5395,44224,-81.4416703,41.1688451,43,0,43
5396,07005,-74.42719466,40.91257328,14,0,14
5397,25571,-82.195819,38.287191,1,0,1
5398,03470,-72.3835709,42.7721487,7,4,11
5399,28320,-78.78870582,34.53756054,6,2,8
5400,26554,-80.21402623,39.4605446,1,3,4
5401,28602,-81.3417927,35.7052136,1,0,1
5402,03447,-72.1504992,42.7648061,3,2,5
5403,59330,-104.6852349,47.13130764,6,5,11
5404,84720,-113.0717084,37.6755477,4,3,7
5405,59404,-111.367968,47.46885476,36,21,57
5406,59041,-108.9702025,45.48468009,1,2,3
5407,59034,-107.6083939,45.7318766,8,0,8
5408,44057,-81.0501534,41.7713932,4,15,19
5409,63051,-90.5552672,38.4365872,5,3,8
5410,63361,-91.5095962,38.9821465,6,7,13
5411,45638,-82.6839586,38.5338057,17,0,17
5412,64831,-94.44301782,36.66362725,4,6,10
5413,07739,-74.0427742,40.3391649,16,0,16
5414,07860,-74.7544714,41.0584502,122,0,122
5415,63628,-90.5508638,37.9249504,10,6,16
5416,65737,-93.36803805,36.70087618,6,2,8
5417,64096,-93.5163064,39.2096504,1,0,1
5418,27925,-76.25173807,35.91751436,10,0,10
5419,38261,-89.0563493,36.4230561,36,0,36
5420,64463,-94.52355816,40.05084567,1,1,2
5421,63601,-90.5249792,37.8781683,10,0,10
5422,58571,-101.3786742,47.3239057,14,1,15
5423,64029,-94.1976264,39.0187296,20,0,20
5424,26757,-78.75582141,39.34245413,16,0,16
5425,59802,-113.9959416,46.8732644,50,0,50
5426,89419,-118.4737596,40.1847496,6,0,6
5427,03301,-71.5385594,43.2099226,19,22,41
5428,38240,-89.1918076,36.2593229,4,0,4
5429,27573,-78.9854622,36.3951942,41,10,51
5430,63638,-90.9699391,37.2392626,3,1,4
5431,27560,-78.830837,35.8238044,32,0,32
5432,44012,-82.0220627,41.4917081,29,5,34
5433,28031,-80.859124,35.4813605,44,5,49
5434,25045,-81.34674183,38.48910659,3,0,3
5435,03845,-71.1476199,44.1021919,4,2,6
5436,03864,-71.1373651,43.6843332,11,4,15
5437,37307,-84.64759415,35.17960926,7,0,7
5438,03244,-71.8462581,43.0740996,2,4,6
5439,53190,-88.7335696,42.8322319,24,0,24
5440,44659,-81.7009181,40.6941317,0,6,6
5441,54956,-88.4968863,44.2304215,26,0,26
5442,28658,-81.2209021,35.66613,34,3,37
5443,08721,-74.2344368,39.9056057,74,0,74
5444,84647,-111.4578639,39.546493,5,0,5
5445,03857,-70.9398889,43.0721054,14,3,17
5446,43055,-82.39486054,40.05857038,134,0,134
5447,05855,-72.21068755,44.93493988,5,20,25
5448,03781,-72.260845,43.548387,3,3,6
5449,03841,-71.18131896,42.87340819,7,12,19
5450,03840,-70.8393118,43.0352588,7,4,11
5451,05488,-73.1129988,44.9207506,4,6,10
5452,64835,-94.4286295,37.1450726,6,1,7
5453,64834,-94.56569076,37.17874944,10,0,10
5454,54952,-88.4477437,44.2032905,29,0,29
5455,58646,-102.329006,46.3748086,3,1,4
5456,37327,-85.3909116,35.3809658,19,3,22
5457,54849,-91.6994008,46.5134448,1,4,5
5458,54943,-89.5200131,44.1377707,1,3,4
5459,53581,-90.386144,43.3341492,18,0,18
5460,64742,-94.60892419,38.4788492,2,8,10
5461,37166,-85.8130829,35.9602284,17,4,21
5462,63135,-90.2817777,38.7498135,17,0,17
5463,44436,-80.56589186,41.09019641,3,12,15
5464,05403,-73.1795029,44.4543026,39,0,39
5465,63552,-92.46873938,39.73881814,13,2,15
5466,43143,-83.2659677,39.7195485,6,3,9
5467,65259,-92.54439697,39.43958142,2,2,4
5468,07069,-74.4451511,40.6339095,29,0,29
5469,44720,-81.4027569,40.876495,24,2,26
5470,84075,-112.0640222,41.0881903,19,5,24
5471,44615,-81.0861329,40.5719915,20,7,27
5472,24263,-83.1105186,36.6888969,37,0,37
5473,45304,-84.5547201,39.990004,4,11,15
5474,63121,-90.31763889,38.70879943,7,1,8
5475,63114,-90.3397441,38.6964249,10,5,15
5476,63137,-90.21521117,38.7402296,11,0,11
5477,63140,-90.327615,38.7452872,6,0,6
5478,63136,-90.2440188,38.7514212,12,3,15
5479,63131,-90.4121475,38.6342882,21,0,21
5480,22201,-77.08331902,38.88981407,211,5,216
5481,63468,-92.04614687,39.69422637,4,2,6
5482,54703,-91.50453639,44.80849133,43,0,43
5483,56544,-95.702698,46.7293618,2,5,7
5484,03768,-72.14929457,43.81528181,2,1,3
5485,54603,-91.2603063,43.8587265,5,0,5
5486,03592,-71.39582692,45.05274516,1,5,6
5487,44129,-81.7248806,41.3817709,92,0,92
5488,45067,-84.4583238,39.4807375,14,0,14
5489,84747,-111.6433295,38.4018288,6,2,8
5490,27845,-77.41991487,36.38949316,30,3,33
5491,54861,-90.65832087,46.60045995,4,1,5
5492,43567,-84.1427232,41.5496171,14,12,26
5493,98362,-123.432649,48.11564703,36,1,37
5494,43968,-80.6517632,40.6007429,7,8,15
5495,43619,-83.4818779,41.6093419,21,0,21
5496,44040,-81.4052591,41.5202191,11,5,16
5497,98225,-122.4802186,48.75441,81,0,81
5498,23837,-77.06763918,36.71423596,61,3,64
5499,65632,-92.8211512,37.50126932,1,6,7
5500,65355,-93.38048294,38.24221836,16,2,18
5501,82001,-104.8183757,41.1367846,105,0,105
5502,08879,-74.2814907,40.48475846,30,0,30
5503,37862,-83.558181,35.8646745,55,1,56
5504,38133,-89.8081359,35.2279351,105,0,105
5505,37862,-83.56622587,35.86721932,82,3,85
5506,25901,-81.1487371,37.9731494,13,0,13
5507,05474,-73.28982669,44.81864235,0,10,10
5508,05602,-72.57704717,44.26120329,10,44,54
5509,44902,-82.5129428,40.7591241,98,0,98
5510,56073,-94.4620774,44.3108033,10,6,16
5511,44124,-81.45785059,41.5196981,36,3,39
5512,82401,-107.955188,44.01755663,8,0,8
5513,28604,-81.84920801,36.1338259,5,5,10
5514,53811,-90.4356247,42.5330383,2,2,4
5515,54665,-90.88109833,43.56110536,8,14,22
5516,83101,-110.5405704,41.7921572,19,0,19
5517,26187,-81.4493578,39.4008041,5,0,5
5518,26362,-81.05145031,39.21065338,6,0,6
5519,53051,-88.10282857,43.1714988,59,0,59
5520,53095,-88.08999132,43.42500444,0,7,7
5521,43518,-84.76848403,41.55607554,2,7,9
5522,03240,-71.94961205,43.56197732,1,1,2
5523,58075,-96.6061462,46.2658536,13,0,13
5524,98841,-119.5295098,48.41150251,11,0,11
5525,28734,-83.3718212,35.1977874,44,4,48
5526,37075,-86.6287673,36.3013165,92,6,98
5527,45245,-84.2733812,39.0282309,15,0,15
5528,84071,-112.359886,40.45148775,1,2,3
5529,37902,-83.9166576,35.9603179,456,0,456
5530,43410,-82.9743463,41.3060734,14,2,16
5531,65706,-92.9068666,37.3385954,13,0,13
5532,98027,-122.0340476,47.5303887,33,0,33
5533,24736,-81.24280682,37.41946257,2,0,2
5534,82414,-109.0601153,44.53314425,21,0,21
5535,64024,-94.22295307,39.34127099,22,3,25
5536,07093,-74.00377759,40.79153771,22,0,22
5537,07068,-74.29008182,40.82164098,28,0,28
5538,24874,-81.5329131,37.5850411,2,0,2
5539,37188,-86.6479769,36.4657158,18,0,18
5540,55316,-93.3933108,45.1720419,26,0,26
5541,64841,-94.4124687,37.08294328,4,0,4
5542,37087,-86.2840895,36.1988175,70,4,74
5543,38058,-89.8133616,35.4472694,14,0,14
5544,37058,-87.8434209,36.4843155,6,0,6
5545,37807,-83.8246782,36.2359232,3,2,5
5546,26588,-80.12295353,39.52932778,1,2,3
5547,55334,-94.2202408,44.5561789,11,5,16
5548,28458,-78.02863366,34.82455805,4,6,10
5549,27823,-77.66678884,36.18076048,10,1,11
5550,07735,-74.20411806,40.43665139,19,4,23
5551,59474,-111.855978,48.507365,12,0,12
5552,59937,-114.340435,48.397742,16,0,16
5553,59074,-109.2581181,46.29813498,2,5,7
5554,55965,-92.0836928,43.6701213,3,5,8
5555,58639,-102.6347173,46.0015977,4,0,4
5556,84032,-111.4090109,40.490446,36,0,36
5557,25064,-81.73932624,38.35883131,15,0,15
5558,55340,-93.5420513,45.1031828,7,5,12
5559,28584,-77.06717754,34.68926497,7,1,8
5560,63501,-92.5835538,40.19613797,10,0,10
5561,64048,-94.33845113,39.45639288,2,6,8
5562,59601,-112.0367199,46.5862855,39,0,39
5563,27306,-80.00256806,35.2145506,5,7,12
5564,27886,-77.5890179,35.9105464,51,2,53
5565,63462,-91.67386108,39.4312334,1,0,1
5566,65556,-92.40506039,37.85821007,5,1,6
5567,65606,-91.39922668,36.69520786,2,4,6
5568,63121,-90.27827498,38.69273258,22,0,22
5569,56098,-94.1652412,43.7657869,3,5,8
5570,45831,-84.2655831,41.0978782,1,3,4
5571,64118,-94.571889,39.2214682,39,0,39
5572,82730,-104.627022,44.09860666,3,1,4
5573,27806,-76.78708486,35.30386392,2,0,2
5574,64862,-94.11718076,37.06942076,3,0,3
5575,53149,-88.32987547,42.85821977,14,10,24
5576,64844,-94.25613223,36.92027079,4,1,5
5577,54986,-88.71304616,44.11020068,5,4,9
5578,45309,-84.4091768,39.834809,11,5,16
5579,05030,-72.40706926,43.40816369,1,2,3
5580,27288,-79.73502111,36.50114641,45,4,49
5581,54893,-92.36985854,45.8778107,2,4,6
5582,53923,-89.1086504,43.54336751,1,3,4
5583,54162,-88.2428802,44.6685855,6,4,10
5584,64601,-93.5551622,39.7945288,17,5,22
5585,64762,-94.51984215,37.55761899,1,1,2
5586,65338,-93.33553876,38.39070055,3,0,3
5587,64093,-93.7420275,38.7654155,32,1,33
5588,65201,-92.33001835,38.95242358,155,0,155
5589,63445,-91.7187327,40.42489459,3,1,4
5590,65770,-93.54955903,37.41177054,2,1,3
5591,24836,-81.5491821,37.36624,1,0,1
5592,99185,-118.7051312,47.75826189,2,0,2
5593,05851,-72.00250249,44.53804156,2,0,2
5594,74826,-96.92676462,34.9888183,1,3,4
5595,54730,-91.72766178,44.99925653,2,6,8
5596,44118,-81.553915,41.519429,103,0,103
5597,53530,-90.1184443,42.6824897,15,5,20
5598,65648,-93.1572923,37.38313968,4,0,4
5599,22807,-78.87584148,38.44154201,27,11,38
5600,65723,-94.00294229,36.94437979,4,4,8
5601,44026,-81.3352102,41.5231822,13,2,15
5602,44443,-80.58639363,40.94332396,8,2,10
5603,07405,-74.33931714,41.00146606,17,0,17
5604,53703,-89.3835305,43.0717908,454,0,454
5605,24954,-80.093696,38.22390572,1,0,1
5606,28743,-82.8265019,35.8928413,1,3,4
5607,58413,-99.3710769,46.0359929,3,0,3
5608,07650,-73.99830281,40.84804927,31,0,31
5609,08226,-74.5746468,39.2786052,59,0,59
5610,45243,-84.3632636,39.1909889,13,0,13
5611,28518,-77.77407757,34.92523588,5,5,10
5612,43516,-83.9009242,41.2071359,2,5,7
5613,28398,-78.0928723,34.9978648,12,0,12
5614,45217,-84.4985098,39.1668252,14,0,14
5615,23662,-76.38024115,37.13212307,22,3,25
5616,45432,-84.0682306,39.7309872,46,0,46
5617,44072,-81.34082758,41.46473143,7,4,11
5618,27298,-79.578954,35.8520205,10,2,12
5619,43026,-83.1547915,40.0369871,51,0,51
5620,27028,-80.5611279,35.8958943,21,8,29
5621,26505,-79.9864289,39.6577718,5,1,6
5622,53807,-90.4305513,42.6068159,4,4,8
5623,65349,-93.05874178,39.21996639,4,3,7
5624,55430,-93.3006003,45.0769234,46,0,46
5625,45349,-83.9485301,39.9912021,3,10,13
5626,07508,-74.18443582,40.94068418,17,22,39
5627,44254,-82.01221557,41.0325952,6,1,7
5628,89013,-117.2334408,37.707824,10,1,11
5629,89410,-119.5578202,38.7281363,10,0,10
5630,07462,-74.483746,41.2022061,32,0,32
5631,07070,-74.1090822,40.8257015,40,0,40
5632,07940,-74.4164132,40.7568611,33,0,33
5633,07030,-74.0299881,40.73773605,156,0,156
5634,89701,-119.7592204,39.1641725,96,0,96
5635,24147,-80.82335847,37.38776758,1,0,1
5636,28373,-79.46762256,35.10833706,4,0,4
5637,07621,-73.9959229,40.9346773,43,0,43
5638,07945,-74.58553605,40.7822515,12,0,12
5639,43338,-82.806645,40.5599967,17,0,17
5640,43465,-83.4935932,41.5883902,4,6,10
5641,54656,-90.81321778,43.94441334,23,0,23
5642,89447,-119.1605644,38.9956399,74,2,76
5643,45202,-84.5087864,39.1066057,330,0,330
5644,43512,-84.36412266,41.28659641,26,0,26
5645,56320,-94.42950178,45.45510323,8,4,12
5646,56062,-94.41893101,44.05065885,4,1,5
5647,55952,-91.8655287,43.9853797,4,4,8
5648,55736,-92.9125232,46.9257647,2,1,3
5649,57793,-103.6403284,44.4597726,3,1,4
5650,57013,-96.5921111,43.3016169,17,6,23
5651,57544,-99.8620231,43.9021571,4,0,4
5652,56464,-95.0976446,46.7567395,3,0,3
5653,56482,-95.1360882,46.4382215,8,0,8
5654,56220,-96.2746455,44.7085832,3,5,8
5655,57523,-99.29001136,43.18200596,2,1,3
5656,56237,-95.4165795,44.6165665,1,1,2
5657,57382,-98.57006099,44.07831078,3,0,3
5658,57401,-98.4865592,45.4645932,15,0,15
5659,56477,-95.0922954,46.6296729,1,5,6
5660,57042,-97.11493433,44.00525597,11,1,12
5661,57626,-102.0380877,45.0219612,1,1,2
5662,55964,-92.1691722,44.1646942,7,4,11
5663,56093,-93.5080441,44.0750556,14,4,18
5664,56011,-93.76274528,44.62328868,7,6,13
5665,55981,-92.0235959,44.3754102,5,1,6
5666,57005,-96.5875167,43.5912067,11,0,11
5667,57006,-96.8006605,44.3082105,28,0,28
5668,53110,-87.8493085,42.9527285,30,0,30
5669,57325,-99.3272491,43.8185998,5,1,6
5670,57720,-103.5505538,45.5838789,2,0,2
5671,57717,-103.849568,44.6665643,10,0,10
5672,55981,-92.03003797,44.37949781,19,8,27
5673,57642,-100.8119625,45.8150805,1,2,3
5674,55060,-93.2229453,44.0869599,19,0,19
5675,57104,-96.7302685,43.5545239,69,10,79
5676,56573,-95.5784658,46.5970661,5,4,9
5677,55334,-94.2108931,44.5554017,3,5,8
5678,57567,-101.6665411,44.03893129,2,0,2
5679,56187,-95.5899494,43.6477289,12,5,17
5680,54113,-88.31069375,44.26513137,5,5,10
5681,54729,-91.395384,44.9407774,70,18,88
5682,55336,-94.1534088,44.7684366,10,5,15
5683,56181,-94.61976106,43.66696257,4,2,6
5684,55943,-91.5694375,43.7623527,2,0,2
5685,53565,-90.1813806,42.8611692,6,4,10
5686,54501,-89.3793481,45.6484128,38,0,38
5687,56143,-94.9943875,43.6351996,7,2,9
5688,56345,-94.3626567,45.9779582,13,5,18
5689,56069,-93.58421517,44.44197104,5,8,13
5690,56256,-96.1935717,45.0150407,3,7,10
5691,54868,-91.73645675,45.50009996,18,0,18
5692,53593,-89.52736674,42.98966969,17,2,19
5693,56001,-94.0087623,44.1616817,51,0,51
5694,55944,-92.743892,44.024583,8,9,17
5695,55947,-91.3047914,43.8288932,6,1,7
5696,56013,-94.09276255,43.63801429,6,2,8
5697,54208,-87.8278064,44.3480234,2,1,3
5698,54002,-92.3683081,44.9565866,5,3,8
5699,68355,-95.60229471,40.06225378,6,2,8
5700,57747,-103.4802395,43.43921025,1,0,1
5701,54770,-91.3921812,44.5497422,2,6,8
5702,53170,-88.1673822,42.5491103,4,10,14
5703,68305,-95.8436853,40.3862095,6,5,11
5704,53590,-89.21042348,43.18313811,47,0,47
5705,57038,-96.55842841,42.60231373,2,0,2
5706,68333,-96.953416,40.6311159,11,3,14
5707,68788,-96.7118206,41.8364443,7,0,7
5708,69121,-101.6911766,41.5700451,1,0,1
5709,68847,-99.07993648,40.69620564,52,0,52
5710,73852,-99.20451905,36.43856123,2,7,9
5711,74955,-94.7889297,35.4581741,13,3,16
5712,74103,-95.9939516,36.1497705,826,0,826
5713,74437,-95.9861391,35.4390551,11,0,11
5714,74462,-95.12622898,35.25346704,8,2,10
5715,73459,-97.1430918,33.7936779,2,1,3
5716,74834,-96.8814445,35.7021084,10,2,12
5717,74079,-96.6558754,35.74769,8,0,8
5718,73446,-96.7692583,34.0931902,6,1,7
5719,74030,-96.6030507,35.9882274,4,5,9
5720,73572,-98.3078112,34.3582415,4,1,5
5721,73456,-97.5928438,34.179094,1,1,2
5722,54801,-91.8892269,45.8279807,6,3,9
5723,73532,-99.5713477,34.6616548,1,0,1
5724,74849,-96.75185349,34.95797464,4,2,6
5725,73064,-97.712567,35.3909975,20,0,20
5726,53151,-88.1178395,42.9707865,71,0,71
5727,73028,-97.5957717,35.9539883,4,3,7
5728,73669,-98.7487011,35.7443296,2,0,2
5729,74084,-96.3306284,36.5464391,1,0,1
5730,73832,-99.7705791,36.1343318,8,0,8
5731,73044,-97.4223297,35.8762328,17,22,39
5732,74361,-95.3154735,36.309006,18,3,21
5733,73463,-97.4247281,34.1618482,4,0,4
5734,73645,-99.8663088,35.21544439,1,0,1
5735,54180,-88.15866757,44.32200404,1,8,9
5736,57551,-101.7340486,43.17557393,2,0,2
5737,99022,-117.6830306,47.57203117,4,0,4
5738,56082,-93.9580312,44.321559,12,0,12
5739,28613,-81.21742214,35.70839524,24,4,28
5740,59201,-105.6383488,48.0877267,11,2,13
5741,55415,-93.26588838,44.9773167,902,0,902
5742,56055,-94.21882945,44.10713117,3,6,9
5743,27949,-75.71464954,36.10093147,10,0,10
5744,43964,-80.60157457,40.46782762,10,1,11
5745,23847,-77.54214401,36.68651809,22,0,22
5746,99336,-119.1207105,46.20298902,90,0,90
5747,56302,-94.16200947,45.56038983,57,4,61
5748,63365,-90.88129998,38.70905122,3,10,13
5749,65327,-93.49450756,38.97237768,1,4,5
5750,68509,-96.69886002,40.7714533,491,0,491
5751,89711,-119.7640885,39.1539671,53,0,53
5752,84157,-111.8874883,40.66240706,74,0,74
5753,29379,-81.6277493,34.7227935,34,0,34
5754,29847,-81.84231071,33.74267181,1,0,1
5755,29520,-79.8840331,34.6988731,22,0,22
5756,29461,-80.0055909,33.1951896,26,0,26
5757,29935,-80.6914964,32.3836275,19,0,19
5758,29164,-81.3628697,33.6510102,3,2,5
5759,29482,-79.8511856,32.7594874,8,0,8
5760,29101,-80.25750802,34.4679412,1,0,1
5761,29510,-79.56086424,33.45302228,9,0,9
5762,29581,-79.1472915,34.2331309,3,0,3
5763,29691,-83.0654288,34.7652695,14,3,17
5764,29180,-81.0869149,34.3802084,25,0,25
5765,29530,-79.7485287,33.9715075,2,0,2
5766,29356,-82.18810152,35.17560066,9,0,9
5767,29577,-78.8820741,33.6977464,179,0,179
5768,29630,-82.7878719,34.7154196,10,0,10
5769,29678,-82.95186637,34.6862887,34,0,34
5770,39038,-90.4882346,33.1750978,7,4,11
5771,17701,-77.0023715,41.240838,11,0,11
5772,38637,-90.0473776,34.9621765,50,0,50
5773,39338,-89.2602336,32.068435,1,0,1
5774,39421,-89.74286446,31.49639718,1,2,3
5775,39480,-89.2746883,31.7576187,1,4,5
5776,39140,-89.97838841,31.73075787,1,1,2
5777,39040,-90.3653199,32.6415571,1,5,6
5778,38663,-88.9495362,34.7267537,11,0,11
5779,39750,-89.08636445,33.55602592,2,2,4
5780,39157,-90.1356493,32.4209395,68,1,69
5781,39232,-90.091748,32.3334261,45,1,46
5782,51466,-95.0936114,42.27045859,0,0,0
5783,38611,-89.68753385,34.86763643,8,3,11
5784,39341,-88.5615878,33.1077604,9,6,15
5785,38863,-89.01088497,34.24883806,14,6,20
5786,18707,-75.9056334,41.1350519,8,0,8
5787,19530,-75.735304,40.5317951,30,0,30
5788,15074,-80.1905344,40.7262536,7,4,11
5789,15202,-80.0674092,40.5008026,6,6,12
5790,88023,-108.1318042,32.75859149,6,0,6
5791,88001,-106.778216,32.3170507,167,0,167
5792,88201,-104.5242111,33.39404335,80,0,80
5793,88030,-107.7509292,32.2690588,35,0,35
5794,87710,-105.2913549,36.40378884,5,0,5
5795,87413,-107.979807,36.719897,21,0,21
5796,88061,-108.2745512,32.7759057,28,0,28
5797,79015,-101.9272864,34.9805994,20,0,20
5798,75756,-95.61525403,32.30236539,4,5,9
5799,76476,-97.9197725,32.389682,0,6,6
5800,75119,-96.6272401,32.3264233,34,0,34
5801,75442,-96.360705,33.1648309,8,1,9
5802,75152,-96.66914228,32.43124805,9,0,9
5803,78552,-97.7586568,26.2038123,5,2,7
5804,78566,-97.4783312,26.0730227,14,0,14
5805,79521,-99.733592,33.1588663,3,2,5
5806,76102,-97.3357275,32.7569691,1489,42,1531
5807,78209,-98.4588832,29.4752122,14,1,15
5808,76210,-97.0611437,33.1475768,29,0,29
5809,78109,-98.3109811,29.5154982,29,0,29
5810,77619,-93.918606,29.9459822,21,3,24
5811,75115,-96.8426342,32.5891172,68,1,69
5812,77534,-95.34886002,29.22404566,3,0,3
5813,76554,-97.34706096,30.98183999,1,0,1
5814,75844,-95.4800035,31.4907285,2,5,7
5815,78945,-96.8672362,29.9085289,9,3,12
5816,19607,-75.9580359,40.2978354,7,0,7
5817,19560,-75.9237315,40.4150063,29,0,29
5818,18960,-75.33740343,40.36182953,13,0,13
5819,15209,-79.9736414,40.4811011,4,6,10
5820,19030,-74.8593627,40.1824916,52,0,52
5821,18434,-75.5678409,41.4723238,2,7,9
5822,18840,-76.516088,41.980867,9,6,15
5823,19547,-75.7769133,40.382179,6,1,7
5824,17846,-76.5306727,41.1182574,1,9,10
5825,15037,-79.8548971,40.3078559,1,7,8
5826,16912,-77.0650933,41.6808793,2,3,5
5827,19015,-75.3919345,39.8765653,8,8,16
5828,15133,-79.8708786,40.3422019,4,12,16
5829,19015,-75.3819454,39.8568148,4,4,8
5830,17949,-76.2483922,40.7930537,1,1,2
5831,19468,-75.5407789,40.2397216,20,0,20
5832,19083,-75.3040788,39.9758941,69,0,69
5833,15234,-80.0091246,40.3675206,12,0,12
5834,16150,-80.4753998,41.2634219,5,6,11
5835,88301,-105.8763083,33.643116,2,1,3
5836,16652,-78.0130808,40.4858058,12,0,12
5837,17020,-77.036357,40.389646,1,5,6
5838,17857,-76.79438382,40.89142104,5,4,9
5839,15205,-80.0665573,40.4348424,9,0,9
5840,16145,-80.0823885,41.3496642,1,0,1
5841,16335,-80.2027519,41.6168302,4,2,6
5842,15223,-79.9440894,40.4996732,7,1,8
5843,16646,-78.7111776,40.6653,1,3,4
5844,15909,-78.83999758,40.44418341,2,6,8
5845,17970,-76.190936,40.7199686,6,6,12
5846,19506,-76.1129184,40.4310553,0,5,5
5847,15001,-80.2462473,40.6179532,18,0,18
5848,18235,-75.76720322,40.78416491,3,1,4
5849,18232,-75.8846643,40.832228,4,4,8
5850,19503,-75.5901612,40.3997764,2,3,5
5851,19540,-75.9718234,40.2214944,6,6,12
5852,15001,-80.263549,40.592458,14,4,18
5853,15005,-80.1836586,40.6574272,13,5,18
5854,18966,-75.0370165,40.1712023,22,0,22
5855,18624,-75.5791188,41.0457627,10,0,10
5856,15010,-80.2909236,40.7965867,1,6,7
5857,19540,-75.971509,40.2800534,24,0,24
5858,18951,-75.3361811,40.4424245,17,0,17
5859,17042,-76.4132985,40.2754348,8,2,10
5860,18704,-75.9056929,41.264435,4,7,11
5861,76471,-98.9646383,32.09681369,1,1,2
5862,78022,-98.1154228,28.3310105,5,0,5
5863,79005,-100.5391294,36.4526155,1,1,2
5864,76705,-97.1029971,31.6236683,13,4,17
5865,76635,-96.6489236,31.7551601,2,0,2
5866,76524,-97.2464531,31.3062096,3,2,5
5867,78118,-97.9026736,28.88527794,6,0,6
5868,76458,-98.15959128,33.21854167,9,1,10
5869,75453,-95.9410977,32.9959283,3,0,3
5870,75474,-96.0137599,32.9030332,5,0,5
5871,77573,-95.0957039,29.5023664,93,0,93
5872,76643,-97.20871,31.444328,22,0,22
5873,76093,-97.3797547,32.2354229,6,0,6
5874,76557,-97.3624693,31.308051,2,0,2
5875,75501,-94.04338585,33.4208424,94,0,94
5876,76567,-97.0023734,30.6555199,11,0,11
5877,78009,-98.8770023,29.3562312,9,0,9
5878,76028,-97.3246955,32.5424269,53,0,53
5879,79031,-102.4092035,34.2326305,2,0,2
5880,75460,-95.5247059,33.6491248,54,0,54
5881,79735,-102.879379,30.886199,17,0,17
5882,76424,-98.9035596,32.7565076,11,0,11
5883,76629,-96.6742566,31.1647002,2,1,3
5884,77859,-96.5971442,30.8801689,12,0,12
5885,79101,-101.8347833,35.2101764,311,0,311
5886,77630,-93.7381524,30.0915228,42,0,42
5887,75684,-94.9805069,32.2650899,6,0,6
5888,75966,-93.7619089,30.8506021,3,0,3
5889,76043,-97.7559662,32.2359039,1,0,1
5890,76067,-98.1133047,32.8078909,30,0,30
5891,75417,-95.213502,33.4702891,2,1,3
5892,75968,-93.9740408,31.2494443,2,0,2
5893,77055,-95.5154597,29.7873656,18,5,23
5894,77354,-95.74530823,30.21424678,11,0,11
5895,77040,-95.5705572,29.8838363,23,0,23
5896,77357,-95.1630745,30.1786404,7,7,14
5897,75757,-95.32142342,32.1385649,6,0,6
5898,76367,-98.6671058,33.9511376,12,0,12
5899,78613,-97.8245392,30.5202223,72,0,72
5900,77469,-95.5858948,29.4909574,1,0,1
5901,76016,-97.1557739,32.7021184,13,1,14
5902,29072,-81.2507106,33.978781,249,6,255
5903,29440,-79.2871982,33.3770396,78,0,78
5904,29835,-82.2945008,33.9094801,13,0,13
5905,15208,-79.897328,40.4508127,202,0,202
5906,15078,-80.3908517,40.3545233,1,11,12
5907,15601,-79.5467978,40.2768252,2,8,10
5908,51544,-95.100545,41.31672,0,0,0
5909,18640,-75.8130145,41.2983765,2,7,9
5910,15116,-79.9698218,40.5242144,27,0,27
5911,15024,-79.8552624,40.621331,12,5,17
5912,18706,-75.934265,41.2260438,16,0,16
5913,18702,-75.8711947,41.227173,16,24,40
5914,15068,-79.6896902,40.5542191,2,2,4
5915,18640,-75.7723163,41.3286626,1,13,14
5916,15905,-78.9416255,40.3164966,11,8,19
5917,19029,-75.2935295,39.8675724,15,2,17
5918,19061,-75.4078734,39.8296354,6,11,17
5919,17331,-76.9690042,39.7941718,19,0,19
5920,17402,-76.6702415,39.9910542,32,0,32
5921,18436,-75.4864956,41.4219785,0,3,3
5922,18067,-75.4901357,40.683671,11,6,17
5923,15085,-79.7604041,40.3858021,2,6,8
5924,15956,-78.7914276,40.3658526,2,0,2
5925,15136,-80.0713349,40.4706328,7,9,16
5926,15144,-79.7783747,40.5421643,2,7,9
5927,76366,-98.6959599,33.8160853,3,2,5
5928,76802,-98.9451059,31.7431349,7,2,9
5929,75941,-94.7809758,31.1877674,14,10,24
5930,78064,-98.49159033,28.95774914,18,0,18
5931,77418,-96.2556806,29.9490895,11,0,11
5932,76020,-97.5362469,32.8830594,24,0,24
5933,13032,-75.7519668,43.0777998,6,7,13
5934,10709,-73.811266,40.9555477,46,0,46
5935,13365,-74.8555205,43.0445452,11,7,18
5936,13619,-75.6228682,43.9734328,0,7,7
5937,11980,-72.9181527,40.8207685,2622,0,2622
5938,13617,-75.1710861,44.5951726,8,0,8
5939,12589,-74.1809478,41.6041635,6,13,19
5940,14489,-76.9914766,43.0646754,7,4,11
5941,12816,-73.3778082,43.0372242,6,15,21
5942,12834,-73.503087,43.0915344,6,15,21
5943,14770,-78.3402149,42.038545,1,5,6
5944,14731,-78.6733249,42.2754011,3,5,8
5945,10803,-73.8042593,40.8905125,28,0,28
5946,10975,-74.173027,41.2475889,12,0,12
5947,10940,-74.4218618,41.4455984,73,0,73
5948,12550,-74.0632556,41.5316398,60,0,60
5949,10992,-74.16443324,41.4281791,16,2,18
5950,14414,-77.74619221,42.91084062,5,6,11
5951,14127,-78.7434429,42.766448,32,0,32
5952,14105,-78.476752,43.2122882,3,5,8
5953,14012,-78.5531105,43.3298342,0,7,7
5954,14614,-77.6119197,43.1518909,703,0,703
5955,10918,-74.2755675,41.3398372,14,5,19
5956,14617,-77.58164587,43.21248414,57,0,57
5957,14103,-78.3871862,43.2188822,11,2,13
5958,13317,-74.5752365,42.9063048,5,9,14
5959,13452,-74.6768452,42.9997369,4,8,12
5960,11568,-73.6060089,40.7807434,26,0,26
5961,13440,-75.4553425,43.2135551,76,10,86
5962,12144,-73.7313,42.6173611,24,0,24
5963,39530,-88.9055908,30.4110921,38,0,38
5964,39113,-91.0525987,32.9025877,2,2,4
5965,39090,-89.5907607,33.0597125,8,1,9
5966,38655,-89.5222781,34.3678967,25,4,29
5967,39470,-89.5804683,30.7234379,38,12,50
5968,80203,-104.9853152,39.7376905,0,0,0
5969,17815,-76.4572541,41.0032578,6,5,11
5970,17745,-77.4424454,41.1376414,8,0,8
5971,17044,-77.5769452,40.5972658,5,2,7
5972,17233,-77.99818457,39.93444705,2,1,3
5973,18109,-75.4339817,40.651862,9,6,15
5974,16915,-78.0203183,41.7748508,1,1,2
5975,18042,-75.21724841,40.6880907,53,16,69
5976,16749,-78.4639729,41.7965656,6,2,8
5977,17101,-76.881976,40.2585524,36,7,43
5978,17257,-77.52264299,40.0580347,17,0,17
5979,17110,-76.85928211,40.29750977,4458,0,4458
5980,97338,-123.3157243,44.9210619,25,0,25
5981,97031,-121.5136903,45.7077613,19,3,22
5982,97830,-120.2169554,44.99825271,3,4,7
5983,97836,-119.561633,45.35906806,14,5,19
5984,97405,-123.0303215,44.00865072,7,0,7
5985,87301,-108.74263,35.508792,35,0,35
5986,88101,-103.2059012,34.40520079,16,0,16
5987,02210,-71.03097077,42.34436477,0,0,0
5988,77515,-95.4077722,29.2430112,127,15,142
5989,78237,-98.5669473,29.43171337,32,6,38
5990,76104,-97.3271193,32.7271391,45,0,45
5991,76449,-98.4496929,32.8899777,1,0,1
5994,76384,-99.2838593,34.1531847,7,0,7
5995,79056,-100.2701191,36.233481,5,1,6
5996,70130,-90.0668924,29.9553282,0,0,0
5997,75180,-96.6231991,32.7271859,3,0,3
6001,76019,-97.1243281,32.7305236,38,0,38
6002,75038,-96.967816,32.8705014,18,3,21
6003,75243,-96.7308119,32.9221234,21,5,26
6004,75080,-96.7468556,32.99093227,22,0,22
6005,76114,-97.3920751,32.7606211,2,0,2
6006,79235,-101.3338146,33.9851787,3,1,4
6008,76102,-97.330785,32.7502137,59,0,59
6009,75501,-94.04361037,33.42075148,39,1,40
6011,75020,-96.6341052,33.7061864,4,5,9
6013,79068,-101.3815681,35.3456441,6,0,6
6014,79843,-104.0208967,30.3135458,5,5,10
6015,78636,-98.399773,30.269941,11,0,11
6016,76531,-98.1287872,31.6920967,14,0,14
6017,78377,-97.27591868,28.2964461,15,0,15
6018,75901,-94.6948855,31.3375717,46,0,46
6019,77418,-96.26308246,29.9581046,38,12,50
6020,75801,-95.618856,31.7646282,39,17,56
6021,79325,-103.0393853,34.3856695,6,0,6
6022,75601,-94.7391066,32.4969618,95,0,95
6023,02879,-71.5104776,41.4627052,53,0,53
6024,13754,-75.42578215,42.06055847,3,9,12
6025,13039,-76.11573852,43.16935864,14,11,25
6026,13057,-76.07069444,43.06457584,10,5,15
6027,14470,-78.0253913,43.224001,2,12,14
6028,12508,-73.9784759,41.5080505,34,0,34
6029,13838,-75.3910482,42.3168754,9,0,9
6030,14551,-77.0616593,43.2353929,1,3,4
6031,12428,-74.395961,41.7182304,10,10,20
6032,14891,-76.8740709,42.3809841,6,8,14
6033,11768,-73.3474768,40.9005596,15,4,19
6034,12528,-73.964333,41.7170815,10,10,20
6035,11964,-72.3385977,41.069592,9,0,9
6036,11968,-72.3936894,40.8877377,33,2,35
6037,12974,-73.45875569,44.04332337,2,1,3
6038,12547,-73.9619731,41.6376907,9,18,27
6039,12118,-73.6851644,42.9039435,12,10,22
6040,13350,-74.9860193,43.0268102,21,7,28
6041,12188,-73.6784996,42.7904884,9,0,9
6042,10532,-73.8071809,41.108338,270,0,270
6043,12472,-74.0597422,41.8643807,3,9,12
6044,10536,-73.7146464,41.3074333,0,19,19
6045,13219,-76.2484082,43.045401,24,2,26
6046,12520,-74.02149197,41.44359131,4,13,17
6047,11780,-73.195149,40.899536,3,15,18
6048,13502,-75.23340098,43.10410739,179,0,179
6049,12180,-73.67141565,42.75053567,121,0,121
6050,38639,-90.4558048,34.3203415,4,1,5
6051,39759,-88.8158685,33.4630579,47,0,47
6052,17057,-76.7323419,40.1948706,15,5,20
6053,16347,-79.0324658,41.7021848,2,0,2
6054,78832,-100.4178824,29.31146829,12,6,18
6056,78852,-100.4599061,28.7192862,42,0,42
6057,77469,-95.7533894,29.5735733,400,0,400
6058,79244,-100.8214846,34.0139204,2,0,2
6060,76904,-100.502947,31.35737452,2,0,2
6063,75165,-96.84792,32.3838288,87,8,95
6064,70114,-90.0158125,29.9413573,0,0,0
6065,75833,-95.9743569,31.258399,22,0,22
6068,78752,-97.7244506,30.3266214,3529,0,3529
6070,76877,-98.7149466,31.1952521,4,0,4
6071,76048,-97.8050145,32.4444897,43,0,43
6072,79347,-102.7270985,34.22388136,6,0,6
6073,75207,-96.8150634,32.7776864,449,102,551
6074,12307,-73.9402193,42.8099703,164,1,165
6075,11901,-72.6725946,40.9146382,270,0,270
6076,12072,-74.3318842,42.9337257,24,5,29
6077,14202,-78.8794237,42.8841871,129,8,137
6078,14020,-78.19938288,43.01488905,49,0,49
6079,13163,-75.7057715,43.08036009,30,18,48
6080,18085,-75.253175,40.7406095,1,3,4
6081,87532,-106.1007834,36.0094041,27,0,27
6082,87571,-105.5724968,36.4094851,24,20,44
6083,78014,-99.23668555,28.4357156,10,1,11
6084,29162,-80.0198335,33.88955789,3,0,3
6085,29488,-80.6599994,32.9010305,63,1,64
6086,29078,-80.6808664,34.2262736,61,0,61
6087,29203,-80.97273526,34.09818555,6,0,6
6088,15132,-79.8272767,40.3445516,5,1,6
6089,17837,-76.9071326,40.9605283,8,0,8
6090,18704,-75.8730733,41.2849388,2,10,12
6091,19061,-75.4588347,39.8571969,23,5,28
6092,18702,-75.7967534,41.2913901,3,7,10
6093,17101,-76.8833744,40.2598231,155,0,155
6094,18407,-75.556186,41.6106746,1,2,3
6095,17055,-76.986132,40.1848582,20,0,20
6096,17032,-76.9319047,40.4696626,1,6,7
6097,16417,-80.3176499,42.0010485,4,7,11
6098,15845,-78.6819929,41.4984174,2,6,8
6099,16236,-79.52307832,40.77940105,0,6,6
6100,18014,-75.4022108,40.781047,7,11,18
6101,17043,-76.8937931,40.2413885,10,3,13
6102,17566,-76.1611335,39.8922849,4,3,7
6103,17109,-76.8053575,40.2978148,62,0,62
6104,17034,-76.7737899,40.2043302,6,7,13
6105,17057,-76.765987,40.2202279,17,4,21
6106,19087,-75.373021,40.0363468,45,0,45
6107,19464,-75.6522116,40.2456961,47,0,47
6108,17013,-77.19443,40.2064259,33,0,33
6109,18015,-75.38905159,40.58631594,14,6,20
6110,17061,-76.9618965,40.5384715,4,6,10
6111,17754,-76.9220975,41.2579019,6,6,12
6112,19440,-75.2862587,40.2851694,26,0,26
6113,16373,-79.7092828,41.1777743,2,0,2
6114,15090,-80.0197894,40.5911468,28,0,28
6115,15108,-80.1047576,40.4798803,10,0,10
6116,18088,-75.55281257,40.77443421,12,0,12
6117,17702,-76.9985723,41.2318203,7,2,9
6118,17601,-76.2984014,40.0765713,55,0,55
6119,15101,-79.9341268,40.5820469,18,4,22
6120,18013,-75.206529,40.8674673,9,11,20
6121,15323,-80.4498832,40.1150239,2,2,4
6122,16365,-79.2047947,41.841201,4,0,4
6123,16749,-78.4432267,41.8093547,2,5,7
6124,15857,-78.5573343,41.4304857,15,2,17
6125,17325,-77.13132219,39.81057469,1,0,1
6126,16105,-80.3346532,41.0509259,8,2,10
6127,17320,-77.3814991,39.7608564,4,1,5
6128,17316,-77.0621493,39.9400377,3,0,3
6129,97048,-122.93629,46.0889513,5,0,5
6130,97720,-119.0549145,43.58387092,4,0,4
6131,97459,-124.2257484,43.4075296,17,0,17
6132,97520,-122.69824,42.1943736,27,1,28
6133,97882,-119.3482253,45.91632134,10,1,11
6134,97862,-118.38572,45.9281105,10,0,10
6135,97141,-123.841543,45.4566532,9,0,9
6136,97423,-124.1892836,43.1822133,6,0,6
6137,97496,-123.4159615,43.1217221,8,0,8
6138,97537,-123.1679843,42.43424683,4,0,4
6139,97016,-123.2044219,46.10324996,5,1,6
6140,97720,-119.0723904,43.61137547,3,1,4
6141,88135,-103.049692,34.3902492,2,0,2
6142,87004,-106.5310412,35.34345761,13,0,13
6144,75701,-95.2852042,32.3368402,5,0,5
6146,77465,-96.22746314,28.71337184,2,0,2
6148,79756,-102.8934071,31.5872218,1,0,1
6149,78412,-97.3290393,27.7135484,16,0,16
6150,77449,-95.74005676,29.80219282,36,3,39
6151,13655,-74.6718553,44.97716036,16,0,16
6152,10005,-74.01051914,40.70825034,95,0,95
6154,75801,-95.6340522,31.76381769,1,0,1
6158,11735,-73.42745107,40.7541038,17,0,17
6159,10465,-73.80118,40.8091911,6,1,7
6160,14260,-78.7806804,42.998654,61,0,61
6161,79092,-102.4276629,35.2466546,6,0,6
6162,79772,-103.5112726,31.3987636,19,0,19
6163,54025,-92.6735643,45.1237821,5,10,15
6164,43515,-84.0031682,41.5779251,7,1,8
6165,45873,-84.38071013,41.09564049,1,6,7
6166,45390,-84.80228494,40.20042061,5,2,7
6167,54494,-89.7660759,44.3728105,5,4,9
6168,56537,-96.07541078,46.27898701,23,0,23
6169,24382,-81.084375,36.9469565,39,6,45
6170,44460,-80.8556994,40.8995461,23,0,23
6171,43764,-82.2084482,39.7139332,11,1,12
6172,28134,-80.89270571,35.08600043,32,2,34
6173,45879,-84.5797583,41.136677,4,8,12
6174,43449,-83.1453042,41.5667802,5,4,9
6175,53029,-88.36799151,43.11993339,8,4,12
6176,56101,-95.1194867,43.8656461,8,0,8
6177,27882,-78.11106421,35.94492081,6,7,13
6178,59201,-105.6430606,48.08969361,7,0,7
6179,57313,-98.3461733,43.3171162,1,0,1
6180,25635,-81.87371409,37.74318647,3,1,4
6181,45679,-83.57034649,38.94132348,2,0,2
6182,43952,-80.6105315,40.3612405,30,0,30
6183,27229,-79.74603341,35.29308835,5,1,6
6184,23223,-77.42308063,37.54618513,424,0,424
6185,57049,-96.48712134,42.52416287,6,2,8
6186,23803,-77.4024843,37.2311007,82,0,82
6187,44122,-81.4987721,41.4872456,44,0,44
6188,23510,-76.2912994,36.8488583,772,0,772
6189,07410,-74.13224853,40.93634627,63,0,63
6190,28465,-78.1160808,33.913066,24,2,26
6191,27817,-77.09758363,35.51443961,3,2,5
6192,28461,-78.0674167,34.0312132,8,3,11
6193,27909,-76.2144351,36.2796003,7,0,7
6194,98110,-122.5137845,47.62465712,23,6,29
6195,55009,-92.9091726,44.514925,9,0,9
6196,54665,-90.88531668,43.57703319,26,26,52
6197,03874,-70.86045102,42.88411971,27,2,29
6198,98903,-120.4774509,46.5669258,18,0,18
6199,05735,-73.17677544,43.61221444,3,6,9
6200,55904,-92.46078955,44.0196395,125,0,125
6201,55731,-91.8635439,47.9025934,7,0,7
6202,24641,-81.8001783,37.0957874,19,0,19
6203,57017,-96.8135944,43.9834221,1,1,2
6204,55971,-91.75501893,43.80650676,3,3,6
6205,28327,-79.4170319,35.3452301,74,12,86
6206,54448,-89.8415908,44.9317128,2,6,8
6207,63362,-90.92489753,38.94024485,7,3,10
6208,43724,-81.5134038,39.7430708,7,1,8
6209,84003,-111.7969003,40.3786031,33,0,33
6210,45804,-84.1448768,40.7068436,11,3,14
6211,63851,-89.74845771,36.23089781,8,2,10
6212,37885,-84.24573699,35.59114004,10,0,10
6213,59014,-108.9100299,45.29541847,2,0,2
6214,44146,-81.4975414,41.406056,35,0,35
6215,59230,-106.6378469,48.1927418,7,0,7
6216,56309,-95.8185405,46.0929075,1,2,3
6217,68073,-96.39675343,41.24503546,2,0,2
6218,44410,-80.7421567,41.2900486,6,7,13
6219,07505,-74.1707739,40.9192693,497,0,497
6220,98225,-122.4802167,48.756667,111,0,111
6221,08008,-74.24128702,39.5630485,10,0,10
6222,07036,-74.2552749,40.6316791,133,0,133
6223,07728,-74.26821419,40.26050232,35,2,37
6224,03862,-70.83064656,42.97366162,12,0,12
6225,07512,-74.2178751,40.903589,28,0,28
6226,03278,-71.8301611,43.2885365,4,1,5
6227,08736,-74.0486087,40.1217156,18,0,18
6228,03275,-71.4538668,43.1435946,10,0,10
6229,03076,-71.3252938,42.7324795,19,4,23
6230,08822,-74.8732642,40.5032585,34,0,34
6231,08322,-75.0634154,39.5951396,29,1,30
6232,03110,-71.50433566,42.957427,35,4,39
6233,07423,-74.1088731,40.9988673,16,0,16
6234,08021,-74.9892541,39.8076835,15,0,15
6235,08016,-74.828616,40.0679243,45,16,61
6236,07095,-74.2761518,40.5552453,206,0,206
6237,08502,-74.6589235,40.4557437,29,0,29
6238,08083,-75.018507,39.8402609,6,6,12
6239,08096,-75.1232381,39.8274927,70,0,70
6240,07416,-74.589835,41.1107629,15,0,15
6241,25177,-81.83812396,38.38687761,21,0,21
6242,38344,-88.4271045,36.000095,12,3,15
6243,07920,-74.5461736,40.6977957,39,0,39
6244,08069,-75.46958066,39.73022667,16,0,16
6245,07508,-74.1735576,40.9348139,15,0,15
6246,23669,-76.344264,37.028386,232,2,234
6247,07922,-74.44269557,40.68182037,27,0,27
6248,07762,-74.0349842,40.1547663,13,0,13
6249,07405,-74.3792703,40.9962707,16,1,17
6250,05676,-72.75583526,44.33662053,2,4,6
6251,98922,-120.9258569,47.1930529,8,0,8
6252,37879,-83.5684574,36.4566642,6,0,6
6253,64163,-94.66641921,39.31227313,1,2,3
6254,98802,-120.2895806,47.41736082,21,0,21
6255,37160,-86.461198,35.4847143,41,0,41
6256,38221,-88.0855679,36.2348882,2,0,2
6257,58474,-98.0938731,46.13765735,3,0,3
6258,07480,-74.36909905,41.12950196,47,0,47
6259,03038,-71.32909192,42.89351124,56,0,56
6260,08037,-74.80066454,39.63590438,34,0,34
6261,08030,-75.12299921,39.89797579,30,0,30
6262,84078,-109.500497,40.4140715,6,1,7
6263,08831,-74.4390233,40.3453519,13,2,15
6264,27316,-79.65404851,35.73236099,8,0,8
6265,23456,-76.0582765,36.7536586,813,0,813
6266,24448,-79.79191839,37.80030782,1,0,1
6267,37743,-82.830243,36.1627328,57,9,66
6268,38036,-89.6161332,35.3260027,5,1,6
6269,55092,-92.9498075,45.3332648,6,0,6
6270,56265,-95.7273115,44.9486718,10,6,16
6271,38068,-89.35101591,35.24501408,12,0,12
6272,27203,-79.8120038,35.7034699,77,0,77
6273,37318,-86.01072885,35.16575171,6,4,10
6274,37324,-86.0763907,35.2095509,12,0,12
6275,37330,-86.12688254,35.26831238,6,2,8
6276,22844,-78.6711127,38.6463802,5,0,5
6277,37345,-86.26879141,35.05420722,4,2,6
6278,24019,-80.0213825,37.32145222,135,0,135
6279,56601,-94.88328564,47.47398265,36,1,37
6280,37012,-86.0334841,36.0767305,3,0,3
6281,37166,-85.81207549,35.96108086,11,1,12
6282,38363,-88.1230837,35.6428047,5,0,5
6283,38343,-88.916304,35.8220291,26,0,26
6284,45144,-83.6092469,38.688836,3,2,5
6285,38358,-88.7578279,35.9016629,24,0,24
6286,73628,-99.6710424,35.6132345,8,0,8
6287,45693,-83.5460844,38.7953929,20,5,25
6288,37379,-85.1878612,35.246844,27,0,27
6289,54135,-88.65063482,44.88553369,8,2,10
6290,38039,-89.1862877,35.0487138,1,0,1
6291,38059,-89.2634093,36.1125971,13,0,13
6292,37708,-83.28394255,36.3443334,7,6,13
6293,24153,-80.05379038,37.29382414,99,11,110
6294,24528,-78.94237224,37.04741136,3,0,3
6295,44003,-80.5728935,41.6124376,3,7,10
6296,55965,-92.0850241,43.6777277,18,7,25
6297,98258,-122.0629,48.01783834,20,0,20
6298,56549,-96.3168765,46.8800559,3,4,7
6299,22520,-76.831897,38.096732,22,4,26
6300,99111,-117.3632505,46.88391894,6,4,10
6301,27312,-79.1659715,35.7204413,11,4,15
6302,24517,-79.28994518,37.11025412,12,0,12
6303,58368,-99.97752735,48.37368474,4,3,7
6304,44641,-81.2585761,40.8365556,9,7,16
6305,22427,-77.3458114,38.0513031,49,10,59
6306,43452,-82.9400117,41.5100478,50,0,50
6307,43812,-81.8658242,40.2757996,49,7,56
6308,28604,-81.8642101,36.166243,8,0,8
6309,28602,-81.3434022,35.7296305,114,1,115
6310,98366,-122.6387823,47.541239,20,1,21
6311,43907,-80.9981608,40.2731034,13,2,15
6312,58401,-98.7063134,46.90374516,28,0,28
6313,38556,-84.93251417,36.42729465,17,5,22
6314,58456,-98.949994,46.3018611,1,0,1
6315,58784,-102.3909041,48.31699735,2,0,2
6316,56353,-93.6429942,45.7536787,24,5,29
6317,45133,-83.61336817,39.20123999,16,0,16
6318,22630,-78.204913,38.907846,49,0,49
6319,03827,-70.9777547,42.8882156,1,9,10
6320,24293,-82.5847094,36.9815976,13,0,13
6321,22572,-76.75732272,37.95707121,11,5,16
6322,37033,-87.46582665,35.78150223,12,5,17
6323,45833,-84.3389105,40.843462,14,5,19
6324,23185,-76.7086848,37.2752498,36,0,36
6325,55016,-92.9535649,44.8340426,36,0,36
6326,58075,-96.6060086,46.2657703,14,2,16
6327,55075,-93.0375074,44.8914142,26,0,26
6328,55118,-93.0844408,44.8969542,30,0,30
6329,37642,-82.70565443,36.52275255,10,3,13
6330,38231,-88.4051924,36.21001,2,0,2
6331,63601,-90.48635773,37.83748827,5,0,5
6332,03873,-71.1876566,42.9260517,7,6,13
6333,56164,-96.3183379,43.99706024,11,1,12
6334,89030,-115.1244534,36.19529718,471,5,476
6335,25414,-77.86157723,39.28973151,16,0,16
6336,38570,-85.3235151,36.3954097,24,0,24
6337,26757,-78.7526891,39.3399416,3,0,3
6338,69339,-103.4120267,42.6869713,3,1,4
6339,26301,-80.33866745,39.27930335,44,0,44
6340,24450,-79.43776308,37.7837616,16,0,16
6341,24228,-82.4563921,37.1503067,25,5,30
6342,37683,-81.8049536,36.4734051,9,2,11
6343,56172,-95.7563436,43.9843694,10,5,15
6344,43072,-83.9602274,40.1285092,4,12,16
6345,27048,-79.9063862,36.4673201,3,9,12
6346,68850,-99.7368135,40.779561,16,0,16
6347,63869,-89.52817979,36.58729918,12,0,12
6348,45174,-84.3096231,39.163956,5,4,9
6349,23430,-76.61167745,36.97763197,22,0,22
6350,22827,-78.61696403,38.40648352,6,0,6
6351,24558,-78.9290582,36.7651241,5,0,5
6352,63670,-90.05580927,37.96590848,39,2,41
6353,45036,-84.2092854,39.4353292,28,0,28
6354,64650,-94.03750258,39.64336683,6,2,8
6355,54487,-89.73271947,45.4717506,7,0,7
6356,65584,-92.13750549,37.81402739,19,2,21
6357,83001,-110.7602515,43.4778,27,0,27
6358,45449,-84.2487972,39.6724784,25,0,25
6359,64776,-93.701277,38.0469616,18,0,18
6360,44491,-80.97539784,41.39282332,1,3,4
6361,58301,-98.86670749,48.10734805,15,0,15
6362,59912,-114.183341,48.3729812,9,0,9
6363,56277,-94.9822799,44.7761224,5,7,12
6364,98020,-122.3751951,47.8118969,56,1,57
6365,25276,-81.34926899,38.80239578,6,0,6
6366,59758,-111.1015266,44.65820903,5,0,5
6367,65656,-93.465384,36.8050292,44,0,44
6368,98260,-122.4067615,48.040171,4,0,4
6369,98532,-122.9692976,46.6612266,45,0,45
6370,98629,-122.6716017,45.8631893,9,0,9
6371,98057,-122.20471,47.475014,122,0,122
6372,24277,-83.01800173,36.76804648,26,0,26
6373,37380,-85.7053169,35.0134027,8,1,9
6374,63624,-90.6149787,37.69181157,1,3,4
6375,99133,-119.0047569,47.9417069,7,0,7
6376,98188,-122.2555417,47.46323672,66,0,66
6377,98409,-122.4726379,47.2251036,371,0,371
6378,98564,-122.4825678,46.52856669,2,0,2
6379,98360,-122.200357,47.09501004,9,0,9
6380,05091,-72.5077435,43.6268504,14,9,23
6381,23487,-76.7426959,36.8080694,5,0,5
6382,23834,-77.410598,37.2541343,50,0,50
6383,08068,-74.6796139,39.9735361,5,2,7
6384,08562,-74.5887656,40.0753865,10,5,15
6385,64079,-94.7802429,39.3713573,83,0,83
6386,23061,-76.528923,37.4180444,81,0,81
6387,22560,-76.8597629,37.92758799,10,0,10
6388,23872,-77.7226046,36.9868838,1,2,3
6389,24588,-79.1023628,37.277548,58,7,65
6390,37150,-85.8512588,36.5333959,5,0,5
6391,03882,-71.04644662,43.79477283,2,1,3
6392,99115,-119.2938803,47.61093625,1,1,2
6393,37334,-86.5738019,35.1511846,23,0,23
6394,37144,-86.636609,35.3197061,2,3,5
6395,63379,-90.962594,38.9717975,61,0,61
6396,24151,-79.8924479,37.0130022,20,0,20
6397,37083,-86.0244988,36.5211902,16,0,16
6398,63901,-90.39230328,36.75713116,24,0,24
6399,24348,-81.1506423,36.62228803,2,3,5
6400,64759,-94.27883663,37.49469234,6,3,9
6401,23421,-75.65362672,37.78244186,3,1,4
6402,98201,-122.2076171,47.9775864,198,0,198
6403,37303,-84.5974195,35.4511702,29,4,33
6404,44135,-81.7665876,41.4442476,3,14,17
6405,64734,-94.59292523,38.67904816,2,1,3
6406,65565,-91.35612249,37.9662318,25,10,35
6407,59840,-114.1573775,46.2452518,13,0,13
6408,23924,-78.45935265,36.79886079,9,0,9
6409,56065,-93.9562724,43.9279954,3,2,5
6410,24112,-79.874775,36.6907559,52,0,52
6411,65466,-91.35819008,37.14842443,5,3,8
6412,37047,-86.8399499,35.3612231,3,3,6
6413,22482,-76.38020131,37.7097852,5,1,6
6414,44240,-81.3471577,41.1004706,13,0,13
6415,98501,-122.9116634,46.9847334,25,0,25
6416,44672,-81.0314781,40.93031569,5,7,12
6417,45218,-84.5223261,39.2716428,7,4,11
6418,43986,-81.00427665,40.36788784,1,0,1
6419,45142,-83.791504,39.2475488,3,2,5
6420,82325,-106.7940775,41.2079395,2,0,2
6421,99216,-117.2339096,47.6562974,101,0,101
6422,44730,-81.2838701,40.7863023,2,12,14
6423,37874,-84.4641398,35.5997557,18,8,26
6424,08825,-75.0608051,40.5276599,2,4,6
6425,54891,-90.8935523,46.67785529,21,2,23
6426,64075,-94.1287232,38.9957193,15,2,17
6427,59729,-111.7351773,45.3493894,1,0,1
6428,63830,-89.6580217,36.1887333,15,5,20
6429,82420,-108.4688873,44.88319831,1,1,2
6430,03253,-71.50316163,43.66997498,14,6,20
6431,84664,-111.5793702,40.13311146,7,3,10
6432,07719,-74.0703038,40.1533384,71,0,71
6433,28655,-81.6805138,35.7210453,86,15,101
6434,08831,-74.4413297,40.3268695,49,0,49
6435,28453,-78.05517025,34.89593949,2,1,3
6436,59330,-104.6852636,47.13082083,9,0,9
6437,28032,-81.0715644,35.2351586,12,6,18
6438,03451,-72.48154058,42.78692317,7,5,12
6439,59301,-105.8448959,46.4073549,6,0,6
6440,59457,-109.4304934,47.0616817,9,16,25
6441,59725,-112.634187,45.2155663,7,0,7
6442,44039,-82.0176894,41.386035,39,0,39
6443,59301,-105.8293846,46.4072493,15,0,15
6444,43056,-82.4527696,40.0172484,18,0,18
6445,63801,-89.5901701,36.8783368,68,0,68
6446,64098,-94.90250202,39.41168537,5,1,6
6447,58301,-98.86657617,48.1073534,6,0,6
6448,63074,-90.3823289,38.7286079,40,0,40
6449,27886,-77.53008694,35.88856729,4,3,7
6450,03431,-72.27975037,42.93449891,10,0,10
6451,82639,-106.6395385,43.71196923,1,0,1
6452,83110,-110.9339297,42.72513917,5,3,8
6453,03894,-71.2013613,43.5800639,12,0,12
6454,28043,-81.86866987,35.33223366,32,0,32
6455,44646,-81.4650114,40.7898514,23,4,27
6456,28128,-80.1208217,35.22531,7,5,12
6457,63863,-89.96504661,36.55737861,13,5,18
6458,26301,-80.32262022,39.25883187,5,0,5
6459,24701,-81.22674346,37.26797278,21,0,21
6460,26386,-80.34833142,39.37505953,1,4,5
6461,28741,-83.1986103,35.0540563,12,5,17
6462,64068,-94.41971247,39.24525918,115,0,115
6463,28630,-81.4310493,35.7977909,14,1,15
6464,38261,-89.0630447,36.4468765,24,0,24
6465,03071,-71.8601611,42.7583934,5,4,9
6466,03221,-71.9605121,43.2692637,3,2,5
6467,27021,-80.35909981,36.28220501,21,0,21
6468,07419,-74.5778754,41.15388462,8,1,9
6469,03825,-71.01143099,43.21520795,10,1,11
6470,89060,-115.9870479,36.2200827,108,2,110
6471,03856,-70.9397812,43.0367935,4,6,10
6472,98248,-122.5929726,48.84604482,18,0,18
6473,98936,-120.391415,46.5564595,4,0,4
6474,98947,-120.7545631,46.7024444,2,4,6
6475,74501,-95.7801149,34.9493246,16,0,16
6476,03032,-71.3435002,43.0070059,7,0,7
6477,03290,-71.1019892,43.1197525,6,0,6
6478,03048,-71.81185481,42.76756043,5,4,9
6479,03086,-71.7397247,42.8448083,6,4,10
6480,05733,-73.0888409,43.799686,6,3,9
6481,54817,-91.55557757,45.65667419,2,0,2
6482,54618,-90.26876142,43.91823592,1,1,2
6483,37338,-85.0788967,35.4455209,5,1,6
6484,54479,-90.2980057,44.7566047,3,6,9
6485,26201,-80.2276586,38.9944312,9,0,9
6486,65066,-91.50200188,38.34755485,7,0,7
6487,37887,-84.597822,36.1046738,16,1,17
6488,54830,-92.1121213,46.0359986,1,0,1
6489,54246,-86.9206392,45.3761026,2,0,2
6490,54601,-91.248577,43.8166179,95,0,95
6491,65052,-92.7117962,38.03762592,2,2,4
6492,64683,-93.61922096,40.07310994,12,2,14
6493,38574,-85.2654641,36.1459323,7,0,7
6494,53948,-90.0759593,43.79556463,45,4,49
6495,53406,-87.89327602,42.72589794,41,0,41
6496,64735,-93.77567334,38.36737693,22,0,22
6497,38001,-89.13214614,35.78215886,12,0,12
6498,54474,-89.6245728,44.8881465,10,0,10
6499,54455,-89.70138895,44.79259093,7,0,7
6500,65738,-93.4899927,37.1057059,23,9,32
6501,84535,-109.3422887,37.86880342,16,1,17
6502,44251,-81.9306969,41.0271121,1,4,5
6503,24590,-78.49488579,37.79869543,2,0,2
6504,63461,-91.52290224,39.79768125,6,0,6
6505,84720,-113.0584584,37.7161691,36,5,41
6506,65018,-92.56588107,38.62869651,6,5,11
6507,64724,-94.02727549,38.1902264,2,6,8
6508,07825,-74.98149778,40.98632149,6,1,7
6509,44256,-81.82495139,41.09215351,11,0,11
6510,84532,-109.5481788,38.57377195,16,0,16
6511,45066,-84.19556343,39.54737431,13,1,14
6512,07046,-74.4536532,40.885706,14,2,16
6513,08865,-75.1438735,40.6488456,14,0,14
6514,08533,-74.5232113,40.0666059,12,1,13
6515,65336,-93.556227,38.7665567,6,2,8
6516,63028,-90.3991839,38.2192435,28,0,28
6517,63019,-90.37735463,38.22099445,16,0,16
6518,84403,-111.9679398,41.1911932,25,0,25
6519,37172,-86.88395963,36.50595713,38,0,38
6520,03223,-71.64853254,43.84970923,5,3,8
6521,03266,-71.8201571,43.7955121,2,5,7
6522,22664,-78.5060161,38.8817721,68,15,83
6523,63011,-90.5411744,38.5961451,51,0,51
6524,63124,-90.3756272,38.6414543,28,0,28
6525,63670,-90.0477508,37.9781207,10,0,10
6526,65351,-93.41813194,38.96425006,3,1,4
6527,28659,-81.14493667,36.15982181,21,9,30
6528,63103,-90.1996136,38.6250588,1351,0,1351
6529,63042,-90.3540469,38.7861564,70,0,70
6530,56633,-94.61651225,47.36323449,3,1,4
6531,55027,-92.6236112,44.402989,2,6,8
6532,56447,-93.95605197,46.72986475,0,5,5
6533,44116,-81.8539028,41.4674029,33,0,33
6534,44615,-81.0889745,40.5716014,7,6,13
6535,37841,-84.5043688,36.5161886,17,0,17
6536,45840,-83.6524428,41.0380711,35,0,35
6537,53095,-88.17229076,43.42809211,68,18,86
6538,53140,-87.8241441,42.5853752,122,0,122
6539,54143,-87.716521,45.0534571,1,0,1
6540,45631,-82.2028129,38.8098437,11,10,21
6541,37327,-85.3875731,35.3726187,12,0,12
6542,43551,-83.6307462,41.5567018,32,0,32
6543,05345,-72.6541243,42.9859334,7,20,27
6544,43450,-83.460393,41.410146,2,7,9
6545,59865,-114.0945913,47.3181604,2,0,2
6546,08812,-74.46439268,40.59078797,18,0,18
6547,99357,-119.6191159,46.89961846,3,0,3
6548,28139,-81.95785277,35.36980695,74,6,80
6549,45363,-84.4141457,40.2339678,1,2,3
6550,08048,-74.79627179,39.96444076,24,0,24
6551,07059,-74.49126796,40.6182821,30,0,30
6552,27985,-76.46517957,36.20779513,1,3,4
6553,59701,-112.5382199,46.01502183,45,0,45
6554,45309,-84.4266839,39.8632806,4,21,25
6555,56378,-94.95383202,45.73639902,6,3,9
6556,53543,-90.37974384,43.04561245,1,1,2
6557,82053,-104.3593601,41.19159444,1,0,1
6558,99402,-117.0538199,46.3403062,12,0,12
6559,24901,-80.44515912,37.8032045,30,0,30
6560,26149,-80.90328635,39.49213171,6,0,6
6561,82644,-106.3859483,42.8530088,11,0,11
6562,63119,-90.3624943,38.60527787,9,0,9
6563,63867,-89.58549494,36.75893748,2,1,3
6564,27520,-78.45839254,35.6506814,42,5,47
6565,26070,-80.61305886,40.26969619,6,0,6
6566,43223,-83.0605971,39.9206211,11,1,12
6567,27525,-78.45802212,36.10374779,8,0,8
6568,59501,-109.7077907,48.55249393,11,0,11
6569,54767,-92.23761794,44.84501245,2,3,5
6570,58351,-99.25028742,48.06896426,4,0,4
6571,54110,-88.06289629,44.17758256,7,3,10
6572,25530,-82.5796778,38.399264,8,0,8
6573,44836,-83.04613734,41.25462102,2,5,7
6574,24874,-81.53804465,37.5839523,19,0,19
6575,82225,-104.4511706,42.76048053,4,0,4
6576,08822,-74.8608276,40.5125347,23,0,23
6577,63650,-90.62897443,37.59750211,12,0,12
6578,38225,-88.7083002,36.2914583,9,1,10
6579,05655,-72.61771067,44.59320804,10,10,20
6580,24015,-79.967946,37.2479593,8,0,8
6581,37148,-86.5204774,36.5873017,26,1,27
6582,44820,-82.9752099,40.8042428,20,0,20
6583,07660,-74.02526647,40.85816597,31,0,31
6584,24093,-80.85552482,37.37520356,1,0,1
6585,28512,-76.7400153,34.70077928,18,23,41
6586,28782,-82.24129482,35.21170591,8,5,13
6587,43845,-81.75082048,40.27618291,5,8,13
6588,63825,-89.93008267,36.88543464,3,7,10
6589,26206,-80.55861288,38.41163742,3,0,3
6590,45843,-83.5143463,40.8014951,2,6,8
6591,28339,-78.67667387,35.32633917,9,5,14
6592,44865,-82.6661294,40.9958957,3,13,16
6593,03586,-71.7990131,44.2141162,2,2,4
6594,73439,-96.71927621,33.99887593,7,0,7
6595,63436,-91.52950663,39.50809395,1,0,1
6596,28120,-81.0105242,35.2963387,29,0,29
6597,45247,-84.6533656,39.1861752,27,1,28
6598,43215,-83.0041169,39.9642495,1886,0,1886
6599,28584,-77.1212251,34.6892307,9,2,11
6600,22960,-78.101207,38.2427388,15,0,15
6601,44118,-81.5367725,41.4970093,30,0,30
6602,45176,-84.05122,39.0527582,6,6,12
6603,54520,-88.9040271,45.5685433,3,10,13
6604,44820,-82.939015,40.8146616,16,1,17
6605,27549,-78.29893849,36.09719428,13,2,15
6606,98951,-120.4181328,46.4462153,11,0,11
6607,26726,-78.9828594,39.4382862,5,2,7
6608,55109,-93.02125184,45.00359055,54,0,54
6609,08901,-74.4462632,40.4944384,138,0,138
6610,08060,-74.78958699,39.99307693,23,6,29
6611,08109,-75.0485863,39.9643062,90,0,90
6612,44622,-81.4757016,40.5226453,22,4,26
6613,44481,-80.8478765,41.3087884,8,0,8
6614,44481,-80.8545705,41.1654565,9,7,16
6615,44484,-80.7409446,41.2393174,18,1,19
6616,45601,-82.98268024,39.33412676,86,0,86
6617,56347,-94.8665481,45.9651538,6,5,11
6618,55802,-92.1052764,46.7838277,150,0,150
6619,57580,-99.8546235,43.3759956,6,0,6
6620,56584,-96.2585413,47.2609821,2,1,3
6621,57349,-97.5268957,44.0154098,3,0,3
6622,56081,-94.62521627,43.981179,9,0,9
6623,54143,-87.6366407,45.0695203,29,0,29
6624,54660,-90.5051194,43.9792618,20,0,20
6625,55014,-93.110296,45.1762108,27,0,27
6626,56024,-93.8891312,44.16564421,2,4,6
6627,53527,-89.1988541,43.0653795,12,4,16
6628,56484,-94.5783152,47.101354,3,1,4
6629,56474,-94.4054699,46.7190592,3,1,4
6630,54937,-88.48003281,43.80848797,12,0,12
6631,55946,-92.9847151,44.2717935,3,3,6
6632,54476,-89.5561815,44.908828,25,0,25
6633,54245,-87.8817086,44.0652244,1,0,1
6634,54732,-91.1493857,45.1685836,3,1,4
6635,55709,-93.4160222,47.2952168,2,5,7
6636,57456,-98.9400987,45.7232823,1,1,2
6637,57438,-99.12683156,45.03380343,1,0,1
6638,57719,-103.0646786,44.13335889,9,0,9
6639,53073,-87.9792916,43.7482534,16,2,18
6640,68651,-97.5465936,41.1795808,0,3,3
6641,73005,-98.2459055,35.0743108,16,5,21
6642,73048,-98.5776029,35.548566,2,2,4
6643,57039,-96.89290195,43.35450329,4,1,5
6644,73054,-97.1955895,35.661787,5,0,5
6645,74547,-95.5539966,34.8446783,5,0,5
6646,53027,-88.3792854,43.3192882,25,0,25
6647,73049,-97.2858697,35.5655184,4,0,4
6648,73501,-98.39579278,34.60463072,28,30,58
6649,54981,-89.0863622,44.35745464,14,0,14
6650,73102,-97.5268691,35.4696292,196,147,343
6651,74569,-96.05331076,34.46790911,2,0,2
6652,57701,-103.2219665,44.0783662,65,1,66
6653,57078,-97.39295845,42.87182606,9,1,10
6654,73029,-98.20128614,34.89684968,2,0,2
6655,54015,-92.4367639,44.9814102,4,1,5
6656,57501,-100.3080441,44.35790674,5,2,7
6657,73005,-98.24346097,35.07647816,13,0,13
6658,54615,-90.85160734,44.29579338,21,3,24
6659,54451,-90.34214694,45.13729023,9,3,12
6660,54495,-89.8296027,44.3946869,37,0,37
6661,54220,-87.6596378,44.0899701,64,0,64
6662,53704,-89.364275,43.1099532,5,7,12
6663,53558,-89.2870484,43.0130688,14,3,17
6664,69341,-103.6609429,41.8269495,18,0,18
6665,54228,-87.6391147,44.2379772,1,4,5
6666,68767,-97.5242651,42.1987523,3,0,3
6667,53574,-89.6354696,42.8165359,4,6,10
6668,53061,-88.0952401,43.9516741,7,5,12
6669,53158,-87.8928916,42.5503877,28,0,28
6670,68355,-95.6058701,40.0633077,8,0,8
6671,54651,-90.5914496,43.7239192,1,3,4
6672,68879,-99.38128372,41.77101098,1,1,2
6673,68970,-98.52144903,40.09137228,6,0,6
6674,68961,-98.06794409,40.20415861,4,1,5
6675,54235,-87.3743562,44.8346476,21,2,23
6676,53226,-88.0567083,43.0532163,93,0,93
6677,54669,-91.0808966,43.8953502,6,5,11
6678,57442,-99.9551049,45.0116726,2,0,2
6679,68663,-97.66558769,41.31448245,1,0,1
6680,68862,-98.9284914,41.6025592,3,3,6
6681,68661,-97.05831149,41.44707371,6,0,6
6682,68310,-96.7460932,40.2720369,12,4,16
6683,68127,-96.0266722,41.2024826,13,0,13
6684,68873,-98.4574061,41.21507713,5,1,6
6685,68823,-99.1349624,41.7801883,2,5,7
6686,68061,-96.2205264,41.7787318,5,5,10
6687,68066,-96.6203209,41.2112776,6,1,7
6688,68466,-96.6630474,40.1200848,3,4,7
6689,69033,-101.6438784,40.5204306,4,0,4
6690,74074,-97.0609243,36.1150054,1,0,1
6691,74429,-95.6508308,35.9523128,11,2,13
6692,74073,-95.9910153,36.2979639,3,0,3
6693,74467,-95.374795,35.959328,13,0,13
6694,74003,-95.9764669,36.7534473,54,0,54
6695,74854,-96.7774227,35.1314297,1,4,5
6696,74884,-96.48980635,35.15801281,28,4,32
6697,73949,-101.7843376,36.5045819,2,0,2
6698,74062,-96.905999,36.0177426,1,2,3
6699,73717,-98.6638853,36.8044384,9,0,9
6700,73075,-97.22224314,34.74065161,7,0,7
6701,73832,-99.7704718,36.1350694,1,0,1
6702,74432,-95.5795849,35.2868031,13,6,19
6703,73089,-97.8096695,35.2903713,10,0,10
6704,73460,-96.6816443,34.2356776,6,0,6
6705,73086,-96.9747907,34.5068022,11,0,11
6706,74745,-94.8269575,33.8927497,19,0,19
6707,73663,-98.924911,36.1489375,3,0,3
6708,73443,-97.278689,34.1723448,7,0,7
6709,73761,-98.050834,36.666346,1,1,2
6710,73098,-97.16998746,34.64257366,4,3,7
6711,74647,-97.0544458,36.8826094,6,0,6
6712,73018,-97.9363813,35.0531884,14,6,20
6713,74901,-94.4364587,35.3522177,3,3,6
6714,73446,-96.7708792,34.0921054,12,0,12
6715,73834,-99.6286442,36.832935,4,4,8
6716,73550,-99.9188304,34.6826301,6,1,7
6717,74944,-94.97184076,35.149386,1,2,3
6718,74824,-96.8725754,35.8945154,1,0,1
6719,73933,-102.5122652,36.72941863,3,0,3
6720,73095,-97.3141384,34.9190436,3,0,3
6721,74940,-94.6425512,34.9491561,2,1,3
6722,73667,-98.96459,36.0385729,4,8,12
6723,56751,-95.7614472,48.8469219,5,2,7
6724,73099,-97.73848674,35.50603475,37,3,40
6725,74941,-94.92056371,35.25586507,1,4,5
6726,74834,-96.8804665,35.705975,7,0,7
6727,73090,-97.94042271,35.39214854,5,2,7
6728,73947,-102.2516117,36.8093216,1,0,1
6729,73080,-97.3666737,35.0291518,18,0,18
6730,53581,-90.3873411,43.3322973,11,5,16
6731,54929,-88.76276843,44.62314815,11,4,15
6732,27577,-78.34389201,35.5094586,41,0,41
6733,56537,-96.0746332,46.27968203,33,1,34
6734,54521,-89.24997281,45.92040842,34,1,35
6735,27959,-75.61275037,35.93447291,21,1,22
6736,28650,-81.21543841,35.57724197,13,2,15
6737,28513,-77.4166494,35.47120692,18,4,22
6738,73122,-97.622314,35.5205923,20,0,20
6739,27949,-75.75658946,36.18294416,8,1,9
6740,08071,-75.1300531,39.7312724,15,2,17
6741,55769,-93.16565196,47.38074666,2,2,4
6742,68939,-98.95396861,40.09577583,2,0,2
6743,84660,-111.668091,40.10858099,28,2,30
6744,28572,-77.74452763,35.05237116,2,2,4
6745,89711,-119.7580661,39.11331417,10,0,10
6747,74370,-94.71988928,36.80543818,4,1,5
6748,37243,-86.7822909,36.16324433,32,0,32
6749,98257,-122.5004821,48.39403743,11,0,11
6750,53708,-89.37600407,43.04297538,7,0,7
6751,25721,-82.4460498,38.41969981,41,0,41
6752,29627,-82.4975871,34.52085,12,0,12
6753,70556,-92.5821902,30.1875816,0,0,0
6754,29137,-81.3041844,33.5675283,1,0,1
6755,29431,-79.95272893,33.30388229,3,2,5
6756,29832,-81.8007171,33.8337856,8,0,8
6757,29902,-80.68469152,32.44010121,43,0,43
6758,29650,-82.22808046,34.93842672,56,0,56
6759,29488,-80.6651842,32.9016011,22,0,22
6760,29646,-82.1626776,34.1886262,49,0,49
6761,29555,-79.4468687,33.8180701,4,0,4
6762,29560,-79.7536353,33.877632,21,2,23
6763,29114,-79.9280588,33.938012,3,0,3
6764,29676,-82.97698726,34.89089243,1,0,1
6765,29640,-82.6062282,34.8303087,43,0,43
6766,29911,-81.18495731,32.92711424,1,2,3
6767,19102,-75.16437243,39.95042394,209,0,209
6768,38773,-90.7751412,33.6006386,3,8,11
6769,38778,-90.53707399,33.54230648,3,2,5
6770,39361,-88.5696981,32.9794387,2,0,2
6771,39095,-90.053061,33.1147476,8,0,8
6772,39452,-88.5892347,30.9255267,13,3,16
6773,38754,-90.59157832,33.26187391,4,2,6
6774,39520,-89.3451139,30.3168841,27,5,32
6775,39653,-90.8923624,31.4728921,1,1,2
6776,39170,-90.2982968,32.0979736,6,5,11
6777,39638,-91.0200932,31.1957364,3,2,5
6778,39576,-89.37593255,30.29847525,28,6,34
6779,38730,-90.7261356,33.7042505,1,1,2
6780,39071,-90.310767,32.5437851,7,2,9
6781,38827,-88.2089357,34.5085906,8,1,9
6782,38652,-89.0079647,34.4934888,25,1,26
6783,39339,-89.0556753,33.1217012,21,14,35
6784,38751,-90.64620011,33.44946311,24,0,24
6785,39769,-89.0488396,33.3430438,0,5,5
6786,39423,-88.9241882,31.1669753,2,2,4
6787,38722,-90.878711,33.270516,1,1,2
6788,39046,-90.0341936,32.6170459,30,4,34
6789,17053,-76.9868288,40.3252407,1,0,1
6790,19610,-75.9592472,40.3342528,23,0,23
6791,15239,-79.7625533,40.5038991,24,0,24
6792,19312,-75.4706409,40.0658074,49,0,49
6793,18947,-75.1418034,40.3913613,15,0,15
6794,18974,-75.1078438,40.2053384,47,0,47
6795,18976,-75.1375789,40.2388493,31,0,31
6796,18954,-75.00935341,40.21427753,43,0,43
6797,87068,-106.7066632,34.8533943,11,0,11
6798,88116,-103.6562325,33.94727883,2,0,2
6799,88317,-105.7449084,32.9581397,3,0,3
6800,87937,-107.1643307,32.6709629,8,0,8
6801,78582,-98.6458988,26.2749907,3,2,5
6802,78384,-98.23917977,27.76061417,6,2,8
6803,75164,-96.31205478,33.06587947,1,0,1
6804,75009,-96.7804129,33.3233227,7,5,12
6805,75154,-96.8043521,32.5302168,21,0,21
6806,75002,-96.6216095,33.0547359,7,0,7
6807,78575,-97.5529684,26.0461302,7,1,8
6808,75119,-96.6549749,32.3643833,3,5,8
6809,77327,-95.0780134,30.3466098,21,3,24
6810,76665,-97.65716096,31.92369335,2,0,2
6811,77474,-96.1569459,29.7823704,18,0,18
6812,76055,-97.15033518,32.16040683,5,0,5
6813,78201,-98.5543284,29.4909566,20,14,34
6814,75065,-97.0468731,33.1240257,12,0,12
6815,76126,-97.4507611,32.6785542,40,3,43
6816,76247,-97.3034419,33.0888104,5,0,5
6817,76140,-97.2866084,32.6314101,13,2,15
6818,78238,-98.61662973,29.49217943,23,0,23
6819,76227,-96.9856081,33.3040241,4,0,4
6820,75180,-96.610909,32.7188844,35,3,38
6821,75068,-96.9921937,33.1910809,8,0,8
6822,78212,-98.4905869,29.4721586,12,0,12
6823,75056,-96.87838044,33.09921889,53,0,53
6824,79372,-102.4896394,33.4586259,2,0,2
6825,75785,-95.1499813,31.7934372,11,0,11
6826,76054,-97.1881902,32.8406876,72,0,72
6827,79836,-106.2310513,31.5869726,1,0,1
6828,76023,-97.5513351,33.0788828,4,1,5
6829,78839,-99.8280272,28.6790399,11,0,11
6830,76446,-98.3411656,32.0846663,8,1,9
6831,75568,-94.6887809,33.1956643,3,0,3
6832,75148,-96.0558615,32.1952271,1,1,2
6833,78557,-98.2602739,26.1002946,38,0,38
6834,79241,-101.4402477,34.1241235,3,0,3
6835,77459,-95.5670139,29.5819899,75,0,75
6836,77477,-95.5553684,29.6150447,45,0,45
6837,75765,-95.2049877,32.5888464,4,0,4
6838,78357,-98.61545799,27.88057996,5,3,8
6839,76234,-97.5874269,33.2233997,21,8,29
6840,76570,-96.9779651,31.0735698,3,1,4
6841,75758,-95.4691732,32.31088042,8,0,8
6842,75949,-94.5713646,31.269674,4,0,4
6843,75061,-96.95098949,32.81673339,8,0,8
6844,76273,-96.9071861,33.6560791,7,0,7
6845,75603,-94.7010831,32.411618,3,0,3
6846,76271,-96.9139899,33.4670306,1,0,1
6847,75459,-96.6198754,33.5067809,7,0,7
6848,75457,-95.23438326,33.18516966,4,0,4
6849,79041,-101.8448228,34.0647222,3,3,6
6850,75670,-94.36957747,32.54786058,52,8,60
6851,76470,-98.6830757,32.4719676,5,0,5
6852,77659,-94.41216074,30.14020768,5,0,5
6853,78332,-98.07270996,27.75041237,37,0,37
6854,79351,-101.8292136,32.9688477,1,0,1
6855,39069,-91.0748284,31.7014838,8,0,8
6856,38951,-89.3360379,33.9346041,5,1,6
6857,15601,-79.5433492,40.298904,27,0,27
6858,17870,-76.8634289,40.7998011,5,2,7
6859,19007,-74.8676014,40.1240969,76,0,76
6860,19073,-75.4079307,39.9805875,17,0,17
6861,15084,-79.7518462,40.6008182,7,3,10
6862,15122,-79.87811322,40.38385889,37,0,37
6863,15147,-79.8445317,40.50588,4,4,8
6864,16637,-78.4294553,40.359385,2,4,6
6865,19611,-75.9481955,40.3332465,15,2,17
6866,16201,-79.5154389,40.8122097,8,0,8
6867,15218,-79.8843833,40.4342724,11,1,12
6868,16625,-78.46210639,40.29408778,3,4,7
6869,15473,-79.7497666,40.0813833,2,4,6
6870,17067,-76.3010311,40.3771343,3,0,3
6871,16424,-80.4222489,41.6564017,1,3,4
6872,19475,-75.548217,40.1767905,3,8,11
6873,19460,-75.5130908,40.1330235,25,3,28
6874,15552,-79.03202031,39.81784591,2,5,7
6875,19036,-75.2883846,39.8991755,10,4,14
6876,15501,-79.084238,40.0097097,9,10,19
6877,19061,-75.4209074,39.8245096,4,12,16
6878,17931,-76.2348029,40.782932,5,8,13
6879,19446,-75.321967,40.243682,22,0,22
6880,15235,-79.8496889,40.4458226,11,0,11
6881,19380,-75.58176254,39.97318034,27,0,27
6882,16125,-80.391185,41.4039779,9,7,16
6883,19460,-75.5533811,40.1363669,8,2,10
6884,19382,-75.6039752,39.9070947,4,4,8
6885,17824,-76.5501195,40.8619458,5,3,8
6886,15146,-79.7796065,40.4359085,53,0,53
6887,18612,-75.9613858,41.3482297,8,1,9
6888,15140,-79.77608753,40.40572435,4,9,13
6889,19454,-75.2876793,40.211225,21,0,21
6890,18326,-75.2717465,41.1717371,7,0,7
6891,15824,-78.79795348,41.24913849,2,5,7
6892,15825,-79.0801137,41.1508395,6,7,13
6893,19608,-76.0489755,40.3597159,8,0,8
6894,15001,-80.3949592,40.5951754,3,0,3
6895,15143,-80.1686069,40.5904539,3,7,10
6896,16801,-77.8587873,40.7928228,64,0,64
6897,16801,-77.8746752,40.762222,20,0,20
6898,18944,-75.2557402,40.3420702,17,0,17
6899,15009,-80.3026724,40.6958191,0,11,11
6900,19518,-75.73807,40.298929,14,0,14
6901,19320,-75.823949,40.0422762,7,9,16
6902,15066,-80.3161552,40.7365608,9,7,16
6903,15001,-80.3288195,40.5447972,3,0,3
6904,19341,-75.6317141,40.0321604,28,0,28
6905,16678,-78.2461695,40.2146574,1,2,3
6906,19320,-75.8460795,39.9838087,5,3,8
6907,18940,-74.9355806,40.2299755,5,7,12
6908,18403,-75.5400144,41.4971843,5,13,18
6909,79336,-102.3790535,33.5783181,22,0,22
6910,77864,-95.9156446,30.9496208,10,2,12
6911,79529,-99.8091118,33.4185072,1,1,2
6912,77571,-95.0152085,29.6198913,7,4,11
6913,75126,-96.455797,32.733845,20,0,20
6914,75142,-96.3087115,32.5878326,18,0,18
6915,79501,-99.8971344,32.7546892,4,2,6
6916,77640,-93.9330743,29.8722573,118,0,118
6917,76550,-98.1798566,31.0647012,18,0,18
6918,76059,-97.32891364,32.39646376,10,0,10
6919,76082,-97.6748735,32.9634036,11,0,11
6920,76020,-97.5805514,32.9447492,2,0,2
6921,76577,-97.2063453,30.6143232,2,0,2
6922,79009,-102.8892408,34.5206733,2,0,2
6923,76086,-97.7850635,32.7507787,55,3,58
6924,75144,-96.2277439,32.1301825,3,0,3
6925,78380,-97.6637695,27.7891401,23,0,23
6926,77975,-97.1457733,29.5742133,2,6,8
6927,78387,-97.50851743,28.03815806,7,0,7
6928,79070,-100.8017861,36.39889245,7,0,7
6929,76903,-100.430411,31.4637651,142,4,146
6930,76240,-97.040356,33.648325,1,1,2
6931,77598,-95.1171043,29.5342755,47,0,47
6932,75948,-93.85398,31.342747,3,0,3
6933,77340,-95.5522101,30.7240588,48,0,48
6934,76426,-97.75754641,33.21319404,17,2,19
6935,77401,-95.4690355,29.7022656,40,3,43
6936,79118,-101.790039,35.0721539,1,6,7
6937,78626,-97.68074287,30.63620301,73,0,73
6938,75644,-94.9456657,32.7279446,18,1,19
6939,78634,-97.5482334,30.5417606,23,0,23
6940,76877,-98.7191186,31.1937193,4,0,4
6941,78645,-97.9224763,30.4926026,8,7,15
6942,77493,-95.8198951,29.8019377,43,0,43
6943,78610,-97.6918248,30.0505443,3,2,5
6944,79084,-102.0714565,36.33649483,2,0,2
6945,76712,-97.2289304,31.5073784,26,3,29
6946,77580,-94.86664145,29.857209,9,0,9
6947,77586,-95.0518886,29.5653246,11,0,11
6948,77058,-95.0897031,29.5491488,13,0,13
6949,75570,-94.4142215,33.4603484,9,0,9
6950,77360,-95.11635781,30.80789259,6,0,6
6951,75951,-94.0007835,30.9155297,21,0,21
6952,75681,-94.68230496,31.91875446,1,0,1
6953,78377,-97.2747431,28.2991946,8,8,16
6954,78636,-98.4168954,30.2769899,4,0,4
6955,76444,-98.53680544,32.10848479,5,0,5
6956,78648,-97.6331881,29.6751965,15,0,15
6957,29102,-80.2257812,33.6947171,44,0,44
6958,29170,-81.1248879,33.9466084,19,0,19
6959,29812,-81.3765459,33.251861,27,0,27
6960,39501,-89.09074293,30.37225254,90,4,94
6961,17319,-76.8057809,40.1347463,16,0,16
6962,17078,-76.59268663,40.30503798,9,0,9
6963,18519,-75.6241623,41.4589608,5,18,23
6964,15205,-80.14411371,40.43871234,25,1,26
6965,15068,-79.7281079,40.5891694,16,0,16
6966,19033,-75.3293168,39.8863248,31,0,31
6967,19078,-75.329199,39.8718331,10,4,14
6968,17070,-76.875829,40.2146387,17,0,17
6969,19081,-75.3484113,39.901562,9,0,9
6970,18643,-75.8000047,41.334027,4,17,21
6971,17078,-76.5956538,40.3217936,8,0,8
6972,17042,-76.42332744,40.3326015,47,0,47
6973,18447,-75.59723328,41.46802871,5,19,24
6974,15658,-79.2381649,40.2442144,3,9,12
6975,17315,-76.8283246,40.0085837,49,0,49
6976,17347,-76.7057329,40.0796985,11,0,11
6977,18444,-75.5199803,41.3355839,3,12,15
6978,79022,-102.524848,36.06378899,15,0,15
6979,75567,-94.34352713,33.33247818,1,0,1
6980,77005,-95.43360151,29.71469333,2,2,4
6981,76374,-98.75359907,33.36978115,5,3,8
6982,13321,-75.3770543,43.0914631,6,10,16
6983,12095,-74.3699324,43.006834,25,0,25
6984,14901,-76.8031192,42.09157,77,2,79
6985,13730,-75.52801769,42.23127792,0,7,7
6986,13142,-76.125845,43.5703904,1,10,11
6987,95634,-120.8701797,38.9030662,0,0,0
6988,14437,-77.6957055,42.5595254,5,1,6
6989,13618,-76.33542836,44.12909457,0,5,5
6990,10595,-73.7776117,41.0964258,44,0,44
6991,13901,-75.8951855,42.1385028,4,4,8
6992,10543,-73.73485979,40.94911564,52,7,59
6993,10801,-73.7860802,40.9191178,185,0,185
6994,10706,-73.8833917,40.9956185,21,0,21
6995,14555,-77.005891,43.269008,0,3,3
6996,13669,-75.4754246,44.6972516,25,0,25
6997,14070,-78.9336782,42.4637957,1,20,21
6998,13021,-76.5653894,42.9334689,70,0,70
6999,14009,-78.4245474,42.5346103,6,5,11
7000,10560,-73.59773859,41.33016311,0,15,15
7001,14715,-78.1672686,42.0677436,1,7,8
7002,10925,-74.2927715,41.2221609,6,13,19
7003,14750,-79.328371,42.1036265,9,8,17
7004,14618,-77.5750793,43.1268594,40,0,40
7005,14559,-77.8021358,43.1710866,13,0,13
7006,14086,-78.62005513,42.92950573,50,0,50
7007,12534,-73.78797741,42.25034093,26,0,26
7008,11520,-73.5868156,40.6585828,86,0,86
7009,11561,-73.6663499,40.5896373,77,0,77
7010,11050,-73.7170015,40.8533895,21,0,21
7011,13417,-75.2923421,43.1035955,6,3,9
7012,12538,-73.910417,41.789415,15,2,17
7013,14217,-78.8784124,42.9624893,25,0,25
7014,10901,-74.1501075,41.1141303,27,4,31
7015,10923,-74.0117457,41.1940915,72,4,76
7016,10956,-73.9880338,41.1455981,170,0,170
7017,12090,-73.3502786,42.9008123,3,15,18
7018,10038,-74.0017239,40.7122527,36023,0,36023
7019,38732,-90.8049977,33.7689965,18,0,18
7020,39154,-90.41684079,32.2571726,14,2,16
7021,39046,-90.0452618,32.5865827,54,25,79
7022,39652,-90.4533172,31.1736596,27,3,30
7023,38646,-90.2701338,34.2592794,6,1,7
7024,39759,-88.8167789,33.4649685,25,6,31
7025,38603,-89.1821878,34.8331194,0,2,2
7026,38804,-88.6989178,34.2641235,44,2,46
7027,19382,-75.60808529,39.95847555,84,0,84
7028,32205,-81.7690211,30.2978492,0,0,0
7029,17401,-76.7278681,39.9635968,99,0,99
7030,17350,-77.05330654,39.86608592,10,4,14
7031,97403,-123.0730628,44.0435209,27,0,27
7032,97720,-119.0573818,43.58967635,14,2,16
7033,97051,-122.8190756,45.8486452,41,2,43
7034,97754,-120.8442122,44.3017303,15,0,15
7035,97820,-118.9503806,44.3871834,16,4,20
7036,88220,-104.2283835,32.4210203,45,0,45
7037,87505,-105.9573435,35.66912779,78,0,78
7038,78550,-97.6618188,26.2240126,9,0,9
7039,79832,-103.6514919,30.3630957,7,0,7
7041,77486,-95.6510529,29.1372975,1,4,5
7042,78592,-97.8452089,26.0762978,1,0,1
7045,77901,-96.97788537,28.81662405,4,0,4
7046,75202,-96.8052925,32.7797851,18,3,21
7047,75390,-96.8414236,32.8116671,34,0,34
7048,75116,-96.90584242,32.64649682,2,0,2
7049,77803,-96.37131479,30.66997357,3,0,3
7050,78537,-98.05245062,26.17285252,15,0,15
7051,76701,-97.1368175,31.5546052,200,0,200
7053,77957,-96.64667247,28.97764745,15,4,19
7054,78076,-99.2662963,26.902114,44,0,44
7055,79714,-102.5475258,32.32016943,12,5,17
7056,75110,-96.4688803,32.0963731,60,0,60
7057,75457,-95.2344106,33.1854123,10,0,10
7058,79095,-100.2107015,34.8553651,3,2,5
7059,78130,-98.1512221,29.6805177,96,20,116
7060,78114,-98.15748258,29.14844035,26,0,26
7061,77836,-96.68266883,30.54621748,13,1,14
7062,79543,-100.3763482,32.74684911,4,6,10
7063,34601,-82.421989,28.547295,0,0,0
7064,78022,-98.10904328,28.3354845,12,5,17
7065,78155,-97.96946744,29.60245202,75,0,75
7066,75401,-96.1046002,33.1377133,45,0,45
7067,79502,-100.2268372,33.140308,2,0,2
7068,77331,-95.1296651,30.5912104,21,0,21
7069,02878,-71.1864998,41.6401457,28,0,28
7070,02891,-71.8094145,41.3497224,50,0,50
7071,12414,-73.8657321,42.2204808,15,5,20
7072,34744,-81.4044158,28.3342502,0,0,0
7073,12524,-73.9230958,41.5260713,0,46,46
7074,12524,-73.9028871,41.5356728,0,25,25
7075,12946,-73.9824704,44.2822804,14,2,16
7076,10591,-73.8594787,41.0849666,25,0,25
7077,14572,-77.59229361,42.56784577,1,6,7
7078,12779,-74.62926501,41.70776303,19,0,19
7079,11901,-72.6537577,40.9232922,85,0,85
7080,14227,-78.7536577,42.9020006,129,0,129
7081,14870,-77.0921865,42.161511,4,5,9
7082,11743,-73.4133197,40.8976246,6,4,10
7083,13053,-76.2979249,42.4895994,5,6,11
7084,11958,-72.4563889,41.0397906,50,3,53
7085,12439,-74.2176085,42.2913121,3,10,13
7086,12306,-73.9909039,42.7954857,41,0,41
7087,10549,-73.729408,41.2043972,33,0,33
7088,10591,-73.8638943,41.0766177,34,0,34
7089,10566,-73.922399,41.2907522,60,0,60
7090,29303,-81.9770375,34.9842087,297,0,297
7091,38963,-90.431722,34.0162723,4,1,5
7092,19438,-75.3798136,40.2763634,19,0,19
7093,15084,-79.7582722,40.6577411,3,4,7
7094,16229,-79.6676736,40.7234864,2,1,3
7096,76450,-98.5673673,33.12024697,11,2,13
7097,75948,-93.8500317,31.3426146,8,2,10
7098,79029,-101.9723249,35.858204,17,1,18
7099,79735,-102.9193184,30.90805713,19,0,19
7100,76484,-98.298271,32.768352,21,10,31
7102,75460,-95.5578723,33.6514621,27,0,27
7104,75482,-95.59822165,33.14030826,32,3,35
7105,79331,-101.9516609,32.7307419,7,0,7
7106,32405,-85.6951834,30.1909153,0,0,0
7107,78040,-99.50592722,27.50818861,144,0,144
7108,76945,-100.4857701,31.8925471,5,0,5
7109,13367,-75.499673,43.7785027,20,3,23
7110,14527,-77.0544306,42.6611375,12,3,15
7111,13905,-75.9166339,42.1314694,216,0,216
7112,12950,-73.53637013,44.28194541,62,0,62
7113,14094,-78.7373735,43.1803641,110,3,113
7114,13126,-76.4801343,43.4318386,117,23,140
7115,33525,-82.2134265,28.3485608,0,0,0
7116,12828,-73.58946199,43.28928268,33,16,49
7117,12601,-73.9212927,41.7109302,108,47,155
7118,18101,-75.467599,40.6038248,48,23,71
7119,15668,-79.66807513,40.45476338,21,0,21
7120,18064,-75.3123234,40.7396387,5,11,16
7121,16501,-80.087938,42.129027,35,3,38
7122,19023,-75.25265017,39.9136048,2,9,11
7123,15143,-80.10210862,40.55024552,11,17,28
7124,75494,-95.2868234,32.9601352,1,0,1
7125,10918,-74.2724332,41.361962,14,4,18
7126,12134,-74.1763729,43.2272926,0,8,8
7127,18407,-75.5030982,41.5723758,13,13,26
7128,18518,-75.736203,41.3693389,5,19,24
7129,19046,-75.1266452,40.0941597,11,6,17
7130,15012,-79.8755919,40.1283043,4,6,10
7131,19047,-74.9211399,40.1643912,0,8,8
7132,16232,-79.5370565,41.2339928,2,2,4
7133,19047,-74.9195002,40.1760134,1,8,9
7134,16510,-80.012594,42.1411818,6,3,9
7135,15474,-79.8993464,39.7377671,1,1,2
7136,19525,-75.5831665,40.30218,10,0,10
7137,17821,-76.6179292,40.962115,7,3,10
7138,18017,-75.381082,40.6756309,21,0,21
7139,15221,-79.8499142,40.4200694,11,0,11
7140,16506,-80.1557158,42.0820145,59,0,59
7141,16412,-80.1318942,41.8732001,8,1,9
7142,19403,-75.4078734,40.1628455,34,0,34
7143,17522,-76.2088121,40.1347517,6,2,8
7144,17602,-76.2206563,40.0381214,40,0,40
7145,17103,-76.8456251,40.2783358,6,5,11
7146,15417,-79.905796,39.9665066,1,1,2
7147,17011,-76.9217594,40.2411195,9,0,9
7148,18045,-75.2710639,40.7000517,31,3,34
7149,17602,-76.2415421,39.9891469,15,0,15
7150,17545,-76.3774864,40.1757972,11,0,11
7151,19428,-75.3012805,40.0798851,17,1,18
7152,18072,-75.255446,40.8690587,5,2,7
7153,16101,-80.3469613,41.0031906,35,0,35
7154,16117,-80.2886283,40.8581757,10,3,13
7155,18936,-75.2248913,40.2361802,35,0,35
7156,15958,-78.74974198,40.37551185,1,3,4
7157,16365,-79.149323,41.8464564,17,0,17
7158,18055,-75.3405703,40.5795329,8,8,16
7159,17721,-77.30878016,41.18700585,1,4,5
7160,18452,-75.5965244,41.4793462,3,17,20
7161,17320,-77.3596743,39.7337176,1,5,6
7162,17325,-77.2616859,39.823796,9,9,18
7163,16428,-79.83148084,42.21723019,7,1,8
7164,16157,-80.34270844,40.89171536,0,4,4
7165,97828,-117.2785735,45.42430035,4,2,6
7166,97391,-123.9398739,44.6244686,8,0,8
7167,97444,-124.421562,42.41061158,4,0,4
7168,97701,-121.2846605,44.0559832,86,0,86
7169,97540,-122.7782061,42.2385945,8,0,8
7170,97116,-123.10995,45.5194,29,0,29
7171,97113,-123.0555077,45.5219845,14,0,14
7172,97868,-118.8334707,45.48295623,2,0,2
7173,97138,-123.9189339,46.0244232,3,1,4
7174,97034,-122.6676751,45.41944,40,0,40
7175,97062,-122.7658822,45.3862124,35,0,35
7176,97355,-122.910448,44.545569,22,1,23
7177,97303,-123.0206961,44.99584217,41,0,41
7178,97301,-123.0416036,44.9360439,187,0,187
7179,97362,-122.7981636,45.0676913,7,0,7
7180,97038,-122.5766464,45.1480858,12,0,12
7181,97381,-122.7822708,45.00372362,16,0,16
7182,97754,-120.8433067,44.30245198,18,0,18
7183,97530,-122.9679225,42.31327167,5,0,5
7184,97886,-118.4246194,45.81380407,1,1,2
7185,97448,-123.2023381,44.2198266,10,0,10
7186,97018,-122.8081635,45.88953872,0,5,5
7187,87034,-107.6178996,35.03697746,10,0,10
7188,88240,-103.1352526,32.7030447,71,0,71
7189,75019,-96.9918924,32.9746632,3,0,3
7190,79701,-102.081186,31.9960562,11,0,11
7191,76107,-97.3669785,32.7504461,11,0,11
7193,79257,-101.4495432,34.5353724,1,0,1
7194,77843,-96.3590131,30.6055677,64,0,64
7195,12020,-73.85072078,43.0019506,5,11,16
7196,79504,-99.3927619,32.3939314,2,0,2
7198,75104,-96.95111214,32.59312017,3,0,3
7199,76135,-97.49969772,32.8645519,4,5,9
7200,02908,-71.46640907,41.84002609,20,0,20
7201,13502,-75.2297002,43.1357982,9,0,9
7202,14063,-79.3397659,42.448949,15,0,15
7203,12238,-73.76169274,42.64982243,305,0,305
7204,76114,-97.39357425,32.77889785,18,9,27
7205,31015,-83.91121915,31.95983021,0,0,0
7206,75090,-96.6081787,33.6340882,63,0,63
7207,76701,-97.1357953,31.5623811,246,0,246
7208,79734,-103.895381,30.58926542,2,1,3
7209,75657,-94.3442655,32.7563594,10,3,13
7210,53181,-88.26859807,42.52798483,13,14,27
7211,44685,-81.370977,40.97406,8,9,17
7212,57274,-97.52266665,45.33289774,4,2,6
7213,64865,-94.6119937,36.8388704,6,20,26
7214,27832,-77.64325441,36.4955616,2,7,9
7215,45106,-84.0805698,38.9643628,5,6,11
7216,43440,-82.7285067,41.5405124,4,1,5
7217,45347,-84.7981905,39.8561302,1,2,3
7218,89316,-115.9623635,39.5169189,8,0,8
7219,54005,-92.2707913,45.2500883,2,2,4
7220,05491,-73.25097764,44.16862224,5,6,11
7221,54850,-90.78807108,46.78213899,2,3,5
7222,37184,-86.13348718,36.10028264,5,0,5
7223,38019,-89.64496995,35.5634802,33,0,33
7224,84321,-111.837069,41.7367703,60,0,60
7225,64847,-94.45199143,36.60607364,2,0,2
7226,53125,-88.5777058,42.5494269,6,2,8
7227,07871,-74.6307473,41.04000723,39,0,39
7228,27897,-77.2112803,36.32892399,1,2,3
7229,28337,-78.6145497,34.630905,14,2,16
7230,05201,-73.20047533,42.88550544,17,25,42
7231,98011,-122.2053472,47.7615353,53,0,53
7232,98424,-122.379134,47.2444847,31,0,31
7233,08550,-74.63547098,40.30528319,47,0,47
7234,98390,-122.2401052,47.2019661,18,0,18
7235,98671,-122.357429,45.5776,19,0,19
7236,55008,-93.2207441,45.5750229,13,0,13
7237,68801,-98.32720469,40.92761224,75,0,75
7238,68801,-98.327354,40.927755,29,0,29
7239,28779,-83.22596486,35.37890806,46,5,51
7240,84032,-111.4123244,40.50326073,12,2,14
7241,65649,-93.5738072,37.6326661,2,1,3
7242,43942,-80.80293937,39.86190302,3,5,8
7243,28512,-76.8242624,34.6951386,9,4,13
7244,07646,-74.0276666,40.923906,31,0,31
7245,07002,-74.11694168,40.66843651,212,0,212
7246,03865,-71.09037652,42.83936551,15,1,16
7247,08628,-74.8021989,40.2764053,81,0,81
7248,03431,-72.26396365,42.92490663,46,0,46
7249,07885,-74.58396607,40.89897083,21,0,21
7250,07936,-74.365903,40.8209192,34,0,34
7251,03801,-70.7538081,43.0713129,64,28,92
7252,03867,-70.97486868,43.30519873,54,3,57
7253,07060,-74.4184626,40.6186533,151,0,151
7254,08805,-74.5294879,40.5645424,22,0,22
7255,07110,-74.15797874,40.81907699,68,0,68
7256,37714,-84.2230252,36.3030528,5,0,5
7257,08872,-74.3080519,40.4793507,93,0,93
7258,05468,-73.12441969,44.61912056,12,1,13
7259,37190,-86.0844553,35.8251378,8,2,10
7260,08840,-74.3626126,40.5441922,28,0,28
7261,38258,-88.6220904,36.0116059,1,3,4
7262,37643,-82.21520784,36.34733044,35,0,35
7263,07930,-74.7229178,40.7785098,16,0,16
7264,53108,-87.89554731,42.81260141,34,0,34
7265,07852,-74.673201,40.8906146,48,0,48
7266,05482,-73.2288753,44.3785339,11,6,17
7267,38034,-89.2436905,35.9105433,0,2,2
7268,08021,-74.9700163,39.81722,42,0,42
7269,03249,-71.4042205,43.550632,17,4,21
7270,23417,-75.7485978,37.7131265,4,0,4
7271,98620,-120.8240819,45.8210604,16,0,16
7272,26753,-78.76941103,39.6453761,3,1,4
7273,56634,-95.4299389,47.6922142,1,4,5
7274,24251,-82.5790662,36.6396424,6,0,6
7275,55912,-92.9739517,43.667795,31,0,31
7276,45865,-84.38277789,40.39321447,6,2,8
7277,28425,-77.9185575,34.5512457,57,7,64
7278,55760,-93.30701965,46.60663351,1,0,1
7279,45419,-84.174237,39.7228583,33,0,33
7280,37350,-85.353514,34.9952993,16,0,16
7281,38382,-88.9414637,35.9782081,19,0,19
7282,27320,-79.66496245,36.36191076,44,3,47
7283,37187,-87.2250259,36.1081583,3,2,5
7284,38008,-88.9895426,35.2568493,21,0,21
7285,22664,-78.50596343,38.88333935,16,0,16
7286,37709,-83.7005767,36.152892,1,3,4
7287,43044,-83.5561007,40.0725838,3,17,20
7288,38327,-88.32005582,35.22165998,3,2,5
7289,37205,-86.8527778,36.1208283,16,0,16
7290,28562,-77.09583608,35.08764616,5,3,8
7291,28383,-79.2939993,34.5381788,6,0,6
7292,45640,-82.6370762,39.0532059,14,0,14
7293,37201,-86.7794718,36.1677764,1315,0,1315
7294,28461,-77.98284165,33.85750425,11,0,11
7295,28472,-78.7020612,34.3265495,25,0,25
7296,98466,-122.5098153,47.235178,9,0,9
7297,99353,-119.3383258,46.2966561,14,0,14
7298,24084,-80.68524,37.0933873,9,0,9
7299,55424,-93.3482568,44.9112534,51,0,51
7300,03268,-71.7159359,43.3779454,0,2,2
7301,38080,-89.48727665,36.26494665,5,0,5
7302,64470,-95.2306347,40.1323526,2,1,3
7303,55082,-92.8014901,45.0374391,91,32,123
7304,38401,-87.064736,35.6383412,80,0,80
7305,23921,-78.55657519,37.55099032,17,4,21
7306,98272,-121.9818911,47.8519223,37,0,37
7307,98252,-121.968935,48.0818141,7,2,9
7308,38462,-87.55452949,35.54901527,14,4,18
7309,44060,-81.3239862,41.6522475,9,8,17
7310,82937,-110.2924296,41.3260973,5,0,5
7311,44139,-81.4443147,41.3882626,45,0,45
7312,64640,-93.96195519,39.91508952,5,2,7
7313,98270,-122.173529,48.0618224,51,0,51
7314,64850,-94.36894779,36.87323812,37,10,47
7315,98033,-122.2072445,47.67823544,67,0,67
7316,08534,-74.7922177,40.3291181,6,0,6
7317,08084,-75.0072381,39.8329258,15,1,16
7318,23434,-76.59015138,36.73005774,171,1,172
7319,98002,-122.2249655,47.3072729,92,0,92
7320,08009,-74.9314549,39.7957264,20,0,20
7321,24065,-79.95475536,37.11567651,1,0,1
7322,37774,-84.3340218,35.7418876,16,5,21
7323,24134,-80.7335972,37.3262645,7,0,7
7324,84761,-112.827067,37.84244183,3,2,5
7325,22473,-76.472978,37.915672,18,4,22
7326,20175,-77.553434,39.082394,448,0,448
7327,37091,-86.7880443,35.4506255,32,0,32
7328,59860,-114.1611203,47.69161711,20,0,20
7329,45005,-84.3109895,39.5851499,7,7,14
7330,44067,-81.5282483,41.3431845,8,8,16
7331,45334,-84.0386918,40.4390988,3,0,3
7332,43451,-83.65128,41.3275044,1,8,9
7333,37385,-84.29408655,35.36208771,5,3,8
7334,59917,-115.0525174,48.8794415,3,0,3
7335,45062,-84.55385403,39.48037086,0,12,12
7336,59632,-112.1207376,46.2360466,12,0,12
7337,44108,-81.6148602,41.5461791,9,9,18
7338,63834,-89.35208483,36.92389914,6,3,9
7339,08515,-74.64144846,40.11490003,10,1,11
7340,82412,-108.5041169,44.7955587,1,3,4
7341,74347,-94.7970509,36.2042104,2,1,3
7342,56425,-94.2935977,46.3431318,15,4,19
7343,27850,-77.9106044,36.4349754,4,4,8
7344,25434,-78.45790926,39.53298232,1,1,2
7345,26505,-79.9541777,39.6292833,60,0,60
7346,44278,-81.4391747,41.1034085,27,0,27
7347,45651,-82.47859832,39.24630847,10,0,10
7348,25661,-82.2758674,37.6729335,8,0,8
7349,03837,-71.29751984,43.41809659,5,4,9
7350,07702,-74.0627133,40.3225592,16,0,16
7351,84770,-113.5798313,37.1127405,104,0,104
7352,27356,-79.78466795,35.39299501,4,4,8
7353,82501,-108.3821059,43.03207805,34,0,34
7354,28451,-78.15064033,34.31699237,2,2,4
7355,59858,-113.2928346,46.3338202,5,0,5
7356,28610,-81.1455297,35.7150779,8,17,25
7357,43016,-83.0923317,40.1121409,10,12,22
7358,98295,-122.265233,48.9993756,6,0,6
7359,28697,-81.1533883,36.1481922,20,5,25
7360,64658,-92.94740901,39.71659126,6,2,8
7361,45638,-82.6828139,38.5362457,28,0,28
7362,63780,-89.5159232,37.2193451,12,5,17
7363,63133,-90.2892813,38.6748956,5,1,6
7364,27205,-79.8309678,35.6697346,161,3,164
7365,44077,-81.2449656,41.7264256,58,13,71
7366,26147,-81.0956297,38.9233862,2,0,2
7367,84036,-111.2803467,40.6457047,2,0,2
7368,03809,-71.21920091,43.45606716,11,6,17
7369,82834,-106.7078992,44.34754923,13,0,13
7370,27529,-78.61995228,35.70571015,61,0,61
7371,28358,-79.05292208,34.58538226,128,12,140
7372,27885,-76.31979581,35.4213328,12,0,12
7373,63943,-90.82339759,36.83005454,1,0,1
7374,28904,-83.82944797,35.04158367,17,0,17
7375,03849,-71.15660519,43.89475534,4,2,6
7376,03814,-71.15388361,43.75461943,9,0,9
7377,63857,-90.05536155,36.23550251,23,5,28
7378,27302,-79.26884004,36.09678293,19,0,19
7379,44702,-81.3764794,40.7976347,172,0,172
7380,28081,-80.6271248,35.4933936,78,0,78
7381,03844,-70.8746656,42.9212387,4,7,11
7382,08738,-74.05231589,40.03698689,8,0,8
7383,98273,-122.326381,48.43725477,43,0,43
7384,27701,-78.90932965,35.99665788,494,0,494
7385,28607,-81.6625704,36.2010115,38,0,38
7386,43311,-83.7942031,40.3594457,43,0,43
7387,03053,-71.3746305,42.8674777,69,0,69
7388,27263,-79.961276,35.8995375,24,0,24
7389,08742,-74.04656467,40.06955046,8,5,13
7390,64012,-94.514869,38.8272843,46,5,51
7391,65041,-91.4494311,38.6914966,7,5,12
7392,55070,-93.3613064,45.3865364,10,0,10
7393,58401,-98.7059922,46.9035583,8,0,8
7394,58458,-98.29168929,46.36243212,4,0,4
7395,58230,-97.838321,47.5145639,3,1,4
7396,37303,-84.5825455,35.42195616,60,1,61
7397,37321,-85.0139143,35.4954463,54,0,54
7398,54843,-91.4649938,46.0127919,1,0,1
7399,54872,-92.382725,45.7866636,3,6,9
7400,44632,-81.2574375,40.9517817,3,10,13
7401,07838,-74.9022755,40.8760044,8,0,8
7402,44233,-81.74531728,41.23807294,8,2,10
7403,44425,-80.5556103,41.1726727,7,12,19
7404,84740,-112.2207801,38.24480627,3,1,4
7405,84405,-111.9926074,41.1788424,19,0,19
7406,63349,-91.13068154,38.97096443,0,3,3
7407,84321,-111.8660144,41.73711726,111,29,140
7408,07843,-74.6596282,40.9337426,28,0,28
7409,07863,-74.99161125,40.80370225,4,1,5
7410,07403,-74.3392037,41.0078237,16,1,17
7411,37049,-86.70203704,36.54987308,3,0,3
7412,23093,-78.00220596,38.02209961,56,7,63
7413,45322,-84.2913105,39.8471341,15,6,21
7414,65582,-91.9462923,38.1884096,1,4,5
7415,22835,-78.46546688,38.66410003,49,7,56
7416,24465,-79.5821113,38.4125459,7,0,7
7417,63114,-90.3587689,38.7004979,47,0,47
7418,63127,-90.404025,38.5462752,26,0,26
7419,22902,-78.4783592,38.0326816,10,2,12
7420,65583,-92.20220935,37.83043441,9,0,9
7421,44471,-80.5914797,41.0561299,16,4,20
7422,24635,-81.34018775,37.30428816,1,1,2
7423,43140,-83.4479299,39.8999586,30,8,38
7424,43560,-83.7223008,41.6946289,44,0,44
7425,53549,-88.8160521,42.9913155,14,6,20
7426,55019,-93.21339328,44.42525956,3,1,4
7427,38382,-88.94218727,35.98353759,31,0,31
7428,03245,-71.5930848,43.7310863,6,1,7
7429,44126,-81.849985,41.4469465,27,0,27
7430,55432,-93.2371578,45.1154418,11,0,11
7431,53538,-88.8388389,42.9271596,20,0,20
7432,03251,-71.6680175,44.0443243,8,1,9
7433,54140,-88.3174066,44.2828622,26,1,27
7434,54982,-89.15888,44.0260128,1,3,4
7435,45840,-83.6517574,41.0383808,73,0,73
7436,44406,-80.7639089,41.0237148,15,5,20
7437,98250,-123.019012,48.5359348,19,0,19
7438,99169,-118.3826392,47.12739375,17,0,17
7439,57301,-98.02732283,43.70907206,28,1,29
7440,53044,-87.7805001,43.7380849,7,2,9
7441,54810,-92.47133649,45.45282106,29,6,35
7442,44256,-81.8903922,41.1279196,65,21,86
7443,57301,-98.03790766,43.70032032,6,3,9
7444,05038,-72.44563301,43.98834273,3,30,33
7445,45872,-83.6787147,41.18314,5,6,11
7446,43136,-82.8082899,39.8035031,3,0,3
7447,98612,-123.3849034,46.2027943,9,0,9
7448,23923,-78.6382516,37.0521918,34,0,34
7449,44121,-81.5188344,41.5231651,40,2,42
7450,45331,-84.63465202,40.10194992,23,0,23
7451,44140,-81.9299905,41.4858969,23,3,26
7452,45380,-84.4846857,40.2224826,6,2,8
7453,44017,-81.8533156,41.364918,32,0,32
7454,44131,-81.64150204,41.37776212,36,2,38
7455,44122,-81.5334335,41.4592618,6,15,21
7456,08536,-74.58730054,40.33339237,33,0,33
7457,08086,-75.19096042,39.84463114,41,0,41
7458,07006,-74.2612518,40.86046221,17,0,17
7459,08052,-74.99717337,39.96024217,34,1,35
7460,07656,-74.03965537,41.03416479,18,0,18
7461,37083,-86.00276304,36.5015376,24,0,24
7462,07033,-74.28919928,40.67599911,30,0,30
7463,44418,-80.57097324,41.31183011,0,8,8
7464,84015,-112.0241058,41.11311932,31,0,31
7465,08066,-75.2410381,39.8316492,19,1,20
7466,59323,-106.6243332,45.88257497,6,3,9
7467,82443,-108.2094671,43.6469821,8,0,8
7468,74546,-95.57975402,34.85450858,3,1,4
7469,25674,-82.40858237,37.84415523,1,0,1
7470,63459,-91.40026885,39.58606478,6,10,16
7471,24712,-81.01625432,37.4226052,1,0,1
7472,05477,-72.99525958,44.40261442,4,4,8
7473,84701,-112.083272,38.76829715,13,1,14
7474,64747,-94.19065932,38.56165555,4,5,9
7475,65646,-93.70404538,37.34078788,1,1,2
7476,55720,-92.49079873,46.71341484,13,0,13
7477,65401,-91.88408123,37.93993187,1,5,6
7478,25130,-81.82088097,38.05932889,6,1,7
7479,56073,-94.4620782,44.3108029,23,0,23
7480,65542,-91.85722262,37.49813358,4,0,4
7481,84765,-113.6451104,37.12876893,9,0,9
7482,53105,-88.26666892,42.67486637,9,10,19
7483,45306,-84.1845455,40.4665058,2,4,6
7484,54460,-90.56303446,44.94928485,3,0,3
7485,27571,-78.46965277,35.91702302,10,6,16
7486,63848,-89.91948244,36.4551347,2,0,2
7487,53150,-88.1430452,42.89644309,37,0,37
7488,25801,-81.16665058,37.78117298,46,0,46
7489,25661,-82.27850905,37.67269168,18,0,18
7490,65081,-92.77959872,38.6569939,3,8,11
7491,82414,-109.0601233,44.5332571,49,0,49
7492,82601,-106.3261798,42.851567,46,0,46
7493,24801,-81.58416957,37.43269985,15,0,15
7494,25865,-81.29972039,37.73634102,1,3,4
7495,27876,-77.44202991,36.4907925,1,1,2
7496,82729,-104.3785701,44.40537448,9,0,9
7497,07677,-74.0484743,41.0222044,18,0,18
7498,53045,-88.15785233,43.03838195,13,5,18
7499,43081,-82.9049129,40.0982878,10,7,17
7500,28516,-76.66106082,34.71780155,17,6,23
7501,98019,-121.9878919,47.73946578,16,0,16
7502,45372,-83.8346325,40.0118567,1,10,11
7503,54773,-91.31845854,44.36663825,4,4,8
7504,56142,-96.25221286,44.46276411,4,4,8
7505,07728,-74.29466587,40.23555506,70,2,72
7506,53074,-87.87171413,43.39002175,19,0,19
7507,98388,-122.5939772,47.1704958,10,0,10
7508,43560,-83.7045636,41.7167382,34,0,34
7509,08021,-74.99372062,39.78831498,22,2,24
7510,43338,-82.83128375,40.55027272,7,6,13
7511,28681,-81.17586176,35.92235277,28,16,44
7512,56560,-96.7652554,46.8842155,33,17,50
7513,98837,-119.2740384,47.13087305,30,0,30
7514,43506,-84.5533443,41.4761588,22,1,23
7515,43517,-84.74629109,41.45584811,3,6,9
7516,54456,-90.59424067,44.56037575,47,0,47
7517,23827,-77.19893365,36.58347333,1,0,1
7518,82009,-104.841752,41.16606648,204,0,204
7519,65251,-91.9290444,38.8446828,21,17,38
7520,28516,-76.66196269,34.71942556,46,10,56
7521,59479,-110.2221632,47.15358214,4,2,6
7522,28469,-78.43798826,33.88903089,13,8,21
7523,59632,-112.1206084,46.23615355,2,1,3
7524,24963,-80.79323574,37.39741743,1,0,1
7525,27893,-77.9358882,35.7239558,114,0,114
7526,28754,-82.54842783,35.82728699,5,3,8
7527,28734,-83.38818573,35.17878698,18,0,18
7528,26456,-80.77564848,39.29455052,1,0,1
7529,58554,-100.8920614,46.8277196,21,0,21
7530,28712,-82.7352482,35.2318836,52,11,63
7531,23883,-76.83455104,37.1340923,13,0,13
7532,59068,-109.2460353,45.1868288,7,2,9
7533,28787,-82.56015031,35.69559499,13,0,13
7534,63655,-90.16820655,37.42824447,1,0,1
7535,63866,-89.6100972,36.5186994,1,0,1
7536,28752,-82.0313386,35.6638889,40,1,41
7537,24910,-80.6436235,37.723101,2,4,6
7538,25136,-81.32887452,38.18087811,5,4,9
7539,65682,-93.95242459,37.38567273,2,0,2
7540,44867,-83.01680953,41.1225616,1,10,11
7541,65566,-91.13548698,37.71407221,1,10,11
7542,54457,-89.8095783,44.2210172,7,0,7
7543,63735,-89.81835073,37.02446931,1,0,1
7544,58495,-99.55793637,46.25874969,2,0,2
7545,63069,-90.7657356,38.4849123,17,0,17
7546,58533,-101.8450084,46.40461003,1,0,1
7547,53066,-88.46021168,43.14297658,12,0,12
7548,54961,-88.74675215,44.3935656,17,0,17
7549,23310,-75.9670754,37.1328671,33,0,33
7550,54806,-90.89027345,46.58869162,19,0,19
7551,54837,-92.46719226,45.66116016,2,0,2
7552,53022,-88.12113112,43.22021218,31,0,31
7553,54971,-88.82029184,43.84074321,1,3,4
7554,54891,-90.8951436,46.67128447,5,4,9
7555,54028,-92.29255125,44.95109359,3,3,6
7556,84701,-112.068968,38.77363068,24,1,25
7557,84078,-109.5204603,40.45613905,22,2,24
7558,56283,-95.11530296,44.53993371,11,0,11
7559,65757,-93.11685105,37.26920645,8,0,8
7560,44266,-81.2579654,41.2143027,66,10,76
7561,28009,-80.11456685,35.40559831,5,4,9
7562,65441,-91.24479213,38.1537988,5,0,5
7563,63852,-90.02504269,36.40541638,2,0,2
7564,63126,-90.3860595,38.5590365,29,0,29
7565,63037,-91.32878826,38.40224426,5,0,5
7566,82435,-108.7565365,44.7550334,17,0,17
7567,56353,-93.6488721,45.755175,6,2,8
7568,27563,-78.19300888,36.44407812,5,2,7
7569,65255,-92.22168495,39.11721727,3,6,9
7570,82801,-106.9567219,44.8153094,30,0,30
7571,23875,-77.28599015,37.2226564,51,0,51
7572,24970,-80.46558856,37.74844586,5,2,7
7573,27536,-78.40173089,36.32950656,46,0,46
7574,65667,-92.50985862,37.25116455,2,2,4
7575,43231,-82.9426814,40.0770519,6,5,11
7576,05743,-73.26680379,43.5952688,3,10,13
7577,43021,-82.911761,40.1807808,25,3,28
7578,27025,-79.96519929,36.39014622,13,1,14
7579,28445,-77.54270793,34.42921705,17,0,17
7580,45771,-81.9152622,38.9687014,0,2,2
7581,45690,-82.9835916,39.1249525,13,2,15
7582,24263,-83.1119681,36.69174991,3,0,3
7583,54880,-92.0971333,46.7215421,57,5,62
7584,53403,-87.78301802,42.72531252,146,0,146
7585,24901,-80.44656558,37.80182851,11,0,11
7586,99260,-117.428914,47.66554755,244,0,244
7587,28431,-78.8260903,34.3278469,9,3,12
7588,84341,-111.8049934,41.7673529,9,0,9
7589,07044,-74.2466417,40.8324325,28,0,28
7590,07407,-74.1238984,40.9007283,42,1,43
7591,45133,-83.6170589,39.2380308,35,1,36
7592,43113,-82.9517163,39.6118677,29,3,32
7593,45246,-84.4580698,39.2718455,7,4,11
7594,43125,-82.8831237,39.877814,15,2,17
7595,03264,-71.68277285,43.77605614,10,2,12
7596,43046,-82.5396711,39.8984238,1,2,3
7597,45231,-84.5258327,39.234395,49,3,52
7598,53919,-88.7823342,43.7353443,1,2,3
7599,58801,-103.6179708,48.14712972,15,1,16
7600,08904,-74.4227604,40.4972981,27,0,27
7601,07450,-74.1119802,40.9822547,40,0,40
7602,07057,-74.1145933,40.8530595,21,0,21
7603,07203,-74.2636314,40.658458,55,0,55
7604,07670,-73.9688717,40.92677542,37,0,37
7605,25303,-81.69506143,38.36621935,35,0,35
7606,43545,-84.1238074,41.3911449,25,0,25
7607,45215,-84.4549314,39.2391316,7,7,14
7608,08069,-75.4564979,39.71933,22,0,22
7609,07508,-74.18458745,40.95331621,18,4,22
7610,08511,-74.5624476,40.0469256,3,0,3
7611,65605,-93.7172782,36.97428483,16,0,16
7612,44857,-82.6094703,41.2226532,23,0,23
7613,43952,-80.6144021,40.3588131,46,0,46
7614,08033,-75.0304623,39.8983517,22,0,22
7615,45810,-83.8238489,40.7711681,8,3,11
7616,44125,-81.60172916,41.41168899,62,0,62
7617,89801,-115.7723704,40.8246854,57,2,59
7618,53227,-88.0533611,43.0019423,132,0,132
7619,53217,-87.9001639,43.1139507,24,0,24
7620,53533,-90.13153132,42.96073911,9,5,14
7621,44483,-80.8170315,41.23461,62,0,62
7622,44437,-80.7237667,41.1636378,5,8,13
7623,44428,-80.5881109,41.4401781,5,3,8
7624,43402,-83.6123821,41.3548642,73,0,73
7625,43452,-82.8417806,41.5562972,5,1,6
7626,44505,-80.64247993,41.16187891,21,0,21
7627,03045,-71.53803795,43.00962522,22,0,22
7628,56377,-94.2085709,45.6149585,17,0,17
7629,55917,-93.0492892,43.8658875,3,3,6
7630,55082,-92.82006317,45.03296889,9,0,9
7631,57717,-103.8531446,44.6686451,4,0,4
7632,57356,-98.53818305,43.15375219,4,3,7
7633,55349,-94.0707851,45.0599566,3,6,9
7634,56750,-96.27429026,47.88492755,6,0,6
7635,57062,-97.8962615,42.855015,2,0,2
7636,57641,-101.3471597,45.9216626,2,0,2
7637,56131,-95.59709406,43.86942371,2,4,6
7638,55918,-92.8688781,43.7410675,1,0,1
7639,73741,-98.27024686,36.5464862,1,5,6
7640,55109,-92.9917341,45.0138333,18,0,18
7641,57104,-96.73034128,43.55447116,221,7,228
7642,55706,-91.9394819,47.7076725,4,4,8
7643,56334,-95.38798327,45.64982918,4,6,10
7644,56334,-95.3875968,45.6498158,7,5,12
7645,53946,-88.9867862,43.7055512,3,4,7
7646,54968,-89.1231526,43.8453004,3,2,5
7647,55350,-94.3709886,44.8917291,23,3,26
7648,54112,-88.0317476,45.0654166,1,0,1
7649,53934,-89.81531759,43.97128625,27,0,27
7650,53582,-89.98891661,43.00461007,0,3,3
7651,55364,-93.7192368,44.9228759,12,0,12
7652,05671,-72.75110808,44.33162708,307,0,307
7653,56201,-95.0142517,45.1457957,33,0,33
7654,56628,-93.6548799,47.7440375,1,1,2
7655,56071,-93.5780684,44.5445714,9,1,10
7656,56278,-96.4444496,45.3046203,5,3,8
7657,53092,-87.9790174,43.2323491,7,0,7
7658,55921,-91.4945337,43.6343452,4,1,5
7659,57053,-97.13675544,43.39346454,8,3,11
7660,53122,-88.0828558,43.046737,16,1,17
7661,53949,-89.3299199,43.7935541,17,0,17
7662,73527,-98.628319,34.6284841,3,2,5
7663,73084,-97.382929,35.5071874,7,6,13
7664,73567,-98.1718471,34.750401,2,0,2
7665,74554,-95.7154581,34.927895,7,6,13
7666,74525,-96.127241,34.3849148,7,0,7
7667,73008,-97.631094,35.5073019,30,2,32
7668,73045,-97.161163,35.487556,9,2,11
7669,74960,-94.6246095,35.8077898,11,2,13
7670,53094,-88.723324,43.1959778,38,0,38
7671,73009,-98.3432332,35.3085255,1,1,2
7672,73015,-98.60464353,35.10669156,4,0,4
7673,53583,-89.7207451,43.2724262,15,2,17
7674,53156,-88.5864849,42.8787133,4,4,8
7675,57785,-103.5160589,44.41428609,18,0,18
7676,54470,-90.2058528,45.3172276,1,0,1
7677,53959,-90.0069429,43.5312062,20,0,20
7678,53933,-88.9027805,43.5656239,3,4,7
7679,53948,-90.073603,43.7972828,8,9,17
7680,53949,-89.3305085,43.7920465,2,2,4
7681,55309,-93.74708485,45.33337901,12,0,12
7682,69336,-103.1005809,41.6689684,4,0,4
7683,54481,-89.5814818,44.5201999,46,0,46
7684,69360,-102.460202,42.7177063,5,0,5
7685,54566,-88.65988283,45.4391283,1,4,5
7686,68959,-98.9487432,40.497427,7,0,7
7687,68788,-96.7098729,41.8392182,5,0,5
7688,68776,-96.4216399,42.4631594,28,0,28
7689,68826,-98.00063959,41.11537155,5,0,5
7690,68003,-96.379415,41.0394483,5,3,8
7691,68371,-97.8128952,40.778827,1,0,1
7692,68069,-96.2896527,41.2880288,1,4,5
7693,68745,-97.0908133,42.4305276,1,3,4
7694,68731,-96.419464,42.4160006,16,1,17
7695,68025,-96.49783384,41.43349771,17,0,17
7696,68939,-98.95429003,40.09761557,3,1,4
7697,68632,-97.1291045,41.2533688,8,0,8
7698,68352,-97.1781409,40.1337805,6,1,7
7699,73942,-101.4927447,36.683494,16,1,17
7700,74946,-94.4442133,35.3920432,1,0,1
7701,74017,-95.6129105,36.309404,38,0,38
7702,73036,-97.9557231,35.5338181,37,0,37
7703,74864,-96.6854963,35.4881192,8,2,10
7704,74531,-96.25046435,34.96773319,1,1,2
7705,74578,-95.3104296,34.9194894,5,2,7
7706,74959,-94.6207402,35.2365754,4,6,10
7707,74954,-94.5145225,35.4153025,5,5,10
7708,74058,-96.8028569,36.33880628,19,0,19
7709,73030,-97.11963345,34.50525177,8,24,32
7710,74538,-96.2179857,34.53765474,6,1,7
7711,74601,-97.0819509,36.7009735,56,0,56
7712,53188,-88.241893,43.029356,106,0,106
7713,57579,-100.7460442,43.5693032,3,0,3
7714,54982,-89.27939338,44.06959092,23,0,23
7715,53510,-90.33376392,42.73671644,1,3,4
7716,53119,-88.47380882,42.87879215,3,7,10
7717,44068,-80.65960254,41.91948085,5,4,9
7718,37694,-82.29241067,36.36750897,1,1,2
7719,38374,-88.24550165,35.51544549,3,1,4
7720,74066,-96.10727681,35.99964809,48,0,48
7721,44067,-81.5623695,41.337445,10,7,17
7722,57025,-96.68288202,42.6857623,7,0,7
7723,27954,-75.67432083,35.90890902,6,1,7
7724,25921,-81.2510598,37.7070972,5,0,5
7725,63366,-90.6666002,38.8221028,153,0,153
7726,74423,-95.1982488,35.6638159,1,3,4
7727,08096,-75.15004402,39.8410536,25,3,28
7728,65791,-91.53827567,36.52500988,6,2,8
7729,27371,-79.89409915,35.36509243,10,5,15
7730,28451,-78.009968,34.23606601,30,0,30
7731,59422,-112.1807279,47.81038718,9,4,13
7732,43140,-83.44650657,39.88498303,18,4,22
7733,43215,-82.99935596,39.95407074,455,0,455
7734,43821,-82.01276981,40.12012825,3,4,7
7735,54970,-89.10180395,44.04272423,3,4,7
7736,25951,-80.89125928,37.67219935,6,0,6
7737,26003,-80.72060252,40.06445458,29,0,29
7738,65675,-93.49916095,36.92985982,0,2,2
7739,65640,-93.96071061,39.91477362,2,5,7
7740,89446,-117.7334873,40.97204736,18,4,22
7741,89706,-119.7632539,39.15441027,31,0,31
7742,44222,-81.48394982,41.13877461,86,0,86
7743,84324,-111.9434369,41.50346032,1,2,3
7744,98807,-120.3162294,47.42218651,68,0,68
7745,98668,-122.6654167,45.62822998,199,0,199
7746,53060,-88.04518084,43.43243777,0,6,6
7747,53168,-88.10228279,42.53158403,1,8,9
7748,53141,-87.85610872,42.64251824,9,5,14
7749,54702,-91.5032551,44.80785402,96,0,96
7750,54903,-88.54216821,44.02098955,96,0,96
7751,38680,-90.1514464,34.946957,2,0,2
7752,29435,-80.4781915,32.9353163,2,4,6
7753,29137,-81.3126068,33.6288367,1,1,2
7754,29479,-79.9213716,33.4028322,5,1,6
7755,29081,-81.0140963,33.0969694,6,1,7
7756,29853,-81.4247959,33.4035694,8,2,10
7757,29910,-80.86213339,32.25942846,35,0,35
7758,29439,-79.94145458,32.65595809,13,0,13
7759,29824,-81.9270277,33.7887346,9,0,9
7760,29697,-82.478635,34.6190478,12,0,12
7761,29438,-80.3309329,32.4835869,6,0,6
7762,29706,-81.2308352,34.7081349,27,1,28
7763,29464,-79.88971369,32.8016719,137,0,137
7764,29148,-80.3514334,33.6081803,8,0,8
7765,29572,-78.7473395,33.7967872,1,0,1
7766,29582,-78.6852733,33.8276386,72,0,72
7767,29936,-80.9839066,32.4846629,15,0,15
7768,29570,-79.5458813,34.668371,6,0,6
7769,29150,-80.339292,33.9219317,107,4,111
7770,29115,-80.8661612,33.4924787,72,0,72
7771,50662,-91.8891939,42.6787942,0,0,0
7772,29334,-82.1442085,34.9377193,14,0,14
7773,39567,-88.5589154,30.3656729,83,3,86
7774,15143,-80.17975669,40.53815939,9,9,18
7775,39090,-89.5915503,33.059278,21,1,22
7776,39051,-89.5362493,32.7369884,14,0,14
7777,39482,-89.5455424,31.4167026,3,1,4
7778,38834,-88.5238701,34.9293882,14,9,23
7779,38668,-89.9933389,34.6116384,20,0,20
7780,38671,-90.0050275,34.9862076,96,2,98
7781,39772,-89.28771683,33.26822385,1,0,1
7782,39363,-88.7837973,32.1345036,1,3,4
7783,38762,-90.7298218,33.87879184,8,4,12
7784,39120,-91.3724163,31.5589834,48,0,48
7785,38834,-88.4576653,34.9310778,1,10,11
7786,38839,-89.2837323,33.8540052,1,3,4
7787,39176,-89.7420212,33.3315608,2,4,6
7788,39073,-90.1280242,32.1520165,11,1,12
7789,39350,-89.10892019,32.7707645,27,11,38
7790,39365,-89.1213819,32.5707663,7,6,13
7791,38610,-89.0276457,34.6696116,1,5,6
7792,38965,-89.6314643,34.158373,10,0,10
7793,39359,-89.3358995,32.5727391,1,4,5
7794,38760,-91.0039204,33.4495126,1,0,1
7795,39744,-89.2682572,33.5428985,6,6,12
7796,38753,-90.59252381,33.35403022,6,3,9
7797,39362,-88.4746532,31.4373739,1,2,3
7798,51250,-96.17742425,43.08049216,0,0,0
7799,39201,-90.1838738,32.2970703,480,0,480
7800,15010,-80.4245936,40.7569284,4,4,8
7801,19341,-75.6328626,40.0493331,22,0,22
7802,18940,-74.9375179,40.287735,18,0,18
7803,18938,-75.0116245,40.3831854,13,4,17
7804,16059,-79.9262511,40.7126777,3,2,5
7805,97439,-124.0877282,43.98320126,2,0,2
7806,87740,-104.4399278,36.9051508,13,0,13
7807,88435,-104.685251,34.9407084,8,0,8
7808,88310,-105.9552441,32.897126,71,0,71
7809,88353,-105.2027124,34.6011859,1,0,1
7810,87004,-106.5492819,35.3054091,21,0,21
7811,87507,-106.019923,35.6359665,150,0,150
7812,87556,-105.5959697,36.7138335,2,0,2
7813,79567,-99.9626355,31.9548143,4,0,4
7814,76450,-98.5843743,33.1167382,22,0,22
7815,79233,-100.4387572,34.5460222,2,0,2
7816,78516,-98.1108795,26.1868514,28,0,28
7817,78701,-97.7350031,30.2674351,1515,0,1515
7818,76036,-97.36751857,32.57405341,22,0,22
7819,77446,-96.0055759,30.0786287,8,0,8
7820,77484,-95.92436676,30.0581916,5,3,8
7821,75551,-94.1660996,33.1190068,15,0,15
7822,77803,-96.3710562,30.6702945,123,4,127
7823,79359,-102.5630916,32.94208381,3,0,3
7824,79322,-101.2403642,33.65965749,2,1,3
7825,75165,-96.8463879,32.3866572,53,2,55
7826,75751,-95.8567205,32.20888,24,0,24
7827,78583,-97.5839411,26.2362089,4,3,7
7828,78586,-97.6442995,26.1537876,47,0,47
7829,78640,-97.8776905,29.9892043,24,0,24
7830,76689,-97.4714475,31.657633,2,0,2
7831,76522,-97.9005382,31.1229321,52,0,52
7832,78578,-97.29143136,26.10246255,7,1,8
7833,76645,-97.1304336,32.0154185,22,0,22
7834,78605,-98.0563654,30.7437465,3,0,3
7835,77486,-95.6452296,29.1429719,10,0,10
7836,76021,-97.1313047,32.8421079,74,0,74
7837,76131,-97.3426501,32.8594163,8,5,13
7838,75141,-96.7141398,32.6492111,14,1,15
7839,75211,-96.8883583,32.735326,14,0,14
7840,76051,-97.080495,32.9321922,90,0,90
7841,76262,-97.1888455,32.9966744,15,3,18
7842,78239,-98.3815738,29.5166096,17,0,17
7843,75065,-97.0275925,33.1186557,13,0,13
7844,78207,-98.4991078,29.42274765,2020,0,2020
7845,75006,-96.8866819,32.9765368,159,0,159
7846,77515,-95.4300745,29.1818519,37,0,37
7847,78645,-97.9909882,30.4728141,16,0,16
7848,76541,-97.7295239,31.121703,190,0,190
7849,75407,-96.4974603,33.180882,11,0,11
7850,78934,-96.5421389,29.7051453,10,0,10
7851,76534,-97.4038775,30.8790713,1,0,1
7852,75976,-94.94081,31.4884572,1,4,5
7853,76579,-97.3013317,31.2050528,4,0,4
7854,78881,-99.4676186,29.3216384,4,0,4
7855,78654,-98.3849427,30.5906578,7,5,12
7856,76013,-97.1520532,32.7197566,10,0,10
7857,78041,-99.470346,27.5391805,430,0,430
7858,76108,-97.4954155,32.8235959,4,0,4
7859,76108,-97.4721499,32.7666439,34,3,37
7860,77521,-94.9627336,29.7559146,2,0,2
7861,78956,-96.906628,29.6812632,10,0,10
7862,78570,-97.9119067,26.1483748,28,0,28
7863,75495,-96.57743154,33.42284526,8,0,8
7864,75650,-94.57483008,32.50419486,5,0,5
7865,79373,-101.7964783,33.1637939,4,1,5
7866,38652,-89.0109979,34.4910039,28,2,30
7867,17073,-76.3070998,40.2961949,2,0,2
7868,16693,-78.2007198,40.4606528,1,4,5
7869,15210,-79.9872048,40.4162684,10,3,13
7870,18914,-75.209011,40.2868802,5,0,5
7871,19020,-74.9436865,40.1087091,104,0,104
7872,19565,-76.0769607,40.330977,2,7,9
7873,18840,-76.5381482,41.99739458,3,5,8
7874,15102,-80.0315504,40.3324453,36,0,36
7875,19047,-74.90654,40.1826732,53,0,53
7876,15921,-78.7008539,40.3225628,2,2,4
7877,18052,-75.4985997,40.6550951,50,0,50
7878,17866,-76.5652534,40.7886601,12,0,12
7879,19446,-75.28522064,40.24087178,20,3,23
7880,16314,-80.0478438,41.5203835,1,3,4
7881,15901,-78.9187238,40.3275721,44,0,44
7882,15139,-79.8388443,40.5230359,6,6,12
7883,19032,-75.2788114,39.8993473,10,9,19
7884,19061,-75.4187166,39.8194483,5,6,11
7885,19018,-75.2876398,39.9223258,6,7,13
7886,15963,-78.83414269,40.23539369,2,11,13
7887,19023,-75.2579077,39.9211134,16,17,33
7888,18603,-76.245394,41.067215,14,4,18
7889,19050,-75.2717272,39.9382035,16,0,16
7890,19465,-75.6167777,40.1973704,7,1,8
7891,17737,-76.7212038,41.235924,1,4,5
7892,19070,-75.3221077,39.9113719,4,11,15
7893,15613,-79.5288554,40.5851541,1,5,6
7894,17948,-76.1386137,40.8124629,4,8,12
7895,17815,-76.4758625,40.9816094,1,5,6
7896,19369,-75.8874535,39.9817434,2,6,8
7897,17983,-76.54259562,40.63997439,2,5,7
7898,15320,-79.9655689,39.8991675,5,1,6
7899,16146,-80.5125443,41.2296397,25,0,25
7900,19050,-75.261761,39.9454525,3,8,11
7901,19365,-75.94158883,39.98577264,4,5,9
7902,17777,-76.8631635,41.0843766,5,2,7
7903,18372,-75.3054774,41.0370144,18,0,18
7904,17801,-76.789772,40.8609968,12,9,21
7905,16403,-80.0608585,41.8047225,3,2,5
7906,16635,-78.4311854,40.4450547,5,3,8
7907,16229,-79.6855717,40.6723938,2,6,8
7908,18421,-75.602194,41.6570793,1,0,1
7909,16226,-79.5304612,40.7713117,3,14,17
7910,16641,-78.5514437,40.482424,2,2,4
7911,15963,-78.8374291,40.2051019,3,6,9
7912,19320,-75.8420085,39.9593401,7,3,10
7913,15009,-80.3668587,40.7114481,6,8,14
7914,19333,-75.426922,40.0227665,14,0,14
7915,16002,-79.9224806,40.7813767,3,1,4
7916,16056,-79.8173487,40.7509265,2,5,7
7917,15003,-80.2193509,40.60736,5,6,11
7918,19507,-76.2917409,40.477849,2,2,4
7919,19007,-74.8115827,40.1420031,6,8,14
7920,19067,-74.8369398,40.2414148,3,7,10
7921,19320,-75.820403,39.9822091,33,0,33
7922,19512,-75.6363915,40.3302244,7,4,11
7923,15613,-79.6038091,40.5480375,6,5,11
7924,18643,-75.8151455,41.3218189,3,9,12
7925,75418,-96.1763991,33.5782965,26,3,29
7926,78028,-99.1383625,30.0489072,51,0,51
7927,78363,-97.8458717,27.5165589,45,0,45
7928,77551,-94.83054998,29.29347139,161,1,162
7929,78006,-98.7300956,29.7956878,26,0,26
7930,75114,-96.4559943,32.6275148,10,6,16
7931,76711,-97.14966822,31.52496601,8,0,8
7932,77565,-95.0153128,29.5344126,19,3,22
7933,77590,-94.9089347,29.3946456,85,0,85
7934,77510,-95.0813649,29.37079,19,0,19
7935,76653,-96.6297532,31.3073984,1,0,1
7936,79553,-99.80328876,32.94590324,8,0,8
7937,77465,-96.2155017,28.7001991,11,3,14
7938,79701,-102.0760498,32.0031553,153,0,153
7939,79512,-100.8686399,32.38951155,7,0,7
7940,76058,-97.3888224,32.4609897,13,0,13
7941,79022,-102.5215164,36.061663,3,0,3
7942,78336,-97.14945666,27.91029229,23,0,23
7943,78343,-97.7987052,27.5861592,5,0,5
7944,79316,-102.2797502,33.17979519,17,0,17
7945,77437,-96.2677999,29.1984846,29,0,29
7946,78584,-98.99902499,26.40175978,22,0,22
7947,76530,-97.44197773,30.71785446,3,2,5
7948,76354,-98.5726209,34.098182,18,1,19
7949,75683,-94.7186323,32.7988848,4,0,4
7950,76380,-99.26208282,33.59468672,7,1,8
7951,79745,-103.0973135,31.8557005,10,0,10
7952,78941,-97.10618819,29.68698315,4,2,6
7953,76272,-97.16478141,33.48806459,1,2,3
7954,77445,-96.0803256,30.0951123,16,0,16
7955,79068,-101.3788568,35.34237045,4,0,4
7956,78957,-97.159903,30.0094792,10,4,14
7957,29135,-80.78006955,33.66373193,22,2,24
7958,18657,-75.9298941,41.5082154,4,3,7
7959,15012,-79.7738311,40.1652374,14,2,16
7960,18201,-75.9768372,40.9561695,39,0,39
7961,15618,-79.4618943,40.5288218,2,0,2
7962,17097,-76.6924355,40.5734916,1,0,1
7963,15235,-79.8198482,40.4721822,47,0,47
7964,18202,-75.9922912,40.9576516,1,7,8
7965,15106,-80.0840593,40.3869189,20,0,20
7966,17402,-76.6824952,39.9208332,50,0,50
7967,15104,-79.86857733,40.40403778,1,11,12
7968,19063,-75.387119,39.9303781,13,3,16
7969,18603,-76.2138271,41.0653916,3,3,6
7970,17331,-76.9478726,39.7477493,7,0,7
7971,17403,-76.7091282,39.9419976,18,0,18
7972,19064,-75.3284232,39.9316392,33,0,33
7973,18661,-75.7734086,41.0613089,2,2,4
7974,17404,-76.7652335,39.954509,9,5,14
7975,15236,-79.9799663,40.3509114,20,0,20
7976,19090,-75.11766,40.1444236,39,0,39
7977,18705,-75.84904,41.277628,19,0,19
7978,18704,-75.9248206,41.2645903,4,7,11
7979,18083,-75.2632667,40.7566489,0,7,7
7980,79731,-102.3512145,31.39697188,6,1,7
7981,76823,-99.1324015,31.7146413,2,1,3
7982,78026,-98.54289876,28.91985213,8,2,10
7983,75801,-95.6342604,31.7637594,31,0,31
7984,76011,-97.1135503,32.738432,610,24,634
7985,75956,-93.8936963,30.66036399,5,0,5
7986,12009,-73.9358356,42.7175455,34,0,34
7987,51038,-96.255659,42.719365,0,0,0
7988,13815,-75.5223096,42.5310154,19,0,19
7989,12189,-73.70028343,42.72557044,26,0,26
7990,14737,-78.4543615,42.3454378,2,11,13
7991,10917,-74.1251843,41.3389046,22,1,23
7992,12566,-74.30467851,41.60285397,12,10,22
7993,14228,-78.7803627,43.0176399,153,0,153
7994,14072,-78.96032431,43.0209424,0,13,13
7995,12123,-73.6092152,42.5119455,0,8,8
7996,39452,-88.5899394,30.9234883,16,5,21
7997,39355,-88.7347685,32.0412817,20,5,25
7998,39475,-89.4134228,31.1444292,38,3,41
7999,39339,-89.05454332,33.12321769,7,12,19
8000,38930,-90.21012052,33.48037901,22,2,24
8001,15009,-80.3088586,40.695313,25,22,47
8002,18801,-75.8770804,41.8344378,7,0,7
8003,15419,-79.882587,40.0654512,13,0,13
8004,97823,-120.1864349,45.23554731,5,3,8
8005,97322,-123.0973249,44.63029393,128,6,134
8006,97741,-121.1471595,44.6637734,15,0,15
8007,97128,-123.1935439,45.2119714,36,3,39
8008,97045,-122.6003047,45.3299573,319,0,319
8009,97239,-122.688497,45.49869542,34,0,34
8010,87830,-108.757806,33.71240422,7,0,7
8011,88003,-106.7607738,32.2818482,19,0,19
8012,88030,-107.7560446,32.2610485,30,0,30
8013,88119,-104.2434732,34.47218443,3,0,3
8014,79521,-99.7348807,33.1553834,3,0,3
8016,77541,-95.3477518,28.9510915,1,0,1
8017,78539,-98.1798919,26.308136,11,0,11
8018,79227,-99.7234216,33.9836675,5,0,5
8019,76856,-99.2323332,30.7480921,4,2,6
8020,75951,-93.9893842,30.9258093,17,1,18
8021,78061,-99.09178519,28.88681717,11,0,11
8022,77301,-95.4519059,30.3350978,357,0,357
8023,79754,-103.5986623,31.7065531,2,0,2
8024,76550,-98.17810761,31.06474357,16,0,16
8025,02809,-71.2607492,41.679229,42,0,42
8026,02914,-71.3529922,41.8150651,98,0,98
8027,02898,-71.6990268,41.5148782,13,4,17
8028,02896,-71.5183332,41.9834554,21,0,21
8029,02813,-71.66763428,41.37475755,20,0,20
8030,02895,-71.50986206,42.0059881,99,0,99
8031,13148,-76.7971942,42.9128449,13,0,13
8032,12477,-73.9587629,42.0814464,17,8,25
8033,13420,-74.97068903,43.71238764,5,2,7
8034,12413,-74.00276735,42.29804303,2,12,14
8035,14850,-76.479033,42.4696602,6,8,14
8036,13492,-75.32243296,43.10672652,6,7,13
8038,79772,-103.4938721,31.4237461,0,4,4
8039,78028,-99.12575318,30.02805642,45,1,46
8040,76234,-97.6107146,33.2321215,52,1,53
8042,79701,-102.0749274,31.9943058,64,30,94
8043,76904,-100.4552146,31.4329474,1,0,1
8045,79845,-104.3625337,29.5625105,2,0,2
8047,79248,-100.3013751,34.0139632,2,0,2
8048,50313,-93.6209731,41.6479497,0,0,0
8049,12701,-74.6842213,41.65578725,44,0,44
8050,18471,-75.7071048,41.5300412,3,1,4
8051,87410,-107.9968961,36.823784,16,0,16
8052,77032,-95.36271685,29.96720397,5053,0,5053
8053,39564,-88.76510337,30.4091297,43,14,57
8054,39038,-90.4889754,33.1801051,10,1,11
8055,38901,-89.803658,33.785871,12,5,17
8056,18080,-75.6051374,40.7504385,7,7,14
8057,18034,-75.4038796,40.5349917,20,0,20
8058,15301,-80.2464984,40.1680849,31,0,31
8059,17011,-76.9183978,40.2296375,21,0,21
8060,18042,-75.21140912,40.69190793,58,0,58
8061,18088,-75.5942315,40.7520162,4,7,11
8062,19526,-76.0170163,40.5394941,2,0,2
8063,15902,-78.8825579,40.3274059,2,3,5
8064,17579,-76.1909099,39.9848622,4,2,6
8065,15108,-80.2081188,40.5045787,30,0,30
8066,17022,-76.5997745,40.1456368,16,0,16
8067,17545,-76.3944865,40.1639449,8,0,8
8068,17013,-77.1445506,40.267951,9,2,11
8069,18222,-76.0017987,41.015705,8,1,9
8070,19401,-75.3327431,40.1426525,28,0,28
8071,15022,-79.9504942,40.1374505,2,4,6
8072,17752,-76.8767428,41.169856,3,3,6
8073,17701,-77.0453743,41.2567662,8,0,8
8074,16735,-78.8094593,41.6609143,5,5,10
8075,15021,-80.4486346,40.4234934,2,25,27
8076,18020,-75.3140476,40.6661849,32,0,32
8077,16666,-78.2663304,40.8650998,1,2,3
8078,97913,-116.9960855,43.8761221,7,0,7
8079,97845,-118.94746,44.4159452,4,0,4
8080,97330,-123.2631155,44.56574,52,0,52
8081,97058,-121.1841892,45.6011816,21,0,21
8083,75672,-94.3498801,32.5185738,4,0,4
8084,77414,-95.98360056,28.9819696,6,0,6
8085,75949,-94.5716774,31.285691,1,0,1
8086,13032,-75.74991464,43.07874742,25,0,25
8087,79311,-101.8435122,33.8318452,4,0,4
8088,45459,-84.1057337,39.6509036,16,4,20
8089,43525,-83.7029658,41.4646539,2,6,8
8090,03269,-71.58570738,43.49299664,6,4,10
8091,89406,-118.7778975,39.4745076,23,0,23
8092,53503,-89.91993714,43.1633078,2,3,5
8093,43456,-82.8202053,41.6522606,3,35,38
8094,45807,-84.1887372,40.7831285,1,16,17
8095,44255,-81.2246094,41.2837303,4,8,12
8096,43449,-83.1472655,41.5091715,4,6,10
8097,45801,-84.1036506,40.7403732,80,0,80
8098,63839,-89.81161867,36.04707796,1,4,5
8099,55359,-93.6858708,45.0126424,9,0,9
8100,54971,-88.8386492,43.8465797,14,0,14
8101,45697,-83.6510158,38.9427835,2,2,4
8102,45135,-83.5545414,39.3441016,3,3,6
8103,28675,-81.1172581,36.5021174,6,7,13
8104,44133,-81.7379442,41.3141947,38,0,38
8105,55342,-94.71473091,44.74279484,2,2,4
8106,03230,-71.8648732,43.52618695,0,4,4
8107,45068,-84.0901775,39.5448769,2,15,17
8108,05701,-72.9769946,43.6046706,41,4,45
8109,07603,-74.0297306,40.8792856,15,0,15
8110,07712,-74.01389657,40.21676716,90,0,90
8111,07701,-74.0696623,40.3494658,42,0,42
8112,03051,-71.3853911,42.7769879,47,0,47
8113,07675,-73.98281267,41.01222696,13,0,13
8114,08080,-75.08153509,39.74529142,86,7,93
8115,08007,-75.0526103,39.8709814,15,0,15
8116,07432,-74.1413622,40.99126,13,5,18
8117,08244,-74.5966955,39.313153,24,4,28
8118,07021,-74.2842086,40.8301726,13,0,13
8119,08812,-74.473384,40.600288,23,0,23
8120,07932,-74.3978861,40.7841343,33,0,33
8121,37082,-87.1142893,36.1016954,5,0,5
8122,37716,-84.13481474,36.10050463,24,0,24
8123,37367,-85.1894855,35.6068865,3,0,3
8124,38006,-89.0874346,35.7100205,5,2,7
8125,37701,-83.9762022,35.8088489,40,0,40
8126,07041,-74.3116531,40.7241423,54,0,54
8127,43935,-80.7254135,40.0962395,14,4,18
8128,43912,-80.742218,40.071996,5,3,8
8129,38060,-89.5115207,35.2273717,13,1,14
8130,45764,-82.2409916,39.4586729,8,6,14
8131,27317,-79.80504835,35.81769999,14,0,14
8132,56514,-96.4204585,46.6531941,5,0,5
8133,43351,-83.2801437,40.8270906,13,0,13
8134,05149,-72.7072657,43.3965202,5,1,6
8135,23308,-75.6184121,37.8292235,1,0,1
8136,58561,-99.77034294,46.50091612,1,1,2
8137,58545,-101.6170302,47.29904083,4,0,4
8138,98935,-119.9977577,46.2130598,4,1,5
8139,23832,-77.5074561,37.3768422,475,3,478
8140,45309,-84.4237161,39.7890071,3,20,23
8141,22902,-78.4773977,38.0298944,115,0,115
8142,37101,-87.6334372,36.1077927,4,1,5
8143,56013,-94.1030746,43.6425203,9,13,22
8144,98368,-122.7535794,48.1154084,15,0,15
8145,24348,-81.14892313,36.62322235,23,2,25
8146,58367,-99.6145722,48.8610222,3,1,4
8147,22630,-78.19238198,38.91667616,37,1,38
8148,55101,-93.08597139,44.95696864,235,0,235
8149,44842,-82.2347914,40.6365602,6,7,13
8150,55024,-93.1755809,44.6664377,24,0,24
8151,55343,-93.4134515,44.9221299,26,0,26
8152,55044,-93.2416518,44.6572022,52,0,52
8153,55112,-93.1927311,45.0622589,28,0,28
8154,55447,-93.47485824,45.01945956,70,0,70
8155,24354,-81.52862356,36.82816366,18,0,18
8156,37645,-82.6561467,36.5463568,6,4,10
8157,37857,-83.00668639,36.40827136,14,0,14
8158,58504,-100.690032,46.7645317,3,0,3
8159,26201,-80.2312286,38.9935435,10,0,10
8160,26040,-80.72934221,39.98849739,3,9,12
8161,25550,-82.1378026,38.8442541,21,0,21
8162,43213,-82.8856241,39.9683389,45,0,45
8163,26351,-80.83688812,38.93365131,3,1,4
8164,22802,-78.8686943,38.450669,85,0,85
8165,22815,-78.79817666,38.61254781,4,4,8
8166,45714,-81.5941379,39.277706,9,0,9
8167,45715,-81.6322037,39.5549807,3,5,8
8168,22030,-77.29987808,38.85172858,63,0,63
8169,27707,-78.90144303,35.97370453,28,0,28
8170,45377,-84.194998,39.8930322,30,0,30
8171,43832,-81.606728,40.2740971,8,1,9
8172,64482,-95.51964424,40.41132765,4,3,7
8173,98198,-122.3194685,47.4054084,44,0,44
8174,68770,-96.7089901,42.5627793,7,4,11
8175,98065,-121.8758006,47.527153,12,0,12
8176,08014,-75.3429428,39.8002756,20,0,20
8177,23952,-78.26606031,36.96194645,14,1,15
8178,03254,-71.39412654,43.75660331,12,4,16
8179,07620,-73.9290431,40.9486379,13,0,13
8180,98604,-122.5431511,45.77937672,25,0,25
8181,98607,-122.3857031,45.58796041,25,0,25
8182,98856,-120.1210368,48.36449536,3,0,3
8183,98022,-121.9895986,47.20471869,15,0,15
8184,99324,-118.3880427,46.0431047,11,0,11
8185,08022,-74.720631,40.0719298,14,2,16
8186,99352,-119.2746652,46.2783766,58,0,58
8187,24273,-82.6285579,36.9354969,17,1,18
8188,37174,-86.9428601,35.7497541,37,0,37
8189,03287,-71.8916351,43.416897,1,3,4
8190,28779,-83.2229304,35.3749293,13,2,15
8191,23901,-78.3925246,37.3012369,27,3,30
8192,38401,-87.06627607,35.61010857,82,0,82
8193,23944,-78.1174966,36.9599565,5,0,5
8194,64477,-94.4467395,39.5660243,15,3,18
8195,23927,-78.565081,36.62236125,8,2,10
8196,54911,-88.4115939,44.2602951,110,0,110
8197,98620,-120.8232207,45.81434447,9,0,9
8198,37091,-86.7870894,35.4505322,23,0,23
8199,59802,-113.9950408,46.8744297,100,0,100
8200,07830,-74.7730071,40.7021124,12,0,12
8201,07006,-74.2922767,40.8505392,29,0,29
8202,08520,-74.5229489,40.2711949,14,0,14
8203,08530,-74.9472821,40.3779536,9,0,9
8204,59538,-107.8785542,48.357172,9,0,9
8205,43527,-84.1295836,41.2490691,1,0,1
8206,43014,-82.26022655,40.44571154,2,0,2
8207,44094,-81.4245298,41.6275256,44,19,63
8208,59317,-105.4073718,45.44422841,3,1,4
8209,44056,-81.50399364,41.31169713,23,0,23
8210,44202,-81.39659602,41.34560321,8,8,16
8211,08801,-74.8794908,40.6225788,26,2,28
8212,59901,-114.3108767,48.1895072,53,1,54
8213,59873,-115.3485821,47.59400356,3,1,4
8214,59873,-115.3510868,47.59478,9,2,11
8215,74727,-95.869023,34.0276913,2,0,2
8216,73007,-97.32552589,35.66396299,1,0,1
8217,82729,-104.3807773,44.40561712,4,1,5
8218,82423,-108.6174321,44.9694372,1,0,1
8219,26143,-81.39408319,39.06362097,2,0,2
8220,26847,-79.1254226,38.9938216,2,5,7
8221,26041,-80.7438088,39.9195994,17,0,17
8222,26047,-80.60855205,40.49948129,3,3,6
8223,84532,-109.5462858,38.5737568,15,0,15
8224,27278,-79.0983903,36.0748887,115,0,115
8225,43040,-83.3690436,40.2360559,44,1,45
8226,28580,-77.67010297,35.45552142,24,4,28
8227,08691,-74.620146,40.2147002,25,0,25
8228,27891,-77.7118567,36.1075713,2,6,8
8229,28762,-82.1816806,35.6284704,5,1,6
8230,84414,-111.964688,41.3052121,16,0,16
8231,28326,-79.2548304,35.3268566,1,0,1
8232,03443,-72.47089564,42.88514218,5,2,7
8233,82223,-104.3458013,42.13540642,1,0,1
8234,44203,-81.6474641,41.0239491,15,6,21
8235,03455,-72.2028985,42.9046313,3,0,3
8236,65355,-93.3820254,38.2410878,7,3,10
8237,64093,-93.7409503,38.7624094,34,1,35
8238,65588,-91.3247374,37.0091792,4,0,4
8239,63068,-91.2151435,38.6149951,6,1,7
8240,63935,-90.8288296,36.6180188,8,4,12
8241,28328,-78.3026917,34.9924781,84,1,85
8242,83101,-110.5351816,41.81088655,8,0,8
8243,63933,-90.07597166,36.49291084,3,5,8
8244,65340,-93.2012179,39.1206822,25,6,31
8245,98264,-122.4815407,48.9403023,14,0,14
8246,64473,-95.1436538,39.986245,1,3,4
8247,08010,-74.920766,40.0629723,7,0,7
8248,28428,-77.89932485,34.04530483,28,6,34
8249,26537,-79.6887217,39.4669578,4,1,5
8250,43040,-83.36674801,40.23500854,31,0,31
8251,25162,-81.38409,38.2098196,1,1,2
8252,25067,-81.4415616,38.2171937,2,0,2
8253,03226,-71.4633549,43.708306,3,5,8
8254,05602,-72.5778943,44.2117592,5,7,12
8255,65560,-91.5382044,37.6461601,13,0,13
8256,53147,-88.432699,42.5926831,22,9,31
8257,03440,-71.9383474,43.0298902,3,2,5
8258,37311,-84.8832341,35.1333393,200,4,204
8259,64068,-94.4818873,39.2123504,9,7,16
8260,53511,-89.02299195,42.55480746,13,1,14
8261,44090,-82.21675852,41.16774539,6,9,15
8262,03031,-71.61559746,42.86498967,17,2,19
8263,28803,-82.53695513,35.54049297,13,0,13
8264,37355,-86.0843959,35.4780902,76,8,84
8265,27932,-76.60389264,36.06238714,12,5,17
8266,03043,-71.8115898,42.9873105,1,4,5
8267,54940,-88.86730039,44.26139466,0,8,8
8268,37185,-87.7965876,36.0824463,19,2,21
8269,44632,-81.3325301,40.9641257,7,5,12
8270,07456,-74.2651275,41.1294711,22,0,22
8271,08079,-75.4690449,39.5722477,24,3,27
8272,07921,-74.6432325,40.675592,16,0,16
8273,59349,-105.312586,46.7920585,3,0,3
8274,03057,-71.6732856,42.89326657,3,2,5
8275,89440,-119.6505809,39.2976259,26,2,28
8276,08740,-74.140403,39.9244337,6,0,6
8277,98930,-119.9038527,46.2550124,18,0,18
8278,28073,-81.4499444,35.1697227,1,1,2
8279,84655,-111.7910772,39.9752487,10,3,13
8280,27526,-78.79950596,35.58514333,28,0,28
8281,84414,-111.9887594,41.319942,8,1,9
8282,27910,-76.9882765,36.2865695,17,5,22
8283,03281,-71.73807362,43.10295754,11,3,14
8284,27017,-80.72420399,36.39805555,5,10,15
8285,08876,-74.6996991,40.5612725,26,0,26
8286,03827,-71.0157567,42.901118,4,5,9
8287,27514,-79.052867,35.926835,112,7,119
8288,05401,-73.2211021,44.4823272,89,3,92
8289,03824,-70.9072735,43.1436314,18,3,21
8290,03858,-71.02418724,42.87468842,4,12,16
8291,03753,-72.1382074,43.49154607,4,5,9
8292,03773,-72.17260598,43.36329937,14,4,18
8293,03280,-72.09597613,43.17640196,1,4,5
8294,05363,-72.870766,42.8683964,6,2,8
8295,05060,-72.66635733,43.92280315,5,2,7
8296,65043,-92.11749331,38.6499256,7,1,8
8297,58721,-102.2486651,48.8007878,4,0,4
8298,64080,-94.2725957,38.7849757,12,3,15
8299,53115,-88.6464794,42.6315451,19,9,28
8300,58421,-99.1263204,47.4550696,3,0,3
8301,58438,-99.62538217,47.64902383,3,0,3
8302,44657,-81.1031663,40.729345,9,6,15
8303,58788,-100.404432,48.3431256,7,0,7
8304,38485,-87.76082885,35.3192616,16,0,16
8305,58324,-99.20573,48.4933769,2,0,2
8306,38585,-85.4672034,35.7483219,9,0,9
8307,98239,-122.6845049,48.2174864,60,0,60
8308,38551,-85.5076536,36.5505002,10,4,14
8309,37321,-85.0154413,35.491558,17,0,17
8310,64161,-94.493481,39.1536989,2,8,10
8311,63080,-91.1716404,38.1998542,18,0,18
8312,55012,-92.8222917,45.3991662,40,0,40
8313,37129,-86.4122081,35.8361583,189,0,189
8314,38501,-85.4988923,36.1614819,58,0,58
8315,37030,-85.95370787,36.25105896,19,2,21
8316,37064,-86.8850323,35.899933,99,16,115
8317,54024,-92.6362667,45.4016661,5,4,9
8318,64746,-94.506108,38.6175814,1,0,1
8319,54956,-88.4705981,44.1631559,40,0,40
8320,53172,-87.8725916,42.9066615,33,0,33
8321,44060,-81.3345222,41.6985377,82,4,86
8322,38478,-87.0541804,35.2166765,28,1,29
8323,43357,-83.75550204,40.25358847,2,8,10
8324,64015,-94.2787432,39.0172304,83,5,88
8325,84302,-112.0351901,41.5090937,29,1,30
8326,43612,-83.5263855,41.72129052,5,12,17
8327,63384,-91.56963734,39.0721907,3,3,6
8328,65013,-91.7194182,38.2868853,3,2,5
8329,63834,-89.34971608,36.92506956,11,2,13
8330,22314,-77.0644737,38.798034,315,0,315
8331,65712,-93.81714247,37.10281986,10,0,10
8332,65401,-91.77129411,37.95211319,32,0,32
8333,84015,-112.0553016,41.1458498,17,2,19
8334,08886,-75.1126343,40.6935325,11,0,11
8335,08865,-75.1717275,40.7006443,14,0,14
8336,64011,-94.07248084,39.0075045,1,1,2
8337,84115,-111.8907092,40.7094351,59,0,59
8338,07860,-74.86237248,41.05722438,5,0,5
8339,43440,-82.8188221,41.5153975,7,0,7
8340,37086,-86.58017184,36.02252244,44,4,48
8341,37172,-86.97071673,36.440617,4,2,6
8342,44460,-80.9160886,40.944502,8,9,17
8343,03777,-72.1025067,43.8822108,2,0,2
8344,23188,-76.7413256,37.2754795,17,3,20
8345,03576,-71.4977717,44.8947683,5,3,8
8346,22611,-77.9805494,39.1515792,18,4,22
8347,43701,-82.0188943,39.9028407,3,0,3
8348,43614,-83.59883089,41.61742621,4,3,7
8349,53517,-89.8336527,43.0185075,1,4,5
8350,64843,-94.4058688,36.7395991,2,0,2
8351,63390,-91.01880576,38.82908113,8,8,16
8352,84513,-111.02705,39.2433427,26,0,26
8353,63131,-90.4434145,38.6011812,39,0,39
8354,63132,-90.3803124,38.6744622,23,0,23
8355,63105,-90.3389869,38.6498811,781,0,781
8356,63043,-90.4354834,38.7149878,77,0,77
8357,44514,-80.5882075,41.0045779,11,5,16
8358,43571,-83.8021398,41.5141025,9,7,16
8359,54615,-90.84286884,44.28476963,2,4,6
8360,56468,-94.2884489,46.5224149,5,0,5
8361,44431,-80.7552741,40.8787122,3,8,11
8362,43065,-83.0767631,40.1568951,17,0,17
8363,56367,-94.2172051,45.7537095,2,0,2
8364,03755,-72.2734503,43.7195729,20,1,21
8365,44143,-81.4941706,41.5533416,22,1,23
8366,44413,-80.5382999,40.8324321,6,9,15
8367,44460,-80.8547697,40.9273303,5,4,9
8368,44141,-81.6261103,41.3156456,31,7,38
8369,23301,-75.6702261,37.71984119,27,0,27
8370,24343,-80.73481425,36.76787771,30,1,31
8371,44691,-81.94254246,40.79928506,70,1,71
8372,43567,-84.1411864,41.545368,23,7,30
8373,54139,-88.0461122,44.9507605,1,4,5
8374,45056,-84.7421392,39.4995386,3,14,17
8375,37892,-84.4493472,36.5520736,3,5,8
8376,44287,-82.107362,40.9747944,0,9,9
8377,03774,-72.02577614,44.09616505,7,2,9
8378,54416,-88.9293938,44.9021562,6,0,6
8379,44270,-81.7805758,40.9730963,9,8,17
8380,44677,-81.8611195,40.8627604,3,6,9
8381,53085,-87.8134974,43.7289864,14,1,15
8382,55046,-93.4294486,44.4794406,5,3,8
8383,44062,-81.0737499,41.4635904,10,3,13
8384,43521,-84.3283372,41.6732634,2,11,13
8385,43558,-83.8873119,41.5887484,6,3,9
8386,63048,-90.3784865,38.2634622,13,0,13
8387,82225,-104.4505441,42.76289449,4,2,6
8388,82643,-106.2770103,43.4130486,1,0,1
8389,44120,-81.5645229,41.4680442,69,0,69
8390,98502,-122.9123509,47.02930097,88,0,88
8391,43209,-82.93981355,39.95759748,28,0,28
8392,23030,-77.07186401,37.34127612,10,1,11
8393,43945,-80.8395375,40.6250714,3,6,9
8394,44022,-81.3925884,41.4294852,11,10,21
8395,89512,-119.810997,39.5738515,414,0,414
8396,43160,-83.43902334,39.53751001,22,0,22
8397,98402,-122.4454288,47.25370133,292,0,292
8398,99347,-117.6001846,46.47493256,8,8,16
8399,98366,-122.6381082,47.5376815,121,0,121
8400,28138,-80.4092259,35.5528392,5,12,17
8401,28159,-80.436463,35.6876371,13,6,19
8402,44137,-81.5655217,41.4147326,41,0,41
8403,23868,-77.84637956,36.75762198,21,0,21
8404,82201,-104.9537028,42.05328205,9,0,9
8405,24091,-80.3199252,36.9115243,16,2,18
8406,22949,-78.8688725,37.7599551,13,8,21
8407,23704,-76.2971394,36.8337602,160,1,161
8408,53549,-88.80689766,43.00239982,101,7,108
8409,22485,-77.1796631,38.2664628,29,6,35
8410,98611,-122.9095563,46.2742882,5,1,6
8411,08078,-75.072577,39.849493,20,7,27
8412,44403,-80.5720465,41.2294408,9,6,15
8413,58622,-103.1988551,46.88697575,1,0,1
8414,07647,-73.95195465,41.00735006,15,0,15
8415,07627,-73.96432595,40.95616854,15,2,17
8416,07401,-74.12483337,41.02783948,14,0,14
8417,26241,-79.8497339,38.9266181,8,1,9
8418,03773,-72.1728084,43.3647725,3,10,13
8419,26170,-81.2039852,39.3885945,6,0,6
8420,54768,-90.9370652,44.96158187,4,5,9
8421,99328,-117.9781034,46.32057284,10,0,10
8422,38138,-89.80636376,35.0962641,87,0,87
8423,99111,-117.3638731,46.8842148,18,10,28
8424,27839,-77.58926602,36.3204335,58,6,64
8425,98672,-121.4882368,45.72921378,6,0,6
8426,99169,-118.3823287,47.12647232,4,1,5
8427,24592,-78.9106915,36.7158607,27,1,28
8428,23837,-77.06925685,36.71724772,1,0,1
8429,98953,-120.2593877,46.40136688,6,1,7
8430,44420,-80.7033235,41.1552234,15,0,15
8431,65301,-93.22677414,38.70792672,24,0,24
8432,27810,-76.62359325,35.54015304,4,3,7
8433,63537,-92.17547953,40.16867291,2,2,4
8434,44824,-82.8072878,41.3997805,1,14,15
8435,28711,-82.32073472,35.61897895,18,1,19
8436,05301,-72.56055002,42.85527643,22,0,22
8437,55318,-93.5927817,44.7869957,87,15,102
8438,64083,-94.46767694,38.81016529,25,0,25
8439,65571,-91.65785896,37.17947465,1,0,1
8440,65740,-93.17213996,36.71394587,2,1,3
8441,44906,-82.5979247,40.7668106,21,0,21
8442,82701,-104.2033168,43.8560938,7,0,7
8443,27878,-77.82952795,35.86677887,7,2,9
8444,65622,-93.0908896,37.64579948,6,1,7
8445,56087,-94.9763816,44.2392254,5,2,7
8446,44807,-82.8880522,41.0641421,2,8,10
8447,45806,-84.0591557,40.6879011,2,11,13
8448,65486,-92.29492975,38.08933851,2,5,7
8449,55733,-92.3616349,46.7219755,1,0,1
8450,25523,-82.10580417,38.2764222,2,2,4
8451,28371,-79.01224344,34.90339404,1,2,3
8452,28557,-76.71305876,34.72014284,38,0,38
8453,82930,-110.9213479,41.269311,25,1,26
8454,56468,-94.3585206,46.4947241,2,3,5
8455,65674,-93.57825697,37.79533966,2,3,5
8456,63121,-90.29297919,38.68661706,9,1,10
8457,65453,-91.40290609,38.05780195,11,0,11
8458,54021,-92.78482478,44.75781949,8,4,12
8459,53058,-88.40195202,43.09948905,0,4,4
8460,25570,-82.44266174,38.22100813,21,0,21
8461,54726,-91.03697197,44.95133712,0,7,7
8462,53910,-89.8180578,43.9580936,5,2,7
8463,28394,-79.2815762,35.25516134,3,2,5
8464,99161,-117.0763853,46.9099764,3,0,3
8465,26059,-80.62754743,40.05338768,1,4,5
8466,98639,-121.9754125,45.6386653,1,0,1
8467,24817,-81.7995686,37.3520936,2,2,4
8468,26651,-80.85275657,38.28173645,14,0,14
8469,63555,-92.1690964,40.45846232,4,3,7
8470,57641,-101.3489367,45.9208938,1,0,1
8471,54174,-88.3730384,44.9992122,1,1,2
8472,25276,-81.35039831,38.80205448,6,0,6
8473,38049,-89.5324251,35.4115883,5,2,7
8474,38237,-88.8499697,36.3422533,25,0,25
8475,53579,-88.84762958,43.30341932,0,6,6
8476,07661,-74.03416406,40.93239278,21,0,21
8477,54911,-88.4110888,44.2584676,74,4,78
8478,24853,-81.50589835,37.42821399,2,3,5
8479,73093,-97.4841407,35.060189,1,0,1
8480,37072,-86.7068742,36.3781975,14,4,18
8481,37064,-86.87303162,35.92042663,126,0,126
8482,37186,-86.24630122,36.56236476,6,2,8
8483,59019,-109.2542691,45.6387372,4,3,7
8484,45011,-84.5658166,39.3976484,135,5,140
8485,37030,-85.9525855,36.241656,4,1,5
8486,43224,-82.9554834,40.0471569,9,8,17
8487,56270,-94.98486276,44.55155214,1,8,9
8488,44870,-82.6920617,41.428835,35,0,35
8489,38103,-90.0466752,35.1484406,1549,0,1549
8490,53114,-88.708181,42.6008339,6,6,12
8491,25039,-81.43334723,38.21959477,3,1,4
8492,28088,-80.60861846,35.547116,9,12,21
8493,44512,-80.65992868,40.99853682,50,0,50
8494,58623,-103.3972023,46.18355525,3,1,4
8495,45853,-84.2011066,40.9825105,1,3,4
8496,45875,-84.0391011,41.0057723,32,20,52
8497,44514,-80.6117326,41.0219935,4,6,10
8498,25106,-82.1346508,38.8323065,1,0,1
8499,84057,-111.6932283,40.2977315,90,2,92
8500,07717,-74.02311129,40.19079188,12,3,15
8501,27505,-79.05301992,35.45703028,4,5,9
8502,55433,-93.30309812,45.17302714,65,0,65
8503,37620,-82.1868013,36.5929289,68,0,68
8504,08096,-75.14953504,39.83999764,90,0,90
8505,37122,-86.5178261,36.2035937,41,0,41
8506,74563,-95.07999233,34.95217217,1,0,1
8507,37618,-82.2702931,36.4708422,8,0,8
8508,58621,-104.0043817,46.9133999,4,0,4
8509,56728,-96.9401535,48.7720512,5,0,5
8510,05143,-72.589189,43.26850142,4,4,8
8511,59523,-109.2283725,48.59118816,8,0,8
8512,59935,-115.8907738,48.46302624,3,0,3
8513,98591,-122.845866,46.4395475,1,2,3
8514,64062,-94.20471257,39.43717455,5,0,5
8515,27889,-77.05589873,35.54516263,36,3,39
8516,45822,-84.57119437,40.5507889,31,0,31
8517,84046,-109.7255313,40.98976834,3,1,4
8518,84098,-111.4784797,40.7204188,46,0,46
8520,74533,-96.2121043,34.23389812,3,0,3
8521,45381,-84.53155557,39.74425631,3,7,10
8522,07022,-74.0000581,40.8118125,34,0,34
8523,59427,-112.3264247,48.6324056,14,9,23
8524,99109,-117.7135333,48.27782577,6,0,6
8525,65689,-92.10034995,37.12263157,7,3,10
8526,24868,-81.45123637,37.41445675,1,1,2
8527,27883,-77.82296719,35.60627113,4,1,5
8528,63775,-89.86416863,37.72660799,21,0,21
8529,54011,-92.4827854,44.7327782,6,6,12
8530,45327,-84.4039271,39.6228089,6,5,11
8531,53037,-88.16503823,43.32379907,12,0,12
8532,53149,-88.385744,42.8928389,6,3,9
8533,53916,-88.82492989,43.44274285,0,5,5
8534,54115,-88.0601632,44.4459796,30,0,30
8535,53032,-88.6415705,43.4470897,8,0,8
8536,53594,-88.9900579,43.1844817,8,4,12
8537,28555,-77.23183808,34.90606615,2,0,2
8538,65202,-92.3070406,39.0046017,59,0,59
8539,44266,-81.31668088,41.15861301,1,15,16
8540,28173,-80.753795,34.943374,17,2,19
8541,28377,-79.18305883,34.814483,16,0,16
8542,63383,-91.1493474,38.8108845,36,0,36
8543,44138,-81.9105938,41.3731624,10,20,30
8544,44145,-81.9232797,41.4611754,54,4,58
8545,64118,-94.57550324,39.21065208,4,2,6
8546,57014,-96.9594525,43.1169225,1,3,4
8547,45305,-84.0700773,39.6356134,12,2,14
8548,45237,-84.4318775,39.1986723,18,0,18
8549,99163,-117.1795245,46.72829084,28,0,28
8550,43081,-82.9713976,40.1212332,37,0,37
8551,53066,-88.4486211,43.0839634,6,3,9
8552,53925,-89.01568595,43.33936829,10,0,10
8553,57077,-96.7626343,43.3285937,1,1,2
8554,45325,-84.4255711,39.680613,5,8,13
8555,98520,-123.8172377,46.9762375,36,0,36
8556,25260,-82.03248615,39.01987874,4,1,5
8557,05443,-73.07898212,44.13303673,3,4,7
8558,43930,-80.70732358,40.5599055,4,2,6
8559,43939,-80.79950127,40.17473599,0,4,4
8560,45240,-84.5240485,39.2878026,40,0,40
8561,45140,-84.2847035,39.2701145,18,5,23
8562,43534,-83.9390693,41.371696,2,0,2
8563,43971,-80.7070587,40.1584564,3,8,11
8564,45640,-82.6390094,39.0514711,17,0,17
8565,84041,-111.9612297,41.0662209,76,0,76
8566,28301,-78.877001,35.0504942,300,2,302
8567,98855,-119.4380483,48.70566269,4,0,4
8568,28301,-78.884277,35.0541718,341,0,341
8569,28164,-81.0948792,35.3574496,9,3,12
8570,43224,-82.9465451,40.0263669,5,15,20
8571,43017,-83.1417836,40.1007088,63,0,63
8572,43230,-82.8654989,40.0137492,59,4,63
8573,59019,-109.2536655,45.6409567,7,0,7
8574,54157,-87.7519117,45.0541434,6,0,6
8575,98466,-122.534881,47.2246043,24,0,24
8576,08097,-75.15148162,39.81723593,7,2,9
8577,07734,-74.13083885,40.44241537,37,7,44
8578,08059,-75.08539037,39.87930592,14,3,17
8579,08016,-74.8562743,40.074416,36,7,43
8580,45621,-82.61053274,39.11304338,1,0,1
8581,43938,-80.67941,40.2936292,1,1,2
8582,45246,-84.4833205,39.2900984,39,6,45
8583,89445,-117.7337807,40.97181851,37,1,38
8584,89883,-114.0581209,40.73610271,12,0,12
8585,89005,-114.8337532,35.9779415,34,6,40
8586,43076,-82.4213041,39.8963171,1,0,1
8587,07960,-74.4639188,40.7805743,44,0,44
8588,54304,-88.0569142,44.4913817,47,0,47
8589,43460,-83.561144,41.6095666,13,0,13
8590,44663,-81.4046466,40.4563809,33,3,36
8591,44629,-81.4343834,40.3583298,2,0,2
8592,44621,-81.33380403,40.39289348,4,3,7
8593,44446,-80.7645696,41.1787461,35,0,35
8594,44430,-80.8685687,41.2387255,8,8,16
8595,45662,-82.99761222,38.73127045,41,0,41
8596,45601,-82.98301071,39.33398469,47,0,47
8597,45342,-84.2191919,39.6273961,40,0,40
8598,45769,-82.01540547,39.03085694,7,3,10
8599,03260,-71.93777819,43.36084536,3,3,6
8600,45429,-84.1616698,39.6962011,81,0,81
8601,55330,-93.6011474,45.3039249,31,0,31
8602,55719,-92.88414296,47.48902412,11,3,14
8603,55750,-92.139421,47.520256,5,0,5
8604,57445,-98.09848644,45.4476363,3,1,4
8605,57559,-100.7129859,43.8878081,2,0,2
8606,55313,-93.86401807,45.20757574,138,5,143
8607,57231,-97.54617142,44.38613432,4,0,4
8608,57366,-97.98789462,43.39498062,3,1,4
8609,57754,-103.772502,44.3508347,5,5,10
8610,55101,-93.08728405,44.95609863,598,0,598
8611,56048,-93.7085945,44.1158375,3,4,7
8612,56387,-94.233829,45.5543293,12,1,13
8613,57042,-97.11145428,44.00587196,5,0,5
8614,57225,-97.73389291,44.87933049,4,1,5
8615,56152,-95.26518946,44.23132541,1,3,4
8616,55987,-91.64136122,44.05303995,39,0,39
8617,57216,-96.46220647,45.29047986,1,0,1
8618,56215,-95.6015451,45.3172023,6,3,9
8619,57543,-101.5096079,43.835343,1,1,2
8620,54151,-88.0091191,45.7826211,4,3,7
8621,56142,-96.246144,44.4635033,1,1,2
8622,53716,-89.3395898,43.063422,20,0,20
8623,56373,-94.2929568,45.830279,1,3,4
8624,55722,-93.4250334,47.2884825,2,5,7
8625,55371,-93.5835849,45.5708334,11,0,11
8626,56470,-95.063893,46.919751,13,9,22
8627,53217,-87.9059723,43.1822424,14,0,14
8628,56501,-95.84434892,46.81744335,15,0,15
8629,54534,-90.18560993,46.45408349,6,1,7
8630,55955,-92.7544704,44.0682774,22,8,30
8631,55331,-93.5860669,44.9022241,14,0,14
8632,56068,-93.83308169,43.84106615,1,3,4
8633,54913,-88.4382307,44.30406,29,1,30
8634,53559,-89.0671903,43.1675282,8,2,10
8635,56554,-96.0952654,46.8861385,2,0,2
8636,54241,-87.56747692,44.14940655,27,0,27
8637,74436,-95.6752853,35.8184547,5,2,7
8638,57362,-98.9908652,44.5199608,1,4,5
8639,73543,-98.3893387,34.4805486,2,1,3
8640,53005,-88.1253104,43.0580984,65,0,65
8641,57701,-103.2220586,44.0783515,107,10,117
8642,57638,-102.1591046,45.94378901,3,0,3
8643,54729,-91.40493173,44.88697167,6,2,8
8644,53813,-90.7092463,42.8465659,7,5,12
8645,54646,-90.07426957,44.02539395,1,5,6
8646,68701,-97.4161786,42.0342814,38,0,38
8647,54449,-90.1748612,44.6669775,38,0,38
8648,53545,-89.02939225,42.72779829,94,0,94
8649,54452,-89.6856234,45.1814652,21,0,21
8650,54548,-89.70758033,45.87025371,9,0,9
8651,53566,-89.636896,42.6005695,26,0,26
8652,56567,-95.3740263,46.5200426,3,3,6
8653,68410,-95.8645555,40.6770324,15,0,15
8654,68853,-98.9665714,41.2752716,5,0,5
8655,57437,-99.61957789,45.76987005,2,0,2
8656,57469,-98.51452397,44.87520902,0,2,2
8657,68005,-95.8960769,41.1368442,92,0,92
8658,68046,-96.0418206,41.1416172,129,0,129
8659,68008,-96.1349273,41.5402447,25,3,28
8660,53901,-89.4619924,43.541319,22,0,22
8661,54555,-90.3984948,45.6904412,20,1,21
8662,53211,-87.8846475,43.0885286,25,0,25
8663,54481,-89.58070079,44.5207614,45,0,45
8664,57783,-103.860977,44.4894246,18,0,18
8665,68467,-97.5923833,40.866313,9,0,9
8666,68450,-96.1938981,40.3665045,4,1,5
8667,68010,-96.1315408,41.2593346,10,1,11
8668,68601,-97.3578252,41.4300216,35,0,35
8669,68842,-98.5301428,41.5481042,2,1,3
8670,68601,-97.3601671,41.4306608,23,3,26
8671,69140,-101.7272224,40.84145528,5,0,5
8672,68359,-97.2867551,40.6529484,2,2,4
8673,68638,-97.9669093,41.363914,6,1,7
8674,68949,-99.3694693,40.4392669,10,0,10
8675,68045,-96.4664339,41.8372093,3,8,11
8676,68116,-96.1569928,41.2909437,129,0,129
8677,53529,-89.5023177,43.2507298,1,2,3
8678,69201,-100.5511093,42.8752711,5,0,5
8679,68771,-97.3554455,42.379029,1,1,2
8680,68508,-96.707687,40.8080696,75,0,75
8681,68818,-98.0031696,40.8640903,9,0,9
8682,68739,-97.264309,42.6200862,5,1,6
8683,73632,-98.9905699,35.2915214,6,0,6
8684,73801,-99.3996311,36.4365252,9,12,21
8685,74012,-95.7890832,36.0244204,124,0,124
8686,74467,-95.3741412,35.9600105,17,0,17
8687,74536,-95.3547832,34.5907128,3,0,3
8688,74936,-94.6941123,35.3870768,1,1,2
8689,74053,-95.71074912,36.44595628,4,0,4
8690,74020,-96.4648129,36.3091672,5,2,7
8691,74523,-95.6228874,34.2289577,8,0,8
8692,74868,-96.6523202,35.2315323,13,10,23
8693,73860,-98.87972768,36.58574535,3,1,4
8694,74948,-94.5994698,35.4091184,8,4,12
8695,74023,-96.7720362,35.9823958,12,1,13
8696,74354,-94.87586225,36.87373452,17,0,17
8697,74631,-97.2852391,36.8045988,15,0,15
8698,73052,-97.6024283,34.8325947,8,0,8
8699,74726,-96.1433953,34.016891,2,3,5
8700,73759,-97.73398942,36.80874334,5,0,5
8701,74883,-96.2419571,35.2386179,5,2,7
8702,73521,-99.33466613,34.63310335,42,0,42
8703,74729,-96.2603457,34.1258927,3,0,3
8704,73858,-99.8818166,36.2726408,2,1,3
8705,74578,-95.313649,34.9183231,7,8,15
8706,73566,-98.9521992,34.6579473,4,6,10
8707,74338,-94.6918192,36.2642728,1,0,1
8708,73096,-98.7137217,35.5246265,20,0,20
8709,74044,-96.3579761,36.126869,7,0,7
8710,73057,-97.4076783,34.8180817,4,0,4
8711,73738,-97.58302741,36.43724329,1,0,1
8712,73537,-99.6497432,34.4718833,1,1,2
8713,73651,-99.0885362,35.0296806,8,0,8
8714,73438,-97.4869885,34.2338288,6,10,16
8715,73759,-97.735319,36.8061416,3,0,3
8716,74720,-96.39078207,33.83400405,3,0,3
8717,73051,-97.33490653,35.01528145,5,1,6
8718,73065,-97.60117086,35.25531172,17,0,17
8719,73086,-96.9801356,34.5047946,6,0,6
8720,73044,-97.4278916,35.8782678,19,0,19
8721,53188,-88.22963926,43.02228362,150,0,150
8722,57368,-98.4856155,43.71761,3,0,3
8723,55415,-93.2653573,44.9772996,319,0,319
8724,98292,-122.3518278,48.24235617,11,0,11
8725,03602,-72.36026884,43.14948207,2,0,2
8726,65452,-92.26410846,37.94871604,2,10,12
8727,26104,-81.50458887,39.21838935,1,0,1
8728,56223,-95.8051111,44.7905501,2,6,8
8729,73762,-97.9740994,35.7255995,4,0,4
8730,44691,-81.94226446,40.79954648,38,0,38
8731,55355,-94.52929554,45.12956668,18,8,26
8732,55066,-92.5318928,44.5630255,29,0,29
8733,55066,-92.53242218,44.56296156,38,2,40
8734,45319,-83.94842145,39.9171119,0,2,2
8735,84115,-111.8976117,40.72511435,40,0,40
8736,24502,-79.19378859,37.33043711,4,4,8
8737,99350,-119.7690986,46.2064102,12,0,12
8738,54901,-88.55081597,44.02670095,11,0,11
8739,27262,-80.02156181,35.98758651,5,0,5
8740,59620,-112.0169908,46.58754823,36,0,36
8741,27407,-79.83989341,36.04792447,1,3,4
8742,27894,-77.90963727,35.72586485,92,13,105
8743,28563,-77.03834653,35.10885912,68,6,74
8744,27697,-78.62297769,35.7784522,197,0,197
8745,78107,-97.55495684,35.49434375,23,0,23
8746,84603,-111.6648897,40.2330686,99,15,114
8747,98226,-122.6257768,48.79234579,18,0,18
8748,82002,-104.8421362,41.16851483,86,0,86
8749,25305,-81.61218785,38.33630219,112,0,112
8750,39307,-88.73674831,32.36945629,5,0,5
8751,79536,-100.0123974,32.4709809,4,4,8
8752,77541,-95.4603536,28.9670926,3,4,7
8753,79843,-104.0203481,30.3097249,7,0,7
8754,78629,-97.452506,29.50443,17,0,17
8755,79227,-99.7244028,33.9828081,1,0,1
8756,75489,-96.4846052,33.5193001,4,3,7
8757,76233,-96.91086167,33.56032404,2,1,3
8758,79245,-100.5391515,34.72353743,1,0,1
8759,75692,-94.0635555,32.4793221,7,2,9
8760,39428,-89.5552954,31.6447237,8,9,17
8761,15955,-78.7574461,40.3044089,3,9,12
8762,18428,-75.1839312,41.4794773,0,10,10
8763,18447,-75.6128805,41.5351931,5,7,12
8764,16635,-78.4328573,40.4237545,2,4,6
8765,15417,-79.8896298,40.0206045,2,3,5
8766,15656,-79.6041308,40.6260786,3,12,15
8767,18912,-75.0606776,40.322017,21,0,21
8768,15021,-80.3926665,40.382533,1,5,6
8769,19008,-75.363444,39.9754511,32,0,32
8770,18301,-75.1861463,40.9998012,56,0,56
8771,15701,-79.1551783,40.6240913,22,0,22
8772,18603,-76.2713865,41.0942273,4,5,9
8773,15112,-79.8352306,40.4005701,1,13,14
8774,19372,-75.754356,39.9993669,20,0,20
8775,17901,-76.2505536,40.7057156,1,6,7
8776,15530,-78.9548139,39.921476,1,4,5
8777,19382,-75.5862248,39.9330131,32,11,43
8778,16933,-77.08984,41.815669,5,4,9
8779,19074,-75.2976021,39.8918204,7,3,10
8780,18218,-75.9049006,40.823146,4,2,6
8781,16662,-78.3324295,40.2903682,0,3,3
8782,18231,-76.0022708,40.900434,1,7,8
8783,16843,-78.4651937,40.9979838,9,2,11
8784,15131,-79.7999467,40.3307616,11,0,11
8785,16127,-80.0784534,41.1589896,10,2,12
8786,17948,-76.1538491,40.8098533,0,3,3
8787,17756,-76.7850252,41.2064441,3,2,5
8788,15851,-78.887985,41.0962616,2,0,2
8789,16137,-80.3310942,41.2492882,2,2,4
8790,15059,-80.4507827,40.6350736,4,5,9
8791,15027,-80.2378844,40.6612655,3,10,13
8792,15537,-78.3752014,40.0112095,3,1,4
8793,15227,-79.956938,40.3834637,24,0,24
8794,19355,-75.5093872,40.0010658,17,0,17
8795,15626,-79.5716383,40.4104438,4,9,13
8796,75058,-96.74750302,33.44857618,3,0,3
8797,76664,-96.8347068,31.5428597,3,0,3
8798,77533,-94.64496409,30.11296358,3,0,3
8799,76230,-97.8468972,33.5598925,14,1,15
8800,78351,-97.7517824,27.6707568,2,1,3
8801,76087,-97.637301,32.7449948,10,0,10
8802,75846,-96.1458209,31.3615354,5,0,5
8803,78942,-96.9371621,30.1803013,13,0,13
8804,75189,-96.3327844,32.9753167,15,0,15
8805,77351,-94.93460476,30.71151289,16,3,19
8806,75939,-94.8264184,30.9985344,6,0,6
8807,75472,-95.8704126,32.9308725,1,0,1
8808,77662,-94.0607654,30.0979687,2,0,2
8809,77301,-95.4626063,30.3103942,99,0,99
8810,77662,-94.00477831,30.1298633,22,1,23
8811,75691,-94.5181842,32.3223996,3,2,5
8812,79079,-100.2500714,35.2152714,3,0,3
8813,77536,-95.1226714,29.6866103,54,0,54
8814,77372,-95.1768694,30.1975616,16,8,24
8815,79845,-104.3762819,29.5608433,4,3,7
8816,76527,-97.7920483,30.8417184,2,10,12
8817,77024,-95.5104897,29.7830491,17,0,17
8818,75103,-95.874063,32.542611,14,0,14
8819,78572,-98.37361076,26.23711409,18,0,18
8820,76849,-99.7650149,30.4885677,5,0,5
8821,78121,-98.1148858,29.3555902,6,0,6
8822,76950,-100.6414523,30.567931,3,1,4
8823,79789,-103.1571112,31.75601874,1,0,1
8824,79602,-99.73261223,32.44455137,166,0,166
8825,78393,-97.3283435,28.2404815,1,0,1
8826,76252,-97.3760365,33.6516725,3,0,3
8827,79045,-102.4008658,34.8153506,22,0,22
8828,79510,-99.4939969,32.4075402,8,0,8
8829,79347,-102.7228126,34.22460394,8,0,8
8830,29340,-81.6438434,35.0731005,48,0,48
8831,29536,-79.375846,34.4175557,32,0,32
8832,29532,-79.9243016,34.2994727,64,0,64
8833,29801,-81.76871092,33.57180309,8,2,10
8834,29601,-82.3872179,34.8532547,397,0,397
8835,29706,-81.2308354,34.7081348,54,3,57
8836,29180,-81.0863649,34.3617325,44,2,46
8837,29720,-80.7233868,34.7234981,93,17,110
8838,29379,-81.62560014,34.71543157,30,0,30
8839,29671,-82.7019129,34.8716723,99,0,99
8840,29360,-82.0164087,34.4990861,65,1,66
8841,29526,-79.0484083,33.8321288,55,0,55
8842,15090,-80.0332229,40.6609002,30,0,30
8843,15642,-79.73011409,40.33018666,28,0,28
8844,17372,-77.0977367,40.0144428,1,6,7
8845,15301,-80.2667372,40.1521104,6,4,10
8846,18657,-75.9475583,41.539388,4,4,8
8847,18507,-75.7316934,41.3548663,10,14,24
8848,15656,-79.6102978,40.6094903,8,4,12
8849,15145,-79.8288224,40.4195459,12,0,12
8850,15064,-80.14328312,40.3550739,18,0,18
8851,16214,-79.3647515,41.2068344,8,0,8
8852,15089,-79.7684224,40.2096464,2,6,8
8853,19050,-75.2536558,39.9361947,13,12,25
8854,17363,-76.5920224,39.7542053,5,0,5
8855,17401,-76.7285477,39.9603251,110,0,110
8856,18049,-75.4922108,40.5334938,19,2,21
8857,18651,-75.9511891,41.2423996,4,5,9
8858,15656,-79.6224809,40.6338311,0,4,4
8859,15644,-79.6156993,40.3264409,14,0,14
8860,17844,-77.04533808,40.92043906,7,2,9
8861,18091,-75.2932228,40.8469617,5,0,5
8862,75501,-94.1056463,33.4261384,6,0,6
8863,76454,-98.6727804,32.2111963,2,3,5
8864,75904,-94.781098,31.3281783,5,0,5
8865,75975,-94.3981797,31.9060412,2,0,2
8866,13827,-76.2625531,42.105058,8,12,20
8867,12110,-73.7927538,42.7367492,109,0,109
8868,13411,-75.3320819,42.6252149,1,4,5
8869,14903,-76.8221691,42.1277361,10,0,10
8870,52601,-91.14877616,40.79816503,0,0,0
8871,12983,-74.13212,44.3242691,11,0,11
8872,14305,-78.9848582,43.1214168,6,17,23
8873,13126,-76.51097701,43.45483827,44,0,44
8874,12449,-74.00245,41.9765893,29,11,40
8875,10914,-74.1919126,41.4076263,16,0,16
8876,13662,-74.89312502,44.93125677,21,2,23
8877,10502,-73.846027,41.0116108,20,0,20
8878,10511,-73.9395476,41.2614659,5,0,5
8879,10520,-73.8876623,41.2083105,20,0,20
8880,10507,-73.6986007,41.2400271,43,0,43
8881,13166,-76.5611435,43.0478445,0,6,6
8882,14760,-78.4291067,42.0777933,32,0,32
8883,13118,-76.42778462,42.71497832,0,9,9
8884,13676,-74.9831153,44.6695447,14,1,15
8885,10523,-73.8201599,41.0537842,17,0,17
8886,14569,-78.1342116,42.7404732,6,7,13
8887,10510,-73.8239296,41.1632657,18,1,19
8888,10924,-74.3523394,41.3960039,11,9,20
8889,12549,-74.1990281,41.5221328,14,16,30
8890,10921,-74.35555947,41.33124545,1,13,14
8891,12771,-74.6910548,41.3750387,32,0,32
8892,10963,-74.528996,41.4781773,0,23,23
8893,12550,-74.0091436,41.499162,105,9,114
8894,13367,-75.484465,43.796724,6,8,14
8895,14701,-79.2380867,42.0965807,62,0,62
8896,14445,-77.495907,43.1096444,8,9,17
8897,14432,-77.1383787,42.9612724,2,2,4
8898,14424,-77.2799285,42.8881459,24,0,24
8899,14120,-78.8700606,43.0295298,48,0,48
8900,14006,-79.0417739,42.6465312,25,5,30
8901,14057,-78.8954294,42.6522055,4,11,15
8902,14218,-78.8251544,42.8260744,47,0,47
8903,12979,-73.3641753,44.9915989,1,2,3
8904,13339,-74.62447844,42.93362472,3,15,18
8905,11542,-73.6315679,40.8632317,49,0,49
8906,11021,-73.7310766,40.7900719,13,0,13
8907,11563,-73.67526885,40.65761912,48,0,48
8908,14223,-78.8665477,42.9803958,106,0,106
8909,13309,-75.31603,43.4753753,3,4,7
8910,13461,-75.5995121,43.0722539,4,6,10
8911,14202,-78.8780571,42.8832324,793,0,793
8912,11550,-73.6228898,40.7102857,112,0,112
8913,10960,-73.9213443,41.0798681,6,10,16
8914,14787,-79.5761079,42.3221939,5,6,11
8915,13209,-76.1987644,43.0516812,14,5,19
8916,14733,-79.1928642,42.116345,12,6,18
8917,39577,-89.1345624,30.8360957,17,5,22
8918,39730,-88.5428789,33.832324,24,5,29
8919,39402,-89.3299232,31.3184623,21,4,25
8920,38843,-88.41371057,34.27579242,9,1,10
8921,39175,-90.6217091,32.04688,8,0,8
8922,38804,-88.6779818,34.2362183,3,1,4
8923,39201,-90.1828635,32.296524,150,0,150
8924,38921,-90.0548984,34.0053985,12,3,15
8925,39183,-90.87782015,32.3513106,44,0,44
8926,39744,-89.263627,33.5353747,3,2,5
8927,39194,-90.4121853,32.847008,12,3,15
8928,39051,-89.5230954,32.7342891,14,1,15
8929,15834,-78.2363292,41.5132286,3,2,5
8930,16365,-79.1469906,41.8488222,10,0,10
8931,97423,-124.186482,43.1765607,16,0,16
8932,97214,-122.6603398,45.5126125,80,0,80
8933,97039,-120.7313432,45.48738759,5,1,6
8934,97501,-122.8785762,42.32208048,114,8,122
8935,97201,-122.6828309,45.51199709,11,0,11
8936,88201,-104.526914,33.4102304,5,2,7
8937,88130,-103.3464009,34.1799805,8,0,8
8938,78578,-97.21898,26.070865,5,0,5
8939,79761,-102.3735468,31.8505808,28,0,28
8941,76866,-99.9196054,31.5085196,5,4,9
8944,78719,-97.664928,30.2080092,91,0,91
8945,76102,-97.3354157,32.7549872,449,5,454
8947,76834,-99.423042,31.831422,6,0,6
8948,78006,-98.723109,29.8062801,45,0,45
8949,78229,-98.5788095,29.5084786,27,0,27
8950,75119,-96.6285705,32.3013226,5,2,7
8951,78109,-98.3100086,29.5092791,20,0,20
8952,51026,-96.0813384,42.3435873,0,0,0
8953,76201,-97.151474,33.2060648,40,4,44
8954,79018,-102.3331111,35.68192918,5,2,7
8955,77002,-95.3592552,29.7658919,18,0,18
8956,79705,-102.1084088,32.0295459,7,0,7
8957,77058,-95.0984514,29.5824498,14,0,14
8958,75142,-96.2944749,32.5595877,79,0,79
8959,78406,-97.4995169,27.7705668,14,0,14
8960,78541,-98.1266727,26.4157518,262,0,262
8961,79756,-102.8894801,31.5921291,13,0,13
8962,75969,-94.8123463,31.4291043,1,3,4
8963,75148,-96.03035094,32.16689312,1,2,3
8964,76665,-97.65881725,31.92185382,18,1,19
8965,78666,-97.90396092,29.89659195,124,0,124
8966,77833,-96.3865734,30.1808406,32,0,32
8967,77630,-93.7365583,30.0885385,65,0,65
8968,77575,-94.790782,30.0587853,37,2,39
8969,50532,-93.9929737,42.4707159,0,0,0
8970,02904,-71.4704588,41.8604054,70,0,70
8971,02842,-71.2733339,41.521143,36,0,36
8972,02882,-71.45982574,41.43195754,41,0,41
8973,13850,-76.0649003,42.0829535,37,0,37
8974,12033,-73.6731991,42.5516315,10,5,15
8975,13820,-75.0642736,42.4511363,25,0,25
8976,13077,-76.1829171,42.6371264,4,5,9
8977,12533,-73.7954497,41.5532812,32,0,32
8978,13209,-76.2117157,43.0605794,15,0,15
8979,14843,-77.6610883,42.3244789,22,0,22
8980,12015,-73.8107834,42.2625284,0,15,15
8981,13152,-76.43184044,42.9482042,5,7,12
8982,10598,-73.7948448,41.2818126,57,0,57
8983,10573,-73.6588628,41.0068155,62,0,62
8984,14779,-78.70755208,42.15758665,16,8,24
8985,39669,-91.2997178,31.104632,1,0,1
8986,17059,-77.3972608,40.5707135,5,4,9
8987,16720,-78.09037269,41.62835249,1,0,1
8988,97128,-123.1995214,45.20904202,34,0,34
8989,88260,-103.3470432,32.9465698,26,0,26
8990,87532,-106.0880903,35.97110047,8,0,8
8991,79236,-100.3221985,33.61867881,1,0,1
8992,78207,-98.5067745,29.4279325,526,0,526
8993,76031,-97.3867529,32.3729174,88,0,88
8994,79549,-100.9119641,32.71564301,9,0,9
8995,79096,-100.2726026,35.4458453,6,1,7
8996,76240,-97.16838039,33.64908647,22,0,22
8997,79019,-101.3600376,35.11051627,3,2,5
8998,79339,-102.3198225,33.91684359,13,0,13
9001,76903,-100.4415842,31.4629223,58,0,58
9002,76904,-100.4563524,31.4433107,13,0,13
9003,52656,-91.4500351,40.7197932,0,0,0
9004,75455,-94.9902954,33.1772867,6,0,6
9005,77032,-95.3536234,29.9339201,41,10,51
9006,78401,-97.39443095,27.7929277,11,0,11
9007,77004,-95.3593998,29.7188545,36,0,36
9008,75090,-96.6105063,33.6344949,58,1,59
9009,78385,-97.79071615,27.22218528,12,0,12
9012,50313,-93.6001492,41.6698996,0,0,0
9013,75835,-95.45885441,31.31811454,21,2,23
9014,76365,-98.19715705,33.81544313,11,7,18
9015,79851,-105.3577262,31.1807337,16,3,19
9016,14850,-76.4669193,42.4926146,38,0,38
9017,14755,-78.800756,42.2522875,66,31,97
9018,14614,-77.613499,43.1524906,273,52,325
9019,12534,-73.7556238,42.2491661,44,40,84
9020,14527,-77.0553075,42.6657588,63,27,90
9021,52552,-92.5730543,40.8226737,0,0,0
9022,14569,-78.133252,42.7439742,30,10,40
9023,13045,-76.1758759,42.5985862,31,3,34
9024,10956,-73.9946605,41.1472743,76,53,129
9025,13424,-75.3770037,43.1560937,89,9,98
9026,13617,-75.16880759,44.59909085,92,12,104
9027,29902,-80.6865114,32.436615,209,0,209
9028,29055,-80.89863039,34.5713541,6,2,8
9029,29646,-82.1638385,34.1874848,71,0,71
9030,29801,-81.7102689,33.5671494,125,0,125
9031,19601,-75.92413582,40.33659222,91,0,91
9032,15825,-79.0798059,41.1608051,3,14,17
9033,17842,-77.0462067,40.7913646,4,3,7
9034,18964,-75.3295212,40.3134763,5,5,10
9035,15001,-80.23471271,40.57296392,0,2,2
9036,97110,-123.9607506,45.88981067,8,0,8
9037,76148,-97.2555678,32.8746302,32,2,34
9038,13601,-75.92677007,43.97335888,69,0,69
9039,29733,-81.02845884,34.94021288,15,1,16
9040,15963,-78.84979772,40.2440039,0,4,4
9041,19079,-75.26527059,39.89787689,12,6,18
9042,39180,-90.8807663,32.3463524,74,0,74
9043,19038,-75.1961594,40.0987587,30,0,30
9044,18351,-75.1001905,40.9211837,0,3,3
9045,17013,-77.1796451,40.2372018,9,1,10
9046,19009,-75.0591658,40.1304027,5,1,6
9047,17050,-76.9725959,40.2321095,24,0,24
9048,17501,-76.2054588,40.1547268,4,3,7
9049,15436,-79.7575913,39.8203606,0,5,5
9050,17522,-76.1795405,40.1776248,30,0,30
9051,19460,-75.48793519,40.16136179,24,0,24
9052,18018,-75.3782288,40.6180389,154,0,154
9053,19462,-75.3093707,40.1283713,46,0,46
9054,15642,-79.6794427,40.3595357,19,0,19
9055,17601,-76.4240585,40.0623572,19,0,19
9056,19525,-75.6109783,40.320095,11,1,12
9057,18032,-75.4766515,40.6593854,5,5,10
9058,15132,-79.8664483,40.351587,60,0,60
9059,17236,-77.9034864,39.8263594,2,5,7
9060,19426,-75.4553162,40.1905063,8,0,8
9061,15060,-80.2876779,40.3666097,0,5,5
9062,15238,-79.8890533,40.5750813,10,4,14
9063,19006,-75.0619113,40.1239043,23,0,23
9064,15126,-80.2963422,40.4897744,16,0,16
9065,16101,-80.3119258,40.9740501,5,4,9
9066,17331,-77.0231352,39.8200787,7,0,7
9067,97408,-123.0658125,44.13726232,4,4,8
9068,97026,-122.8983559,45.1078507,3,1,4
9069,97813,-118.4902612,45.8106109,2,0,2
9070,97030,-122.4360593,45.5075778,129,0,129
9071,97741,-121.1281,44.6332535,10,6,16
9072,97458,-124.1423994,43.0639283,5,0,5
9073,97601,-121.78213,42.2228156,39,0,39
9074,97111,-123.1758451,45.29443,3,1,4
9075,97031,-121.5119449,45.70838,15,0,15
9076,97002,-122.7555742,45.229681,2,1,3
9077,97140,-122.8499168,45.3682835,20,0,20
9078,97223,-122.7673813,45.4252104,73,0,73
9079,97325,-122.8707348,44.84135244,5,0,5
9080,97322,-123.114577,44.616851,60,0,60
9081,97756,-121.1757677,44.2737569,36,0,36
9082,97222,-122.6288741,45.4461333,35,1,36
9083,97539,-122.8090011,42.6236433,4,2,6
9084,97204,-122.6764986,45.5151382,928,1,929
9085,97370,-123.371974,44.53867474,9,0,9
9086,87025,-106.6904619,35.77198387,0,2,2
9090,77502,-95.1916685,29.6780785,32,0,32
9091,78703,-97.7829666,30.2941203,20,0,20
9092,75686,-94.9658308,32.995342,10,0,10
9093,50315,-93.6078021,41.5255615,0,0,0
9094,78154,-98.26259464,29.56229982,8,0,8
9095,77550,-94.7758811,29.3106052,54,0,54
9097,78701,-97.74630877,30.26662936,30,0,30
9098,02886,-71.4354925,41.7261406,42,0,42
9099,02920,-71.4674858,41.7478005,169,0,169
9100,13126,-76.54779152,43.45066397,21,0,21
9101,13408,-75.64034506,42.89811805,11,0,11
9102,11101,-73.93534054,40.74428899,32,0,32
9103,29745,-81.23941944,34.99509646,28,0,28
9104,16602,-78.3994532,40.4940913,17,0,17
9105,79064,-102.1353022,34.17985922,8,3,11
9106,55421,-93.25786516,45.03969313,26,0,26
9107,43725,-81.5854191,40.01871282,23,0,23
9108,44035,-82.1098468,41.3694347,86,0,86
9109,55335,-94.526087,44.5324014,2,6,8
9110,44870,-82.7011253,41.458666,54,10,64
9111,58601,-102.7851798,46.89492319,29,0,29
9112,43420,-83.124998,41.3515451,33,0,33
9113,43416,-83.29507954,41.47514836,4,4,8
9114,45101,-83.7590432,38.654143,2,9,11
9115,58645,-103.5219119,46.9126621,2,1,3
9116,44864,-82.3096058,40.658534,1,1,2
9117,44813,-82.5120281,40.619931,0,0,0
9118,22125,-77.2613242,38.6844318,2,2,4
9119,05356,-72.8714353,42.9488288,4,3,7
9120,03101,-71.46042812,42.98968798,218,11,229
9121,73773,-97.8986092,36.2792388,3,4,7
9122,25840,-81.10443368,38.0530383,10,1,11
9123,45830,-84.0563179,40.9192209,2,6,8
9124,43431,-83.32164613,41.3849787,5,3,8
9125,58356,-99.13455832,47.68034384,5,0,5
9126,07043,-74.2013806,40.8600859,31,0,31
9127,73944,-101.1916573,36.6157352,2,1,3
9128,63121,-90.30428428,38.70620548,21,0,21
9129,84020,-111.8628661,40.524737,33,0,33
9130,28391,-78.69455402,35.0094121,1,0,1
9131,27858,-77.3681031,35.6053346,51,0,51
9132,84737,-113.4122763,37.1582285,44,2,46
9133,98155,-122.2775266,47.753931,20,0,20
9134,27501,-78.73999901,35.50800015,10,4,14
9135,28594,-77.0269858,34.6668461,15,4,19
9136,73554,-99.5048391,34.87267466,3,1,4
9137,84074,-112.2991959,40.53692333,32,2,34
9138,28705,-82.15412617,36.0131039,13,1,14
9139,84047,-111.9108933,40.6073777,45,0,45
9140,44124,-81.4880057,41.5203151,30,4,34
9141,68821,-99.8651241,41.9364106,1,0,1
9142,59872,-114.890245,47.1928315,7,0,7
9143,57234,-96.9028198,44.5734633,1,1,2
9144,07666,-74.00687226,40.88672344,98,0,98
9145,07675,-74.03604731,40.99178158,27,0,27
9146,07641,-73.98859048,40.96028743,13,0,13
9147,07624,-73.9593061,40.9713753,22,0,22
9148,07649,-74.03241145,40.95282075,21,0,21
9149,03301,-71.5401246,43.2057822,77,0,77
9150,03581,-71.1760517,44.3878467,7,4,11
9151,03598,-71.61516579,44.37063084,5,2,7
9152,07726,-74.3406346,40.2905403,66,0,66
9153,07726,-74.3587576,40.2956771,8,0,8
9154,03054,-71.49826467,42.8679632,40,10,50
9155,03106,-71.4464978,43.0564558,28,0,28
9156,07960,-74.4750573,40.7916171,58,0,58
9157,07446,-74.1443617,41.0581489,31,0,31
9158,03234,-71.3606647,43.2321391,6,1,7
9159,03833,-71.06835616,42.98301675,6,4,10
9160,08520,-74.5478897,40.2716245,47,0,47
9161,08505,-74.7047541,40.1389038,22,0,22
9162,37766,-84.1215478,36.37978081,22,6,28
9163,07092,-74.3557312,40.6718418,22,0,22
9164,38201,-88.5194742,36.1331204,15,1,16
9165,08050,-74.2503976,39.6918431,57,0,57
9166,28166,-80.8924627,35.7072508,12,5,17
9167,03570,-71.1861303,44.4696791,22,0,22
9168,08005,-74.24487639,39.75876124,47,0,47
9169,38340,-88.64096921,35.4405078,16,0,16
9170,98370,-122.6447338,47.7329968,16,0,16
9171,37716,-84.1338649,36.1003951,57,0,57
9172,07644,-74.0876918,40.8762928,43,0,43
9173,07029,-74.1571321,40.746592,50,1,51
9174,58344,-98.34623865,48.04194944,4,0,4
9175,58523,-101.7775655,47.26433843,5,0,5
9176,37183,-86.3330236,35.52758166,1,0,1
9177,07003,-74.1951073,40.7917911,135,0,135
9178,08041,-74.7008516,40.03753784,8,5,13
9179,58072,-98.01,46.912805,6,4,10
9180,99301,-119.0922936,46.23551495,66,0,66
9181,59442,-110.6704486,47.81542255,4,3,7
9182,37882,-83.7551984,35.6745779,4,0,4
9183,28115,-80.81676793,35.59372497,54,4,58
9184,63133,-90.30714101,38.68165441,15,0,15
9185,56529,-96.7099125,46.8758977,6,2,8
9186,56621,-95.3974817,47.5213843,3,1,4
9187,24219,-82.77118689,36.86259643,16,0,16
9188,37138,-86.6360071,36.2428141,4,2,6
9189,37402,-85.3089958,35.0492806,146,7,153
9190,37406,-85.26360904,35.08136185,434,0,434
9191,44890,-82.7257106,41.0504338,14,0,14
9192,37412,-85.2424361,34.9966331,33,0,33
9193,53960,-89.2394448,43.4481016,2,4,6
9194,37055,-87.3910313,36.0746892,45,0,45
9195,24279,-82.60162287,37.12240181,4,2,6
9196,22427,-77.3451295,38.0506966,1,2,3
9197,58746,-102.0829756,48.67400674,3,0,3
9198,58552,-100.2310902,46.267102,2,1,3
9199,45123,-83.38335985,39.35134331,10,0,10
9200,58761,-101.5092912,48.76385747,1,0,1
9201,43430,-83.3542078,41.5298732,5,2,7
9202,24090,-79.87724106,37.5010181,94,0,94
9203,22046,-77.17278146,38.88569245,33,0,33
9204,58421,-99.12655326,47.44932467,4,2,6
9205,98802,-120.2871954,47.4079594,29,0,29
9206,26003,-80.69047598,40.04373474,4,5,9
9207,37763,-84.5170928,35.8726176,12,2,14
9208,56143,-94.98985554,43.62185115,8,1,9
9209,23139,-77.9182257,37.5417648,36,2,38
9210,55336,-94.1509674,44.7693596,25,10,35
9211,58730,-103.2939966,48.91573819,3,0,3
9212,24210,-81.98386085,36.70783708,25,0,25
9213,54426,-89.9642508,44.9218432,1,5,6
9214,26261,-80.53003339,38.22517645,5,0,5
9215,25550,-82.1373482,38.84230105,3,5,8
9216,22853,-78.77805564,38.63038807,4,5,9
9217,25130,-81.818569,38.06623498,21,0,21
9218,25401,-77.9631811,39.45954,45,0,45
9219,43408,-83.3631173,41.5635952,2,8,10
9220,38079,-89.4851625,36.3781777,6,2,8
9221,25951,-80.8896191,37.6752553,7,0,7
9222,26416,-80.03928045,39.15250083,7,0,7
9223,99158,-117.2422515,47.12869122,1,0,1
9224,38037,-89.4066984,35.8379868,1,2,3
9225,26582,-80.34147476,39.53049541,4,1,5
9226,26452,-80.46831955,39.03933747,7,0,7
9227,38040,-89.3946796,35.87518516,9,0,9
9228,25271,-81.71100153,38.81721694,9,0,9
9229,64772,-94.35995712,37.83802562,21,0,21
9230,64633,-93.4973234,39.358151,7,4,11
9231,38562,-85.657107,36.3558728,5,3,8
9232,64485,-94.8291663,39.9401628,10,0,10
9233,24153,-80.05702344,37.29191701,66,0,66
9234,43019,-82.5404037,40.4712717,4,5,9
9235,22821,-78.94271538,38.41312898,9,4,13
9236,38041,-89.57349715,35.67265504,5,2,7
9237,82322,-107.5613901,42.2360714,1,1,2
9238,27018,-80.5080583,36.2167597,2,2,4
9239,43078,-83.7527008,40.1094991,21,7,28
9240,56256,-96.19317761,45.01511704,5,1,6
9241,43793,-81.1174025,39.7606128,6,0,6
9242,98851,-119.4857165,47.38701955,4,2,6
9243,82939,-110.3359736,41.27280309,2,0,2
9244,38469,-87.4297069,35.0874262,3,5,8
9245,58032,-97.63721542,46.10631266,4,0,4
9246,45373,-84.2017947,40.0387359,41,0,41
9247,68039,-96.3572067,42.1178697,11,0,11
9248,43701,-82.0072986,39.9409154,80,0,80
9249,05255,-73.04543718,43.18892499,8,5,13
9250,82633,-105.382385,42.7597956,16,0,16
9251,45801,-84.1055483,40.7436702,79,0,79
9252,08027,-75.2894402,39.8256644,18,4,22
9253,08090,-75.1506596,39.790711,7,0,7
9254,98557,-123.2648959,47.0553145,4,0,4
9255,08867,-74.9235476,40.6064007,6,2,8
9256,98674,-122.7472896,45.9011715,10,0,10
9257,38024,-89.3839777,36.0302419,28,0,28
9258,84302,-112.044222,41.4550928,7,1,8
9259,08343,-75.139581,39.6726657,11,2,13
9260,99344,-119.1671466,46.8255869,14,0,14
9261,08060,-74.7497136,39.9818026,17,1,18
9262,98001,-122.2478151,47.27815065,7,0,7
9263,53929,-90.2706391,43.7386622,3,0,3
9264,98004,-122.2119766,47.6316905,9,0,9
9265,98047,-122.2477329,47.26490108,11,0,11
9266,98331,-124.3795262,47.94979471,9,0,9
9267,98354,-122.321662,47.2492601,12,0,12
9268,65711,-92.2629252,37.1306134,10,0,10
9269,98593,-122.959326,46.40061522,1,1,2
9270,08021,-74.9722757,39.7920396,4,2,6
9271,08030,-75.1184552,39.8778745,7,2,9
9272,24136,-80.6386755,37.3198821,2,1,3
9273,44689,-81.6319118,40.6567068,1,4,5
9274,58220,-97.6257449,48.7908682,4,0,4
9275,82935,-109.4665224,41.5296252,29,0,29
9276,23002,-77.9809824,37.3416123,15,0,15
9277,98642,-122.7459265,45.815816,7,2,9
9278,64067,-93.8826393,39.1849159,30,5,35
9279,24426,-79.9951724,37.7909694,17,0,17
9280,58078,-96.88533276,46.87220264,32,0,32
9281,23322,-76.25048421,36.718652,358,0,358
9282,23847,-77.5417344,36.6877342,2,1,3
9283,03261,-71.220784,43.2202364,6,3,9
9284,23181,-76.79768704,37.53609283,8,1,9
9285,23930,-78.1236712,37.1749424,5,0,5
9286,23950,-78.0920932,36.6950958,4,3,7
9287,23824,-77.9988945,37.0796082,12,0,12
9288,24060,-80.413419,37.2264741,61,0,61
9289,23917,-78.3885497,36.6676672,1,0,1
9290,23124,-76.97810223,37.515833,28,4,32
9291,38474,-87.2077281,35.5343846,13,0,13
9292,37040,-87.3609027,36.5259818,238,0,238
9293,08829,-74.89948229,40.66209707,7,0,7
9294,82321,-107.6583028,41.03475195,2,0,2
9295,44230,-81.6979105,40.9688349,6,5,11
9296,98577,-123.7343714,46.6854409,6,0,6
9297,44021,-81.14655321,41.47177148,2,5,7
9298,44081,-81.1473416,41.7692347,5,18,23
9299,59011,-109.9572198,45.8341841,6,2,8
9300,59270,-104.1591777,47.71626503,8,0,8
9301,45669,-82.3773385,38.43690399,1,3,4
9302,45656,-82.57053562,38.8990199,3,9,12
9303,43804,-81.70499809,40.44093352,1,3,4
9304,45439,-84.2249462,39.6875341,32,0,32
9305,08085,-75.3107936,39.7469924,8,0,8
9306,37354,-84.3661998,35.5143772,14,9,23
9307,43606,-83.641922,41.6617045,11,6,17
9308,63304,-90.65225643,38.74835587,12,4,16
9309,73034,-97.4747518,35.6575149,16,0,16
9310,73096,-98.70709432,35.53567288,5,0,5
9311,07719,-74.02712528,40.17149193,11,18,29
9312,73059,-97.9435122,35.3130031,4,2,6
9313,63383,-91.13216794,38.81092445,2,8,10
9314,26851,-78.59130744,39.07996491,2,0,2
9315,07853,-74.7965661,40.7947992,31,1,32
9316,26062,-80.58844687,40.40175849,38,0,38
9317,26601,-80.7077642,38.6638958,1,0,1
9318,59860,-114.1622715,47.69489393,12,0,12
9319,59644,-111.5155627,46.3214294,9,4,13
9320,03303,-71.71766313,43.30642312,3,2,5
9321,28607,-81.70655796,36.22092908,44,0,44
9322,27807,-78.11543503,35.77886357,2,8,10
9323,03450,-72.0906014,42.9383231,1,2,3
9324,03609,-72.45111388,43.14401328,3,7,10
9325,44074,-82.2169422,41.2892642,17,3,20
9326,98942,-120.5300149,46.643627,13,0,13
9327,43348,-83.89250725,40.46636515,2,2,4
9328,44054,-82.0939245,41.4896433,12,7,19
9329,07823,-75.0764623,40.8276518,15,0,15
9330,07755,-74.0131885,40.2536595,63,0,63
9331,43031,-82.676824,40.144228,10,5,15
9332,64054,-94.4444242,39.1134808,16,4,20
9333,63121,-90.2810569,38.6935698,0,14,14
9334,27028,-80.5615194,35.893399,45,5,50
9335,63121,-90.3017834,38.7212249,9,0,9
9336,63389,-90.7457515,38.9924783,4,1,5
9337,45638,-82.7249892,38.5607697,3,2,5
9338,03276,-71.5831431,43.4454359,18,3,21
9339,03227,-71.43566627,43.8102482,2,3,5
9340,03846,-71.1827336,44.14226188,2,2,4
9341,27545,-78.4882309,35.8021505,22,0,22
9342,98944,-120.0243541,46.32825458,25,0,25
9343,44052,-82.1791283,41.4684988,100,0,100
9344,28103,-80.3689116,34.9868898,8,0,8
9345,44011,-82.0225991,41.4585015,30,0,30
9346,44087,-81.4481314,41.3185442,33,1,34
9347,65604,-93.5846285,37.3159063,3,2,5
9348,65619,-93.3649283,37.1156363,5,0,5
9349,25070,-81.9269742,38.5350829,2,0,2
9350,28327,-79.36895564,35.25848371,8,0,8
9351,28105,-80.72099537,35.12522314,54,3,57
9352,03836,-71.03377847,43.81331693,3,1,4
9353,38232,-89.2991336,36.331625,1,0,1
9354,64477,-94.4475966,39.5667518,6,0,6
9355,28425,-77.9260197,34.5525033,10,0,10
9356,53157,-88.36499542,42.53124314,7,0,7
9357,38008,-88.9844791,35.2563843,22,2,24
9358,63703,-89.52689845,37.30312947,76,0,76
9359,65251,-91.94663918,38.84795332,27,0,27
9360,63090,-91.0123189,38.5579237,28,0,28
9361,37352,-86.378093,35.2811938,13,0,13
9362,28690,-81.56409894,35.74294308,12,10,22
9363,03047,-71.8729013,42.9508579,2,4,6
9364,57066,-97.8661717,42.9938899,3,8,11
9365,27055,-80.6579577,36.1361165,12,11,23
9366,08098,-75.3291822,39.6512805,9,0,9
9367,44092,-81.4772369,41.5967399,31,4,35
9368,63537,-92.1720911,40.1682572,2,1,3
9369,98247,-122.343795,48.9199577,6,0,6
9370,27864,-77.63738944,35.7913008,6,5,11
9371,03304,-71.53383075,43.15685118,11,2,13
9372,28023,-80.57721795,35.57199242,12,0,12
9373,28227,-80.65659627,35.17481508,28,0,28
9374,05819,-72.0213512,44.4186949,10,4,14
9375,05843,-72.3648035,44.5055423,7,0,7
9376,03307,-71.465806,43.2859676,6,8,14
9377,05001,-72.3455084,43.6532061,21,2,23
9378,03811,-71.1416617,42.8411301,5,10,15
9379,45680,-82.5931367,38.4240782,2,3,5
9380,53963,-88.7341846,43.6334539,18,0,18
9381,08038,-75.4591477,39.5062119,13,1,14
9382,53048,-88.439718,43.5867757,3,5,8
9383,53956,-89.0086035,43.5378794,2,4,6
9384,53955,-89.403032,43.3903096,4,0,4
9385,37748,-84.5618826,35.919594,20,2,22
9386,37074,-86.1644194,36.3907283,16,2,18
9387,54771,-90.80278593,44.95760292,2,1,3
9388,65781,-93.4031575,37.2847479,9,6,15
9389,37307,-84.6352946,35.1707772,18,0,18
9390,53177,-87.8932784,42.7008045,9,0,9
9391,64701,-94.34750803,38.65556985,21,5,26
9392,37061,-87.6550179,36.3606121,10,1,11
9393,38340,-88.64088243,35.44052,14,0,14
9394,37771,-84.3117413,35.7715967,57,20,77
9395,38063,-89.5558362,35.7460834,21,5,26
9396,44001,-82.2405337,41.3571994,2,15,17
9397,37354,-84.361827,35.5217505,36,13,49
9398,84021,-110.3878441,40.18009722,15,6,21
9399,08807,-74.6249936,40.59199748,77,0,77
9400,63105,-90.33907859,38.64658628,52,0,52
9401,44273,-81.8594595,41.0263677,7,0,7
9402,84648,-111.8445644,39.67449452,8,0,8
9403,63353,-91.0464236,39.4491746,8,5,13
9404,45760,-82.04970954,39.00262889,4,3,7
9405,63010,-90.3758329,38.4226449,49,0,49
9406,07882,-74.980791,40.7697246,13,0,13
9407,64067,-93.88532408,39.18532227,9,2,11
9408,84646,-111.5879156,39.5238533,1,2,3
9409,63050,-90.5611358,38.2323409,8,5,13
9410,07747,-74.2256809,40.406394,35,0,35
9411,37132,-86.3693543,35.8425231,31,0,31
9412,22560,-76.8599203,37.9281432,10,7,17
9413,03741,-72.0066498,43.6485742,5,4,9
9414,24426,-79.9958926,37.7927192,43,3,46
9415,63137,-90.22696733,38.74213054,29,0,29
9416,63134,-90.33419236,38.74260997,37,0,37
9417,63556,-93.1241022,40.2025478,5,1,6
9418,64150,-94.6161912,39.1753421,24,3,27
9419,22503,-76.46542486,37.77118482,17,3,20
9420,63119,-90.326362,38.5935277,18,0,18
9421,63130,-90.3102768,38.6573009,68,0,68
9422,63136,-90.27452722,38.71929962,10,6,16
9423,63135,-90.3031604,38.7408442,50,0,50
9424,63122,-90.3861993,38.5897422,12,0,12
9425,27830,-77.97434832,35.54376761,4,7,11
9426,63134,-90.35878396,38.72782542,17,0,17
9427,59526,-108.7578087,48.482069,9,3,12
9428,63367,-90.7934967,38.7850282,30,0,30
9429,43604,-83.5365238,41.656743,289,3,292
9430,56063,-93.8152636,44.2037297,1,2,3
9431,23901,-78.3920637,37.3015675,30,0,30
9432,24266,-82.07950659,36.901423,34,1,35
9433,56037,-94.0702235,44.0040757,1,3,4
9434,44846,-82.6056329,41.297002,3,9,12
9435,44142,-81.8206866,41.3941186,44,0,44
9436,37130,-86.3921286,35.84382983,213,0,213
9437,03574,-71.6867409,44.2806667,4,1,5
9438,44667,-81.7645594,40.8417226,15,1,16
9439,37738,-83.4795918,35.7256994,45,45,90
9440,54612,-91.50118461,44.25250667,5,7,12
9441,45042,-84.4012023,39.5192421,80,0,80
9442,44436,-80.5345855,41.0371304,3,11,14
9443,45171,-83.7843069,38.9246297,1,0,1
9444,99156,-117.05905,48.17877973,17,0,17
9445,44113,-81.6960388,41.501386,1616,0,1616
9446,99301,-119.096167,46.2370302,28,12,40
9447,43551,-83.5681161,41.5391808,26,0,26
9448,24450,-79.4250545,37.8046293,30,0,30
9449,28429,-77.8958469,34.3271242,315,24,339
9450,24541,-79.3912523,36.5864541,69,4,73
9451,99166,-118.7341116,48.6494256,10,0,10
9452,24522,-78.83064981,37.35545328,19,0,19
9453,44146,-81.5387155,41.3970095,34,0,34
9454,22727,-78.25701056,38.38029838,18,5,23
9455,23607,-76.4296053,36.97867,189,10,199
9456,58782,-101.633194,48.96019211,1,0,1
9457,26070,-80.61411719,40.26944903,17,0,17
9458,08501,-74.58405611,40.17826831,4,0,4
9459,26241,-79.842951,38.9229894,10,0,10
9460,24954,-80.0883881,38.2179658,5,0,5
9461,07663,-74.08146047,40.8956281,31,0,31
9462,65233,-92.74373137,38.97735701,9,0,9
9463,23851,-76.91967709,36.66406692,26,0,26
9464,07094,-74.05500128,40.7878818,58,0,58
9465,08260,-74.7959107,39.0006169,29,0,29
9466,54451,-90.34187205,45.13681704,19,2,21
9467,82701,-104.2033914,43.8560972,7,0,7
9468,44904,-82.5843149,40.6790053,9,6,15
9469,05101,-72.4536307,43.1390258,6,5,11
9470,55318,-93.6021579,44.787449,24,0,24
9471,27831,-77.5657143,36.44904005,2,5,7
9472,27889,-77.0542529,35.5438654,48,3,51
9473,27249,-79.54303677,36.10609788,13,10,23
9474,98625,-122.8460824,46.01036304,5,0,5
9475,64744,-94.0218227,37.8641561,7,0,7
9476,44705,-81.3084047,40.8386458,135,0,135
9477,65707,-93.84003241,37.21415631,1,8,9
9478,63640,-90.416962,37.7796412,26,0,26
9479,63339,-91.34152658,39.34646256,1,0,1
9480,84511,-109.4757081,37.63268185,5,1,6
9481,65775,-91.87164107,36.75458823,23,16,39
9482,27011,-80.70815798,36.23336227,4,2,6
9483,28792,-82.45685797,35.315182,128,6,134
9484,63565,-93.0024914,40.47593917,2,3,5
9485,53551,-88.9113461,43.0783767,11,1,12
9486,82633,-105.3808548,42.7598948,11,0,11
9487,24983,-80.54322143,37.5911843,5,1,6
9488,57274,-97.52131942,45.33150317,5,0,5
9489,44883,-83.1778926,41.1147476,30,0,30
9490,82410,-108.039415,44.3819976,8,2,10
9491,25213,-81.89178664,38.53331535,37,0,37
9492,28396,-79.36568623,34.88570025,2,0,2
9493,65020,-92.75072024,38.00499386,14,0,14
9494,28792,-82.45953681,35.31807555,38,3,41
9495,43570,-84.43471714,41.58667371,4,4,8
9496,38485,-87.76177615,35.32007973,16,0,16
9497,23456,-76.061431,36.7529997,429,0,429
9498,26726,-78.97497359,39.44121727,11,1,12
9499,98848,-119.8554941,47.23531942,12,5,17
9500,54853,-92.48277877,45.57293904,2,4,6
9501,28712,-82.73661336,35.23432525,23,11,34
9502,38230,-88.8000647,36.1552313,7,0,7
9503,44817,-83.5538623,41.166809,1,1,2
9504,45150,-84.2410818,39.1948749,39,1,40
9505,45107,-83.9843525,39.2947574,7,4,11
9506,28364,-79.35107641,34.73737892,7,1,8
9507,07005,-74.4069528,40.90192233,21,0,21
9508,38053,-89.86791628,35.34340183,42,0,42
9509,45050,-84.3626989,39.440896,22,6,28
9510,45011,-84.5558699,39.3881306,300,30,330
9511,63845,-89.38698332,36.78102342,8,1,9
9512,07733,-74.1879738,40.3858205,43,0,43
9513,56285,-95.3496705,44.7861687,1,4,5
9514,55314,-94.616462,44.7382434,2,6,8
9515,27890,-77.59594971,36.42806845,8,6,14
9516,44130,-81.75911715,41.39366529,33,0,33
9517,07760,-74.00194229,40.37569009,17,0,17
9518,44515,-80.7665061,41.1037722,40,1,41
9519,43748,-82.3004661,39.72061751,1,0,1
9520,07849,-74.54853612,41.02087424,39,0,39
9521,84501,-110.814725,39.60002524,21,0,21
9522,98812,-119.7797087,48.09864263,6,0,6
9523,27371,-79.8944292,35.35834845,42,37,79
9524,53103,-88.20943862,42.87776448,3,5,8
9525,84741,-112.527832,37.04934065,12,0,12
9526,65265,-91.8811,39.1740939,35,0,35
9527,98631,-124.054365,46.3501918,6,0,6
9528,74953,-94.6223885,35.0534728,26,0,26
9529,84404,-111.993538,41.240167,121,4,125
9530,84064,-111.1845,41.66501357,4,0,4
9531,24290,-82.55429154,36.62699277,5,1,6
9532,98926,-120.5467248,46.99256482,26,0,26
9533,07753,-74.03661214,40.20982542,74,0,74
9534,84660,-111.65936,40.1489825,119,0,119
9535,08540,-74.66477846,40.36075617,31,0,31
9536,55025,-92.98541502,45.26632675,26,5,31
9537,03215,-71.50996073,43.94494324,6,5,11
9538,07828,-74.74541377,40.84674025,55,0,55
9539,07026,-74.102789,40.8787802,65,0,65
9540,56721,-97.02256468,47.93116926,22,0,22
9541,37660,-82.5618982,36.5475213,111,0,111
9542,05905,-71.56099999,44.56558581,1,0,1
9543,53555,-89.52617037,43.31292607,5,0,5
9544,54409,-89.15560926,45.1444287,16,7,23
9545,58237,-97.40463627,48.41777332,10,0,10
9546,45322,-84.3063981,39.8995677,6,10,16
9547,45877,-83.962196,40.9478522,2,2,4
9548,82082,-104.06804,41.18283132,2,1,3
9549,44905,-82.4911395,40.7586266,48,0,48
9550,73521,-99.33695742,34.63988887,4,1,5
9551,59427,-112.3301492,48.6354967,8,0,8
9552,44266,-81.2443238,41.1567306,25,2,27
9553,64078,-94.45998652,38.71880214,11,3,14
9554,24251,-82.58081411,36.6382738,26,0,26
9555,27983,-76.94577923,35.99785286,9,7,16
9556,26601,-80.7082832,38.6641737,9,0,9
9557,65653,-93.12198016,36.69688282,7,0,7
9558,63501,-92.58238623,40.19401011,25,0,25
9559,59324,-104.5487041,45.88841572,3,1,4
9560,84726,-111.601916,37.77107869,1,0,1
9561,28705,-82.15870945,36.01497248,1,0,1
9562,58482,-99.91488636,46.8548736,2,0,2
9563,53901,-89.45014496,43.54459779,40,0,40
9564,65274,-92.736064,39.01742474,2,2,4
9565,84501,-110.7994281,39.61565907,17,0,17
9566,28540,-77.4313309,34.75171229,104,7,111
9567,63653,-90.5917642,37.86475474,4,2,6
9568,45320,-84.6325994,39.7475838,14,1,15
9569,64424,-94.0282405,40.26918063,6,1,7
9570,58249,-98.367802,48.7614784,5,2,7
9571,63771,-89.65497044,37.08564001,1,1,2
9572,84092,-111.6373419,40.59055527,4,3,7
9573,43566,-83.7188215,41.5001336,12,0,12
9574,45769,-82.0334909,39.0279278,11,1,12
9575,63070,-90.39306644,38.28425085,14,0,14
9576,84631,-112.3393148,38.95324153,42,4,46
9577,98550,-123.8803913,46.97597698,19,0,19
9578,25621,-81.86809388,37.61178393,3,2,5
9579,63960,-90.15825967,36.94914744,2,0,2
9580,98563,-123.6005391,46.98173409,8,5,13
9581,45338,-84.5386951,39.85492329,4,7,11
9582,44212,-81.8602848,41.261138,10,1,11
9583,65459,-92.09663644,37.99275732,5,3,8
9584,45875,-83.9231063,41.0171956,0,3,3
9585,63347,-90.74290079,39.04560068,1,5,6
9586,64037,-93.71735188,39.07522703,9,6,15
9587,54017,-92.53639105,45.12243898,16,0,16
9588,54521,-89.2453647,45.9186422,6,5,11
9589,53195,-88.4826157,42.5131848,6,5,11
9590,27027,-79.96762932,36.4128972,16,8,24
9591,25962,-80.76951475,37.96912697,2,1,3
9592,65248,-92.6822456,39.1468654,6,0,6
9593,54170,-88.5795458,44.4424404,1,6,7
9594,45414,-84.197657,39.8547432,15,0,15
9595,53506,-90.3253807,43.1804852,1,0,1
9596,54727,-91.14744322,44.94487178,3,4,7
9597,07024,-73.981302,40.8442073,109,0,109
9598,63343,-90.7835806,39.16557066,5,1,6
9599,44260,-81.3927549,41.0479518,8,1,9
9600,53507,-89.89071,43.0173197,1,7,8
9601,28604,-81.87548591,36.18653332,10,1,11
9602,53818,-90.4783858,42.734762,20,0,20
9603,64501,-94.8538094,39.7692968,114,0,114
9604,63965,-91.00798712,37.00435493,4,0,4
9605,23418,-75.7150853,37.68976669,4,0,4
9606,64720,-94.35266327,38.39874767,3,7,10
9607,27041,-80.46830459,36.38542764,8,7,15
9608,65714,-93.3100927,37.04535112,22,0,22
9609,28174,-80.44561255,34.98233849,7,2,9
9610,65721,-93.20548415,37.01959994,65,10,75
9611,27536,-78.4044672,36.3277803,50,4,54
9612,28439,-79.03685918,34.31333511,3,4,7
9613,28163,-80.42576827,35.23385158,4,3,7
9614,84654,-111.8656304,38.95789043,5,1,6
9615,65565,-91.35604599,37.96739885,6,2,8
9616,27805,-77.11544507,36.22932515,0,3,3
9617,65772,-93.96459061,36.58897949,0,2,2
9618,28605,-81.67923178,36.13375,10,0,10
9619,84642,-111.6364282,39.2678605,15,4,19
9620,08332,-75.03843944,39.39456139,79,0,79
9621,58601,-102.7850554,46.89504227,11,0,11
9622,56621,-95.3991694,47.5242782,0,10,10
9623,05461,-73.11224592,44.33368264,4,3,7
9624,45331,-84.6276775,40.0684299,40,0,40
9625,05201,-73.19689932,42.87757355,25,5,30
9626,05753,-73.17248523,44.01841791,14,2,16
9627,05478,-73.10638544,44.81261298,14,14,28
9628,45385,-83.927611,39.6859535,102,0,102
9629,57656,-101.0719625,45.42837006,2,1,3
9630,05055,-72.3075459,43.71607431,4,2,6
9631,45690,-82.9838298,39.1254023,11,4,15
9632,58640,-102.749168,47.37040317,2,0,2
9633,56630,-94.54649823,47.73085319,2,2,4
9634,56342,-93.46965928,46.13712079,2,2,4
9635,27596,-78.47414965,36.02555819,9,1,10
9636,54403,-89.62473187,44.95823921,67,8,75
9637,03741,-72.0121997,43.64664741,1,0,1
9638,43125,-82.8820859,39.8535656,19,4,23
9639,54016,-92.72292582,44.9816365,44,16,60
9640,55021,-93.2708722,44.2938674,24,0,24
9641,54154,-88.13545402,44.88042229,5,3,8
9642,07860,-74.74977415,41.05824762,25,2,27
9643,45424,-84.1302641,39.8639099,51,0,51
9644,45244,-84.3608709,39.12558828,7,8,15
9645,54512,-89.64088577,46.10894154,1,0,1
9646,65705,-93.64599346,36.98982589,3,1,4
9647,26287,-79.68055116,39.09734724,1,0,1
9648,25514,-82.59933609,38.11844912,2,2,4
9649,28466,-77.9932664,34.7380638,12,10,22
9650,54212,-87.24175475,45.12644865,1,0,1
9651,08091,-74.9262447,39.79845605,20,0,20
9652,45120,-84.0971868,38.8390993,1,14,15
9653,53152,-88.22714773,42.57962696,1,0,1
9654,28086,-81.3427354,35.2396406,30,9,39
9655,22835,-78.45819796,38.66562878,11,4,15
9656,07054,-74.43158307,40.87224585,106,0,106
9657,07039,-74.31437704,40.78275854,74,0,74
9658,07417,-74.1987384,41.0199654,23,0,23
9659,07036,-74.2890441,40.635323,9,0,9
9660,28315,-79.42273145,35.14280895,26,3,29
9661,07901,-74.3627482,40.7169319,48,0,48
9662,07042,-74.2209392,40.8168208,109,0,109
9663,44682,-81.4005332,40.3941839,0,2,2
9664,43130,-82.6017001,39.7127563,66,0,66
9665,56208,-96.0215802,45.2002792,4,5,9
9666,55811,-92.2201597,46.8088637,14,0,14
9667,57064,-96.83592427,43.44611572,5,4,9
9668,57315,-98.0598077,43.0043325,1,1,2
9669,56044,-93.9090632,44.5284042,1,4,5
9670,56347,-94.8609388,45.9724344,14,5,19
9671,57013,-96.58877212,43.30242693,5,6,11
9672,57732,-103.7291892,44.3736518,11,0,11
9673,56081,-94.62565451,43.98129238,7,0,7
9674,55307,-94.08091584,44.60697237,2,7,9
9675,54829,-92.02130218,45.53480435,5,4,9
9676,57069,-96.93606232,42.77991262,16,0,16
9677,57341,-98.9869953,44.0324957,1,1,2
9678,55040,-93.2479588,45.4933868,8,5,13
9679,56359,-93.66893562,46.07043394,2,4,6
9680,54153,-87.86562887,44.88956408,26,0,26
9681,55364,-93.658499,44.9341933,13,0,13
9682,56058,-93.9141664,44.4635969,7,6,13
9683,55369,-93.4025222,45.120726,5,10,15
9684,54840,-92.6796159,45.7766834,3,4,7
9685,56364,-94.104354,45.9787631,1,2,3
9686,53066,-88.4969003,43.1108492,22,4,26
9687,73020,-97.2957867,35.4928257,12,6,18
9688,53968,-90.224152,43.6533155,1,1,2
9689,57620,-102.4644402,45.522904,3,1,4
9690,57241,-97.20353257,44.65705239,4,0,4
9691,74553,-95.9050547,34.7217515,6,0,6
9692,53095,-88.1803638,43.4057213,56,0,56
9693,57747,-103.4767878,43.43207174,7,1,8
9694,57472,-100.0343345,45.50720303,2,0,2
9695,73728,-98.3566104,36.7551913,4,0,4
9696,73042,-98.2616402,35.1871991,1,1,2
9697,68410,-95.8582688,40.675966,16,0,16
9698,53589,-89.21765727,42.91606567,20,0,20
9699,57580,-99.85472489,43.37519764,8,3,11
9700,57001,-96.6320237,43.0212262,2,4,6
9701,68661,-97.0554243,41.4469178,7,0,7
9702,68048,-95.8829536,41.0118343,52,5,57
9703,69153,-101.715299,41.1259079,11,0,11
9704,74740,-94.6539299,33.8456089,1,0,1
9705,68370,-97.591297,40.1681342,7,0,7
9706,68048,-95.8829532,41.0118342,16,0,16
9707,69044,-101.0102892,40.1764727,4,0,4
9708,74068,-96.5835071,35.9123918,1,0,1
9709,74103,-95.99511451,36.14914196,237,1,238
9710,74955,-94.7905383,35.4587679,21,0,21
9711,74033,-95.9957916,35.95440438,14,3,17
9712,74421,-96.0696196,35.7412326,4,2,6
9713,73542,-99.01672947,34.3885887,11,0,11
9714,73632,-98.9885922,35.2925827,6,3,9
9715,74829,-96.483957,35.4897913,1,0,1
9716,74723,-96.03715531,34.01138364,1,0,1
9717,74848,-96.40223127,35.08391471,7,1,8
9718,73654,-99.3470315,35.867264,1,0,1
9719,74445,-95.85974353,35.60556608,3,6,9
9720,74733,-96.5086477,33.8521734,6,0,6
9721,53120,-88.3910893,42.788054,7,5,12
9722,74641,-96.8596187,36.7648658,1,0,1
9723,73433,-97.3961781,34.6221213,2,3,5
9724,74966,-94.7250266,34.9677471,3,2,5
9725,74048,-95.6382948,36.702628,10,0,10
9726,43109,-82.8312465,39.9184184,4,13,17
9727,74346,-94.7983521,36.4205014,25,30,55
9728,54414,-89.2088614,44.9297065,2,0,2
9729,73067,-97.9342533,34.9588419,4,1,5
9730,74764,-95.09381,34.0035322,3,1,4
9731,74426,-95.5225748,35.4691439,10,4,14
9732,54843,-91.4872488,46.0138323,7,5,12
9733,73573,-98.0018253,34.1657511,4,0,4
9734,58642,-102.7701202,47.23170596,4,0,4
9735,69021,-101.5334688,40.05070213,4,0,4
9736,98597,-122.606561,46.94004003,14,0,14
9737,25504,-82.29514826,38.40764676,16,0,16
9738,25443,-77.804766,39.4288012,3,7,10
9739,56649,-93.4107046,48.60126873,13,0,13
9740,53821,-91.1461418,43.0549086,14,5,19
9741,44105,-81.6567611,41.447541,4,21,25
9742,27949,-75.7035402,36.06446523,17,2,19
9743,63944,-90.45062948,37.12645333,6,0,6
9744,55020,-93.34835637,44.57367502,1,7,8
9745,23917,-78.38849335,36.6669914,49,1,50
9746,53808,-90.59161866,42.62753808,1,0,1
9747,55089,-92.65195654,44.62856102,8,0,8
9748,89711,-119.7641111,39.15444061,417,0,417
9749,57799,-103.8712337,44.49722899,1,0,1
9750,29526,-79.0530318,33.8643578,243,0,243
9751,39739,-88.5830042,33.2343031,3,4,7
9752,88426,-103.4123144,35.366364,4,0,4
9753,29696,-83.04391999,34.76008239,0,0,0
9754,79235,-101.3360385,33.9869451,6,2,8
9755,18224,-75.8974037,41.0195295,2,6,8
9756,39645,-90.8106183,31.156599,6,3,9
9757,39341,-88.5605963,33.1056968,4,0,4
9758,39201,-90.18404318,32.30414347,57,3,60
9759,39437,-89.2006131,31.5960484,6,1,7
9760,38941,-90.3396673,33.51183915,17,0,17
9761,38663,-88.9502541,34.7306517,8,3,11
9762,38606,-89.8894337,34.3611098,31,4,35
9763,39462,-89.0353427,31.2047632,5,4,9
9764,39208,-90.0750882,32.310142,24,0,24
9765,39666,-90.4447527,31.2947813,4,7,11
9766,39762,-88.7921122,33.4557478,31,0,31
9767,38843,-88.40975174,34.27317472,10,4,14
9768,15370,-80.1863603,39.8961043,6,0,6
9769,19063,-75.3916461,39.9197014,58,0,58
9770,17068,-77.1871099,40.4200826,5,3,8
9771,16444,-80.1248465,41.8711288,12,0,12
9772,16214,-79.385811,41.2152355,7,8,15
9773,17821,-76.6196194,40.95980644,5,4,9
9774,16701,-78.6722428,41.9432794,6,10,16
9775,18337,-74.800491,41.3247212,20,2,22
9776,15759,-79.05010863,40.77270907,0,2,2
9777,97603,-121.7492033,42.22263133,73,2,75
9778,97123,-122.99344,45.5209425,369,24,393
9779,97045,-122.5742987,45.32313744,3,2,5
9780,97801,-118.8432148,45.6736635,44,0,44
9781,87501,-105.9430654,35.683793,19,0,19
9782,87016,-106.062536,34.7595596,12,1,13
9783,87701,-105.224288,35.5986637,3,2,5
9784,87571,-105.547422,36.43808625,5,0,5
9785,87505,-105.9576362,35.66950612,2,1,3
9786,76849,-99.76499619,30.48988245,12,2,14
9787,78731,-97.77105315,30.34212254,277,0,277
9789,78521,-97.48288299,25.93514499,32,0,32
9790,78252,-98.6691544,29.3052705,7,0,7
9791,78264,-98.438105,29.2230844,8,1,9
9792,77979,-96.62690857,28.61226906,17,0,17
9793,78586,-97.65215,26.141785,10,0,10
9796,76367,-98.6940933,33.9641054,1,0,1
9797,75042,-96.6548367,32.9103528,3,0,3
9798,77701,-94.09224902,30.07942497,6,0,6
9800,79855,-104.8307044,31.0428786,8,2,10
9801,76119,-97.2759078,32.6776757,26,0,26
9802,79556,-100.4743719,32.4654146,8,0,8
9803,75074,-96.6758431,33.0495204,18,0,18
9804,77477,-95.5654549,29.624481,48,0,48
9805,79968,-106.5073782,31.7804862,20,0,20
9806,78114,-98.15673645,29.15300601,2,0,2
9807,77713,-94.2689683,30.1473076,1,0,1
9808,75125,-96.6501163,32.5304766,2,0,2
9809,79764,-102.3814621,31.86455266,4,0,4
9811,79401,-101.8431692,33.5850613,75,0,75
9812,76528,-97.7509047,31.4335326,22,1,23
9813,75644,-94.9437849,32.7323415,45,0,45
9814,77550,-94.7964036,29.3085539,30,1,31
9815,79782,-101.7911111,32.13138581,4,0,4
9816,78363,-97.8787047,27.5222832,17,0,17
9817,78118,-97.9014185,28.8855895,9,0,9
9818,11225,-73.95202076,40.66672493,20,0,20
9819,02903,-71.4207165,41.8200797,483,0,483
9820,02920,-71.4424626,41.8024843,148,0,148
9821,02806,-71.3278571,41.7480879,24,0,24
9822,13856,-75.135075,42.171381,6,4,10
9823,14840,-77.223348,42.40777036,1,1,2
9824,12477,-73.9523633,42.0786624,11,17,28
9825,14850,-76.49753358,42.43721103,68,0,68
9826,11978,-72.64673554,40.81350233,16,7,23
9827,10580,-73.6830146,40.9852572,39,0,39
9828,13407,-75.0054237,43.0089883,4,11,15
9829,13360,-74.7953865,43.7518032,1,4,5
9830,12814,-73.6555821,43.5571131,0,3,3
9831,16137,-80.2394854,41.2251596,13,8,21
9832,16401,-80.3654318,41.8914665,2,2,4
9833,19122,-75.1532171,39.98012254,125,0,125
9834,29506,-79.6981292,34.1975156,0,0,0
9835,75455,-94.9711157,33.1546773,21,0,21
9836,76844,-98.5690436,31.449115,6,1,7
9837,79739,-101.47994,31.8632637,3,0,3
9838,79731,-102.3518301,31.3966278,6,2,8
9839,77440,-96.1420609,28.8978815,1,0,1
9840,75440,-95.7899019,32.8897201,1,0,1
9842,77357,-95.21674983,30.14296586,4,0,4
9843,78584,-99.0162387,26.4081276,5,0,5
9844,77502,-95.2035701,29.6912399,8,0,8
9845,79101,-101.8336841,35.2069284,93,0,93
9846,77354,-95.74552118,30.21412211,1,0,1
9847,75652,-94.8005444,32.1555587,39,2,41
9848,76449,-98.42663618,32.87308919,13,1,14
9849,77338,-95.2633585,30.0012072,24,4,28
9850,77301,-95.4534404,30.3187509,46,7,53
9851,79720,-101.4771353,32.2517142,13,0,13
9852,79346,-102.7597794,33.72589349,6,4,10
9853,76943,-101.2000972,30.7116556,7,1,8
9854,76380,-99.2608733,33.5873782,3,0,3
9855,78382,-97.045515,28.0412214,2,2,4
9856,02888,-71.44113621,41.73200038,10,0,10
9857,02813,-71.64746072,41.42676093,3,0,3
9858,14814,-76.93460682,42.14148922,0,0,0
9859,12401,-74.0159808,41.9126324,57,16,73
9860,12180,-73.7008455,42.7095173,34,0,34
9861,12953,-74.3185196,44.8687518,8,0,8
9862,14454,-77.8160588,42.801571,49,22,71
9863,12845,-73.6993786,43.3593036,75,0,75
9864,13601,-75.92852231,43.97239088,46,0,46
9865,29016,-80.97456155,34.17685404,67,2,69
9866,29118,-80.82916141,33.54495193,5,0,5
9867,17042,-76.4233085,40.3329502,6,0,6
9868,17881,-76.66527828,40.78209852,0,2,2
9869,15042,-80.25277719,40.6841123,2,7,9
9870,18708,-76.01359156,41.30626438,1,0,1
9871,97465,-124.4985267,42.75395157,3,2,5
9872,87501,-105.9360184,35.68225557,6,0,6
9873,79545,-100.5382093,32.4451983,1,0,1
9874,79907,-106.3224241,31.68842325,5,0,5
9875,87031,-106.7341531,34.80618721,7,0,7
9876,29302,-81.88041357,34.91015933,8,4,12
9877,88340,-105.7687666,33.15745989,3,0,3
9878,29625,-82.68496882,34.53521325,191,0,191
9879,75935,-94.18475288,31.79323586,2,0,2
9880,17113,-76.8416677,40.2356523,12,7,19
9881,17055,-77.0100307,40.2143487,16,0,16
9882,19473,-75.461015,40.2720804,2,0,2
9883,15037,-79.8556243,40.2282389,5,2,7
9884,16423,-80.3426203,42.0131834,3,1,4
9885,17552,-76.5022615,40.1099338,13,3,16
9886,17241,-77.3995988,40.1718584,2,3,5
9887,17048,-76.7098548,40.5667597,2,0,2
9888,17701,-77.0059685,41.2401154,53,0,53
9889,17578,-76.23059807,40.23679401,4,1,5
9890,17070,-76.8725514,40.2336696,8,0,8
9891,15033,-79.8554668,40.1781455,6,12,18
9892,15342,-80.2175059,40.2239109,11,0,11
9893,17050,-77.0181199,40.2460845,15,0,15
9894,18951,-75.3527464,40.4493757,12,12,24
9895,17340,-77.0877967,39.7445252,7,2,9
9896,16143,-80.4670049,41.1075954,2,4,6
9897,17325,-77.229697,39.8282592,11,2,13
9898,17344,-77.01903135,39.80372913,5,0,5
9899,17516,-76.3442268,39.9411119,9,3,12
9900,97032,-122.8050797,45.1826305,6,9,15
9901,97630,-120.3463647,42.19164294,5,0,5
9902,97338,-123.3155596,44.9202109,17,0,17
9903,97224,-122.7951029,45.4089419,5,0,5
9904,97103,-123.81157,46.190904,15,1,16
9905,97801,-118.839775,45.67773,23,0,23
9906,97138,-123.9231407,45.98701713,18,0,18
9907,97823,-120.1845796,45.23651672,1,1,2
9908,97146,-123.9257604,46.163576,8,0,8
9909,97367,-124.0111735,44.9616374,25,0,25
9910,97526,-123.3257211,42.44300782,40,0,40
9913,78040,-99.4926145,27.5164722,28,0,28
9914,75142,-96.3150729,32.5668602,4,0,4
9915,76108,-97.478817,32.7793156,2,2,4
9916,77474,-96.160003,29.7724456,3,0,3
9917,75155,-96.491243,32.2301083,1,0,1
9918,77030,-95.3969165,29.7071098,94,0,94
9919,79924,-106.4375716,31.8876383,35,0,35
9920,78501,-98.24174195,26.2237328,43,0,43
9921,76801,-98.97889948,31.71931505,3,0,3
9922,10950,-74.1869243,41.3277233,18,0,18
9923,14043,-78.6859267,42.9049912,28,0,28
9924,10023,-73.97133529,40.76765283,149,0,149
9926,79601,-99.69169258,32.50521247,2,0,2
9927,10036,-73.98225763,40.75442163,6,0,6
9928,10038,-74.00774282,40.70713301,73,0,73
9929,29365,-82.1235975,34.9479741,7,0,7
9930,77571,-95.0422919,29.6662117,72,0,72
9931,12561,-74.0824521,41.7364249,24,0,24
9932,13676,-74.9739507,44.6609356,12,0,12
9933,14802,-77.7926305,42.2559234,12,0,12
9934,45504,-83.8764965,39.9869486,3,9,12
9935,45227,-84.3916302,39.1436342,8,1,9
9936,45152,-84.1293273,39.3545554,2,0,2
9937,07747,-74.2306134,40.4139778,23,1,24
9938,53534,-89.07214289,42.83460694,10,1,11
9939,43085,-83.013811,40.108777,9,1,10
9940,55810,-92.2261896,46.7426753,7,0,7
9941,53913,-89.7410531,43.4710978,27,0,27
9942,56441,-93.9530808,46.4802583,8,6,14
9943,28640,-81.47163716,36.4209345,3,2,5
9944,28091,-79.98394555,34.96744861,1,0,1
9945,63830,-89.655931,36.193793,21,1,22
9946,44281,-81.7291205,41.0269902,29,5,34
9947,54648,-90.6237193,43.83119948,1,0,1
9948,44805,-82.291881,40.8627251,28,0,28
9949,43977,-81.0658685,40.1498093,0,3,3
9950,56178,-96.1341666,44.2788062,2,3,5
9951,68628,-97.836979,41.2168679,1,0,1
9952,73739,-98.1513814,36.5322356,1,0,1
9953,73401,-96.9979415,34.1866463,3,1,4
9954,27889,-76.96287383,35.5346406,3,0,3
9955,27282,-79.91905384,35.99815502,20,0,20
9956,28557,-76.7035335,34.7202027,18,0,18
9957,98321,-122.0281207,47.16235797,9,0,9
9958,27557,-78.20365383,35.78827559,4,6,10
9959,55077,-93.061989,44.8308661,34,0,34
9960,99260,-117.4290322,47.66554869,295,0,295
9961,43420,-83.0837875,41.3572253,35,0,35
9962,26155,-80.8653649,39.6396067,10,1,11
9963,44203,-81.6109853,41.0134928,42,3,45
9964,28097,-80.43161711,35.25916014,9,4,13
9965,45318,-84.3550165,40.1173978,5,2,7
9966,59105,-108.5372187,45.803752,9,0,9
9967,07640,-73.9778949,40.9845994,12,0,12
9968,07071,-74.124664,40.8124812,52,0,52
9969,03079,-71.2164916,42.7704994,59,17,76
9970,08046,-74.8958514,40.0304972,74,0,74
9971,07424,-74.1999646,40.895882,28,0,28
9972,28570,-76.8661144,34.7876675,10,3,13
9973,08750,-74.03604893,40.13385057,11,15,26
9974,05033,-72.12598489,43.99728288,1,0,1
9975,37821,-83.1842804,35.96720565,75,0,75
9976,84029,-112.4462928,40.60010406,9,5,14
9977,07642,-74.0395058,41.0029604,20,0,20
9978,08225,-74.5493162,39.3665827,24,0,24
9979,37801,-83.9741509,35.7519809,52,0,52
9980,24230,-82.4692321,36.9428386,7,0,7
9981,56547,-96.5799232,46.8743769,3,2,5
9982,26456,-80.77465688,39.29414862,6,0,6
9983,22842,-78.642186,38.74772427,4,0,4
9984,38316,-88.8090065,36.0765805,3,10,13
9985,56601,-94.88297665,47.4738149,31,0,31
9986,38369,-88.9864712,36.1272735,3,4,7
9987,37415,-85.29821685,35.10595452,22,0,22
9988,23868,-77.8468623,36.759701,5,0,5
9989,38473,-87.15945589,35.05219505,2,0,2
9990,38024,-89.39020709,36.03203203,55,0,55
9991,24343,-80.73537771,36.76325429,11,0,11
9992,56183,-95.43644875,44.04191121,1,2,3
9993,37204,-86.7625329,36.1121472,13,0,13
9994,24521,-79.0521277,37.58560657,5,0,5
9995,44041,-80.9500437,41.8590102,5,20,25
9996,56159,-94.9307108,43.9385055,4,3,7
9997,24482,-79.0176232,38.1937822,65,8,73
9998,58530,-101.29917,47.1191496,1,0,1
9999,43976,-80.9007037,40.3259461,1,0,1
10000,58785,-101.134274,48.23720643,1,3,4
10001,37185,-87.7932096,36.0834028,13,0,13
10002,45750,-81.4531803,39.4166544,31,0,31
10003,98225,-122.4899173,48.7274358,15,0,15
10004,58458,-98.29341196,46.35781728,1,0,1
10005,24340,-81.77142811,36.78969185,2,0,2
10006,58438,-99.6279745,47.6481503,1,0,1
10007,44004,-80.78011,41.8669431,30,0,30
10008,24301,-80.7777873,37.0475688,44,4,48
10009,22553,-77.588548,38.2012296,156,31,187
10010,84119,-111.9590443,40.69467662,186,1,187
10011,22134,-77.2908794,38.5222721,2,8,10
10012,69210,-99.8638895,42.5504236,4,2,6
10013,38351,-88.39347339,35.64768873,26,2,28
10014,55428,-93.3857043,45.0356819,31,0,31
10015,43906,-80.7437246,40.0139317,10,7,17
10016,22201,-77.08314599,38.8898665,364,0,364
10017,55124,-93.2090356,44.7346551,51,0,51
10018,55344,-93.4619008,44.8563252,65,0,65
10019,55427,-93.3782781,44.9863098,29,0,29
10020,65802,-93.2902428,37.2159384,306,0,306
10021,03885,-70.91705347,43.01108707,10,4,14
10022,38251,-88.33493889,36.44392178,2,0,2
10023,55068,-93.12370425,44.73963684,22,0,22
10024,03870,-70.7724475,43.01258596,9,5,14
10025,37873,-82.85229559,36.46879251,2,7,9
10026,54847,-91.40286894,46.56425123,3,0,3
10027,24609,-81.7639485,37.0875761,3,1,4
10028,24266,-82.0874753,36.9002068,11,0,11
10029,24651,-81.5204732,37.1166812,12,1,13
10030,24236,-81.79037082,36.63511192,5,5,10
10031,25311,-81.59778115,38.36832736,8,3,11
10032,26105,-81.54847693,39.32458989,18,0,18
10033,26330,-80.25873435,39.28040723,19,0,19
10034,43221,-83.0509795,40.0312044,47,0,47
10035,24441,-78.8273207,38.2660879,5,3,8
10036,58722,-101.4320121,48.27720635,2,0,2
10037,26836,-78.96743921,39.06235516,6,1,7
10038,26287,-79.68082275,39.09685091,3,0,3
10039,69130,-99.9837669,40.8593109,7,5,12
10040,44680,-81.5300848,40.5923198,4,8,12
10041,43054,-82.8096708,40.0803103,17,1,18
10042,64424,-94.0353128,40.269526,5,2,7
10043,25601,-81.99372738,37.84907548,8,1,9
10044,22601,-78.1630018,39.1838701,9,14,23
10045,37760,-83.49192756,36.11062334,19,3,22
10046,43207,-82.9346438,39.8838409,15,5,20
10047,44077,-81.2760571,41.7554176,7,3,10
10048,44094,-81.3562513,41.618263,9,8,17
10049,38464,-87.33740142,35.24227485,31,0,31
10050,65020,-92.74584084,38.00806678,62,0,62
10051,83001,-110.7597301,43.4782419,23,1,24
10052,89301,-114.8674243,39.2418748,23,0,23
10053,43085,-83.0161897,40.0977689,34,6,40
10054,38481,-87.5058948,35.0393739,1,3,4
10055,45103,-84.1880896,39.0934076,87,0,87
10056,63755,-89.66791807,37.38440132,48,0,48
10057,26415,-80.9679725,39.28530329,1,0,1
10058,65265,-91.81872717,39.16803948,30,2,32
10059,26651,-80.8512909,38.2807918,27,0,27
10060,59714,-111.1751401,45.77704516,15,0,15
10061,07029,-74.1589201,40.7521356,7,0,7
10062,37347,-85.67789814,35.04536771,9,0,9
10063,98632,-122.9355165,46.13697947,54,0,54
10064,20110,-77.4791913,38.751652,75,7,82
10065,38301,-88.814335,35.6104104,204,2,206
10066,37397,-85.4855268,35.18960174,1,0,1
10067,03244,-71.9095985,43.1123501,12,2,14
10068,99402,-117.0543766,46.34040336,3,2,5
10069,98857,-119.0393682,46.96837745,4,0,4
10070,98362,-123.4320286,48.1144176,31,0,31
10071,08302,-75.2311645,39.4284098,63,10,73
10072,53932,-89.05825248,43.38079592,2,5,7
10073,20186,-77.7986504,38.7129077,113,0,113
10074,63764,-89.9699346,37.3055909,8,0,8
10075,23847,-77.5382025,36.6931742,28,0,28
10076,24124,-80.8133457,37.3277944,4,1,5
10077,37826,-84.54561712,35.5144808,3,0,3
10078,27542,-78.12452531,35.59536224,7,3,10
10079,27504,-78.54402994,35.38098799,14,3,17
10080,44136,-81.832921,41.3149871,78,0,78
10081,37309,-84.747838,35.2955341,2,3,5
10082,07704,-74.0378243,40.3610455,13,0,13
10083,23093,-77.999143,38.0219552,6,0,6
10084,23970,-78.1301928,36.7265802,20,0,20
10085,23602,-76.50274544,37.1297619,15,0,15
10086,07724,-74.05828486,40.3058781,37,0,37
10087,37034,-86.6934033,35.6271923,5,0,5
10088,59645,-110.9047874,46.54522735,4,5,9
10089,44128,-81.52411095,41.42743166,5,14,19
10090,98626,-122.9118962,46.1443373,28,0,28
10091,59353,-104.1887187,46.98589952,2,3,5
10092,59254,-104.556439,48.77841719,7,0,7
10093,44094,-81.3848475,41.6048791,6,2,8
10094,98327,-122.6476128,47.10589163,9,0,9
10095,65536,-92.6642276,37.6828408,21,0,21
10096,63334,-91.21086579,39.34594507,9,2,11
10097,63361,-91.50464845,38.97941704,17,15,32
10098,63855,-90.1108916,36.0399696,2,3,5
10099,55804,-91.8466889,46.9523069,0,3,3
10100,63445,-91.71838292,40.42508019,5,0,5
10101,63862,-89.61485756,36.59173508,2,1,3
10102,26038,-80.75369081,39.95102073,5,2,7
10103,45891,-84.5809663,40.870292,19,0,19
10104,45891,-84.5762173,40.8700556,23,4,27
10105,28786,-83.00573987,35.47142884,50,5,55
10106,25411,-78.2371331,39.6103348,11,0,11
10107,44236,-81.5061936,41.2551447,6,12,18
10108,26726,-78.97331608,39.4398507,10,0,10
10109,07724,-74.0909083,40.298369,41,0,41
10110,25053,-81.83202618,38.07915152,3,0,3
10111,25570,-82.44338727,38.22745299,2,0,2
10112,07735,-74.1791566,40.4393066,14,7,21
10113,27565,-78.5877676,36.3124911,45,0,45
10114,28202,-80.8372997,35.2227138,1672,0,1672
10115,03465,-72.18321347,42.82741363,4,1,5
10116,03444,-72.06057889,42.9056548,3,0,3
10117,84043,-111.858525,40.4054713,34,4,38
10118,82520,-108.7292685,42.8342593,15,0,15
10119,44264,-81.5477118,41.240861,5,9,14
10120,84118,-111.9556418,40.6545928,52,0,52
10121,44333,-81.6264876,41.1328536,24,7,31
10122,64456,-94.4151598,40.4859381,2,1,3
10123,63123,-90.3382713,38.5366911,5,8,13
10124,64070,-94.1725853,38.8731773,6,0,6
10125,63141,-90.4424262,38.661402,51,0,51
10126,65608,-92.6637652,36.9617706,8,0,8
10127,44081,-81.13016923,41.80873345,0,6,6
10128,63017,-90.5641819,38.6620287,88,0,88
10129,64040,-93.9904009,38.7171121,6,6,12
10130,44057,-81.0478019,41.8179139,17,8,25
10131,27546,-78.8039124,35.3922594,106,17,123
10132,98901,-120.5022954,46.5995624,134,0,134
10133,26425,-79.6687875,39.3459088,1,1,2
10134,26426,-80.5683377,39.2832193,4,0,4
10135,44308,-81.5177923,41.0789455,393,27,420
10136,28480,-77.8057194,34.2150208,23,10,33
10137,03225,-71.259373,43.3389295,5,3,8
10138,03886,-71.2626532,43.8570462,3,1,4
10139,05641,-72.5127911,44.2089276,18,21,39
10140,65101,-92.170943,38.573528,88,0,88
10141,37322,-84.79392389,35.52237416,11,0,11
10142,03045,-71.5390684,43.0092393,28,3,31
10143,53121,-88.542787,42.6790278,16,1,17
10144,27510,-79.0720317,35.91052066,39,0,39
10145,54016,-92.7559342,44.97515434,23,10,33
10146,53525,-88.86181366,42.55522686,6,5,11
10147,03442,-71.9245909,43.0012855,2,3,5
10148,56241,-95.54458446,44.80930537,5,6,11
10149,03449,-71.9851294,42.97224,3,1,4
10150,28160,-81.9292671,35.3560205,13,0,13
10151,44094,-81.4331675,41.5893953,18,12,30
10152,28621,-80.8508116,36.245742,17,7,24
10153,27874,-77.4209457,36.1299452,6,2,8
10154,03835,-71.04610905,43.37725826,14,1,15
10155,03034,-71.2909748,43.0615892,7,1,8
10156,27522,-78.68731352,36.1189771,13,5,18
10157,03044,-71.132138,42.9848378,4,10,14
10158,03848,-71.0660035,42.9118131,8,6,14
10159,03257,-71.980663,43.4131381,8,4,12
10160,03833,-70.9464122,42.9793973,25,0,25
10161,03242,-71.8346887,43.1785453,8,5,13
10162,27944,-76.46651596,36.19020468,6,1,7
10163,03782,-72.08874903,43.39070374,5,4,9
10164,27828,-77.5846762,35.599101,15,0,15
10165,05340,-72.8886758,43.14388991,5,8,13
10166,03255,-72.0366742,43.3210199,3,5,8
10167,03887,-71.070218,43.478435,4,3,7
10168,08087,-74.3386298,39.5928671,10,0,10
10169,65708,-93.90558482,36.92765783,20,2,22
10170,64485,-94.82920941,39.94248729,6,4,10
10171,58463,-100.4405861,47.4844329,2,1,3
10172,99362,-118.3422964,46.0647201,26,4,30
10173,44662,-81.5240789,40.7194811,5,7,12
10174,37015,-87.06339074,36.275007,31,0,31
10175,53014,-88.164498,44.0294778,6,7,13
10176,73102,-97.525011,35.4690911,13,0,13
10177,54486,-89.0623478,44.7412293,1,1,2
10178,37160,-86.4600776,35.4846683,35,0,35
10179,37643,-82.2087255,36.348242,41,2,43
10180,38351,-88.39048182,35.65004049,22,1,23
10181,53105,-88.2747283,42.6789335,21,0,21
10182,65240,-92.13768429,39.21068227,8,3,11
10183,64671,-94.03938642,39.55303618,1,2,3
10184,64725,-94.35379339,38.48054674,3,3,6
10185,54824,-92.5541976,45.452009,1,7,8
10186,64491,-95.3823736,40.44076671,3,0,3
10187,65248,-92.68235438,39.14543097,8,0,8
10188,65254,-92.84690624,39.22613309,3,2,5
10189,64779,-94.36163739,38.09723755,2,3,5
10190,64429,-94.2393021,39.7399678,19,5,24
10191,53220,-87.98040955,42.96033012,59,0,59
10192,53209,-87.9294216,43.1254413,46,0,46
10193,53223,-87.9703174,43.181855,32,0,32
10194,54403,-89.62247325,44.95216468,69,0,69
10195,54409,-89.15538629,45.14444814,15,0,15
10196,65233,-92.7453559,38.9765896,21,12,33
10197,63650,-90.62743009,37.60017848,4,4,8
10198,63873,-89.7003299,36.425051,9,5,14
10199,05446,-73.2054759,44.5357996,27,0,27
10200,63379,-90.98228993,38.98030819,25,5,30
10201,63437,-92.2613105,39.7432372,2,0,2
10202,63303,-90.5287604,38.7758516,112,0,112
10203,43064,-83.2711699,40.1067404,9,0,9
10204,65084,-92.84071873,38.43179567,10,10,20
10205,07857,-74.7051504,40.8991643,9,4,13
10206,64152,-94.6924468,39.2254936,4,8,12
10207,64870,-94.4645987,37.1463832,21,0,21
10208,37073,-86.8059243,36.4265342,12,0,12
10209,64468,-94.87078221,40.34726595,20,0,20
10210,84651,-111.7384242,40.0431249,17,0,17
10211,63020,-90.55432952,38.13993398,15,0,15
10212,07712,-74.010717,40.2322801,5,0,5
10213,24354,-81.5203339,36.8330551,24,0,24
10214,03222,-71.744507,43.5956298,7,5,12
10215,27813,-77.93366291,35.63646187,2,6,8
10216,43003,-82.954604,40.4092636,3,1,4
10217,63011,-90.5107627,38.5925138,38,0,38
10218,63114,-90.33917224,38.69517684,12,1,13
10219,24127,-80.10953086,37.50379343,8,1,9
10220,24651,-81.51821623,37.11533917,44,5,49
10221,63131,-90.451725,38.6321928,34,1,35
10222,63673,-89.94696093,37.87683645,1,0,1
10223,22747,-78.160664,38.7113913,14,1,15
10224,55303,-93.3878361,45.2017314,27,0,27
10225,44139,-81.4694653,41.3572375,4,11,15
10226,43920,-80.596681,40.6462392,4,5,9
10227,44814,-82.4942924,41.3251122,1,5,6
10228,74960,-94.6282141,35.81371257,13,0,13
10229,44442,-80.5585488,40.9626137,3,7,10
10230,45168,-83.7849214,38.8671294,0,2,2
10231,98339,-122.7644582,48.0241546,25,0,25
10232,28144,-80.46806378,35.66925356,121,19,140
10233,28327,-79.406383,35.3277996,10,8,18
10234,53081,-87.70894311,43.75054397,78,0,78
10235,54935,-88.4486203,43.7738105,57,18,75
10236,54982,-89.28437234,44.07469026,5,1,6
10237,45014,-84.5582757,39.3364961,61,0,61
10238,44146,-81.50431834,41.36150791,13,8,21
10239,44606,-81.8351572,40.7487368,1,4,5
10240,44217,-81.8931072,40.9840538,1,14,15
10241,54981,-89.0666283,44.3508643,83,28,111
10242,82214,-104.7427384,42.27012353,4,3,7
10243,98648,-121.8832927,45.6945714,23,0,23
10244,89415,-118.6290744,38.51749879,19,0,19
10245,44144,-81.738634,41.4395447,34,0,34
10246,99114,-117.9035757,48.54285062,28,0,28
10247,37167,-86.5105567,35.97439,79,0,79
10248,43074,-82.8595913,40.2416658,11,9,20
10249,44432,-80.7683184,40.7735323,6,9,15
10250,53588,-90.0684646,43.1776902,3,7,10
10251,54773,-91.3171536,44.3669365,25,5,30
10252,08884,-74.38712135,40.39874409,19,0,19
10253,07027,-74.32576062,40.65109702,16,0,16
10254,07928,-74.3848244,40.7385337,22,0,22
10255,07031,-74.13248545,40.7888208,31,0,31
10256,43402,-83.6516449,41.3746087,43,0,43
10257,24844,-81.80957958,37.46636894,1,0,1
10258,28382,-78.51039642,34.95131233,5,2,7
10259,27209,-79.78213886,35.36017794,9,0,9
10260,25315,-81.56765948,38.24554671,5,2,7
10261,55718,-92.42386788,46.66500389,20,0,20
10262,82520,-108.7242371,42.83550163,35,0,35
10263,56228,-94.6963011,44.9349468,1,1,2
10264,56345,-94.35937655,45.97567354,19,8,27
10265,54736,-91.96716059,44.62271778,4,4,8
10266,82201,-104.9522681,42.0555859,9,0,9
10267,54889,-92.14100618,45.39559933,5,3,8
10268,82240,-104.1819237,42.0653303,10,0,10
10269,54739,-91.68991589,44.87291254,1,3,4
10270,82718,-105.5125151,44.2774758,58,0,58
10271,24986,-80.301935,37.7929982,7,2,9
10272,28657,-81.9280656,36.0889568,5,0,5
10273,65051,-91.83957812,38.47672214,4,1,5
10274,53115,-88.57820736,42.61874748,11,14,25
10275,54634,-90.3398734,43.6516412,2,4,6
10276,54616,-91.23352312,44.29392736,2,7,9
10277,38255,-88.82565122,36.23339119,1,4,5
10278,44875,-82.6371975,40.8653074,15,0,15
10279,37096,-87.8532586,35.5896965,11,4,15
10280,38242,-88.3449706,36.3052149,32,2,34
10281,27281,-79.57240228,35.18009739,3,1,4
10282,54843,-91.36198729,45.94358886,7,1,8
10283,45502,-83.8096428,39.9261663,134,0,134
10284,07834,-74.4831796,40.8956117,33,0,33
10285,74572,-96.42098068,34.6042857,1,1,2
10286,44452,-80.6690492,40.9436721,12,6,18
10287,45345,-84.3947402,39.7424292,8,3,11
10288,65284,-92.2775347,39.2342305,1,0,1
10289,44234,-81.14519017,41.30834257,2,20,22
10290,84010,-111.8797112,40.88016717,36,10,46
10291,98040,-122.2104901,47.57759401,30,0,30
10292,43162,-83.26822998,39.94514804,10,1,11
10293,58852,-102.9378079,48.39625626,2,0,2
10294,45215,-84.4663513,39.2284807,19,0,19
10295,45856,-83.9848788,41.0983384,4,4,8
10296,26537,-79.6882829,39.471644,17,0,17
10297,84632,-111.6395211,39.63028113,1,0,1
10298,45875,-84.0468804,41.0199202,8,4,12
10299,08402,-74.5147192,39.3248043,32,0,32
10300,37050,-87.6329292,36.3928608,3,0,3
10301,63084,-90.9919131,38.4589203,103,0,103
10302,07601,-74.0389471,40.9072855,91,0,91
10303,43756,-81.8527128,39.6491258,10,0,10
10304,37650,-82.4147038,36.1473178,12,0,12
10305,28334,-78.6067908,35.3066056,37,0,37
10306,07465,-74.2890667,41.05163587,23,8,31
10307,58645,-103.5225622,46.91267615,4,0,4
10308,44143,-81.43956715,41.53943585,16,8,24
10309,59255,-105.1996021,48.10951851,3,2,5
10310,64776,-93.70235563,38.04848537,3,0,3
10311,28645,-81.5421839,35.9134961,53,9,62
10312,25601,-81.986151,37.8672832,1,0,1
10313,59313,-104.2762067,46.3605448,3,2,5
10314,55327,-93.4371476,45.1994079,5,6,11
10315,98586,-123.8128934,46.66541117,3,4,7
10316,59859,-114.8837381,47.4586704,3,0,3
10317,08221,-74.5744015,39.3539096,20,1,21
10318,54664,-90.66946971,43.50866584,1,0,1
10319,65536,-92.6610546,37.6773049,30,0,30
10320,63555,-92.16994615,40.45835911,2,7,9
10321,53072,-88.22616612,43.07527255,24,1,25
10322,45402,-84.19768125,39.75899185,421,0,421
10323,54425,-90.33265499,45.0015334,1,0,1
10324,63822,-89.96934316,36.67015124,5,4,9
10325,26559,-80.16394714,39.50080534,2,0,2
10326,63456,-91.73414233,39.65420708,7,7,14
10327,45369,-83.6161073,39.9272627,0,10,10
10328,73017,-98.1405274,34.9355405,2,1,3
10329,22572,-76.75491219,37.95956859,3,0,3
10330,07050,-74.22562533,40.77144332,110,0,110
10331,53713,-89.4046468,43.0426598,18,2,20
10332,28170,-80.078551,34.964453,23,1,24
10333,65631,-93.47045224,37.02781001,4,0,4
10334,26041,-80.74571746,39.91897138,25,0,25
10335,63459,-91.39929585,39.58596657,2,4,6
10336,08701,-74.213165,40.0935915,132,2,134
10337,44128,-81.5352701,41.4421133,34,0,34
10338,44022,-81.4644217,41.434017,14,0,14
10339,45368,-83.63493506,39.82448049,1,9,10
10340,26574,-80.17822411,39.55640053,1,0,1
10341,58561,-99.7687619,46.5033452,2,2,4
10342,26711,-78.43475461,39.30091917,1,0,1
10343,07716,-74.0380361,40.4126456,15,0,15
10344,43725,-81.58534533,40.01825121,19,0,19
10345,64855,-94.4632655,37.18867169,3,1,4
10346,64469,-94.36176122,39.89015677,1,0,1
10347,07430,-74.1443422,41.0932099,55,0,55
10348,26159,-80.93522446,39.60455662,4,5,9
10349,44654,-81.9188717,40.5544095,10,2,12
10350,43135,-82.7396743,39.4713908,1,6,7
10351,44889,-82.4058523,41.2519917,1,7,8
10352,44633,-81.9111699,40.6100747,33,1,34
10353,08260,-74.8310059,38.9766194,21,0,21
10354,53703,-89.38247114,43.07251838,437,0,437
10355,44851,-82.3961217,41.0852872,4,8,12
10356,45231,-84.5464747,39.23366,10,6,16
10357,45236,-84.3943949,39.2044002,11,0,11
10358,07205,-74.2286065,40.7012226,74,0,74
10359,45215,-84.4539656,39.226717,13,5,18
10360,43138,-82.4084117,39.5387072,18,1,19
10361,43907,-80.99839319,40.2730504,5,5,10
10362,27546,-78.816218,35.39799725,12,0,12
10363,28716,-82.8399807,35.5326334,13,2,15
10364,45692,-82.5325886,39.1237646,12,0,12
10365,45030,-84.8166046,39.2623497,22,0,22
10366,28034,-81.17663795,35.31603426,13,0,13
10367,28098,-81.10118614,35.26632833,9,0,9
10368,74330,-95.2722792,36.4370469,3,0,3
10369,22851,-78.50222846,38.57509199,3,2,5
10370,28348,-78.9586138,34.9734257,30,0,30
10371,22849,-78.62496136,38.48575185,5,2,7
10372,22960,-78.0360807,38.2468909,37,2,39
10373,44023,-81.3431489,41.3849831,19,1,20
10374,22942,-78.18613342,38.13478748,6,4,10
10375,45211,-84.6128391,39.1570317,10,6,16
10376,44024,-81.1915203,41.5046772,45,11,56
10377,43116,-83.06159645,39.76725576,1,9,10
10378,45245,-84.2687628,39.0875195,58,0,58
10379,43078,-83.7521361,40.1065357,21,0,21
10380,98337,-122.6345188,47.56480006,65,0,65
10381,07458,-74.09752039,41.06047557,18,0,18
10382,54405,-90.3182854,44.9471471,6,1,7
10383,43731,-82.09963212,39.7687918,5,0,5
10384,98020,-122.3852237,47.78169142,0,12,12
10385,22030,-77.3093602,38.8438389,1419,2,1421
10386,45740,-82.08105581,39.47403397,1,0,1
10387,08518,-74.8076245,40.1165407,25,0,25
10388,08527,-74.35408783,40.11002046,89,3,92
10389,27341,-79.77771544,35.54094821,1,4,5
10390,43103,-82.9561336,39.7128628,10,1,11
10391,08057,-74.950159,39.9646659,38,0,38
10392,07035,-74.30439514,40.92086871,24,0,24
10393,43948,-80.78188312,40.27004405,0,8,8
10394,45239,-84.5515664,39.2183222,14,14,28
10395,07643,-74.0439365,40.850318,28,0,28
10396,07017,-74.21127405,40.75871288,283,0,283
10397,43938,-80.6062293,40.3219322,10,0,10
10398,24368,-81.27621623,36.89191753,1,0,1
10399,89822,-116.1064757,40.7126128,5,0,5
10400,89801,-115.7570198,40.8415531,37,0,37
10401,43138,-82.4066282,39.539709,15,0,15
10402,45002,-84.7493772,39.1632434,4,16,20
10403,07720,-74.0177632,40.2043415,18,0,18
10404,43316,-83.3821247,40.9535793,7,4,11
10405,44663,-81.4437985,40.488672,22,14,36
10406,54153,-87.8651461,44.8866755,8,2,10
10407,44481,-80.8188217,41.2379324,45,0,45
10408,44444,-80.9770444,41.1888497,6,14,20
10409,44440,-80.767401,41.1485401,10,6,16
10410,44425,-80.5734546,41.1577841,14,8,22
10411,53130,-88.0635568,42.9419903,17,0,17
10412,28757,-82.2962413,35.6465574,5,7,12
10413,45373,-84.2046735,40.0409264,52,0,52
10414,03595,-71.5567486,44.2676427,4,6,10
10415,45813,-84.7407176,41.1822003,3,4,7
10416,56352,-94.8103138,45.6761758,5,2,7
10417,55353,-94.30077,45.312609,4,0,4
10418,56446,-95.037286,46.1646006,1,2,3
10419,56244,-95.7942843,45.4983469,1,1,2
10420,56072,-93.4934222,43.8952303,2,2,4
10421,55741,-92.4672463,47.4870659,5,4,9
10422,57442,-99.9550328,45.00983668,2,0,2
10423,55003,-92.78032984,45.01825191,5,5,10
10424,55128,-92.9653238,44.9709664,31,0,31
10425,55071,-92.9891388,44.8472234,9,0,9
10426,55082,-92.8110345,45.0570065,23,1,24
10427,55972,-92.065229,43.9694198,4,8,12
10428,55313,-93.8751096,45.1754611,18,0,18
10429,56481,-95.0154388,46.397431,2,4,6
10430,57052,-97.6747138,43.2410841,3,0,3
10431,55052,-93.4435157,44.2213391,2,3,5
10432,57533,-99.43199843,43.23255817,3,0,3
10433,57029,-97.4363181,43.3523811,2,0,2
10434,57311,-97.77797461,43.6549641,2,0,2
10435,57325,-99.3340824,43.8080906,4,0,4
10436,56266,-94.9279976,44.41588246,2,1,3
10437,55379,-93.5102741,44.7956512,45,0,45
10438,56374,-94.3186378,45.5655632,8,2,10
10439,56310,-94.448265,45.6084103,3,2,5
10440,55333,-94.8816908,44.5296387,1,2,3
10441,55308,-93.87148289,45.39613088,5,5,10
10442,56296,-96.4933549,45.8065515,6,1,7
10443,57066,-97.8622772,42.9924092,2,0,2
10444,55057,-93.184224,44.440474,23,0,23
10445,56172,-95.75597275,43.99091393,4,2,6
10446,55125,-92.9347546,44.9181561,64,0,64
10447,56219,-96.83284102,45.59450279,3,0,3
10448,55987,-91.6410969,44.05293951,19,0,19
10449,57732,-103.7298255,44.3747179,16,5,21
10450,57380,-98.2931387,43.0810348,3,3,6
10451,57345,-99.43946361,44.51640872,1,1,2
10452,55060,-93.22325829,44.08699973,35,0,35
10453,57543,-101.5096089,43.835343,2,0,2
10454,57069,-96.93606439,42.78003287,7,0,7
10455,57376,-97.9659389,43.2258392,1,0,1
10456,56241,-95.5446917,44.809476,7,5,12
10457,56003,-94.0254231,44.1681289,12,0,12
10458,56701,-96.18218258,48.11678799,15,0,15
10459,56187,-95.58940005,43.64777253,24,0,24
10460,54446,-90.49631171,44.73830909,3,0,3
10461,53080,-87.9315078,43.38288416,11,0,11
10462,55312,-94.3505299,44.7332521,2,2,4
10463,56232,-96.0558456,44.92964962,3,2,5
10464,54610,-91.91303079,44.31936032,12,4,16
10465,55354,-94.041769,44.8854953,3,7,10
10466,56175,-95.6197459,44.2337449,4,0,4
10467,56176,-94.7182712,43.7623395,1,3,4
10468,55941,-91.34670553,43.75942269,1,3,4
10469,56470,-95.0696847,46.9082075,10,0,10
10470,54124,-88.3069219,44.8928885,3,5,8
10471,56057,-93.7317979,44.3909971,3,6,9
10472,55418,-93.2173425,45.0294929,23,0,23
10473,55331,-93.5369905,44.9226747,7,0,7
10474,56017,-93.8373174,44.3247782,1,5,6
10475,55744,-93.5260972,47.2364869,32,0,32
10476,55374,-93.5528561,45.1893684,12,0,12
10477,55912,-92.9784688,43.6909504,1,0,1
10478,54235,-87.4008402,44.8120241,56,32,88
10479,56201,-95.01278669,45.14534264,35,1,36
10480,55006,-93.172195,45.723741,3,5,8
10481,55329,-94.54758261,45.3250269,2,1,3
10482,56115,-95.872296,44.2327721,1,0,1
10483,54619,-90.77966686,43.74357471,2,3,5
10484,53597,-89.4637761,43.1934599,16,1,17
10485,56329,-93.9101407,45.6682912,27,3,30
10486,54741,-90.97046487,44.60169632,1,2,3
10487,53217,-87.90160265,43.14923832,17,0,17
10488,53074,-87.8980477,43.3737141,83,2,85
10489,54754,-90.8410419,44.45117949,0,2,2
10490,55985,-92.8989297,44.1518879,1,2,3
10491,56097,-93.7251417,43.7435412,4,5,9
10492,53575,-89.3775349,42.9249079,16,2,18
10493,54810,-92.45266058,45.44980422,1,4,5
10494,53042,-88.03876455,43.91343714,7,7,14
10495,56728,-96.9442715,48.7739211,1,0,1
10496,56149,-96.2888815,44.2612475,1,3,4
10497,53046,-88.16334632,43.14985903,1,17,18
10498,54945,-89.131178,44.506313,3,3,6
10499,53040,-88.2270235,43.5220748,7,2,9
10500,73047,-98.35486129,35.4712099,4,7,11
10501,74525,-96.1463167,34.3934994,15,0,15
10502,54983,-88.93342345,44.32128371,5,0,5
10503,57252,-96.62495887,45.22003245,6,0,6
10504,54623,-91.01647096,43.70131865,1,2,3
10505,74469,-95.30756922,35.496172,4,0,4
10506,74401,-95.37272138,35.75038174,37,35,72
10507,53007,-88.0686651,43.1044286,8,0,8
10508,53118,-88.4725113,43.0130878,3,7,10
10509,73110,-97.386875,35.4648708,93,0,93
10510,73121,-97.4420528,35.5141107,4,4,8
10511,84627,-111.5868559,39.35950636,5,6,11
10512,73541,-98.2441052,34.8228679,1,3,4
10513,53072,-88.2597618,43.08279149,17,0,17
10514,73115,-97.4371219,35.4366847,35,0,35
10515,73528,-98.6594276,34.422151,1,0,1
10516,74561,-95.3684602,35.1228244,2,4,6
10517,73932,-100.5207476,36.8164397,3,0,3
10518,57564,-100.0661424,44.70844515,3,1,4
10519,74455,-95.265597,35.3585473,2,1,3
10520,74434,-95.2520994,35.7974202,11,1,12
10521,53020,-88.01739076,43.83423031,3,9,12
10522,54650,-91.2309956,43.8838698,27,0,27
10523,57747,-103.4803082,43.43919051,6,0,6
10524,57255,-96.9206924,45.8569407,1,0,1
10525,73038,-98.43517087,35.09729968,1,4,5
10526,53532,-89.3406077,43.2473817,17,4,21
10527,54121,-88.24875087,45.92118392,12,2,14
10528,54520,-88.9012341,45.5688193,18,11,29
10529,54629,-91.7173807,44.1320291,1,0,1
10530,54941,-88.9597021,43.8459171,4,0,4
10531,53533,-90.1320705,42.9730712,23,3,26
10532,54747,-91.4217008,44.3575827,2,6,8
10533,54667,-90.85826246,43.65456864,3,7,10
10534,54166,-88.6080931,44.7813054,19,0,19
10535,69101,-100.7632033,41.1275599,41,0,41
10536,68715,-97.59837516,41.9991259,3,1,4
10537,68748,-97.455971,41.8437618,27,3,30
10538,68758,-97.7759906,41.7469197,1,5,6
10539,54217,-87.70691357,44.54137807,2,1,3
10540,54143,-87.63246968,45.09952435,24,0,24
10541,53050,-88.54624664,43.49526869,10,0,10
10542,54758,-91.22226181,44.57847341,4,2,6
10543,53511,-89.0369324,42.4976321,77,0,77
10544,69361,-103.6528804,41.8723521,30,0,30
10545,55310,-94.89430649,44.76528678,2,5,7
10546,55332,-94.7188286,44.526821,2,6,8
10547,56180,-95.4701088,44.2242409,1,1,2
10548,53570,-89.59422113,42.74665798,2,2,4
10549,56551,-95.4458865,46.3207153,2,5,7
10550,56230,-95.0953399,44.7891829,1,2,3
10551,68465,-96.96088044,40.48108927,4,0,4
10552,68978,-98.0722743,40.02117941,4,0,4
10553,54011,-92.4854668,44.7326473,43,8,51
10554,54467,-89.5433371,44.4624465,18,1,19
10555,56360,-95.1516607,45.866855,3,2,5
10556,57430,-97.754277,45.7907588,6,0,6
10557,68434,-97.1017972,40.9062657,12,6,18
10558,53820,-90.71190176,42.69020781,1,2,3
10559,54501,-89.4131325,45.6404736,17,0,17
10560,54022,-92.62457504,44.85871397,22,0,22
10561,54974,-88.6805164,43.8092336,1,3,4
10562,57025,-96.6848749,42.6872144,4,3,7
10563,57451,-99.02574847,45.44578078,4,0,4
10564,68714,-99.5361466,42.582623,3,2,5
10565,68767,-97.527956,42.200513,3,0,3
10566,68465,-96.961783,40.4751209,10,0,10
10567,54165,-88.32982716,44.51404999,6,7,13
10568,53586,-90.2306626,42.5721162,2,1,3
10569,57262,-97.04946802,45.66515451,7,0,7
10570,68305,-95.8436842,40.3862089,6,0,6
10571,69357,-103.8089871,41.9399795,2,2,4
10572,68862,-98.9291597,41.60179055,4,0,4
10573,68826,-97.9996412,41.1133813,6,0,6
10574,68756,-98.0291691,42.13027707,6,4,10
10575,68632,-97.1320745,41.2534627,5,4,9
10576,68901,-98.3918112,40.5808107,36,0,36
10577,68450,-96.1937927,40.3675264,4,0,4
10578,69001,-100.6328219,40.1979566,15,1,16
10579,65686,-93.4186562,36.6368427,7,0,7
10580,68937,-99.8609919,40.5878134,4,2,6
10581,68508,-96.7076752,40.8080732,308,0,308
10582,68818,-98.0031702,40.8640877,9,0,9
10583,74454,-95.5220881,35.8655195,3,12,15
10584,73546,-98.6831278,34.2299834,2,0,2
10585,74055,-95.8543213,36.2675365,47,4,51
10586,74047,-96.0603775,35.8774009,2,1,3
10587,74873,-96.937769,35.257956,11,0,11
10588,74017,-95.6148647,36.3104386,35,0,35
10589,73664,-99.17490625,35.15797489,1,1,2
10590,74523,-95.6199722,34.2304252,6,0,6
10591,73014,-98.11942218,35.60021894,2,0,2
10592,73092,-98.08843171,35.08574171,3,1,4
10593,73843,-99.75666188,36.32080254,1,1,2
10594,73737,-98.4742064,36.2690703,4,0,4
10595,73651,-99.0920026,35.0256136,4,0,4
10596,73082,-97.956984,34.78294,4,0,4
10597,73601,-98.9654825,35.5157987,19,0,19
10598,73560,-99.42560295,34.54831312,2,1,3
10599,73771,-97.92252822,36.88352767,1,0,1
10600,74056,-96.3172692,36.6444548,39,0,39
10601,73620,-98.96128,35.5800876,12,20,32
10602,74538,-96.2180272,34.5381122,7,10,17
10603,74016,-95.4327811,36.5367298,3,1,4
10604,74859,-96.3037975,35.4331517,7,0,7
10605,73077,-97.28995407,36.28649912,14,0,14
10606,74902,-94.4784592,35.2585354,5,7,12
10607,74026,-96.7649175,35.7054282,2,1,3
10608,74072,-95.6201651,36.994944,3,2,5
10609,74937,-94.6016994,34.8899404,8,3,11
10610,74653,-97.308932,36.6772351,5,0,5
10611,74881,-97.0652333,35.6947833,3,2,5
10612,74464,-94.973271,35.913745,22,6,28
10613,73848,-99.8958438,36.7016775,3,1,4
10614,74766,-95.0053016,34.0684836,3,1,4
10615,74464,-95.00085,35.919431,32,0,32
10616,73010,-97.6592154,35.1370976,13,4,17
10617,73859,-99.2991754,36.1494244,1,2,3
10618,74052,-96.5862224,36.0866058,2,0,2
10619,74441,-95.1440608,35.9328867,3,1,4
10620,73724,-98.58938401,36.05405246,3,0,3
10621,74301,-95.1579511,36.6364562,10,0,10
10622,53214,-87.9734195,43.0172277,16,3,19
10623,53154,-87.9181824,42.8712677,58,0,58
10624,54301,-88.01598482,44.51110335,179,0,179
10625,74301,-95.1539699,36.6389361,15,0,15
10626,99116,-118.9887214,47.963685,7,2,9
10627,54661,-91.44146049,44.00539698,2,8,10
10628,57355,-98.9575635,43.7482969,1,0,1
10629,43065,-83.1357416,40.159863,2,3,5
10630,27524,-78.42942799,35.44553503,5,3,8
10631,07675,-74.0086166,41.00370399,21,0,21
10632,45701,-82.1017572,39.32894341,25,0,25
10633,27239,-80.11496442,35.6320911,6,6,12
10634,73481,-97.51473476,34.45019375,1,0,1
10635,56031,-94.46515236,43.65331675,18,4,22
10636,56031,-94.46493777,43.65296263,11,2,13
10637,55921,-91.49614931,43.63282919,13,4,17
10638,03235,-71.64736318,43.44403449,18,2,20
10639,53821,-91.14599763,43.05496021,30,20,50
10640,98840,-119.5835035,48.3661089,30,0,30
10641,64064,-94.3436986,38.9735089,96,0,96
10642,56277,-94.9822855,44.7761227,10,4,14
10643,84741,-112.5255057,37.04614775,6,0,6
10644,55051,-93.29517464,45.87711254,7,4,11
10645,65661,-93.84222697,37.41556569,3,1,4
10646,43961,-80.62834436,40.52264203,1,2,3
10647,44676,-82.02338806,40.68169513,2,8,10
10648,57501,-100.342948,44.383786,43,2,45
10649,24171,-80.25845384,36.63316284,35,2,37
10650,56561,-96.76486812,46.88422301,49,0,49
10651,89451,-119.9562063,39.24909531,2,0,2
10652,22555,-77.40890454,38.42236511,148,10,158
10653,24114,-79.87550131,36.69034976,48,8,56
10654,98241,-121.5538748,48.32116103,4,3,7
10655,98355,-122.5851599,47.32234949,17,0,17
10656,53547,-89.02742163,42.6827028,102,0,102
10657,39272,-90.24946313,32.19555687,100,0,100
10658,39066,-90.6043347,32.3295078,1,8,9
10659,29649,-82.1656987,34.1981726,10,0,10
10660,29651,-82.217145,34.8907025,16,2,18
10661,19610,-75.97109548,40.35979356,8,2,10
10662,38614,-90.5684464,34.25438959,9,6,15
10663,38829,-88.5614646,34.6667841,3,2,5
10664,17101,-76.88179058,40.25917468,10,0,10
10665,16648,-78.39296788,40.43021557,2,1,3
10666,15701,-79.15504095,40.62342163,2,0,2
10667,97812,-120.2010689,45.71730574,0,0,0
10668,97218,-122.5929514,45.5889756,53,0,53
10669,79936,-106.2700288,31.71612225,30,0,30
10670,78041,-99.4556305,27.543654,10,0,10
10671,78040,-99.5186751,27.5069183,21,0,21
10672,75215,-96.7878562,32.7673981,88,0,88
10673,77554,-94.8174663,29.3146041,6,0,6
10674,16063,-80.1046948,40.79289587,8,4,12
10675,17888,-76.3910216,40.81230032,0,2,2
10676,19103,-75.17835162,39.95368508,60,0,60
10677,76667,-96.4734463,31.695911,3,0,3
10678,79409,-101.8797162,33.5917782,52,0,52
10679,79373,-101.8070104,33.1696242,1,0,1
10680,78861,-99.15458289,29.35669515,25,0,25
10681,76008,-97.6161772,32.7124377,5,0,5
10682,75235,-96.8384603,32.8108455,54,0,54
10683,77072,-95.5922358,29.7099889,39,0,39
10684,79549,-100.9134702,32.6782887,3,0,3
10685,77021,-95.36554,29.7037281,197,32,229
10686,12207,-73.75328271,42.65265279,100,0,100
10687,14424,-77.27849007,42.88940973,68,26,94
10688,29201,-81.03313954,34.00044195,12,0,12
10689,19319,-75.52907001,39.93238531,12,2,14
10690,38738,-90.5445825,33.9316053,0,0,0
10691,18202,-76.0303386,40.9823125,5,0,5
10692,16201,-79.5162007,40.8162219,0,3,3
10693,17815,-76.49525398,41.01343748,6,1,7
10694,97420,-124.2980299,43.35946931,4,0,4
10695,87571,-105.57575,36.3968977,19,0,19
10696,88232,-104.32942,33.116545,3,0,3
10697,77484,-95.98907736,30.09480307,20,0,20
10698,75979,-94.41661251,30.77848187,1,0,1
10699,39216,-90.16217665,32.32822932,10,0,10
10700,10016,-73.98361754,40.74852124,8,0,8
10701,78204,-98.4973263,29.4159529,55,0,55
10702,12180,-73.68652038,42.72986456,9,17,26
10703,79226,-100.8915815,34.9787188,2,0,2
10704,10595,-73.81253044,41.07677112,168,0,168
10705,97827,-117.9176904,45.56604363,3,0,3
10706,78216,-98.47751918,29.52806176,66,1,67
10707,75708,-95.21357506,32.42622465,6,0,6
10708,39191,-90.39862121,31.69155589,5,2,7
10709,39350,-89.11044123,32.77133713,19,1,20
10710,57069,-96.9251488,42.7846375,9,0,9
10711,28372,-79.2009858,34.6869073,13,0,13
10712,07760,-73.97285274,40.36246727,11,5,16
10713,38320,-88.0985221,36.0575288,14,0,14
10714,37311,-84.87420168,35.15947634,89,0,89
10715,37421,-85.197039,35.0374464,10,0,10
10716,65802,-93.2919562,37.2184242,116,1,117
10717,25086,-81.4232256,38.212745,2,1,3
10718,28906,-84.0328597,35.0867965,7,0,7
10719,55051,-93.294466,45.8771976,15,2,17
10720,22401,-77.4888823,38.30333582,73,0,73
10721,45895,-84.2028677,40.5780338,14,15,29
10722,45701,-82.0985799,39.3242446,23,3,26
10723,55422,-93.360494,45.0320145,28,0,28
10724,65340,-93.22637049,39.11641155,17,0,17
10725,26351,-80.8368755,38.93399055,4,0,4
10726,89101,-115.1322616,36.18257893,91,0,91
10727,45435,-84.0528646,39.7893662,19,0,19
10728,43326,-83.6033069,40.6364269,22,0,22
10729,38063,-89.53035175,35.74511268,26,13,39
10730,63664,-90.78889867,37.93646166,21,1,22
10731,27695,-78.68210881,35.7855443,49,0,49
10732,68588,-96.6960888,40.8163225,30,0,30
10733,37996,-83.9253341,35.9597376,52,0,52
10734,27576,-78.296216,35.527112,23,6,29
10735,59864,-114.1004988,47.52849913,4,0,4
10736,59036,-109.8362465,46.4369508,5,1,6
10737,44022,-81.33725518,41.4311597,9,5,14
10738,57007,-96.77893444,44.32162634,12,4,16
10739,73717,-98.6685909,36.7967998,5,3,8
10740,74464,-94.9666197,35.92246845,18,8,26
10741,55753,-93.0771308,47.398641,3,3,6
10742,25632,-81.9242622,37.7687821,2,0,2
10743,44333,-81.6373238,41.1686684,20,5,25
10744,26147,-81.095271,38.9233437,2,0,2
10745,84719,-112.8446736,37.698569,5,3,8
10746,07102,-74.1786469,40.7402522,32,0,32
10747,64507,-94.7830126,39.7575846,10,0,10
10748,59457,-109.4246622,47.0639006,14,3,17
10749,28445,-77.62978216,34.36599316,7,7,14
10750,82001,-104.8200244,41.1347838,35,11,46
10751,37617,-82.3205577,36.5365484,183,9,192
10752,26416,-80.03970754,39.15301945,6,0,6
10753,27582,-78.56913486,36.44740501,0,5,5
10754,63730,-89.90996007,37.1045704,3,4,7
10755,65348,-93.00085533,38.69920719,1,2,3
10756,28112,-80.4659657,34.9779439,170,0,170
10757,63869,-89.52767171,36.58492965,6,4,10
10758,59741,-111.3340654,45.85668362,3,1,4
10759,65667,-92.5109948,37.2505178,8,0,8
10760,54812,-91.83488079,45.40056999,6,12,18
10761,65616,-93.3429311,36.64233283,2,4,6
10762,54966,-89.49296444,44.21270353,2,4,6
10763,28366,-78.35753377,35.24444159,3,8,11
10764,54935,-88.44787128,43.78282283,70,0,70
10765,53092,-87.98919872,43.22227445,38,0,38
10766,53010,-88.28253116,43.59794092,2,4,6
10767,27956,-76.01910112,36.39917462,63,4,67
10768,64668,-93.67590832,39.30289728,1,3,4
10769,27892,-77.05489341,35.85550837,20,10,30
10770,27983,-76.94639708,35.99704329,22,0,22
10771,28340,-79.11385538,34.49436188,13,0,13
10772,54601,-91.25033938,43.8149582,43,0,43
10773,27869,-77.28429138,36.27335019,2,3,5
10774,08360,-75.0229662,39.4874012,157,0,157
10775,26288,-80.41198327,38.47803329,5,1,6
10776,43123,-83.0922878,39.8818688,59,0,59
10777,56093,-93.5083838,44.0797754,13,1,14
10778,45387,-83.8869641,39.808383,9,6,15
10779,55379,-93.5268481,44.7958707,37,14,51
10780,07632,-73.95139208,40.87882231,26,0,26
10781,58504,-100.7793238,46.798569,85,0,85
10782,27555,-78.20482648,35.56291628,1,2,3
10783,84720,-113.0613722,37.6776965,34,0,34
10784,26354,-80.01922366,39.34117125,7,0,7
10785,08028,-75.112331,39.7025109,44,2,46
10786,28349,-77.95823868,34.96226408,5,9,14
10787,26032,-80.55321108,40.20364139,0,9,9
10788,45236,-84.4002087,39.1928655,10,0,10
10789,43545,-84.1409377,41.3850672,16,0,16
10790,28786,-82.98792917,35.48950239,33,10,43
10791,28021,-81.37188757,35.38431499,18,5,23
10792,45385,-83.929207,39.6863945,45,0,45
10793,59044,-108.7741866,45.6700301,12,0,12
10794,73526,-99.33608187,34.78040646,1,2,3
10795,58801,-103.6185672,48.14701335,22,0,22
10796,07436,-74.2460141,41.0220229,26,0,26
10797,45215,-84.4547497,39.2152499,3,9,12
10798,08902,-74.45793199,40.4667724,83,0,83
10799,08735,-74.0695133,39.9685623,12,0,12
10800,08053,-74.87759792,39.8826913,76,0,76
10801,43762,-81.7342222,39.9934185,4,0,4
10802,45342,-84.2871034,39.6423568,41,0,41
10803,56479,-94.7959059,46.3559079,5,6,11
10804,56362,-94.7134234,45.3810409,4,1,5
10805,55734,-92.5391657,47.4627073,10,2,12
10806,55041,-92.2656944,44.4478977,10,8,18
10807,55378,-93.3546861,44.7652224,31,0,31
10808,56284,-95.21242221,44.79213233,3,6,9
10809,57646,-100.0681958,45.72690786,2,1,3
10810,55112,-93.2047712,45.1040245,19,0,19
10811,55113,-93.1482652,45.0210009,49,0,49
10812,56296,-96.4933545,45.8065524,3,1,4
10813,57345,-99.43941918,44.51646125,1,0,1
10814,57004,-96.7753538,43.08350275,4,6,10
10815,53566,-89.6238727,42.607097,34,9,43
10816,56209,-94.7822314,45.13806671,1,2,3
10817,55614,-91.2697748,47.2947833,5,2,7
10818,54812,-91.85081683,45.41032487,26,3,29
10819,56096,-93.57061363,44.21699584,4,5,9
10820,55340,-93.5744314,45.0159111,10,0,10
10821,56623,-94.5855094,48.7099913,2,4,6
10822,54534,-90.184288,46.4442807,10,0,10
10823,57260,-96.7306241,45.86638195,1,0,1
10824,68949,-99.37031554,40.43957758,6,3,9
10825,57601,-100.4321942,45.53388758,7,1,8
10826,57623,-101.6023418,45.0470827,2,0,2
10827,57385,-98.2779211,44.0534027,2,0,2
10828,68102,-95.9350142,41.2551732,747,32,779
10829,69145,-103.6620677,41.23533975,3,1,4
10830,69101,-100.7642811,41.13576421,24,0,24
10831,68920,-99.3627459,40.0998358,4,0,4
10832,69025,-100.5151346,40.6313687,5,0,5
10833,69153,-101.7189413,41.1286752,8,2,10
10834,68310,-96.7485237,40.2670783,21,0,21
10835,53530,-90.1173886,42.68246,5,5,10
10836,69152,-101.045669,42.0426194,1,1,2
10837,69163,-100.5126273,41.4798844,2,6,8
10838,69166,-100.5736782,41.97778818,1,1,2
10839,69001,-100.626159,40.20229355,5,2,7
10840,69167,-100.9580146,41.5528948,1,2,3
10841,68434,-97.0927623,40.9070618,11,2,13
10842,68724,-97.877423,42.6089356,5,1,6
10843,68620,-98.0022556,41.6941814,3,0,3
10844,69345,-103.7421905,41.5565116,1,0,1
10845,68778,-99.74653299,42.82489014,2,1,3
10846,69145,-103.6627198,41.23633504,6,0,6
10847,68926,-99.827618,40.1387355,7,1,8
10848,68770,-96.7089859,42.5627921,1,2,3
10849,68933,-98.05388366,40.52100653,5,0,5
10850,68361,-97.6028245,40.5251801,7,0,7
10851,68763,-98.6473094,42.4594643,5,1,6
10852,73717,-98.6656578,36.8043274,5,0,5
10853,73074,-97.263579,34.8256049,2,1,3
10854,74003,-95.97754342,36.74915568,14,1,15
10855,74021,-95.8375612,36.3632101,10,0,10
10856,73942,-101.4806248,36.6685364,11,3,14
10857,74063,-96.1085839,36.1394183,31,0,31
10858,74962,-94.97082708,35.49858419,4,1,5
10859,74431,-95.9412233,35.458898,2,0,2
10860,74036,-95.509817,36.1513729,4,0,4
10861,74015,-95.7464843,36.1862852,14,1,15
10862,73945,-101.213188,36.8596555,3,3,6
10863,73939,-101.6328101,36.5934933,4,0,4
10864,74085,-96.6993247,36.1156221,3,3,6
10865,74080,-95.70155459,36.53080898,2,0,2
10866,74884,-96.4924208,35.1553622,8,1,9
10867,74435,-95.1079474,35.5385485,4,5,9
10868,73951,-101.0695278,36.9549672,1,1,2
10869,74061,-95.9219924,36.5317407,2,0,2
10870,74880,-96.13652068,35.3358758,4,1,5
10871,74801,-96.9230269,35.3307755,19,0,19
10872,74865,-96.8419299,34.6277019,1,8,9
10873,73075,-97.2229944,34.7400749,13,8,21
10874,73448,-97.1213207,33.9366022,21,0,21
10875,74571,-95.0479715,34.7530922,5,0,5
10876,74956,-94.661424,35.1278351,1,2,3
10877,74875,-96.9647686,35.8702986,1,3,4
10878,73772,-98.41217895,35.84592482,8,3,11
10879,73068,-97.3956644,35.1402532,11,0,11
10880,74701,-96.381009,33.9910554,36,0,36
10881,73737,-98.4780776,36.268304,4,0,4
10882,73069,-97.4460595,35.2230028,130,0,130
10883,73565,-97.9560652,34.0218154,1,0,1
10884,74745,-94.828758,33.897135,19,12,31
10885,73016,-97.678752,35.7982066,2,4,6
10886,74338,-94.5943293,36.1766736,6,0,6
10887,73639,-98.883682,35.6638261,1,0,1
10888,53086,-88.2797917,43.3279449,9,0,9
10889,73547,-99.38117195,34.9603004,3,4,7
10890,73529,-97.9633875,34.3731693,4,10,14
10891,74756,-95.3663608,34.0188989,1,0,1
10892,53066,-88.4816992,43.0734893,8,6,14
10893,73027,-97.2334207,35.957434,1,0,1
10894,73069,-97.44198802,35.21950451,70,0,70
10895,74872,-96.9619981,34.7958083,3,1,4
10896,74366,-95.0465544,36.3889771,1,0,1
10897,74344,-94.7686238,36.5936808,20,5,25
10898,74730,-96.42901199,33.93441835,7,1,8
10899,73554,-99.50490221,34.87287096,4,2,6
10900,74350,-95.0472839,36.4650999,2,2,4
10901,73080,-97.3616316,35.0132045,14,1,15
10902,74845,-95.8909611,35.2048426,1,2,3
10903,74832,-97.01213893,35.80859461,2,1,3
10904,73448,-97.1190352,33.9365207,6,0,6
10905,73662,-99.6364833,35.2904828,10,0,10
10906,73772,-98.4108804,35.8459593,8,0,8
10907,73077,-97.2893337,36.2863488,5,0,5
10908,73573,-98.0017602,34.1630515,2,0,2
10909,73062,-98.7450418,35.09722092,2,4,6
10910,74346,-94.796775,36.4237291,8,5,13
10911,73625,-99.18678095,35.63702521,1,0,1
10912,74462,-95.109929,35.243451,7,0,7
10913,74048,-95.63904315,36.69968012,7,0,7
10914,74010,-96.3921002,35.8334593,6,1,7
10915,74647,-97.05426718,36.88206148,13,3,16
10916,54930,-89.5104633,44.0418003,1,2,3
10917,54873,-91.8207513,46.3482068,1,0,1
10918,57350,-98.2219356,44.3623214,7,0,7
10919,53235,-87.8731741,42.9674942,21,0,21
10920,73572,-98.3083664,34.3604644,6,0,6
10921,57532,-100.3732552,44.3553446,5,2,7
10922,28001,-80.19750903,35.3487809,49,5,54
10923,03243,-71.70081125,43.52188291,0,4,4
10924,25915,-81.30490228,37.60838568,2,2,4
10925,98221,-122.6165535,48.5031598,22,0,22
10926,65065,-92.67230557,38.12595015,26,3,29
10927,98036,-122.2722472,47.79258524,7,3,10
10928,27253,-79.4017455,36.0670053,33,5,38
10929,54636,-91.2561309,43.9619531,8,0,8
10930,64116,-94.57348598,39.14350361,39,0,39
10931,45662,-82.9916794,38.7443215,45,1,46
10932,56649,-93.41044166,48.60126201,17,13,30
10933,64060,-94.36273879,39.37185184,14,3,17
10934,25701,-82.4412512,38.41722062,94,0,94
10935,57078,-97.39300228,42.87170193,26,0,26
10936,54751,-91.88157886,44.88778642,25,0,25
10937,54751,-91.88136693,44.88763948,27,0,27
10938,05089,-72.39261281,43.47662361,6,6,12
10939,26505,-79.95678703,39.6297218,36,0,36
10940,55744,-93.5278474,47.2368235,20,0,20
10941,55987,-91.69599183,44.064051,4,14,18
10942,43837,-81.5186842,40.3279236,0,3,3
10943,56520,-96.58719192,46.26041987,7,1,8
10944,64119,-94.5037354,39.1977942,12,4,16
10945,26534,-79.98569764,39.64209977,11,3,14
10946,54843,-91.48706775,46.01740206,31,2,33
10947,56258,-95.79468223,44.45044255,21,1,22
10948,56258,-95.7950701,44.4506788,13,0,13
10949,27258,-79.36394177,36.09131899,8,0,8
10950,74743,-95.509375,34.0088805,7,0,7
10951,55616,-91.67185634,47.02213571,16,0,16
10952,55355,-94.5285764,45.12955858,9,0,9
10953,54630,-91.3492724,44.0815753,4,3,7
10954,53038,-88.77500265,43.07695694,2,9,11
10955,08070,-75.51485741,39.65965786,23,0,23
10956,27253,-79.40283533,36.06855906,136,17,153
10957,55708,-92.3447156,47.533566,3,2,5
10958,57201,-97.1140629,44.8982445,8,1,9
10959,56001,-94.00904662,44.16153843,28,3,31
10960,64016,-94.19919639,39.13248386,7,0,7
10961,64840,-94.31623461,36.99530454,2,5,7
10962,89502,-119.7865139,39.52808648,13,1,14
10963,44681,-81.64313567,40.50004381,5,5,10
10964,44870,-82.82558941,41.4730986,0,10,10
10965,45750,-81.4545589,39.4158347,48,8,56
10966,45638,-82.64850909,38.502903,2,6,8
10967,53081,-87.73601082,43.7590372,84,0,84
10968,54004,-92.17246914,45.33111415,1,3,4
10969,26431,-80.30234112,39.39562945,7,0,7
10970,55101,-93.09477726,44.94825981,530,0,530
10971,65102,-92.16809866,38.56404321,11,0,11
10972,58502,-100.784233,46.80716642,40,0,40
10973,58107,-96.7938236,46.87227592,69,1,70
10974,89032,-115.1600072,36.20404563,2,1,3
10975,44325,-81.5145857,41.07900661,40,0,40
10976,45506,-83.91064931,39.90959813,1,6,7
10977,73702,-97.87899323,36.39699409,25,20,45
10978,84190,-111.887579,40.72800894,342,0,342
10979,23661,-76.39048139,37.01027877,156,6,162
10980,53707,-89.380374,43.07540497,147,109,256
10981,53707,-89.45968475,43.07350609,492,0,492
10982,38614,-90.574859,34.2032648,3,1,4
10983,11203,-73.94566224,40.65524531,33,0,33
10984,02908,-71.41882412,41.82882993,32,0,32
10985,39465,-89.200967,31.351175,4,0,4
10986,87801,-106.9053761,34.06324881,10,0,10
10987,75104,-96.949609,32.5814594,5,3,8
10988,76240,-97.134013,33.617642,3,0,3
10989,15401,-79.72567456,39.89901436,17,0,17
10990,76834,-99.43074098,31.80405959,1,0,1
10991,12601,-73.90410975,41.74027183,13,0,13
10992,17109,-76.85491862,40.29483764,191,0,191
10993,77478,-95.60059493,29.6336142,0,0,0
10994,11214,-73.99618863,40.58968796,74,0,74
10995,29204,-81.02431554,34.01598721,2,5,7
10996,78617,-97.64704568,30.19678539,0,0,0
10997,02863,-71.3839267,41.8924196,0,0,0
10998,13662,-74.8738505,44.9293611,0,0,0
10999,63121,-90.2959517,38.6926236,7,9,16
11000,54023,-92.55242317,44.9837848,3,2,5
11001,64030,-94.531352,38.8898473,52,0,52
11002,28574,-77.5479633,34.8965674,7,8,15
11003,28450,-78.52243273,34.31969796,5,0,5
11004,08008,-74.1674492,39.6604518,10,1,11
11005,45775,-82.13179903,39.04324808,0,0,0
11006,84653,-111.6742009,40.0532937,9,5,14
11007,44643,-81.2982095,40.6537942,3,10,13
11008,37040,-87.3589583,36.5259941,287,2,289
11009,64106,-94.5768305,39.1006143,1421,0,1421
11010,65041,-91.436394,38.7073172,12,0,12
11011,63801,-89.53833734,36.89195784,7,0,7
11012,59808,-114.0841246,46.9188639,9,0,9
11013,89423,-119.7653306,38.9558495,100,3,103
11014,63121,-90.2800754,38.7059063,14,1,15
11015,44125,-81.6104767,41.3784943,18,4,22
11016,27508,-78.24645113,35.95456416,2,0,2
11017,45121,-83.9043094,38.8643935,8,9,17
11018,44870,-82.6827267,41.4190161,8,0,8
11019,55008,-93.2298296,45.5561153,20,0,20
11020,45365,-84.1590075,40.2847112,40,0,40
11021,03774,-72.0423688,44.1128893,10,34,44
11022,45323,-83.9327531,39.8801383,4,9,13
11023,56085,-94.72262991,44.29749431,6,0,6
11024,65740,-93.1583929,36.70056951,4,0,4
11025,37066,-86.49794661,36.36311967,6,17,23
11026,64772,-94.3589921,37.8384464,11,2,13
11027,08055,-74.8311464,39.8990381,47,0,47
11028,82443,-108.2093767,43.6469024,11,0,11
11029,38116,-89.9816021,35.0443055,49,0,49
11030,54944,-88.6388515,44.3344342,5,2,7
11031,28732,-82.53674048,35.43484948,14,0,14
11032,53940,-89.79276234,43.58836785,16,0,16
11033,54107,-88.44741015,44.74064221,2,2,4
11034,53818,-90.48510828,42.73457765,7,0,7
11035,82801,-106.9569679,44.81577997,20,0,20
11036,56482,-95.1397602,46.4379623,8,8,16
11037,45846,-84.77810554,40.41096313,2,0,2
11038,44202,-81.3474183,41.3145319,26,5,31
11039,27849,-77.17717989,36.12301229,1,0,1
11040,23230,-77.4818207,37.572581,160,0,160
11041,43953,-80.6996682,40.3765085,8,10,18
11042,64068,-94.4188853,39.245817,39,5,44
11043,08876,-74.6109334,40.5692777,53,0,53
11044,74078,-97.08085694,36.12395266,31,0,31
11045,56437,-95.06561758,46.26810991,1,0,1
11046,56381,-95.5275819,45.6120604,2,5,7
11047,55055,-92.99939047,44.86110797,8,0,8
11048,57350,-98.21618915,44.36400883,24,0,24
11049,56215,-95.6026984,45.3143938,7,4,11
11050,55111,-93.2114844,44.8834066,82,24,106
11051,55974,-91.63792282,43.56147046,2,0,2
11052,56444,-93.8997884,46.4750411,2,2,4
11053,54742,-91.2759775,44.7633028,2,2,4
11054,55303,-93.4594358,45.2322971,23,0,23
11055,53964,-89.49179666,43.88431027,3,0,3
11056,57252,-96.63549018,45.21760652,3,1,4
11057,53029,-88.3477436,43.1031493,16,0,16
11058,73034,-97.480101,35.6543979,110,0,110
11059,73129,-97.48260042,35.40695668,8,3,11
11060,27855,-77.0997667,36.4446628,9,11,20
11061,54848,-91.0978633,45.4646049,10,0,10
11062,54541,-88.67367433,45.5591029,1,1,2
11063,68420,-96.1536509,40.1080154,4,1,5
11064,68467,-97.5924384,40.8644625,14,0,14
11065,54456,-90.59678313,44.55966403,6,0,6
11066,56701,-96.18193938,48.11668279,8,3,11
11067,69346,-103.8833644,42.6890129,1,0,1
11068,54759,-92.14897063,44.44050103,1,2,3
11069,54814,-90.7905792,46.8561415,1,2,3
11070,57070,-97.081296,43.170899,1,1,2
11071,57472,-100.0325508,45.5060735,1,0,1
11072,53091,-88.4514887,43.5170306,2,5,7
11073,69162,-102.9776006,41.143314,7,0,7
11074,68620,-98.0022073,41.6913831,5,1,6
11075,68787,-97.0199926,42.2341181,5,0,5
11076,28139,-81.95776099,35.36645801,15,2,17
11077,69154,-102.3439664,41.4082612,4,1,5
11078,69301,-102.8698595,42.0997575,5,3,8
11079,73533,-97.96248567,34.50088824,11,0,11
11080,73570,-86.038475,40.28208,1,1,2
11081,74008,-95.8851072,35.9429729,25,0,25
11082,74029,-95.93647866,36.79939624,9,0,9
11083,74820,-96.6806082,34.7726183,42,0,42
11084,74032,-96.9275747,36.2268203,1,0,1
11085,74058,-96.8026904,36.3394181,6,0,6
11086,74701,-96.3799036,33.9935882,15,0,15
11087,73116,-97.5304768,35.537423,15,0,15
11088,73055,-97.9566856,34.6484911,10,0,10
11089,74343,-94.847373,36.7506936,4,1,5
11090,73750,-97.93225319,35.86037134,8,7,15
11091,73460,-96.6801952,34.2371836,8,0,8
11092,74855,-96.9007802,35.5034354,4,1,5
11093,73040,-98.3188028,35.6365287,5,1,6
11094,73004,-97.87720773,35.16096429,2,2,4
11095,73078,-97.749928,35.652287,10,0,10
11096,74039,-96.2110039,35.9434238,3,0,3
11097,73766,-97.80122216,36.66846394,1,3,4
11098,74056,-96.3414084,36.6632618,6,3,9
11099,73002,-97.7784289,34.9181581,4,0,4
11100,73018,-97.9400146,35.051505,26,0,26
11101,73734,-97.9090599,35.9844268,2,0,2
11102,73550,-99.91898924,34.68264111,3,0,3
11103,74859,-96.3062559,35.4317601,7,0,7
11104,74059,-97.0334645,35.9745296,7,1,8
11105,74930,-94.7887582,35.186848,2,1,3
11106,73401,-97.1286871,34.1706014,19,0,19
11107,73036,-97.95567503,35.53575155,34,2,36
11108,57718,-103.3340458,44.1788465,1,1,2
11109,74367,-95.1320813,36.4104169,1,0,1
11110,73662,-99.6396049,35.301493,8,0,8
11111,73742,-97.8984259,36.107108,3,7,10
11112,73750,-97.9334553,35.8618105,10,4,14
11113,74848,-96.3999044,35.0840665,7,0,7
11114,89820,-116.9497221,40.6311333,10,0,10
11115,54901,-88.54526849,44.07953431,126,0,126
11116,54155,-88.1493175,44.4991111,4,1,5
11117,07762,-74.0287627,40.1544503,14,15,29
11118,53233,-87.9223178,43.0424908,524,0,524
11119,07458,-74.09881998,41.03223434,18,0,18
11120,84115,-111.9010021,40.70513099,16,4,20
11121,55616,-91.67153243,47.02211031,8,0,8
11122,74401,-95.36961238,35.74923219,5,0,5
11123,64086,-94.3811656,38.9314763,119,0,119
11124,57201,-97.11043157,44.90209428,36,0,36
11125,55395,-94.0462603,44.96535754,4,12,16
11126,56101,-95.11871967,43.86562007,8,0,8
11127,64631,-92.88892749,39.78228164,1,0,1
11128,64633,-93.49862539,39.35794203,7,5,12
11129,65337,-93.4242346,38.7746669,2,3,5
11130,27893,-77.8934036,35.72542883,3,0,3
11131,28751,-83.06176911,35.51461126,9,6,15
11132,68066,-96.62345862,41.20897705,13,10,23
11133,28602,-81.37928125,35.72931319,15,3,18
11134,28642,-80.82534065,36.24045847,10,0,10
11135,68933,-98.05687614,40.52173419,1,0,1
11136,89106,-115.1385471,36.18455041,8,0,8
11137,69336,-103.0998741,41.66675373,3,2,5
11138,43730,-82.08627421,39.60089312,1,1,2
11139,44813,-82.51265169,40.61464829,4,5,9
11140,44688,-81.25597863,40.66815924,1,1,2
11141,73801,-99.39032465,36.43436411,26,0,26
11142,74851,-97.09234236,35.43570047,6,12,18
11143,57045,-97.57647929,43.2360829,1,0,1
11144,84629,-111.4389783,39.62685775,1,4,5
11145,84738,-113.6799047,37.16931978,11,0,11
11146,84745,-113.2702338,37.20944014,4,1,5
11147,23310,-76.01477812,37.26746321,5,0,5
11148,98499,-122.5153952,47.16139606,103,0,103
11149,98407,-122.5125404,47.2987795,3,5,8
11150,98501,-122.9031164,47.0494898,130,0,130
11151,53504,-89.87522687,42.70062726,1,2,3
11152,54001,-92.3664396,45.30248765,7,6,13
11153,25401,-77.9688277,39.45290661,52,0,52
11154,82301,-107.2404774,41.7900957,16,0,16
11155,55975,-83.212935,40.265442,1,0,1
11156,56302,-94.16226645,45.56028276,100,0,100
11158,43216,-82.98759726,39.97001421,17,0,17
11159,99201,-117.4156203,47.65936286,12,0,12
11160,98666,-122.678427,45.63039521,132,0,132
11161,11235,-73.9349422,40.578194,22,0,22
11162,29451,-79.7891145,32.7880106,20,0,20
11163,29666,-82.0250209,34.1749461,5,0,5
11164,29692,-82.2444213,34.398487,7,0,7
11165,29583,-79.56837864,33.99686133,4,0,4
11166,29585,-79.121274,33.4336141,4,3,7
11167,29178,-81.61471454,34.50287958,4,4,8
11168,29048,-80.3462454,33.39568464,3,0,3
11169,29323,-81.8619515,35.1483017,5,0,5
11170,29306,-81.932511,34.9479517,119,0,119
11171,29388,-82.02335903,34.74465113,12,0,12
11172,39667,-90.13668535,31.11588545,6,12,18
11173,39056,-90.3298272,32.3398965,44,0,44
11174,38930,-90.1810063,33.5182222,54,16,70
11175,39456,-88.8277024,31.1081099,1,0,1
11176,38725,-91.0102086,33.6519985,1,0,1
11177,38851,-88.9986208,33.8964372,6,4,10
11178,38781,-90.7527851,33.9109943,1,0,1
11179,38860,-88.746161,34.0047049,9,0,9
11180,39470,-89.5260837,30.8382026,12,18,30
11181,39666,-90.46725709,31.28484184,8,10,18
11182,38821,-88.4896075,33.9842047,18,0,18
11183,29409,-79.95871973,32.79706343,16,0,16
11184,19060,-75.48879683,39.85394157,1,26,27
11185,79092,-102.427837,35.24676519,1,0,1
11186,29016,-80.9745427,34.17758334,967,53,1020
11187,18360,-75.1944535,40.9870199,20,0,20
11188,17013,-77.18835812,40.20101827,5,33,38
11189,88301,-105.8749576,33.6441087,17,0,17
11190,78221,-98.5138716,29.3463072,18,0,18
11191,78566,-97.48434711,26.07560937,6,0,6
11192,78744,-97.7153087,30.1929194,480,0,480
11193,75662,-94.8723733,32.3785028,6,5,11
11194,76351,-98.62276978,33.60258704,7,4,11
11195,79403,-101.6759015,33.5826615,1,0,1
11196,15479,-79.74225455,40.1539596,1,4,5
11197,17233,-77.998385,39.93247122,2,0,2
11198,77705,-94.092102,30.043911,22,0,22
11199,79109,-101.8466944,35.1888138,13,0,13
11200,13753,-74.9105621,42.2917827,11,15,26
11201,29932,-81.23518382,32.86142774,1,1,2
11202,87053,-106.7711319,35.5596608,6,0,6
11203,75062,-97.01069802,32.8443635,344,0,344
11204,17401,-76.72761929,39.96372483,10,0,10
11205,97317,-122.9558502,44.89292965,596,0,596
11206,17756,-76.80104207,41.24217752,3,0,3
11207,29325,-81.84540652,34.46348982,1,0,1
11208,39501,-89.08982773,30.36965217,193,3,196
11209,75686,-94.9797038,33.00660203,1,0,1
11210,02903,-71.41469903,41.83090196,47,0,47
11211,77381,-95.4876358,30.1866049,42,51,93
11212,29453,-79.694733,33.28506007,2,2,4
11213,29201,-81.03316354,33.99935149,11,0,11
11214,39097,-90.59109475,32.98307493,1,1,2
11215,87048,-106.6157645,35.2228704,20,0,20
11216,38229,-88.6114942,36.2131896,5,0,5
11217,74035,-96.3958002,36.4169235,6,1,7
11218,59870,-114.0939544,46.5110969,3,1,4
11219,26301,-80.326718,39.2634336,39,0,39
11220,74038,-96.5694822,36.1805277,1,5,6
11221,74562,-95.41361777,34.19816979,1,3,4
11222,74354,-94.8669964,36.8772367,7,1,8
11223,22902,-78.51727625,38.00498632,120,0,120
11224,59523,-109.2288868,48.5925416,4,0,4
11225,27260,-79.9934105,35.9598583,225,0,225
11226,24557,-79.3621834,36.9534062,4,0,4
11227,08801,-74.86425865,40.64968917,0,0,0
11228,37813,-83.26064344,36.21436884,8,14,22
11229,28223,-80.73025026,35.3119074,33,5,38
11230,22202,-77.043898,38.8572065,206,0,206
11231,58368,-99.97770248,48.37355724,0,0,0
11232,24061,-80.4138412,37.2197038,46,2,48
11233,64110,-94.58164238,39.03608521,28,0,28
11234,89512,-119.7978536,39.5720199,6,0,6
11235,45214,-84.5208394,39.1095837,1082,0,1082
11236,59425,-111.948194,48.1689199,9,1,10
11237,44123,-81.5261004,41.600209,100,0,100
11238,44022,-81.4114287,41.4135321,3,13,16
11239,03241,-71.8107454,43.6942358,1,4,5
11240,43723,-81.5382266,39.9680766,4,0,4
11241,54871,-91.9250583,45.74186,15,0,15
11242,44672,-81.0181408,40.9234471,7,4,11
11243,53913,-89.76727739,43.46181347,118,0,118
11244,45056,-84.7405502,39.5099808,27,2,29
11245,05819,-72.0203007,44.4181545,5,12,17
11246,53563,-88.9385812,42.7755502,9,8,17
11247,98273,-122.3357409,48.4180197,62,0,62
11248,43015,-83.0678388,40.3035445,86,0,86
11249,54656,-90.80991299,43.94314729,18,0,18
11250,43223,-83.0592762,39.9573975,8,2,10
11251,28468,-78.4969215,33.8937762,12,0,12
11252,07111,-74.2341618,40.7268861,190,0,190
11253,38464,-87.33689912,35.24321753,43,0,43
11254,24740,-81.10301171,37.36561833,26,0,26
11255,99029,-117.8809455,47.66861812,1,5,6
11256,27871,-77.25344012,35.82311217,7,4,11
11257,64759,-94.27578812,37.49372543,11,1,12
11258,63837,-89.96752332,36.45006335,3,3,6
11259,65737,-93.37828954,36.74938662,1,2,3
11260,27013,-80.67665736,35.73407244,5,6,11
11261,28551,-77.78753507,35.30635445,7,6,13
11262,28515,-76.77018024,35.14339156,12,0,12
11263,56484,-94.5796112,47.1012726,38,5,43
11264,53806,-90.97639629,42.70827671,1,3,4
11265,64770,-93.98119592,38.25749715,1,1,2
11266,28562,-77.14846653,35.07281133,5,1,6
11267,44830,-83.4147795,41.1561739,24,0,24
11268,53018,-88.40383589,43.05902745,15,0,15
11269,53585,-88.72965089,42.50268166,5,6,11
11270,45845,-84.3735639,40.3509356,2,7,9
11271,38425,-87.9951513,35.3862636,6,2,8
11272,28804,-82.58375435,35.63152169,13,0,13
11273,38450,-87.7376717,35.1747904,3,2,5
11274,38301,-88.81100003,35.61532333,66,0,66
11275,37659,-82.47059978,36.29769887,17,0,17
11276,38103,-90.0373879,35.1385829,25,0,25
11277,23440,-75.9958247,37.828146,1,0,1
11278,45502,-83.8095084,39.9267778,127,0,127
11279,64020,-93.56854731,38.98243033,5,6,11
11280,27597,-78.31994309,35.83086589,21,2,23
11281,45011,-84.5169707,39.3937348,17,4,21
11282,08201,-74.5072971,39.4330237,23,0,23
11283,25301,-81.6390497,38.3510087,101,0,101
11284,07719,-74.0246675,40.1830694,21,38,59
11285,08106,-75.08735639,39.89299944,20,0,20
11286,55423,-93.268481,44.8812357,45,0,45
11287,64036,-93.9407042,39.2397912,14,0,14
11288,37058,-87.8395027,36.488934,17,0,17
11289,38011,-89.7227917,35.4856064,6,0,6
11290,28722,-82.19817583,35.2500242,6,9,15
11291,43506,-84.55435348,41.47507495,19,6,25
11292,53039,-88.7037546,43.399777,4,2,6
11293,28753,-82.68150975,35.79601464,3,2,5
11294,63448,-91.49949067,40.04311689,8,0,8
11295,44241,-81.3170947,41.2381789,26,0,26
11296,25315,-81.5365488,38.2240564,4,0,4
11297,26250,-79.9356956,39.0244877,1,0,1
11298,65613,-93.4107511,37.6130023,20,0,20
11299,27520,-78.49160091,35.6737452,4,7,11
11300,84070,-111.8953444,40.57102856,110,0,110
11301,63377,-91.05727547,39.12408913,1,3,4
11302,20111,-77.47229816,38.78142161,31,0,31
11303,99166,-118.7376531,48.64395752,3,0,3
11304,59221,-104.0457254,47.85359099,3,2,5
11305,28462,-78.27007264,33.91456476,9,0,9
11306,28384,-78.97339479,34.80612451,12,2,14
11307,59845,-114.6697244,47.6081643,2,0,2
11308,59923,-115.554158,48.391338,20,0,20
11309,25508,-82.01696895,37.97524596,4,0,4
11310,54738,-91.4677072,44.5757853,1,4,5
11311,43315,-82.8966347,40.4988869,5,1,6
11312,54562,-89.16932932,45.79665342,4,3,7
11313,25085,-81.19647188,38.16461587,4,1,5
11314,63663,-90.64112622,37.62177995,1,2,3
11315,45322,-84.3080477,39.8780113,20,2,22
11316,27863,-77.98502687,35.50185543,2,5,7
11317,65608,-92.65929171,36.95121966,6,8,14
11318,44708,-81.441914,40.823775,3,15,18
11319,65438,-91.49237401,36.99107195,1,0,1
11320,58324,-99.20344519,48.48968853,2,1,3
11321,28365,-78.06569962,35.195669,16,0,16
11322,82801,-106.9409424,44.7639603,2,3,5
11323,45314,-83.8069374,39.7418985,4,18,22
11324,25143,-81.8409949,38.4215161,16,0,16
11325,84014,-111.8785047,40.9196211,17,0,17
11326,54751,-91.93014738,44.87529097,8,5,13
11327,08901,-74.4462689,40.4944417,80,0,80
11328,55812,-92.08444824,46.81714693,10,0,10
11329,55455,-93.2309923,44.973923,47,50,97
11330,54481,-89.57144919,44.52947022,3,0,3
11331,68849,-99.1051449,40.7015321,6,4,10
11332,37167,-86.50792991,36.00807861,4,2,6
11333,55389,-94.40913827,45.31519545,1,2,3
11335,65102,-92.12778186,38.55781061,95,0,95
11336,65409,-91.77567081,37.95347564,11,4,15
11337,68848,-99.08006439,40.69630818,27,2,29
11338,89154,-115.1382854,36.10743286,35,9,44
11340,73502,-98.4037445,34.61716107,16,15,31
11341,37209,-86.82832288,36.16628522,27,0,27
11342,84114,-111.9565897,40.67117004,475,0,475
11343,23505,-76.32242712,36.91969964,88,0,88
11344,98513,-122.6701954,47.00387398,13,0,13
11345,53707,-89.46013447,43.07354178,118,0,118
11346,53707,-89.3830928,43.07302356,92,0,92
11347,54538,-89.89405258,45.96972439,7,4,11
11348,54702,-91.50175191,44.79861658,11,4,15
11349,82002,-104.8209112,41.1376299,39,0,39
11350,29801,-81.721507,33.5653371,83,0,83
11351,29033,-81.0653705,33.9691295,54,0,54
11352,29812,-81.3634068,33.2424124,16,0,16
11353,29810,-81.31730062,33.00503863,10,1,11
11354,29042,-81.13997659,33.32478685,10,0,10
11355,29536,-79.3765725,34.4187988,25,0,25
11356,29639,-82.3893143,34.3323622,5,1,6
11357,29644,-82.2011555,34.6957526,23,0,23
11358,29730,-81.02951459,34.92521967,121,1,122
11359,29631,-82.83034935,34.69003686,26,1,27
11360,29403,-79.9594145,32.7890527,382,0,382
11361,29662,-82.30863379,34.77959126,43,0,43
11362,29620,-82.3781379,34.1762445,19,1,20
11363,29655,-82.6633291,34.3048085,5,0,5
11364,29563,-79.1661892,34.3445095,4,0,4
11365,29161,-79.94151849,34.13507537,7,0,7
11366,29063,-81.17989579,34.0854956,22,0,22
11367,29924,-81.1109235,32.8658383,10,1,11
11368,29006,-81.5552979,33.8997496,20,0,20
11369,29009,-80.34938905,34.41472947,1,0,1
11370,29591,-79.74543894,33.91653979,2,1,3
11371,29927,-81.0793271,32.2853709,18,0,18
11372,29944,-81.0786025,32.8498733,7,2,9
11373,29835,-82.2937244,33.9112355,7,0,7
11374,29142,-80.4846417,33.4744206,6,0,6
11375,29575,-78.97952489,33.61222512,21,2,23
11376,29582,-78.71862926,33.80521779,5,0,5
11377,29349,-82.0896961,35.0466394,8,0,8
11378,29047,-80.57268194,33.53021346,3,1,4
11379,29671,-82.7058644,34.8815154,13,0,13
11380,29708,-81.01141994,35.05163172,19,0,19
11381,29056,-79.9891303,33.5809305,3,0,3
11382,29360,-82.0162091,34.4982531,28,0,28
11383,29657,-82.6954198,34.7867188,11,2,13
11384,97064,-123.1968473,45.858481,6,0,6
11385,38737,-90.52899814,33.81033071,7,1,8
11386,39175,-90.62289133,32.10873554,3,3,6
11387,38941,-90.3215455,33.4948741,6,3,9
11388,38645,-90.5415813,34.2183688,0,4,4
11389,39330,-88.8209831,32.1716856,1,2,3
11390,39422,-89.2911613,31.9754138,6,1,7
11391,38804,-88.70678407,34.25846027,115,0,115
11392,39474,-89.8645251,31.5999297,6,4,10
11393,39342,-88.6486972,32.4239699,2,10,12
11394,39146,-89.9741006,32.8874872,3,6,9
11395,38878,-89.1814585,33.8755676,4,1,5
11396,39401,-89.2861723,31.31659926,126,0,126
11397,38748,-90.8532069,33.1675715,5,4,9
11398,39327,-89.1085089,32.4381021,5,6,11
11399,38922,-89.6723067,33.974726,4,1,5
11400,39367,-88.6439463,31.6742636,11,2,13
11401,39153,-89.52279904,32.03297236,4,0,4
11402,38668,-89.9644185,34.6193054,19,0,19
11403,38862,-88.6638343,34.2074278,1,4,5
11404,39159,-90.8758641,32.9082069,4,2,6
11405,38666,-89.8950521,34.4350672,6,5,11
11406,38676,-90.382289,34.6876987,9,0,9
11407,38852,-88.1922481,34.8113778,9,3,12
11408,38635,-89.44994067,34.75413276,19,2,21
11409,38621,-90.1952983,34.5048279,1,4,5
11410,38833,-88.31932,34.842104,0,6,6
11411,39752,-89.1249133,33.537312,2,0,2
11412,39042,-89.77549937,32.08139287,1,2,3
11413,18407,-75.47730367,41.58668508,0,5,5
11414,18810,-76.5167299,41.9650868,6,3,9
11415,19425,-75.6674829,40.107294,4,2,6
11416,19335,-75.7668969,40.0343909,14,3,17
11417,16823,-77.7464719,40.8910074,6,0,6
11418,19363,-75.9770989,39.7850951,10,4,14
11419,18250,-75.87191174,40.82348753,4,6,10
11420,19330,-75.9224839,39.8885477,1,2,3
11421,18235,-75.6885782,40.8430882,4,2,6
11422,18940,-74.96109103,40.25627881,28,0,28
11423,18942,-75.1786512,40.4268714,6,0,6
11424,19425,-75.6201254,40.1002758,4,4,8
11425,18951,-75.288958,40.5241674,2,0,2
11426,19512,-75.6899481,40.3024568,3,2,5
11427,87002,-106.7750648,34.6603071,22,0,22
11428,87714,-104.9150707,36.5110787,2,0,2
11429,87301,-108.7073471,35.5234824,62,0,62
11430,87558,-105.4056949,36.7082388,4,0,4
11431,87327,-108.8461583,35.070365,18,0,18
11432,77701,-94.094409,30.0802841,246,0,246
11433,78372,-97.9398624,27.95701,4,3,7
11434,79404,-101.7224335,33.5357253,2,0,2
11435,76670,-96.9460139,32.1242562,5,0,5
11436,79312,-102.4166412,34.00859268,1,0,1
11437,78538,-97.96233839,26.29452794,8,0,8
11438,76065,-96.9967046,32.4928793,29,3,32
11439,75013,-96.6730451,33.1012134,106,0,106
11440,77954,-97.2900441,29.0896776,11,0,11
11441,78209,-98.4660543,29.4843538,20,0,20
11442,78017,-99.16904219,28.66864038,5,0,5
11443,76837,-99.8466014,31.21444095,2,3,5
11444,78566,-97.5067316,26.0866049,1,2,3
11445,75042,-96.655856,32.9099922,321,0,321
11446,76040,-97.102239,32.8290461,83,2,85
11447,77584,-95.2890371,29.5580263,124,0,124
11448,77422,-95.5691835,29.0442071,7,1,8
11449,75116,-96.90622729,32.64649482,57,0,57
11450,75088,-96.56998933,32.90097014,79,0,79
11451,78232,-98.4741103,29.5928722,11,1,12
11452,75159,-96.5398851,32.6492919,20,0,20
11453,76249,-97.2374877,33.2610826,8,0,8
11454,77480,-95.6981654,29.0392281,7,3,10
11455,76226,-97.1852069,33.1213955,8,0,8
11456,78231,-98.5546156,29.5849823,16,0,16
11457,76117,-97.2722393,32.8089712,72,1,73
11458,76248,-97.2325545,32.930003,51,0,51
11459,76135,-97.4364778,32.81092437,24,0,24
11460,78023,-98.6846712,29.6142525,2,0,2
11461,78233,-98.3283072,29.55476814,30,0,30
11462,77581,-95.3101842,29.5876133,5,4,9
11463,75166,-96.4358137,33.0210652,8,0,8
11464,75454,-96.59198251,33.26601247,8,1,9
11465,75094,-96.6104583,33.0180798,22,0,22
11466,76571,-97.5371379,30.9503995,4,0,4
11467,77434,-96.33277828,29.58899199,8,0,8
11468,75925,-95.0682844,31.6517113,5,0,5
11469,76548,-97.6569986,31.0818453,44,0,44
11470,75763,-95.492606,32.134808,2,0,2
11471,77833,-96.415012,30.148527,30,0,30
11472,76118,-97.2380284,32.8086879,17,2,19
11473,78580,-97.7872589,26.4816418,12,0,12
11474,78642,-97.9193273,30.6725175,5,0,5
11475,76574,-97.40935966,30.56354947,27,0,27
11476,76048,-97.7882835,32.4438315,33,0,33
11477,77836,-96.7144774,30.5278279,12,4,16
11478,76064,-97.0131518,32.309431,2,6,8
11479,75862,-95.3759721,30.9435884,6,0,6
11480,76401,-98.2042163,32.2217791,34,0,34
11481,78539,-98.1645115,26.2856556,110,0,110
11482,77583,-95.4668957,29.5088827,6,0,6
11483,76227,-96.98699556,33.27790284,4,0,4
11484,75446,-95.9094297,33.5840085,4,0,4
11485,77962,-96.5131461,29.0412373,3,4,7
11486,78147,-98.0821568,29.071551,3,1,4
11487,76661,-96.89830428,31.30785124,15,0,15
11488,77879,-96.5294306,30.3464372,4,0,4
11489,75148,-96.01366317,32.1698897,4,0,4
11490,78501,-98.2379819,26.2194123,273,0,273
11491,75135,-96.2281548,33.0662228,3,2,5
11492,78596,-97.9753117,26.1714846,75,0,75
11493,75081,-96.7290536,32.948946,132,9,141
11494,75647,-94.9502715,32.5308396,15,3,18
11495,75491,-96.3994476,33.5124966,5,8,13
11496,75414,-96.4092933,33.608066,4,0,4
11497,78155,-97.969882,29.571537,41,0,41
11498,76426,-97.88086163,33.17191915,4,8,12
11499,75657,-94.3441256,32.7570986,7,0,7
11500,77625,-94.3147996,30.3705048,6,1,7
11501,76691,-97.0937718,31.8023113,7,3,10
11502,39667,-90.1418881,31.1169558,10,8,18
11503,18444,-75.51322455,41.30511326,1,7,8
11504,15237,-80.0787821,40.5808883,12,4,16
11505,15221,-79.8858407,40.4433628,22,0,22
11506,19007,-74.8571282,40.0974432,16,4,20
11507,15014,-79.7392518,40.6046946,4,6,10
11508,19551,-76.1372981,40.3517888,2,4,6
11509,19067,-74.7752528,40.210125,11,3,14
11510,19567,-76.1847814,40.3634607,4,2,6
11511,15241,-80.0716827,40.3332366,28,0,28
11512,16648,-78.3917148,40.4280168,8,8,16
11513,17724,-76.8513629,41.6543923,3,5,8
11514,18848,-76.4422258,41.7676251,6,7,13
11515,19507,-76.2613853,40.460218,3,0,3
11516,16669,-78.0474468,40.5721726,0,4,4
11517,17020,-77.02740013,40.39578877,2,0,2
11518,15024,-79.7981052,40.5385186,3,5,8
11519,17868,-76.6281934,40.9569844,3,0,3
11520,15035,-79.8071749,40.3835541,2,8,10
11521,18421,-75.46655549,41.65018176,2,8,10
11522,19013,-75.3593797,39.8516118,102,0,102
11523,17820,-76.40364268,40.87326437,3,4,7
11524,17921,-76.3489061,40.7805688,4,16,20
11525,19465,-75.6553812,40.2310472,13,0,13
11526,15202,-80.0562687,40.4967973,12,0,12
11527,17901,-76.1973218,40.6879037,27,0,27
11528,17965,-76.167401,40.6973955,2,3,5
11529,18237,-75.9946784,40.9030445,2,5,7
11530,19013,-75.3891889,39.8457782,12,12,24
11531,16125,-80.3719872,41.3937297,6,2,8
11532,15110,-79.8470742,40.3726411,14,0,14
11533,18071,-75.60798122,40.80286438,8,5,13
11534,19348,-75.7105012,39.8477977,12,5,17
11535,16057,-80.054898,41.0662215,4,1,5
11536,16046,-80.0058929,40.6990027,1,9,10
11537,75482,-95.60335297,33.13650097,32,0,32
11538,78119,-97.8498593,28.8184822,7,0,7
11539,77535,-94.8873274,30.04662256,17,0,17
11540,78059,-98.8594368,29.1916858,4,0,4
11541,76657,-97.4073794,31.4425195,11,0,11
11542,77554,-94.9072505,29.2993115,5,0,5
11543,75961,-94.6569536,31.6048502,59,1,60
11544,78643,-98.4258684,30.58944593,2,2,4
11545,76641,-96.80661186,32.07944502,1,1,2
11546,78390,-97.3933679,27.9819389,7,0,7
11547,78362,-97.2147697,27.8678393,14,1,15
11548,75682,-94.9407061,32.2374881,5,0,5
11549,79563,-99.8695893,32.4579948,4,0,4
11550,75791,-95.2213052,32.227046,16,5,21
11551,77357,-95.1923897,30.1875802,2,1,3
11552,75205,-96.7966011,32.8284131,52,0,52
11553,79331,-101.9544228,32.7312919,16,1,17
11554,29936,-80.9726638,32.4976646,33,2,35
11555,17046,-76.413825,40.3659174,10,1,11
11556,17042,-76.4410407,40.3335578,9,0,9
11557,17022,-76.5594919,40.1452831,15,4,19
11558,18517,-75.7102955,41.3846742,8,15,23
11559,15658,-79.2055838,40.2596636,3,7,10
11560,18704,-75.8831524,41.2957461,8,7,15
11561,18640,-75.7892995,41.3220062,7,7,14
11562,17406,-76.5820506,40.0132557,8,0,8
11563,17322,-76.6005117,39.8262574,1,1,2
11564,15068,-79.7677417,40.5682655,23,0,23
11565,18414,-75.8039163,41.5118845,4,1,5
11566,18643,-75.836615,41.399796,1,5,6
11567,18037,-75.4924264,40.6702163,4,8,12
11568,79201,-100.2069558,34.42478501,9,0,9
11569,75980,-94.4150105,31.1551748,3,0,3
11570,14810,-77.317537,42.335777,12,7,19
11571,12054,-73.8397786,42.6202718,42,0,42
11572,12078,-74.3493208,43.051958,33,0,33
11573,13069,-76.41552291,43.3209037,35,0,35
11574,10590,-73.55967541,41.27392434,2,18,20
11575,10522,-73.8746207,41.0150859,28,0,28
11576,13642,-75.4699336,44.3361821,8,0,8
11577,14845,-76.8206084,42.1668314,13,0,13
11578,13733,-75.48027099,42.29461618,0,6,6
11579,14075,-78.833154,42.7158699,14,10,24
11580,14530,-78.0007581,42.719378,5,9,14
11581,10803,-73.8091713,40.91168723,28,0,28
11582,14450,-77.4416252,43.1006253,10,0,10
11583,12037,-73.5947262,42.3636553,3,18,21
11584,11570,-73.64331846,40.65862362,51,0,51
11585,13316,-75.75227123,43.34096855,3,8,11
11586,13212,-76.1285286,43.132312,13,2,15
11587,39401,-89.2966587,31.2855755,3,0,3
11588,39079,-89.9146833,32.96943233,16,5,21
11589,39328,-88.6775979,32.7773314,8,1,9
11590,38632,-89.9950691,34.8211738,100,1,101
11591,39120,-91.405126,31.5595264,30,0,30
11592,38917,-89.91902586,33.50843884,8,3,11
11593,39451,-88.5509764,31.1539487,8,2,10
11594,18702,-75.87882853,41.25170284,38,20,58
11595,17837,-76.8823987,40.9634246,7,2,9
11596,17602,-76.3039898,40.0393737,43,3,46
11597,16353,-79.45592106,41.49633939,3,4,7
11598,97828,-117.2786566,45.42443106,7,3,10
11599,88130,-103.3335949,34.19801441,13,0,13
11600,87102,-106.6514325,35.0887265,279,33,312
11601,78550,-97.6635673,26.2211045,8,0,8
11605,78217,-98.44842949,29.53520585,52,0,52
11606,78606,-98.4184224,30.08890384,1,0,1
11608,75961,-94.6206223,31.5841671,4,0,4
11609,76504,-97.3514866,31.0706338,6,2,8
11610,78238,-98.6261182,29.4858405,83,0,83
11611,75751,-95.8452843,32.2006816,2,0,2
11612,78626,-97.67966269,30.63930642,206,0,206
11613,75428,-95.888395,33.2363764,1,0,1
11614,77351,-94.9337783,30.7233331,48,13,61
11615,79528,-100.5734122,33.24755669,1,3,4
11616,78003,-99.07241114,29.72705321,28,0,28
11617,78102,-97.7303878,28.4063502,21,2,23
11618,75426,-95.05219591,33.613844,13,0,13
11619,02917,-71.541416,41.8992781,40,0,40
11620,02919,-71.5002915,41.83064,77,0,77
11621,13057,-76.0494012,43.0466171,38,0,38
11622,14482,-77.9927032,42.9774403,9,2,11
11623,08901,-74.4396586,40.4879315,51,0,51
11624,53039,-88.70439432,43.40757091,67,0,67
11625,07065,-74.26954042,40.59139481,0,0,0
11626,54457,-89.9014626,44.3150853,6,4,10
11627,89027,-114.0585996,36.8119365,1,0,1
11628,26847,-79.1232408,38.9962151,7,0,7
11629,07032,-74.1082126,40.7278036,0,0,0
11630,55720,-92.4581947,46.7213158,19,0,19
11631,08835,-74.58639687,40.54525121,22,0,22
11632,55441,-93.4509422,45.01376523,26,0,26
11633,84130,-111.9428703,40.67161781,15,0,15
11634,98244,-122.2185053,48.82690511,6,0,6
11635,53201,-87.92100958,43.04264907,1987,0,1987
11636,29565,-79.43264941,34.33862258,10,0,10
11637,29036,-81.35760582,34.16914323,6,0,6
11638,29628,-82.5962749,34.0923845,7,0,7
11639,29448,-80.4479562,33.2135281,4,4,8
11640,29172,-81.1019844,33.9133313,2,5,7
11641,29372,-81.7671059,34.8959064,5,2,7
11642,29160,-81.103199,33.7368124,4,0,4
11643,38614,-90.5771806,34.204672,12,2,14
11644,39475,-89.4080882,31.1434414,8,4,12
11645,39074,-89.4858678,32.356068,16,4,20
11646,39773,-88.6476837,33.6032093,24,1,25
11647,38855,-88.4921202,34.3173251,3,1,4
11648,38732,-90.7217177,33.7425405,45,0,45
11649,38632,-90.00015071,34.82184437,33,0,33
11650,38646,-90.2697771,34.2579309,7,0,7
11651,39042,-90.0156392,32.2828913,40,5,45
11652,38606,-89.951555,34.318143,37,0,37
11653,38856,-88.46624341,34.50238204,1,4,5
11654,39701,-88.41587908,33.49776747,62,25,87
11655,15010,-80.3329728,40.7573113,4,4,8
11656,18255,-75.8291706,40.9412895,3,8,11
11657,88203,-104.5216544,33.3756518,41,0,41
11658,87068,-106.665381,34.92979285,29,0,29
11659,77005,-95.43814301,29.71503557,21,0,21
11660,75702,-95.308099,32.3522237,185,0,185
11661,78520,-97.4983675,25.9078582,230,0,230
11662,77546,-95.202135,29.4970515,55,0,55
11663,79547,-99.8936677,33.182501,1,0,1
11664,79225,-99.51605898,34.25687853,2,0,2
11665,78535,-97.73153786,26.24821695,5,3,8
11666,78550,-97.6853918,26.1809444,123,0,123
11667,78597,-97.17069252,26.11824337,25,6,31
11668,75556,-94.057908,33.1379788,1,0,1
11669,75154,-96.8443689,32.5603975,18,0,18
11670,76259,-97.2891524,33.1839533,1,2,3
11671,75001,-96.8304236,32.9666032,60,0,60
11672,75172,-96.6847124,32.5896935,13,0,13
11673,77541,-95.3726127,28.9649773,28,0,28
11674,77520,-94.83649773,29.8672422,1,0,1
11675,78052,-98.7915734,29.2345608,6,0,6
11676,75074,-96.7029137,33.0183379,343,0,343
11677,77901,-97.0075418,28.7972025,106,0,106
11678,76114,-97.40713048,32.75558079,14,2,16
11679,75759,-95.4182618,32.0316573,1,3,4
11680,78654,-98.2773925,30.5713478,27,3,30
11681,76078,-97.4765487,33.0555905,6,4,10
11682,76651,-96.88647652,32.18410939,4,3,7
11683,75101,-96.6948826,32.2634378,1,0,1
11684,75069,-96.6404797,33.1381498,8,2,10
11685,79007,-101.3880892,35.6844462,12,0,12
11686,75773,-95.486144,32.6759878,12,1,13
11687,75472,-95.96088757,32.90020848,4,2,6
11688,78959,-97.3012355,29.69419718,4,0,4
11689,78572,-98.3132426,26.2110787,125,0,125
11690,78576,-98.4449067,26.2303381,7,0,7
11691,75662,-94.8700203,32.3908499,35,0,35
11692,78154,-98.3052807,29.5920648,25,1,26
11693,79250,-101.5975387,33.8706024,1,1,2
11694,79072,-101.7039413,34.1899593,34,0,34
11695,75156,-96.0689369,32.2790152,1,0,1
11696,79081,-101.1924301,36.1973727,4,0,4
11697,79821,-106.6023065,31.9918877,11,2,13
11698,77656,-94.1744927,30.3568634,16,0,16
11699,79928,-106.2018249,31.6835786,16,0,16
11700,18640,-75.778544,41.3179044,3,5,8
11701,15924,-78.8029328,40.1214215,1,3,4
11702,18938,-74.95220061,40.36574548,8,5,13
11703,18901,-75.1319904,40.310138,16,4,20
11704,18914,-75.2039178,40.2965961,11,0,11
11705,16662,-78.32157,40.309525,2,6,8
11706,15104,-79.8803658,40.4128343,1,11,12
11707,15690,-79.55996703,40.60811038,2,0,2
11708,17740,-77.2551588,41.2018292,6,1,7
11709,15728,-79.01189724,40.66858663,1,1,2
11710,15748,-79.1595952,40.5400418,2,6,8
11711,19460,-75.5102966,40.1080818,11,2,13
11712,16121,-80.501876,41.2122883,23,3,26
11713,16901,-77.301341,41.7472886,6,1,7
11714,15106,-80.0923537,40.4044229,12,0,12
11715,17066,-77.8836243,40.3838583,4,5,9
11716,15926,-78.8700154,40.0247427,2,0,2
11717,15801,-78.761278,41.1197121,13,3,16
11718,15558,-79.094437,39.7555341,0,4,4
11719,15142,-80.1320841,40.3909917,13,0,13
11720,19082,-75.2500103,39.9634099,1,9,10
11721,17099,-77.5793375,40.6349332,27,0,27
11722,15767,-78.9679432,40.9439771,8,4,12
11723,16150,-80.486079,41.2812629,2,6,8
11724,15205,-80.0668474,40.4458527,4,4,8
11725,18252,-75.9902012,40.8223451,3,5,8
11726,17702,-77.0350162,41.2230939,2,0,2
11727,15234,-80.0176862,40.3796265,5,1,6
11728,18240,-75.8134457,40.8637128,4,3,7
11729,19335,-75.7054265,40.0052907,18,8,26
11730,19606,-75.85356908,40.30493908,32,0,32
11731,19320,-75.8157035,39.97366436,2,12,14
11732,15010,-80.3925275,40.7796118,7,7,14
11733,15001,-80.2996017,40.6484594,13,8,21
11734,15009,-80.2925151,40.6994891,3,7,10
11735,18612,-75.9631178,41.3356918,4,6,10
11736,18062,-75.5561069,40.5149595,5,4,9
11737,15627,-79.2987369,40.3330815,3,5,8
11738,79927,-106.2786065,31.6713983,27,0,27
11739,76825,-99.3329827,31.1331913,9,0,9
11740,77535,-94.85776524,30.10419354,2,0,2
11741,75160,-96.2754369,32.7376449,35,0,35
11742,75143,-96.23081832,32.44087659,4,1,5
11743,75474,-96.134162,32.9107795,4,0,4
11744,75428,-95.899133,33.24993,18,0,18
11745,75474,-96.0839258,32.8855107,1,1,2
11746,77565,-95.0324019,29.543309,9,6,15
11747,77563,-95.018869,29.3483359,13,7,20
11748,79364,-101.6434009,33.4390012,13,0,13
11749,76033,-97.3885667,32.3474326,54,0,54
11750,79366,-101.6783369,33.536283,3,1,4
11751,79325,-103.0329575,34.388386,2,0,2
11752,79556,-100.4083742,32.4728429,22,1,23
11753,75638,-94.7218359,33.032502,7,3,10
11754,75155,-96.4980162,32.2436143,3,2,5
11755,79382,-102.009812,33.510055,9,0,9
11756,75032,-96.4737435,32.837297,19,0,19
11757,79088,-101.7647362,34.5387709,7,0,7
11758,76063,-97.124859,32.566286,81,0,81
11759,76821,-99.9498355,31.7380501,6,0,6
11760,75860,-96.2837063,31.6264127,6,1,7
11761,78582,-98.81767044,26.37803237,24,0,24
11762,77587,-95.238828,29.6648816,29,0,29
11763,77355,-95.71701,30.154118,3,4,7
11764,75561,-94.2819816,33.4669776,7,0,7
11765,75117,-95.88480249,32.69818612,2,4,6
11766,75125,-96.6670095,32.5336374,7,1,8
11767,79756,-102.8903706,31.5944338,12,0,12
11768,77586,-95.0240297,29.5644302,32,0,32
11769,77306,-95.3502509,30.3335683,2,2,4
11770,79761,-102.3687741,31.8457457,142,5,147
11771,78621,-97.3717827,30.3474384,17,0,17
11772,76443,-99.165107,32.124121,2,0,2
11773,77485,-96.0618381,29.6292678,3,0,3
11774,29223,-80.98005491,34.05338744,512,16,528
11775,29556,-79.83075365,33.66126154,38,0,38
11776,29574,-79.3372668,34.1868958,31,2,33
11777,16950,-77.5327743,41.9218531,1,4,5
11778,17408,-76.7841342,39.9515208,26,0,26
11779,17368,-76.5228316,39.9420631,8,2,10
11780,15954,-79.0230965,40.4153961,1,6,7
11781,15129,-79.995582,40.2916881,17,0,17
11782,15106,-80.0891206,40.4192726,2,3,5
11783,15065,-79.71824046,40.62489287,13,0,13
11784,18634,-76.0006609,41.1991297,13,0,13
11785,18969,-75.3288082,40.3248713,6,2,8
11786,19464,-75.6463741,40.278343,9,0,9
11787,18042,-75.2420557,40.68426,8,18,26
11788,17368,-76.5292893,40.0249884,3,1,4
11789,17815,-76.4095731,41.0105795,6,5,11
11790,18704,-75.8909277,41.2680365,20,0,20
11791,18707,-75.8813764,41.1531382,5,5,10
11792,17057,-76.72721583,40.18938659,1,3,4
11793,78355,-98.1424708,27.225061,9,0,9
11794,75104,-96.95064009,32.59335097,66,0,66
11795,12866,-73.7841646,43.0833132,71,0,71
11796,12143,-73.8092014,42.4694401,6,10,16
11797,14522,-77.2320165,43.0633583,5,0,5
11798,10528,-73.724198,40.9977532,74,0,74
11799,10607,-73.78856,41.0412414,116,0,116
11800,13460,-75.50030712,42.67848378,0,7,7
11801,14895,-77.9431842,42.1187197,11,13,24
11802,12746,-74.6444534,41.4047379,7,12,19
11803,10987,-74.185984,41.1952635,4,9,13
11804,14001,-78.5019382,43.0197663,2,11,13
11805,11771,-73.5281339,40.9144796,5,2,7
11806,11021,-73.7313051,40.7916139,6,0,6
11807,11024,-73.7556129,40.8149719,22,0,22
11808,12180,-73.680395,42.686411,17,1,18
11809,39429,-89.8363297,31.2510472,21,5,26
11810,39213,-90.22422037,32.34611794,3,3,6
11811,39401,-89.2918486,31.3265704,104,8,112
11812,39095,-90.0243811,33.106288,11,0,11
11813,38676,-90.3842829,34.6994498,70,2,72
11814,39074,-89.4857649,32.3550053,26,6,32
11815,38863,-89.030213,34.2537778,18,1,19
11816,19401,-75.3434018,40.1154711,95,0,95
11817,97918,-117.2409405,43.9807698,22,0,22
11818,97701,-121.3064926,44.1003506,77,2,79
11819,87733,-103.9572455,35.7751808,2,0,2
11820,88310,-105.9610699,32.9299919,30,0,30
11821,87004,-106.5846733,35.3079128,45,0,45
11822,78520,-97.488591,25.8965194,18,0,18
11824,77090,-95.4293248,30.0063961,36,3,39
11825,78212,-98.50285326,29.44451973,17,0,17
11826,75501,-94.0915983,33.392715,3,0,3
11827,12754,-74.746908,41.802297,16,0,16
11828,12305,-73.9369418,42.814558,166,0,166
11829,12309,-73.8853989,42.819095,29,0,29
11830,10601,-73.7712629,41.0301479,210,0,210
11831,14052,-78.6133259,42.767702,17,0,17
11832,39327,-89.1064446,32.4233492,10,3,13
11833,18042,-75.21737571,40.68764218,6,0,6
11834,16316,-80.33332329,41.60451653,3,2,5
11835,76705,-97.10133392,31.63999651,3,1,4
11836,77701,-94.09358575,30.07944403,142,0,142
11837,76932,-101.4597017,31.1930938,7,3,10
11838,75785,-95.15103594,31.80920838,32,0,32
11839,79512,-100.8701063,32.39038743,5,1,6
11840,78361,-98.67649558,27.30635117,20,0,20
11841,77954,-97.28854918,29.0928238,12,2,14
11842,79118,-101.8685821,35.1173318,68,3,71
11843,79336,-102.3787936,33.578316,11,0,11
11844,76043,-97.7509796,32.2501208,20,8,28
11845,78355,-98.126715,27.247861,18,0,18
11846,14901,-76.8010688,42.0907608,44,0,44
11847,14489,-77.0321517,43.0668181,75,15,90
11848,10007,-74.004248,40.7135914,120,0,120
11849,29118,-80.8522745,33.5116943,92,15,107
11850,17013,-77.1886012,40.2010481,25,5,30
11851,18414,-75.7362279,41.5341005,2,1,3
11852,87801,-106.8934537,34.0555183,10,2,12
11853,75226,-96.7768036,32.7810622,48,0,48
11854,79329,-101.6801197,33.6652037,4,0,4
11855,39201,-90.18443879,32.30308941,188,0,188
11856,97361,-123.2391363,44.85171641,8,0,8
11857,87901,-107.2569484,33.12961082,14,0,14
11858,87566,-106.0714666,36.05337281,12,0,12
11859,19136,-75.00896557,40.0376516,6624,0,6624
11860,15024,-79.820006,40.5410926,7,4,11
11861,16323,-79.8319065,41.397181,16,0,16
11862,18512,-75.6212536,41.4456885,4,14,18
11863,15220,-80.0469966,40.4187536,10,0,10
11864,19072,-75.264531,40.004864,6,0,6
11865,17543,-76.3069037,40.1567244,13,0,13
11866,17972,-76.1715899,40.6261195,8,2,10
11867,15904,-78.8397799,40.2685141,20,6,26
11868,15084,-79.79754295,40.57349866,3,12,15
11869,15017,-80.1107035,40.3597991,9,0,9
11870,97838,-119.290807,45.8384295,24,0,24
11871,97148,-123.1875281,45.3405893,3,0,3
11872,97914,-116.9688329,44.023432,22,0,22
11873,97361,-123.229735,44.852566,12,0,12
11874,97060,-122.3886163,45.53959918,23,0,23
11875,87031,-106.7347342,34.8018292,37,1,38
11876,76301,-98.4969754,33.9042054,1,40,41
11877,77016,-95.2673981,29.87138478,21,0,21
11878,65010,-92.2616609,38.77484553,4,0,4
11879,54230,-87.94901762,44.15407689,1,2,3
11880,38506,-85.4477459,36.1945759,11,0,11
11881,27889,-77.06495836,35.57364204,0,0,0
11882,56425,-94.2419698,46.3478324,0,0,0
11883,54941,-88.9613267,43.845511,18,1,19
11884,54130,-88.27448118,44.27890241,24,0,24
11885,54452,-89.68451901,45.18201303,29,0,29
11886,54013,-92.1702914,45.058924,3,3,6
11887,53562,-89.5093398,43.095497,34,0,34
11888,54755,-91.66856964,44.56770886,4,4,8
11889,53573,-90.44264809,43.18685051,2,2,4
11890,55396,-94.3640294,44.5423322,3,5,8
11891,54552,-90.4524799,45.9319352,7,3,10
11892,54555,-90.3990903,45.6860762,5,5,10
11893,08628,-74.7814215,40.2635632,15,0,15
11894,98073,-122.129724,47.68001468,79,0,79
11895,29445,-80.0359248,33.0282351,59,0,59
11896,29472,-80.3102016,33.0990005,2,0,2
11897,29102,-80.2128139,33.6949831,17,1,18
11898,29532,-79.8762392,34.3005245,26,0,26
11899,29550,-80.0746182,34.3734871,34,4,38
11900,29010,-80.2470933,34.2181883,16,0,16
11901,29569,-78.89199351,34.0580404,10,2,12
11902,29130,-80.9599134,34.3065765,1,0,1
11903,29385,-82.1102339,34.9552244,8,0,8
11904,29525,-79.5464688,34.5799937,4,1,5
11905,29138,-81.7731724,34.0012594,10,0,10
11906,29710,-81.2259303,35.1104559,16,0,16
11907,29556,-79.8352167,33.6670453,19,1,20
11908,29512,-79.6822784,34.6182561,36,0,36
11909,29127,-81.5372636,34.211659,3,1,4
11910,17325,-77.23164109,39.82933413,9,0,9
11911,39553,-88.6643276,30.3947601,44,25,69
11912,38655,-89.52737986,34.37608424,50,0,50
11913,39563,-88.5374902,30.4130403,19,0,19
11914,38850,-89.0220463,34.0370559,2,2,4
11915,39041,-90.4605775,32.3485699,3,4,7
11916,39439,-88.9817953,31.8858156,5,2,7
11917,39358,-88.48550543,32.82973137,2,4,6
11918,39571,-89.204182,30.340538,21,4,25
11919,38614,-90.5764879,34.2031734,35,0,35
11920,38915,-89.3446622,33.9909939,5,6,11
11921,39428,-89.5541198,31.6450595,8,7,15
11922,39059,-90.3591744,31.9869979,13,1,14
11923,39345,-89.1585001,32.3243703,11,4,15
11924,39145,-89.7990953,32.3128132,6,0,6
11925,39114,-89.8710343,31.9621989,5,2,7
11926,38925,-89.7110845,33.6327367,1,4,5
11927,38643,-90.2848575,34.2035078,2,4,6
11928,38824,-88.63122813,34.52321105,8,0,8
11929,38869,-88.841644,34.3641269,2,5,7
11930,38771,-90.5501964,33.725638,9,5,14
11931,39110,-90.1228913,32.4642474,60,0,60
11932,38622,-90.1356831,34.1731077,0,2,2
11933,38721,-90.83080263,32.97434371,2,1,3
11934,38948,-89.9112552,34.0558742,1,2,3
11935,38829,-88.53513889,34.65877662,24,7,31
11936,38957,-90.37110253,33.9701879,1,2,3
11937,39747,-89.5696668,33.4414138,1,4,5
11938,38870,-88.39765341,34.06911454,1,5,6
11939,39117,-89.6561632,32.3518989,10,4,14
11940,38924,-90.2362679,33.320485,1,0,1
11941,17257,-77.5233139,40.0510314,10,3,13
11942,18235,-75.7726759,40.8118877,4,3,7
11943,87016,-106.0632316,34.7569565,5,0,5
11944,87035,-106.050413,35.002973,10,0,10
11945,87036,-106.2434217,34.5210242,4,0,4
11946,87013,-106.9622179,36.0128689,6,0,6
11947,87528,-106.9894653,36.93552218,23,0,23
11948,87005,-108.4121979,34.996895,8,0,8
11949,79360,-102.642171,32.71957637,11,0,11
11950,77840,-96.3028758,30.6038257,112,0,112
11951,76180,-97.217764,32.826885,109,0,109
11952,77547,-95.2459257,29.7328753,19,0,19
11953,75845,-95.1276034,31.0543448,2,0,2
11954,77979,-96.6269089,28.6160123,19,0,19
11955,76528,-97.7482509,31.4360199,16,1,17
11956,78164,-97.4990375,28.9822021,4,4,8
11957,78266,-98.30033368,29.63851529,14,0,14
11958,78102,-97.7504807,28.4049572,23,0,23
11959,78373,-97.0685213,27.8354071,12,0,12
11960,78595,-98.5604353,26.2675135,9,0,9
11961,76247,-97.24102215,33.10112765,7,1,8
11962,77385,-95.4379677,30.1566749,17,0,17
11963,79350,-101.8393963,33.7295877,1,1,2
11964,78579,-97.9587644,26.0922048,9,0,9
11965,75134,-96.760242,32.608981,63,0,63
11966,75077,-97.0530553,33.0848596,29,0,29
11967,75431,-95.47341533,33.06143943,1,2,3
11968,76258,-96.9603308,33.3969272,8,0,8
11969,77541,-95.2996847,28.9428534,7,5,12
11970,75048,-96.58466048,32.97394495,27,0,27
11971,78023,-98.68636142,29.56240092,19,3,22
11972,77541,-95.3277421,29.0036375,5,6,11
11973,75067,-97.02236794,33.04282783,138,0,138
11974,75780,-95.09404287,31.98091786,1,8,9
11975,75071,-96.6408037,33.2239746,155,0,155
11976,75098,-96.5146824,33.0247421,41,0,41
11977,76559,-97.60557546,31.0777595,8,0,8
11978,76501,-97.3392667,31.094735,132,0,132
11979,78657,-98.3661395,30.5442261,15,0,15
11980,75034,-96.8228559,33.1341712,130,0,130
11981,78657,-98.32074025,30.5496798,4,0,4
11982,78061,-99.118809,28.892436,10,0,10
11983,78624,-98.84949552,30.25100109,29,0,29
11984,79357,-101.3826883,33.6792753,3,0,3
11985,75156,-96.1099857,32.2633969,1,0,1
11986,75452,-96.24806292,33.38035777,4,0,4
11987,77478,-95.6369127,29.6037138,130,0,130
11988,75215,-96.7946203,32.7678427,3389,0,3389
11989,77461,-95.8402564,29.3981861,5,0,5
11990,75156,-96.1162572,32.3348121,15,1,16
11991,75143,-96.186926,32.28882,8,0,8
11992,77363,-95.83063176,30.26016688,4,1,5
11993,77868,-96.08770585,30.38709662,18,0,18
11994,75021,-96.53586519,33.75510946,45,0,45
11995,78124,-98.1396273,29.5700328,3,8,11
11996,78154,-98.269767,29.5656931,44,0,44
11997,75076,-96.66877595,33.75909279,7,1,8
11998,78560,-98.479667,26.2485971,14,0,14
11999,29405,-79.9800684,32.8560333,259,0,259
12000,38852,-88.201292,34.812055,13,10,23
12001,39474,-89.8654139,31.6007359,14,0,14
12002,17011,-76.9518256,40.2249122,2,8,10
12003,15063,-79.9277244,40.2041906,8,6,14
12004,18431,-75.2570252,41.5743692,9,7,16
12005,17820,-76.46128619,40.95286231,3,6,9
12006,18644,-75.8364073,41.3126403,4,19,23
12007,18706,-75.89913926,41.21408047,2,6,8
12008,19454,-75.2792028,40.2130953,4,2,6
12009,18644,-75.8456978,41.3193642,2,14,16
12010,16635,-78.4031269,40.4216345,5,0,5
12011,18701,-75.8795463,41.2448842,92,0,92
12012,18901,-75.1830825,40.3001292,6,1,7
12013,18512,-75.6352987,41.417669,20,12,32
12014,18917,-75.2038323,40.3702016,2,4,6
12015,15233,-80.021336,40.4504909,891,0,891
12016,19565,-76.0906496,40.3145409,7,2,9
12017,15037,-79.88632989,40.27311319,2,10,12
12018,16407,-79.63930662,41.91956685,12,0,12
12019,18974,-75.0756101,40.2061556,2,7,9
12020,15904,-78.8664948,40.2924571,1,9,10
12021,16148,-80.4487635,41.2442356,30,0,30
12022,16137,-80.23878204,41.22880032,4,2,6
12023,19406,-75.3719949,40.1018071,64,0,64
12024,17851,-76.4153388,40.7956327,9,3,12
12025,16335,-80.13374694,41.62740466,2,2,4
12026,15613,-79.5596983,40.5840431,1,4,5
12027,18346,-75.4213504,41.1137876,35,0,35
12028,19390,-75.825356,39.8224836,2,3,5
12029,15936,-78.914799,40.1506334,1,1,2
12030,16354,-79.6737501,41.6304488,13,0,13
12031,15046,-80.2219765,40.5555591,3,11,14
12032,17959,-76.1067555,40.7401502,0,2,2
12033,17815,-76.4535211,41.0046505,16,7,23
12034,19475,-75.5877675,40.1616364,8,2,10
12035,17815,-76.3448802,41.0246092,4,4,8
12036,17842,-77.0464304,40.7928409,2,5,7
12037,16242,-79.33411,41.0012522,2,9,11
12038,19348,-75.7192385,39.8774957,1,1,2
12039,16833,-78.520812,40.9643637,2,0,2
12040,17954,-76.2576976,40.6906143,5,7,12
12041,17963,-76.3840359,40.5504601,2,10,12
12042,15370,-80.1854938,39.8962656,8,0,8
12043,16830,-78.43963257,41.02164386,7,4,11
12044,18706,-75.9522305,41.1926949,0,2,2
12045,17961,-76.1005219,40.6564128,4,14,18
12046,19380,-75.5988159,39.9636855,47,0,47
12047,16201,-79.5528586,40.8526394,2,0,2
12048,15905,-78.9148204,40.2892832,1,14,15
12049,15905,-78.91303508,40.25568479,6,0,6
12050,17814,-76.3847604,41.1936428,0,6,6
12051,15931,-78.7273285,40.4849147,3,9,12
12052,16920,-77.3136959,41.9871806,2,6,8
12053,15056,-80.209409,40.5661689,4,6,10
12054,17846,-76.48802433,41.13211883,1,2,3
12055,19003,-75.2881852,40.007041,139,0,139
12056,17857,-76.8171383,40.9195009,5,0,5
12057,15417,-79.9176039,40.0291872,2,1,3
12058,19001,-75.1208464,40.1171761,93,0,93
12059,15061,-80.2797156,40.6908907,9,9,18
12060,18216,-75.910664,40.927967,1,1,2
12061,18229,-75.7340896,40.874409,6,4,10
12062,19508,-75.8064628,40.2659917,7,0,7
12063,19355,-75.5579172,40.048957,20,11,31
12064,15010,-80.3288657,40.7656514,5,7,12
12065,18947,-75.1029892,40.4636138,5,0,5
12066,15052,-80.46616044,40.69354669,2,10,12
12067,15003,-80.2278871,40.5930783,10,12,22
12068,16066,-80.1081459,40.6979998,28,0,28
12069,16046,-79.9905083,40.7133733,5,7,12
12070,15074,-80.2854406,40.7132231,4,5,9
12071,16123,-80.2006743,40.7809407,1,1,2
12072,15216,-80.0373015,40.394543,15,0,15
12073,16803,-77.920034,40.8123327,17,0,17
12074,19320,-75.8677935,40.0108387,2,11,13
12075,15010,-80.3204915,40.7557353,17,0,17
12076,16123,-80.2051414,40.8349859,2,9,11
12077,15077,-80.418038,40.6292679,2,3,5
12078,19605,-75.9207317,40.3877255,5,4,9
12079,18704,-75.9011707,41.276512,0,3,3
12080,15238,-79.8599115,40.4941418,4,1,5
12081,18011,-75.6014798,40.5095918,4,5,9
12082,17042,-76.3679131,40.3180506,7,0,7
12083,17042,-76.4777908,40.3345686,4,0,4
12084,79007,-101.3890462,35.6722216,22,0,22
12085,76655,-97.215906,31.386552,5,0,5
12086,75147,-96.0995355,32.3663213,13,1,14
12087,75401,-96.1115936,33.1404755,49,0,49
12088,79520,-100.1250229,32.881042,4,2,6
12089,79525,-99.8120263,32.6129867,2,0,2
12090,76642,-96.5351666,31.524412,8,0,8
12091,77568,-94.971372,29.3744302,28,0,28
12092,76705,-97.10102517,31.58898808,17,0,17
12093,79029,-101.9722682,35.85900192,22,0,22
12094,79401,-101.8465572,33.5869059,5,0,5
12095,79401,-101.8460455,33.5867089,376,0,376
12096,76255,-97.7258491,33.7881982,6,0,6
12097,76265,-97.5216096,33.6960631,3,0,3
12098,76009,-97.2131126,32.4071992,13,0,13
12099,77627,-93.9930922,29.9740808,21,0,21
12100,76044,-97.52913164,32.44701986,3,2,5
12101,79339,-102.3330886,33.92065406,13,0,13
12102,75462,-95.4606687,33.6623102,4,0,4
12103,79086,-101.8242735,36.0201328,3,0,3
12104,76087,-97.71003145,32.7584807,12,0,12
12105,77984,-97.1734194,29.4309841,4,4,8
12106,77856,-96.4861304,31.0276003,3,1,4
12107,75668,-94.7134438,32.9389912,6,1,7
12108,75110,-96.4672326,32.0934658,37,0,37
12109,76626,-96.7158466,32.0921139,1,0,1
12110,77837,-96.67354,30.9784321,4,0,4
12111,77871,-96.1156264,31.0294677,2,0,2
12112,75652,-94.7830203,32.1573237,32,0,32
12113,77630,-93.7611681,30.08407989,8,0,8
12114,77611,-93.844243,30.022037,12,0,12
12115,75455,-94.9699082,33.1604582,29,1,30
12116,75840,-96.1603326,31.724218,12,0,12
12117,77316,-95.7036372,30.3878431,8,4,12
12118,77029,-95.2440792,29.7678522,20,0,20
12119,78368,-97.8249174,28.0938129,7,0,7
12120,77378,-95.4784629,30.4230624,13,1,14
12121,77488,-96.0988743,29.3232291,23,0,23
12122,79052,-101.7502304,34.3662005,1,0,1
12123,75426,-95.0553661,33.609963,8,2,10
12124,77978,-96.55507366,28.67717661,1,1,2
12125,75972,-94.12582238,31.53867089,8,0,8
12126,76360,-98.9177557,34.029662,6,1,7
12127,75440,-95.7652017,32.8751025,3,0,3
12128,77338,-95.2686369,29.9996344,61,0,61
12129,77372,-95.1603482,30.2326726,7,1,8
12130,78745,-97.8107726,30.2282792,13,0,13
12131,78660,-97.6083822,30.4504485,70,5,75
12132,76384,-99.2835109,34.1524297,19,0,19
12133,76301,-98.5025336,33.9080203,177,0,177
12134,78641,-97.8470374,30.5697451,30,1,31
12135,76513,-97.47386537,31.15319442,7,4,11
12136,77423,-95.9669478,29.7856679,10,0,10
12137,76442,-98.6036337,31.8986245,8,1,9
12138,78644,-97.6651018,29.865503,23,0,23
12139,79080,-101.1725496,35.5725307,1,1,2
12140,76240,-97.14690065,33.64219881,37,0,37
12141,29477,-80.5783189,33.1849865,111,5,116
12142,29150,-80.339291,33.9219303,118,6,124
12143,29010,-80.2483421,34.21623,28,3,31
12144,29691,-83.0704382,34.7623602,81,0,81
12145,15642,-79.7114416,40.3314718,4,0,4
12146,17362,-76.8983241,39.8273651,13,0,13
12147,15301,-80.21072304,40.19056132,14,1,15
12148,15012,-79.8656948,40.1296569,2,4,6
12149,15690,-79.5641995,40.6041866,8,8,16
12150,15212,-79.9824047,40.4742757,6,0,6
12151,15145,-79.8245949,40.4055739,6,9,15
12152,18503,-75.6667301,41.4059409,155,0,155
12153,16033,-80.0613072,40.768059,2,8,10
12154,15238,-79.8826624,40.4952577,15,0,15
12155,15944,-79.0750037,40.3827237,0,4,4
12156,19076,-75.3084735,39.8880819,7,6,13
12157,18634,-76.03846084,41.1766619,1,8,9
12158,15137,-79.81778,40.3809256,19,7,26
12159,15071,-80.223366,40.4167314,20,2,22
12160,15120,-79.9101223,40.4060693,12,6,18
12161,17331,-76.9840131,39.7995773,21,0,21
12162,17981,-76.3906444,40.6289785,2,0,2
12163,19403,-75.3651325,40.1285942,27,0,27
12164,18801,-75.8795654,41.82775854,1,7,8
12165,79370,-100.8551475,33.47650734,1,0,1
12166,76448,-98.8177198,32.3983318,9,0,9
12167,78382,-97.05421126,28.02572893,22,0,22
12168,78746,-97.7999234,30.2910945,13,1,14
12169,12986,-74.462553,44.233053,10,0,10
12170,14905,-76.8447109,42.0776097,4,4,8
12171,13037,-75.8657004,43.0450103,4,13,17
12172,13619,-75.6090295,43.977223,4,6,10
12173,14423,-77.8550106,42.973635,2,3,5
12174,12043,-74.4803061,42.6690066,13,0,13
12175,12803,-73.6371105,43.2954052,6,7,13
12176,12571,-73.8766775,41.994309,3,10,13
12177,10538,-73.7515627,40.9272676,26,0,26
12178,10510,-73.8285819,41.1489336,19,0,19
12179,10543,-73.7412836,40.9428886,40,0,40
12180,12839,-73.5845396,43.303002,14,4,18
12181,12887,-73.3941655,43.5460432,5,11,16
12182,12828,-73.5852812,43.268087,5,5,10
12183,14706,-78.4897335,42.0866705,2,12,14
12184,13080,-76.4722203,43.065638,0,8,8
12185,10514,-73.7745661,41.1555065,42,0,42
12186,14011,-78.28022411,42.86211245,5,5,10
12187,10562,-73.8641784,41.1585609,60,0,60
12188,10570,-73.7916857,41.133813,24,0,24
12189,14802,-77.7912437,42.2537619,6,8,14
12190,10926,-74.1492151,41.3097479,7,3,10
12191,14517,-77.9425152,42.5792691,0,12,12
12192,14454,-77.8166721,42.79515447,8,4,12
12193,12553,-74.0628546,41.4822476,45,0,45
12194,14136,-79.1696073,42.5452187,5,3,8
12195,14094,-78.6956374,43.1695951,52,0,52
12196,14420,-77.9390974,43.2157492,11,5,16
12197,14612,-77.6604322,43.2632879,94,0,94
12198,14456,-76.9789086,42.8711386,37,0,37
12199,14092,-79.0449536,43.1742384,9,0,9
12200,14301,-79.0236098,43.0924234,145,0,145
12201,12586,-74.1896534,41.5597353,13,13,26
12202,11530,-73.636885,40.726569,51,0,51
12203,12901,-73.4543797,44.6922464,47,0,47
12204,11020,-73.719298,40.7674804,24,0,24
12205,12601,-73.9288449,41.7065949,105,0,105
12206,11501,-73.6390077,40.7367959,2732,0,2732
12207,10962,-73.9559898,41.0467544,90,0,90
12208,10977,-74.0405259,41.1217024,57,3,60
12209,12144,-73.7471875,42.6388497,27,0,27
12210,38851,-89.0224793,33.9209932,13,1,14
12211,39773,-88.6528718,33.6044408,8,0,8
12212,39216,-90.17414807,32.33040601,63,0,63
12213,39301,-88.6982477,32.3645839,51,0,51
12214,39159,-90.8771481,32.9078421,5,0,5
12215,38967,-89.7381309,33.484199,7,0,7
12216,39042,-89.9858875,32.2745495,72,10,82
12217,38701,-91.0518789,33.4084265,37,4,41
12218,39367,-88.6494457,31.6767175,10,3,13
12219,39701,-88.4015778,33.4934659,45,0,45
12220,16830,-78.4376494,41.0222331,8,0,8
12221,15701,-79.1551617,40.6235067,16,2,18
12222,18901,-75.1300593,40.3121115,50,0,50
12223,15601,-79.5320587,40.2765099,7,0,7
12224,18503,-75.6623275,41.4081343,30,40,70
12225,16507,-80.08807363,42.12942199,8,2,10
12226,97058,-121.1840881,45.5998108,15,0,15
12227,97330,-123.2631182,44.5657411,32,0,32
12228,97365,-124.0553359,44.63619215,65,0,65
12229,97470,-123.3407951,43.2111989,111,8,119
12230,87701,-105.2286796,35.5584546,8,0,8
12231,88007,-106.8157208,32.3058018,131,0,131
12232,87106,-106.6166703,35.049114,40,1,41
12233,87532,-106.0927936,36.0079627,22,1,23
12234,87901,-107.2499073,33.13372107,12,0,12
12235,87508,-106.0486369,35.5643713,75,0,75
12237,76180,-97.235934,32.8393556,3,0,3
12238,75965,-94.6492069,31.6227283,23,0,23
12241,78575,-97.5113526,26.0174696,107,1,108
12242,76118,-97.2370738,32.8075494,1,0,1
12243,77803,-96.393528,30.6763422,90,0,90
12245,77480,-95.70623059,29.04832114,1,2,3
12246,79382,-102.0105305,33.5178579,5,0,5
12247,75207,-96.8154719,32.7915179,156,0,156
12248,78629,-97.4434733,29.5235194,15,3,18
12249,75071,-96.6351383,33.2439338,164,0,164
12250,76063,-97.1286902,32.5940856,18,0,18
12251,78703,-97.756563,30.2717654,70,0,70
12252,77836,-96.6736986,30.5480134,1,0,1
12253,76462,-98.04590975,32.51827135,2,2,4
12254,79925,-106.3986532,31.79244695,40,0,40
12255,75146,-96.7705844,32.6036001,6,0,6
12256,78569,-97.7968169,26.4114383,3,0,3
12257,78666,-97.9412208,29.8882003,29,1,30
12258,75244,-96.8500998,32.9286579,13,0,13
12259,75134,-96.76406762,32.62617877,8,8,16
12260,77511,-95.2402284,29.3968966,10,6,16
12261,77591,-95.0004653,29.3955577,7,4,11
12262,76308,-98.52389641,33.87767785,9,2,11
12263,75021,-96.53557876,33.75505275,45,0,45
12264,76458,-98.1562291,33.24448088,12,0,12
12265,75633,-94.3558175,32.155196,3,1,4
12266,76706,-97.12799508,31.54836292,14,0,14
12267,78408,-97.4565998,27.7961473,32,0,32
12269,75482,-95.6190564,33.1390755,4,0,4
12270,79054,-100.8055373,35.43590642,1,0,1
12271,79245,-100.5364943,34.724718,3,6,9
12272,76941,-100.8191295,31.2587414,4,0,4
12273,76086,-97.7877152,32.7601319,79,0,79
12274,79065,-100.9634524,35.53709374,12,0,12
12275,76859,-99.78351114,30.91513081,5,0,5
12276,77414,-95.97081548,28.98045315,34,1,35
12277,78384,-98.2354216,27.7626342,18,2,20
12278,78873,-99.76208765,29.72619095,3,0,3
12279,75751,-95.8457469,32.2076009,75,0,75
12280,78026,-98.5452551,28.9175232,29,0,29
12281,78025,-99.24057143,30.0738535,5,2,7
12282,75103,-95.87429492,32.56437269,23,0,23
12283,79360,-102.641954,32.71937682,14,0,14
12284,79316,-102.2585762,33.1822231,11,0,11
12285,77856,-96.4881047,31.0264914,10,0,10
12286,79848,-102.3946817,30.1434091,5,0,5
12287,79070,-100.8019664,36.39476722,8,0,8
12288,75966,-93.76051169,30.84745623,12,0,12
12290,76936,-100.6003796,30.8600605,11,1,12
12291,75633,-94.3417339,32.1552958,24,0,24
12292,75638,-94.7270409,33.0364912,8,0,8
12293,76661,-96.8771347,31.294093,8,2,10
12294,79501,-99.89782698,32.75723098,9,0,9
12295,79081,-101.1921679,36.1982439,4,4,8
12296,79088,-101.7634964,34.5367428,4,4,8
12297,77625,-94.3161511,30.3682706,29,0,29
12298,75670,-94.3690595,32.54470771,45,1,46
12300,75418,-96.19519085,33.56312907,20,0,20
12301,77551,-94.8313343,29.2932141,240,50,290
12302,02858,-71.64262694,41.96447118,26,0,26
12303,02817,-71.68818636,41.64005905,11,0,11
12304,02814,-71.6685404,41.8970264,15,0,15
12305,02818,-71.45864047,41.65773132,34,28,62
12306,02871,-71.2540082,41.5924155,30,0,30
12307,02831,-71.5591961,41.7353986,16,0,16
12308,02863,-71.3927619,41.8878905,44,0,44
12309,02886,-71.4585101,41.7031329,177,0,177
12310,02835,-71.3641458,41.5068039,15,0,15
12311,02837,-71.168543,41.5101528,10,0,10
12312,02864,-71.40193455,41.92932045,48,0,48
12313,02825,-71.72064619,41.78422392,8,1,9
12314,13790,-75.9541769,42.1159965,39,0,39
12315,13088,-76.2091749,43.1041837,5,9,14
12316,13326,-74.9220862,42.7002912,6,6,12
12317,14020,-78.1874078,42.9986375,29,0,29
12318,14036,-78.3910014,42.9624369,0,6,6
12319,12590,-73.9175171,41.5970224,3,25,28
12320,13783,-75.2806259,41.9543876,1,4,5
12321,13760,-76.0499205,42.0987566,35,0,35
12322,10573,-73.6745946,41.0346986,28,0,28
12323,11545,-73.571881,40.8301257,38,0,38
12324,14801,-77.2376134,42.1036525,2,4,6
12325,12561,-74.0844059,41.7464181,22,9,31
12326,11975,-72.2500069,40.9557165,65,0,65
12327,12401,-73.9855182,41.9210197,80,0,80
12328,11946,-72.5381276,40.8863607,102,15,117
12329,12498,-74.1215766,42.0405812,10,8,18
12330,11768,-73.351047,40.921049,3,8,11
12331,11701,-73.4186041,40.6776796,24,0,24
12332,12603,-73.8896494,41.7051685,82,0,82
12333,12485,-74.1209582,42.1960519,2,8,10
12334,14830,-77.0475749,42.1416215,23,0,23
12335,13357,-75.03742528,43.01434092,18,0,18
12336,13607,-75.9070594,44.3369464,2,12,14
12337,13329,-74.77062241,43.10336745,3,12,15
12338,12302,-73.9638839,42.8267626,13,0,13
12339,12302,-73.9281255,42.8678017,22,0,22
12340,12480,-74.3994962,42.1230165,4,8,12
12341,12481,-74.2290636,41.9750046,1,12,13
12342,10550,-73.8385667,40.9129957,205,0,205
12343,38858,-88.6230006,34.0887777,5,3,8
12344,38866,-88.6808872,34.3754969,11,0,11
12345,16823,-77.7752873,40.9126179,17,13,30
12347,77568,-94.9710272,29.3688669,1,0,1
12348,76642,-96.5132443,31.51565519,20,0,20
12349,79556,-100.4081636,32.4707929,11,0,11
12350,79423,-101.8437938,33.4438637,5,0,5
12351,79355,-102.8176772,33.18296366,8,0,8
12352,75783,-95.4536316,32.7930969,25,0,25
12353,76801,-99.0042178,31.7252535,25,0,25
12354,78880,-100.2110228,30.0168486,4,0,4
12355,77445,-96.0753858,30.1023903,37,0,37
12356,76301,-98.4952319,33.9125265,39,0,39
12357,76706,-97.1217971,31.4626327,1,0,1
12359,78934,-96.5738194,29.7029848,20,0,20
12360,78332,-98.0697324,27.7534308,27,1,28
12361,75702,-95.3003531,32.3498183,88,0,88
12362,79045,-102.3982496,34.81818424,12,0,12
12363,79027,-102.3118011,34.55020516,9,0,9
12364,79830,-103.6636373,30.35836777,14,5,19
12365,79257,-101.3033222,34.4736087,1,1,2
12366,79738,-101.444518,32.7697387,2,1,3
12367,02857,-71.60474702,41.83267153,201,0,201
12368,10924,-74.3594146,41.4048953,99,30,129
12369,13827,-76.2662657,42.1418491,76,19,95
12370,12414,-73.8639136,42.2175066,26,6,32
12371,14810,-77.2959052,42.3497766,26,6,32
12372,13021,-76.5434325,42.9797198,34,0,34
12373,12901,-73.4669722,44.7204807,105,1,106
12374,14411,-78.2222377,43.2393542,29,7,36
12375,12020,-73.8742211,43.0201745,112,1,113
12376,18229,-75.7380685,40.8638753,8,0,8
12377,15601,-79.5449966,40.3026569,0,12,12
12378,17019,-76.9878879,40.1096811,11,0,11
12379,18431,-75.2537761,41.5747401,13,1,14
12380,87743,-104.1961493,35.9452087,1,0,1
12381,87410,-108.022152,36.8240726,94,3,97
12382,88119,-104.2450123,34.4750553,3,1,4
12383,75630,-94.5565608,32.9006101,1,0,1
12384,76114,-97.4024184,32.8037151,12,0,12
12385,97759,-121.6404759,44.37443688,6,0,6
12386,16049,-79.685414,41.095348,0,2,2
12387,88260,-103.3464612,32.948394,41,0,41
12388,87506,-106.0149758,35.88502415,13,0,13
12389,14541,-76.8311281,42.7233862,23,9,32
12390,87020,-107.853889,35.15451435,16,0,16
12391,14813,-78.0343797,42.2229653,1,0,1
12392,17837,-76.8861742,40.9619738,8,4,12
12393,19046,-75.0905628,40.0823563,5,10,15
12394,15063,-79.915379,40.1684213,2,16,18
12395,17970,-76.2003227,40.7191379,1,3,4
12396,16915,-78.0223069,41.7706044,4,0,4
12397,16511,-80.0121711,42.1524952,7,4,11
12398,15104,-79.8609078,40.4024365,12,0,12
12399,19464,-75.5884463,40.2542296,17,0,17
12400,15946,-78.6726517,40.3859854,2,3,5
12401,18641,-75.74051,41.3391772,2,14,16
12402,18064,-75.2869941,40.8080828,12,3,15
12403,16438,-79.8459745,41.8974417,3,2,5
12404,17025,-76.9323971,40.2872613,20,0,20
12405,17551,-76.3595502,40.006418,12,1,13
12406,19477,-75.2255148,40.1882644,18,0,18
12407,17316,-76.9781247,39.9418264,1,2,3
12408,15425,-79.5917586,40.0181061,15,0,15
12409,18411,-75.68375026,41.47454142,11,9,20
12410,97524,-122.8057648,42.4733168,14,0,14
12411,97501,-122.8759795,42.32253,103,0,103
12412,97818,-119.7036155,45.83250711,8,0,8
12413,97738,-119.0828442,43.5610061,3,0,3
12414,97392,-122.9548052,44.8496098,3,6,9
12415,97411,-124.4139196,43.1168861,7,0,7
12416,97707,-121.4396013,43.887154,11,0,11
12417,97136,-123.9433756,45.6146465,3,0,3
12418,97013,-122.708058,45.258719,25,0,25
12419,87020,-107.8395504,35.1605344,14,0,14
12420,87026,-107.3763599,35.0403727,24,0,24
12421,88063,-106.5563892,31.79669744,16,0,16
12422,88352,-106.0184526,33.072866,6,0,6
12423,88252,-103.1868078,32.1103749,5,0,5
12424,88415,-103.1887217,36.44896474,5,0,5
12425,29624,-82.65287717,34.50206145,8,0,8
12426,77341,-95.547307,30.706062,18,0,18
12427,78705,-97.7305748,30.2841755,62,0,62
12428,78215,-98.47595862,29.44141427,71,0,71
12429,88045,-108.7089129,32.34900164,11,0,11
12432,14222,-78.8832788,42.9334973,30,0,30
12433,10006,-74.0132661,40.706457,34,0,34
12434,38834,-88.5212277,34.9365358,39,5,44
12435,16601,-78.40557459,40.51390962,74,0,74
12436,76205,-97.1248629,33.214812,155,0,155
12437,79602,-99.7323827,32.4448363,54,0,54
12438,75087,-96.4547779,32.920747,37,0,37
12439,79903,-106.460819,31.783423,1132,0,1132
12440,58257,-97.3262665,47.5010361,3,0,3
12441,43081,-82.9315601,40.1247836,74,1,75
12442,68850,-99.7406974,40.7806834,28,2,30
12443,44143,-81.4700631,41.5532112,22,3,25
12444,38001,-89.1178558,35.7849463,5,2,7
12445,44050,-82.1204836,41.230441,6,2,8
12446,53805,-90.70609835,43.13462545,6,10,16
12447,54610,-91.9177278,44.3247632,1,0,1
12448,24382,-81.0831495,36.9485461,28,0,28
12449,54009,-92.63362028,45.3555386,1,2,3
12450,56472,-94.2187458,46.5959962,6,3,9
12451,24715,-81.3070791,37.3300006,1,0,1
12452,45335,-83.7437697,39.6579746,4,4,8
12453,27845,-77.4188596,36.3898642,1,4,5
12454,24531,-79.39813151,36.8268471,113,1,114
12455,07924,-74.577882,40.7137902,17,0,17
12456,45716,-82.1815143,39.4628985,1,1,2
12457,98275,-122.2971469,47.9030436,28,0,28
12458,98844,-119.4381655,48.93823253,4,4,8
12459,65734,-93.92135908,36.81640762,1,2,3
12460,28461,-78.01801179,33.91898298,11,0,11
12461,56520,-96.58695433,46.260222,6,0,6
12462,22602,-78.14929177,39.1505656,110,6,116
12463,56283,-95.1154634,44.540161,11,0,11
12464,37317,-84.36988594,34.98941304,3,0,3
12465,43822,-82.1157707,40.12037526,1,3,4
12466,26037,-80.5956183,40.3274655,6,2,8
12467,54722,-91.12130449,44.68005721,4,4,8
12468,56150,-95.1724053,43.6776745,3,1,4
12469,44839,-82.5574976,41.392394,12,10,22
12470,55748,-93.5976651,46.991388,2,0,2
12471,56716,-96.6098736,47.7746368,16,0,16
12472,07630,-74.0241971,40.9750928,18,0,18
12473,07628,-73.9950364,40.9379785,36,0,36
12474,28376,-79.2244667,34.9812789,15,9,24
12475,08232,-74.523656,39.3930638,56,0,56
12476,08406,-74.47968239,39.33788797,41,0,41
12477,08107,-75.07843356,39.90352804,12,0,12
12478,07631,-73.9772218,40.8920495,82,0,82
12479,08722,-74.2072329,39.9177658,19,3,22
12480,07740,-73.9934874,40.3032696,97,0,97
12481,03872,-71.0261584,43.5520421,9,7,16
12482,07731,-74.17806173,40.17224604,99,0,99
12483,03052,-71.4603523,42.8566498,10,7,17
12484,03049,-71.5911077,42.7444522,15,0,15
12485,08247,-74.7578775,39.0537676,17,3,20
12486,37762,-84.1299438,36.5873664,6,2,8
12487,07023,-74.388561,40.642562,21,0,21
12488,08008,-74.13520185,39.70509319,9,0,9
12489,08723,-74.1524653,40.0752609,127,0,127
12490,07444,-74.2942113,40.9646381,31,0,31
12491,38551,-85.50813905,36.55589512,5,3,8
12492,63382,-91.4854398,39.3087766,4,4,8
12493,84066,-109.9911746,40.29597634,11,7,18
12494,37355,-86.0895001,35.4839832,32,0,32
12495,37310,-84.7597282,35.2826969,3,0,3
12496,08094,-74.9905199,39.6796896,66,0,66
12497,45896,-83.9750842,40.6025546,1,3,4
12498,28619,-81.60643378,35.75714695,5,0,5
12499,43950,-80.9002882,40.0812465,10,0,10
12500,38057,-89.3998047,35.0605449,5,2,7
12501,37387,-85.73739243,35.26154896,5,0,5
12502,37029,-87.313588,36.0517428,2,1,3
12503,24416,-79.354317,37.7408598,14,0,14
12504,22192,-77.3528582,38.6797131,546,0,546
12505,44047,-80.7705329,41.7390843,40,2,42
12506,28460,-77.4255681,34.4928426,11,3,14
12507,24484,-79.78918928,38.04600876,12,0,12
12508,56222,-95.3695681,44.9562776,3,1,4
12509,03869,-70.8211702,43.2356097,4,5,9
12510,99001,-117.5955849,47.64355854,13,0,13
12511,23832,-77.5133346,37.3847621,225,24,249
12512,58045,-97.0615741,47.40262579,2,2,4
12513,58854,-103.2892431,47.8023387,5,0,5
12514,58773,-102.646331,48.5623583,1,0,1
12515,03284,-72.04794947,43.49361387,2,1,3
12516,43430,-83.3577477,41.5185447,3,2,5
12517,58701,-101.3003574,48.23392751,60,1,61
12518,24523,-79.5213351,37.3341541,25,0,25
12519,20169,-77.63660073,38.81310652,5,0,5
12520,44076,-80.8645478,41.5347988,6,4,10
12521,37061,-87.6929996,36.3183965,5,0,5
12522,22443,-76.962011,38.2501474,12,1,13
12523,55431,-93.3020731,44.8247924,116,0,116
12524,55432,-93.2628207,45.0849248,39,0,39
12525,56557,-95.96961361,47.31780331,13,1,14
12526,55604,-90.3257521,47.7572935,12,4,16
12527,38012,-89.23919629,35.59171855,22,0,22
12528,65084,-92.83968674,38.43214689,24,0,24
12529,69129,-102.4719123,41.0939754,4,0,4
12530,26034,-80.5591225,40.6136728,7,2,9
12531,45371,-84.1853495,39.9586953,19,0,19
12532,23860,-77.28775882,37.30414799,53,0,53
12533,65625,-93.86759744,36.67750885,20,6,26
12534,58341,-99.93569922,47.77119257,3,1,4
12535,38456,-87.30554387,35.31977078,1,2,3
12536,43050,-82.4316294,40.401469,52,0,52
12537,82716,-105.5017296,44.290825,45,0,45
12538,98012,-122.2219961,47.8550339,23,0,23
12539,65483,-91.9558728,37.3274564,8,3,11
12540,59923,-115.5523736,48.39012704,5,0,5
12541,08043,-74.9841923,39.8531513,52,0,52
12542,98371,-122.2969101,47.1906776,62,0,62
12543,58237,-97.4051462,48.4178507,9,0,9
12544,98580,-122.5431391,47.0030563,4,5,9
12545,63775,-89.85049888,37.72540799,17,0,17
12546,37331,-84.52898,35.316207,11,2,13
12547,24605,-81.26331774,37.23426784,16,0,16
12548,24073,-80.4086257,37.1304546,53,0,53
12549,23974,-78.22712848,36.99480901,5,5,10
12550,43963,-80.6974219,40.1686708,3,7,10
12551,44125,-81.65075038,41.43881159,17,0,17
12552,44250,-81.4301826,41.0226395,8,4,12
12553,82301,-107.2406292,41.78813325,20,0,20
12554,44024,-81.20476382,41.58075156,11,9,20
12555,44612,-81.4507583,40.6499021,1,3,4
12556,45311,-84.6478085,39.6299084,3,1,4
12557,59522,-110.9639672,48.512407,4,0,4
12558,54806,-90.87791653,46.58881516,18,5,23
12559,63823,-89.4447885,36.9096454,1,1,2
12560,26164,-81.7610602,38.951093,10,0,10
12561,26362,-81.041215,39.21459667,1,0,1
12562,26175,-80.9963754,39.5648146,4,3,7
12563,37887,-84.59662152,36.10544809,4,1,5
12564,82212,-104.5174139,42.21551712,1,1,2
12565,84663,-111.6101124,40.1660496,27,0,27
12566,44319,-81.5653341,40.9526356,13,9,22
12567,84404,-111.9851373,41.2811817,9,5,14
12568,82240,-104.1834092,42.06442633,15,0,15
12569,84520,-110.4195611,39.54294326,4,0,4
12570,44262,-81.4406769,41.1387804,8,7,15
12571,27820,-77.23091287,36.43686639,1,1,2
12572,44060,-81.3618586,41.7122489,11,10,21
12573,63383,-91.1501385,38.8105491,20,1,21
12574,63645,-90.2947333,37.5610872,8,3,11
12575,58318,-100.449787,48.82806265,10,0,10
12576,03584,-71.5718821,44.4911081,4,0,4
12577,43023,-82.5186823,40.067561,9,6,15
12578,84302,-112.0152909,41.5110091,25,0,25
12579,03220,-71.4810709,43.4423548,16,0,16
12580,27591,-78.3688467,35.7829685,16,1,17
12581,43311,-83.7618654,40.3623037,23,0,23
12582,28901,-83.82357198,35.20201007,6,0,6
12583,38544,-85.6425438,36.1545955,4,0,4
12584,07470,-74.2118056,40.9522144,530,0,530
12585,08757,-74.20264313,39.94175503,12,2,14
12586,08901,-74.4622377,40.4762957,31,0,31
12587,27030,-80.6079185,36.4987347,38,0,38
12588,64653,-93.1899129,39.8794953,5,2,7
12589,03851,-70.98352277,43.44065874,7,3,10
12590,28732,-82.49881117,35.43002236,15,0,15
12591,03819,-71.1226903,42.9149734,4,6,10
12592,03820,-70.9383536,43.2203744,12,35,47
12593,03224,-71.5595161,43.3368253,2,4,6
12594,27278,-79.0997555,36.0764819,28,0,28
12595,03752,-72.1494971,43.3024841,1,5,6
12596,54822,-91.73598899,45.41194001,3,8,11
12597,64801,-94.4590697,37.0740529,6,2,8
12598,64730,-94.3351357,38.26081555,10,0,10
12599,37840,-84.3430143,36.0458815,10,0,10
12600,54880,-92.0971333,46.721485,57,0,57
12601,53034,-88.6010039,43.3447206,1,2,3
12602,63077,-90.9811989,38.3528419,14,2,16
12603,64482,-95.51517256,40.41073302,3,0,3
12604,54020,-92.70386605,45.32200558,6,4,10
12605,64034,-94.34356319,38.85126514,12,2,14
12606,53217,-87.9176343,43.1557988,12,0,12
12607,54114,-88.0081265,45.2332885,2,0,2
12608,38562,-85.6561283,36.3487388,14,0,14
12609,37172,-86.8807733,36.507472,44,0,44
12610,65276,-92.91197393,38.87453643,1,0,1
12611,54216,-87.5224422,44.4592572,6,4,10
12612,63841,-89.9662237,36.7966264,18,0,18
12613,63134,-90.36375709,38.73272157,9,0,9
12614,64076,-93.9538325,39.0007035,10,7,17
12615,63549,-92.49188658,40.0232066,2,1,3
12616,65026,-92.5807367,38.3487657,10,0,10
12617,58201,-97.0305654,47.9221355,27,2,29
12618,07823,-75.0670851,40.8329468,5,3,8
12619,99141,-118.0576162,48.609606,4,0,4
12620,44131,-81.680176,41.3665054,17,6,23
12621,24153,-80.05783097,37.29174038,8,2,10
12622,28697,-81.16642941,36.14506098,69,14,83
12623,24016,-79.9467883,37.2711114,205,4,209
12624,64628,-93.07557534,39.78673352,11,0,11
12625,24112,-79.89182112,36.74198809,112,0,112
12626,24201,-82.1800846,36.5968783,50,3,53
12627,23875,-77.2860933,37.2226407,9,1,10
12628,63117,-90.318903,38.6281627,42,0,42
12629,84025,-111.9058304,40.9800749,100,17,117
12630,63011,-90.5919126,38.5927145,21,3,24
12631,37152,-86.7671208,36.3968306,6,0,6
12632,44089,-82.3692398,41.4217645,18,10,28
12633,03262,-71.6970906,44.032165,5,1,6
12634,45121,-83.8996512,38.8747017,25,1,26
12635,43950,-80.9604428,40.0782136,60,10,70
12636,45154,-83.9198743,39.0251742,8,4,12
12637,44122,-81.4815555,41.4626855,13,0,13
12638,44070,-81.9238694,41.4146331,55,0,55
12639,54216,-87.5055349,44.4564825,30,0,30
12640,55923,-92.1885173,43.8463643,4,1,5
12641,99122,-118.1477319,47.6559796,16,0,16
12642,44130,-81.8101498,41.3726314,31,0,31
12643,44432,-80.8281769,40.776232,22,0,22
12644,55033,-92.8515352,44.743009,30,0,30
12645,98586,-123.8106044,46.6621582,19,0,19
12646,23109,-76.3236811,37.4403398,12,2,14
12647,45365,-84.1492033,40.2716164,30,0,30
12648,37398,-86.1335273,35.1756294,34,6,40
12649,55936,-92.57186928,43.70558451,3,0,3
12650,45880,-84.727134,41.079851,1,4,5
12651,68128,-96.0610916,41.1826721,31,0,31
12652,68047,-96.70920221,42.11374431,11,3,14
12653,69350,-101.7607559,42.00017951,1,1,2
12654,68008,-96.1382809,41.5431977,17,2,19
12655,68733,-96.7262508,42.283216,2,1,3
12656,68787,-97.0195894,42.2317637,9,1,10
12657,68873,-98.45642121,41.2126054,4,0,4
12658,68622,-98.552568,41.883933,2,0,2
12659,69032,-101.0171935,40.511176,2,0,2
12660,69201,-100.5511049,42.8757382,5,0,5
12661,69337,-103.0012964,42.8271107,3,0,3
12662,74070,-95.9992676,36.3678036,18,3,21
12663,74825,-96.414541,34.8800756,3,0,3
12664,74637,-96.70345382,36.57309847,4,1,5
12665,74446,-95.3205061,35.8501664,1,0,1
12666,74363,-94.787415,36.947877,1,8,9
12667,74871,-96.5258187,34.6497473,2,2,4
12668,74352,-95.167833,36.1994238,5,3,8
12669,73160,-97.4857474,35.3385289,79,0,79
12670,73521,-99.3332215,34.6320166,13,0,13
12671,74365,-95.1566203,36.2932554,4,2,6
12672,74041,-96.0635189,35.9441333,3,0,3
12673,74728,-94.7373416,34.0292101,13,0,13
12674,55101,-93.09510087,44.94819319,10,0,10
12675,55311,-93.44265347,45.09969629,65,0,65
12676,73505,-98.43671542,34.60522762,10,4,14
12677,98507,-122.8916963,47.04147149,69,0,69
12678,29146,-81.2758777,33.4946786,2,0,2
12679,29624,-82.6494174,34.5011068,91,0,91
12680,29690,-82.4375688,34.9648649,15,0,15
12681,29709,-80.0860256,34.7361154,4,0,4
12682,29809,-81.6850362,33.4211031,6,1,7
12683,39208,-90.05269827,32.22906367,0,0,0
12684,29681,-82.2511055,34.7392089,35,0,35
12685,29669,-82.46842292,34.64465473,4,3,7
12686,29440,-79.300733,33.3808846,35,0,35
12687,29945,-80.8511722,32.6953538,7,0,7
12688,29432,-80.81680892,33.24890101,2,0,2
12689,29574,-79.2535174,34.2059755,20,0,20
12690,29045,-80.7911573,34.1705964,6,1,7
12691,29059,-80.4059117,33.31799749,7,0,7
12692,29720,-80.763692,34.7190392,35,15,50
12693,29201,-81.0309557,34.0084154,351,6,357
12694,29330,-81.8036475,35.0170642,6,0,6
12695,29693,-83.09752518,34.66527659,9,1,10
12696,29571,-79.3981614,34.1647917,24,0,24
12697,29715,-80.9437288,35.0068235,32,0,32
12698,29554,-79.4470987,33.7527226,4,0,4
12699,29108,-81.623231,34.27706223,30,0,30
12700,29325,-81.8801505,34.4770056,32,9,41
12701,29030,-80.71444041,33.55836014,1,0,1
12702,38873,-88.2323775,34.6360379,2,4,6
12703,38967,-89.7371035,33.4831572,10,0,10
12704,39069,-91.0602849,31.711357,5,4,9
12705,38849,-88.660576,34.4461516,3,7,10
12706,39654,-90.10586826,31.55169965,6,3,9
12707,39465,-89.2652754,31.3371026,29,7,36
12708,39150,-90.9842147,31.9585915,6,0,6
12709,39735,-89.1842042,33.3144505,6,2,8
12710,39440,-89.1332229,31.6872131,60,3,63
12711,38868,-88.7127616,34.1166196,4,12,16
12712,38759,-90.7258171,33.8383507,1,0,1
12713,39083,-90.3857409,31.8667976,16,0,16
12714,39530,-88.9012263,30.3975526,133,0,133
12715,39653,-90.8930973,31.4721776,0,2,2
12716,39079,-89.9075865,32.968841,4,2,6
12717,38774,-90.7676138,33.9498459,7,3,10
12718,39168,-89.4280563,31.8305756,5,1,6
12719,39332,-89.164932,32.329622,1,7,8
12720,39476,-88.9346653,31.3491401,4,3,7
12721,39577,-89.1376364,30.8562852,15,5,20
12722,39111,-89.7319314,31.8741031,13,10,23
12723,38618,-89.97618887,34.68902776,6,1,7
12724,38921,-90.0571147,34.0064045,10,1,11
12725,38843,-88.40958063,34.27204107,11,0,11
12726,18629,-76.0641677,41.5659086,0,2,2
12727,15074,-80.2820788,40.7032099,9,2,11
12728,16617,-78.33297013,40.60105967,2,4,6
12729,18840,-76.5389772,41.9728528,9,0,9
12730,19362,-76.034251,39.7419681,0,5,5
12731,19355,-75.5118206,40.0335532,4,5,9
12732,16001,-79.940458,40.8602768,21,0,21
12733,19530,-75.7760389,40.520829,11,1,12
12734,16136,-80.32465,40.8343934,2,6,8
12735,87747,-104.5968801,36.3640151,3,0,3
12736,88401,-103.7245373,35.1777777,13,0,13
12737,87901,-107.2568582,33.1297173,12,1,13
12738,87801,-106.8931956,34.05396446,20,0,20
12739,88210,-104.439874,32.84394,34,0,34
12740,87401,-108.2162144,36.7385451,129,0,129
12741,87506,-105.9730565,35.81686621,9,0,9
12742,88230,-104.3691415,33.19640316,4,0,4
12743,76084,-97.1032333,32.4327182,6,1,7
12744,78375,-98.12567298,27.35980566,4,1,5
12745,76020,-97.5184037,32.9159538,5,0,5
12746,77983,-96.71038524,28.41079326,2,0,2
12747,78666,-97.957611,29.8539855,95,0,95
12748,78163,-98.4510612,29.7467891,14,0,14
12749,77995,-97.153317,29.2860594,10,0,10
12750,78003,-99.0729461,29.7259492,5,0,5
12751,76878,-99.3239904,31.7420913,2,1,3
12752,78589,-98.1500696,26.2179098,40,3,43
12753,75656,-94.6255523,32.9979222,4,2,6
12754,76092,-97.1840676,32.9393393,48,0,48
12755,78602,-97.3301504,30.1078519,18,0,18
12756,76692,-97.32121995,31.94855337,7,0,7
12757,76262,-97.220774,33.0014162,28,2,30
12758,75205,-96.7969936,32.8456996,40,0,40
12759,75244,-96.8546083,32.924971,73,1,74
12760,77531,-95.4118092,29.0558114,8,0,8
12761,77577,-95.27656036,29.29629568,2,0,2
12762,78213,-98.5213937,29.5219776,20,2,22
12763,78015,-98.62620906,29.73057006,15,2,17
12764,78112,-98.32598,29.25876,2,0,2
12765,76266,-97.17238771,33.36249819,13,0,13
12766,76569,-97.2271248,30.9320371,4,0,4
12767,76226,-97.13263,33.0742594,3,1,4
12768,78962,-96.75751169,29.69134067,6,3,9
12769,76511,-97.4311935,30.7978102,4,0,4
12770,75755,-95.1075721,32.5825454,6,0,6
12771,76060,-97.2251087,32.6474787,19,0,19
12772,75140,-95.7087152,32.6732842,7,0,7
12773,75433,-95.83921167,33.13723911,4,0,4
12774,75835,-95.4566909,31.319456,15,1,16
12775,79720,-101.4726012,32.252773,40,0,40
12776,77471,-95.80611,29.5459175,63,0,63
12777,75051,-97.028569,32.704286,223,0,223
12778,77469,-95.7644511,29.5839217,30,0,30
12779,75148,-96.03590548,32.21025547,2,3,5
12780,75479,-96.3634626,33.59836378,1,1,2
12781,75563,-94.36608926,33.01185848,5,2,7
12782,75783,-95.4479866,32.7964318,6,0,6
12783,78573,-98.3154245,26.2822104,13,0,13
12784,75143,-96.2046004,32.3238119,5,0,5
12785,76682,-96.92494222,31.47548855,3,1,4
12786,78577,-98.1886164,26.171938,96,0,96
12787,75148,-96.0222609,32.22618128,2,1,3
12788,79065,-100.9631128,35.5356915,25,0,25
12789,78643,-98.70608,30.7495821,6,0,6
12790,29003,-81.0342177,33.29873456,13,2,15
12791,15801,-78.7378901,41.1131617,8,8,16
12792,19053,-74.9922971,40.1554247,30,0,30
12793,18929,-75.0964235,40.2485547,20,0,20
12794,19608,-76.0051884,40.3177242,28,0,28
12795,16947,-76.786639,41.7864889,3,7,10
12796,15215,-79.9247904,40.4944979,6,3,9
12797,18249,-76.0794743,41.0086277,5,0,5
12798,19608,-76.0220507,40.3249834,6,3,9
12799,17834,-76.4723886,40.7949592,1,3,4
12800,19422,-75.2847465,40.1620081,30,0,30
12801,15717,-79.2613105,40.4319682,4,4,8
12802,19540,-75.9880465,40.28653923,5,2,7
12803,15133,-79.8563925,40.3254192,1,10,11
12804,19365,-75.91731,39.9596028,10,8,18
12805,15108,-80.1639826,40.5170394,10,10,20
12806,15025,-79.9299008,40.2975157,16,0,16
12807,17859,-76.4162575,41.0780275,1,2,3
12808,19063,-75.3879369,39.920873,16,4,20
12809,19014,-75.4285586,39.8667003,18,7,25
12810,16335,-80.1563064,41.6370597,22,0,22
12811,15037,-79.8229931,40.2716331,13,0,13
12812,17872,-76.549451,40.7915565,13,0,13
12813,15622,-79.2916331,40.0186441,6,5,11
12814,15714,-78.7826403,40.6636952,4,5,9
12815,17922,-76.0977485,40.5986821,1,1,2
12816,19444,-75.2527351,40.0863643,36,0,36
12817,19015,-75.3788936,39.8689308,3,10,13
12818,17847,-76.8520216,41.0198198,9,2,11
12819,17901,-76.1713273,40.6880432,1,0,1
12820,15215,-79.9043613,40.4903941,6,3,9
12821,16858,-78.2079552,40.9529319,1,0,1
12822,15106,-80.0874901,40.3926181,4,7,11
12823,17053,-76.9387279,40.3401835,2,0,2
12824,19086,-75.3684936,39.9004133,15,2,17
12825,15865,-78.8216474,41.0505006,2,0,2
12826,19002,-75.2205589,40.1549044,14,0,14
12827,16630,-78.5886033,40.4633927,2,6,8
12828,15045,-79.8926907,40.3278084,6,5,11
12829,19543,-75.887792,40.1555286,9,2,11
12830,19526,-75.9840819,40.5564531,5,8,13
12831,19350,-75.75409244,39.80997256,11,0,11
12832,16001,-79.8974054,40.8619589,23,0,23
12833,16063,-80.1379447,40.7958264,8,0,8
12834,15052,-80.3947264,40.6528077,2,8,10
12835,19425,-75.6883098,40.0794685,10,3,13
12836,17003,-76.5172532,40.3298897,5,5,10
12837,15650,-79.3854578,40.3153171,13,0,13
12838,18101,-75.4666001,40.6038882,200,0,200
12839,18641,-75.7481309,41.3209755,6,6,12
12840,76638,-97.4436445,31.5346254,2,5,7
12841,77575,-94.77933039,30.07427304,19,6,25
12842,77539,-95.0522068,29.4626481,30,5,35
12843,79013,-102.0026315,36.046445,4,0,4
12844,76706,-97.1163928,31.4687523,18,0,18
12845,78947,-97.0105231,30.4151424,4,0,4
12846,77964,-96.94266,29.4435465,6,5,11
12847,75946,-94.4918402,31.8231334,1,0,1
12848,75633,-94.3431461,32.1562891,16,0,16
12849,75831,-96.0579886,31.4645223,8,3,11
12850,78071,-98.177879,28.4713633,4,0,4
12851,76693,-96.4623827,31.7881947,1,0,1
12852,77381,-95.4536302,30.1850806,23,1,24
12853,78374,-97.3294969,27.8778463,23,1,24
12854,79549,-100.9116924,32.71562159,16,1,17
12855,78840,-100.899552,29.36229475,65,0,65
12856,75935,-94.1664844,31.7920628,16,0,16
12857,78738,-97.9460579,30.3069871,16,0,16
12858,75789,-95.1199402,32.1441237,8,4,12
12859,77024,-95.5387972,29.7620556,33,0,33
12860,75771,-95.398465,32.491643,16,0,16
12861,77571,-95.0066895,29.6720236,6,0,6
12862,77506,-95.1960472,29.6934415,260,0,260
12863,77521,-94.963109,29.7562146,136,0,136
12864,78746,-97.7885999,30.2756766,6,0,6
12865,77473,-96.0962671,29.798785,3,0,3
12866,76430,-99.2975762,32.7242931,1,0,1
12867,78801,-99.8038015,29.2032866,37,3,40
12868,76537,-97.6203984,30.8361765,2,0,2
12869,29824,-81.9310258,33.7892835,29,0,29
12870,29512,-79.6846228,34.616888,25,0,25
12871,29541,-79.7369122,34.0529321,192,0,192
12872,29745,-81.1997033,34.9824506,157,0,157
12873,15022,-79.9083219,40.1504243,1,0,1
12874,17078,-76.5829492,40.2785891,6,0,6
12875,18103,-75.4495899,40.5648709,16,3,19
12876,18433,-75.5372835,41.5403234,1,12,13
12877,15683,-79.5846079,40.1038761,7,1,8
12878,18073,-75.4955835,40.3940235,9,0,9
12879,18707,-75.957561,41.1465383,5,0,5
12880,18635,-76.2206375,41.0541217,0,4,4
12881,18411,-75.7034281,41.4940856,5,6,11
12882,19034,-75.2013333,40.1522696,41,0,41
12883,15961,-78.91336339,40.47897244,0,4,4
12884,79830,-103.6650279,30.3588222,9,0,9
12885,79714,-102.5466171,32.32005102,16,0,16
12886,78065,-98.57464159,29.038124,6,10,16
12887,75569,-94.126669,33.4415717,8,0,8
12888,75901,-94.7267747,31.3370447,74,0,74
12889,12204,-73.7247662,42.6923246,10,4,14
12890,12047,-73.69964,42.7746176,36,0,36
12891,12009,-74.0249564,42.7027762,1,10,11
12892,13830,-75.5980587,42.441858,1,4,5
12893,13421,-75.6532335,43.0964453,24,0,24
12894,13624,-76.08441964,44.2397587,3,4,7
12895,10576,-73.56818886,41.19823213,2,19,21
12896,12832,-73.2666458,43.4022114,6,5,11
12897,14513,-77.0935601,43.0461153,16,0,16
12898,10504,-73.7132044,41.1245352,39,0,39
12899,10928,-73.9654843,41.3705382,10,7,17
12900,10941,-74.375813,41.4661642,40,1,41
12901,10924,-74.3268036,41.402227,17,3,20
12902,13035,-75.8524307,42.9296979,4,20,24
12903,13413,-75.278795,43.0548734,21,7,28
12904,12534,-73.7587902,42.2562484,0,10,10
12905,14075,-78.82466509,42.72912103,60,0,60
12906,14063,-79.3325294,42.4409272,14,6,20
12907,10980,-73.9930148,41.2270098,30,4,34
12908,10968,-73.9165024,41.0403215,8,1,9
12909,13476,-75.5383142,43.0776208,1,10,11
12910,13104,-75.9849614,43.0035544,38,0,38
12911,11050,-73.6814321,40.821542,65,0,65
12912,39556,-89.4354042,30.4241849,46,2,48
12913,39216,-90.1623271,32.3279447,594,0,594
12914,39150,-90.9844689,31.9624838,12,0,12
12915,39114,-89.8702267,31.9635334,15,0,15
12916,39654,-90.10751942,31.53633127,10,3,13
12917,38829,-88.5348252,34.6587661,14,4,18
12918,16648,-78.3927567,40.4303167,7,17,24
12919,16652,-78.0080222,40.4852797,6,12,18
12920,17801,-76.7947941,40.8616997,8,2,10
12921,18626,-76.4934725,41.4236912,2,7,9
12922,15213,-79.9606395,40.4386713,73,0,73
12923,17201,-77.66071905,39.93762987,15,3,18
12924,16057,-80.0474206,41.0586187,16,0,16
12925,97814,-117.8486786,44.7920749,11,2,13
12926,97401,-123.0904601,44.0512897,172,0,172
12927,97630,-120.3452121,42.1890154,7,0,7
12928,97850,-118.0947696,45.32186944,10,10,20
12929,97526,-123.3253777,42.44284474,57,0,57
12930,97031,-121.5652496,45.70850942,10,0,10
12931,76513,-97.4645578,31.056236,88,0,88
12932,75751,-95.8588654,32.1962481,5,0,5
12934,76108,-97.4594728,32.7579458,1,0,1
12936,75154,-96.80143455,32.50014484,6,1,7
12937,77511,-95.2261823,29.3931701,1,10,11
12938,75452,-96.24080786,33.38883902,1,0,1
12940,78834,-99.82215681,28.52460048,13,0,13
12941,78751,-97.712664,30.3176242,290,0,290
12942,78249,-98.6191697,29.5834763,45,0,45
12943,75150,-96.65939989,32.81564561,9,0,9
12944,75211,-96.9040535,32.7266549,11,3,14
12945,76442,-98.6006079,31.9115294,10,1,11
12946,78624,-98.8489522,30.2509636,19,5,24
12947,75006,-96.8873704,32.9765484,5,0,5
12948,79373,-101.7844514,33.1670351,7,1,8
12950,75503,-94.0682606,33.4551083,7,8,15
12951,77505,-95.11469999,29.66002643,20,16,36
12952,75601,-94.746527,32.4952033,165,5,170
12953,75670,-94.36964102,32.54778016,1,0,1
12954,77901,-97.0085065,28.8002798,95,37,132
12955,75979,-94.4145589,30.7817898,16,3,19
12956,79778,-101.9373961,31.22716071,11,6,17
12957,78611,-98.2128256,30.7576841,52,25,77
12958,79059,-100.6380426,35.6909709,5,0,5
12959,79014,-100.3829243,35.9129388,10,0,10
12960,78401,-97.4003275,27.7949446,60,0,60
12961,77830,-95.9927898,30.4900869,24,0,24
12962,79322,-101.2403708,33.65848032,5,2,7
12963,75964,-94.6805239,31.6122216,45,3,48
12964,76424,-98.90435654,32.75587074,6,2,8
12965,77864,-95.8922696,30.9626834,10,0,10
12966,77002,-95.3561319,29.7635638,2558,1,2559
12967,02885,-71.2811339,41.7290829,22,0,22
12968,02893,-71.5227418,41.7067828,56,0,56
12969,02807,-71.57083741,41.17701124,4,6,10
12970,02816,-71.5622336,41.6909659,58,0,58
12971,02865,-71.4428738,41.9303861,36,0,36
12972,02860,-71.3821744,41.8788507,153,0,153
12973,02833,-71.76985369,41.46073165,16,0,16
12974,12883,-73.42399699,43.85170666,7,3,10
12975,10541,-73.7235505,41.3774382,35,0,35
12976,10512,-73.671153,41.4784029,21,0,21
12977,13753,-74.9176993,42.2784672,4,7,11
12978,13901,-75.9119645,42.0967907,139,0,139
12979,11937,-72.18308,40.9693354,25,0,25
12980,11743,-73.4531747,40.8941743,13,0,13
12981,11963,-72.2947943,41.00099857,13,3,16
12982,12701,-74.681766,41.654329,24,0,24
12983,13073,-76.36724,42.5905398,1,13,14
12984,13492,-75.29475233,43.12383514,8,3,11
12985,13340,-75.0727122,43.0389457,2,17,19
12986,12051,-73.8075056,42.3560289,1,16,17
12987,14892,-76.528983,42.007796,10,5,15
12988,10707,-73.82665022,40.95048816,26,0,26
12989,14510,-77.8727746,42.7240763,6,11,17
12990,39560,-89.161255,30.3488568,31,8,39
12991,39657,-90.46986759,31.00627255,1,2,3
12992,15401,-79.7230979,39.9016475,5,0,5
12993,15219,-79.996408,40.438784,151,0,151
12994,17519,-76.0307451,40.1175734,7,1,8
12995,15909,-78.8623257,40.388454,0,9,9
12996,16922,-77.6411204,41.7320314,2,2,4
12997,97301,-123.0360393,44.93994174,255,2,257
12998,88267,-103.3135669,33.25674136,3,0,3
12999,75160,-96.2800099,32.7625967,4,0,4
13000,78072,-98.54772407,28.46152949,3,0,3
13001,79363,-101.9932978,33.6930638,1,0,1
13003,79356,-101.3742885,33.19880429,7,0,7
13004,76430,-99.2961014,32.7230658,5,2,7
13005,79745,-103.0891966,31.8413623,10,0,10
13006,77488,-96.0977585,29.3087436,40,6,46
13007,79766,-102.3593689,31.8207437,89,0,89
13008,75935,-94.18487439,31.79106951,15,0,15
13009,76205,-97.1131414,33.2137388,223,0,223
13010,77964,-96.954914,29.4309325,12,3,15
13011,75840,-96.1597114,31.7260208,16,0,16
13012,78945,-96.8800812,29.9242123,19,0,19
13014,78644,-97.6541167,29.8759517,27,0,27
13015,78582,-98.81879,26.3834906,31,0,31
13016,79504,-99.39398455,32.39520997,5,1,6
13017,77963,-97.3846929,28.6652037,11,6,17
13019,76951,-100.9881592,31.83582083,4,0,4
13020,78839,-99.8269008,28.6794908,10,0,10
13021,75972,-94.11057508,31.53322271,5,0,5
13022,76063,-97.1173391,32.5542695,15,0,15
13023,76903,-100.4306132,31.4632172,8,0,8
13024,76825,-99.3371232,31.1357682,6,1,7
13028,76645,-97.1440524,32.0052701,28,0,28
13029,78387,-97.5099781,28.0393888,42,0,42
13030,79084,-102.070183,36.3382151,5,0,5
13031,77514,-94.68516174,29.77013455,44,0,44
13032,77320,-95.5708855,30.7380006,33,0,33
13033,79201,-100.19359,34.422907,5,0,5
13034,79229,-100.8353566,33.62208162,2,1,3
13035,79938,-106.2591591,31.8113212,248,0,248
13036,10512,-73.6764563,41.4252575,81,0,81
13037,12095,-74.3507084,43.0181539,30,14,44
13038,14891,-76.8708272,42.3769407,16,5,21
13039,14757,-79.5038156,42.2544771,73,49,122
13040,13326,-74.94986463,42.65247814,19,4,23
13041,11554,-73.5533264,40.7312273,49,0,49
13042,12157,-74.3087205,42.6723037,16,9,25
13043,12226,-73.8186756,42.6834042,4847,0,4847
13044,13350,-74.988896,43.0290595,42,32,74
13045,12108,-74.41216306,43.47046841,6,0,6
13046,29461,-80.00652533,33.19908634,134,0,134
13047,29810,-81.2860163,32.9895234,11,2,13
13048,15853,-78.729608,41.421527,5,9,14
13049,15522,-78.5039862,40.0172064,9,5,14
13050,18657,-75.9480421,41.5401555,4,2,6
13051,15666,-79.54616678,40.14988719,3,12,15
13052,17901,-76.1988344,40.6877363,12,0,12
13053,97463,-122.4574812,43.74853001,6,6,12
13054,97051,-122.8102496,45.86055855,20,0,20
13055,88101,-103.2082751,34.4012534,53,1,54
13056,88231,-103.1715027,32.4418135,8,0,8
13057,88061,-108.2806966,32.7707297,39,0,39
13058,88401,-103.7280472,35.1765089,8,0,8
13059,78207,-98.50554213,29.42256914,8,0,8
13060,29817,-81.2696767,33.3574291,7,0,7
13061,18708,-75.9314833,41.3274481,10,0,10
13062,18013,-75.2128715,40.8782541,2,4,6
13063,17976,-76.2028551,40.8234294,7,0,7
13064,17268,-77.5567712,39.7433914,16,1,17
13065,15022,-79.8968916,40.1370191,6,9,15
13066,19428,-75.3233233,40.0673421,13,4,17
13067,15922,-78.8701627,40.5205985,0,2,2
13068,15227,-79.9758652,40.3731452,15,0,15
13069,19067,-74.8436799,40.2248238,36,0,36
13070,17512,-76.5021784,40.0319007,18,4,22
13071,97071,-122.8432055,45.15086674,32,0,32
13072,97420,-124.2174426,43.3680092,24,0,24
13073,97123,-122.9732895,45.5208367,123,0,123
13074,97850,-118.0947796,45.32151096,17,0,17
13075,97132,-122.97566,45.2988821,32,0,32
13076,97875,-119.2180777,45.78115709,4,0,4
13077,78593,-97.8245791,26.2536628,3,0,3
13078,79336,-102.3657249,33.5777398,6,0,6
13079,75603,-94.7191032,32.3868908,9,0,9
13080,10533,-73.8678756,41.0394648,21,0,21
13081,76240,-97.1468392,33.6419539,1,0,1
13083,10577,-73.702409,41.0481962,26,0,26
13084,10007,-74.01221683,40.71745349,49,0,49
13085,19601,-75.9214959,40.3371618,203,0,203
13086,75432,-95.6898646,33.3748859,9,0,9
13087,14813,-78.0165548,42.2126764,27,0,27
13088,44503,-80.6548234,41.1042335,297,0,297
13089,82834,-106.7081638,44.34796146,13,0,13
13090,58054,-97.68123803,46.4416516,3,0,3
13091,99159,-118.6889385,47.3334971,1,1,2
13092,45327,-84.3735985,39.6259153,11,6,17
13093,44451,-80.85075113,41.0997804,5,7,12
13094,56019,-94.9039718,44.1096772,1,2,3
13095,43302,-83.1081294,40.614625,29,4,33
13096,43229,-82.96565207,40.05831415,88,0,88
13097,44084,-80.83897147,41.65611907,2,4,6
13098,55912,-92.9739516,43.6677894,22,0,22
13099,55904,-92.46034804,44.01989198,60,0,60
13100,45807,-84.20615662,40.78885399,2,3,5
13101,84312,-112.1621676,41.7417738,4,0,4
13102,03748,-72.1440717,43.6431025,7,3,10
13103,43502,-84.3020252,41.5284702,8,3,11
13104,57501,-100.3081456,44.3578626,25,0,25
13105,74337,-95.3403509,36.1854074,8,0,8
13106,07626,-73.9596919,40.9416711,19,0,19
13107,07652,-74.0681809,40.9255882,93,0,93
13108,07722,-74.1914552,40.2954359,22,0,22
13109,08730,-74.058751,40.1111794,15,3,18
13110,08215,-74.64291563,39.53571675,15,0,15
13111,08010,-74.9178779,40.0460846,14,1,15
13112,07463,-74.1183979,41.0111923,17,0,17
13113,03582,-71.51025966,44.59955095,3,10,13
13114,07648,-73.9494915,40.9941689,14,0,14
13115,08341,-74.94870852,39.52183756,10,0,10
13116,38555,-85.02831683,35.94669918,41,0,41
13117,37015,-87.0627506,36.2748951,14,0,14
13118,37769,-84.1569433,36.2199167,7,0,7
13119,37745,-82.83820376,36.33315611,2,2,4
13120,37745,-82.8281802,36.1638072,45,30,75
13121,37356,-85.8348433,35.2406493,5,1,6
13122,38556,-84.931887,36.4259011,9,0,9
13123,27948,-75.6645505,36.01133707,25,0,25
13124,24301,-80.7809472,37.0468449,28,0,28
13125,23920,-78.03201998,36.70631031,1,1,2
13126,24319,-81.68028255,36.80037481,6,0,6
13127,24523,-79.50538729,37.31151923,77,2,79
13128,84088,-111.9393727,40.60514269,102,0,102
13129,59635,-111.915252,46.5897751,4,6,10
13130,58220,-97.6257557,48.7907846,8,3,11
13131,24614,-82.0992623,37.2777754,31,0,31
13132,03855,-71.1639099,43.4346971,5,3,8
13133,22701,-77.985053,38.479201,41,0,41
13134,23220,-77.4445121,37.54622,752,0,752
13135,99362,-118.3434792,46.07313255,45,0,45
13136,24293,-82.550317,36.967762,46,0,46
13137,08826,-74.8915656,40.7173015,9,1,10
13138,24201,-82.1814147,36.5986867,54,0,54
13139,22601,-78.16105968,39.1849704,74,1,75
13140,55443,-93.3497282,45.1098845,94,0,94
13141,44847,-82.6950845,41.2439261,4,4,8
13142,45732,-82.0834904,39.4963096,3,0,3
13143,56265,-95.7142068,44.9511911,8,6,14
13144,24370,-81.76436964,36.87889134,7,0,7
13145,58653,-103.1451986,46.14791115,1,0,1
13146,55118,-93.147521,44.8852492,18,1,19
13147,24179,-79.8987299,37.2786721,24,4,28
13148,56442,-94.1133633,46.6897662,5,5,10
13149,54601,-91.2138369,43.7836053,2,1,3
13150,24141,-80.5821052,37.13145208,34,0,34
13151,24260,-81.97456363,37.01467843,4,1,5
13152,38012,-89.2627887,35.5950041,14,0,14
13153,43724,-81.5172412,39.7452913,2,0,2
13154,26836,-78.9677212,39.0642834,6,2,8
13155,25882,-81.38051724,37.58487939,5,1,6
13156,63334,-91.19333978,39.34265527,9,7,16
13157,65775,-91.86923466,36.74290035,26,41,67
13158,26031,-80.73387814,40.01877487,6,3,9
13159,69337,-103.0005645,42.8343451,14,0,14
13160,24256,-82.29477126,37.20653331,2,0,2
13161,45806,-84.1418973,40.6873306,5,3,8
13162,37820,-83.5551298,36.1058758,4,1,5
13163,45251,-84.6102016,39.2454467,34,0,34
13164,58623,-103.395984,46.18105994,3,0,3
13165,43326,-83.6085333,40.6469381,16,3,19
13166,84780,-113.5102375,37.1313021,18,0,18
13167,82930,-110.9667258,41.2697915,27,0,27
13168,65082,-92.4623842,38.2406199,16,0,16
13169,84123,-111.9060823,40.6562279,7,0,7
13170,45383,-84.3250368,39.953139,8,2,10
13171,45426,-84.2932497,39.7983226,42,0,42
13172,25526,-82.01104471,38.43475555,16,0,16
13173,65583,-92.20129244,37.82912017,17,3,20
13174,25411,-78.22709338,39.62994693,3,3,6
13175,08045,-75.0338232,39.8678465,8,3,11
13176,65661,-93.83933287,37.4152736,3,1,4
13177,08848,-75.1273349,40.5960342,6,0,6
13178,98569,-124.1612214,47.00106997,14,0,14
13179,08075,-74.94066068,40.04844154,9,2,11
13180,43913,-80.61928897,40.27181912,4,7,11
13181,08077,-74.9954549,39.997419,32,0,32
13182,99004,-117.5779618,47.4872181,14,0,14
13183,08089,-74.8749807,39.7315999,10,0,10
13184,24422,-79.823747,37.8156854,10,0,10
13185,08060,-74.8364274,40.0081137,22,2,24
13186,22963,-78.2767074,37.8650502,26,4,30
13187,45887,-84.3546415,40.7071675,4,5,9
13188,37771,-84.26075032,35.79165113,23,3,26
13189,44112,-81.5819077,41.5299863,54,9,63
13190,37329,-84.48791567,35.42590428,5,0,5
13191,65622,-93.09043579,37.64301735,14,0,14
13192,23350,-75.8224162,37.5309652,8,0,8
13193,23605,-76.44994098,37.02974467,415,0,415
13194,45167,-83.83847454,38.73054294,5,4,9
13195,20110,-77.4646787,38.7480905,91,0,91
13196,28109,-80.2850277,35.4854842,5,3,8
13197,45227,-84.37315706,39.14439174,10,0,10
13198,43903,-80.9240945,40.472,0,13,13
13199,44138,-81.9222955,41.3827367,16,4,20
13200,44124,-81.48091952,41.4778853,20,0,20
13201,08816,-74.4190167,40.4171866,92,20,112
13202,43554,-84.5532253,41.67843003,4,8,12
13203,82334,-107.1145502,41.77923967,1,4,5
13204,45883,-84.6407417,40.4197643,2,2,4
13205,37322,-84.78969593,35.5181848,5,0,5
13206,65610,-93.5527801,37.0671366,4,0,4
13207,82410,-108.0385275,44.3796414,4,2,6
13208,38375,-88.5913339,35.171186,18,0,18
13209,59327,-106.673414,46.2661706,14,0,14
13210,82070,-105.5906605,41.2932779,49,0,49
13211,84401,-111.9752455,41.2275875,137,0,137
13212,84087,-111.9016707,40.87436139,11,0,11
13213,45039,-84.2200575,39.3214875,16,4,20
13214,08852,-74.5344063,40.3828068,81,0,81
13215,44321,-81.6471958,41.1003093,20,4,24
13216,26547,-79.80019484,39.50795096,1,0,1
13217,59601,-112.0369377,46.58633074,50,0,50
13218,43068,-82.8057003,39.9563037,54,0,54
13219,03446,-72.2885268,42.8797382,12,1,13
13220,26571,-80.2493259,39.5128406,1,0,1
13221,26570,-80.24864335,39.5928295,0,2,2
13222,08312,-75.0909452,39.6568391,17,0,17
13223,45036,-84.198608,39.4264238,97,0,97
13224,44286,-81.6473109,41.2387375,17,5,22
13225,59840,-114.1575759,46.244599,29,0,29
13226,07926,-74.5694038,40.79361167,15,0,15
13227,59047,-110.555589,45.6634219,14,0,14
13228,43055,-82.4039561,40.0556428,81,0,81
13229,89419,-118.4762279,40.1793018,12,0,12
13230,43025,-82.5040504,39.960152,7,1,8
13231,07930,-74.6874181,40.7870801,8,0,8
13232,38260,-89.1641268,36.3382665,4,4,8
13233,44054,-82.1068298,41.4602197,13,4,17
13234,28379,-79.7728282,34.9373954,52,8,60
13235,63084,-91.0058266,38.4442668,21,0,21
13236,84335,-111.8332895,41.83711826,8,4,12
13237,43147,-82.7923251,39.9098226,26,0,26
13238,27325,-79.586739,35.434036,5,3,8
13239,98932,-120.1947156,46.3426525,6,1,7
13240,28645,-81.57082743,35.89150359,76,6,82
13241,27856,-77.96791427,35.97619103,75,13,88
13242,25541,-82.10580323,38.4297843,6,2,8
13243,55381,-94.19798117,44.90347164,2,5,7
13244,44224,-81.4579769,41.1509352,8,4,12
13245,28170,-80.07586424,34.96704521,30,0,30
13246,38233,-89.0129642,36.2035161,5,3,8
13247,05354,-72.521812,42.7798862,3,2,5
13248,64454,-94.600377,39.6129774,3,0,3
13249,53128,-88.33062885,42.49812435,5,5,10
13250,64836,-94.31334518,37.17585351,27,0,27
13251,03033,-71.6631456,42.7332632,6,2,8
13252,37334,-86.5523154,35.1591118,24,0,24
13253,64089,-94.5815887,39.3868703,15,3,18
13254,03070,-71.70554927,42.97287615,8,0,8
13255,64801,-94.51115465,37.08903764,92,5,97
13256,44614,-81.5867501,40.8859885,9,4,13
13257,63624,-90.62857695,37.76715396,3,6,9
13258,28681,-81.1737198,35.9222873,11,10,21
13259,57028,-96.5943939,44.0487054,4,0,4
13260,54963,-88.7450324,44.0383873,6,6,12
13261,03082,-71.7841572,42.8791087,1,5,6
13262,03037,-71.23865804,43.13144823,8,3,11
13263,05602,-72.5747752,44.2591611,16,1,17
13264,89434,-119.7100724,39.5415159,112,0,112
13265,07419,-74.58643408,41.14114474,19,0,19
13266,28571,-76.6949509,35.0288069,2,0,2
13267,03833,-70.9451588,42.9315538,4,6,10
13268,43071,-82.4183082,40.1704294,1,7,8
13269,03046,-71.6140618,43.1020009,3,5,8
13270,84062,-111.7393662,40.3628376,25,0,25
13271,38570,-85.3265888,36.3930445,15,0,15
13272,27502,-78.8521278,35.7317795,55,2,57
13273,43130,-82.5984278,39.7139677,103,0,103
13274,03263,-71.326323,43.3035565,8,9,17
13275,08731,-74.2073008,39.8606832,46,1,47
13276,03077,-71.1964882,43.0294529,17,3,20
13277,05495,-73.0723816,44.4380641,13,2,15
13278,03603,-72.42507662,43.24116598,5,12,17
13279,05855,-72.21075885,44.93548441,10,5,15
13280,38019,-89.6505768,35.5433829,80,0,80
13281,64133,-94.4630274,39.0168285,51,0,51
13282,58436,-98.5237283,46.0039688,4,0,4
13283,44646,-81.4858472,40.861502,40,9,49
13284,37804,-83.9585412,35.7539762,176,0,176
13285,38375,-88.5964865,35.1509756,11,1,12
13286,37683,-81.7991545,36.4668415,17,0,17
13287,53035,-88.534308,43.4028461,1,4,5
13288,37110,-85.7518328,35.696317,40,0,40
13289,53711,-89.42419583,43.00236431,40,0,40
13290,54871,-91.925931,45.7432972,3,4,7
13291,63901,-90.391238,36.7577231,43,1,44
13292,53576,-89.25574645,42.6286884,2,4,6
13293,53403,-87.78979872,42.72487755,195,0,195
13294,53185,-88.1706189,42.8056575,0,24,24
13295,54859,-91.8203126,46.0999992,2,0,2
13296,54411,-90.07605154,45.03437056,1,4,5
13297,38555,-85.0240964,35.9414752,46,31,77
13298,89502,-119.7810359,39.4886614,362,0,362
13299,54455,-89.66031419,44.8248564,6,4,10
13300,37087,-86.2889264,36.2129404,202,7,209
13301,38462,-87.5414695,35.5538408,14,4,18
13302,53508,-89.5327717,42.8598951,5,6,11
13303,38079,-89.48412252,36.37755875,8,0,8
13304,65049,-92.63523853,38.19860567,11,4,15
13305,44256,-81.8653128,41.1403587,37,1,38
13306,45013,-84.6232719,39.3404013,2,8,10
13307,23336,-75.3607745,37.9361966,10,0,10
13308,64850,-94.37068855,36.87097535,26,0,26
13309,05404,-73.1874906,44.4915927,16,5,21
13310,63401,-91.3621275,39.7066789,34,0,34
13311,44275,-82.1236251,41.1007453,1,9,10
13312,64151,-94.6339609,39.2275123,1,11,12
13313,64079,-94.7802285,39.3665683,11,6,17
13314,63385,-90.8682814,38.8228574,56,0,56
13315,65270,-92.4371534,39.4209708,32,0,32
13316,45828,-84.6313338,40.4795055,6,3,9
13317,65078,-92.99051414,38.44105109,3,4,7
13318,84050,-111.678548,41.0361487,12,0,12
13319,63877,-89.82964771,36.08361179,5,0,5
13320,84759,-112.4520729,37.8284758,6,5,11
13321,84087,-111.9013826,40.89554595,10,0,10
13322,44429,-80.95576494,41.09974564,1,14,15
13323,43025,-82.5340231,39.9655011,2,0,2
13324,07931,-74.6381617,40.6848825,6,0,6
13325,84078,-109.5259728,40.45631062,22,0,22
13326,43950,-80.916847,40.054115,2,3,5
13327,54724,-91.48803374,45.10124149,7,1,8
13328,43701,-82.0083481,39.9382564,53,0,53
13329,43438,-82.7105242,41.5947976,0,8,8
13330,24151,-79.8884073,36.9954281,78,7,85
13331,23860,-77.2868625,37.3035792,8,4,12
13332,63125,-90.28935446,38.54266563,4,10,14
13333,63121,-90.29138494,38.70025262,4,4,8
13334,07950,-74.47959718,40.826016,17,0,17
13335,63044,-90.4080651,38.7557952,53,0,53
13336,63144,-90.3365225,38.6210457,27,0,27
13337,03580,-71.734178,44.2201958,3,3,6
13338,63114,-90.3520702,38.7112551,24,0,24
13339,63135,-90.3166443,38.7646134,6,5,11
13340,63119,-90.3565036,38.5922076,46,0,46
13341,63122,-90.38569544,38.6036355,7,0,7
13342,63143,-90.325879,38.6132111,30,0,30
13343,84713,-112.6524897,38.24329354,15,3,18
13344,65483,-91.956821,37.32268,6,0,6
13345,43616,-83.4203106,41.6515047,45,0,45
13346,24558,-78.92937375,36.76572407,29,2,31
13347,54615,-90.8499145,44.2937039,7,2,9
13348,56379,-94.1668911,45.5907104,13,0,13
13349,56511,-95.9815192,46.8618557,1,0,1
13350,23834,-77.409747,37.242757,7,4,11
13351,43783,-82.2997965,39.8073801,2,2,4
13352,24521,-79.04977386,37.58533964,38,0,38
13353,44854,-82.8526773,40.9621175,2,5,7
13354,84648,-111.8356187,39.71085233,9,9,18
13355,54652,-90.7590965,43.4498515,1,0,1
13356,54736,-91.96714316,44.62231803,7,1,8
13357,43443,-83.4857476,41.4507424,1,3,4
13358,53014,-88.1685534,44.0299762,24,0,24
13359,45069,-84.4478751,39.3325588,90,0,90
13360,54466,-90.1284306,44.4397011,1,3,4
13361,54469,-89.8604043,44.3425008,3,4,7
13362,44601,-81.0985826,40.9212348,40,5,45
13363,55372,-93.4264551,44.7149787,23,0,23
13364,44503,-80.6515273,41.1000913,182,0,182
13365,44618,-81.6899138,40.7983134,2,10,12
13366,53140,-87.8241831,42.5855872,192,0,192
13367,56472,-94.3075017,46.603714,6,3,9
13368,43212,-83.044719,39.9783127,19,0,19
13369,05753,-73.1635491,44.0114973,9,8,17
13370,44047,-80.7650067,41.7380323,5,16,21
13371,43447,-83.4839345,41.557849,14,6,20
13372,43920,-80.5805542,40.6202287,19,0,19
13373,44870,-82.658358,41.4037779,16,7,23
13374,43015,-83.0653234,40.3010553,49,0,49
13375,23841,-77.58694485,37.07657267,39,0,39
13376,44408,-80.6948592,40.8877676,12,4,16
13377,44022,-81.40727704,41.49190689,11,3,14
13378,23086,-77.0102729,37.6867516,21,3,24
13379,22902,-78.4776746,38.0318839,19,4,23
13380,44107,-81.7774333,41.4849346,94,2,96
13381,82601,-106.3262168,42.85147518,90,0,90
13382,98595,-124.1036735,46.89054219,7,0,7
13383,07090,-74.34304962,40.65048548,74,0,74
13384,07928,-74.42857324,40.73807363,23,0,23
13385,98823,-119.5537188,47.3219555,86,0,86
13386,26101,-81.56351897,39.26292639,40,0,40
13387,58251,-97.62410176,47.90554947,2,1,3
13388,25601,-81.99129227,37.84691693,20,0,20
13389,28337,-78.48606919,34.6329325,6,4,10
13390,22645,-78.27853456,39.02761071,2,3,5
13391,54728,-91.6502355,45.3151382,5,4,9
13392,58482,-99.91620087,46.85445996,1,1,2
13393,63857,-90.0443695,36.2490822,9,0,9
13394,26554,-80.14015932,39.48691671,32,0,32
13395,07856,-74.63643094,40.92802745,14,0,14
13396,58278,-97.1093092,47.77597649,1,0,1
13397,38017,-89.66705679,35.04263046,99,0,99
13398,08861,-74.26375387,40.50897821,108,0,108
13399,37876,-83.39530695,35.75854083,2,3,5
13400,43351,-83.283378,40.828477,13,8,21
13401,44811,-82.8698647,41.2800263,12,2,14
13402,54725,-92.03913746,45.04476245,2,0,2
13403,53520,-89.3790482,42.6193935,8,3,11
13404,05452,-73.1049533,44.4938369,25,3,28
13405,84337,-112.1665865,41.71062165,10,1,11
13406,63601,-90.52251239,37.85182579,13,6,19
13407,28530,-77.43920854,35.37413301,9,0,9
13408,44683,-81.3429669,40.39084,8,4,12
13409,45662,-82.93478453,38.75247309,8,1,9
13410,65669,-93.28251628,36.93272475,2,0,2
13411,28773,-82.34827788,35.23629198,3,7,10
13412,64097,-93.98293935,39.13476812,0,5,5
13413,65014,-91.634954,38.30405898,1,0,1
13414,27521,-78.67202438,35.40809109,5,9,14
13415,27870,-77.6576359,36.45452476,38,0,38
13416,28129,-80.32522439,35.22299637,5,7,12
13417,28777,-82.07211131,35.90954684,11,2,13
13418,64079,-94.79243673,39.37737269,1,2,3
13419,53185,-88.20570512,42.76790147,6,15,21
13420,98596,-122.9370318,46.4923236,2,6,8
13421,82941,-109.8606662,42.8660052,55,0,55
13422,26354,-80.02261825,39.3412758,7,0,7
13423,27569,-78.163809,35.46961485,4,7,11
13424,98075,-122.0367092,47.60144758,20,0,20
13425,53184,-88.59991079,42.53258848,6,5,11
13426,58072,-98.00124497,46.92462402,13,0,13
13427,37779,-83.7859824,36.1855339,2,0,2
13428,43557,-84.4139498,41.5054092,2,12,14
13429,99349,-119.9000042,46.73821848,3,0,3
13430,07746,-74.26606763,40.3278856,71,0,71
13431,59829,-114.1777784,46.0206442,2,0,2
13432,65767,-93.16567422,37.8426574,1,3,4
13433,38563,-85.9372834,36.173208,5,0,5
13434,28622,-81.98147972,36.15695207,1,2,3
13435,37650,-82.41616649,36.14520476,21,2,23
13436,07753,-74.03019074,40.19814479,16,1,17
13437,43543,-84.6103758,41.5848979,9,0,9
13438,45122,-84.15954095,39.23078919,12,2,14
13439,45103,-84.175578,39.0752447,4,5,9
13440,45169,-83.6367348,39.4897083,5,0,5
13441,28604,-81.7992628,36.1558001,5,2,7
13442,99173,-117.7443651,48.05711637,1,1,2
13443,54729,-91.3956494,44.9347571,24,0,24
13444,07004,-74.2907692,40.8790746,42,0,42
13445,63645,-90.2947379,37.5610945,8,1,9
13446,63640,-90.4377625,37.7640649,69,1,70
13447,53015,-87.75106078,43.91424516,2,1,3
13448,98934,-120.4179577,46.9845827,2,1,3
13449,64093,-93.7349575,38.7602312,18,2,20
13450,03241,-71.8553226,43.7451856,1,3,4
13451,07009,-74.22885384,40.85150381,32,0,32
13452,63461,-91.5165613,39.7844282,18,0,18
13453,54872,-92.3664952,45.8224614,17,0,17
13454,08873,-74.52544077,40.49926533,125,0,125
13455,59270,-104.1589438,47.71629792,10,0,10
13456,27944,-76.46565958,36.18893824,11,2,13
13457,24801,-81.5836041,37.4322619,7,0,7
13458,55014,-93.1387235,45.1526339,17,0,17
13459,65018,-92.56601798,38.63710395,6,18,24
13460,24892,-81.67363356,37.3345317,1,5,6
13461,45320,-84.6445456,39.7608767,17,8,25
13462,65616,-93.2177515,36.6412798,44,0,44
13463,45356,-84.2411976,40.1470895,32,0,32
13464,43528,-83.7090435,41.6186532,9,3,12
13465,64854,-94.48808162,36.54464098,3,3,6
13466,44405,-80.5946822,41.0751532,13,7,20
13467,28721,-82.91145772,35.53256689,4,0,4
13468,25670,-82.18476288,37.70552942,3,2,5
13469,98537,-123.7703277,46.95468383,3,0,3
13470,45806,-84.1447031,40.6545598,3,10,13
13471,26047,-80.60830328,40.49907417,27,0,27
13472,53012,-88.00340998,43.29120469,20,0,20
13473,53147,-88.48694043,42.61914508,6,5,11
13474,53502,-89.43890953,42.70984484,3,5,8
13475,56401,-94.20586486,46.35632894,39,5,44
13476,64755,-94.30112143,37.3363656,1,1,2
13477,54814,-90.8150655,46.8091141,3,4,7
13478,54546,-90.66023982,46.32691817,2,3,5
13479,28746,-82.23210219,35.43550856,10,12,22
13480,25015,-81.5357945,38.2300592,4,1,5
13481,45424,-84.1284216,39.7936314,34,2,36
13482,64644,-93.99898087,39.74100179,3,11,14
13483,27101,-80.2465911,36.0972989,217,11,228
13484,63363,-91.4478491,38.9090585,2,0,2
13485,65704,-92.5829494,37.1071353,4,0,4
13486,63957,-90.69542651,37.15547306,6,2,8
13487,64863,-94.6111356,36.5135079,4,2,6
13488,43103,-82.9887013,39.7167395,3,2,5
13489,05091,-72.50536156,43.63020456,0,9,9
13490,27589,-78.1547304,36.39750538,5,6,11
13491,45661,-83.0164321,39.0666996,2,5,7
13492,28713,-83.44472299,35.42727763,7,0,7
13493,57313,-98.34418109,43.31840749,2,0,2
13494,43160,-83.4401667,39.5367759,22,7,29
13495,54166,-88.61019035,44.78539453,39,7,46
13496,44086,-81.0512324,41.6884194,1,4,5
13497,45001,-84.7147576,39.1389749,1,7,8
13498,57456,-98.93900967,45.72225075,1,0,1
13499,25265,-81.97495025,38.98687,4,0,4
13500,65550,-91.90295541,37.91425168,1,1,2
13501,44147,-81.68081734,41.30661076,30,0,30
13502,05661,-72.60002758,44.5612798,11,0,11
13503,26170,-81.20519283,39.39127751,4,2,6
13504,08876,-74.61265516,40.56755745,32,0,32
13505,45241,-84.4139194,39.265511,35,0,35
13506,07662,-74.0784722,40.9123384,20,0,20
13507,24563,-79.30395,37.101921,2,1,3
13508,44022,-81.4442515,41.4358908,14,4,18
13509,58761,-101.5088744,48.76385978,5,0,5
13510,43756,-81.8536733,39.6491467,4,0,4
13511,27565,-78.58715155,36.31427121,31,0,31
13512,28012,-81.03404155,35.24530159,32,0,32
13513,27573,-78.9846075,36.39489315,32,0,32
13514,45324,-84.0230023,39.8268739,43,0,43
13515,28390,-78.9842917,35.1700145,22,0,22
13516,43764,-82.20695278,39.71337681,8,5,13
13517,07080,-74.416378,40.5840964,56,0,56
13518,45241,-84.4192735,39.2566481,19,0,19
13519,08732,-74.1369119,39.9409456,4,4,8
13520,43452,-82.9102486,41.5134222,13,4,17
13521,43793,-81.116621,39.7632438,16,1,17
13522,55802,-92.1067212,46.7835621,105,0,105
13523,56312,-95.00460576,45.45326257,2,1,3
13524,55792,-92.5363222,47.5224589,20,0,20
13525,57059,-97.719747,43.1488141,1,0,1
13526,57730,-103.6009527,43.76514889,12,1,13
13527,56726,-96.1828043,48.7013773,1,0,1
13528,57006,-96.79395314,44.30865816,12,4,16
13529,57369,-98.84507506,43.38784292,2,1,3
13530,56267,-95.9093996,45.587678,6,3,9
13531,57523,-99.2917441,43.1818643,1,0,1
13532,56361,-95.3295679,46.1535917,2,4,6
13533,56572,-96.08320544,46.57449528,4,4,8
13534,55746,-92.9264378,47.4287962,31,0,31
13535,57567,-101.6665659,44.03886236,2,1,3
13536,56751,-95.766413,48.83969829,13,3,16
13537,56137,-95.3193284,43.7938025,1,1,2
13538,53132,-88.0307749,42.8953588,56,0,56
13539,54720,-91.4406063,44.8075761,12,2,14
13540,55391,-93.5123971,44.9710358,10,0,10
13541,56636,-93.7912657,47.3322881,4,0,4
13542,56623,-94.5836839,48.7102086,5,2,7
13543,56088,-94.43755115,43.82789111,2,2,4
13544,54437,-90.59848712,44.76563602,2,0,2
13545,56531,-95.9749391,45.99259911,2,0,2
13546,55033,-92.8862971,44.7413671,77,10,87
13547,53813,-90.70801963,42.85667715,24,23,47
13548,53129,-87.9874153,42.9441386,29,0,29
13549,53705,-89.44433108,43.07600154,6,10,16
13550,56466,-94.6460486,46.3342835,3,0,3
13551,53965,-89.7733816,43.6264086,13,8,21
13552,73538,-98.2949576,34.7829945,4,2,6
13553,73501,-98.3931506,34.60789,165,6,171
13554,64683,-93.61942083,40.07316705,3,0,3
13555,65706,-92.9064606,37.33055038,10,1,11
13556,13617,-75.1831437,44.60154446,11,0,11
13557,12222,-73.82039605,42.68045143,41,0,41
13558,16134,-80.50659385,41.51765705,3,4,7
13559,10021,-73.96481292,40.76869838,45,0,45
13560,10451,-73.92725372,40.81734738,41,0,41
13561,29418,-80.0368946,32.8846299,29,0,29
13562,29506,-79.65291932,34.19101171,12,0,12
13563,29646,-82.1210831,34.2070704,2,0,2
13564,29526,-79.0118127,33.7936522,23,5,28
13565,29115,-80.85116569,33.50102924,15,0,15
13566,29303,-81.97553985,34.99987841,12,3,15
13567,29303,-81.9899013,34.9750661,4,0,4
13568,39217,-90.205977,32.2988643,42,0,42
13569,38761,-90.50479015,33.44456831,13,4,17
13570,15501,-79.078098,40.0096734,2,0,2
13571,17057,-76.7396283,40.1997224,7,4,11
13572,15213,-79.95094304,40.44468665,22,0,22
13573,19013,-75.35878063,39.84851905,4,4,8
13574,16137,-80.23892716,41.22686125,0,6,6
13575,76204,-97.1290876,33.2269034,17,0,17
13576,76401,-98.2201652,32.2156547,13,2,15
13577,78224,-98.5518364,29.3519032,15,3,18
13578,76708,-97.1773921,31.5874971,7,0,7
13579,79356,-101.3801417,33.1866513,1,0,1
13580,75657,-94.3608524,32.7759826,1,0,1
13581,76549,-97.8119994,31.1192539,8,0,8
13582,76708,-97.277348,31.6366411,1,0,1
13583,12801,-73.6442074,43.3108809,31,0,31
13584,18848,-76.442525,41.7670705,9,1,10
13585,15902,-78.8900958,40.3031148,2,12,14
13586,16601,-78.410584,40.54133634,9,0,9
13587,17057,-76.75716222,40.19701445,11,0,11
13588,15222,-79.99796276,40.44195952,42,0,42
13589,19344,-75.91494178,40.09545803,1,0,1
13590,15132,-79.83097624,40.31510225,3,0,3
13591,75143,-96.22880092,32.43647888,1,0,1
13592,78852,-100.4970564,28.7248731,24,0,24
13593,76705,-97.0792298,31.6343054,16,0,16
13594,78363,-97.8474433,27.5166561,24,0,24
13596,79403,-101.8222942,33.6566461,10,0,10
13597,77611,-93.824628,30.0399162,2,0,2
13598,76483,-99.1777601,33.1789163,2,0,2
13599,77372,-95.2013163,30.2512291,5,1,6
13600,78582,-98.80967159,26.37673344,12,0,12
13605,78382,-97.05393738,28.02571576,22,0,22
13606,78942,-96.9449581,30.1651269,11,0,11
13607,13815,-75.5393947,42.5071081,25,1,26
13608,29620,-82.41010206,34.16594718,25,0,25
13609,29042,-81.1260706,33.3135514,5,0,5
13610,17042,-76.42295724,40.3329765,6,14,20
13611,16901,-77.3028211,41.747436,5,2,7
13612,16037,-80.1201307,40.8515427,2,5,7
13613,16001,-79.8957806,40.8584372,24,7,31
13614,15301,-80.2472105,40.1701432,32,9,41
13615,15931,-78.7244196,40.4838642,22,9,31
13616,16505,-80.1817271,42.0831083,9,4,13
13617,18015,-75.3927863,40.6046486,9,7,16
13618,18064,-75.2976188,40.7521103,8,8,16
13619,15062,-79.8820415,40.1609121,11,3,14
13620,97477,-123.0214379,44.0473248,67,0,67
13621,97801,-118.6857278,45.66421815,16,0,16
13622,88130,-103.3342669,34.1978666,24,0,24
13623,29135,-80.7820293,33.6670712,6,0,6
13624,29506,-79.74045276,34.22950642,1,0,1
13625,29654,-82.3930374,34.44726049,11,1,12
13626,29424,-79.93932015,32.78581466,30,0,30
13627,29461,-79.98040134,33.19994647,8,0,8
13628,75028,-97.04339236,33.04145517,2,0,2
13629,29406,-80.0317297,32.9258332,20,0,20
13630,29108,-81.58930044,34.27241408,48,0,48
13631,38603,-89.18115609,34.83314705,1,3,4
13632,97402,-123.1185935,44.05801069,179,1,180
13633,12518,-74.0283156,41.4389659,12,9,21
13634,11565,-73.6674361,40.6755634,23,0,23
13635,39701,-88.4169096,33.49224119,10,0,10
13636,16354,-79.6644336,41.6304598,5,1,6
13637,15143,-80.1645496,40.560265,3,5,8
13638,15237,-80.0065431,40.5159698,43,0,43
13639,18036,-75.4523997,40.4787179,1,1,2
13640,19464,-75.674955,40.2603758,9,1,10
13641,17851,-76.4287799,40.7979133,5,4,9
13642,19468,-75.5405466,40.1838415,7,2,9
13643,16323,-79.8263054,41.4078023,5,4,9
13644,18336,-74.6998948,41.371043,9,3,12
13645,17517,-76.0949408,40.2281286,21,0,21
13646,16915,-77.94993377,41.75433198,1,2,3
13647,15905,-78.937033,40.3042296,4,10,14
13648,15853,-78.732359,41.4206937,4,12,16
13649,17033,-76.6806741,40.2839913,39,0,39
13650,15340,-80.3148973,40.2948301,1,2,3
13651,18040,-75.220575,40.7151474,23,0,23
13652,15221,-79.8635015,40.4218978,2,15,17
13653,18054,-75.4576151,40.3421916,4,0,4
13654,15419,-79.8922062,40.0664727,3,17,20
13655,19082,-75.2662755,39.9629113,131,0,131
13656,16055,-79.7235098,40.7070577,5,3,8
13657,17538,-76.4002169,40.0954385,32,0,32
13658,16743,-78.2824558,41.810933,4,4,8
13659,18017,-75.3409166,40.625557,3,9,12
13660,19401,-75.3391418,40.1146803,71,0,71
13661,18708,-75.9740524,41.2994412,4,7,11
13662,17557,-76.0765343,40.1042313,12,2,14
13663,15030,-79.7783749,40.5833529,1,10,11
13664,15228,-80.04355206,40.38353608,43,0,43
13665,15425,-79.5887028,40.0015582,2,2,4
13666,19605,-75.9385825,40.4430845,14,0,14
13667,17821,-76.5979681,40.9658642,6,0,6
13668,16630,-78.57380769,40.45599876,2,8,10
13669,17065,-77.1918518,40.1160124,2,6,8
13670,17036,-76.7079596,40.2626038,7,5,12
13671,17543,-76.2778486,40.1568226,16,0,16
13672,18219,-76.0549189,40.9903702,2,2,4
13673,17980,-76.5564173,40.5900337,0,3,3
13674,18642,-75.7637234,41.3511226,1,9,10
13675,19040,-75.1020287,40.1779876,14,0,14
13676,19027,-75.1277285,40.0821745,83,0,83
13677,17201,-77.6594229,39.9353113,34,6,40
13678,19044,-75.1787699,40.2073146,40,0,40
13679,17901,-76.2809848,40.6751304,1,5,6
13680,16701,-78.6522643,41.9308963,5,3,8
13681,15333,-79.9966839,39.9996704,1,2,3
13682,18252,-76.0020989,40.7636623,1,1,2
13683,16351,-79.4123775,41.6883318,1,0,1
13684,15321,-80.2227566,40.3178054,16,0,16
13685,16701,-78.6471701,41.9566508,22,0,22
13686,17740,-77.2696338,41.1969553,2,1,3
13687,16701,-78.6178761,41.9896375,4,8,12
13688,17603,-76.3076148,40.0412472,161,0,161
13689,15317,-80.1847724,40.2588187,15,0,15
13690,17764,-77.754996,41.3264816,1,3,4
13691,16301,-79.7079775,41.4331125,17,0,17
13692,17960,-75.9035526,40.7507479,3,5,8
13693,18013,-75.1843974,40.879321,1,2,3
13694,15427,-79.9498045,40.0530456,1,2,3
13695,15317,-80.0809283,40.2795915,23,3,26
13696,17976,-76.20841669,40.82528758,3,3,6
13697,15238,-79.88069546,40.51507931,12,0,12
13698,17111,-76.8329622,40.2588057,4,6,10
13699,15931,-78.7543197,40.4961456,4,5,9
13700,15057,-80.2346735,40.3707925,2,12,14
13701,16371,-79.31748769,41.85042704,2,0,2
13702,17110,-76.8715204,40.3281553,40,0,40
13703,15943,-78.8348744,40.4714963,2,4,6
13704,18444,-75.5592434,41.3624196,2,1,3
13705,18630,-76.04904702,41.61482117,1,0,1
13706,15552,-79.04503424,39.80118153,2,0,2
13707,17307,-77.2457345,39.9294371,2,3,5
13708,17320,-77.3643342,39.7942331,1,0,1
13709,17225,-77.7255472,39.7910877,5,5,10
13710,16501,-80.0852627,42.1283929,167,0,167
13711,15461,-79.9006952,39.848766,5,4,9
13712,17603,-76.3655215,40.0264383,20,0,20
13713,15012,-79.84119408,40.11264494,2,6,8
13714,17003,-76.547033,40.358733,1,1,2
13715,15701,-79.15766054,40.6142323,22,1,23
13716,97133,-122.9996649,45.5973834,2,0,2
13717,97633,-121.5977202,42.0255855,1,0,1
13718,97386,-122.7210418,44.40001,16,0,16
13719,97351,-123.1865,44.85143,14,1,15
13720,97056,-122.87672,45.7574121,10,0,10
13721,97467,-124.09687,43.7017882,10,0,10
13722,97365,-124.0533471,44.6343625,21,0,21
13723,97814,-117.8280163,44.77474858,16,2,18
13724,97005,-122.7973737,45.4855042,124,0,124
13725,97045,-122.5942072,45.3361241,35,0,35
13726,97068,-122.6109414,45.3600615,29,0,29
13727,97055,-122.26185,45.3969866,11,0,11
13728,97479,-123.3121166,43.39009344,14,0,14
13729,97502,-122.91435,42.37363,23,0,23
13730,97101,-123.2058074,45.1165717,2,2,4
13731,97535,-122.8170021,42.27447676,8,0,8
13732,97466,-124.0719966,42.88093122,1,3,4
13733,97439,-124.1133352,43.9751166,14,0,14
13734,87021,-107.8914939,35.1690823,5,0,5
13735,88029,-107.640441,31.830771,4,0,4
13736,87053,-106.7730786,35.55661976,1,0,1
13737,87701,-105.227545,35.5920758,27,0,27
13738,87732,-105.3318775,35.9739082,5,0,5
13739,87507,-106.0242632,35.6292447,528,0,528
13741,75935,-94.18471083,31.79101212,2,0,2
13742,75975,-94.3894049,31.9063742,1,0,1
13743,75261,-97.021196,32.8845233,237,0,237
13744,77002,-95.35653997,29.7658628,179,0,179
13745,75686,-94.9656156,32.9962071,7,7,14
13746,78361,-98.68051,27.3181848,2,0,2
13750,77445,-96.0772574,30.0809005,2,2,4
13751,78754,-97.66206328,30.33874271,55,1,56
13752,77379,-95.5245228,30.0195921,28,0,28
13753,78041,-99.4350176,27.5735,15,0,15
13754,14411,-78.192318,43.2480496,12,1,13
13755,79097,-101.1719697,35.4339174,1,0,1
13760,11730,-73.1893771,40.7078045,4,4,8
13761,12207,-73.7488071,42.6524411,321,0,321
13762,12043,-74.5013546,42.6716658,10,0,10
13763,13210,-76.1419684,43.0414471,13,0,13
13764,11201,-73.9846851,40.6946083,119,0,119
13765,11201,-73.9837824,40.6953384,34,0,34
13766,14420,-77.9451119,43.2127571,17,0,17
13767,11719,-72.8893079,40.8046146,46,4,50
13768,14454,-77.8233205,42.7966567,16,0,16
13769,11568,-73.56927317,40.79735625,20,0,20
13770,38631,-90.63978,34.370791,3,2,5
13771,38761,-90.5042877,33.4487156,5,1,6
13772,15722,-78.707178,40.603323,1,6,7
13773,75496,-96.0702078,33.3704624,3,0,3
13774,79371,-102.5243487,34.0668393,1,0,1
13775,79111,-101.7054001,35.2183785,12,0,12
13776,78114,-98.1594147,29.1322112,15,1,16
13778,78734,-97.9799604,30.3622468,25,5,30
13779,10453,-73.9105969,40.8564911,35,0,35
13780,13210,-76.1346938,43.034715,10,0,10
13781,13045,-76.1917731,42.5972565,19,0,19
13782,13820,-75.0652832,42.4650808,17,0,17
13783,13088,-76.2068048,43.1005501,1,19,20
13784,13753,-74.9236384,42.2722973,11,0,11
13785,11794,-73.119058,40.9054183,71,0,71
13786,63767,-89.6104659,37.04376163,1,0,1
13787,59230,-106.6378897,48.1929274,8,0,8
13788,53528,-89.64088334,43.11254437,5,4,9
13789,45066,-84.2424482,39.5597875,25,0,25
13790,54950,-88.8892052,44.6719878,3,3,6
13791,44691,-81.921797,40.775027,5,5,10
13792,44308,-81.5182492,41.0791415,472,0,472
13793,68025,-96.4974686,41.4361159,40,0,40
13794,44044,-82.0547946,41.2713262,4,6,10
13795,56278,-96.44582479,45.30728752,3,3,6
13796,73763,-98.3181195,36.115161,2,13,15
13797,84037,-111.9378441,41.03623212,20,0,20
13798,45302,-84.1758209,40.3949279,2,5,7
13799,37146,-87.0200481,36.3909589,5,0,5
13800,03833,-71.0508401,43.0141255,25,8,33
13801,44410,-80.7230184,41.3380102,9,7,16
13802,43155,-82.549024,39.6247809,1,3,4
13803,64465,-94.33181454,39.55487591,4,4,8
13804,43947,-80.7482827,39.9717317,5,10,15
13805,45150,-84.2869177,39.1774838,15,3,18
13806,54923,-88.9488916,43.9686831,12,0,12
13807,58552,-100.2367736,46.26704201,3,1,4
13808,45701,-82.1002156,39.3295557,26,8,34
13809,44827,-82.737735,40.7845178,8,2,10
13810,45822,-84.57031992,40.55022792,16,0,16
13811,20176,-77.54907382,39.11101173,75,1,76
13812,03585,-71.9113794,44.2149574,4,5,9
13813,89406,-118.7774025,39.47590547,40,1,41
13814,38583,-85.45611294,35.92385628,15,0,15
13815,37062,-87.1297629,35.9754295,18,0,18
13816,54628,-91.08632458,43.34245699,1,1,2
13817,57625,-101.2347333,44.99683886,2,0,2
13818,45458,-84.1646841,39.6142753,41,0,41
13819,44231,-81.09738035,41.28529753,6,6,12
13820,25186,-81.3050728,38.1752014,3,2,5
13821,84542,-110.738227,39.54300384,4,0,4
13822,65325,-93.20766265,38.46010965,3,5,8
13823,43402,-83.6299254,41.4251011,6,0,6
13824,25213,-81.88484625,38.53733494,3,1,4
13825,43302,-83.1327963,40.5882063,64,0,64
13826,25812,-81.09889658,38.13633269,2,5,7
13827,28640,-81.47100402,36.42208012,23,10,33
13828,45242,-84.3888938,39.2364591,37,7,44
13829,07102,-74.1774234,40.737848,13,4,17
13830,74820,-96.66708929,34.77488784,5,2,7
13831,28714,-82.300532,35.9169693,8,9,17
13832,03264,-71.68765247,43.76073303,8,3,11
13833,27886,-77.53489899,35.89691273,28,0,28
13834,45212,-84.4557733,39.1621189,52,0,52
13835,23518,-76.2061552,36.8990835,37,0,37
13836,65548,-91.70385273,36.9953935,8,0,8
13837,27330,-79.1481877,35.4679576,7,0,7
13838,28801,-82.5596532,35.5956613,231,1,232
13839,57732,-103.7312603,44.37638492,6,0,6
13840,98277,-122.6472849,48.2910111,27,0,27
13841,28638,-81.4953762,35.8471744,11,4,15
13842,98584,-123.1056923,47.2120191,19,0,19
13843,56763,-95.33255712,48.91213646,6,0,6
13844,55063,-92.97178901,45.85287311,28,2,30
13845,28054,-81.1307811,35.2866913,7,0,7
13846,37869,-83.21590949,36.52807467,18,0,18
13847,38257,-88.87686602,36.491934,6,0,6
13848,53916,-88.8338516,43.454653,29,0,29
13849,63664,-90.78716096,37.93571695,10,2,12
13850,84770,-113.5677973,37.10421921,5,0,5
13851,98584,-123.1038035,47.2159458,52,0,52
13852,84095,-111.936598,40.5584896,50,0,50
13853,55449,-93.2082851,45.1661418,58,0,58
13854,68046,-96.0325457,41.1566078,38,0,38
13855,08330,-74.7225677,39.4639194,70,3,73
13856,07020,-73.9741923,40.82640292,31,0,31
13857,07109,-74.1527677,40.7864079,111,0,111
13858,07072,-74.0947188,40.8415982,32,0,32
13859,08004,-74.89092636,39.76745782,24,0,24
13860,08742,-74.06944967,40.0726473,34,2,36
13861,07008,-74.2177885,40.575394,60,0,60
13862,03801,-70.8295773,43.1048316,10,2,12
13863,03458,-71.9506612,42.872858,11,3,14
13864,03246,-71.4751969,43.5266763,38,2,40
13865,07204,-74.2601572,40.6618718,34,0,34
13866,07016,-74.3016645,40.6573807,52,0,52
13867,07065,-74.27426623,40.60472086,78,0,78
13868,03087,-71.299173,42.8032606,17,3,20
13869,07730,-74.1756213,40.4275046,44,0,44
13870,03820,-70.87500499,43.19365866,47,0,47
13871,03842,-70.81409602,42.9095333,34,56,90
13872,08051,-75.1686353,39.781793,27,2,29
13873,03036,-71.2631034,42.9610278,3,6,9
13874,03275,-71.4428917,43.12282676,10,0,10
13875,08260,-74.8219301,38.9865089,38,0,38
13876,08075,-74.9599207,40.0210099,31,0,31
13877,07075,-74.0872504,40.8447613,22,0,22
13878,07201,-74.2132653,40.6669173,348,0,348
13879,37757,-84.1828425,36.3299283,6,1,7
13880,08065,-75.0221672,40.0031554,16,0,16
13881,37072,-86.7143275,36.3222399,38,0,38
13882,07010,-73.9883352,40.821341,46,0,46
13883,38317,-88.2450973,36.040891,4,0,4
13884,38342,-88.2907996,36.0358997,2,3,5
13885,08844,-74.67397087,40.50651841,55,0,55
13886,38344,-88.4288823,36.0019176,19,1,20
13887,08505,-74.7116106,40.1454808,12,0,12
13888,07732,-73.9872602,40.4014666,14,3,17
13889,07866,-74.5298686,40.9126811,57,0,57
13890,08068,-74.6332305,39.9669999,55,0,55
13891,37724,-83.66497527,36.599009,1,0,1
13892,07013,-74.1606554,40.8663814,158,0,158
13893,07481,-74.1677175,41.009956,25,0,25
13894,37388,-86.21264485,35.36205253,39,0,39
13895,08035,-75.0597894,39.8818034,16,0,16
13896,08619,-74.6937498,40.2111411,182,0,182
13897,08817,-74.3932976,40.5273343,189,0,189
13898,07442,-74.2902619,41.0031865,19,20,39
13899,98230,-122.7493368,48.9942362,10,0,10
13900,45102,-84.2206873,39.0293522,6,5,11
13901,37861,-83.5147391,36.2805231,4,7,11
13902,38372,-88.2370317,35.2283416,18,0,18
13903,38259,-89.19148432,36.20341689,2,0,2
13904,45660,-83.3991449,38.9452327,2,1,3
13905,56401,-94.2078866,46.3563121,26,0,26
13906,45895,-84.20876642,40.55937683,43,15,58
13907,38066,-89.55185056,35.04398542,5,4,9
13908,58730,-103.2961477,48.91305349,2,0,2
13909,22824,-78.5668766,38.8255842,2,1,3
13910,23890,-77.09401752,37.03457949,6,0,6
13911,22980,-78.88987617,38.06633922,51,3,54
13912,24216,-82.7842664,36.9038179,6,1,7
13913,38355,-88.7749258,35.8035854,11,0,11
13914,45869,-84.3796531,40.4404464,6,5,11
13915,45885,-84.3923441,40.5460767,15,0,15
13916,23704,-76.2972527,36.833414,235,0,235
13917,37377,-85.334052,35.1313557,15,0,15
13918,45693,-83.5435622,38.79716416,5,0,5
13919,22657,-78.3606701,38.9887535,20,1,21
13920,38478,-87.0311668,35.1975975,25,0,25
13921,24416,-79.35598153,37.73423878,1,6,7
13922,44030,-80.5570099,41.9428656,19,1,20
13923,43719,-81.0720135,40.0158322,1,3,4
13924,22026,-77.3320265,38.5589078,14,0,14
13925,44805,-82.2928533,40.8628745,45,8,53
13926,43713,-81.1752586,39.9880749,6,0,6
13927,84067,-112.0272788,41.1715642,39,0,39
13928,38583,-85.4750074,35.9275761,28,0,28
13929,68722,-98.8486257,42.9116761,3,2,5
13930,22655,-78.2189067,39.0861196,4,0,4
13931,59711,-112.9543683,46.1228545,19,2,21
13932,28609,-81.0750642,35.7066335,3,8,11
13933,24330,-80.97388339,36.71505631,1,0,1
13934,27344,-79.4648796,35.7256989,21,8,29
13935,37134,-87.9637363,36.0182839,4,0,4
13936,43502,-84.2984223,41.4507819,0,6,6
13937,58228,-97.36987213,47.91744409,1,1,2
13938,56057,-93.73213091,44.38787796,17,5,22
13939,24333,-80.92523453,36.66455085,24,0,24
13940,24283,-82.3125388,36.9046805,6,1,7
13941,24016,-79.947564,37.2710714,264,0,264
13942,54848,-91.0976283,45.46457781,13,0,13
13943,44041,-80.9462678,41.8064011,12,4,16
13944,05671,-72.7510076,44.3316464,39,22,61
13945,38242,-88.3287019,36.3025398,26,0,26
13946,24401,-79.074151,38.1490806,54,0,54
13947,44857,-82.6160645,41.244173,23,8,31
13948,55337,-93.2749477,44.7671631,75,0,75
13949,55122,-93.1659861,44.8182555,69,0,69
13950,44837,-82.5162158,41.0300925,4,4,8
13951,24555,-79.45056113,37.63436582,1,0,1
13952,55345,-93.4659879,44.9400028,57,0,57
13953,56082,-93.9551504,44.3236984,14,0,14
13954,69138,-100.1630111,40.9278686,6,0,6
13955,45242,-84.3468022,39.2427983,21,0,21
13956,23069,-77.36649415,37.76493336,215,0,215
13957,45817,-83.8901546,40.8943393,6,8,14
13958,64402,-94.33383463,40.24807077,5,1,6
13959,45040,-84.3081913,39.3534183,42,0,42
13960,43050,-82.4844306,40.3942353,28,0,28
13961,98043,-122.3128555,47.78824683,29,0,29
13962,65275,-91.9996779,39.4829027,7,10,17
13963,98239,-122.6854036,48.21878237,5,0,5
13964,65261,-92.94191059,39.43247634,10,2,12
13965,08809,-74.9089904,40.6363933,9,0,9
13966,08062,-75.2197734,39.7461105,16,2,18
13967,08109,-75.0491172,39.9506467,14,0,14
13968,08049,-75.0398793,39.8526577,11,3,14
13969,98532,-122.9672534,46.664035,18,0,18
13970,98166,-122.3454748,47.4457685,12,0,12
13971,08055,-74.8061972,39.8629072,8,0,8
13972,20186,-77.80483519,38.71086919,20,0,20
13973,08021,-75.005481,39.8211536,8,2,10
13974,08054,-74.9250105,39.9582445,67,0,67
13975,98032,-122.2369908,47.3804542,138,0,138
13976,03222,-71.79469014,43.61218437,1,5,6
13977,27292,-80.2525791,35.8251644,64,1,65
13978,59404,-111.356876,47.4823955,1,0,1
13979,73933,-102.5131655,36.7296686,4,4,8
13980,07066,-74.31077543,40.62206996,40,0,40
13981,08512,-74.5020867,40.3065622,19,0,19
13982,44045,-81.2798737,41.7364365,1,20,21
13983,45858,-83.7926423,41.1072629,3,6,9
13984,59442,-110.6725999,47.816902,9,0,9
13985,82720,-104.5978904,44.68274443,2,0,2
13986,55056,-92.978407,45.5128853,12,0,12
13987,63736,-89.5644142,37.0965776,18,0,18
13988,53809,-90.6560281,42.98393,5,7,12
13989,26624,-80.7756934,38.6715227,1,0,1
13990,07866,-74.5127444,40.9017246,15,0,15
13991,26764,-79.5401612,39.4439947,1,2,3
13992,43344,-83.297637,40.429172,6,0,6
13993,45651,-82.48008216,39.24649481,4,0,4
13994,28101,-81.07730032,35.25863293,2,0,2
13995,44236,-81.4361708,41.2385368,28,0,28
13996,84054,-111.9112426,40.84094638,16,0,16
13997,84015,-112.0299526,41.1328755,8,0,8
13998,44077,-81.2461591,41.7240279,40,6,46
13999,63740,-89.65815799,37.18063469,5,4,9
14000,63122,-90.4077376,38.5802309,58,0,58
14001,55045,-92.8367313,45.388516,13,1,14
14002,84526,-110.8543702,39.6853213,6,2,8
14003,63033,-90.3172316,38.798549,89,0,89
14004,25523,-82.1053338,38.2793578,7,0,7
14005,03246,-71.4847545,43.5430057,11,21,32
14006,63351,-91.30672493,38.85300677,1,5,6
14007,98948,-120.309984,46.37532633,14,0,14
14008,64086,-94.25687133,38.93969217,5,0,5
14009,03813,-71.0870173,44.0043407,22,3,25
14010,64034,-94.3749746,38.8343307,5,12,17
14011,44001,-82.2381484,41.4066636,20,7,27
14012,28449,-77.91038601,33.99979758,10,5,15
14013,27587,-78.5074577,35.9767723,52,2,54
14014,26301,-80.3133181,39.2510024,2,0,2
14015,43512,-84.3431424,41.2858612,20,5,25
14016,45619,-82.4530202,38.4285612,1,4,5
14017,28752,-82.0074567,35.68041805,22,6,28
14018,28202,-80.8385238,35.2207506,355,20,375
14019,05075,-72.24688139,43.83152743,3,0,3
14020,53191,-88.5455724,42.5837907,7,5,12
14021,38320,-88.09877489,36.05659946,20,0,20
14022,44646,-81.5206357,40.7959573,49,0,49
14023,54016,-92.75569649,44.99342177,3,0,3
14024,08759,-74.2970773,40.0065705,68,0,68
14025,98233,-122.331824,48.4687645,24,0,24
14026,03276,-71.590971,43.4335468,10,3,13
14027,43080,-82.4517244,40.23468112,4,12,16
14028,38103,-90.0466761,35.148441,516,16,532
14029,37854,-84.6862829,35.8688243,16,0,16
14030,38225,-88.6893774,36.2744245,19,2,21
14031,37807,-83.79877135,36.24994824,18,2,20
14032,56716,-96.6241633,47.7708272,24,5,29
14033,37347,-85.627178,35.0744176,19,0,19
14034,63755,-89.6680526,37.3777968,24,0,24
14035,65721,-93.2038749,37.0220522,30,0,30
14036,64015,-94.31980426,39.01816099,2,5,7
14037,43537,-83.6528096,41.5635074,45,0,45
14038,44212,-81.8327906,41.2397604,39,2,41
14039,84074,-112.2976863,40.52959211,33,1,34
14040,64601,-93.5555179,39.7937165,17,1,18
14041,65301,-93.2295799,38.7098107,44,0,44
14042,64151,-94.65726184,39.23218638,2,7,9
14043,64152,-94.6838978,39.2071666,15,0,15
14044,63435,-91.51985384,40.13076272,5,0,5
14045,07882,-74.9802411,40.7599481,13,0,13
14046,54106,-88.44991195,44.47656799,2,4,6
14047,23040,-78.2454061,37.49650381,16,2,18
14048,03222,-71.73597087,43.64115223,1,1,2
14049,27962,-76.74979109,35.8678296,12,6,18
14050,24134,-80.7350088,37.3268564,24,0,24
14051,22314,-77.0644686,38.7980393,172,0,172
14052,64077,-94.12083431,39.2118112,2,3,5
14053,63136,-90.26661732,38.71095629,43,0,43
14054,22801,-78.8710267,38.4493585,46,0,46
14055,24073,-80.408178,37.1300171,115,5,120
14056,57028,-96.59359495,44.04961604,6,0,6
14057,43566,-83.7396198,41.497717,4,4,8
14058,55992,-92.6700764,44.2953822,5,0,5
14059,56531,-95.9767613,45.9949275,7,3,10
14060,53185,-88.2120786,42.7638671,1,0,1
14061,54858,-92.5084235,45.5235657,2,4,6
14062,99403,-117.0444325,46.41356232,13,5,18
14063,74965,-94.5672449,35.9918354,6,3,9
14064,43920,-80.5784853,40.6774434,11,3,14
14065,24315,-81.11546947,37.10013468,11,0,11
14066,44131,-81.6797715,41.4176842,17,0,17
14067,23063,-77.88349151,37.68289186,32,4,36
14068,07604,-74.07722321,40.86015957,30,0,30
14069,08741,-74.16984919,39.93357939,5,3,8
14070,08087,-74.36363047,39.57617979,47,0,47
14071,03055,-71.65292644,42.83433189,25,0,25
14072,25309,-81.7140303,38.3552893,667,0,667
14073,08882,-74.38124394,40.45128025,30,0,30
14074,55782,-92.2366332,47.8175282,3,4,7
14075,56027,-94.0863829,43.5049444,1,2,3
14076,28463,-78.86208581,34.15479236,9,3,12
14077,59047,-110.5555741,45.66343,13,0,13
14078,65466,-91.35744636,37.1488935,1,2,3
14079,84535,-109.3412937,37.87310024,4,2,6
14080,65613,-93.41127344,37.6118414,19,0,19
14081,55767,-92.7704437,46.4428748,5,2,7
14082,24614,-82.1075234,37.2565847,6,1,7
14083,56473,-94.47813757,46.32759721,1,0,1
14084,63123,-90.31285516,38.53929648,3,3,6
14085,54301,-88.01446783,44.5129816,144,0,144
14086,44883,-83.1538612,41.0793455,17,0,17
14087,26335,-80.6561383,38.85597287,1,1,2
14088,25880,-81.16800796,37.89289751,4,3,7
14089,74361,-95.3206513,36.3028712,22,0,22
14090,37135,-86.67381253,35.96263431,6,0,6
14091,07750,-73.97918917,40.33043034,10,2,12
14092,03229,-71.67813755,43.19612002,6,1,7
14093,37066,-86.4481993,36.3892743,65,0,65
14094,44815,-83.23480911,41.24182494,0,6,6
14095,45157,-84.28189214,38.95072571,4,4,8
14096,44608,-81.5783335,40.6542702,2,5,7
14097,44613,-81.5987709,40.7127665,5,5,10
14098,28694,-81.49201143,36.40197755,8,2,10
14099,43469,-83.3650416,41.45107044,5,8,13
14100,37190,-86.0699427,35.832751,14,1,15
14101,28658,-81.23199347,35.66222109,126,11,137
14102,56671,-95.03549468,47.87646105,26,0,26
14103,08751,-74.0737398,39.9437372,23,46,69
14104,38004,-89.782517,35.44374162,13,2,15
14105,38585,-85.46434464,35.74752891,3,0,3
14106,65633,-93.57212381,36.90432515,3,0,3
14107,59425,-111.9468589,48.1683488,5,3,8
14108,44288,-81.04356894,41.23536851,4,5,9
14109,84634,-111.8194897,39.15559981,3,6,9
14110,63870,-89.81613713,36.61298815,2,1,3
14111,74641,-96.86373455,36.7667057,6,0,6
14112,58267,-97.56851505,47.73493412,2,2,4
14113,59068,-109.2467242,45.18817935,8,19,27
14114,28465,-78.07405966,33.90432815,4,4,8
14115,27549,-78.31940384,36.09433718,65,2,67
14116,28345,-79.7027909,34.8849535,19,0,19
14117,63764,-89.9800416,37.29886677,4,2,6
14118,99326,-118.8607522,46.6617536,6,0,6
14119,99114,-117.9048054,48.54363167,11,0,11
14120,65656,-93.46686269,36.80513097,1,1,2
14121,28445,-77.54966928,34.49509385,8,0,8
14122,44256,-81.8285284,41.1717396,6,2,8
14123,54433,-90.81237779,45.16882928,1,0,1
14124,44240,-81.3577816,41.1508925,42,0,42
14125,63935,-90.8270589,36.6190872,8,0,8
14126,53950,-90.16452349,43.87982742,4,0,4
14127,65079,-92.78459409,38.17574232,5,1,6
14128,65231,-91.89700786,39.01770543,0,6,6
14129,63868,-89.68973839,36.84526095,1,1,2
14130,27856,-77.97067034,35.97101215,14,9,23
14131,05672,-72.69147553,44.46238825,13,9,22
14132,45177,-83.82881,39.4462317,25,0,25
14133,63357,-91.05600624,38.62828839,1,1,2
14134,56475,-94.50097097,46.09015402,1,1,2
14135,82401,-107.9551066,44.0174893,11,0,11
14136,59715,-111.0596149,45.6735291,51,0,51
14137,64735,-93.77703369,38.37009389,0,6,6
14138,44833,-82.7857522,40.7335092,15,0,15
14139,45233,-84.6347982,39.1128899,29,0,29
14140,03816,-71.258558,43.6693931,4,1,5
14141,64701,-94.3683023,38.6491408,72,0,72
14142,55330,-93.6192101,45.3042458,67,3,70
14143,98626,-122.9166445,46.14359259,46,0,46
14144,58854,-103.2892102,47.8023444,6,0,6
14145,45215,-84.4753982,39.2514689,14,1,15
14146,44113,-81.6973929,41.5016075,141,0,141
14147,74340,-95.0216463,36.4770196,1,3,4
14148,43113,-82.9438236,39.6000869,24,0,24
14149,45237,-84.4518127,39.1901528,9,2,11
14150,45879,-84.5754868,41.1361824,10,0,10
14151,03452,-72.02378131,42.81555127,10,1,11
14152,89801,-115.7652341,40.84740802,6,2,8
14153,43105,-82.60556827,39.84585814,3,5,8
14154,44882,-83.1702993,40.9508096,1,4,5
14155,89447,-119.1605637,38.9956415,5,0,5
14156,25425,-77.74486086,39.32659738,3,1,4
14157,54949,-88.9195281,44.4617802,3,5,8
14158,56264,-95.9875548,44.5593483,2,5,7
14159,53572,-89.7370698,43.008205,9,6,15
14160,56156,-96.201997,43.6646479,11,5,16
14161,54568,-89.68842688,45.89500982,5,3,8
14162,57058,-97.38813271,43.72807978,6,0,6
14163,73006,-98.3655483,34.893221,3,4,7
14164,57362,-98.9899347,44.5155813,4,0,4
14165,54984,-89.2483962,44.1795419,2,0,2
14166,73728,-98.35746905,36.75815991,2,0,2
14167,73033,-98.55767851,35.30543797,1,0,1
14168,54614,-90.9902815,43.8922432,3,2,5
14169,54201,-87.4393977,44.6064847,6,2,8
14170,57551,-101.733919,43.17559772,3,0,3
14171,57785,-103.5159494,44.414299,16,0,16
14172,53536,-89.2833944,42.7800536,9,4,13
14173,54627,-91.2682106,44.1695511,1,1,2
14174,53024,-87.9380326,43.3196211,22,0,22
14175,54220,-87.65865958,44.08779368,59,0,59
14176,69341,-103.6609497,41.8244056,15,0,15
14177,55110,-93.01216726,45.08401616,29,0,29
14178,54484,-90.07652445,44.80279442,1,4,5
14179,57555,-100.658126,43.3049598,3,1,4
14180,68822,-99.6426323,41.4049335,6,0,6
14181,68822,-99.6426326,41.4049322,6,2,8
14182,68779,-97.2219144,41.9509717,7,3,10
14183,69162,-102.9860464,41.1442948,14,1,15
14184,57328,-98.4063701,43.4234522,1,0,1
14185,68352,-97.1781412,40.1337805,7,10,17
14186,73542,-99.0166844,34.3779508,5,21,26
14187,74002,-96.1610598,36.5619869,3,3,6
14188,00669,-66.8732046,18.29707268,0,0,0
14189,59755,-111.9443257,45.29328144,0,0,0
14190,95014,-122.0455474,37.3207644,0,0,0
14191,94954,-122.6359378,38.2673821,0,0,0
14192,91932,-117.1156383,32.5761885,0,0,0
14193,92110,-117.1998799,32.75301832,0,0,0
14194,95203,-121.3460652,37.94937618,0,0,0
14195,91741,-117.884954,34.1347323,0,0,0
14196,95691,-121.5491626,38.568547,0,0,0
14197,90057,-118.2820768,34.0603497,0,0,0
14198,92114,-117.0425946,32.7040333,0,0,0
14199,92129,-117.1229055,32.9591997,0,0,0
14200,91709,-117.7319784,33.9981987,0,0,0
14201,95837,-121.5909004,38.6936839,0,0,0
14202,91730,-117.5566316,34.0803591,0,0,0
14203,92311,-117.0254805,34.8933973,0,0,0
14204,93257,-119.0364654,36.0729045,0,0,0
14205,91345,-118.4681916,34.2730115,0,0,0
14206,91360,-118.8346658,34.2476527,0,0,0
14207,95823,-121.4218794,38.4535862,0,0,0
14208,94568,-121.9177843,37.7041225,0,0,0
14209,93560,-118.1599222,34.8406777,0,0,0
14210,90303,-118.3340572,33.94082038,0,0,0
14211,94549,-122.1289718,37.8893618,0,0,0
14212,94553,-122.1322223,38.0173868,0,0,0
14213,95249,-120.6671318,38.1906248,0,0,0
14214,94553,-122.0859418,37.9897548,0,0,0
14215,94806,-122.338474,37.9699262,0,0,0
14216,94526,-122.0031717,37.829982,0,0,0
14217,92571,-117.2040183,33.86170177,0,0,0
14218,93940,-121.8588648,36.58662756,0,0,0
14219,94116,-122.4814213,37.7437451,0,0,0
14220,94118,-122.4644326,37.7800334,0,0,0
14221,96142,-120.1236239,39.05936728,0,0,0
14222,94102,-122.4128944,37.7836956,0,0,0
14223,92110,-117.1903011,32.7708851,0,0,0
14224,93465,-120.7023389,35.5639111,0,0,0
14225,93280,-119.4081368,35.59488292,0,0,0
14226,93930,-121.1346892,36.2034271,0,0,0
14227,94559,-122.2849496,38.2969457,0,0,0
14228,95560,-123.8134667,40.1157393,0,0,0
14229,95542,-123.7939144,40.10241642,0,0,0
14230,95482,-123.1994308,39.1476213,0,0,0
14231,95519,-124.0990223,40.94407,0,0,0
14232,92231,-115.3851096,32.6806916,0,0,0
14233,90502,-118.2856259,33.851791,0,0,0
14234,93517,-119.2257479,38.2559396,0,0,0
14235,95437,-123.8042278,39.4320899,0,0,0
14236,94538,-121.9569525,37.4999572,0,0,0
14237,94586,-121.8972802,37.5660705,0,0,0
14238,94103,-122.4041066,37.775199,0,0,0
14239,95376,-121.4319508,37.7546532,0,0,0
14240,93254,-119.6825645,34.94531664,0,0,0
14241,94103,-122.4073957,37.7732831,0,0,0
14242,95134,-121.939382,37.39983304,0,0,0
14243,96097,-122.6441517,41.7061467,0,0,0
14244,96067,-122.2809466,41.27073026,0,0,0
14245,94112,-122.446295,37.7247333,0,0,0
14246,90706,-118.1255476,33.8834589,0,0,0
14247,95525,-123.9919153,40.8825742,0,0,0
14248,90015,-118.2754492,34.0370968,0,0,0
14249,93311,-119.1284986,35.3432815,0,0,0
14250,91780,-118.0759672,34.1029607,0,0,0
14251,91754,-118.1675803,34.044839,0,0,0
14252,91301,-118.7142316,34.1374033,0,0,0
14253,95476,-122.4887097,38.2983998,0,0,0
14254,91320,-118.9563682,34.20041104,0,0,0
14255,93015,-118.9146258,34.4002842,0,0,0
14256,93638,-120.0223772,36.9538754,0,0,0
14257,90019,-118.3428404,34.0466926,0,0,0
14258,95492,-122.8140522,38.5494626,0,0,0
14259,94534,-122.1168068,38.2297881,0,0,0
14260,96093,-122.9287848,40.72309359,0,0,0
14261,96161,-120.1312675,39.3621241,0,0,0
14262,93243,-118.937928,34.960614,0,0,0
14263,93003,-119.2286299,34.2604164,0,0,0
14264,93615,-119.2871061,36.5296042,0,0,0
14265,94103,-122.4163077,37.7690769,0,0,0
14266,94102,-122.407636,37.78484398,0,0,0
14267,94596,-122.0673005,37.90583054,0,0,0
14268,94518,-122.0285007,37.97403402,0,0,0
14269,92154,-116.9270349,32.5546656,0,0,0
14270,91367,-118.5900952,34.1762817,0,0,0
14271,94062,-122.2788785,37.4280831,0,0,0
14272,52641,-91.5391761,40.9514216,0,0,0
14273,02135,-71.14624234,42.36028741,0,0,0
14274,01851,-71.320775,42.6382995,0,0,0
14275,01850,-71.3034577,42.651287,0,0,0
14276,01852,-71.2994666,42.6418565,0,0,0
14277,02766,-71.1866476,41.9637825,0,0,0
14278,02038,-71.397922,42.0856577,0,0,0
14279,01026,-72.8915607,42.4590695,0,0,0
14280,01339,-72.8715089,42.6268568,0,0,0
14281,01255,-73.0969887,42.1011076,0,0,0
14282,01854,-71.3277206,42.6541622,0,0,0
14283,02210,-71.0396576,42.3460682,0,0,0
14284,01075,-72.576691,42.25379,0,0,0
14285,01331,-72.2049789,42.5837213,0,0,0
14286,02135,-71.1505306,42.3493881,0,0,0
14287,01702,-71.4165019,42.2800829,0,0,0
14288,01852,-71.30827408,42.64103641,0,0,0
14289,02346,-70.9425581,41.8937983,0,0,0
14290,02557,-70.5804174,41.4573337,0,0,0
14291,02130,-71.1046547,42.3096818,0,0,0
14292,02122,-71.05926581,42.2982269,0,0,0
14293,31709,-84.23998012,32.07218932,0,0,0
14294,93501,-118.1555105,35.04606597,0,0,0
14295,51442,-95.3154123,42.0197351,0,0,0
14296,06612,-73.32311416,41.25543703,0,0,0
14297,86503,-109.5554646,36.14648771,0,0,0
14298,86305,-112.5384633,34.689786,0,0,0
14299,85281,-111.9166073,33.45034614,0,0,0
14300,85255,-111.8892869,33.6719189,0,0,0
14301,85251,-111.9200525,33.4903419,0,0,0
14302,85706,-110.9337082,32.1351801,0,0,0
14303,85701,-110.9769236,32.2219605,0,0,0
14304,85003,-112.0755347,33.4518561,0,0,0
14305,85258,-111.8842271,33.5694666,0,0,0
14306,85222,-111.7578162,32.946193,0,0,0
14307,81212,-105.1512147,38.4379947,0,0,0
14308,80621,-104.7734436,40.0870483,0,0,0
14309,81506,-108.5348002,39.1231661,0,0,0
14310,80020,-105.0834064,39.91458972,0,0,0
14311,80828,-103.685455,39.26146326,0,0,0
14312,81401,-107.9021219,38.50251545,0,0,0
14313,81052,-102.6157764,38.06655235,0,0,0
14314,81101,-105.8760595,37.45987198,0,0,0
14315,80203,-104.9854812,39.7370948,0,0,0
14316,80112,-104.8378475,39.57422883,0,0,0
14317,80401,-105.1746136,39.73362975,0,0,0
14318,81212,-105.2398227,38.44256082,0,0,0
14319,81521,-108.7401064,39.15133862,0,0,0
14320,70507,-92.01669488,30.27405457,0,0,0
14321,71105,-93.70694049,32.48280934,0,0,0
14322,70118,-90.121106,29.9338228,0,0,0
14323,70118,-90.12277284,29.93546546,0,0,0
14324,70037,-89.9821545,29.8567925,0,0,0
14325,70534,-92.4642329,30.1815952,0,0,0
14326,71061,-93.97062911,32.72735116,0,0,0
14327,71201,-92.08811205,32.52183696,0,0,0
14328,94563,-122.1861579,37.88213509,0,0,0
14329,95338,-119.9797708,37.4961885,0,0,0
14330,94124,-122.3979681,37.7297263,0,0,0
14331,92130,-117.2380895,32.947184,0,0,0
14332,93930,-121.1342104,36.2048523,0,0,0
14333,95333,-120.2977764,37.1595139,0,0,0
14334,93534,-118.1674995,34.7045521,0,0,0
14335,95453,-122.9133339,39.1038998,0,0,0
14336,92626,-117.9012589,33.66324856,0,0,0
14337,92868,-117.8876117,33.7816804,0,0,0
14338,95776,-121.7298539,38.6703989,0,0,0
14339,90802,-118.2013699,33.7542153,0,0,0
14340,92629,-117.6929038,33.45818147,0,0,0
14341,90808,-118.1356526,33.83396803,0,0,0
14342,92399,-117.0568126,34.0343739,0,0,0
14343,92683,-118.0066778,33.7707013,0,0,0
14344,95841,-121.3602764,38.6591704,0,0,0
14345,93023,-119.2463425,34.4446021,0,0,0
14346,95054,-121.9814131,37.3923583,0,0,0
14347,92391,-117.2364703,34.2385784,0,0,0
14348,92252,-116.2757392,34.1343667,0,0,0
14349,91730,-117.574468,34.10311929,0,0,0
14350,92105,-117.1014659,32.7467358,0,0,0
14351,92392,-117.3226873,34.5129059,0,0,0
14352,95123,-121.864857,37.25155304,0,0,0
14353,92363,-114.6172412,34.83504137,0,0,0
14354,92345,-117.3010239,34.42106572,0,0,0
14355,92335,-117.4164171,34.10027705,0,0,0
14356,95117,-121.9663349,37.308765,0,0,0
14357,92225,-114.5979599,33.6132278,0,0,0
14358,92201,-116.2221197,33.7070357,0,0,0
14359,92230,-116.7846009,33.9168776,0,0,0
14360,92553,-117.264047,33.914893,0,0,0
14361,92315,-116.8879502,34.2439008,0,0,0
14362,92544,-116.8940041,33.7445832,0,0,0
14363,92260,-116.3807626,33.7293407,0,0,0
14364,92570,-117.2244683,33.78782696,0,0,0
14365,93117,-119.8551298,34.4324246,0,0,0
14366,95811,-121.4993162,38.5968997,0,0,0
14367,95820,-121.471661,38.5270708,0,0,0
14368,95823,-121.4207848,38.4752256,0,0,0
14369,92589,-117.147161,33.494356,0,0,0
14370,91764,-117.5518344,34.0731543,0,0,0
14371,92225,-114.5962942,33.604225,0,0,0
14372,93307,-118.9988823,35.3179532,0,0,0
14373,90003,-118.27761,33.9703062,0,0,0
14374,90015,-118.2699945,34.0312509,0,0,0
14375,92019,-116.9392197,32.7464227,0,0,0
14376,94568,-121.8838493,37.7144081,0,0,0
14377,95223,-120.0417701,38.46267975,0,0,0
14378,92069,-117.1467079,33.1419729,0,0,0
14379,91945,-117.0316229,32.7406158,0,0,0
14380,90404,-118.4682603,34.0213159,0,0,0
14381,92036,-116.6031681,33.076645,0,0,0
14382,91962,-116.532327,32.825695,0,0,0
14383,92065,-116.8771128,33.03771338,0,0,0
14384,92082,-116.9752091,33.2257208,0,0,0
14385,92004,-116.4031739,33.25588198,0,0,0
14386,93314,-119.3297181,35.3544938,0,0,0
14387,94578,-122.123415,37.7096409,0,0,0
14388,90401,-118.4959115,34.0143584,0,0,0
14389,95841,-121.3489696,38.648954,0,0,0
14390,95330,-121.2758775,37.8205664,0,0,0
14391,93501,-118.1622068,35.0462118,0,0,0
14392,95460,-123.8019257,39.33033322,0,0,0
14393,93312,-119.1224013,35.38440383,0,0,0
14394,92307,-117.2145716,34.5239012,0,0,0
14395,95987,-122.133945,39.1601491,0,0,0
14396,93427,-120.1959578,34.6137907,0,0,0
14397,93401,-120.6582974,35.2889824,0,0,0
14398,94110,-122.4219928,37.7629255,0,0,0
14399,94117,-122.4552798,37.7677459,0,0,0
14400,95776,-121.7353141,38.6605627,0,0,0
14401,93960,-121.3820168,36.46886905,0,0,0
14402,95546,-123.6863914,41.0635138,0,0,0
14403,93960,-121.3820085,36.46867338,0,0,0
14404,93960,-121.3819936,36.46843657,0,0,0
14405,95035,-121.9082616,37.4186373,0,0,0
14406,96067,-122.3223295,41.3120249,0,0,0
14407,95215,-121.25056,37.9929015,0,0,0
14408,93454,-120.4219836,34.9705083,0,0,0
14409,95131,-121.9111903,37.3832384,0,0,0
14410,96003,-122.3654442,40.6437533,0,0,0
14411,94063,-122.2221181,37.49357477,0,0,0
14412,93308,-119.1102076,35.5123059,0,0,0
14413,96067,-122.3179158,41.32735868,0,0,0
14414,95823,-121.4398299,38.4987022,0,0,0
14415,90066,-118.4198134,33.9915759,0,0,0
14416,93463,-120.1356679,34.596396,0,0,0
14417,94063,-122.2297593,37.4941095,0,0,0
14418,95014,-122.0330793,37.2956917,0,0,0
14419,93427,-120.1994335,34.613467,0,0,0
14420,95046,-121.6051053,37.07325832,0,0,0
14421,96118,-120.2379278,39.67506616,0,0,0
14422,96023,-121.9165119,41.97093806,0,0,0
14423,92154,-117.0759454,32.5760693,0,0,0
14424,95827,-121.3059222,38.5745229,0,0,0
14425,95110,-121.9063564,37.3513195,0,0,0
14426,95821,-121.4028361,38.6173585,0,0,0
14427,96025,-122.2725265,41.2095885,0,0,0
14428,95841,-121.3352705,38.6666999,0,0,0
14429,96027,-122.895807,41.4626301,0,0,0
14430,93308,-119.1105673,35.5092505,0,0,0
14431,96161,-120.2068719,39.3251218,0,0,0
14432,91744,-117.958766,34.0249724,0,0,0
14433,90660,-118.0888833,33.9819149,0,0,0
14434,91773,-117.8020659,34.1047941,0,0,0
14435,91789,-117.834443,34.0289957,0,0,0
14436,94925,-122.5115317,37.9245734,0,0,0
14437,95340,-120.4866012,37.2948195,0,0,0
14438,90712,-118.1331539,33.8512838,0,0,0
14439,91001,-118.1681977,34.1825309,0,0,0
14440,90650,-118.0693859,33.9142034,0,0,0
14441,93940,-121.8803455,36.5899288,0,0,0
14442,90745,-118.263114,33.8344723,0,0,0
14443,90704,-118.3270712,33.3431428,0,0,0
14444,92283,-114.7583052,32.7488217,0,0,0
14445,93906,-121.6305136,36.6986154,0,0,0
14446,93955,-121.8384931,36.608827,0,0,0
14447,93906,-121.6325805,36.700687,0,0,0
14448,95838,-121.4348913,38.6375386,0,0,0
14449,95301,-120.6153914,37.3425393,0,0,0
14450,90717,-118.3205749,33.7854763,0,0,0
14451,90292,-118.446201,33.9704683,0,0,0
14452,90262,-118.2275908,33.9276742,0,0,0
14453,92251,-115.5706675,32.8201393,0,0,0
14454,93614,-119.6685503,37.33718979,0,0,0
14455,93728,-119.789202,36.782079,0,0,0
14456,90220,-118.2245492,33.8940717,0,0,0
14457,93720,-119.7581579,36.8595277,0,0,0
14458,90069,-118.3833548,34.0845481,0,0,0
14459,93702,-119.7540085,36.7265853,0,0,0
14460,93534,-118.1377261,34.6989045,0,0,0
14461,93550,-118.1170449,34.5862174,0,0,0
14462,91001,-118.132493,34.1896216,0,0,0
14463,91214,-118.2304019,34.2211122,0,0,0
14464,90022,-118.1577803,34.0342333,0,0,0
14465,95919,-121.2827881,39.4567446,0,0,0
14466,93010,-119.0202686,34.2414611,0,0,0
14467,95693,-121.2703393,38.4090451,0,0,0
14468,94587,-122.0682596,37.5998141,0,0,0
14469,90033,-118.2131641,34.04504544,0,0,0
14470,90011,-118.2560925,34.012333,0,0,0
14471,92618,-117.6995383,33.66398888,0,0,0
14472,91601,-118.385735,34.1716431,0,0,0
14473,90014,-118.2472765,34.044018,0,0,0
14474,93021,-118.8741431,34.2833884,0,0,0
14475,91325,-118.531383,34.2568564,0,0,0
14476,90028,-118.3306222,34.0958169,0,0,0
14477,91331,-118.4104961,34.2530821,0,0,0
14478,90703,-118.0658892,33.866285,0,0,0
14479,95961,-121.5795495,39.1213738,0,0,0
14480,95961,-121.5530018,39.0036916,0,0,0
14481,90062,-118.3052058,34.0105808,0,0,0
14482,95834,-121.4786766,38.64623661,0,0,0
14483,90638,-118.010991,33.90634196,0,0,0
14484,93268,-119.4656403,35.1558115,0,0,0
14485,90731,-118.289148,33.7576652,0,0,0
14486,93561,-118.4954115,35.14266675,0,0,0
14487,93280,-119.3335113,35.5931916,0,0,0
14488,93308,-119.1103591,35.5107148,0,0,0
14489,95628,-121.2428517,38.6653706,0,0,0
14490,95046,-121.5902504,37.0742966,0,0,0
14491,92411,-117.3176304,34.1367079,0,0,0
14492,92374,-117.1816379,34.0762362,0,0,0
14493,92024,-117.2585381,33.0494132,0,0,0
14494,92127,-117.1190438,33.0215043,0,0,0
14495,92071,-116.9833957,32.8364518,0,0,0
14496,91901,-116.7541227,32.8341515,0,0,0
14497,91402,-118.4446291,34.21462802,0,0,0
14498,91906,-116.46947,32.6079715,0,0,0
14499,95630,-121.1257548,38.6615449,0,0,0
14500,92028,-117.2478488,33.3822819,0,0,0
14501,94102,-122.4197966,37.7756041,0,0,0
14502,94128,-122.3841445,37.6155567,0,0,0
14503,91608,-118.3583673,34.13734664,0,0,0
14504,93635,-120.8499113,37.0614679,0,0,0
14505,95315,-120.7864007,37.426545,0,0,0
14506,92625,-117.8839583,33.6031008,0,0,0
14507,93239,-119.9597438,36.0069587,0,0,0
14508,92674,-117.5263637,33.353869,0,0,0
14509,94588,-121.8988077,37.70164528,0,0,0
14510,94541,-122.0869289,37.66968924,0,0,0
14511,94565,-121.9451465,38.01830465,0,0,0
14512,94066,-122.4160838,37.63740235,0,0,0
14513,92704,-117.9191901,33.73685558,0,0,0
14514,94112,-122.447506,37.72159877,0,0,0
14515,94530,-122.3168812,37.9251431,0,0,0
14516,95826,-121.4074013,38.5425993,0,0,0
14517,94546,-122.0759219,37.69123924,0,0,0
14518,90680,-117.9957128,33.8015412,0,0,0
14519,92656,-117.7286,33.5675288,0,0,0
14520,92672,-117.6090253,33.4279374,0,0,0
14521,91342,-118.48366,34.31610277,0,0,0
14522,90033,-118.2072287,34.06412638,0,0,0
14523,91384,-118.5928682,34.4357873,0,0,0
14524,01012,-72.8436399,42.3924446,0,0,0
14525,01810,-71.1184903,42.6090565,0,0,0
14526,01259,-73.23352324,42.09927642,0,0,0
14527,02465,-71.2257074,42.3488704,0,0,0
14528,02481,-71.2637201,42.3124007,0,0,0
14529,02116,-71.07351022,42.35561197,0,0,0
14530,02021,-71.101573,42.18373725,0,0,0
14531,01951,-70.9232604,42.7819386,0,0,0
14532,01370,-72.7281638,42.5955785,0,0,0
14533,01081,-72.220411,42.073484,0,0,0
14534,01337,-72.6310399,42.7000708,0,0,0
14535,01453,-71.7427827,42.5358976,0,0,0
14536,01105,-72.5809065,42.1006285,0,0,0
14537,01109,-72.5573231,42.11294858,0,0,0
14538,01610,-71.8086779,42.2390392,0,0,0
14539,01085,-72.7472091,42.1271938,0,0,0
14540,01609,-71.8121093,42.2691582,0,0,0
14541,01085,-72.7418369,42.1240889,0,0,0
14542,01085,-72.7546804,42.1205463,0,0,0
14543,01469,-71.6612612,42.6487295,0,0,0
14544,01085,-72.7245237,42.1438917,0,0,0
14545,01983,-70.9457578,42.6303518,0,0,0
14546,01609,-71.8288475,42.2929697,0,0,0
14547,52756,-90.5830495,41.697368,0,0,0
14548,85745,-111.0221586,32.227026,0,0,0
14549,52769,-90.8586332,41.6304289,0,0,0
14550,92563,-117.1212509,33.58197571,0,0,0
14551,93060,-119.1118868,34.309663,0,0,0
14552,32399,-84.2774836,30.4370536,0,0,0
14553,95959,-121.0280347,39.2686738,0,0,0
14554,02108,-71.0624945,42.3596502,0,0,0
14555,95965,-121.5717737,39.5214072,0,0,0
14556,94558,-122.3011851,38.2802479,0,0,0
14557,95327,-120.4175895,37.957353,0,0,0
14558,94559,-122.299697,38.2882346,0,0,0
14559,71671,-92.06385022,33.63449737,0,0,0
14560,30040,-84.0844831,34.268666,0,0,0
14561,06029,-72.4639221,41.9031611,0,0,0
14562,01984,-70.82192843,42.58919546,0,0,0
14563,85607,-109.5916687,31.46078611,0,0,0
14564,33830,-81.81960021,27.8814737,0,0,0
14565,02493,-71.31925518,42.33402319,0,0,0
14566,94553,-122.0736566,37.9967387,0,0,0
14567,81001,-104.6001824,38.27577268,0,0,0
14568,92243,-115.563101,32.7500624,0,0,0
14569,95560,-123.8219897,40.13849647,0,0,0
14570,93960,-121.3738203,36.4792632,0,0,0
14571,90670,-118.0911091,33.9463681,0,0,0
14572,01071,-72.858099,42.1872613,0,0,0
14573,06320,-72.09991953,41.3551939,0,0,0
14574,06702,-73.04591252,41.55559978,0,0,0
14575,06702,-73.0391184,41.5557659,0,0,0
14576,06604,-73.1916752,41.1728022,0,0,0
14577,06340,-72.06522397,41.31947918,0,0,0
14578,85935,-109.9223351,34.123837,0,0,0
14579,85243,-111.5572984,33.15557031,0,0,0
14580,85623,-110.7643252,32.61409745,0,0,0
14581,85739,-110.8877275,32.53562125,0,0,0
14582,85268,-111.7212042,33.6047055,0,0,0
14583,85226,-111.9193626,33.30700684,0,0,0
14584,85207,-111.6753627,33.4234451,0,0,0
14585,85301,-112.1602419,33.5151566,0,0,0
14586,85713,-110.9430518,32.2058692,0,0,0
14587,86326,-112.0271079,34.74645825,0,0,0
14588,72802,-93.15966441,35.25046535,0,0,0
14589,72114,-92.26732407,34.76125774,0,0,0
14590,72112,-91.259106,35.631739,0,0,0
14591,72116,-92.23041501,34.79565235,0,0,0
14592,71601,-92.0035237,34.2297041,0,0,0
14593,72114,-92.2704663,34.7812943,0,0,0
14594,72364,-90.20488592,35.22225387,0,0,0
14595,72801,-93.113815,35.2767064,0,0,0
14596,72112,-91.25952597,35.613592,0,0,0
14597,71763,-92.84748846,33.91679465,0,0,0
14598,72120,-92.22674483,34.81443897,0,0,0
14599,71663,-91.5117621,33.2386855,0,0,0
14600,72116,-92.26431075,34.78683225,0,0,0
14601,72125,-92.79408488,35.04824509,0,0,0
14602,71655,-91.81742032,33.60756218,0,0,0
14603,72120,-92.18969878,34.84794921,0,0,0
14604,72118,-92.3386607,34.8483461,0,0,0
14605,72114,-92.2386617,34.7562957,0,0,0
14606,72160,-91.5516971,34.4995796,0,0,0
14607,72114,-92.2605568,34.7715266,0,0,0
14608,72117,-92.21345519,34.75956965,0,0,0
14609,72114,-92.2775653,34.7578984,0,0,0
14610,72106,-92.37833996,34.96189966,0,0,0
14611,71953,-94.23909788,34.5866812,0,0,0
14612,72118,-92.2753019,34.7915456,0,0,0
14613,71759,-92.66315138,33.31567103,0,0,0
14614,72764,-94.1281185,36.1854348,0,0,0
14615,71854,-94.02619912,33.4119669,0,0,0
14616,72301,-90.1046366,35.1408919,0,0,0
14617,72956,-94.2948023,35.4593402,0,0,0
14618,72762,-94.18533748,36.17790236,0,0,0
14619,72301,-90.19068574,35.17486385,0,0,0
14620,72175,-91.79640262,34.35985182,0,0,0
14621,72110,-92.76893093,35.10207876,0,0,0
14622,71601,-91.97747762,34.2136617,0,0,0
14623,33548,-82.46254235,28.15042547,0,0,0
14624,33594,-82.26882316,27.87446417,0,0,0
14625,33619,-82.37256288,27.94236704,0,0,0
14626,33534,-82.38072038,27.84137266,0,0,0
14627,32504,-87.194465,30.4761732,0,0,0
14628,33625,-82.57661329,28.06902787,0,0,0
14629,33572,-82.39231192,27.77097425,0,0,0
14630,33612,-82.43454425,28.0572742,0,0,0
14631,32466,-85.4278457,30.4351325,0,0,0
14632,32409,-85.6429545,30.2938402,0,0,0
14633,33326,-80.36041737,26.12216991,0,0,0
14634,33936,-81.6521719,26.6080129,0,0,0
14635,33029,-80.39481936,25.98212062,0,0,0
14636,33618,-82.50641136,28.06742791,0,0,0
14637,33615,-82.56277438,28.02729032,0,0,0
14638,33624,-82.50624895,28.09535703,0,0,0
14639,33137,-80.1890426,25.8046539,0,0,0
14640,33647,-82.31276091,28.14346552,0,0,0
14641,33130,-80.19517648,25.77458719,0,0,0
14642,34953,-80.40025947,27.25624333,0,0,0
14643,34481,-82.26919058,29.06675143,0,0,0
14644,33607,-82.53514394,27.96370258,0,0,0
14645,32571,-87.156464,30.610001,0,0,0
14646,32038,-82.71414098,29.92141947,0,0,0
14647,32399,-84.24590125,30.42966895,0,0,0
14648,33126,-80.3237101,25.7885525,0,0,0
14649,33538,-82.12933105,28.78592805,0,0,0
14650,33301,-80.1424068,26.1160132,0,0,0
14651,32446,-85.21328578,30.8086889,0,0,0
14652,34731,-81.9072661,28.8738587,0,0,0
14653,34604,-82.4575848,28.4422324,0,0,0
14654,32815,-80.68013812,28.52502983,0,0,0
14655,32534,-87.2725245,30.52620097,0,0,0
14656,33859,-81.62415095,27.95733088,0,0,0
14657,33056,-80.2445822,25.94541556,0,0,0
14658,81212,-105.1580086,38.4406892,0,0,0
14659,81212,-105.1587324,38.43578595,0,0,0
14660,81212,-105.1582956,38.43013686,0,0,0
14661,81301,-107.889923,37.27173656,0,0,0
14662,80302,-105.2753117,40.0184212,0,0,0
14663,81007,-104.7398057,38.3233603,0,0,0
14664,81019,-104.836646,37.94528868,0,0,0
14665,80525,-104.9930524,40.5341866,0,0,0
14666,80920,-104.8041411,38.9466728,0,0,0
14667,81632,-106.5934593,39.64581296,0,0,0
14668,80424,-106.0457299,39.4088468,0,0,0
14669,81001,-104.5769029,38.3085371,0,0,0
14670,80427,-105.5109565,39.80087963,0,0,0
14671,80010,-104.8316211,39.7479908,0,0,0
14672,80016,-104.7085284,39.590326,0,0,0
14673,80524,-105.0760947,40.58825974,0,0,0
14674,81505,-108.6022913,39.0921178,0,0,0
14675,80863,-105.0623761,38.9925854,0,0,0
14676,81501,-108.5552206,39.0777059,0,0,0
14677,80465,-105.1940149,39.6508482,0,0,0
14678,81082,-104.5704661,37.14545552,0,0,0
14679,80922,-104.7154098,38.89208,0,0,0
14680,80916,-104.7527226,38.8117223,0,0,0
14681,80301,-105.2325029,40.0340828,0,0,0
14682,80112,-104.8449848,39.57511341,0,0,0
14683,80205,-104.9409996,39.7495,0,0,0
14684,81630,-108.2140757,39.3331448,0,0,0
14685,80401,-105.1692731,39.73492872,0,0,0
14686,81625,-107.5564283,40.50611324,0,0,0
14687,80821,-103.4718867,39.13675395,0,0,0
14688,81610,-109.0109448,40.24247439,0,0,0
14689,80452,-105.4952921,39.7424987,0,0,0
14690,81052,-102.6200837,38.08476607,0,0,0
14691,80906,-104.7999847,38.78870824,0,0,0
14692,80467,-106.9597983,40.27516204,0,0,0
14693,80127,-105.1271343,39.5699282,0,0,0
14694,80439,-105.3239098,39.62585225,0,0,0
14695,80109,-104.867162,39.40758294,0,0,0
14696,80751,-103.1783245,40.62421909,0,0,0
14697,81620,-106.4835034,39.62146588,0,0,0
14698,80466,-105.5098194,39.95988506,0,0,0
14699,80466,-105.5097602,39.95988754,0,0,0
14700,80540,-105.2713692,40.2233174,0,0,0
14701,80903,-104.8279298,38.8280664,0,0,0
14702,81434,-107.3750138,38.937724,0,0,0
14703,81601,-107.3358509,39.5527688,0,0,0
14704,81648,-108.802848,40.08705926,0,0,0
14705,81301,-107.9107123,37.27024852,0,0,0
14706,80015,-104.7545212,39.61026755,0,0,0
14707,81123,-105.5122123,37.43487181,0,0,0
14708,80002,-105.0880471,39.8029727,0,0,0
14709,30453,-82.1631129,32.001568,0,0,0
14710,31204,-83.6620462,32.8424595,0,0,0
14711,30265,-84.67128441,33.38591999,0,0,0
14712,30125,-85.2182071,34.0132542,0,0,0
14713,30223,-84.2349371,33.2336133,0,0,0
14714,31037,-82.89027836,32.09126133,0,0,0
14715,30705,-84.6945563,34.7608152,0,0,0
14716,30571,-83.72277018,34.72247028,0,0,0
14717,30720,-85.0120168,34.80077321,0,0,0
14718,31201,-83.63633992,32.82899474,0,0,0
14719,30820,-82.777762,33.2071747,0,0,0
14720,30519,-83.97336817,34.06605168,0,0,0
14721,30501,-83.8735248,34.3178006,0,0,0
14722,30507,-83.799441,34.289127,0,0,0
14723,31794,-83.4952637,31.4271196,0,0,0
14724,30165,-85.1715627,34.319053,0,0,0
14725,30506,-83.82340006,34.35185302,0,0,0
14726,30117,-85.1677737,33.6024056,0,0,0
14727,30308,-84.3761464,33.7727041,0,0,0
14728,30127,-84.6874716,33.9456469,0,0,0
14729,30824,-82.4819193,33.4564407,0,0,0
14730,30274,-84.41868988,33.58222637,0,0,0
14731,30336,-84.514504,33.778194,0,0,0
14732,30512,-83.92423,34.765682,0,0,0
14733,30286,-84.480935,32.853637,0,0,0
14734,31527,-81.44675492,31.05924238,0,0,0
14735,31792,-83.96286106,30.87416614,0,0,0
14736,30629,-83.0755968,34.02634129,0,0,0
14737,31792,-83.9950144,30.8131874,0,0,0
14738,30817,-82.40366119,33.85350188,0,0,0
14739,31324,-81.1992104,31.88962801,0,0,0
14740,30738,-85.4875319,34.8179341,0,0,0
14741,30087,-84.1506014,33.8187462,0,0,0
14742,30317,-84.3214414,33.7508584,0,0,0
14743,30534,-84.24956849,34.55779314,0,0,0
14744,30525,-83.41257378,34.90464734,0,0,0
14745,31821,-85.0431261,32.0896584,0,0,0
14746,30663,-83.60582536,33.66388814,0,0,0
14747,30523,-83.5887544,34.8446844,0,0,0
14748,30573,-83.389631,34.74214,0,0,0
14749,30216,-83.92136786,33.24698252,0,0,0
14750,30471,-82.1257571,32.5449255,0,0,0
14751,31701,-84.18735221,31.53626103,0,0,0
14752,30721,-84.9603415,34.7848994,0,0,0
14753,39837,-84.7247902,31.1693103,0,0,0
14754,30152,-84.60671402,34.00917486,0,0,0
14755,31601,-83.2674863,30.80562975,0,0,0
14756,30458,-81.8236448,32.3946944,0,0,0
14757,30643,-82.9111557,34.3769666,0,0,0
14758,31037,-82.9239748,32.0797993,0,0,0
14759,30068,-84.4229149,33.9630121,0,0,0
14760,31015,-83.78106643,31.92420569,0,0,0
14761,31537,-82.0210726,30.8568213,0,0,0
14762,39840,-84.788412,31.7816585,0,0,0
14763,31313,-81.6352726,31.7865547,0,0,0
14764,31061,-83.25503194,33.072765,0,0,0
14765,30062,-84.5266563,33.9610346,0,0,0
14766,31503,-82.31336934,31.18747283,0,0,0
14767,30458,-81.8145937,32.3966074,0,0,0
14768,31021,-82.9201859,32.4956293,0,0,0
14769,31558,-81.5552646,30.84397477,0,0,0
14770,30601,-83.37692393,33.95938911,0,0,0
14771,31525,-81.45646023,31.30490091,0,0,0
14772,31523,-81.499085,31.260243,0,0,0
14773,30467,-81.65209434,32.74906143,0,0,0
14774,31822,-84.81580328,32.83759526,0,0,0
14775,30582,-83.84693029,34.93247414,0,0,0
14776,31201,-83.6374825,32.8280307,0,0,0
14777,30094,-84.05766512,33.67491539,0,0,0
14778,30297,-84.4015199,33.6173243,0,0,0
14779,30707,-85.29300078,34.86967629,0,0,0
14780,30513,-84.32695989,34.8557508,0,0,0
14781,39845,-84.8789139,30.8048779,0,0,0
14782,30824,-82.50553698,33.52551936,0,0,0
14783,30315,-84.3967564,33.7008333,0,0,0
14784,31554,-82.7555243,31.5094579,0,0,0
14785,30281,-84.17392432,33.6247475,0,0,0
14786,30606,-83.39612166,33.94776546,0,0,0
14787,30303,-84.3951058,33.75769723,0,0,0
14788,30635,-82.588384,33.978306,0,0,0
14789,31029,-83.9151132,33.03022663,0,0,0
14790,39845,-84.8822804,31.0407314,0,0,0
14791,30188,-84.51190715,34.11438135,0,0,0
14792,30331,-84.5038655,33.7587638,0,0,0
14793,30824,-82.506435,33.5252823,0,0,0
14794,30238,-84.3369678,33.4679774,0,0,0
14795,31326,-81.25723783,32.33263955,0,0,0
14796,30102,-84.707093,34.148127,0,0,0
14797,31701,-84.16889709,31.55426236,0,0,0
14798,30577,-83.36525951,34.5408095,0,0,0
14799,30701,-84.913871,34.44996984,0,0,0
14800,30248,-84.1221396,33.35114275,0,0,0
14801,30281,-84.2337507,33.54555394,0,0,0
14802,30286,-84.30197863,32.89695816,0,0,0
14803,30747,-85.35008492,34.48057221,0,0,0
14804,31709,-84.2327969,32.07127558,0,0,0
14805,30019,-83.89581225,33.97272811,0,0,0
14806,31063,-84.0177137,32.2916369,0,0,0
14807,31771,-83.68493607,31.26950668,0,0,0
14808,31091,-83.74065941,32.26297224,0,0,0
14809,31206,-83.6454774,32.8116075,0,0,0
14810,30808,-82.38525648,33.41302735,0,0,0
14811,31522,-81.3580802,31.1800104,0,0,0
14812,31903,-84.94555888,32.42619768,0,0,0
14813,31701,-84.1622687,31.5802246,0,0,0
14814,31067,-82.95912914,32.85660588,0,0,0
14815,30168,-84.6084433,33.7832332,0,0,0
14816,31826,-84.69717933,32.8096496,0,0,0
14817,31329,-81.39188928,32.452203,0,0,0
14818,30455,-81.83072988,32.66301692,0,0,0
14819,31206,-83.6962716,32.8207148,0,0,0
14820,31211,-83.59180273,32.86094957,0,0,0
14821,30336,-84.54076365,33.76035031,0,0,0
14822,30311,-84.4501671,33.7251596,0,0,0
14823,31820,-84.84472395,32.53901972,0,0,0
14824,30906,-82.0149158,33.4393707,0,0,0
14825,31035,-82.72578581,32.82681441,0,0,0
14826,30315,-84.37346782,33.7306142,0,0,0
14827,39886,-84.61628406,31.75790401,0,0,0
14828,31313,-81.595852,31.8477886,0,0,0
14829,39819,-84.57128045,30.89306491,0,0,0
14830,39841,-84.7185569,31.2994631,0,0,0
14831,31021,-82.90927416,32.53830098,0,0,0
14832,30153,-84.96258643,33.98933629,0,0,0
14833,30107,-84.42330342,34.29067763,0,0,0
14834,30047,-84.0957099,33.8252636,0,0,0
14835,30058,-84.09870957,33.71429374,0,0,0
14836,31036,-83.47245937,32.30621626,0,0,0
14837,31558,-81.61965734,30.77462148,0,0,0
14838,31324,-81.35460248,31.9177608,0,0,0
14839,31331,-81.4215903,31.555697,0,0,0
14840,30439,-82.0547771,32.3993533,0,0,0
14841,30631,-82.89634008,33.56146376,0,0,0
14842,31211,-83.57462972,32.86559518,0,0,0
14843,31523,-81.5606136,31.2687598,0,0,0
14844,31522,-81.38705928,31.15681567,0,0,0
14845,30058,-84.1657292,33.7230611,0,0,0
14846,30501,-83.81910304,34.29921929,0,0,0
14847,30303,-84.38977368,33.75993459,0,0,0
14848,71109,-93.810468,32.4489164,0,0,0
14849,71266,-91.4336949,32.7376902,0,0,0
14850,70426,-89.8324105,30.8942022,0,0,0
14851,70818,-91.0292614,30.5353966,0,0,0
14852,70119,-90.0875462,29.9861348,0,0,0
14853,95928,-121.8164838,39.73561858,0,0,0
14854,95326,-120.8646343,37.5976043,0,0,0
14855,92382,-117.1213403,34.2154713,0,0,0
14856,92203,-116.2732805,33.75178852,0,0,0
14857,95358,-121.1407418,37.5612122,0,0,0
14858,95356,-121.0689979,37.7104445,0,0,0
14859,94503,-122.2484776,38.1717258,0,0,0
14860,93901,-121.6358234,36.6559125,0,0,0
14861,91355,-118.6010621,34.4401684,0,0,0
14862,06373,-71.813155,41.6929653,0,0,0
14863,06360,-72.09463872,41.50642529,0,0,0
14864,06419,-72.5650799,41.3576328,0,0,0
14865,06455,-72.7111775,41.5179647,0,0,0
14866,06260,-71.9108711,41.9197167,0,0,0
14867,06901,-73.5422347,41.0560761,0,0,0
14868,85704,-110.9754609,32.3523459,0,0,0
14869,32404,-85.5620175,30.22719,0,0,0
14870,80401,-105.1583105,39.7318853,0,0,0
14871,31816,-84.6212599,32.8453903,0,0,0
14872,30501,-83.827141,34.292507,0,0,0
14873,30553,-83.0770388,34.4975617,0,0,0
14874,30662,-83.16151826,34.29723297,0,0,0
14875,31780,-84.39394609,32.03420529,0,0,0
14876,31631,-82.362075,30.8265936,0,0,0
14877,30032,-84.2868588,33.7378502,0,0,0
14878,30060,-84.5124624,33.93434921,0,0,0
14879,30439,-82.0656902,32.4057743,0,0,0
14880,31210,-83.71047,32.874443,0,0,0
14881,30445,-82.58305657,32.18602472,0,0,0
14882,30349,-84.47652039,33.6107343,0,0,0
14883,30314,-84.4154924,33.7483313,0,0,0
14884,31750,-83.3871303,31.6639672,0,0,0
14885,31410,-81.0074922,32.0355213,0,0,0
14886,39823,-84.93401567,31.37767594,0,0,0
14887,31093,-83.6082552,32.6215699,0,0,0
14888,31401,-81.0982745,32.061309,0,0,0
14889,31405,-81.1668574,32.05985355,0,0,0
14890,31201,-83.63543916,32.83403382,0,0,0
14891,01351,-72.5428479,42.5634603,0,0,0
14892,21401,-76.49106319,38.98191484,0,0,0
14893,83686,-116.563647,43.580957,0,0,0
14894,20024,-77.0184242,38.8836318,0,0,0
14895,19901,-75.54553538,39.19361526,0,0,0
14896,61876,-87.82119894,39.91089942,0,0,0
14897,20650,-76.67774325,38.33418758,0,0,0
14898,42133,-85.96743873,36.72143859,0,0,0
14899,96819,-157.9197276,21.3320687,0,0,0
14900,96793,-156.5036338,20.886747,0,0,0
14901,46932,-86.18988528,40.57624139,0,0,0
14902,66607,-95.65530007,39.03126071,0,0,0
14903,21117,-76.78148523,39.44462875,0,0,0
14904,61101,-89.0970727,42.27192545,0,0,0
14905,20650,-76.6313471,38.3059662,0,0,0
14906,21502,-78.762566,39.65292728,0,0,0
14907,40741,-84.0831818,37.1287697,0,0,0
14908,83402,-112.0757612,43.49636271,0,0,0
14909,61101,-89.09754634,42.27190295,0,0,0
14910,62539,-89.24196878,39.85269372,0,0,0
14911,21084,-76.48172149,39.6022564,0,0,0
14912,20640,-77.1550207,38.6002759,0,0,0
14913,21657,-75.95833654,38.92576407,0,0,0
14914,21801,-75.5642298,38.4202523,0,0,0
14915,21617,-76.0200256,39.0330978,0,0,0
14916,21202,-76.61006052,39.30073521,0,0,0
14917,21157,-76.9575464,39.55504187,0,0,0
14918,66508,-96.63429185,39.84177092,0,0,0
14919,67661,-99.30825058,39.75673369,0,0,0
14920,67074,-96.78155777,37.68781283,0,0,0
14921,62693,-89.548952,39.953626,0,0,0
14922,41179,-83.3164513,38.6006321,0,0,0
14923,96701,-157.8992334,21.373535,0,0,0
14924,60804,-87.748769,41.850784,0,0,0
14925,62418,-88.95377546,38.99641133,0,0,0
14926,66716,-95.07193401,37.89472899,0,0,0
14927,48197,-83.6178479,42.2192639,0,0,0
14928,83401,-112.0282986,43.5028286,0,0,0
14929,30401,-82.3544927,32.6289588,0,0,0
14930,70094,-90.19709946,29.91839901,0,0,0
14931,51640,-95.687653,40.672556,0,0,0
14932,50309,-93.60771345,41.59202809,0,0,0
14933,34211,-82.4562427,27.472728,0,0,0
14934,81212,-105.1636032,38.4228642,0,0,0
14935,71486,-93.73562058,31.56382769,0,0,0
14936,70112,-90.0768851,29.9551664,0,0,0
14937,70802,-91.18716541,30.44557013,0,0,0
14938,71119,-93.85965706,32.46495618,0,0,0
14939,70448,-90.0659102,30.3553602,0,0,0
14940,71111,-93.71918427,32.55461694,0,0,0
14941,71119,-93.84535984,32.49320977,0,0,0
14942,71104,-93.72785043,32.4772463,0,0,0
14943,71106,-93.74777206,32.43186439,0,0,0
14944,71118,-93.78594429,32.40354138,0,0,0
14945,71109,-93.7861744,32.4932958,0,0,0
14946,70638,-92.7941426,30.8684693,0,0,0
14947,70740,-91.43249211,30.41061853,0,0,0
14948,70117,-90.03433586,29.97056296,0,0,0
14949,71429,-93.417085,31.381195,0,0,0
14950,71275,-92.78908175,32.53423416,0,0,0
14951,71065,-93.51486375,31.81904766,0,0,0
14952,71749,-92.7255047,33.0141035,0,0,0
14953,71034,-93.30242067,32.17571699,0,0,0
14954,71353,-91.74434052,30.69304892,0,0,0
14955,70789,-91.11732148,30.91864206,0,0,0
14956,71247,-92.71471226,32.27820771,0,0,0
14957,70761,-91.1051583,30.9668312,0,0,0
14958,71303,-92.51049676,31.29465922,0,0,0
14959,70127,-89.9680821,30.0273959,0,0,0
14960,96130,-120.6500392,40.4258008,0,0,0
14961,91371,-118.5732856,34.18372099,0,0,0
14962,95630,-121.1688747,38.70626673,0,0,0
14963,95814,-121.5005343,38.57816572,0,0,0
14964,91763,-117.6989293,34.0930066,0,0,0
14965,92505,-117.4648713,33.90791974,0,0,0
14966,93402,-120.8324926,35.3133771,0,0,0
14967,93243,-118.8785674,34.8255341,0,0,0
14968,90265,-118.8649548,34.08476503,0,0,0
14969,94956,-122.8080613,38.0680126,0,0,0
14970,52404,-91.7421361,41.964631,0,0,0
14971,06516,-72.96085279,41.29231246,0,0,0
14972,06426,-72.39572111,41.35409101,0,0,0
14973,06357,-72.23631594,41.3227995,0,0,0
14974,85713,-110.9339228,32.178515,0,0,0
14975,85735,-111.3095353,32.0795197,0,0,0
14976,86440,-114.5621496,34.8693635,0,0,0
14977,33194,-80.48426,25.763047,0,0,0
14978,30457,-82.5935364,32.3798518,0,0,0
14979,30346,-84.337993,33.9226372,0,0,0
14980,30363,-84.3979121,33.7927033,0,0,0
14981,30802,-82.3851568,33.6434819,0,0,0
14982,30442,-81.95840769,32.87596247,0,0,0
14983,31620,-83.5389619,31.1617404,0,0,0
14984,30122,-84.62871922,33.75249084,0,0,0
14985,30071,-84.2094325,33.9126956,0,0,0
14986,30316,-84.3553243,33.7259244,0,0,0
14987,31406,-81.1167294,32.0028112,0,0,0
14988,30106,-84.61172827,33.8399276,0,0,0
14989,30331,-84.5231098,33.7299489,0,0,0
14990,30809,-82.1310783,33.5452269,0,0,0
14991,30909,-82.03551009,33.47058095,0,0,0
14992,30904,-82.0154316,33.5060841,0,0,0
14993,30606,-83.4671967,33.9439662,0,0,0
14994,30501,-83.8448657,34.2946178,101,0,101
14995,30349,-84.5499133,33.601424,0,0,0
14996,30096,-84.1122364,33.9638666,0,0,0
14997,30318,-84.4607125,33.7772755,0,0,0
14998,30349,-84.4730332,33.6029119,0,0,0
14999,31815,-84.9135757,32.0688234,0,0,0
15000,30701,-84.9094745,34.5407538,0,0,0
15001,31411,-81.05364135,31.94962622,0,0,0
15002,30303,-84.3900759,33.7522217,0,0,0
15003,31069,-83.7426445,32.44264017,0,0,0
15004,30004,-84.28471127,34.06887628,0,0,0
15005,31055,-82.8971195,32.0673314,0,0,0
15006,30680,-83.733581,33.984197,0,0,0
15007,30720,-84.98507397,34.78949723,0,0,0
15008,30180,-84.9420344,33.7297552,0,0,0
15009,71107,-93.74970301,32.54041233,0,0,0
15010,71108,-93.7690476,32.4610354,0,0,0
15011,70115,-90.1005088,29.9211531,0,0,0
15012,71229,-91.87059067,32.68918562,0,0,0
15013,70051,-90.6175348,30.056973,0,0,0
15014,70615,-93.1409667,30.2271365,0,0,0
15015,70767,-91.2092997,30.4599861,0,0,0
15016,70056,-90.03949,29.9219269,0,0,0
15017,71049,-94.00530882,31.97308525,0,0,0
15018,70422,-90.5041558,30.7271227,0,0,0
15019,70359,-90.7807604,29.6789427,0,0,0
15020,95667,-120.8305201,38.7210824,0,0,0
15021,95531,-124.1906175,41.7643324,0,0,0
15022,92054,-117.258461,33.19105148,0,0,0
15023,95548,-124.0623285,41.50109424,0,0,0
15024,90401,-118.4974344,34.00902818,0,0,0
15025,96130,-120.514582,40.4020276,0,0,0
15026,90017,-118.2670151,34.05675072,0,0,0
15027,94806,-122.3537775,37.99495289,0,0,0
15028,95249,-120.6711353,38.1910281,0,0,0
15029,94561,-121.7181429,37.99712162,0,0,0
15030,93452,-121.187586,35.64402238,0,0,0
15031,95120,-121.8738492,37.24141317,0,0,0
15032,95824,-121.438662,38.51100445,0,0,0
15033,93001,-119.274456,34.26948319,0,0,0
15034,95660,-121.3842605,38.70351177,0,0,0
15035,91302,-118.7126916,34.09838736,0,0,0
15036,95127,-121.803087,37.39596292,0,0,0
15037,92081,-117.2569271,33.1920708,0,0,0
15038,93405,-120.726566,35.3206481,0,0,0
15039,92371,-117.5212552,34.4234287,0,0,0
15040,92373,-117.1823034,34.0552956,0,0,0
15041,92410,-117.2822086,34.1048802,0,0,0
15042,95020,-121.5560288,37.0045526,0,0,0
15043,95003,-121.871264,36.9709127,0,0,0
15044,95202,-121.2905668,37.9669424,0,0,0
15045,90263,-118.7082094,34.0425624,0,0,0
15046,92110,-117.2044933,32.7640413,0,0,0
15047,95310,-120.4021178,38.03410066,0,0,0
15048,92672,-117.5992143,33.40338892,0,0,0
15049,93021,-118.8352184,34.30181365,0,0,0
15050,95945,-121.0348946,39.23570709,0,0,0
15051,93555,-117.6688284,35.62862657,0,0,0
15052,93514,-118.3956594,37.3574465,0,0,0
15053,93635,-120.8615663,37.0573414,0,0,0
15054,95828,-121.3984075,38.52059685,0,0,0
15055,94599,-122.3573235,38.3949272,0,0,0
15056,95959,-120.9351673,39.30802397,0,0,0
15057,95476,-122.4585156,38.297869,0,0,0
15058,92703,-117.8787864,33.7488209,0,0,0
15059,93021,-118.8741412,34.2833997,0,0,0
15060,96022,-122.2808184,40.3523315,0,0,0
15061,95148,-121.8098447,37.3350556,0,0,0
15062,93210,-120.3576967,36.1790785,0,0,0
15063,93277,-119.3462079,36.3259747,0,0,0
15064,91330,-118.5238511,34.24807351,0,0,0
15065,95002,-121.9766209,37.4264158,0,0,0
15066,95966,-121.5043863,39.51080563,0,0,0
15067,91761,-117.6115076,34.05160384,0,0,0
15068,92301,-117.4574837,34.54738658,0,0,0
15069,92262,-116.5080826,33.823219,0,0,0
15070,02747,-70.98875811,41.65832555,0,0,0
15071,06382,-72.11574545,41.47350112,0,0,0
15072,06268,-72.2426331,41.8013951,0,0,0
15073,06063,-72.9639866,41.9210324,0,0,0
15074,06524,-72.9936242,41.4334254,0,0,0
15075,06330,-72.0843936,41.6163097,0,0,0
15076,06415,-72.3286248,41.5760105,0,0,0
15077,06420,-72.2766634,41.4927777,0,0,0
15078,06226,-72.19250037,41.72114173,0,0,0
15079,06511,-72.9287357,41.3159744,0,0,0
15080,06604,-73.1927804,41.1817119,0,0,0
15081,06013,-72.9535208,41.7725757,0,0,0
15082,06415,-72.33898887,41.57892419,0,0,0
15083,86001,-111.666007,35.1918812,0,0,0
15084,85363,-112.2989761,33.579726,0,0,0
15085,33331,-80.363063,26.0393236,0,0,0
15086,33612,-82.4267796,28.0356074,0,0,0
15087,33403,-80.0643952,26.799022,0,0,0
15088,32068,-81.83255168,30.10318081,0,0,0
15089,33138,-80.1674191,25.8492626,0,0,0
15090,33897,-81.6519,28.245426,0,0,0
15091,33476,-80.6655173,26.8244165,0,0,0
15092,33412,-80.1368856,26.79812999,0,0,0
15093,33445,-80.0926264,26.4551333,0,0,0
15094,32459,-86.1788134,30.3723082,0,0,0
15095,33908,-81.936256,26.513937,0,0,0
15096,34950,-80.3363362,27.4526515,0,0,0
15097,33570,-82.3893006,27.7147459,0,0,0
15098,33122,-80.2698654,25.7966876,0,0,0
15099,32819,-81.4554894,28.4588966,0,0,0
15100,32713,-81.30800479,28.88406661,0,0,0
15101,32114,-81.0608128,29.1847056,0,0,0
15102,32117,-81.121731,29.330169,0,0,0
15103,32725,-81.225344,28.906735,0,0,0
15104,32055,-82.64360959,30.22039626,0,0,0
15105,33498,-80.205332,26.409658,0,0,0
15106,33430,-80.6650321,26.7250115,0,0,0
15107,32566,-86.8629052,30.4221687,0,0,0
15108,32351,-84.6203579,30.5867555,0,0,0
15109,33174,-80.3763628,25.7561241,0,0,0
15110,32807,-81.3094141,28.5437586,0,0,0
15111,33916,-81.8372927,26.6426318,0,0,0
15112,32778,-81.73293008,28.80191337,0,0,0
15113,34221,-82.5355508,27.6412319,0,0,0
15114,33839,-81.7541533,27.9773712,0,0,0
15115,32563,-87.0868217,30.3854487,0,0,0
15116,33843,-81.5322921,27.7443079,0,0,0
15117,33070,-80.5518441,24.9808039,0,0,0
15118,33841,-81.80230458,27.75304686,0,0,0
15119,32565,-87.1602116,30.952707,0,0,0
15120,33881,-81.7238588,28.0415667,0,0,0
15121,33598,-82.31503228,27.71863962,0,0,0
15122,33563,-82.1203158,28.017538,0,0,0
15123,33610,-82.4015983,28.0020928,0,0,0
15124,34601,-82.4013057,28.5914131,0,0,0
15125,33527,-82.21948838,27.9935109,0,0,0
15126,32653,-82.35439,29.7116397,0,0,0
15127,33467,-80.1748431,26.6343014,0,0,0
15128,33612,-82.4151969,28.0519558,0,0,0
15129,34203,-82.4977994,27.4466013,0,0,0
15130,32724,-81.2743942,29.0588429,0,0,0
15131,34114,-81.67126155,26.15528532,0,0,0
15132,32131,-81.6075853,29.6438194,0,0,0
15133,32404,-85.5785113,30.236019,0,0,0
15134,33781,-82.7333,27.828734,0,0,0
15135,34761,-81.5032922,28.5174435,0,0,0
15136,32628,-83.13285121,29.63659169,0,0,0
15137,33619,-82.367067,27.894557,0,0,0
15138,34471,-82.103783,29.1810846,0,0,0
15139,33570,-82.4458381,27.7204321,0,0,0
15140,33584,-82.27849292,27.9854373,0,0,0
15141,33626,-82.6464786,28.0600681,0,0,0
15142,33614,-82.5044068,28.0257152,0,0,0
15143,34474,-82.2193022,29.1706484,0,0,0
15144,34475,-82.1649464,29.185687,0,0,0
15145,33160,-80.1199049,25.9663041,0,0,0
15146,34471,-82.11791527,29.18593227,0,0,0
15147,34475,-82.150698,29.2737108,0,0,0
15148,34472,-82.01068897,29.1035048,0,0,0
15149,33141,-80.1236678,25.8534554,0,0,0
15150,33135,-80.2315848,25.7723322,0,0,0
15151,33173,-80.3361056,25.7153162,0,0,0
15152,32615,-82.4691903,29.785355,0,0,0
15153,32413,-85.9406041,30.2546526,0,0,0
15154,33952,-82.09788694,26.9838278,0,0,0
15155,34224,-82.3125488,26.9216599,0,0,0
15156,32901,-80.6211892,28.0962126,0,0,0
15157,33301,-80.1410514,26.1152354,0,0,0
15158,33903,-81.8849186,26.6667586,0,0,0
15159,32404,-85.5742205,30.1406606,0,0,0
15160,33313,-80.239846,26.1544291,0,0,0
15161,32444,-85.6478813,30.23686,0,0,0
15162,32073,-81.7448707,30.1772211,0,0,0
15163,33921,-82.2609042,26.7499163,0,0,0
15164,34135,-81.8035119,26.3282301,0,0,0
15165,34428,-82.5949534,28.9001121,0,0,0
15166,32401,-85.649906,30.1651288,0,0,0
15167,34465,-82.46374566,28.92303129,0,0,0
15168,34601,-82.3793042,28.5434858,0,0,0
15169,32407,-85.8186389,30.1859602,0,0,0
15170,32401,-85.6235297,30.1726088,0,0,0
15171,32609,-82.2767008,29.6864591,0,0,0
15172,32920,-80.60449006,28.38447014,0,0,0
15173,33441,-80.0982339,26.3202549,0,0,0
15174,32808,-81.4456356,28.5783303,0,0,0
15175,71006,-93.743366,32.679883,0,0,0
15176,71104,-93.7292358,32.4820688,0,0,0
15177,70615,-93.1626777,30.226545,0,0,0
15178,70065,-90.239119,30.0112413,0,0,0
15179,70471,-90.0874319,30.4027753,0,0,0
15180,70810,-91.0311656,30.3462229,0,0,0
15181,71115,-93.4996684,32.2486893,0,0,0
15182,95531,-124.1862072,41.7722562,0,0,0
15183,95988,-122.2001936,39.5196481,0,0,0
15184,96130,-120.5923309,40.3789433,0,0,0
15185,93033,-119.1573226,34.16464061,0,0,0
15186,92021,-116.9185415,32.8134666,0,0,0
15187,95363,-121.1306327,37.4704848,0,0,0
15188,95838,-121.4299351,38.6324447,0,0,0
15189,91335,-118.5474109,34.1933166,0,0,0
15190,93001,-119.2987066,34.3017241,0,0,0
15191,95817,-121.4564349,38.5549545,0,0,0
15192,96145,-120.1199423,39.1881695,0,0,0
15193,90221,-118.2112485,33.87732055,0,0,0
15194,92504,-117.4122308,33.922273,0,0,0
15195,95367,-120.9360167,37.7367142,0,0,0
15196,94949,-122.5825454,38.0767497,0,0,0
15197,93455,-120.4479077,34.88261357,0,0,0
15198,91355,-118.5513401,34.4158699,0,0,0
15199,95128,-121.9256712,37.3152292,0,0,0
15200,93206,-119.4678352,35.4001449,0,0,0
15201,94568,-121.8881203,37.7176702,0,0,0
15202,93215,-119.2412817,35.7630188,0,0,0
15203,95826,-121.4072234,38.544217,0,0,0
15204,93225,-118.9454922,34.8216538,0,0,0
15205,90723,-118.1606955,33.8970338,0,0,0
15206,01056,-72.5126187,42.2031563,0,0,0
15207,02118,-71.06113886,42.33162367,0,0,0
15208,06759,-73.2176861,41.7363489,0,0,0
15209,06248,-72.3622006,41.6586476,0,0,0
15210,06757,-73.4721324,41.7264753,0,0,0
15211,06422,-72.68114821,41.47099445,0,0,0
15212,85545,-111.141402,33.669708,0,0,0
15213,86001,-111.6756001,35.19036617,0,0,0
15214,85377,-111.9226056,33.8240665,0,0,0
15215,86047,-110.3194121,35.3893644,0,0,0
15216,85023,-112.1131599,33.6486094,0,0,0
15217,86305,-112.4654244,34.6095772,0,0,0
15218,85635,-110.2722063,31.5663849,0,0,0
15219,86401,-114.0377943,35.2208497,0,0,0
15220,72301,-90.0894738,35.1534724,0,0,0
15221,33931,-81.9411064,26.4917627,0,0,0
15222,34785,-82.01872647,28.86277461,0,0,0
15223,32114,-81.0234794,29.2152963,0,0,0
15224,33573,-82.3523583,27.7157716,0,0,0
15225,32137,-81.1949216,29.617266,0,0,0
15226,33308,-80.0968393,26.1926159,0,0,0
15227,32827,-81.3081932,28.4311696,0,0,0
15228,33042,-81.5061613,24.6644129,0,0,0
15229,33150,-80.2131419,25.8318336,0,0,0
15230,32656,-82.0303578,29.7809041,0,0,0
15231,34120,-81.5838642,26.2930783,0,0,0
15232,33324,-80.25494334,26.11943603,0,0,0
15233,34446,-82.5695612,28.8041118,0,0,0
15234,32601,-82.3242437,29.6514324,0,0,0
15235,32055,-82.55753608,30.19037831,0,0,0
15236,32538,-86.3020984,30.9684707,0,0,0
15237,32179,-81.921326,29.04273565,0,0,0
15238,32134,-81.7397484,29.3644598,0,0,0
15239,33605,-82.4359672,27.9615715,0,0,0
15240,34104,-81.77833939,26.15812894,0,0,0
15241,34450,-82.31447,28.8097487,0,0,0
15242,34606,-82.5926991,28.49138943,0,0,0
15243,34607,-82.65060529,28.48965373,0,0,0
15244,34434,-82.4600195,29.0365507,0,0,0
15245,34104,-81.7751189,26.1634116,0,0,0
15246,32439,-86.1376956,30.4919918,0,0,0
15247,32114,-81.0216552,29.2154507,0,0,0
15248,32124,-81.14888124,29.14644966,0,0,0
15249,32724,-81.2861945,29.0601945,0,0,0
15250,33614,-82.5074861,27.9732072,0,0,0
15251,32137,-81.227313,29.548832,0,0,0
15252,32746,-81.350045,28.764955,0,0,0
15253,33610,-82.4353262,27.9790819,0,0,0
15254,33625,-82.5708073,28.0705669,0,0,0
15255,33619,-82.3379367,27.96455,0,0,0
15256,34293,-82.4011963,27.0440682,0,0,0
15257,32773,-81.2894826,28.7563926,0,0,0
15258,34698,-82.7843988,28.0116685,0,0,0
15259,32465,-85.1990866,30.1157332,0,0,0
15260,32822,-81.2992551,28.4994837,0,0,0
15261,34488,-81.88818436,29.18081825,0,0,0
15262,32765,-81.1885349,28.6700267,0,0,0
15263,34237,-82.5286364,27.3359427,0,0,0
15264,34266,-81.7996874,27.13469516,0,0,0
15265,33125,-80.2168462,25.7858515,0,0,0
15266,32124,-81.1457366,29.1430085,0,0,0
15267,33172,-80.3741597,25.7814499,0,0,0
15268,33189,-80.3665871,25.5710302,0,0,0
15269,32168,-80.9213051,29.0257628,0,0,0
15270,33126,-80.3245192,25.7829448,0,0,0
15271,33613,-82.4623146,28.0872372,0,0,0
15272,33147,-80.245237,25.8492715,0,0,0
15273,33142,-80.218358,25.8099793,0,0,0
15274,33326,-80.3811698,26.0932907,0,0,0
15275,33901,-81.8705009,26.6414249,0,0,0
15276,33166,-80.2853126,25.8207433,0,0,0
15277,33160,-80.1549963,25.9200005,0,0,0
15278,33130,-80.1966915,25.77376,0,0,0
15279,33127,-80.1991049,25.8094018,0,0,0
15280,33172,-80.34418578,25.80019279,0,0,0
15281,33183,-80.38110168,25.69614159,0,0,0
15282,33186,-80.4229653,25.6746312,0,0,0
15283,33406,-80.0902271,26.6885148,0,0,0
15284,32162,-81.9701925,28.9195584,0,0,0
15285,33493,-80.7134286,26.6612924,0,0,0
15286,33409,-80.11217315,26.7042552,0,0,0
15287,34116,-81.7035826,26.1831239,0,0,0
15288,32720,-81.30474288,28.99841075,0,0,0
15289,32701,-81.389876,28.679647,0,0,0
15290,33060,-80.1253844,26.2258216,0,0,0
15291,32703,-81.4514081,28.6732348,0,0,0
15292,32561,-87.1433786,30.3312472,0,0,0
15293,32055,-82.63587391,30.19053655,0,0,0
15294,32055,-82.64352313,30.22089692,0,0,0
15295,34480,-82.09114478,29.10537445,0,0,0
15296,33619,-82.3712992,27.9587807,0,0,0
15297,32609,-82.27963433,29.67782531,0,0,0
15298,34139,-81.3638961,25.9098063,0,0,0
15299,33868,-81.8228505,28.18271205,0,0,0
15300,33004,-80.1451886,26.0518756,0,0,0
15301,34216,-82.73616228,27.52713359,0,0,0
15302,33602,-82.4541922,27.9510031,0,0,0
15303,33809,-81.9710745,28.0972332,0,0,0
15304,34145,-81.7234137,25.9604523,0,0,0
15305,33813,-81.8944584,27.9912315,0,0,0
15306,33411,-80.22717977,26.70557176,0,0,0
15307,33411,-80.19289289,26.68623164,0,0,0
15308,33026,-80.2871272,26.0438238,0,0,0
15309,33440,-80.933829,26.748575,0,0,0
15310,33319,-80.20718982,26.17006857,0,0,0
15311,34142,-81.4167797,26.4170548,0,0,0
15312,33880,-81.771431,28.0299961,0,0,0
15313,33407,-80.0819984,26.7554894,0,0,0
15314,33619,-82.373743,27.9600945,0,0,0
15315,32340,-83.4221554,30.4679867,0,0,0
15316,33050,-81.0962493,24.710371,0,0,0
15317,34956,-80.4794078,27.0285224,0,0,0
15318,34113,-81.7321469,26.0907545,0,0,0
15319,34108,-81.8058982,26.2506766,0,0,0
15320,33321,-80.2719356,26.2130942,0,0,0
15321,33334,-80.133011,26.194373,0,0,0
15322,33414,-80.2461116,26.6727024,0,0,0
15323,33176,-80.3874625,25.6637375,0,0,0
15324,32084,-81.3601531,29.9157059,0,0,0
15325,32091,-82.1021855,29.9683431,0,0,0
15326,32308,-84.2454492,30.4545953,0,0,0
15327,32926,-80.7825706,28.3570804,0,0,0
15328,34266,-81.85456926,27.22705242,0,0,0
15329,33325,-80.3362545,26.1198839,0,0,0
15330,32055,-82.655232,30.183569,0,0,0
15331,34135,-81.7782978,26.3401059,0,0,0
15332,34293,-82.3994861,27.0492608,0,0,0
15333,33805,-81.9527777,28.0833764,0,0,0
15334,34946,-80.3508087,27.4870883,0,0,0
15335,32446,-85.295393,30.7837426,0,0,0
15336,33907,-81.8629935,26.5910054,0,0,0
15337,33050,-81.0941007,24.7116334,0,0,0
15338,33523,-82.1792331,28.5071115,0,0,0
15339,33767,-82.8235576,27.9672851,0,0,0
15340,33761,-82.7080344,28.0254672,0,0,0
15341,33023,-80.1758294,25.9854538,0,0,0
15342,32577,-87.3494368,30.706357,0,0,0
15343,33315,-80.146506,26.0731348,0,0,0
15344,33014,-80.2982436,25.9101116,0,0,0
15345,32507,-87.41666572,30.31997673,0,0,0
15346,32505,-87.2500099,30.4209355,0,0,0
15347,32535,-87.2660704,30.9704371,0,0,0
15348,32507,-87.26725376,30.39117263,0,0,0
15349,32803,-81.3410819,28.5588384,0,0,0
15350,34638,-82.450591,28.451139,0,0,0
15351,34637,-82.4836714,28.3075497,0,0,0
15352,80214,-105.0727916,39.7458834,0,0,0
15353,80202,-104.9911717,39.7392552,0,0,0
15354,80503,-105.1543727,40.10128628,0,0,0
15355,80620,-104.6846439,40.3739085,0,0,0
15356,81047,-102.1232762,38.0504285,0,0,0
15357,80504,-104.9756786,40.1695987,0,0,0
15358,81137,-107.6328754,37.13352786,0,0,0
15359,80905,-104.8442378,38.82395663,0,0,0
15360,80262,-104.9372627,39.7304752,0,0,0
15361,80249,-104.6737719,39.8495308,0,0,0
15362,80219,-105.019751,39.6782166,0,0,0
15363,80239,-104.8486072,39.7811938,0,0,0
15364,80517,-105.4963731,40.3679443,0,0,0
15365,80211,-105.0028052,39.7805941,0,0,0
15366,80916,-104.7008946,38.7974111,0,0,0
15367,80210,-104.9600254,39.6868895,0,0,0
15368,80207,-104.9228982,39.7710206,0,0,0
15369,80221,-105.0035812,39.7901078,0,0,0
15370,80124,-104.8808131,39.537001,0,0,0
15371,80027,-105.1608025,39.9281126,0,0,0
15372,81413,-107.9251649,38.90151528,0,0,0
15373,80302,-105.2752717,40.00713153,0,0,0
15374,31707,-84.2094996,31.5825505,0,0,0
15375,31061,-83.228481,33.081363,0,0,0
15376,30314,-84.4113367,33.7487251,0,0,0
15377,30157,-84.759105,33.9739791,0,0,0
15378,30084,-84.2041343,33.8576069,0,0,0
15379,30236,-84.35755101,33.50653653,0,0,0
15380,30161,-85.1719258,34.2555191,0,0,0
15381,30115,-84.28924398,34.23655011,0,0,0
15382,71301,-92.4686186,31.3173342,0,0,0
15383,94517,-121.865115,37.8945432,0,0,0
15384,92102,-117.1398179,32.7060639,0,0,0
15385,95742,-121.2612179,38.5876545,0,0,0
15386,92408,-117.2733461,34.1022661,0,0,0
15387,95713,-120.9539645,39.0998077,0,0,0
15388,92311,-117.0244239,34.8927964,0,0,0
15389,92392,-117.3307075,34.5098051,0,0,0
15390,01852,-71.3022151,42.632336,0,0,0
15391,02129,-71.05545657,42.38287849,0,0,0
15392,02493,-71.3092669,42.3510653,0,0,0
15393,01531,-72.13487607,42.30885901,0,0,0
15394,02740,-70.935101,41.633614,0,0,0
15395,01109,-72.55670918,42.10224832,0,0,0
15396,02114,-71.06036044,42.36191508,0,0,0
15397,01742,-71.3932126,42.4665159,0,0,0
15398,01119,-72.51633309,42.11535073,0,0,0
15399,01473,-71.9192071,42.5740826,0,0,0
15400,01355,-72.3313841,42.50034499,0,0,0
15401,02467,-71.1686748,42.33630352,0,0,0
15402,02210,-71.03706174,42.34375328,0,0,0
15403,01237,-73.31104498,42.54804972,0,0,0
15404,02138,-71.1122575,42.370033,0,0,0
15405,02186,-71.11637022,42.23793808,0,0,0
15406,02713,-70.9297036,41.4213136,0,0,0
15407,01002,-72.51851305,42.37237965,0,0,0
15408,02554,-69.9752789,41.2519508,0,0,0
15409,01379,-72.39640076,42.54762544,0,0,0
15410,02215,-71.11864833,42.35254199,0,0,0
15411,01608,-71.80081291,42.26320446,0,0,0
15412,01085,-72.730667,42.1309626,0,0,0
15413,02740,-70.92668114,41.63470441,0,0,0
15414,01002,-72.52528944,42.32665188,0,0,0
15415,01527,-71.7891669,42.2080436,0,0,0
15416,01256,-73.0251064,42.5636884,0,0,0
15417,02128,-71.0175552,42.3674518,0,0,0
15418,02127,-71.0250077,42.33881588,0,0,0
15419,01060,-72.63904458,42.31306339,0,0,0
15420,02481,-71.30952339,42.29560205,0,0,0
15421,01581,-71.6324478,42.2880659,0,0,0
15422,02141,-71.08054001,42.37131762,0,0,0
15423,01151,-72.51393283,42.14383902,0,0,0
15424,01854,-71.31968,42.6481013,0,0,0
15425,02132,-71.1483767,42.2868155,0,0,0
15426,01730,-71.2912434,42.4631445,0,0,0
15427,01852,-71.3094038,42.6472157,0,0,0
15428,02601,-70.2834322,41.6544508,0,0,0
15429,02119,-71.08404117,42.32766227,0,0,0
15430,50309,-93.6247679,41.5851451,0,0,0
15431,33068,-80.2213086,26.2220329,0,0,0
15432,80427,-105.511076,39.80076562,0,0,0
15433,81623,-107.0907991,39.3924494,0,0,0
15434,81424,-108.5630393,38.2413409,0,0,0
15435,80210,-104.9805836,39.6744678,0,0,0
15436,80103,-104.2194104,39.7179864,0,0,0
15437,80120,-105.0079712,39.6126507,0,0,0
15438,30008,-84.5766317,33.9035726,0,0,0
15439,30339,-84.4841125,33.8492256,0,0,0
15440,30141,-84.7555088,33.8844102,0,0,0
15441,70339,-91.21314133,29.93722149,0,0,0
15442,71203,-91.9895655,32.5186133,0,0,0
15443,92223,-116.9474569,33.922792,0,0,0
15444,92504,-117.4104999,33.9220162,0,0,0
15445,93230,-119.6698743,36.3197099,0,0,0
15446,92692,-117.6623787,33.5486797,0,0,0
15447,93465,-120.711568,35.5558129,0,0,0
15448,90230,-118.3917021,33.9807913,0,0,0
15449,93212,-119.5600214,36.0992334,0,0,0
15450,94063,-122.2054955,37.4729795,0,0,0
15451,94605,-122.1754509,37.7675053,0,0,0
15452,96150,-120.0186359,38.8536627,0,0,0
15453,95531,-124.1512314,41.85488078,0,0,0
15454,94609,-122.2662512,37.8248788,0,0,0
15455,95642,-120.7632275,38.3430672,0,0,0
15456,92649,-118.077492,33.7282272,0,0,0
15457,92509,-117.4462297,34.0126689,0,0,0
15458,91766,-117.7491604,34.0518604,0,0,0
15459,94954,-122.5867679,38.2543714,0,0,0
15460,94954,-122.5869566,38.25413849,0,0,0
15461,94117,-122.4504133,37.7766032,0,0,0
15462,95202,-121.2911716,37.9564469,0,0,0
15463,91304,-118.5999095,34.22146694,0,0,0
15464,92037,-117.2156094,32.8767878,0,0,0
15465,92591,-117.1548591,33.52465374,0,0,0
15466,92363,-114.6210576,34.8360463,0,0,0
15467,92123,-117.1279896,32.8333515,0,0,0
15468,93728,-119.8293438,36.7584011,0,0,0
15469,93210,-120.3596318,36.1382657,0,0,0
15470,95971,-120.9393911,39.9371883,0,0,0
15471,92563,-117.1208285,33.5820336,0,0,0
15472,96080,-122.2393881,40.1932158,0,0,0
15473,93204,-120.1307018,36.0028371,0,0,0
15474,92220,-116.8372853,33.9305098,0,0,0
15475,92252,-116.2739858,34.1346425,0,0,0
15476,94928,-122.7206501,38.3500714,0,0,0
15477,92590,-117.1350334,33.4470053,0,0,0
15478,95742,-121.2618292,38.6067365,0,0,0
15479,95521,-124.0792231,40.8611047,0,0,0
15480,95571,-123.93154,40.37518222,0,0,0
15481,95939,-122.7216568,39.6528806,0,0,0
15482,01060,-72.6591907,42.3076082,0,0,0
15483,02745,-70.9345021,41.6814194,0,0,0
15484,02066,-70.7164492,42.1989456,0,0,0
15485,01098,-72.93828948,42.40662072,0,0,0
15486,01566,-72.0829817,42.1122883,0,0,0
15487,01104,-72.5851262,42.1143416,0,0,0
15488,01949,-70.98672564,42.59780797,0,0,0
15489,02108,-71.06143516,42.36009491,0,0,0
15490,01104,-72.584814,42.119912,0,0,0
15491,01331,-72.1372516,42.5707675,0,0,0
15492,01702,-71.4140537,42.2921524,0,0,0
15493,01378,-72.3381282,42.6823604,0,0,0
15494,01070,-72.9128753,42.5161095,0,0,0
15495,01223,-73.115827,42.373161,0,0,0
15496,01238,-73.257078,42.31614,0,0,0
15497,01923,-70.96827288,42.58620476,0,0,0
15498,02121,-71.0842791,42.3160812,0,0,0
15499,01007,-72.34804034,42.27961361,0,0,0
15500,01254,-73.36698,42.3900924,0,0,0
15501,01253,-73.0933419,42.1925866,0,0,0
15502,01346,-72.82185077,42.67374689,0,0,0
15503,02186,-71.0930861,42.214797,0,0,0
15504,01089,-72.6056966,42.1000551,0,0,0
15505,02155,-71.083217,42.4043143,0,0,0
15506,01103,-72.589262,42.0997243,0,0,0
15507,01507,-72.0410278,42.1348049,0,0,0
15508,01610,-71.82403155,42.25147444,0,0,0
15509,01013,-72.609101,42.14517797,0,0,0
15510,02114,-71.0689298,42.3668405,0,0,0
15511,01434,-71.6090503,42.5472695,0,0,0
15512,02452,-71.2209917,42.3857985,0,0,0
15513,02151,-70.9894799,42.4143161,0,0,0
15514,02453,-71.2554588,42.3661094,0,0,0
15515,02111,-71.0614555,42.3500904,0,0,0
15516,02120,-71.08524217,42.3375716,0,0,0
15517,02115,-71.09974536,42.3384271,0,0,0
15518,02108,-71.0621739,42.35907954,0,0,0
15519,01340,-72.706961,42.6737964,0,0,0
15520,01845,-71.12411866,42.66969966,0,0,0
15521,01225,-73.147127,42.5881186,0,0,0
15522,02466,-71.2450348,42.3429877,0,0,0
15523,02125,-71.0489781,42.3225159,0,0,0
15524,02118,-71.0692572,42.3394174,0,0,0
15525,01930,-70.650559,42.6149031,0,0,0
15526,02554,-70.1078402,41.2899182,0,0,0
15527,02453,-71.2348474,42.3745388,0,0,0
15528,01243,-73.0095374,42.3446052,0,0,0
15529,02668,-70.33767491,41.69133454,0,0,0
15530,02481,-71.26110389,42.29687708,0,0,0
15531,02043,-70.919789,42.2529667,0,0,0
15532,02740,-70.92054468,41.63464702,0,0,0
15533,01266,-73.3743378,42.3364217,0,0,0
15534,01368,-72.187754,42.6730476,0,0,0
15535,01103,-72.5932351,42.1058384,0,0,0
15536,01008,-72.925512,42.180743,0,0,0
15537,01010,-72.203955,42.121796,0,0,0
15538,01521,-72.160707,42.066094,0,0,0
15539,01011,-72.982419,42.280069,0,0,0
15540,01367,-72.8983999,42.6947163,0,0,0
15541,01013,-72.606442,42.1876017,0,0,0
15542,02664,-70.1971993,41.664429,0,0,0
15543,01060,-72.6400978,42.3544428,0,0,0
15544,01027,-72.7663028,42.3049308,0,0,0
15545,02061,-70.7949804,42.1614083,0,0,0
15546,01702,-71.41419512,42.29745213,0,0,0
15547,02127,-71.0549438,42.341164,0,0,0
15548,02128,-71.0387491,42.3710884,0,0,0
15549,02136,-71.1241519,42.2564543,0,0,0
15550,02124,-71.091641,42.2846985,0,0,0
15551,01841,-71.1358318,42.7141628,0,0,0
15552,02532,-70.5981611,41.7408063,0,0,0
15553,02035,-71.285706,42.0750116,0,0,0
15554,01085,-72.7333702,42.1432828,0,0,0
15555,01843,-71.1536139,42.7022422,0,0,0
15556,48103,-83.8394301,42.2993865,0,0,0
15557,47834,-87.1256338,39.5229737,0,0,0
15558,04578,-69.698813,43.978346,0,0,0
15559,66106,-94.66761422,39.06057084,0,0,0
15560,46737,-84.8546545,41.7298673,0,0,0
15561,42348,-86.7498567,37.9013586,0,0,0
15562,49201,-84.3904953,42.2826688,0,0,0
15563,46060,-85.99316753,40.05216532,0,0,0
15564,40503,-84.5249603,38.0256296,0,0,0
15565,46939,-86.4146073,41.0161729,0,0,0
15566,47140,-86.34232465,38.3690262,0,0,0
15567,62240,-90.23054,38.5399452,0,0,0
15568,67732,-101.3752265,39.3616471,0,0,0
15569,40444,-84.57930288,37.61835353,0,0,0
15570,04473,-68.6797852,44.8728154,0,0,0
15571,46208,-86.1686189,39.8363168,0,0,0
15572,62617,-90.1422967,40.1900572,0,0,0
15573,21771,-77.1548029,39.3762073,0,0,0
15574,48150,-83.4010078,42.3760722,0,0,0
15575,62670,-89.91017719,39.72452534,0,0,0
15576,49015,-85.21151297,42.29883415,0,0,0
15577,40209,-85.7417448,38.1860368,0,0,0
15578,83616,-116.3403607,43.69267159,0,0,0
15579,47857,-87.0919719,39.5255428,0,0,0
15580,66207,-94.653752,38.9372059,0,0,0
15581,66434,-95.53321528,39.85268464,0,0,0
15582,41822,-82.98191555,37.33514117,0,0,0
15583,60924,-87.8936693,40.5649585,0,0,0
15584,62827,-88.06486112,38.16183891,0,0,0
15585,21202,-76.61291841,39.2926625,0,0,0
15586,60048,-87.9580534,42.296422,0,0,0
15587,49721,-84.4780719,45.6265984,0,0,0
15588,40057,-85.1155589,38.3464238,0,0,0
15589,66512,-95.57049377,39.1906335,0,0,0
15590,61301,-89.097366,41.363343,0,0,0
15591,62927,-89.2364189,37.9403208,0,0,0
15592,21784,-76.88339738,39.41921662,0,0,0
15593,67880,-101.3620558,37.5759286,0,0,0
15594,66039,-95.1551069,38.0832247,0,0,0
15595,67053,-97.34636196,38.24606133,0,0,0
15596,49022,-86.4070421,42.1003118,0,0,0
15597,66517,-96.7093774,39.1161314,0,0,0
15598,40356,-84.5422204,37.9394342,0,0,0
15599,46222,-86.21455543,39.76884136,0,0,0
15600,41031,-84.2986442,38.3893872,0,0,0
15601,83341,-114.3643834,42.5344612,0,0,0
15602,04106,-70.229212,43.646642,0,0,0
15603,62433,-87.65610732,39.10921783,0,0,0
15604,20794,-76.78118377,39.17186032,0,0,0
15605,21228,-76.7225198,39.2640013,0,0,0
15606,49090,-86.2694112,42.3959809,0,0,0
15607,83844,-117.0117242,46.7324649,0,0,0
15609,49328,-85.7616478,42.6232232,0,0,0
15610,62890,-88.76432433,37.9168127,0,0,0
15611,20009,-77.0379555,38.917876,0,0,0
15612,20011,-77.0274259,38.9631183,0,0,0
15613,20002,-76.9736593,38.9150918,0,0,0
15614,21401,-76.5030071,38.9863467,0,0,0
15615,21062,-76.6124398,39.19784,0,0,0
15616,49855,-87.415183,46.566905,0,0,0
15617,60564,-88.199759,41.7059885,0,0,0
15618,20019,-76.9429647,38.8924824,0,0,0
15619,20016,-77.074856,38.934851,0,0,0
15620,60922,-87.9093122,41.0009704,0,0,0
15621,04084,-70.4815422,43.8274669,0,0,0
15622,04769,-68.03459388,46.69468339,0,0,0
15623,61942,-87.98531694,39.79757342,0,0,0
15624,60140,-88.41724923,42.07389367,0,0,0
15625,46917,-86.5400563,40.608848,0,0,0
15626,61761,-88.99765975,40.52414702,0,0,0
15627,62061,-89.7790264,38.7895002,0,0,0
15628,46936,-85.9663354,40.4783753,0,0,0
15629,61316,-89.1250841,41.2636805,0,0,0
15630,66736,-95.82235579,37.54711455,0,0,0
15631,48234,-83.0512819,42.4254939,0,0,0
15632,40143,-86.46127803,37.78060805,0,0,0
15633,67401,-97.5802982,38.8406679,0,0,0
15634,60208,-87.689732,42.047595,0,0,0
15635,20879,-77.2255277,39.1638162,0,0,0
15636,62538,-89.5321803,39.3565981,0,0,0
15637,66616,-95.64414442,39.0669057,0,0,0
15638,62207,-90.14873449,38.59913409,0,0,0
15639,61063,-89.3580688,42.2865918,0,0,0
15640,62258,-89.7945044,38.3775326,0,0,0
15641,46978,-86.49885543,40.86494502,0,0,0
15642,42217,-87.48630196,37.04644702,0,0,0
15643,47881,-87.1886899,39.4873129,0,0,0
15644,61261,-89.9283932,41.7160016,0,0,0
15645,47853,-87.0752303,39.5351673,0,0,0
15646,48722,-83.8752451,43.3552102,0,0,0
15647,48629,-84.7940502,44.3353422,0,0,0
15648,49459,-86.1236111,43.7138713,0,0,0
15649,49452,-86.3471288,43.5035362,0,0,0
15650,47840,-87.0763552,39.4165164,0,0,0
15651,48661,-84.2269863,44.2760067,0,0,0
15652,49064,-86.0514961,42.2201568,0,0,0
15653,48161,-83.3932049,41.8956379,0,0,0
15654,66725,-94.84310263,37.17037882,0,0,0
15655,48326,-83.2690116,42.7058258,0,0,0
15656,42437,-87.9169618,37.6830892,0,0,0
15657,48624,-84.4921689,43.98033517,0,0,0
15658,66070,-95.4886333,39.1450695,0,0,0
15659,66701,-94.7078595,37.8394968,0,0,0
15660,83705,-116.2229593,43.5692046,0,0,0
15661,61081,-89.658005,41.8070174,0,0,0
15662,21204,-76.6088744,39.4071063,0,0,0
15663,04426,-69.2243392,45.1831016,0,0,0
15664,04654,-67.45947465,44.7162671,0,0,0
15665,40601,-84.87860574,38.198325,0,0,0
15666,83815,-116.803637,47.7140848,0,0,0
15667,83814,-116.786548,47.6747998,0,0,0
15668,04108,-70.1983641,43.6583685,0,0,0
15669,83655,-116.8200896,43.9731372,0,0,0
15670,47955,-86.9009938,40.1874571,0,0,0
15671,66030,-94.92152936,38.79695685,0,0,0
15672,20743,-76.90404191,38.89196704,0,0,0
15673,04426,-69.22247412,45.18382397,0,0,0
15674,04224,-70.43949891,44.52583413,0,0,0
15675,19706,-75.5814823,39.5499856,0,0,0
15676,21701,-77.37508256,39.4070073,0,0,0
15677,21793,-77.35077452,39.48179825,0,0,0
15678,67101,-97.47463161,37.7661926,0,0,0
15679,48730,-83.4858136,44.2798518,0,0,0
15680,62454,-87.7371799,39.0037889,0,0,0
15681,40218,-85.661029,38.166857,0,0,0
15682,20001,-77.0209104,38.8995079,0,0,0
15683,49735,-84.6773364,45.0217349,0,0,0
15684,21804,-75.51625502,38.34243407,0,0,0
15685,20910,-77.02267937,38.99053848,0,0,0
15686,48189,-83.8204773,42.45095968,0,0,0
15687,48847,-84.6068618,43.3182057,0,0,0
15688,62712,-89.6420032,39.6904291,0,0,0
15689,49503,-85.63165255,42.97600972,0,0,0
15690,20740,-76.9243262,39.0196407,0,0,0
15691,48507,-83.7389544,42.9735577,0,0,0
15692,60911,-87.9521344,40.8840468,0,0,0
15693,49677,-85.5102338,43.8661185,0,0,0
15694,20841,-77.2960527,39.1989028,0,0,0
15695,41501,-82.5628225,37.516375,0,0,0
15696,83815,-116.7960813,47.73766542,0,0,0
15697,83402,-112.0412693,43.49516949,0,0,0
15698,83338,-114.5205827,42.6954997,0,0,0
15699,96734,-157.7397521,21.3963073,0,0,0
15700,96819,-157.8703909,21.3442819,0,0,0
15701,04102,-70.3100212,43.6472433,0,0,0
15702,83703,-116.2439103,43.644201,0,0,0
15703,41005,-84.72390766,39.03800132,0,0,0
15704,19977,-75.600396,39.33261931,0,0,0
15705,49068,-84.96329505,42.27029118,0,0,0
15706,49770,-84.912251,45.3902013,0,0,0
15707,49801,-88.0498105,45.84477006,0,0,0
15708,42141,-85.9131587,36.9966848,0,0,0
15709,42240,-87.4892817,36.8673291,0,0,0
15710,49099,-85.6617772,41.7976812,0,0,0
15711,49001,-85.5649866,42.2718484,0,0,0
15712,21401,-76.501809,38.9873134,0,0,0
15713,48460,-83.9699582,43.1162397,0,0,0
15714,04050,-70.1682485,43.6882502,0,0,0
15715,40906,-83.89012367,36.86656739,0,0,0
15716,48624,-84.49221145,43.98006359,0,0,0
15717,21617,-76.0534977,39.0427893,0,0,0
15718,42347,-86.90753109,37.45017518,0,0,0
15719,21218,-76.6170712,39.3154233,0,0,0
15720,20747,-76.9007967,38.8556444,0,0,0
15721,61279,-90.6697459,41.3293621,0,0,0
15722,40324,-84.55836866,38.21085282,0,0,0
15723,66061,-94.82129751,38.88299517,0,0,0
15724,49008,-85.6041618,42.2745617,0,0,0
15725,49048,-85.5690886,42.3016475,0,0,0
15726,96761,-156.6845533,20.9047392,0,0,0
15727,41056,-83.757153,38.6385099,0,0,0
15728,40383,-84.7577792,38.0476603,0,0,0
15729,96753,-156.4407405,20.72709681,0,0,0
15730,21740,-77.7195261,39.6447667,0,0,0
15731,21202,-76.61089904,39.29156169,0,0,0
15732,04101,-70.2468109,43.66651,0,0,0
15733,48158,-84.0240573,42.1502523,0,0,0
15734,48160,-83.7067185,42.1193088,0,0,0
15735,48198,-83.5832505,42.2540901,0,0,0
15736,48130,-83.8899917,42.3390203,0,0,0
15737,48197,-83.6143883,42.2122311,0,0,0
15738,48198,-83.6036972,42.305756,0,0,0
15739,04037,-70.96661066,44.01957379,0,0,0
15740,96782,-157.969906,21.3960397,0,0,0
15741,96786,-158.0254938,21.5025092,0,0,0
15742,49506,-85.635708,42.9490482,0,0,0
15743,42101,-86.4428931,36.99241957,0,0,0
15744,42101,-86.44280937,36.99248895,0,0,0
15745,21213,-76.5734465,39.3099803,0,0,0
15746,96707,-158.0812199,21.3357619,0,0,0
15747,48767,-83.4648088,43.6528393,0,0,0
15748,49404,-85.934314,43.0630038,0,0,0
15749,47448,-86.24723232,39.20737476,0,0,0
15750,62242,-89.93635564,38.09078684,0,0,0
15751,62237,-89.60356782,38.18748399,0,0,0
15752,62217,-89.84301046,38.18264788,0,0,0
15753,47126,-85.781655,38.566937,0,0,0
15754,62278,-89.9982215,38.1343821,0,0,0
15755,47172,-85.7643041,38.3888656,0,0,0
15756,55304,-93.3050573,45.2131531,0,0,0
15757,48227,-83.1793795,42.3858495,0,0,0
15758,96796,-159.6681595,21.9555093,0,0,0
15759,48209,-83.0934053,42.3113858,0,0,0
15760,96713,-155.9935251,20.76304212,0,0,0
15761,48202,-83.0728892,42.3708295,0,0,0
15762,48203,-83.1185917,42.431479,0,0,0
15763,48202,-83.0755782,42.368798,0,0,0
15764,48228,-83.2268866,42.3717869,0,0,0
15765,48152,-83.3200916,42.4186987,0,0,0
15766,48213,-82.995112,42.4094617,0,0,0
15767,48180,-83.2679685,42.2187431,0,0,0
15768,47837,-87.1067244,39.5995922,0,0,0
15769,04106,-70.3356293,43.6425535,0,0,0
15770,49274,-84.7476547,41.8393957,0,0,0
15771,62949,-89.1443129,37.8319267,0,0,0
15772,19933,-75.5889711,38.7199916,0,0,0
15773,19947,-75.3793187,38.6635368,0,0,0
15774,19958,-75.1187973,38.7820037,0,0,0
15775,60953,-87.695079,40.6285387,0,0,0
15776,48917,-84.6307699,42.7182602,0,0,0
15777,21401,-76.50525506,38.97660905,0,0,0
15778,21122,-76.5253044,39.1246755,0,0,0
15779,67042,-96.8175141,37.8036767,0,0,0
15780,48503,-83.6853586,43.021819,0,0,0
15781,48436,-83.9110602,42.8735508,0,0,0
15782,48532,-83.7708323,43.0015621,0,0,0
15783,04848,-68.9077469,44.2931481,0,0,0
15784,19809,-75.503733,39.7695199,0,0,0
15785,62835,-88.3376009,38.0993682,0,0,0
15786,62204,-90.1165138,38.6280551,0,0,0
15787,96744,-157.799313,21.4131968,0,0,0
15788,19808,-75.627808,39.7373369,0,0,0
15789,19958,-75.157086,38.7465552,0,0,0
15790,46818,-85.1732332,41.1959214,0,0,0
15791,49007,-85.5886171,42.2973092,0,0,0
15792,19730,-75.6606582,39.4558148,0,0,0
15793,83642,-116.3829308,43.59939039,0,0,0
15794,19711,-75.7631832,39.6777169,0,0,0
15795,66071,-94.8907619,38.6625025,0,0,0
15796,04967,-69.382455,44.7840963,0,0,0
15797,67464,-97.9926834,38.6654894,0,0,0
15798,61442,-90.9315907,41.0984682,0,0,0
15799,66777,-95.9341587,37.7444864,0,0,0
15800,47841,-87.1131463,39.276264,0,0,0
15801,47145,-86.2775007,38.3414672,0,0,0
15802,46772,-84.93942185,40.74382814,0,0,0
15803,66043,-94.89240729,39.25033648,0,0,0
15804,83642,-116.3810472,43.59907484,0,0,0
15805,47513,-86.644027,38.3836995,0,0,0
15806,83239,-111.3700405,42.47603478,0,0,0
15807,83460,-111.781463,43.8173048,0,0,0
15808,83725,-116.2098686,43.60429979,0,0,0
15809,48227,-83.17613252,42.39450196,0,0,0
15810,66970,-98.0423358,39.9058711,0,0,0
15811,66514,-96.89476361,39.10411332,0,0,0
15812,83454,-111.9589961,43.5964547,0,0,0
15813,20686,-76.4305522,38.1897474,0,0,0
15814,49341,-85.551154,43.1271184,0,0,0
15815,96819,-157.9179929,21.33567763,0,0,0
15816,48846,-85.0867784,42.9623645,0,0,0
15817,60013,-88.2566866,42.2529633,0,0,0
15818,21201,-76.6262936,39.2921894,0,0,0
15819,62915,-89.11889077,37.78357962,0,0,0
15820,49305,-85.1465698,43.7480407,0,0,0
15821,96748,-157.0182386,21.0907212,0,0,0
15822,96763,-156.920956,20.823435,0,0,0
15823,48445,-82.993545,43.9395434,0,0,0
15824,42420,-87.571812,37.8594797,0,0,0
15825,48038,-82.9613676,42.6248809,0,0,0
15826,46803,-85.034976,41.0723894,0,0,0
15827,47448,-86.2205308,39.1618754,0,0,0
15828,48933,-84.55957116,42.73300546,0,0,0
15829,48854,-84.4423625,42.5804838,0,0,0
15830,41701,-83.19529721,37.25120156,0,0,0
15831,42420,-87.5705881,37.7924459,0,0,0
15832,48906,-84.5413871,42.7416307,0,0,0
15833,48910,-84.5490389,42.6969256,0,0,0
15834,40129,-85.675503,38.075609,0,0,0
15835,21409,-76.4091142,39.0131904,0,0,0
15836,42347,-86.9080265,37.4506618,0,0,0
15837,42051,-88.6686885,36.8581687,0,0,0
15838,40146,-86.28422916,37.88174012,0,0,0
15839,49008,-85.6187272,42.2593906,0,0,0
15840,49660,-86.3162859,44.260375,0,0,0
15841,49646,-85.1856775,44.7437212,0,0,0
15842,41091,-84.67574427,38.94676725,0,0,0
15843,62982,-88.34610831,37.42340213,0,0,0
15844,41101,-82.63807303,38.47894701,0,0,0
15845,48446,-83.3219046,43.0366758,0,0,0
15846,46102,-86.62002569,39.99616516,0,0,0
15847,20705,-76.9188545,39.0345531,0,0,0
15848,48858,-84.7485702,43.5891697,0,0,0
15849,48893,-84.9770126,43.6776383,0,0,0
15850,49201,-84.3961839,42.2917574,0,0,0
15851,49913,-88.4595656,47.2171638,0,0,0
15852,49684,-85.6256852,44.7519485,0,0,0
15853,41017,-84.5544941,39.041066,0,0,0
15854,40475,-84.31227905,37.76767326,0,0,0
15855,66112,-94.7653359,39.1153988,0,0,0
15856,66801,-96.1783013,38.4042989,0,0,0
15857,41501,-82.51745316,37.47913152,0,0,0
15858,40601,-84.8996431,38.1787972,0,0,0
15859,67444,-98.15624272,38.51720496,0,0,0
15860,21701,-77.3801377,39.4185238,0,0,0
15861,66103,-94.6107611,39.0566741,0,0,0
15862,96750,-155.9185275,19.519648,0,0,0
15863,49686,-85.5159557,44.88070922,0,0,0
15864,66762,-94.70676671,37.40977874,0,0,0
15865,66090,-94.87605169,39.75723862,0,0,0
15866,40011,-85.2316272,38.5166299,0,0,0
15867,67950,-101.8917401,36.99798142,0,0,0
15868,67029,-99.32556468,37.26960282,0,0,0
15869,66208,-94.63196781,38.99202038,0,0,0
15870,66212,-94.68901568,38.97613745,0,0,0
15871,66720,-95.458076,37.6668913,0,0,0
15872,66202,-94.67191894,39.02125295,0,0,0
15873,40351,-83.4283081,38.1891956,0,0,0
15874,96817,-157.8705179,21.3124334,0,0,0
15875,66085,-94.6554145,38.8389808,0,0,0
15876,67039,-97.0042695,37.5210847,0,0,0
15877,40601,-84.87792822,38.19543071,0,0,0
15878,66607,-95.6680056,39.0513471,0,0,0
15879,41501,-82.51736373,37.47903069,0,0,0
15880,66085,-94.69278458,38.83547614,0,0,0
15881,66213,-94.70308939,38.8888424,0,0,0
15882,20902,-77.0483985,39.0584272,0,0,0
15883,48062,-82.7473127,42.8102678,0,0,0
15884,49221,-84.0259203,41.9150014,0,0,0
15885,42539,-84.94051305,37.3178373,0,0,0
15886,21221,-76.46703957,39.33948869,0,0,0
15887,21218,-76.5827649,39.3407499,0,0,0
15888,20646,-76.98285021,38.52315368,0,0,0
15889,21901,-75.94999249,39.60842987,0,0,0
15890,21903,-76.0728326,39.5892439,0,0,0
15891,83605,-116.6718168,43.6612271,0,0,0
15892,21221,-76.45412968,39.31938799,0,0,0
15893,20646,-76.9823382,38.5664064,0,0,0
15894,20664,-76.9761033,38.364744,0,0,0
15895,48114,-83.747255,42.540129,0,0,0
15896,49781,-84.7250916,45.8482806,0,0,0
15897,21223,-76.6637837,39.2783318,0,0,0
15898,21225,-76.6171801,39.252867,0,0,0
15899,21234,-76.5444807,39.389986,0,0,0
15900,21224,-76.56732104,39.26476642,0,0,0
15901,21209,-76.6523653,39.3429877,0,0,0
15902,21136,-76.8276295,39.443929,0,0,0
15903,21236,-76.4730044,39.3756656,0,0,0
15904,21222,-76.5110394,39.2302613,0,0,0
15905,21228,-76.7163669,39.259883,0,0,0
15906,21030,-76.6545411,39.4877182,0,0,0
15907,21222,-76.5019323,39.2686749,0,0,0
15908,21208,-76.7194511,39.3665059,0,0,0
15909,20814,-77.0933729,38.9835548,0,0,0
15910,21215,-76.685444,39.344616,0,0,0
15911,21224,-76.5474453,39.2876698,0,0,0
15912,21202,-76.6085556,39.2903256,0,0,0
15913,21217,-76.6447579,39.3006632,0,0,0
15914,21207,-76.7274107,39.3231069,0,0,0
15915,49336,-85.44455663,43.48962515,0,0,0
15916,20874,-77.26271,39.1843733,0,0,0
15917,21204,-76.6070331,39.3985325,0,0,0
15918,21863,-75.39320953,38.17648928,0,0,0
15919,21811,-75.2241262,38.3434945,0,0,0
15920,21225,-76.6398689,39.2089575,0,0,0
15921,19701,-75.730404,39.5681867,0,0,0
15922,67735,-101.7018561,39.337095,0,0,0
15923,12831,-73.7361844,43.1764919,0,0,0
15924,12790,-74.49677388,41.56693809,0,0,0
15925,12019,-73.9698402,42.9349454,0,0,0
15926,11226,-73.95006466,40.64871373,0,0,0
15927,12776,-74.9128069,41.9460858,0,0,0
15928,14867,-76.62208315,42.34604055,0,0,0
15929,12764,-75.0535978,41.60726456,0,0,0
15930,13068,-76.3612684,42.4838769,0,0,0
15931,13350,-74.9543105,43.0294518,0,0,0
15932,13491,-75.1934185,42.8842989,0,0,0
15933,14590,-76.8019597,43.2233763,0,0,0
15934,13669,-75.4974783,44.6809504,0,0,0
15935,13667,-74.9868863,44.7991621,0,0,0
15936,12977,-74.07965291,44.30051627,0,0,0
15937,14127,-78.74246064,42.71939578,0,0,0
15938,13617,-75.1701101,44.5988678,0,0,0
15939,29203,-81.0412467,34.0392543,0,0,0
15940,29210,-81.1148313,34.0574102,0,0,0
15941,29203,-81.0611081,34.0669437,0,0,0
15942,29201,-81.0376094,34.0080737,0,0,0
15943,29440,-79.31360988,33.38529854,0,0,0
15944,88310,-105.9568925,32.9002167,0,0,0
15945,39574,-89.1096949,30.5278347,0,0,0
15946,38801,-88.75741673,34.26294427,0,0,0
15947,16353,-79.3981558,41.4429285,0,0,0
15948,71801,-93.5278353,33.7012432,0,0,0
15949,87743,-103.9157021,35.9233178,0,0,0
15950,14569,-78.13107501,42.76124302,0,0,0
15951,95446,-122.9983113,38.5011127,0,0,0
15952,94066,-122.4603481,37.6272558,0,0,0
15953,32114,-81.0138555,29.2108031,0,0,0
15954,12404,-74.2297754,41.7865898,0,0,0
15955,12144,-73.7411435,42.6412499,0,0,0
15956,82327,-106.5625744,41.86549811,0,0,0
15957,25840,-81.10334432,38.05357971,0,0,0
15958,64740,-93.7714761,38.2608933,0,0,0
15960,28168,-81.42014427,35.49670101,0,0,0
15961,47591,-87.5320736,38.6598439,0,0,0
15962,68643,-97.23784657,41.70370651,0,0,0
15963,58503,-100.7709223,46.8495249,0,0,0
15964,84302,-112.0164543,41.52506839,0,0,0
15965,08608,-74.762574,40.2158604,0,0,0
15966,04976,-69.7299852,44.7557168,0,0,0
15967,98155,-122.3231286,47.74843888,0,0,0
15968,63879,-89.81725418,36.35091134,0,0,0
15969,59715,-111.0596146,45.673522,0,0,0
15970,27330,-79.214357,35.445556,0,0,0
15971,98101,-122.33657,47.6161798,0,0,0
15972,27617,-78.7585624,35.8807245,0,0,0
15973,28036,-80.8451152,35.50308899,0,0,0
15974,98404,-122.4210553,47.2288191,0,0,0
15975,98684,-122.5163147,45.6173993,0,0,0
15976,63640,-90.48170393,37.83947892,0,0,0
15977,25504,-82.3464761,38.3080406,0,0,0
15978,84738,-113.6813616,37.1685288,0,0,0
15979,28001,-80.17172174,35.35018142,0,0,0
15980,28207,-80.83305585,35.18996335,0,0,0
15981,53711,-89.4975384,43.0336452,0,0,0
15982,37096,-88.00687918,35.65577673,0,0,0
15983,84103,-111.8873836,40.7780435,0,0,0
15984,27205,-79.8278928,35.6727918,0,0,0
15985,84111,-111.8818902,40.76529102,0,0,0
15986,08691,-74.645918,40.2018512,0,0,0
15987,26415,-80.8523277,39.280774,0,0,0
15988,25306,-81.5594241,38.3163939,0,0,0
15989,68031,-96.548089,41.6120179,0,0,0
15990,25071,-81.48353647,38.44067482,0,0,0
15991,43215,-83.003241,39.906589,0,0,0
15992,23921,-78.49648634,37.5306963,0,0,0
15993,27701,-78.89968946,36.0006325,0,0,0
15994,84107,-111.887498,40.662562,0,0,0
15995,84004,-111.7772914,40.45358334,0,0,0
15996,07073,-74.1009953,40.8354704,0,0,0
15997,27893,-77.89292968,35.71909353,0,0,0
15998,07606,-74.0456969,40.8602764,0,0,0
15999,07087,-74.0250033,40.7740153,0,0,0
16000,08260,-74.82405992,39.0017241,0,0,0
16001,07757,-74.0158858,40.3213907,0,0,0
16002,26426,-80.5781174,39.282201,0,0,0
16003,07079,-74.2532275,40.7454127,0,0,0
16004,07470,-74.2313502,40.9290175,0,0,0
16005,26187,-81.43464622,39.34554588,0,0,0
16006,08609,-74.75322165,40.22682557,0,0,0
16007,24502,-79.2029932,37.3305833,0,0,0
16008,98501,-122.9008259,47.04432097,0,0,0
16009,08889,-74.7771404,40.6068362,0,0,0
16010,07081,-74.3145615,40.7089949,0,0,0
16011,58401,-98.7058433,46.9036712,0,0,0
16012,08202,-74.7236287,39.0955397,0,0,0
16013,03784,-72.2908752,43.6323261,0,0,0
16014,07764,-74.0161916,40.2904856,0,0,0
16015,07645,-74.061377,41.0480777,0,0,0
16016,37762,-84.1397104,36.5893008,0,0,0
16017,98368,-122.7675926,48.1119938,0,0,0
16018,07980,-74.4924412,40.669374,0,0,0
16019,38344,-88.3918242,35.871706,0,0,0
16020,23504,-76.250782,36.909729,0,0,0
16021,58701,-101.2846652,48.2087706,0,0,0
16022,58301,-98.86795312,48.1071606,0,0,0
16023,99349,-119.9311216,46.69280434,0,0,0
16024,53059,-88.5187767,43.3102779,0,0,0
16025,37825,-83.59921412,36.44173463,0,0,0
16026,07605,-73.98892838,40.86273253,0,0,0
16027,28120,-80.99779901,35.33023965,0,0,0
16028,84118,-111.9924744,40.6532067,0,0,0
16029,07055,-74.1232275,40.8607967,0,0,0
16030,07506,-74.1549881,40.9534526,0,0,0
16031,99301,-119.1203208,46.23652801,0,0,0
16032,58436,-98.52667933,46.00174412,0,0,0
16033,05403,-73.1591463,44.48383461,0,0,0
16034,07090,-74.345478,40.6550862,0,0,0
16035,38337,-88.9916011,35.7817994,0,0,0
16036,08857,-74.2978424,40.4033787,0,0,0
16037,08037,-74.7170819,39.5776481,0,0,0
16038,07076,-74.3979126,40.6501158,0,0,0
16039,08107,-75.0955641,39.9166913,0,0,0
16040,58601,-102.7885263,46.90125841,0,0,0
16041,23219,-77.443322,37.563554,0,0,0
16042,26351,-80.7629187,38.9150747,0,0,0
16043,26101,-81.5625152,39.2637505,0,0,0
16044,38556,-84.7966322,36.5512793,0,0,0
16045,23464,-76.19242657,36.79944556,0,0,0
16046,37407,-85.28141823,35.01444494,0,0,0
16047,54026,-92.53175323,45.19498779,0,0,0
16048,37212,-86.8109631,36.1434488,0,0,0
16049,37406,-85.2376982,35.1019733,0,0,0
16050,37363,-85.0709219,35.0603179,0,0,0
16051,45895,-84.08666009,40.60199213,0,0,0
16052,38052,-88.89088664,35.06418111,0,0,0
16053,38381,-88.9521313,35.3517628,0,0,0
16054,65738,-93.4197965,37.1156977,0,0,0
16055,07310,-74.0435308,40.7311655,0,0,0
16056,23943,-78.45842507,37.2472969,0,0,0
16057,37208,-86.83201668,36.16816911,0,0,0
16058,37203,-86.7784738,36.1591269,0,0,0
16059,25035,-81.4934231,38.1962738,0,0,0
16060,89801,-115.7330798,40.8638955,0,0,0
16061,98901,-120.480156,46.5913381,0,0,0
16062,08318,-75.16891851,39.59303409,0,0,0
16063,08330,-74.6924961,39.4407366,0,0,0
16064,23359,-75.58966099,37.87794161,0,0,0
16065,08628,-74.8046931,40.2475404,0,0,0
16066,07024,-73.9695086,40.853832,0,0,0
16067,82945,-108.9686153,41.76547438,0,0,0
16068,58201,-97.0305648,47.9221359,0,0,0
16069,98391,-122.1826514,47.1778271,0,0,0
16070,98166,-122.34221,47.46929306,0,0,0
16071,23847,-77.51591371,36.73954146,0,0,0
16072,89701,-119.7673457,39.16433475,0,0,0
16073,99019,-117.1001076,47.6676272,0,0,0
16074,98177,-122.3646296,47.76604481,0,0,0
16075,98408,-122.4539266,47.1922006,0,0,0
16076,07608,-74.0668883,40.8407637,0,0,0
16077,65201,-92.32897118,38.95311008,0,0,0
16078,22401,-77.458738,38.300859,0,0,0
16079,63101,-90.1922809,38.6272198,0,0,0
16080,65401,-91.7738575,37.9458199,0,0,0
16081,98502,-122.9789895,47.0729467,0,0,0
16082,98930,-119.858016,46.24810997,0,0,0
16083,07105,-74.161852,40.7345887,0,0,0
16084,05671,-72.75099918,44.33153128,0,0,0
16085,24226,-82.35809254,37.15988519,0,0,0
16086,49785,-84.45332688,46.25698853,0,0,0
16087,63874,-89.8182815,36.552113,0,0,0
16088,53504,-89.8656546,42.7014676,0,0,0
16089,84116,-111.9796596,40.7827012,0,0,0
16090,21014,-76.3807255,39.5072437,0,0,0
16091,20854,-77.162784,39.0710818,0,0,0
16092,41701,-83.21647554,37.29816633,0,0,0
16093,21740,-77.73305017,39.60456585,0,0,0
16094,42728,-85.3045314,37.0896551,0,0,0
16095,40311,-84.02813145,38.31272993,0,0,0
16096,41004,-84.06778475,38.68356104,0,0,0
16097,04401,-68.88893904,44.82582231,0,0,0
16098,47272,-85.62857596,39.42824104,0,0,0
16099,66040,-94.8520794,38.3441964,0,0,0
16100,21037,-76.560552,38.9294963,0,0,0
16101,21113,-76.6941611,39.0959876,0,0,0
16102,21541,-79.37255712,39.57419233,0,0,0
16103,40243,-85.5263474,38.2478299,0,0,0
16104,49887,-87.6002083,45.4215249,0,0,0
16105,49887,-87.6133181,45.4155996,0,0,0
16106,66209,-94.6606013,38.9067944,0,0,0
16107,46064,-85.7699774,39.9734047,0,0,0
16108,48076,-83.2382128,42.4812669,0,0,0
16109,49633,-85.1655499,44.5830263,0,0,0
16110,48469,-82.54265237,43.43069072,0,0,0
16111,48161,-83.401089,41.9056385,0,0,0
16112,48419,-82.6676999,43.4266715,0,0,0
16113,04538,-69.6295108,43.8521641,0,0,0
16114,60638,-87.76271548,41.76920216,0,0,0
16115,66451,-95.68646825,38.61872634,0,0,0
16116,66801,-96.1790407,38.4178709,0,0,0
16117,66436,-95.74699343,39.46129533,0,0,0
16118,04474,-68.80320135,44.7267169,0,0,0
16119,48237,-83.1905854,42.4746383,0,0,0
16120,46070,-85.64483033,40.33744741,0,0,0
16121,96720,-155.0759059,19.70813374,0,0,0
16122,67218,-97.27082614,37.68153455,0,0,0
16123,40228,-85.6296146,38.1380414,0,0,0
16124,42101,-86.4772819,36.9504348,0,0,0
16125,40205,-85.68652088,38.22975467,0,0,0
16126,42653,-84.47060706,36.72602211,0,0,0
16127,41465,-83.0680457,37.7524073,0,0,0
16128,48850,-85.2880016,43.4317392,0,0,0
16129,41314,-83.6751639,37.4760461,0,0,0
16130,46012,-85.6633831,40.110791,0,0,0
16131,66216,-94.73261,39.0063852,0,0,0
16132,42629,-85.04005,36.9301618,0,0,0
16133,19807,-75.5789452,39.8081343,0,0,0
16134,40741,-84.1037597,37.1438522,0,0,0
16135,66064,-94.94836568,38.49901062,0,0,0
16136,42086,-88.7675608,37.0612455,0,0,0
16137,40010,-85.4417098,38.3956695,0,0,0
16138,42442,-87.4167371,37.2114184,0,0,0
16139,67748,-100.8616663,39.1269383,0,0,0
16140,41076,-84.4620685,39.0281813,0,0,0
16141,67211,-97.3364279,37.6494073,0,0,0
16142,67212,-97.405088,37.6942569,0,0,0
16143,40517,-84.4798478,37.9852492,0,0,0
16144,67214,-97.3008336,37.7222446,0,0,0
16145,66749,-95.40385698,37.92263446,0,0,0
16146,41179,-83.31663876,38.60090424,0,0,0
16147,67436,-97.7669033,39.2741025,0,0,0
16148,40475,-84.2692652,37.9000143,0,0,0
16149,40505,-84.4558434,38.06741465,0,0,0
16150,40513,-84.5769807,38.0169423,0,0,0
16151,48220,-83.1175839,42.4514448,0,0,0
16152,20784,-76.9005817,38.9456227,0,0,0
16153,20745,-77.0042193,38.8180706,0,0,0
16154,41749,-83.37406667,37.16247548,0,0,0
16155,46017,-85.6264493,40.0920394,0,0,0
16156,49426,-85.8628293,42.8665588,0,0,0
16157,49417,-86.2194973,43.0456923,0,0,0
16158,21539,-78.9793762,39.5649561,0,0,0
16159,47024,-85.18578224,39.50056283,0,0,0
16160,21032,-76.6077981,39.025771,0,0,0
16161,46323,-87.462907,41.6033201,0,0,0
16162,42240,-87.4880381,36.8674676,0,0,0
16163,47541,-87.0402154,38.2465475,0,0,0
16164,46392,-87.05224,41.1910435,0,0,0
16165,49337,-85.8049427,43.4099258,0,0,0
16166,96813,-157.8587135,21.3090515,0,0,0
16167,47306,-85.40756565,40.19500123,0,0,0
16168,61232,-90.72017374,41.44448362,0,0,0
16169,61239,-90.3868165,41.4956218,0,0,0
16170,21221,-76.467101,39.3165293,0,0,0
16171,04750,-67.8259628,46.9060532,0,0,0
16172,47383,-85.26841375,40.19072528,0,0,0
16173,19901,-75.52321,39.1556616,0,0,0
16174,62401,-88.54839962,39.09740377,0,0,0
16175,61910,-88.3062718,39.6848112,0,0,0
16176,62351,-91.2836145,40.09066056,0,0,0
16177,61450,-90.96732808,40.58327358,0,0,0
16178,61413,-90.3820306,41.1913891,0,0,0
16179,21218,-76.6129536,39.3138405,0,0,0
16180,62899,-88.63538105,38.63572668,0,0,0
16181,62848,-89.16124922,38.43924857,0,0,0
16182,62837,-88.36763061,38.38050924,0,0,0
16183,62976,-89.20665835,37.21241331,0,0,0
16184,83501,-117.0286295,46.4221388,0,0,0
16185,62321,-91.13534198,40.41208114,0,0,0
16186,62821,-88.2035949,38.0825893,0,0,0
16187,62219,-89.4349769,38.606018,0,0,0
16188,61924,-87.68023486,39.80459825,0,0,0
16189,62474,-87.9995526,39.4529123,0,0,0
16190,41017,-84.5819507,39.0547233,0,0,0
16191,49684,-85.7534015,44.7464946,0,0,0
16192,40258,-85.8376771,38.1458615,0,0,0
16193,96764,-155.2325989,19.9830327,0,0,0
16194,47338,-85.3575256,40.3417049,0,0,0
16195,21224,-76.5707863,39.2766268,0,0,0
16196,62703,-89.6111366,39.7213752,0,0,0
16197,61334,-89.06013162,41.141558,0,0,0
16198,60803,-87.7009683,41.6790101,0,0,0
16199,61849,-87.95191919,40.03828348,0,0,0
16200,62640,-89.7778544,39.4451277,0,0,0
16201,61317,-89.2126147,41.4267616,0,0,0
16202,96740,-156.007028,19.66370386,0,0,0
16203,60546,-87.8215111,41.8465296,0,0,0
16204,60611,-87.62204325,41.89549193,0,0,0
16205,83427,-111.9293393,43.5279168,0,0,0
16206,60077,-87.7505004,42.0214148,0,0,0
16207,62002,-90.1174986,38.9159072,0,0,0
16208,62326,-90.78591898,40.42269122,0,0,0
16209,61455,-90.6735705,40.4787955,0,0,0
16210,60623,-87.7084285,41.8563944,0,0,0
16211,61611,-89.51958473,40.81068345,0,0,0
16212,60607,-87.6574289,41.8801308,0,0,0
16213,60622,-87.672048,41.8987386,0,0,0
16214,60647,-87.6978327,41.92127,0,0,0
16215,60644,-87.7688742,41.8798415,0,0,0
16216,60630,-87.7660775,41.9743071,0,0,0
16217,60630,-87.7282464,41.9660091,0,0,0
16218,62561,-89.53907567,39.86640021,0,0,0
16219,61348,-88.9951294,41.3201621,0,0,0
16220,96772,-155.5670415,19.06799478,0,0,0
16221,60610,-87.6435527,41.9031534,0,0,0
16222,60618,-87.68964405,41.94008783,0,0,0
16223,60616,-87.6276484,41.8584689,0,0,0
16224,60625,-87.6931126,41.9800242,0,0,0
16225,60616,-87.6200506,41.8422395,0,0,0
16226,60643,-87.6690078,41.6918175,0,0,0
16227,61370,-89.0658373,41.2153458,0,0,0
16228,96819,-157.8843849,21.3294641,0,0,0
16229,60403,-88.1216379,41.5529145,0,0,0
16230,61625,-89.6125225,40.6970487,0,0,0
16231,61863,-88.2781018,39.9074116,0,0,0
16232,60613,-87.6498684,41.9475364,0,0,0
16233,60626,-87.6719722,41.9996061,0,0,0
16234,60639,-87.7649295,41.9181151,0,0,0
16235,60609,-87.6300298,41.8010993,0,0,0
16236,60637,-87.6062343,41.767012,0,0,0
16237,60617,-87.5686726,41.7076627,0,0,0
16238,60637,-87.60096439,41.79346492,0,0,0
16239,60628,-87.6034429,41.6921661,0,0,0
16240,60620,-87.6444409,41.7519918,0,0,0
16241,60636,-87.6549218,41.7829275,0,0,0
16242,60629,-87.7086673,41.7791601,0,0,0
16243,60609,-87.6421644,41.8306438,0,0,0
16244,62685,-90.0444932,39.1174133,0,0,0
16245,62807,-88.9105176,38.7210595,0,0,0
16246,60827,-87.641895,41.6484452,0,0,0
16247,60527,-87.9414981,41.7476386,0,0,0
16248,61724,-88.52588874,40.34174705,0,0,0
16249,61736,-88.87226769,40.39481684,0,0,0
16250,60187,-88.1122888,41.8193154,0,0,0
16251,60411,-87.5917756,41.5068184,0,0,0
16252,62035,-90.1942871,38.9694931,0,0,0
16253,62040,-90.104499,38.7547966,0,0,0
16254,62095,-90.09594016,38.87346438,0,0,0
16255,62702,-89.65808205,39.81013089,0,0,0
16256,21784,-76.96119624,39.38249998,0,0,0
16257,61774,-89.2183231,40.4332635,0,0,0
16258,61325,-88.8309942,41.2356193,0,0,0
16259,62249,-89.6662763,38.8293265,0,0,0
16260,62090,-90.1641459,38.6727908,0,0,0
16261,60637,-87.6048564,41.78464729,0,0,0
16262,60428,-87.6937129,41.5931081,0,0,0
16263,62255,-89.8171318,38.2892543,0,0,0
16264,62701,-89.64830275,39.79868731,0,0,0
16265,60103,-88.2565949,41.978373,0,0,0
16266,61832,-87.62937986,40.12199665,0,0,0
16267,62638,-90.04603481,39.62154116,0,0,0
16268,62063,-90.1408485,39.174538,0,0,0
16269,60016,-87.8625218,42.0601869,0,0,0
16270,60123,-88.285476,42.014517,0,0,0
16271,60532,-88.09711959,41.77601036,0,0,0
16272,61414,-90.1642705,41.1219841,0,0,0
16273,60918,-88.0374632,40.5976353,0,0,0
16274,61315,-89.3669338,41.2888313,0,0,0
16275,60433,-88.02537434,41.48076275,0,0,0
16276,62531,-89.3909742,39.6569295,0,0,0
16277,60441,-88.0821064,41.5823594,0,0,0
16278,61047,-89.4034158,42.1216815,0,0,0
16279,61013,-89.639303,42.3747063,0,0,0
16280,61032,-89.6227614,42.2982817,0,0,0
16281,83702,-116.2000096,43.61789595,0,0,0
16282,62363,-90.7939168,39.6292676,0,0,0
16283,61548,-89.44318444,40.77215475,0,0,0
16284,61265,-90.4974885,41.4510072,0,0,0
16285,62974,-88.85312957,37.77987677,0,0,0
16286,61260,-90.880499,41.1963601,0,0,0
16287,62019,-89.4762793,39.0312378,0,0,0
16288,62668,-90.25153943,39.58406637,0,0,0
16289,60180,-88.5423549,42.2404115,0,0,0
16290,61068,-89.0676127,41.9507319,0,0,0
16291,62633,-89.842821,40.2322631,0,0,0
16292,61532,-89.8284955,40.3703349,0,0,0
16293,61420,-90.86712512,40.55587368,0,0,0
16294,61883,-87.6383385,40.04430156,0,0,0
16295,62984,-88.1862011,37.7170974,0,0,0
16296,62984,-88.1371073,37.6970755,0,0,0
16297,62939,-88.9729108,37.5543913,0,0,0
16298,61764,-88.64106119,40.87128083,0,0,0
16299,20601,-76.88006227,38.6513851,0,0,0
16300,62655,-90.0113143,40.1520894,0,0,0
16301,61546,-89.7804262,40.4259103,0,0,0
16302,62997,-89.5899673,37.9827304,0,0,0
16303,61801,-88.20445797,40.11012427,0,0,0
16304,62621,-90.5355386,39.7490271,0,0,0
16305,62895,-88.5873594,38.3451498,0,0,0
16306,04043,-70.5360618,43.3880821,0,0,0
16307,61230,-90.2188,41.78771373,0,0,0
16308,60050,-88.2221076,42.2952915,0,0,0
16309,60142,-88.4103103,42.1675727,0,0,0
16310,62241,-89.9082134,38.0111205,0,0,0
16311,61281,-90.5062141,41.3197352,0,0,0
16312,46186,-85.6107433,39.88794441,0,0,0
16313,60540,-88.1550358,41.7716663,0,0,0
16314,61607,-89.6902201,40.6658998,0,0,0
16315,46106,-86.16709536,39.5212949,0,0,0
16316,62088,-89.7647868,38.9859757,0,0,0
16317,60012,-88.2618259,42.2844749,0,0,0
16318,48216,-83.0706829,42.3254097,0,0,0
16319,60034,-88.4310423,42.471153,0,0,0
16320,46510,-85.8794033,41.1260171,0,0,0
16321,83301,-114.4758602,42.55114028,0,0,0
16322,60046,-88.06469854,42.44097096,0,0,0
16323,61604,-89.69915702,40.70633784,0,0,0
16324,61244,-90.4350505,41.5182779,0,0,0
16325,83501,-116.9988989,46.42598786,0,0,0
16326,61244,-90.41974809,41.53564456,0,0,0
16327,46149,-86.54356776,39.88450984,0,0,0
16328,42240,-87.4906222,36.86829182,0,0,0
16329,48733,-83.5437448,43.523325,0,0,0
16330,60426,-87.63190525,41.61517542,0,0,0
16331,60515,-88.05126096,41.80599869,0,0,0
16332,21742,-77.7178363,39.6658566,0,0,0
16333,83536,-116.0275808,46.2265707,0,0,0
16334,96749,-155.0401635,19.6209462,0,0,0
16335,40769,-84.1879544,36.72508784,0,0,0
16336,42101,-86.4441025,36.9952227,0,0,0
16337,40831,-83.31389782,36.81510625,0,0,0
16338,60608,-87.69715459,41.84264448,0,0,0
16339,60606,-87.639972,41.8789216,0,0,0
16340,96755,-155.7982334,20.22979567,0,0,0
16341,62628,-90.4015875,39.7650476,0,0,0
16342,61801,-88.20466652,40.10985133,0,0,0
16343,60957,-88.09164242,40.4686375,0,0,0
16344,46131,-86.07251,39.514585,0,0,0
16345,48701,-83.5193702,43.5666151,0,0,0
16346,96743,-155.6616997,20.023836,0,0,0
16347,60714,-87.8020054,42.0120853,0,0,0
16348,96734,-157.7482916,21.3784135,0,0,0
16349,60487,-87.8472975,41.5983619,0,0,0
16350,62832,-89.2345551,37.9841329,0,0,0
16351,62314,-90.9072827,39.72758685,0,0,0
16352,62044,-90.21131752,39.34423688,0,0,0
16353,21202,-76.6147056,39.2970867,0,0,0
16354,62627,-90.1515136,40.0492362,0,0,0
16355,61484,-90.42834466,40.30293995,0,0,0
16356,62047,-90.61898729,39.1473417,0,0,0
16357,61273,-90.3818186,41.35256833,0,0,0
16358,83716,-116.1381494,43.5494389,0,0,0
16359,49221,-84.0352222,41.9040308,0,0,0
16360,47670,-87.5706315,38.3564895,0,0,0
16361,62689,-89.76038664,39.53733541,0,0,0
16362,62463,-88.6282391,39.2651027,0,0,0
16363,61345,-89.7910267,41.2974744,0,0,0
16364,62992,-89.16232495,37.27123658,0,0,0
16365,47591,-87.5263054,38.6409612,0,0,0
16366,49601,-85.3951005,44.2270236,0,0,0
16367,96727,-155.4633717,20.07799952,0,0,0
16368,48174,-83.3288029,42.230234,0,0,0
16369,48723,-83.389036,43.5092321,0,0,0
16370,48126,-83.208332,42.3118647,0,0,0
16371,60088,-87.840857,42.3110114,0,0,0
16372,40484,-84.66135172,37.5299257,0,0,0
16373,40422,-84.77334096,37.64641472,0,0,0
16374,67672,-99.890502,39.0204265,0,0,0
16375,45812,-83.8432989,40.7076232,0,0,0
16376,66440,-95.704666,39.2485208,0,0,0
16377,67063,-97.20554086,38.35913872,0,0,0
16378,66538,-96.06484049,39.83705822,0,0,0
16379,46256,-85.9524548,39.934749,0,0,0
16380,66049,-95.26797906,38.95629971,0,0,0
16381,83716,-116.1201352,43.56536109,0,0,0
16382,66044,-95.23509781,38.99060347,0,0,0
16383,21842,-75.0847357,38.3350384,0,0,0
16384,67530,-98.77457594,38.35793391,0,0,0
16385,60175,-88.40031776,41.9357921,0,0,0
16386,42025,-88.3573895,36.85181056,0,0,0
16387,41094,-84.61129987,38.86652709,0,0,0
16388,66427,-96.4185628,39.70163941,0,0,0
16389,67548,-99.31148163,38.53021503,0,0,0
16390,41102,-82.69045351,38.43718538,0,0,0
16391,66840,-96.88620711,38.08951768,0,0,0
16392,41064,-84.03578461,38.53168551,0,0,0
16393,67576,-98.75996389,38.00106516,0,0,0
16394,67427,-98.39690048,38.51278817,0,0,0
16395,66080,-95.25562772,38.40140553,0,0,0
16396,96766,-159.3533798,21.976546,0,0,0
16397,42003,-88.53499655,37.01731941,0,0,0
16398,62988,-89.27052172,37.23421102,0,0,0
16399,66782,-94.926277,37.2831432,0,0,0
16400,42286,-87.26214301,36.72260085,0,0,0
16401,67834,-99.63504513,37.5503825,0,0,0
16402,66543,-95.6011806,38.6523577,0,0,0
16403,67401,-97.57784995,38.84214327,0,0,0
16404,67140,-97.40150242,37.04742947,0,0,0
16405,67491,-97.91026582,38.38319073,0,0,0
16406,62854,-88.85003459,38.77086228,0,0,0
16407,61733,-89.33180892,40.62740634,0,0,0
16408,49007,-85.58296201,42.29104983,0,0,0
16409,04011,-69.9609822,43.91059242,0,0,0
16410,61747,-89.4135455,40.421169,0,0,0
16411,62028,-90.3587361,38.9606459,0,0,0
16412,61726,-88.72044533,40.7439118,0,0,0
16413,62882,-89.12789806,38.57901578,0,0,0
16414,62849,-88.793257,38.615548,0,0,0
16415,61256,-90.40403649,41.55180749,0,0,0
16416,62880,-88.86259047,38.86774195,0,0,0
16417,61723,-89.2327963,40.261526,0,0,0
16418,47283,-85.5740991,39.1766271,0,0,0
16419,62049,-89.49325611,39.15754449,0,0,0
16420,48735,-83.2454895,43.6556429,0,0,0
16421,62468,-88.2458244,39.2725444,0,0,0
16422,62567,-89.1901788,39.6392675,0,0,0
16423,61412,-90.55530394,41.06407068,0,0,0
16424,83642,-116.3827694,43.59871572,0,0,0
16425,62046,-89.8460201,38.8883637,0,0,0
16426,61844,-87.87300834,40.11533421,0,0,0
16427,60612,-87.68778281,41.88347494,0,0,0
16428,62061,-89.779027,38.7894976,0,0,0
16429,21211,-76.62215979,39.32303398,0,0,0
16430,61350,-88.87786,41.334186,0,0,0
16431,61848,-87.70076315,40.30539956,0,0,0
16432,47136,-85.98353146,38.23811628,0,0,0
16433,61817,-87.70279109,40.06448611,0,0,0
16434,62870,-89.05327016,38.61733471,0,0,0
16435,42003,-88.63463821,37.05934109,0,0,0
16436,21863,-75.39301679,38.17671057,0,0,0
16437,40508,-84.49924873,38.03770325,0,0,0
16438,28684,-81.69340715,36.3324697,0,0,0
16439,40330,-84.84362034,37.76138825,0,0,0
16440,42351,-86.8993355,37.9369038,0,0,0
16441,47362,-85.4862153,39.9519006,0,0,0
16442,20678,-76.58104646,38.53975281,0,0,0
16443,46254,-86.2270865,39.8256507,0,0,0
16444,67361,-96.18736338,37.12850567,0,0,0
16445,41005,-84.72357642,39.03785121,0,0,0
16446,25411,-78.23966287,39.60367143,0,0,0
16447,42450,-87.76116425,37.39937789,0,0,0
16448,46957,-85.4994202,40.3877266,0,0,0
16449,67104,-98.58714328,37.28644435,0,0,0
16450,83553,-115.9384569,46.3813535,0,0,0
16451,67416,-97.60145633,38.6796546,0,0,0
16452,40218,-85.66079555,38.19485228,0,0,0
16453,48913,-84.6628135,42.6710644,0,0,0
16454,67156,-96.9939611,37.2400642,0,0,0
16455,47930,-86.7252178,40.2467705,0,0,0
16456,67547,-99.4145939,37.9253597,0,0,0
16457,61032,-89.6376233,42.288631,0,0,0
16458,47232,-85.8128994,39.1356469,0,0,0
16459,47226,-85.8704803,39.2825216,0,0,0
16460,49036,-84.9919872,41.9558289,0,0,0
16461,49866,-87.5517118,46.5292934,0,0,0
16462,46121,-86.6701068,39.6882306,0,0,0
16463,47612,-87.7084708,38.1876109,0,0,0
16464,21040,-76.3201943,39.4332274,0,0,0
16465,46118,-86.52335729,39.69003664,0,0,0
16466,47905,-86.78134683,40.37356177,0,0,0
16467,62262,-89.26814896,38.92700329,0,0,0
16468,21043,-76.7986678,39.2683205,0,0,0
16469,67860,-101.2559634,37.94252941,0,0,0
16470,62836,-88.85266751,38.08887399,0,0,0
16471,62695,-90.22126525,39.62815611,0,0,0
16472,61501,-90.3589085,40.2266434,0,0,0
16473,62910,-88.62931712,37.12396534,0,0,0
16474,62422,-88.86318659,39.25021022,0,0,0
16475,20774,-76.81959394,38.88705307,0,0,0
16476,62819,-89.01609281,37.9812038,0,0,0
16477,61039,-89.4746872,42.213975,0,0,0
16478,61544,-90.26704484,40.71269516,0,0,0
16479,41301,-83.53992763,37.73561268,0,0,0
16480,60935,-88.18801561,41.17739865,0,0,0
16481,62896,-88.9758948,37.9148717,0,0,0
16482,21201,-76.615729,39.30737602,0,0,0
16483,61314,-89.68024367,41.3265187,0,0,0
16484,62534,-88.7525164,39.5199935,0,0,0
16485,03771,-72.0547061,44.261477,0,0,0
16486,62089,-89.4928532,39.130427,0,0,0
16487,61030,-89.57897663,42.12687514,0,0,0
16488,61486,-90.58638797,41.20317837,0,0,0
16489,66061,-94.83143352,38.88688642,0,0,0
16490,62923,-89.0159706,37.3649675,0,0,0
16491,21853,-75.69138195,38.16030545,0,0,0
16492,46320,-87.5204065,41.6165848,0,0,0
16493,67052,-97.57462515,37.65781514,0,0,0
16494,21133,-76.80072916,39.3692885,0,0,0
16495,46402,-87.33806502,41.60352039,0,0,0
16496,46402,-87.34945193,41.60090369,0,0,0
16497,46312,-87.4447184,41.64564,0,0,0
16498,67016,-97.51632441,37.88511248,0,0,0
16499,42141,-85.91159353,36.99451084,0,0,0
16500,40831,-83.35430131,36.85215142,0,0,0
16501,67068,-98.09970328,37.64871906,0,0,0
16502,42086,-88.79446234,37.07887385,0,0,0
16503,67877,-100.8428147,37.4794349,0,0,0
16504,21903,-76.07315156,39.56784611,0,0,0
16505,21740,-77.72235503,39.64325727,0,0,0
16506,21842,-75.08662304,38.32803797,0,0,0
16507,21801,-75.5979375,38.3618015,0,0,0
16508,46799,-85.2811931,40.9179122,0,0,0
16509,46797,-84.8548946,41.125585,0,0,0
16510,47354,-85.1819288,40.0251999,0,0,0
16511,66053,-94.7506712,38.6195364,0,0,0
16512,46376,-87.4484784,41.1857179,0,0,0
16513,67835,-100.3482964,37.81801727,0,0,0
16514,46356,-87.3158909,41.2900225,0,0,0
16515,66056,-94.81054223,38.14172786,0,0,0
16516,66935,-97.6301545,39.82333652,0,0,0
16517,47949,-87.1605354,40.1064384,0,0,0
16518,60944,-87.619749,41.0664643,0,0,0
16519,66054,-95.20815597,39.1983758,0,0,0
16520,60666,-87.9050308,41.97648537,0,0,0
16521,66097,-95.26967602,39.31921004,0,0,0
16522,62656,-89.35934772,40.14555619,0,0,0
16523,49729,-85.2456548,45.1656757,0,0,0
16524,20854,-77.16323512,39.05782873,0,0,0
16525,67665,-98.85765185,38.87151239,0,0,0
16526,62094,-89.35337737,39.25453686,0,0,0
16527,47244,-85.6986439,39.2670393,0,0,0
16528,40143,-86.4615814,37.7809338,0,0,0
16529,48203,-83.0972115,42.4091056,0,0,0
16530,21863,-75.4002608,38.1709722,0,0,0
16531,84701,-112.0844149,38.7715124,0,0,0
16532,46218,-86.1159982,39.8111991,0,0,0
16533,46204,-86.16466946,39.7690937,0,0,0
16534,47522,-86.9033101,38.8958885,0,0,0
16535,46204,-86.16038504,39.76652393,0,0,0
16536,83702,-116.1995815,43.61769253,0,0,0
16537,41240,-82.806739,37.8143454,0,0,0
16538,53808,-90.58880992,42.62905329,0,0,0
16539,21801,-75.6279993,38.3839667,0,0,0
16540,62354,-91.38320351,40.55046097,0,0,0
16541,66060,-95.33240468,39.41690654,0,0,0
16542,66066,-95.313449,39.2168468,0,0,0
16543,67401,-97.61417701,38.84466958,0,0,0
16544,61238,-90.1931543,41.3030155,0,0,0
16545,66086,-95.1473814,39.1238705,0,0,0
16546,41144,-82.83631077,38.57830122,0,0,0
16547,67401,-97.6360021,38.7980118,0,0,0
16548,46204,-86.1586831,39.7789857,0,0,0
16549,46278,-86.2671496,39.8802098,0,0,0
16550,67038,-96.71782492,37.17875892,0,0,0
16551,83705,-116.2193271,43.57422129,0,0,0
16552,46222,-86.20177136,39.81574605,0,0,0
16553,67054,-99.28256409,37.60776961,0,0,0
16554,46203,-86.1409116,39.7509042,0,0,0
16555,46226,-86.0425857,39.8154353,0,0,0
16556,67003,-98.02938615,37.15351944,0,0,0
16557,67052,-97.5768034,37.6545304,0,0,0
16558,67752,-100.2351419,39.0676563,0,0,0
16559,67353,-96.3025017,37.3617901,0,0,0
16560,67010,-97.07985864,37.67838923,0,0,0
16561,46202,-86.13868527,39.78828395,0,0,0
16562,66733,-95.2396334,37.572917,0,0,0
16563,46240,-86.12977,39.907155,0,0,0
16564,46268,-86.2554924,39.875644,0,0,0
16565,46222,-86.203421,39.7755242,0,0,0
16566,66032,-95.2428564,38.2795866,0,0,0
16567,46227,-86.1207779,39.6659538,0,0,0
16568,66015,-95.366512,38.0707711,0,0,0
16569,62051,-89.4048325,39.2053729,0,0,0
16570,61732,-89.1748468,40.5279342,0,0,0
16571,41501,-82.51745496,37.47904604,0,0,0
16572,42001,-88.6676008,37.0369914,0,0,0
16573,47361,-85.3857425,40.0047744,0,0,0
16574,62058,-89.7645672,38.9671626,0,0,0
16575,47263,-85.33490486,39.30987874,0,0,0
16576,20020,-76.9695339,38.8533839,0,0,0
16577,62540,-89.4130021,39.58703909,0,0,0
16578,62926,-89.16430415,37.36208231,0,0,0
16579,19901,-75.5196389,39.1563773,0,0,0
16580,67203,-97.33931206,37.69409975,0,0,0
16581,60974,-87.73010015,40.71471463,0,0,0
16582,62960,-88.84472472,37.20475111,0,0,0
16583,62812,-88.92078388,38.03355171,0,0,0
16584,60112,-88.69967279,41.91582908,0,0,0
16585,62465,-88.61987216,39.35124959,0,0,0
16586,61001,-90.094455,42.5049984,0,0,0
16587,61432,-90.168532,40.633063,0,0,0
16588,67846,-100.8444164,37.96005379,0,0,0
16589,47874,-87.28322004,39.62395146,0,0,0
16590,62547,-89.26160888,39.76322237,0,0,0
16591,62273,-89.59768423,38.77993485,0,0,0
16592,61917,-87.92904298,39.71362501,0,0,0
16593,46057,-86.3932487,40.3251684,0,0,0
16594,47360,-85.2506383,39.9976694,0,0,0
16595,61425,-91.086835,40.812734,0,0,0
16596,62379,-91.43622924,40.36070847,0,0,0
16597,62808,-89.1942467,38.3274366,0,0,0
16598,61611,-89.51952468,40.82455475,0,0,0
16599,21157,-77.00059408,39.58428556,0,0,0
16600,49106,-86.5561904,41.9487639,0,0,0
16601,49113,-86.4992225,41.8017001,0,0,0
16602,48853,-84.692937,43.1039708,0,0,0
16603,48649,-84.16866303,43.14046569,0,0,0
16604,49837,-87.019202,45.841134,0,0,0
16605,21701,-77.420361,39.4213674,0,0,0
16606,49079,-85.9693698,42.2004956,0,0,0
16607,21117,-76.7651214,39.4255625,0,0,0
16608,83702,-116.2014606,43.6151873,0,0,0
16609,21202,-76.6097434,39.2860447,0,0,0
16610,21210,-76.6213107,39.3516124,0,0,0
16611,49783,-84.3719285,46.4650436,0,0,0
16612,21015,-76.282784,39.5613684,0,0,0
16613,48215,-82.9497221,42.369812,0,0,0
16614,48236,-82.9145294,42.4196349,0,0,0
16615,48223,-83.236484,42.4083476,0,0,0
16616,48215,-82.9496092,42.38628796,0,0,0
16617,66111,-94.82145398,39.05651556,0,0,0
16618,49120,-86.23639655,41.81759301,0,0,0
16619,83815,-116.7961324,47.7438769,0,0,0
16620,21210,-76.61699618,39.34980396,0,0,0
16621,48897,-85.1347837,42.7263348,0,0,0
16622,62956,-88.97339032,37.29345868,0,0,0
16623,62838,-88.77321446,38.83130739,0,0,0
16624,60911,-87.954702,40.878993,0,0,0
16625,62685,-89.9664635,39.1151296,0,0,0
16626,61335,-89.20918234,41.17620622,0,0,0
16627,62891,-89.0439173,38.0138533,0,0,0
16628,42050,-89.19434383,36.57143784,0,0,0
16629,42160,-86.0492394,37.0938778,0,0,0
16630,62661,-89.8461913,39.6788824,0,0,0
16631,49333,-85.4644996,42.7113025,0,0,0
16632,49058,-85.3025598,42.6491052,0,0,0
16633,60085,-87.8242968,42.3581463,0,0,0
16634,49707,-83.4702069,45.0622346,0,0,0
16635,66502,-96.57386251,39.18553755,0,0,0
16636,61275,-90.33602402,41.60593859,0,0,0
16637,67530,-98.76438164,38.36546181,0,0,0
16638,21727,-77.3492281,39.6838512,0,0,0
16639,40229,-85.6153352,38.0950093,0,0,0
16640,20735,-76.8925844,38.7321956,0,0,0
16641,20774,-76.7216368,38.8813095,0,0,0
16642,20772,-76.7576826,38.8140107,0,0,0
16643,21619,-76.24943211,38.97491516,0,0,0
16644,21668,-75.8588541,39.18496304,0,0,0
16645,61081,-89.668345,41.7997971,0,0,0
16646,83634,-116.4229811,43.4880523,0,0,0
16647,21795,-77.8214657,39.5993429,0,0,0
16648,08060,-74.7903738,39.9954219,0,0,0
16649,96813,-157.861541,21.30226,0,0,0
16650,21061,-76.6455214,39.1661236,0,0,0
16651,96813,-157.8573634,21.307444,0,0,0
16652,04347,-69.770042,44.303449,0,0,0
16653,67846,-100.8808119,37.94912733,0,0,0
16654,60626,-87.6602717,41.999239,0,0,0
16655,21218,-76.6203231,39.3265368,0,0,0
16656,49348,-85.642983,42.6802164,0,0,0
16657,83554,-116.2812101,45.63781558,0,0,0
16658,21222,-76.53264253,39.25541678,0,0,0
16659,83204,-112.3893026,42.8248651,0,0,0
16660,61031,-89.2988946,41.840555,0,0,0
16661,83623,-115.3011252,42.955342,0,0,0
16662,62970,-89.08841379,37.1817493,0,0,0
16663,83355,-114.6992205,42.7761126,0,0,0
16664,62816,-88.90265085,38.20315528,0,0,0
16665,83245,-112.2492758,42.7981186,0,0,0
16666,83201,-112.448674,42.8732133,0,0,0
16667,83201,-112.4623441,42.8779409,0,0,0
16668,47542,-86.95303752,38.29121155,0,0,0
16669,49420,-86.3731985,43.6881886,0,0,0
16670,49854,-86.2432164,45.9521133,0,0,0
16671,48817,-84.1326126,42.9841243,0,0,0
16672,46517,-85.98092201,41.62554125,0,0,0
16673,47513,-86.6964301,38.3165191,0,0,0
16674,20003,-76.9992606,38.8834558,0,0,0
16675,20009,-77.042868,38.9221631,0,0,0
16676,62959,-88.91897667,37.76842398,0,0,0
16677,47032,-85.0893753,39.1153588,0,0,0
16678,47060,-84.81663013,39.26235802,0,0,0
16679,20001,-77.0195977,38.9039727,0,0,0
16680,20020,-76.9596625,38.8697326,0,0,0
16681,20011,-77.02383,38.9400828,0,0,0
16682,20020,-76.9687249,38.8723578,0,0,0
16683,20010,-77.0256578,38.9326186,0,0,0
16684,47036,-85.20426816,39.33974775,0,0,0
16685,46514,-85.88716126,41.73356485,0,0,0
16686,47150,-85.8253922,38.2844935,0,0,0
16687,47952,-87.2784002,39.9677118,0,0,0
16688,62439,-87.68506724,38.72677334,0,0,0
16689,48167,-83.4602857,42.4230197,0,0,0
16690,46058,-86.66656335,40.34392027,0,0,0
16691,61265,-90.4783758,41.503175,0,0,0
16692,61265,-90.53171361,41.50545664,0,0,0
16693,47025,-84.822373,39.1580887,0,0,0
16694,47546,-86.9386127,38.4083014,0,0,0
16695,67202,-97.33668831,37.68516097,0,0,0
16696,67530,-98.7746083,38.3578246,0,0,0
16697,66202,-94.6736821,39.0152453,0,0,0
16698,47649,-87.44620779,38.3327372,0,0,0
16699,46103,-86.61319605,39.6889217,0,0,0
16700,46953,-85.6642897,40.5193576,0,0,0
16701,61356,-89.46601479,41.367119,0,0,0
16702,67669,-99.2777839,39.4338923,0,0,0
16703,66935,-97.6530349,39.7985728,0,0,0
16704,83669,-116.4881037,43.6913753,0,0,0
16705,67460,-97.63420544,38.36919289,0,0,0
16706,66606,-95.72261266,39.06614386,0,0,0
16707,42701,-85.8303125,37.71132648,0,0,0
16708,40351,-83.4767305,38.18664,0,0,0
16709,42701,-85.8580294,37.6930322,0,0,0
16710,67864,-100.4504676,37.1728968,0,0,0
16711,48706,-83.915413,43.605273,0,0,0
16712,49968,-89.9405826,46.477271,0,0,0
16713,66227,-94.8638184,38.9573971,0,0,0
16714,40505,-84.46131679,38.04540179,0,0,0
16715,40517,-84.48274882,37.98247689,0,0,0
16716,40504,-84.54029403,38.06169441,0,0,0
16717,49946,-88.4411787,46.7489877,0,0,0
16718,49640,-86.0084372,44.663058,0,0,0
16719,48624,-84.5047802,43.9783129,0,0,0
16720,40212,-85.7972219,38.2685367,0,0,0
16721,40208,-85.76345092,38.23005382,0,0,0
16722,40211,-85.81330434,38.22892845,0,0,0
16723,49250,-84.6535611,41.9870975,0,0,0
16724,48413,-83.01215513,43.80153298,0,0,0
16725,04002,-70.7176661,43.5114594,0,0,0
16726,04240,-70.203358,44.1017045,0,0,0
16727,21773,-77.6015086,39.5168911,0,0,0
16728,49935,-88.6272546,46.0972185,0,0,0
16729,49868,-85.5083764,46.3448435,0,0,0
16730,48471,-82.83239559,43.42182762,0,0,0
16731,48442,-83.54753,42.8164892,0,0,0
16732,46562,-85.7057873,41.2003483,0,0,0
16733,20601,-76.8800203,38.65142931,0,0,0
16734,21666,-76.35433941,38.95487328,0,0,0
16735,21530,-78.42269516,39.68778509,0,0,0
16736,21401,-76.48462827,38.97712016,0,0,0
16737,21046,-76.80897414,39.18072905,0,0,0
16738,21903,-76.07283614,39.58929424,0,0,0
16739,66604,-95.69128325,39.03943734,0,0,0
16740,67731,-101.5319931,39.74936795,0,0,0
16741,21740,-77.72172091,39.64294661,0,0,0
16742,21012,-76.51199432,39.04906551,0,0,0
16743,96792,-158.1874552,21.4432012,0,0,0
16744,96731,-157.9463178,21.6748477,0,0,0
16745,96817,-157.8628325,21.31201188,0,0,0
16746,96815,-157.8257735,21.2759681,0,0,0
16747,62675,-89.848696,40.008934,0,0,0
16748,66049,-95.3543144,38.9421083,0,0,0
16749,41015,-84.50359863,39.04758084,0,0,0
16750,20723,-76.9013139,39.146746,0,0,0
16751,21043,-76.80312686,39.27360836,0,0,0
16752,48725,-83.272049,43.939047,0,0,0
16753,61614,-89.617803,40.7523887,0,0,0
16754,48126,-83.1702089,42.3439603,0,0,0
16755,61602,-89.5912499,40.6910188,0,0,0
16756,62626,-89.87977474,39.27832096,0,0,0
16757,19711,-75.7568543,39.7326528,0,0,0
16758,48933,-84.55937268,42.7333013,0,0,0
16759,60505,-88.2818281,41.7483274,0,0,0
16760,66734,-94.81234247,37.64567012,0,0,0
16761,67025,-97.8251884,37.7171645,0,0,0
16762,67220,-97.29838479,37.76721921,0,0,0
16763,61832,-87.62918019,40.12184031,0,0,0
16764,48226,-83.0430332,42.3268039,0,0,0
16765,21211,-76.6225524,39.32305539,0,0,0
16766,21202,-76.6107063,39.2917116,0,0,0
16767,42101,-86.44270302,36.99252382,0,0,0
16768,83301,-114.4651268,42.5545446,0,0,0
16769,40502,-84.4688071,38.0161047,0,0,0
16770,48505,-83.7051768,43.0563582,0,0,0
16771,40601,-84.9903222,38.23144,0,0,0
16772,41143,-82.9517065,38.33348507,0,0,0
16773,46940,-85.72092291,40.67347216,0,0,0
16774,47991,-87.38637157,40.27285731,0,0,0
16775,46161,-85.70505273,39.6755382,0,0,0
16776,47460,-86.76467036,39.28684364,0,0,0
16777,47637,-87.117942,38.0828513,0,0,0
16778,47619,-87.2986868,38.1991796,0,0,0
16779,46105,-86.81759616,39.76224414,0,0,0
16780,47042,-85.2555796,39.062149,0,0,0
16781,47980,-86.8750567,40.7492907,0,0,0
16782,47905,-86.8495139,40.396415,0,0,0
16783,46219,-86.146862,39.7831536,0,0,0
16784,46556,-86.2349766,41.7058456,0,0,0
16785,46628,-86.3093644,41.6978091,0,0,0
16786,47335,-85.2083244,39.8122078,0,0,0
16787,47965,-86.9215302,39.9522814,0,0,0
16788,47847,-87.4946074,39.8056219,0,0,0
16789,47613,-87.4475795,38.1606337,0,0,0
16790,56303,-94.2061765,45.5755202,0,0,0
16791,46725,-85.4523961,41.1420689,0,0,0
16792,47807,-87.41104075,39.4692467,0,0,0
16793,47940,-86.776594,40.1099137,0,0,0
16794,47404,-86.5606403,39.1810318,0,0,0
16795,47994,-87.07309962,40.17286783,0,0,0
16796,46383,-87.04964703,41.46738615,0,0,0
16797,47968,-86.71379262,39.9640535,0,0,0
16798,47989,-87.0463313,39.8799387,0,0,0
16799,47464,-86.6513285,39.297634,0,0,0
16800,47713,-87.5605698,37.9566309,0,0,0
16801,47711,-87.5586173,37.9843374,0,0,0
16802,47165,-86.0136934,38.5030064,0,0,0
16803,46204,-86.156903,39.7637809,0,0,0
16804,47584,-87.2576325,38.2524353,0,0,0
16805,46970,-86.0844945,40.7803727,0,0,0
16806,47401,-86.4238123,39.0924568,0,0,0
16807,47715,-87.4915248,37.9720053,0,0,0
16808,47848,-87.2594589,39.0678891,0,0,0
16809,46360,-86.8674179,41.7205867,0,0,0
16810,46914,-86.1063313,40.660629,0,0,0
16811,47598,-87.2120003,38.3856587,0,0,0
16812,46181,-86.15368885,39.41007667,0,0,0
16813,46750,-85.49878383,40.89719023,0,0,0
16814,47581,-86.7931904,38.6658599,0,0,0
16815,46383,-87.0600793,41.4645336,0,0,0
16816,47327,-85.17210461,39.81422206,0,0,0
16817,47243,-85.4670453,38.7141506,0,0,0
16818,47977,-87.1493144,40.7610744,0,0,0
16819,47598,-87.2327699,38.3538528,0,0,0
16820,46506,-86.1928012,41.4582197,0,0,0
16821,47990,-87.0650592,40.0890121,0,0,0
16822,47561,-87.44051172,38.87124567,0,0,0
16823,46580,-85.82781344,41.24012889,0,0,0
16824,46360,-86.8627549,41.6879556,0,0,0
16825,46732,-85.61564707,41.40102247,0,0,0
16826,46784,-85.3770046,41.4925608,0,0,0
16827,47345,-85.04367096,39.89243714,0,0,0
16828,47394,-84.9802682,40.1707306,0,0,0
16829,46172,-86.802046,39.8522612,0,0,0
16830,46133,-85.3004226,39.6248239,0,0,0
16831,46931,-86.2625236,40.9469434,0,0,0
16832,47274,-85.8787691,38.9586526,0,0,0
16833,47260,-86.169996,38.8256151,0,0,0
16834,46776,-85.1709869,41.7311026,0,0,0
16835,47353,-84.92835723,39.63513071,0,0,0
16836,47725,-87.5499552,38.1551198,0,0,0
16837,46979,-86.2704573,40.4191024,0,0,0
16838,46360,-86.90521709,41.72168856,0,0,0
16839,46615,-86.21756236,41.66550031,0,0,0
16840,47957,-86.8884682,41.0804671,0,0,0
16841,47842,-87.4086168,39.683256,0,0,0
16842,47581,-86.7963914,38.6697031,0,0,0
16843,46157,-86.4771378,39.5792399,0,0,0
16844,47041,-85.09411666,39.24242301,0,0,0
16845,46180,-86.6330837,39.6394798,0,0,0
16846,47537,-87.03590049,38.11362966,0,0,0
16847,46120,-86.8761121,39.4881273,0,0,0
16848,46135,-86.8877783,39.5683816,0,0,0
16849,47031,-85.13279668,39.12278309,0,0,0
16850,47042,-85.25196708,39.07071619,0,0,0
16851,46989,-85.4992271,40.4570736,0,0,0
16852,46975,-86.21408556,41.06559347,0,0,0
16853,47959,-86.8794833,40.8637327,0,0,0
16854,47967,-86.97925238,40.19507994,0,0,0
16855,47928,-87.4090489,39.8539713,0,0,0
16856,46151,-86.4270329,39.4261655,0,0,0
16857,46166,-86.5621249,39.3977563,0,0,0
16858,47802,-87.39065875,39.37304479,0,0,0
16859,47862,-87.3705296,39.7925745,0,0,0
16860,46135,-86.86318698,39.64200725,0,0,0
16861,47388,-85.4430146,40.0053674,0,0,0
16862,47712,-87.6072325,37.9650703,0,0,0
16863,47023,-85.3874982,39.0750654,0,0,0
16864,46795,-85.36738486,41.52768855,0,0,0
16865,47838,-87.402887,38.9611474,0,0,0
16866,47611,-87.0358844,38.0156871,0,0,0
16867,47929,-86.8676215,40.662968,0,0,0
16868,47879,-87.3011232,39.1865196,0,0,0
16869,46175,-86.983503,39.8552449,0,0,0
16870,46970,-86.1301474,40.7851781,0,0,0
16871,46128,-86.7534439,39.6716989,0,0,0
16872,47012,-85.0113679,39.4508549,0,0,0
16873,66612,-95.68037,39.04809722,0,0,0
16874,46567,-85.6687541,41.377342,0,0,0
16875,73938,-100.5360682,36.9066705,0,0,0
16876,47137,-86.34491901,38.2007596,0,0,0
16877,47373,-85.1484915,40.3546948,0,0,0
16878,21701,-77.41016516,39.42245199,0,0,0
16879,61756,-88.95053323,40.03560525,0,0,0
16880,62573,-89.0608662,39.93032458,0,0,0
16881,61458,-90.16563845,40.79804346,0,0,0
16882,44110,-81.5749608,41.5551564,0,0,0
16883,27244,-79.5069776,36.1000015,0,0,0
16884,44663,-81.406203,40.4591233,0,0,0
16885,43558,-83.7907852,41.600993,0,0,0
16886,28677,-80.8849882,35.7826607,0,0,0
16887,73020,-97.3238086,35.4923758,0,0,0
16888,84119,-111.9568304,40.67114782,0,0,0
16889,55731,-91.8635425,47.9025924,0,0,0
16890,00961,-66.1475425,18.4153878,0,0,0
16891,55450,-93.2282969,44.8739721,0,0,0
16892,39301,-88.63559952,32.39127645,0,0,0
16893,88061,-108.2660393,32.791878,0,0,0
16894,14712,-79.34857102,42.13456445,0,0,0
16895,13820,-75.10699785,42.44296825,0,0,0
16896,13803,-76.03458405,42.44029459,0,0,0
16897,13408,-75.63745271,42.89840672,0,0,0
16898,13605,-76.02384071,43.80908928,0,0,0
16899,13607,-75.96937302,44.29661983,0,0,0
16900,13021,-76.61545615,42.92842242,0,0,0
16901,14568,-77.28899412,43.13438914,0,0,0
16902,12084,-73.91112229,42.70508128,0,0,0
16903,12193,-74.03549438,42.49214996,0,0,0
16904,12832,-73.36297719,43.45225172,0,0,0
16905,12834,-73.4180056,43.14039459,0,0,0
16906,12072,-74.34791171,42.93801142,0,0,0
16907,12125,-73.38291544,42.47133413,0,0,0
16908,12534,-73.76174856,42.17308569,0,0,0
16909,12522,-73.57697613,41.7414101,0,0,0
16910,10994,-73.9508658,41.10027452,0,0,0
16911,10538,-73.76527076,40.931293,0,0,0
16912,12550,-74.0705378,41.512433,0,0,0
16913,13206,-76.09458213,43.090511,0,0,0
16914,14048,-77.65356176,43.048489,0,0,0
16915,10451,-73.93027351,40.82564968,0,0,0
16916,10002,-73.9869358,40.7100126,0,0,0
16917,10013,-74.003409,40.7163494,0,0,0
16918,11231,-74.0002133,40.6838434,0,0,0
16919,11213,-73.9302677,40.6747778,0,0,0
16920,11217,-73.9741562,40.6808921,0,0,0
16921,11216,-73.9447134,40.6888591,0,0,0
16922,11237,-73.9178484,40.6982041,0,0,0
16923,11205,-73.960468,40.6900921,0,0,0
16924,11222,-73.9532578,40.7267029,0,0,0
16925,11237,-73.9234898,40.6996824,0,0,0
16926,12074,-74.0558981,43.0278093,0,0,0
16927,11218,-73.97099815,40.64974346,0,0,0
16928,11234,-73.911717,40.5992968,0,0,0
16929,11224,-73.9903701,40.5762746,0,0,0
16930,11207,-73.8982934,40.6687396,0,0,0
16931,11206,-73.932166,40.7023651,0,0,0
16932,11205,-73.9776278,40.6940573,0,0,0
16933,11235,-73.9652957,40.5825195,0,0,0
16934,11211,-73.9390646,40.7118122,0,0,0
16935,11236,-73.9175595,40.6336247,0,0,0
16936,14808,-77.4774145,42.5534778,0,0,0
16937,11214,-74.0030857,40.602471,0,0,0
16938,11210,-73.9416254,40.6279744,0,0,0
16939,11204,-73.991403,40.6257222,0,0,0
16940,11236,-73.9049694,40.6484842,0,0,0
16941,11230,-73.973685,40.6303799,0,0,0
16942,11225,-73.9478848,40.6645676,0,0,0
16943,11693,-73.8165098,40.5862715,0,0,0
16944,11691,-73.7500349,40.6029426,0,0,0
16945,11224,-73.9761517,40.5765839,0,0,0
16946,11418,-73.8315211,40.698728,0,0,0
16947,11692,-73.7848287,40.5942744,0,0,0
16948,11211,-73.95058221,40.70610485,0,0,0
16949,12170,-73.6617285,42.937219,0,0,0
16950,12548,-74.10365989,41.66909847,0,0,0
16951,10031,-73.95601756,40.82645972,0,0,0
16952,11354,-73.8288978,40.7631236,0,0,0
16953,10703,-73.8881318,40.951569,0,0,0
16954,10004,-74.0119327,40.7054272,0,0,0
16955,11101,-73.9486723,40.7465443,0,0,0
16956,12534,-73.7473864,42.2869625,0,0,0
16957,10013,-74.0008794,40.7159573,0,0,0
16958,11367,-73.8122738,40.7324763,0,0,0
16959,11106,-73.9342858,40.7620726,0,0,0
16960,10603,-73.7917333,41.0465929,0,0,0
16961,10013,-74.00064505,40.71624335,0,0,0
16962,11371,-73.885074,40.7715239,0,0,0
16963,13667,-74.9868853,44.79916,0,0,0
16964,10474,-73.8902492,40.8145326,0,0,0
16965,97215,-122.6139569,45.5233711,0,0,0
16966,39571,-89.2458792,30.31211952,0,0,0
16967,38632,-89.9893699,34.8285266,0,0,0
16968,18610,-75.58133615,41.08078793,0,0,0
16969,17815,-76.3587702,41.0397527,0,0,0
16970,16335,-80.2065892,41.6196454,0,0,0
16971,18834,-75.6879997,41.8304532,0,0,0
16972,17815,-76.4488303,41.0064879,0,0,0
16973,17754,-76.9134641,41.2496494,0,0,0
16974,18042,-75.2158636,40.6891869,0,0,0
16975,17325,-77.1839238,39.8991074,0,0,0
16976,97850,-118.0629087,45.3351411,0,0,0
16977,97601,-121.7909896,42.2443461,0,0,0
16978,38632,-89.99960387,34.82194477,0,0,0
16979,38746,-90.94591357,33.94290988,0,0,0
16980,87507,-106.0767158,35.6704133,0,0,0
16981,39203,-90.1931615,32.296661,0,0,0
16982,77571,-95.02217557,29.66441879,0,0,0
16983,13420,-74.97081812,43.7124161,0,0,0
16984,12106,-73.6975025,42.3955508,0,0,0
16985,77550,-94.7960136,29.3032202,0,0,0
16986,77351,-94.9267651,30.7101716,0,0,0
16987,29203,-80.9788983,34.0786188,0,0,0
16988,12083,-74.0163771,42.4290509,0,0,0
16989,11901,-72.6610938,40.9136387,0,0,0
16990,10590,-73.55959746,41.27387329,0,0,0
16991,10018,-73.99094276,40.75643888,0,0,0
16992,13754,-75.415668,42.055685,0,0,0
16993,13438,-75.189727,43.3164061,0,0,0
16994,13815,-75.5311344,42.4942657,0,0,0
16995,10532,-73.8002062,41.0990106,0,0,0
16996,18031,-75.628764,40.5664239,0,0,0
16997,11226,-73.95041424,40.64871373,0,0,0
16998,11211,-73.95071594,40.70636547,0,0,0
16999,29212,-81.1486859,34.0861018,0,0,0
17000,29485,-80.15977999,33.01011887,0,0,0
17001,29406,-80.0129669,32.8800936,0,0,0
17002,29406,-80.0427322,32.966941,0,0,0
17003,29841,-81.9568291,33.5504408,0,0,0
17004,29045,-80.83991944,34.11166097,0,0,0
17005,29851,-81.8544564,33.5111955,0,0,0
17006,29229,-80.89847827,34.17679186,0,0,0
17007,29003,-81.0352211,33.3088094,0,0,0
17008,29418,-80.1004823,32.9147984,0,0,0
17009,29928,-80.7513971,32.1447948,0,0,0
17010,29488,-80.698193,32.8840749,0,0,0
17011,29483,-80.2108787,33.04267081,0,0,0
17012,29123,-81.247803,33.7898222,0,0,0
17013,29526,-79.04639504,33.83399277,0,0,0
17014,29212,-81.2160289,34.0727053,0,0,0
17015,29020,-80.6167749,34.2389091,0,0,0
17016,29646,-82.1272194,34.1622153,0,0,0
17017,29054,-81.38902926,33.96438807,0,0,0
17018,39401,-89.2819141,31.316009,0,0,0
17019,39367,-88.6430563,31.671804,0,0,0
17020,39360,-88.69771207,31.8604738,0,0,0
17021,39601,-90.4412395,31.5763887,0,0,0
17022,38617,-90.519151,34.36563547,0,0,0
17023,39192,-89.7810927,33.1972183,0,0,0
17024,39189,-89.45949235,32.59427855,0,0,0
17025,15531,-79.0283604,40.1611324,0,0,0
17026,17306,-77.2477324,39.9840815,0,0,0
17027,16101,-80.27974,41.040864,0,0,0
17028,16141,-80.3635905,40.8696073,0,0,0
17029,15401,-79.7233939,39.9025983,0,0,0
17030,16117,-80.3054539,40.8630975,0,0,0
17031,16120,-80.4636794,40.9002402,0,0,0
17032,97374,-122.8498276,44.7049406,0,0,0
17033,97333,-123.2755322,44.5615925,0,0,0
17034,97469,-123.3570556,42.9520044,0,0,0
17035,97814,-117.8446069,44.7965066,0,0,0
17036,97317,-122.9619858,44.8958107,0,0,0
17037,87520,-106.5838517,36.8839658,0,0,0
17038,88435,-104.6660684,34.9447661,0,0,0
17039,87801,-106.9019866,34.1012212,0,0,0
17040,87829,-108.5163504,34.3413544,0,0,0
17041,78596,-97.9898821,26.1572819,0,0,0
17042,02920,-71.4683025,41.74234031,0,0,0
17043,02920,-71.46307494,41.74203843,0,0,0
17044,02879,-71.4698121,41.4481271,0,0,0
17045,02920,-71.45588704,41.74690165,0,0,0
17046,02920,-71.44950251,41.74394112,0,0,0
17047,02920,-71.4664955,41.7392551,0,0,0
17048,02920,-71.4651753,41.7390345,0,0,0
17049,02920,-71.4616571,41.7498975,0,0,0
17050,02871,-71.2563516,41.5575209,0,0,0
17051,13403,-75.2901894,43.1442914,0,0,0
17052,11717,-73.2767273,40.7944868,0,0,0
17053,12901,-73.4856555,44.6678283,0,0,0
17054,11234,-73.88061125,40.59098108,0,0,0
17055,10547,-73.8673516,41.3102109,0,0,0
17056,10589,-73.6881821,41.3213218,0,0,0
17057,12043,-74.4269787,42.6753432,0,0,0
17058,12870,-73.75533122,43.858019,0,0,0
17059,11580,-73.705101,40.682495,0,0,0
17060,14510,-77.920462,42.727274,0,0,0
17061,12455,-74.689392,42.12685532,0,0,0
17062,13069,-76.39011035,43.30254475,0,0,0
17063,12921,-73.4361279,44.8966406,0,0,0
17064,12814,-73.65703178,43.55747445,0,0,0
17065,13697,-74.78623005,44.79609783,0,0,0
17066,12306,-74.0330258,42.7797763,0,0,0
17067,12205,-73.8515235,42.7016713,0,0,0
17068,13118,-76.42791935,42.71505545,0,0,0
17069,12158,-73.847279,42.5599569,0,0,0
17070,14414,-77.6704822,42.9025557,0,0,0
17071,10928,-73.970483,41.356467,0,0,0
17072,14701,-79.2426204,42.1314644,0,0,0
17073,11557,-73.6902951,40.6465914,0,0,0
17074,11756,-73.4957123,40.7324983,0,0,0
17075,11030,-73.7038538,40.7836903,0,0,0
17076,11783,-73.4966247,40.6649485,0,0,0
17077,10911,-73.98885487,41.31074483,0,0,0
17078,10026,-73.95063926,40.79778211,0,0,0
17079,14556,-77.82386075,42.68323322,0,0,0
17080,11596,-73.6482318,40.755581,0,0,0
17081,10001,-73.9927702,40.7502622,0,0,0
17082,14541,-76.8403652,42.7118048,0,0,0
17083,12567,-73.63268886,41.97251984,0,0,0
17084,10470,-73.8537125,40.9078008,0,0,0
17085,14901,-76.801521,42.0912075,0,0,0
17086,14886,-76.60579272,42.54268355,0,0,0
17087,13673,-75.707784,44.1575171,0,0,0
17088,12754,-74.7363931,41.8005852,0,0,0
17089,13732,-76.2242901,42.0834734,0,0,0
17090,14883,-76.4877963,42.2095664,0,0,0
17091,10455,-73.9136185,40.8155284,0,0,0
17092,10038,-74.0079411,40.7087507,0,0,0
17093,11224,-74.00333348,40.57350338,0,0,0
17094,13743,-76.3412184,42.2323603,0,0,0
17095,13856,-75.1630089,42.1246798,0,0,0
17096,12972,-73.4910881,44.6041703,0,0,0
17097,11787,-73.1962616,40.8529829,0,0,0
17098,13431,-75.06250988,43.22597264,0,0,0
17099,10710,-73.8429827,40.9755217,0,0,0
17100,13691,-75.79708765,44.21594239,0,0,0
17101,29621,-82.6132447,34.4998701,0,0,0
17102,29201,-81.00307607,33.96914265,0,0,0
17103,29720,-80.7323939,34.7252967,0,0,0
17104,29205,-81.0052422,34.0038229,0,0,0
17105,29360,-82.018025,34.4999541,0,0,0
17106,29667,-82.7535357,34.7600093,0,0,0
17107,29303,-81.99759951,34.97331895,0,0,0
17108,29607,-82.35986535,34.85846075,0,0,0
17109,29229,-80.8777447,34.1230483,0,0,0
17110,39350,-89.0908749,32.7662372,0,0,0
17111,39110,-90.09347316,32.51873605,0,0,0
17112,39232,-90.149805,32.2788368,0,0,0
17113,39209,-90.2474235,32.3558265,0,0,0
17114,39203,-90.19678748,32.3046183,0,0,0
17115,39339,-89.05184689,33.13513267,0,0,0
17116,39202,-90.1774509,32.3050859,0,0,0
17117,39350,-89.09105471,32.76450418,0,0,0
17118,39350,-89.09178332,32.76313066,0,0,0
17119,39503,-89.0994318,30.4615473,0,0,0
17120,39745,-89.399169,33.2933978,0,0,0
17121,39401,-89.2808934,31.2658205,0,0,0
17122,39154,-90.40093168,32.24666906,0,0,0
17123,38726,-90.98038803,33.78988572,0,0,0
17124,39507,-89.0040682,30.4074067,0,0,0
17125,39501,-89.0934975,30.4075314,0,0,0
17126,39154,-90.4227454,32.2607941,0,0,0
17127,39540,-88.8928679,30.4354379,0,0,0
17128,39401,-89.2918446,31.3265649,0,0,0
17129,39120,-91.4046438,31.56086,0,0,0
17130,38764,-90.8597979,33.7925618,0,0,0
17131,38603,-89.2383762,34.8205764,0,0,0
17132,38901,-89.82090961,33.76409564,0,0,0
17133,39120,-91.3839049,31.553591,0,0,0
17134,39327,-89.1112367,32.4410773,0,0,0
17135,39601,-90.4681203,31.5461345,0,0,0
17136,39183,-90.876569,32.3507649,0,0,0
17137,39194,-90.4133905,32.8458056,0,0,0
17138,39633,-91.0611695,31.2822761,0,0,0
17139,39669,-91.2773173,31.1382417,0,0,0
17140,39346,-89.0665091,32.9919591,0,0,0
17141,39114,-89.90122692,31.98574089,0,0,0
17142,38606,-89.9010936,34.3490879,0,0,0
17143,38652,-89.03338703,34.48281972,0,0,0
17144,38821,-88.41719656,33.97722581,0,0,0
17145,39116,-89.5558876,31.8676231,0,0,0
17146,39751,-89.0552129,33.7316829,0,0,0
17147,39350,-89.1263494,32.7805598,0,0,0
17148,38871,-89.17931557,34.30768191,0,0,0
17149,38670,-90.2224439,34.4319151,0,0,0
17150,39470,-89.5437832,30.8455994,0,0,0
17151,38841,-89.0306585,34.3505427,0,0,0
17152,38847,-88.1894869,34.4883884,0,0,0
17153,39429,-89.8172633,31.2255904,0,0,0
17154,39157,-90.1392462,32.4378176,0,0,0
17155,39208,-90.1403873,32.250874,0,0,0
17156,39203,-90.196805,32.3023493,0,0,0
17157,39211,-90.1455859,32.3652191,0,0,0
17158,38701,-91.0415665,33.3752307,0,0,0
17159,19141,-75.1438628,40.0442503,0,0,0
17160,16134,-80.436817,41.4861112,0,0,0
17161,18847,-75.6064983,41.9458599,0,0,0
17162,18431,-75.2794282,41.5106226,0,0,0
17163,19382,-75.6006882,39.9527767,0,0,0
17164,17745,-77.4317521,41.1406733,0,0,0
17165,15631,-79.5885519,40.0936663,0,0,0
17166,15940,-78.6378025,40.5022563,0,0,0
17167,18202,-75.99716949,40.96038221,0,0,0
17168,18704,-75.9130972,41.2802292,0,0,0
17169,19144,-75.1780334,40.0377614,0,0,0
17170,19107,-75.1569905,39.9566158,0,0,0
17171,19143,-75.2328198,39.9541457,0,0,0
17172,19047,-74.9104434,40.1438548,0,0,0
17173,15220,-80.0322457,40.4420259,0,0,0
17174,15210,-79.9924754,40.4216665,0,0,0
17175,17870,-76.9131125,40.8088881,0,0,0
17176,17517,-76.040769,40.2105794,0,0,0
17177,19020,-74.9608005,40.133103,0,0,0
17178,15834,-78.2637609,41.5015052,0,0,0
17179,17745,-77.4626468,41.139875,0,0,0
17180,15206,-79.909206,40.4742377,0,0,0
17181,16648,-78.4054969,40.4361959,0,0,0
17182,15217,-79.9211064,40.4414153,0,0,0
17183,17042,-76.4941787,40.3021714,0,0,0
17184,15313,-80.02268169,40.06366661,0,0,0
17185,19107,-75.1539691,39.9517785,0,0,0
17186,19106,-75.1516454,39.9489534,0,0,0
17187,15557,-79.1542041,39.9170245,0,0,0
17188,17751,-77.4151805,41.0807244,0,0,0
17189,15547,-79.0705603,40.1626358,0,0,0
17190,19465,-75.6624074,40.2356331,0,0,0
17191,15320,-79.9756043,39.8968054,0,0,0
17192,15044,-79.9386217,40.6056195,0,0,0
17193,16921,-77.5548161,41.7522351,0,0,0
17194,18241,-76.1717595,40.9401126,0,0,0
17195,17972,-76.1668638,40.6411086,0,0,0
17196,15853,-78.6858067,41.3807689,0,0,0
17197,17233,-77.995988,39.922155,0,0,0
17198,18901,-75.131524,40.2759491,0,0,0
17199,16201,-79.563883,40.813988,0,0,0
17200,15108,-80.1948743,40.4800072,0,0,0
17201,15501,-79.0816335,40.0312259,0,0,0
17202,17935,-76.2790511,40.7935971,0,0,0
17203,15143,-80.1078118,40.5552628,0,0,0
17204,17801,-76.6928064,40.8599687,0,0,0
17205,16335,-80.1492795,41.6383022,0,0,0
17206,15767,-78.9787275,40.9449494,0,0,0
17207,18301,-75.171893,40.9971039,0,0,0
17208,18235,-75.69972357,40.82606543,0,0,0
17209,18837,-76.3420302,41.857421,0,0,0
17210,16201,-79.52961119,40.81016138,0,0,0
17211,15767,-78.9800839,40.9493392,0,0,0
17212,17847,-76.8497284,40.9690054,0,0,0
17213,16153,-80.1073811,41.3392621,0,0,0
17214,18370,-75.27921,41.00197,0,0,0
17215,16262,-79.6339586,40.8391758,0,0,0
17216,16115,-80.4373521,40.8080982,0,0,0
17217,15219,-79.9799863,40.4435666,0,0,0
17218,19047,-74.91230951,40.15578116,0,0,0
17219,16214,-79.396478,41.1833167,0,0,0
17220,19526,-76.0024507,40.5641022,0,0,0
17221,15009,-80.3646975,40.7095473,0,0,0
17222,18661,-75.7047165,41.0720468,0,0,0
17223,18944,-75.2121047,40.3740793,0,0,0
17224,18235,-75.6019437,40.8551437,0,0,0
17225,19311,-75.7975635,39.8388429,0,0,0
17226,16038,-80.0087033,41.1350777,0,0,0
17227,16052,-80.042186,40.9084593,0,0,0
17228,16001,-79.9154463,40.8662088,0,0,0
17229,15212,-80.0160175,40.4569545,0,0,0
17230,15537,-78.38567543,40.00636889,0,0,0
17231,16037,-80.1280499,40.8099397,0,0,0
17232,18603,-76.1374008,41.0850855,0,0,0
17233,18202,-76.0256813,40.9776117,0,0,0
17234,19121,-75.16215976,39.98070672,0,0,0
17235,18847,-75.608459,41.9499141,0,0,0
17236,18615,-75.84445851,41.46282315,0,0,0
17237,15672,-79.5971585,40.2333883,0,0,0
17238,19063,-75.3929567,39.9204653,0,0,0
17239,15213,-79.95651142,40.44222834,0,0,0
17240,15301,-80.2381223,40.1803462,0,0,0
17241,15681,-79.529645,40.509417,0,0,0
17242,17602,-76.2352118,40.0313942,0,0,0
17243,18017,-75.4292278,40.6477264,0,0,0
17244,18644,-75.8408843,41.3094299,0,0,0
17245,17403,-76.7014876,39.8632168,0,0,0
17246,18472,-75.4107175,41.5807047,0,0,0
17247,16929,-77.1181361,41.9821932,0,0,0
17248,16613,-78.511756,40.5346537,0,0,0
17249,16946,-77.1329696,41.9095387,0,0,0
17250,17835,-77.19733061,40.88297437,0,0,0
17251,17855,-76.9813674,40.8766936,0,0,0
17252,15438,-79.83976629,40.09842374,0,0,0
17253,18428,-75.1309525,41.3870721,0,0,0
17254,16365,-79.2256882,41.8449881,0,0,0
17255,17015,-77.2272731,40.1846123,0,0,0
17256,17967,-76.2292631,40.8571664,0,0,0
17257,19145,-75.1864564,39.9233081,0,0,0
17258,15431,-79.6160088,39.97461,0,0,0
17259,17057,-76.7889186,40.2157035,0,0,0
17260,15401,-79.7245927,39.9005536,0,0,0
17261,15401,-79.7384942,39.901767,0,0,0
17262,15736,-79.3412979,40.6946254,0,0,0
17263,19063,-75.4492935,39.9078334,0,0,0
17264,16511,-80.0108223,42.1522832,0,0,0
17265,17522,-76.1633638,40.1985403,0,0,0
17266,15483,-79.8474018,40.083124,0,0,0
17267,16105,-80.3611026,41.0667823,0,0,0
17268,18015,-75.3780238,40.6053522,0,0,0
17269,17112,-76.7110192,40.336375,0,0,0
17270,17967,-76.2345325,40.8632184,0,0,0
17271,15613,-79.5884932,40.5480642,0,0,0
17272,19145,-75.18623052,39.91214487,0,0,0
17273,16748,-78.1935889,41.9633079,0,0,0
17274,18327,-75.14217155,40.98359901,0,0,0
17275,19131,-75.21810897,39.99742457,0,0,0
17276,16102,-80.4285198,40.965929,0,0,0
17277,16323,-79.72873,41.3536243,0,0,0
17278,16731,-78.3831677,41.9538056,0,0,0
17279,19147,-75.1575271,39.9428476,0,0,0
17280,19107,-75.15335,39.9536555,0,0,0
17281,16125,-80.384417,41.4135232,0,0,0
17282,16942,-77.3421031,41.9813508,0,0,0
17283,18424,-75.45503888,41.2428422,0,0,0
17284,17301,-77.0023704,39.8798457,0,0,0
17285,97216,-122.5543606,45.5170604,0,0,0
17286,97401,-123.094014,44.04790266,0,0,0
17287,97401,-123.0892821,44.0516804,0,0,0
17288,97103,-123.8596098,46.18665475,0,0,0
17289,97838,-119.2737147,45.8284813,0,0,0
17290,97420,-124.2680028,43.39266098,0,0,0
17291,97838,-119.3042599,45.8504007,0,0,0
17292,97502,-122.92628,42.3830644,0,0,0
17293,97330,-123.2624071,44.56559969,0,0,0
17294,97914,-116.9437659,44.02773855,0,0,0
17295,97216,-122.5546792,45.5180403,0,0,0
17296,97760,-121.1771908,44.35028196,0,0,0
17297,97443,-123.100045,43.29844062,0,0,0
17298,97520,-122.6923404,42.1879752,0,0,0
17299,97632,-121.4093886,42.01379002,0,0,0
17300,97051,-122.8201695,45.8637304,0,0,0
17301,97463,-122.4462695,43.74370482,0,0,0
17302,97415,-124.2619859,42.04955615,0,0,0
17303,97869,-118.7107887,44.46198137,0,0,0
17304,97741,-121.1359395,44.61240399,0,0,0
17305,97526,-123.3192408,42.45490087,0,0,0
17306,97136,-123.9142543,45.55989318,0,0,0
17307,97303,-123.0017269,44.9738548,0,0,0
17308,88434,-103.3303888,35.1068607,0,0,0
17309,87571,-105.5973185,36.4558593,0,0,0
17310,87121,-106.7125464,35.0909376,0,0,0
17311,87501,-105.9545287,35.6879625,0,0,0
17312,87108,-106.5856238,35.0780193,0,0,0
17313,87020,-107.8116574,35.1296337,0,0,0
17314,87525,-105.4540568,36.5961307,0,0,0
17315,88101,-103.204891,34.39800027,0,0,0
17316,88253,-104.3665239,32.9982832,0,0,0
17317,78264,-98.57836246,29.26336308,0,0,0
17318,79111,-101.6671313,35.2412034,0,0,0
17319,79313,-102.1632626,33.81074503,0,0,0
17320,76201,-97.1286212,33.2141021,0,0,0
17321,75935,-94.20067123,31.80391022,0,0,0
17322,76513,-97.46372737,31.06478622,0,0,0
17323,78240,-98.6243113,29.5226558,0,0,0
17324,78644,-97.7042582,29.8824556,0,0,0
17325,75633,-94.3412266,32.1555477,0,0,0
17326,78626,-97.66997041,30.6387713,0,0,0
17327,79788,-103.0010848,31.5692992,0,0,0
17328,78626,-97.67007868,30.63887143,0,0,0
17329,78626,-97.6678007,30.6352174,0,0,0
17330,76109,-97.3562783,32.7068919,0,0,0
17331,75760,-94.8366199,31.8193812,0,0,0
17332,79843,-104.0212535,30.3138453,0,0,0
17334,78653,-97.5209794,30.2658333,0,0,0
17335,78840,-100.9061946,29.38529636,0,0,0
17336,79072,-101.7080636,34.16890698,0,0,0
17337,78702,-97.7002448,30.2591436,0,0,0
17338,77833,-96.39948804,30.1683331,0,0,0
17340,11510,-73.6092368,40.6508079,0,0,0
17341,15501,-79.0196441,39.9928578,0,0,0
17342,12211,-73.7573907,42.7165512,0,0,0
17343,12871,-73.5798445,43.1043811,0,0,0
17344,88011,-106.740624,32.362215,0,0,0
17345,77414,-95.9708129,28.9801694,0,0,0
17346,13421,-75.6498129,43.0777783,0,0,0
17347,14004,-78.5101733,42.9014034,0,0,0
17348,29526,-79.04447815,33.91354503,0,0,0
17349,16735,-78.6942227,41.71451,0,0,0
17350,78801,-99.75410329,29.231174,0,0,0
17351,14489,-76.9992734,43.0603457,0,0,0
17352,13601,-75.9013464,44.0423266,0,0,0
17353,14207,-78.8837203,42.9474067,0,0,0
17354,97828,-117.3010163,45.41525572,0,0,0
17355,29150,-80.3229598,33.9385841,0,0,0
17356,29162,-80.08204357,33.88720985,0,0,0
17357,97106,-123.1139369,45.6173729,0,0,0
17358,97365,-124.062219,44.6903405,0,0,0
17359,87107,-106.6380663,35.1332415,0,0,0
17360,88401,-103.7258366,35.1498226,0,0,0
17362,79107,-101.7305441,35.2415055,0,0,0
17363,77471,-95.7715646,29.5455712,0,0,0
17364,79043,-102.1155661,34.3881337,0,0,0
17365,77065,-95.59850052,29.90405225,0,0,0
17366,79088,-101.7677077,34.5374834,0,0,0
17367,02840,-71.3130774,41.4899332,0,0,0
17368,14305,-79.0153895,43.1296871,0,0,0
17369,11220,-74.02389476,40.64553147,0,0,0
17370,13060,-76.430665,43.038178,0,0,0
17371,11232,-74.0008932,40.6582856,0,0,0
17372,10941,-74.3633599,41.4474383,0,0,0
17373,12929,-73.838318,44.894169,0,0,0
17374,12020,-73.79205153,42.96880702,0,0,0
17375,29104,-80.2088779,33.9861942,0,0,0
17376,29302,-81.91823211,34.95534062,0,0,0
17377,39307,-88.7312348,32.3650933,0,0,0
17378,39564,-88.83744755,30.44273192,0,0,0
17379,39272,-90.2602663,32.188052,0,0,0
17380,39117,-89.6935186,32.1919029,0,0,0
17381,38601,-89.5033967,34.5023021,0,0,0
17382,16226,-79.5424068,40.7126425,0,0,0
17383,18214,-76.056877,40.819855,0,0,0
17384,16201,-79.5907023,40.7822268,0,0,0
17385,17074,-77.1246104,40.4709759,0,0,0
17386,17751,-77.4914228,41.06513,0,0,0
17387,16248,-79.508123,41.0352557,0,0,0
17388,18220,-76.07487853,40.83618369,0,0,0
17389,17812,-77.21104,40.7470757,0,0,0
17390,18848,-76.4856318,41.7962325,0,0,0
17391,19611,-75.9524194,40.3191233,0,0,0
17392,16823,-77.8103349,40.9356527,0,0,0
17393,19320,-75.7321977,39.9479866,0,0,0
17394,16866,-78.1743384,40.8670881,0,0,0
17395,17087,-76.2597467,40.3562788,0,0,0
17396,16112,-80.4918364,40.9753395,0,0,0
17397,17059,-77.4114392,40.5988135,0,0,0
17398,15012,-79.8076098,40.1759552,0,0,0
17399,15601,-79.530002,40.3066519,0,0,0
17400,18623,-76.1612618,41.6442622,0,0,0
17401,15954,-79.0271171,40.4010517,0,0,0
17402,18512,-75.6150854,41.4357791,0,0,0
17403,16438,-79.7585773,41.9195842,0,0,0
17404,19144,-75.2019149,40.0172866,0,0,0
17405,17509,-75.9960162,39.9547972,0,0,0
17406,16630,-78.5920597,40.4667946,0,0,0
17407,18657,-75.9736281,41.5787884,0,0,0
17408,15120,-79.8873186,40.3991431,0,0,0
17409,19473,-75.4035631,40.2318674,0,0,0
17410,18064,-75.2689324,40.7737386,0,0,0
17411,18615,-75.8561358,41.448948,0,0,0
17412,17003,-76.5687598,40.4297606,0,0,0
17413,19128,-75.2245361,40.0397461,0,0,0
17414,97801,-118.7782578,45.67280632,0,0,0
17415,97701,-121.3059324,44.09940171,0,0,0
17416,87013,-106.9617278,36.0135278,0,0,0
17417,87110,-106.6046962,35.1082824,0,0,0
17418,78076,-99.2734356,26.9055973,0,0,0
17419,76705,-97.1044494,31.6351613,0,0,0
17421,79902,-106.4937369,31.7639976,0,0,0
17422,12065,-73.7858113,42.8630082,0,0,0
17423,13760,-76.02530266,42.10687678,0,0,0
17424,14031,-78.6232918,42.9743073,0,0,0
17425,13795,-75.8212002,42.0955632,0,0,0
17426,12929,-73.721302,44.713944,0,0,0
17427,14865,-76.8392325,42.3419345,0,0,0
17428,12866,-73.7904595,43.064701,0,0,0
17429,13642,-75.49459349,44.31464944,0,0,0
17430,29115,-80.85442706,33.49900226,0,0,0
17431,29061,-80.8732361,33.9486463,0,0,0
17432,29138,-81.7340753,33.9903023,0,0,0
17433,29058,-80.67463438,34.59433382,0,0,0
17434,29108,-81.5969224,34.291496,0,0,0
17435,29067,-80.58172825,34.54770772,0,0,0
17436,29115,-80.84657392,33.47085414,0,0,0
17437,29113,-81.1258777,33.4497381,0,0,0
17438,29129,-81.6605259,33.8450701,0,0,0
17439,39501,-89.101933,30.3871204,0,0,0
17440,39503,-89.0546672,30.4391831,0,0,0
17441,38930,-90.18400948,33.51996159,0,0,0
17442,39307,-88.72782452,32.36609706,0,0,0
17443,39564,-88.8266379,30.4105038,0,0,0
17444,38952,-90.3482107,33.641331,0,0,0
17445,38804,-88.7030911,34.2596857,0,0,0
17446,38620,-89.9429816,34.2409591,0,0,0
17447,39440,-89.1643112,31.6753286,0,0,0
17448,38930,-90.2039991,33.5121696,0,0,0
17449,38876,-88.2628599,34.2384573,0,0,0
17450,38666,-89.8969935,34.4360094,0,0,0
17451,39648,-90.47746885,31.24624932,0,0,0
17452,18626,-76.4898836,41.4267354,0,0,0
17453,17074,-77.1172754,40.4867907,0,0,0
17454,17931,-76.1984683,40.7860061,0,0,0
17455,16137,-80.1733749,41.2636442,0,0,0
17456,17972,-76.208138,40.558617,0,0,0
17457,15840,-78.8124365,41.1482628,0,0,0
17458,15522,-78.522057,40.0780984,0,0,0
17459,16881,-78.3457458,41.0095372,0,0,0
17460,19130,-75.1729423,39.962244,0,0,0
17461,19114,-74.998308,40.0799026,0,0,0
17462,19115,-75.0321043,40.0909707,0,0,0
17463,19146,-75.1770244,39.9368304,0,0,0
17464,19104,-75.2003634,39.9617701,0,0,0
17465,19142,-75.2338506,39.9254941,0,0,0
17466,18655,-76.151654,41.1533923,0,0,0
17467,15219,-79.994365,40.4386663,0,0,0
17468,15225,-80.1500093,40.5188516,0,0,0
17469,15282,-79.9868471,40.4370189,0,0,0
17470,19140,-75.1645167,40.0112749,0,0,0
17471,19125,-75.126731,39.9717706,0,0,0
17472,19151,-75.2406008,39.971073,0,0,0
17473,15108,-80.2124264,40.5190727,0,0,0
17474,19406,-75.3426189,40.0958054,0,0,0
17475,17023,-76.7942007,40.5586628,0,0,0
17476,17202,-77.6250025,39.9354271,0,0,0
17477,17241,-77.3791901,40.2023597,0,0,0
17478,17038,-76.4998365,40.4249959,0,0,0
17479,15021,-80.4735734,40.3448137,0,0,0
17480,97128,-123.18277,45.2260406,0,0,0
17481,97301,-123.0304114,44.938359,0,0,0
17482,97844,-119.4980519,45.8958641,0,0,0
17483,97203,-122.7559056,45.5890055,0,0,0
17484,97211,-122.6608739,45.5622986,0,0,0
17485,97209,-122.6707954,45.5249609,0,0,0
17486,97218,-122.6194281,45.6007642,0,0,0
17487,97759,-121.5466656,44.2974332,0,0,0
17488,97355,-122.9075644,44.5216254,0,0,0
17489,97462,-123.2941,43.4239911,0,0,0
17490,97103,-123.83634,46.1886717,0,0,0
17491,97005,-122.8254619,45.4933903,0,0,0
17492,97467,-124.1004969,43.7011634,0,0,0
17493,97230,-122.5368407,45.5258896,0,0,0
17494,97015,-122.5768926,45.4308595,0,0,0
17495,97838,-119.2727589,45.7965099,0,0,0
17496,97526,-123.3280759,42.4436527,0,0,0
17497,87301,-108.6574232,35.53177809,0,0,0
17498,87825,-107.2433279,34.1163188,0,0,0
17499,88240,-103.2019906,32.774918,0,0,0
17500,88045,-108.711629,32.34486737,0,0,0
17501,87015,-106.1936821,35.06174878,0,0,0
17502,87313,-108.1508953,35.6956155,0,0,0
17503,87301,-108.82991,35.505778,0,0,0
17504,88030,-107.7248408,32.2681168,0,0,0
17505,87937,-107.1644303,32.67082003,0,0,0
17506,88011,-106.740586,32.361854,0,0,0
17507,87401,-108.2198957,36.7383034,0,0,0
17508,87031,-106.7329562,34.8019877,0,0,0
17509,88021,-106.607261,32.009277,0,0,0
17510,88081,-106.4367458,32.0386331,0,0,0
17511,87532,-106.0893061,36.0106183,0,0,0
17512,87740,-104.4327767,36.8704173,0,0,0
17513,87107,-106.6367569,35.1367704,0,0,0
17514,87031,-106.745212,34.8169919,0,0,0
17515,87123,-106.5048184,35.0859025,0,0,0
17516,87021,-107.8929951,35.1742557,0,0,0
17517,87701,-105.20534,35.59416,0,0,0
17518,88046,-106.80002,32.2703541,0,0,0
17519,87552,-105.678056,35.5673114,0,0,0
17520,88210,-104.440131,32.843826,0,0,0
17521,88026,-108.1530356,32.77726999,0,0,0
17522,88220,-104.220737,32.402949,0,0,0
17523,88101,-103.2154295,34.40426312,0,0,0
17524,88124,-103.6277953,34.4286257,0,0,0
17525,88345,-105.6662948,33.3582882,0,0,0
17526,87109,-106.5529377,35.1378498,0,0,0
17527,88310,-105.9568933,32.9002193,0,0,0
17528,87740,-104.4329374,36.87043242,0,0,0
17529,88345,-105.666223,33.35838885,0,0,0
17530,88240,-103.2019951,32.7749233,0,0,0
17531,87401,-108.2199114,36.7383107,0,0,0
17532,88210,-104.4052354,32.8447428,0,0,0
17533,87701,-105.2158918,35.6067141,0,0,0
17534,87532,-106.0894329,36.01048923,0,0,0
17535,88201,-104.5240012,33.39381059,0,0,0
17536,87015,-106.193647,35.06155864,0,0,0
17537,87505,-105.9578744,35.6615294,0,0,0
17538,88101,-103.2150315,34.40446434,0,0,0
17539,88401,-103.7260374,35.14984322,0,0,0
17540,88220,-104.2274606,32.42288739,0,0,0
17541,87110,-106.6047115,35.10852511,0,0,0
17542,87420,-108.6846168,36.7867933,0,0,0
17543,87571,-105.582905,36.37774986,0,0,0
17544,75855,-95.8485913,31.5854536,0,0,0
17545,78416,-97.4348847,27.7402809,0,0,0
17546,78040,-99.5022117,27.5177255,0,0,0
17548,79601,-99.7118294,32.466619,0,0,0
17549,78046,-99.5029405,27.332508,0,0,0
17550,76017,-97.12844439,32.65866437,0,0,0
17551,75656,-94.6328259,33.00773947,0,0,0
17552,78238,-98.6164248,29.4923806,0,0,0
17553,76599,-97.7407747,31.4714204,0,0,0
17554,79015,-101.9272621,34.9785768,0,0,0
17555,76950,-100.6439626,30.5733013,0,0,0
17556,76110,-97.3618864,32.6896251,0,0,0
17561,77970,-96.4682668,28.8446441,0,0,0
17562,77979,-96.6266951,28.6124623,0,0,0
17563,76705,-97.0797384,31.5486643,0,0,0
17564,79855,-104.83068,31.0436249,0,0,0
17565,78040,-99.50620935,27.50820346,0,0,0
17566,77320,-95.56846796,30.73896934,0,0,0
17567,75702,-95.3278315,32.3899507,0,0,0
17569,79838,-106.1572835,31.5059533,0,0,0
17570,78758,-97.696135,30.4143306,0,0,0
17571,78748,-97.7931748,30.175511,0,0,0
17572,79601,-99.7358761,32.4786113,0,0,0
17574,77072,-95.59989777,29.70951665,0,0,0
17575,77301,-95.458488,30.3124834,0,0,0
17576,75232,-96.85816106,32.6396448,0,0,0
17578,77836,-96.6949098,30.5324224,0,0,0
17579,12950,-73.5368487,44.2821686,0,0,0
17580,10520,-73.92038,41.2411311,0,0,0
17581,11435,-73.8106701,40.6974634,0,0,0
17582,10509,-73.57505279,41.43290175,0,0,0
17583,12842,-74.25848958,43.7805079,0,0,0
17584,14510,-77.8321031,42.7383067,0,0,0
17585,10970,-74.0375512,41.1873299,0,0,0
17586,14411,-78.2093618,43.2403047,0,0,0
17587,13078,-76.0614989,42.98833882,0,0,0
17588,12928,-73.43400502,43.95442017,0,0,0
17589,14411,-78.1924747,43.2456602,0,0,0
17590,13165,-76.9080969,42.8965227,0,0,0
17591,29801,-81.7015605,33.5594944,0,0,0
17592,15213,-79.9623344,40.4392719,0,0,0
17593,19147,-75.16266548,39.93327739,0,0,0
17594,19147,-75.16280765,39.93340588,0,0,0
17595,19149,-75.06410323,40.03251689,0,0,0
17596,19149,-75.0642451,40.03233803,0,0,0
17597,19124,-75.12204635,40.00871886,0,0,0
17598,19121,-75.1620738,39.9805347,0,0,0
17599,15940,-78.6341294,40.50621,0,0,0
17600,16613,-78.5493123,40.5592882,0,0,0
17601,19124,-75.12177579,40.00859751,0,0,0
17602,16915,-77.874657,41.7672738,0,0,0
17603,88232,-104.3255065,33.114311,0,0,0
17604,87002,-106.7674524,34.6608343,0,0,0
17605,87059,-106.3699428,35.0955057,0,0,0
17606,87901,-107.2585241,33.1204042,0,0,0
17607,87108,-106.5679389,35.0651805,0,0,0
17608,88201,-104.5829107,33.3949709,0,0,0
17609,87740,-104.4403502,36.90382438,0,0,0
17610,88250,-104.7339891,32.8096949,0,0,0
17611,77028,-95.2732976,29.8322516,0,0,0
17612,78045,-99.5163103,27.5997758,0,0,0
17613,76119,-97.2493013,32.6961306,0,0,0
17614,78550,-97.6657289,26.1735922,0,0,0
17615,76301,-98.4982602,33.9101101,0,0,0
17616,75572,-94.14920086,33.26227106,0,0,0
17617,77445,-96.0657086,30.095932,0,0,0
17618,76306,-98.5382501,33.9835855,0,0,0
17619,77474,-96.1743879,29.7620597,0,0,0
17620,79521,-99.7333993,33.157118,0,0,0
17621,78666,-97.9134763,29.8901583,0,0,0
17622,78357,-98.6115565,27.8840541,0,0,0
17623,76028,-97.30440056,32.57908222,0,0,0
17624,77520,-94.8503574,29.8383127,0,0,0
17627,79322,-101.2391092,33.657975,0,0,0
17628,76834,-99.4246507,31.8091286,0,0,0
17629,78583,-97.5676936,26.2306434,0,0,0
17630,75457,-95.2280705,33.1768983,0,0,0
17631,76135,-97.43390213,32.81159264,0,0,0
17632,78666,-97.9293067,29.8852529,0,0,0
17633,78003,-99.0736045,29.7255129,0,0,0
17634,77437,-96.2105334,29.2332847,0,0,0
17635,76687,-96.57203679,31.41125135,0,0,0
17636,78041,-99.5106507,27.5395196,0,0,0
17638,78043,-99.4377903,27.4956859,0,0,0
17639,78043,-99.4736707,27.4979292,0,0,0
17641,78934,-96.5735958,29.6988018,0,0,0
17642,76268,-96.77097908,33.62935204,0,0,0
17643,78387,-97.5095411,28.0386864,0,0,0
17644,77954,-97.2884415,29.0923987,0,0,0
17645,76530,-97.4368495,30.720664,0,0,0
17646,75203,-96.8237347,32.759747,0,0,0
17647,75077,-97.0959518,33.0620824,0,0,0
17648,76010,-97.0796783,32.7132046,0,0,0
17649,75154,-96.7883978,32.4888282,0,0,0
17650,78207,-98.5049646,29.4212327,0,0,0
17651,77864,-95.9053415,30.9452531,0,0,0
17652,79745,-103.0936088,31.8571693,0,0,0
17653,75246,-96.7804644,32.7899251,0,0,0
17654,78643,-98.67205716,30.7725285,0,0,0
17655,75205,-96.7823106,32.8436166,0,0,0
17656,78580,-97.77573655,26.46869417,0,0,0
17657,78263,-98.3461739,29.3980143,0,0,0
17658,76262,-97.2062073,32.9780484,0,0,0
17659,76137,-97.29039395,32.87495363,0,0,0
17662,75020,-96.6656809,33.7067836,0,0,0
17663,77320,-95.5880689,30.7370751,0,0,0
17664,75862,-95.3764671,30.9452744,0,0,0
17665,78734,-97.92962464,30.39850238,0,0,0
17666,76013,-97.1904896,32.7117178,0,0,0
17667,78041,-99.5012108,27.5505997,0,0,0
17668,76665,-97.65247601,31.93139884,0,0,0
17669,75110,-96.5156629,32.0852083,0,0,0
17670,77073,-95.38008633,30.00632722,0,0,0
17671,76116,-97.4431386,32.7200717,0,0,0
17672,75071,-96.6126637,33.2157676,0,0,0
17673,76431,-97.79841384,33.29371413,0,0,0
17674,78839,-99.8281743,28.6805879,0,0,0
17675,76904,-100.4576487,31.4125677,0,0,0
17676,76502,-97.4247104,31.0713344,0,0,0
17677,78040,-99.5060198,27.505799,0,0,0
17678,76102,-97.3283735,32.7553525,0,0,0
17679,76849,-99.76488197,30.4900422,0,0,0
17680,75766,-95.27055961,31.96867298,0,0,0
17681,78040,-99.4880466,27.5225704,0,0,0
17682,78040,-99.5050929,27.5050722,0,0,0
17683,76104,-97.3353067,32.7308858,0,0,0
17684,76133,-97.3704914,32.6319063,0,0,0
17685,78043,-99.44755483,27.51574667,0,0,0
17686,78043,-99.4643308,27.5059589,0,0,0
17687,75418,-96.19517865,33.56292632,0,0,0
17688,75432,-95.68992509,33.37475553,0,0,0
17689,78839,-99.82346748,28.6877016,0,0,0
17690,76106,-97.33951,32.8061792,0,0,0
17691,78611,-98.2212958,30.7588142,0,0,0
17692,76112,-97.2336399,32.7373763,0,0,0
17693,79703,-102.1437201,31.9528321,0,0,0
17694,79070,-100.8021689,36.3948762,0,0,0
17695,76133,-97.3847968,32.6708373,0,0,0
17696,76033,-97.4058502,32.3647809,0,0,0
17697,78228,-98.5632557,29.4546492,0,0,0
17698,77339,-95.2619239,30.0541753,0,0,0
17699,77384,-95.4679019,30.2105803,0,0,0
17700,76240,-97.1464,33.6240141,0,0,0
17701,78155,-97.98500858,29.57213846,0,0,0
17702,75641,-94.58296128,32.38753131,0,0,0
17703,78801,-99.7541369,29.2310685,0,0,0
17704,78501,-98.2360157,26.2177555,0,0,0
17705,78140,-97.76565211,29.26938437,0,0,0
17706,77441,-95.90102627,29.68835737,0,0,0
17707,78041,-99.4749891,27.5337974,0,0,0
17708,76234,-97.58723449,33.21854068,0,0,0
17709,76018,-97.07297134,32.63909984,0,0,0
17710,76119,-97.290011,32.6674861,0,0,0
17711,76054,-97.1904752,32.8457753,0,0,0
17712,76179,-97.3939092,32.8315237,0,0,0
17713,75039,-96.9347593,32.8896791,0,0,0
17714,77074,-95.5152554,29.6939995,0,0,0
17715,76234,-97.58705493,33.2184229,0,0,0
17716,78209,-98.4669115,29.4666296,0,0,0
17717,78064,-98.4934733,28.9657594,0,0,0
17718,76401,-98.18759795,32.21326285,0,0,0
17719,79072,-101.7266466,34.18664422,0,0,0
17720,77089,-95.2031728,29.5790169,0,0,0
17721,75670,-94.3750133,32.5530039,0,0,0
17722,78207,-98.5445516,29.4267484,0,0,0
17723,78704,-97.7559416,30.230017,0,0,0
17724,75119,-96.63452421,32.32839464,0,0,0
17725,77030,-95.399308,29.69252757,0,0,0
17726,77445,-95.992692,30.0969019,0,0,0
17727,75088,-96.57020348,32.90097284,0,0,0
17728,76367,-98.5957254,33.9745867,0,0,0
17729,78669,-98.04635078,30.41617524,0,0,0
17730,77375,-95.6442157,30.1106136,0,0,0
17731,77002,-95.3553226,29.764297,0,0,0
17732,79845,-104.3693841,29.56037128,0,0,0
17733,76262,-97.21493792,33.01738879,0,0,0
17734,76801,-98.9786355,31.6913156,0,0,0
17735,76661,-96.8975163,31.304981,0,0,0
17736,79087,-103.0166412,36.37301495,0,0,0
17737,79107,-101.7371947,35.2410196,0,0,0
17738,75061,-96.950935,32.8164528,0,0,0
17739,75432,-95.68980491,33.37476048,0,0,0
17740,75495,-96.584494,33.44053654,0,0,0
17741,77065,-95.5981299,29.9038467,0,0,0
17742,75090,-96.5975346,33.6463543,0,0,0
17743,78154,-98.26803395,29.5645325,0,0,0
17744,76071,-97.4852206,33.0036247,0,0,0
17745,76240,-97.1417769,33.6124387,0,0,0
17746,76458,-98.1559009,33.2444685,0,0,0
17747,75654,-94.7952012,32.1505518,0,0,0
17748,79072,-101.7080273,34.16904398,0,0,0
17749,79065,-100.9650788,35.57068132,0,0,0
17750,75551,-94.1747364,33.1063631,0,0,0
17751,76825,-99.33734952,31.13536201,0,0,0
17752,79065,-100.9650301,35.57058379,0,0,0
17753,78582,-98.8123448,26.38376969,0,0,0
17754,79045,-102.3970462,34.8180724,0,0,0
17755,76043,-97.755944,32.2331145,0,0,0
17756,78247,-98.4596655,29.559725,0,0,0
17757,75951,-94.0356332,30.8980959,0,0,0
17758,78219,-98.4269037,29.4252932,0,0,0
17759,78211,-98.53537,29.3621841,0,0,0
17760,78238,-98.6266304,29.4500591,0,0,0
17761,78114,-98.15734456,29.14828432,0,0,0
17762,78240,-98.583547,29.5431617,0,0,0
17763,75090,-96.6104551,33.6489282,0,0,0
17764,75604,-94.7640788,32.491243,0,0,0
17765,75103,-95.8568311,32.57124,0,0,0
17766,75707,-95.2388645,32.3152779,0,0,0
17767,75644,-94.9372717,32.7397577,0,0,0
17768,77515,-95.431037,29.1601111,0,0,0
17769,78061,-99.09134399,28.8866854,0,0,0
17770,79331,-101.9536061,32.73804578,0,0,0
17771,75835,-95.43431284,31.32284128,0,0,0
17772,79782,-101.7910011,32.131228,0,0,0
17773,79007,-101.4464375,35.65090592,0,0,0
17774,78332,-98.08299006,27.74653678,0,0,0
17776,75501,-94.04318908,33.42091753,0,0,0
17777,79532,-100.7117057,32.4108361,0,0,0
17778,76520,-96.981011,30.8554641,0,0,0
17779,76401,-98.18732025,32.21335555,0,0,0
17780,78643,-98.6723046,30.7725074,0,0,0
17783,77008,-95.4312869,29.7912113,0,0,0
17784,77096,-95.51013708,29.65876032,0,0,0
17786,76270,-97.7659778,33.4527363,0,0,0
17787,78039,-98.81495682,29.3093774,0,0,0
17788,78621,-97.3803827,30.3439349,0,0,0
17789,79063,-102.1022164,34.545733,0,0,0
17791,75751,-95.84914345,32.20496592,0,0,0
17792,13367,-75.5035316,43.8048418,0,0,0
17793,13084,-76.1129279,42.9065589,0,0,0
17794,12567,-73.63282888,41.9725043,0,0,0
17795,14034,-78.9311926,42.5065143,0,0,0
17796,29488,-80.6689994,32.9037209,0,0,0
17797,29630,-82.7804824,34.7237948,0,0,0
17798,97402,-123.088488,44.062538,0,0,0
17799,97360,-122.4782412,44.7531304,0,0,0
17800,78041,-99.48175624,27.57189713,0,0,0
17802,75040,-96.60946325,32.90977959,0,0,0
17803,76821,-99.94524769,31.73847016,0,0,0
17804,76374,-98.7537917,33.3697881,0,0,0
17805,13077,-76.1922951,42.6307035,0,0,0
17806,11234,-73.88088814,40.59110461,0,0,0
17807,11375,-73.85120913,40.72231528,0,0,0
17808,12209,-73.7793434,42.6330896,0,0,0
17809,12485,-74.12098505,42.19635091,0,0,0
17810,12771,-74.5585735,41.3764098,0,0,0
17811,12482,-73.9564721,42.2725052,0,0,0
17812,10916,-74.272862,41.45568,0,0,0
17813,12401,-74.0477578,41.9410429,0,0,0
17814,12528,-73.9948529,41.7432462,0,0,0
17815,13037,-75.8737836,43.0869113,0,0,0
17816,13122,-75.85482452,42.84791766,0,0,0
17817,13157,-75.7292963,43.1981123,0,0,0
17818,13480,-75.3767765,42.9301354,0,0,0
17819,12817,-73.79917534,43.64580628,0,0,0
17820,12206,-73.7793166,42.6704005,0,0,0
17821,14101,-78.4924374,42.4223955,0,0,0
17822,14731,-78.6733241,42.2754022,0,0,0
17823,14589,-77.1928316,43.2333336,0,0,0
17824,14837,-76.9791964,42.5230921,0,0,0
17825,10035,-73.927472,40.7901882,0,0,0
17826,14080,-78.5421998,42.6428645,0,0,0
17827,14425,-77.3409984,42.9566461,0,0,0
17828,14111,-78.9405077,42.5948357,0,0,0
17829,14512,-77.40259298,42.61551119,0,0,0
17830,14094,-78.6766285,43.1310251,0,0,0
17831,14025,-78.74217407,42.65154686,0,0,0
17832,12242,-73.75895388,42.65238023,0,0,0
17833,14526,-77.4653668,43.1373898,0,0,0
17834,13072,-75.78227881,42.73057369,0,0,0
17835,12526,-73.88571825,42.13622083,0,0,0
17836,13403,-75.31134479,43.16326121,0,0,0
17837,12033,-73.6828663,42.5206864,0,0,0
17838,14020,-78.1868393,43.0302039,0,0,0
17839,12855,-73.70509963,44.01365159,0,0,0
17840,12180,-73.6813623,42.7488112,0,0,0
17841,12180,-73.6949464,42.7126832,0,0,0
17842,12944,-73.48532299,44.50569745,0,0,0
17843,14870,-77.143713,42.1871459,0,0,0
17844,14810,-77.3437212,42.3504326,0,0,0
17845,11735,-73.41990364,40.72489472,0,0,0
17846,12578,-73.7542448,41.7833546,0,0,0
17847,12423,-74.13231439,42.40320335,0,0,0
17848,13634,-76.04389529,44.00551424,0,0,0
17849,10021,-73.98171867,40.76870098,0,0,0
17850,10306,-74.10568651,40.57404654,0,0,0
17851,11435,-73.8202593,40.70911491,0,0,0
17852,44505,-80.6380333,41.1176948,0,0,0
17853,24828,-81.65326596,37.47619061,0,0,0
17854,07869,-74.5632306,40.8464444,0,0,0
17855,22980,-78.88993287,38.06639582,0,0,0
17856,45780,-82.12690497,39.36854788,0,0,0
17857,28658,-81.26463502,35.69826135,0,0,0
17858,28472,-78.72272128,34.33636733,0,0,0
17859,45701,-82.0360056,39.3365063,0,0,0
17860,37207,-86.7475003,36.2040485,0,0,0
17861,37398,-86.1127902,35.1856449,0,0,0
17862,37398,-86.25508535,35.21997141,0,0,0
17863,23455,-76.1319192,36.869963,0,0,0
17864,45871,-84.3169656,40.4942973,0,0,0
17865,37341,-85.11921846,35.17445221,0,0,0
17866,37029,-87.2851276,36.101017,0,0,0
17867,27858,-77.37312518,35.61365202,0,0,0
17868,45819,-84.2607576,40.6244446,0,0,0
17869,38449,-86.84338601,34.99164169,0,0,0
17870,38472,-87.00607612,35.37749414,0,0,0
17871,00979,-66.0245622,18.4418168,0,0,0
17872,38052,-88.89206678,35.05929877,0,0,0
17873,23223,-77.4122586,37.5381569,0,0,0
17874,37208,-86.819368,36.188671,0,0,0
17875,38301,-88.8193198,35.609054,0,0,0
17876,55106,-93.06715777,44.96113391,0,0,0
17877,37217,-86.67222818,36.10521528,0,0,0
17878,23112,-77.6856804,37.4055112,0,0,0
17879,00674,-66.4951373,18.4295033,0,0,0
17880,37211,-86.74973477,36.09890279,0,0,0
17881,28372,-79.19146271,34.68061969,0,0,0
17882,27829,-77.64017816,35.67372493,0,0,0
17883,20151,-77.4516263,38.8711927,0,0,0
17884,28147,-80.5432022,35.60278632,0,0,0
17885,23324,-76.2732953,36.8218717,0,0,0
17886,23235,-77.5478265,37.4982291,0,0,0
17887,28560,-77.0447081,35.1106886,0,0,0
17888,23320,-76.2602055,36.7729063,0,0,0
17889,23831,-77.4192692,37.3566634,0,0,0
17890,22046,-77.17253104,38.88570337,0,0,0
17891,27932,-76.61166925,36.06527367,0,0,0
17892,44681,-81.6403971,40.5046431,0,0,0
17893,43338,-82.71830364,40.4940136,0,0,0
17894,22701,-77.994362,38.494886,0,0,0
17895,45315,-84.3254264,39.8562295,0,0,0
17896,43981,-80.9956697,40.1846113,0,0,0
17897,24361,-81.8291056,36.7728888,0,0,0
17898,22701,-77.92615427,38.49446065,0,0,0
17899,27577,-78.38444366,35.46825038,0,0,0
17900,44838,-82.2620037,40.7730342,0,0,0
17901,38133,-89.8342229,35.1791598,0,0,0
17902,38388,-88.2738636,35.789739,0,0,0
17903,23464,-76.1639044,36.8150502,0,0,0
17904,24293,-82.5931081,36.9684795,0,0,0
17905,55356,-93.5932226,44.9912361,0,0,0
17906,22554,-77.3990043,38.4609753,0,0,0
17907,38222,-88.0834365,36.43934128,0,0,0
17908,24153,-80.1085839,37.282484,0,0,0
17909,45804,-84.0745768,40.7198378,0,0,0
17910,08102,-75.12008191,39.94486982,0,0,0
17911,29072,-81.23729635,33.98000613,0,0,0
17912,97801,-118.772026,45.6693624,0,0,0
17913,14219,-78.829961,42.798153,0,0,0
17914,12953,-74.317977,44.848215,0,0,0
17915,77331,-95.140178,30.4916687,0,0,0
17916,78377,-97.2758248,28.29665094,0,0,0
17917,78102,-97.7324346,28.4061772,0,0,0
17918,79763,-102.3821027,31.8199671,0,0,0
17919,76048,-97.8032309,32.441759,0,0,0
17920,76834,-99.4238153,31.8311391,0,0,0
17921,76528,-97.7510342,31.4338285,0,0,0
17922,77864,-95.9192893,30.9538064,0,0,0
17923,75494,-95.27608322,32.94938701,0,0,0
17924,79938,-106.2554856,31.80915741,0,0,0
17925,79821,-106.5918334,31.9582167,0,0,0
17926,79836,-106.2244647,31.590953,0,0,0
17927,78028,-99.1455054,30.039661,0,0,0
17928,75159,-96.5098032,32.5873288,0,0,0
17929,78501,-98.2356001,26.2071137,0,0,0
17930,78363,-97.85590747,27.53468659,0,0,0
17931,79252,-99.74121675,34.29715264,0,0,0
17932,78022,-98.1142321,28.3341516,0,0,0
17933,77338,-95.2663232,29.9789328,0,0,0
17934,79501,-99.8976322,32.7568124,0,0,0
17935,77550,-94.7951143,29.30079988,0,0,0
17936,76711,-97.14938674,31.52492447,0,0,0
17937,77591,-95.0041628,29.3954356,0,0,0
17938,77590,-94.9220789,29.3941907,0,0,0
17939,77327,-95.0885184,30.3378963,0,0,0
17940,76706,-97.1173603,31.5455283,0,0,0
17941,75803,-95.6590284,31.7708344,0,0,0
17942,78861,-99.1545349,29.3564698,0,0,0
17943,79403,-101.8196692,33.6219028,0,0,0
17944,77049,-95.1932806,29.8047023,0,0,0
17945,76028,-97.3226492,32.5426165,0,0,0
17946,78016,-98.90644298,29.1387438,0,0,0
17947,76520,-96.98134333,30.85537972,0,0,0
17949,75460,-95.555196,33.691101,0,0,0
17952,77379,-95.5115412,30.0119154,0,0,0
17954,75462,-95.5656217,33.62394,0,0,0
17955,79901,-106.4887043,31.7517376,0,0,0
17956,79556,-100.4046451,32.4497354,0,0,0
17957,76853,-98.3940139,31.2172801,0,0,0
17958,76230,-97.8383309,33.5498487,0,0,0
17959,78219,-98.42411731,29.45259175,0,0,0
17960,78014,-99.228318,28.4301103,0,0,0
17961,79512,-100.8659259,32.3908281,0,0,0
17962,76550,-98.187805,31.0880533,0,0,0
17963,75964,-94.6795938,31.6576037,0,0,0
17964,77706,-94.16917758,30.13582875,0,0,0
17965,79029,-101.9714939,35.8568996,0,0,0
17966,76706,-97.11781256,31.55508841,0,0,0
17967,77414,-95.97206057,28.99922155,0,0,0
17968,78401,-97.4019181,27.8091317,0,0,0
17969,75126,-96.4308708,32.6992653,0,0,0
17970,77662,-94.0380553,30.175897,0,0,0
17971,78401,-97.3946577,27.7929399,0,0,0
17972,78041,-99.4928669,27.5364102,0,0,0
17973,76067,-98.082343,32.8139759,0,0,0
17974,75455,-94.9694829,33.1754406,0,0,0
17975,79316,-102.2658461,33.1874625,0,0,0
17976,75455,-95.0142054,33.0904338,0,0,0
17977,77532,-95.0655824,29.8997306,0,0,0
17978,78833,-100.0129386,29.67000946,0,0,0
17979,77371,-94.9974448,30.4952883,0,0,0
17980,77371,-94.9975191,30.49792465,0,0,0
17981,76475,-98.4971037,32.5519319,0,0,0
17982,78852,-100.4554367,28.70807237,0,0,0
17983,77401,-95.46828744,29.70309033,0,0,0
17984,79118,-101.8677369,35.11773529,0,0,0
17985,79118,-101.8678796,35.11732638,0,0,0
17986,79118,-101.8671638,35.11765711,0,0,0
17987,77006,-95.3942439,29.7382916,0,0,0
17988,78947,-97.0050193,30.4144067,0,0,0
17989,78701,-97.7466181,30.2739372,0,0,0
17990,78624,-98.8737275,30.2746967,0,0,0
17991,78726,-97.8363261,30.4194201,0,0,0
17993,77033,-95.3168877,29.65742,0,0,0
17994,77096,-95.45146,29.6885622,0,0,0
17995,77082,-95.60489,29.7274711,0,0,0
17996,77061,-95.28023489,29.65662279,0,0,0
17997,77002,-95.3705724,29.7652995,0,0,0
17998,77058,-95.1066889,29.5796112,0,0,0
17999,77012,-95.2901178,29.734376,0,0,0
18000,77002,-95.36764033,29.75608873,0,0,0
18001,77032,-95.3384638,29.9867061,0,0,0
18002,77339,-95.1882699,30.0547111,0,0,0
18003,77336,-95.11436221,30.00298666,0,0,0
18004,77375,-95.598579,30.0301107,0,0,0
18005,78702,-97.7304006,30.2504068,0,0,0
18006,77041,-95.5397509,29.8570374,0,0,0
18007,77003,-95.362739,29.7428226,0,0,0
18008,78753,-97.6913527,30.3546622,0,0,0
18011,78232,-98.4741103,29.5928717,0,0,0
18012,78752,-97.7244493,30.3266237,0,0,0
18013,78660,-97.6083778,30.4504435,0,0,0
18014,75503,-94.0602828,33.4693773,0,0,0
18015,77021,-95.3830294,29.7031371,0,0,0
18016,78746,-97.77128737,30.26413686,0,0,0
18017,79118,-101.8675481,35.1173326,0,0,0
18018,75204,-96.7796873,32.7943603,0,0,0
18019,77084,-95.6558966,29.8340438,0,0,0
18020,77586,-95.0575128,29.5830682,0,0,0
18021,77030,-95.4070208,29.713808,0,0,0
18022,76105,-97.28503074,32.73282257,0,0,0
18024,79756,-102.8926567,31.5569471,0,0,0
18025,77515,-95.4034155,29.1757594,0,0,0
18026,78212,-98.4834832,29.464048,0,0,0
18028,79360,-102.6441637,32.71847895,0,0,0
18030,79226,-100.8954444,34.94110166,0,0,0
18031,78582,-98.8196209,26.38185974,0,0,0
18033,76431,-97.7983883,33.2938301,0,0,0
18034,75702,-95.3048784,32.3705734,0,0,0
18035,78613,-97.8347521,30.4798303,0,0,0
18036,78702,-97.70539835,30.26900959,0,0,0
18037,78752,-97.7123371,30.3226515,0,0,0
18038,78758,-97.7044033,30.4033287,0,0,0
18039,78736,-97.88357328,30.23175282,0,0,0
18040,78701,-97.7476278,30.2764636,0,0,0
18041,78741,-97.7052343,30.236879,0,0,0
18043,77957,-96.6469009,28.9775825,0,0,0
18045,75235,-96.8463712,32.8124912,0,0,0
18046,75231,-96.76334545,32.87754682,0,0,0
18047,77030,-95.39772114,29.71075713,0,0,0
18049,75702,-95.3000184,32.3587364,0,0,0
18050,78541,-98.11598735,26.33401582,0,0,0
18051,79714,-102.5476584,32.32008425,0,0,0
18053,79605,-99.7566093,32.401824,0,0,0
18054,75482,-95.56154995,33.14308837,0,0,0
18055,75482,-95.56142503,33.14320139,0,0,0
18056,77049,-95.1800531,29.8101903,0,0,0
18057,75935,-94.1836932,31.8032118,0,0,0
18058,02852,-71.46044258,41.57617082,0,0,0
18059,14215,-78.8132857,42.930308,0,0,0
18060,10473,-73.8697332,40.82303,0,0,0
18061,14886,-76.6604025,42.5413227,0,0,0
18062,11370,-73.8897491,40.7952532,0,0,0
18063,14428,-77.86680384,43.11026042,0,0,0
18064,10027,-73.955799,40.8182819,0,0,0
18065,11356,-73.8587873,40.7853786,0,0,0
18066,13142,-76.11029689,43.5670529,0,0,0
18067,13036,-76.1508861,43.3176898,0,0,0
18068,29405,-79.9773814,32.8554338,0,0,0
18069,29550,-79.9867779,34.3040854,0,0,0
18070,29102,-80.2036671,33.69269,0,0,0
18071,29706,-81.2087772,34.6898236,0,0,0
18072,38633,-89.20108108,34.61476726,0,0,0
18073,39345,-89.1341913,32.3141157,0,0,0
18074,38650,-89.11614078,34.55927738,0,0,0
18075,38863,-89.0327953,34.1790684,0,0,0
18076,39092,-89.3277732,32.3439391,0,0,0
18077,38659,-89.3058189,34.6457655,0,0,0
18078,39759,-88.7767207,33.4684114,0,0,0
18079,39212,-90.2504886,32.2536905,0,0,0
18080,15931,-78.7553727,40.4609985,0,0,0
18081,16417,-80.3366448,41.9836354,0,0,0
18082,15456,-79.6638833,39.9374337,0,0,0
18083,15701,-79.2038017,40.5899798,0,0,0
18084,16933,-77.120058,41.792623,0,0,0
18085,16652,-78.0573131,40.4748815,0,0,0
18086,15370,-80.1463982,39.8961386,0,0,0
18087,97327,-122.9847204,44.3932928,0,0,0
18088,97439,-124.0992712,44.0057374,0,0,0
18089,97477,-123.0433557,44.0862402,0,0,0
18090,97444,-124.4127349,42.3724382,0,0,0
18091,97739,-121.5071349,43.6650518,0,0,0
18092,97378,-123.39576,45.0966969,0,0,0
18093,97470,-123.34558,43.2263743,0,0,0
18094,97124,-122.8909176,45.5398253,0,0,0
18095,97446,-123.1702212,44.2721009,0,0,0
18096,97426,-123.02018,43.91757,0,0,0
18097,97734,-121.2096745,44.52702695,0,0,0
18098,97227,-122.6714607,45.5354702,0,0,0
18099,97401,-123.0804036,44.0457688,0,0,0
18100,97845,-118.943087,44.415988,0,0,0
18101,97322,-123.0611031,44.6294789,0,0,0
18102,97435,-123.3159081,43.6633125,0,0,0
18103,97058,-121.1318907,45.60628166,0,0,0
18104,88030,-107.7248444,32.2681165,0,0,0
18105,87507,-106.0242663,35.6292443,0,0,0
18106,87015,-106.1935961,35.06175801,0,0,0
18107,76450,-98.5898961,33.1146808,0,0,0
18108,75146,-96.7583295,32.5919637,0,0,0
18109,79601,-99.730528,32.4539647,0,0,0
18110,77904,-96.9968755,28.8758947,0,0,0
18111,75142,-96.3200574,32.5383562,0,0,0
18112,77517,-95.1412146,29.3921319,0,0,0
18113,79029,-101.9716625,35.8568852,0,0,0
18114,77414,-95.9719411,28.99923599,0,0,0
18115,79092,-102.427462,35.2473405,0,0,0
18116,77088,-95.4468394,29.8793848,0,0,0
18118,78233,-98.3318185,29.5617119,0,0,0
18119,78251,-98.7073967,29.4695481,0,0,0
18120,75146,-96.7576063,32.5925232,0,0,0
18121,78224,-98.5435459,29.3229237,0,0,0
18122,78203,-98.4547981,29.4155085,0,0,0
18123,78212,-98.4944783,29.4440585,0,0,0
18124,75149,-96.5995804,32.7751082,0,0,0
18125,79927,-106.2644127,31.6764158,0,0,0
18126,79932,-106.5843497,31.8996511,0,0,0
18127,79915,-106.3693052,31.7515613,0,0,0
18128,76107,-97.3428728,32.7614839,0,0,0
18129,02905,-71.41644,41.8045463,0,0,0
18130,02909,-71.44964331,41.81186863,0,0,0
18131,02814,-71.6688299,41.9101777,0,0,0
18132,02898,-71.6941138,41.5200937,0,0,0
18133,02822,-71.5779229,41.5801387,0,0,0
18134,02908,-71.4275174,41.8407773,0,0,0
18135,02906,-71.4026575,41.842287,0,0,0
18136,02903,-71.41299664,41.82411859,0,0,0
18137,02905,-71.4041784,41.7894572,0,0,0
18138,02907,-71.4264871,41.8139601,0,0,0
18139,02822,-71.5779315,41.5801544,0,0,0
18140,02908,-71.4365433,41.8292357,0,0,0
18141,02906,-71.3990704,41.8235727,0,0,0
18142,02865,-71.4407361,41.888456,0,0,0
18143,02886,-71.50043642,41.69186796,0,0,0
18144,11354,-73.8401322,40.7696209,0,0,0
18145,11415,-73.8255241,40.7129746,0,0,0
18146,11954,-71.9459396,41.0344399,0,0,0
18147,11101,-73.9423787,40.743281,0,0,0
18148,11223,-73.9604832,40.5940668,0,0,0
18149,10704,-73.868832,40.9194963,0,0,0
18150,14779,-78.74941633,42.10040559,0,0,0
18151,14845,-76.83866988,42.19850658,0,0,0
18152,12183,-73.69215858,42.74209301,0,0,0
18153,10461,-73.8390806,40.839936,0,0,0
18154,11365,-73.8106464,40.7300617,0,0,0
18155,11101,-73.9491105,40.7438456,0,0,0
18156,12167,-74.62198312,42.4232707,0,0,0
18157,10039,-73.9404503,40.8243199,0,0,0
18158,11101,-73.9249436,40.7525365,0,0,0
18159,10601,-73.7683981,41.0302565,0,0,0
18160,11368,-73.853487,40.7376685,0,0,0
18161,14904,-76.8184348,42.0554732,0,0,0
18162,11370,-73.8823746,40.792258,0,0,0
18163,12065,-73.7884921,42.8637454,0,0,0
18164,11430,-73.7972791,40.6432199,0,0,0
18165,10303,-74.181505,40.628239,0,0,0
18166,10010,-73.98737114,40.74127377,0,0,0
18167,10019,-73.9884855,40.7703674,0,0,0
18168,11103,-73.9153328,40.7693198,0,0,0
18169,11354,-73.827046,40.7623376,0,0,0
18170,11375,-73.85098933,40.7222326,0,0,0
18171,13135,-76.2990876,43.2293299,0,0,0
18172,12306,-73.9811018,42.787512,0,0,0
18173,11417,-73.8397782,40.6822303,0,0,0
18174,11370,-73.8772869,40.7915094,0,0,0
18175,11372,-73.8755237,40.7568405,0,0,0
18176,12157,-74.3135975,42.6623737,0,0,0
18177,13212,-76.1217187,43.1141507,0,0,0
18178,13036,-76.1370848,43.2845063,0,0,0
18179,12561,-74.0697279,41.7395691,0,0,0
18180,13027,-76.2967869,43.1697291,0,0,0
18181,10705,-73.9019577,40.9171627,0,0,0
18182,11415,-73.8281296,40.7137911,0,0,0
18183,10301,-74.0781865,40.6412969,0,0,0
18184,13850,-76.0158191,42.095207,0,0,0
18185,11967,-72.8887415,40.8391234,0,0,0
18186,13607,-75.92318019,44.32569624,0,0,0
18187,14467,-77.6502572,43.0567436,0,0,0
18188,13601,-75.9588355,44.0007322,0,0,0
18189,14514,-77.78906147,43.12574339,0,0,0
18190,12466,-73.97693586,41.89849822,0,0,0
18191,13612,-75.7947171,44.0124032,0,0,0
18192,12997,-73.8064519,44.39005721,0,0,0
18193,13615,-75.9828566,44.0051623,0,0,0
18194,12589,-74.1823348,41.5998956,0,0,0
18195,13033,-76.57027183,43.16313849,0,0,0
18196,10014,-74.0062816,40.7282931,0,0,0
18197,13041,-76.2042614,43.1871294,0,0,0
18198,11704,-73.3713915,40.7128116,0,0,0
18199,11706,-73.2630877,40.758368,0,0,0
18200,11743,-73.3635971,40.8347173,0,0,0
18201,11772,-73.0256446,40.7684044,0,0,0
18202,11780,-73.1590542,40.8864339,0,0,0
18203,11784,-73.0249046,40.8666745,0,0,0
18204,11790,-73.1200142,40.9219417,0,0,0
18205,11212,-73.9135537,40.6708063,0,0,0
18206,11201,-73.9829466,40.6953916,0,0,0
18207,14813,-78.0539761,42.2423258,0,0,0
18208,11373,-73.8700205,40.7452294,0,0,0
18209,12480,-74.3700118,42.1161885,0,0,0
18210,11101,-73.938089,40.7502552,0,0,0
18211,13350,-75.0067731,43.0315808,0,0,0
18212,11413,-73.7579011,40.668218,0,0,0
18213,11220,-74.0287991,40.6441031,0,0,0
18214,10461,-73.844362,40.8561045,0,0,0
18215,10463,-73.9023135,40.8834858,0,0,0
18216,14605,-77.60989863,43.16884935,0,0,0
18217,11432,-73.8038552,40.7019053,0,0,0
18218,12566,-74.30492001,41.60295935,0,0,0
18219,12804,-73.693216,43.3286684,0,0,0
18220,10305,-74.0682655,40.61926,0,0,0
18221,11422,-73.7347249,40.6662904,0,0,0
18222,10950,-74.162893,41.329625,0,0,0
18223,11788,-73.2351103,40.8280379,0,0,0
18224,12553,-74.1007826,41.4943026,0,0,0
18225,12446,-74.3294966,41.7707227,0,0,0
18226,13440,-75.4724158,43.2915077,0,0,0
18227,11208,-73.8815303,40.6711736,0,0,0
18228,11101,-73.936082,40.7440304,0,0,0
18229,11373,-73.8644242,40.7348106,0,0,0
18230,11414,-73.83947485,40.65925758,0,0,0
18231,12508,-73.9827488,41.5057263,0,0,0
18232,12203,-73.7909912,42.666044,0,0,0
18233,12210,-73.7597968,42.6623672,0,0,0
18234,14719,-78.8684622,42.3302279,0,0,0
18235,10466,-73.8475418,40.8874798,0,0,0
18236,10466,-73.8440193,40.8863907,0,0,0
18237,10454,-73.9253457,40.8103905,0,0,0
18238,10451,-73.91128721,40.82248936,0,0,0
18239,10452,-73.9197341,40.8373423,0,0,0
18240,10457,-73.9001204,40.8540127,0,0,0
18241,10467,-73.879616,40.8690412,0,0,0
18242,11236,-73.9212658,40.6529323,0,0,0
18243,11432,-73.7979021,40.7051842,0,0,0
18244,10465,-73.8291485,40.8272076,0,0,0
18245,10452,-73.9282376,40.8402819,0,0,0
18246,10465,-73.8272921,40.8308435,0,0,0
18247,10457,-73.9003517,40.8439139,0,0,0
18248,14760,-78.4495132,42.0937919,0,0,0
18249,10459,-73.8955489,40.8162823,0,0,0
18250,12025,-74.1970451,43.0587028,0,0,0
18251,13670,-75.06506677,44.19480618,0,0,0
18252,11201,-73.9905428,40.6920584,0,0,0
18253,13668,-74.99653173,44.74981352,0,0,0
18254,14094,-78.6961077,43.1721447,0,0,0
18255,14136,-79.1559698,42.5441009,0,0,0
18256,11432,-73.79628347,40.70993315,0,0,0
18257,11423,-73.76938865,40.72656079,0,0,0
18258,14709,-78.0154919,42.3053406,0,0,0
18259,14777,-78.2509019,42.3919983,0,0,0
18260,14739,-78.1366783,42.2064853,0,0,0
18261,14897,-77.76853633,42.03711712,0,0,0
18262,13088,-76.18230335,43.1156212,0,0,0
18263,14895,-77.92059642,42.06234675,0,0,0
18264,14063,-79.3069163,42.4475634,0,0,0
18265,13140,-76.62189164,43.03581603,0,0,0
18266,14738,-79.1602712,42.0525392,0,0,0
18267,12549,-74.2412446,41.5250027,0,0,0
18268,11370,-73.8810852,40.7898929,0,0,0
18269,13215,-76.1957945,43.0156489,0,0,0
18270,14625,-77.5037264,43.1205619,0,0,0
18271,14059,-78.6386927,42.8144195,0,0,0
18272,14512,-77.40268511,42.61554658,0,0,0
18273,14211,-78.8385709,42.9143653,0,0,0
18274,14548,-77.220231,42.9552442,0,0,0
18275,14532,-77.06010636,42.96000197,0,0,0
18276,14174,-79.0467989,43.2507788,0,0,0
18277,14504,-77.2287267,42.9693909,0,0,0
18278,14303,-79.070832,43.0823246,0,0,0
18279,10011,-74.00754156,40.74642664,0,0,0
18280,13118,-76.39494919,42.72262249,0,0,0
18281,12524,-73.9449934,41.5325948,0,0,0
18282,12458,-74.361869,41.7412277,0,0,0
18283,10032,-73.9376098,40.836225,0,0,0
18284,14111,-79.01371574,42.58898326,0,0,0
18285,12516,-73.5515899,42.1114673,0,0,0
18286,10001,-73.9914346,40.747796,0,0,0
18287,12565,-73.6485382,42.2495205,0,0,0
18288,13424,-75.3331817,43.1578935,0,0,0
18289,14203,-78.8701917,42.8792653,0,0,0
18290,11797,-73.4862681,40.8121666,0,0,0
18291,14203,-78.8716609,42.8930128,0,0,0
18292,14227,-78.7819367,42.8935263,0,0,0
18293,12546,-73.509649,41.9553028,0,0,0
18294,12582,-73.7165961,41.580547,0,0,0
18295,14556,-77.83588473,42.68206604,0,0,0
18296,13669,-75.4452892,44.7252266,0,0,0
18297,14716,-79.4370131,42.4063552,0,0,0
18298,11003,-73.7043018,40.6874185,0,0,0
18299,10990,-74.30017768,41.27667032,0,0,0
18300,13669,-75.433944,44.7166535,0,0,0
18301,12589,-74.1634404,41.635754,0,0,0
18302,13244,-76.1318617,43.0367732,0,0,0
18303,11501,-73.6368338,40.7387592,0,0,0
18304,13778,-75.76801,42.3324538,0,0,0
18305,13642,-75.44224,44.3406865,0,0,0
18306,14812,-77.01708384,42.3375976,0,0,0
18307,12458,-74.3559761,41.7434243,0,0,0
18308,12589,-74.1634009,41.6280967,0,0,0
18309,10019,-73.9851926,40.7648216,0,0,0
18310,10011,-73.9986485,40.7427029,0,0,0
18311,12153,-73.5412678,42.6382185,0,0,0
18312,12180,-73.6871073,42.7299252,0,0,0
18313,10013,-74.00694449,40.72032206,0,0,0
18314,10025,-73.9672498,40.7964515,0,0,0
18315,10014,-74.00542,40.7341248,0,0,0
18316,10013,-73.9974662,40.7161853,0,0,0
18317,10032,-73.93591319,40.84066607,0,0,0
18318,10030,-73.9453988,40.8157588,0,0,0
18319,10031,-73.9437531,40.8287986,0,0,0
18320,10027,-73.9525627,40.8088108,0,0,0
18321,12072,-74.3601213,42.9461524,0,0,0
18322,10035,-73.9410628,40.8006917,0,0,0
18323,10013,-74.00719957,40.72036113,0,0,0
18324,10027,-73.9566061,40.8148704,0,0,0
18325,10029,-73.9471251,40.7889894,0,0,0
18326,13204,-76.1647821,43.0484227,0,0,0
18327,10010,-73.98334158,40.73669525,0,0,0
18328,10018,-73.9949076,40.7539221,0,0,0
18329,10065,-73.9638262,40.7671604,0,0,0
18330,11370,-73.8907765,40.7916925,0,0,0
18331,13108,-76.34143712,42.98266055,0,0,0
18332,13078,-76.0958352,42.9939457,0,0,0
18333,10022,-73.9708657,40.7570931,0,0,0
18334,10024,-73.975059,40.7841123,0,0,0
18335,10003,-73.9878354,40.7265294,0,0,0
18336,10024,-73.9647524,40.7834385,0,0,0
18337,13326,-74.9327935,42.699791,0,0,0
18338,10516,-73.9580178,41.4178199,0,0,0
18339,13849,-75.3516104,42.3229669,0,0,0
18340,10509,-73.6188031,41.3941857,0,0,0
18341,13101,-76.0919359,42.5982328,0,0,0
18342,14020,-78.1889621,42.9936412,0,0,0
18343,10301,-74.0774957,40.6446522,0,0,0
18344,10301,-74.1038338,40.6084747,0,0,0
18345,10002,-73.9839549,40.7165051,0,0,0
18346,10033,-73.9353714,40.8515324,0,0,0
18347,12580,-73.929884,41.8566352,0,0,0
18348,12180,-73.6769626,42.7292402,0,0,0
18349,11423,-73.7695861,40.7265059,0,0,0
18350,11238,-73.9629011,40.6756614,0,0,0
18351,10018,-73.9920355,40.7562771,0,0,0
18352,10459,-73.892646,40.8256291,0,0,0
18353,10462,-73.8708354,40.8489702,0,0,0
18354,10009,-73.977849,40.7246542,0,0,0
18355,14850,-76.4956794,42.4270841,0,0,0
18356,13165,-76.8650603,42.9042359,0,0,0
18357,14847,-76.7246065,42.6186539,0,0,0
18358,14611,-77.6508349,43.1580854,0,0,0
18359,11733,-73.0883264,40.8984444,0,0,0
18360,12789,-74.5714569,41.709373,0,0,0
18361,14853,-76.4807523,42.4458747,0,0,0
18362,14823,-77.6052441,42.2695755,0,0,0
18363,14823,-77.6040971,42.2698408,0,0,0
18364,13605,-76.024988,43.8075379,0,0,0
18365,13608,-75.60761259,44.1995048,0,0,0
18366,14843,-77.66146362,42.34464242,0,0,0
18367,11704,-73.3445833,40.7341997,0,0,0
18368,13685,-76.1180839,43.9465674,0,0,0
18369,14572,-77.5810639,42.5681248,0,0,0
18370,10307,-74.2500519,40.5118595,0,0,0
18371,10301,-74.0747718,40.6339087,0,0,0
18372,12572,-73.90922671,41.93420826,0,0,0
18373,12977,-74.08111705,44.30143035,0,0,0
18374,10306,-74.10542242,40.5741334,0,0,0
18375,11370,-73.874539,40.7891084,0,0,0
18376,13601,-75.9105636,43.9716652,0,0,0
18377,11434,-73.775765,40.6798066,0,0,0
18378,10013,-74.00086493,40.71724643,0,0,0
18379,10019,-73.9818894,40.764977,0,0,0
18380,10018,-74.0056555,40.7590886,0,0,0
18381,11385,-73.8936477,40.7042789,0,0,0
18382,13617,-75.1686354,44.5984556,0,0,0
18383,11428,-73.7351553,40.7262372,0,0,0
18384,11359,-73.7807059,40.7948123,0,0,0
18385,11101,-73.9546509,40.7430366,0,0,0
18386,11370,-73.886158,40.7897827,0,0,0
18387,11370,-73.8871005,40.7922216,0,0,0
18388,10013,-74.00092204,40.71714213,0,0,0
18389,11370,-73.8868806,40.797099,0,0,0
18390,11361,-73.7677271,40.7602205,0,0,0
18391,10474,-73.8770829,40.8013848,0,0,0
18392,10001,-73.99540666,40.75262925,0,0,0
18393,14020,-78.1879696,42.9988459,0,0,0
18394,11201,-73.9858961,40.6890849,0,0,0
18395,11101,-73.938088,40.7502555,0,0,0
18396,11225,-73.95944945,40.66797686,0,0,0
18397,11207,-73.9036988,40.6790285,0,0,0
18398,11224,-73.98112581,40.57715004,0,0,0
18399,10013,-74.0042187,40.7155139,0,0,0
18400,10003,-73.99107583,40.73529619,0,0,0
18401,11207,-73.9015268,40.672569,0,0,0
18402,11354,-73.832133,40.767501,0,0,0
18403,11432,-73.7927034,40.7070723,0,0,0
18404,10002,-73.988267,40.7193286,0,0,0
18405,10013,-74.002123,40.7193923,0,0,0
18406,10035,-73.9356585,40.8022216,0,0,0
18407,10039,-73.9404495,40.8243202,0,0,0
18408,11220,-74.0128215,40.6341352,0,0,0
18409,10013,-74.0082893,40.7262925,0,0,0
18410,10036,-73.9967747,40.7598747,0,0,0
18411,11694,-73.837272,40.5805638,0,0,0
18412,10465,-73.8197203,40.8506589,0,0,0
18413,10457,-73.9003504,40.8439129,0,0,0
18414,10031,-73.9450071,40.8239317,0,0,0
18415,45744,-81.5062738,39.5296512,0,0,0
18416,08092,-74.2966627,39.6490523,0,0,0
18417,03301,-71.51289207,43.21979392,0,0,0
18418,43204,-83.07908589,39.97798921,0,0,0
18419,00783,-66.3181176,18.3435941,0,0,0
18420,73501,-98.3790589,34.6080329,0,0,0
18421,45068,-83.99346046,39.49943145,0,0,0
18422,53563,-88.9617983,42.7822882,0,0,0
18423,84535,-109.3420473,37.86880187,0,0,0
18424,45229,-84.4736413,39.158856,0,0,0
18425,84405,-111.9655169,41.16784899,0,0,0
18426,68874,-99.36962121,41.64144161,0,0,0
18427,53713,-89.39583563,43.03947007,0,0,0
18428,00653,-66.90668743,17.97152185,0,0,0
18429,08210,-74.79591924,39.10760695,0,0,0
18430,98372,-122.2918717,47.23692478,0,0,0
18431,54659,-91.1203958,44.3214295,0,0,0
18432,00769,-66.3621808,18.0806191,0,0,0
18433,27707,-78.90842335,35.96391902,0,0,0
18434,24502,-79.17572241,37.35810567,0,0,0
18435,64074,-94.07359708,39.13044074,0,0,0
18436,65745,-93.9355461,36.5127282,0,0,0
18437,74643,-97.5572319,36.6909412,0,0,0
18438,07302,-74.04277932,40.72580194,0,0,0
18439,84025,-111.9055353,40.9803557,0,0,0
18440,28215,-80.73121622,35.26502614,0,0,0
18441,28739,-82.4848361,35.3139981,0,0,0
18442,43917,-80.775823,40.1948973,0,0,0
18443,58538,-100.6310611,46.0857103,0,0,0
18444,64109,-94.5697051,39.0690425,0,0,0
18445,63629,-91.21281525,37.45243074,0,0,0
18446,43010,-83.6232654,39.9964392,0,0,0
18447,44805,-82.3629988,40.7741879,0,0,0
18448,23451,-75.9861946,36.8435517,0,0,0
18449,25313,-81.79477582,38.42162827,0,0,0
18450,98208,-122.2194392,47.91112718,0,0,0
18451,89043,-114.4509506,37.9370842,0,0,0
18452,55069,-92.9666252,45.6855001,0,0,0
18453,00606,-66.9808357,18.1831793,0,0,0
18454,45895,-84.20853345,40.55968478,0,0,0
18455,65803,-93.26818031,37.23287446,0,0,0
18456,23601,-76.47422069,37.07076461,0,0,0
18457,58849,-103.1660661,48.34360185,0,0,0
18458,37203,-86.8206558,36.1471269,0,0,0
18459,25053,-81.84262787,38.08355636,0,0,0
18460,08204,-74.9204849,38.9346711,0,0,0
18461,27263,-79.96320353,35.90002246,0,0,0
18462,63147,-90.21829047,38.69777178,0,0,0
18463,25209,-81.52959122,37.97535172,0,0,0
18464,27893,-77.9088755,35.725401,0,0,0
18465,07083,-74.2768682,40.6968809,0,0,0
18466,55811,-92.1084367,46.7977276,0,0,0
18467,08640,-74.5836116,39.9982232,0,0,0
18468,28805,-82.5105447,35.5870602,0,0,0
18469,07457,-74.3022422,40.9891345,0,0,0
18470,59808,-114.030986,46.88585785,0,0,0
18471,44628,-82.09955,40.5194711,0,0,0
18472,43311,-83.7583854,40.3607207,0,0,0
18473,27858,-77.3403773,35.6033267,0,0,0
18474,64856,-94.38312015,36.59325951,0,0,0
18475,28612,-81.43219443,35.76951379,0,0,0
18476,56762,-96.76807745,48.19561268,0,0,0
18477,44111,-81.7793109,41.4481017,0,0,0
18478,59101,-108.497029,45.77581285,0,0,0
18479,22902,-78.49454186,38.00617657,0,0,0
18480,43224,-82.9768976,40.0601338,0,0,0
18481,45820,-84.088083,40.8302531,0,0,0
18482,38104,-89.99772146,35.13459189,0,0,0
18483,65061,-91.56341696,38.67176707,0,0,0
18484,43206,-82.9429774,39.9333469,0,0,0
18485,27377,-79.60825794,36.06481914,0,0,0
18486,28385,-78.50064443,35.01459148,0,0,0
18487,43145,-83.25663436,39.55401599,0,0,0
18488,28771,-83.80685686,35.32223075,0,0,0
18489,45225,-84.5364398,39.1417063,0,0,0
18490,28658,-81.21996218,35.62972719,0,0,0
18491,45601,-82.9706414,39.394614,0,0,0
18492,43215,-83.0089611,39.9574882,0,0,0
18493,63967,-90.54966271,36.97089459,0,0,0
18494,63801,-89.55675273,36.86643823,0,0,0
18495,65793,-91.98258944,37.00899504,0,0,0
18496,59301,-105.8291147,46.4059786,0,0,0
18497,00662,-67.018968,18.495904,0,0,0
18498,24151,-79.8888098,36.9953976,0,0,0
18499,22152,-77.2373125,38.783184,0,0,0
18500,28607,-81.7067375,36.22097687,0,0,0
18501,07030,-74.0261437,40.743046,0,0,0
18502,08611,-74.75812574,40.21163542,0,0,0
18503,45402,-84.20727485,39.75002885,0,0,0
18504,26354,-80.07539488,39.3287151,0,0,0
18505,27565,-78.6072677,36.3053497,0,0,0
18506,27016,-80.2663895,36.3951858,0,0,0
18507,23173,-77.5404641,37.5715652,0,0,0
18508,27379,-79.33602869,36.42082025,0,0,0
18509,24531,-79.39947026,36.85833373,0,0,0
18510,28412,-77.94783211,34.19211731,0,0,0
18511,28027,-80.722105,35.3691819,0,0,0
18512,28150,-81.5399981,35.2889737,0,0,0
18513,38041,-89.8382634,35.6399529,0,0,0
18514,27379,-79.335523,36.405981,0,0,0
18515,23502,-76.2115386,36.8801328,0,0,0
18516,28025,-80.6036995,35.4405163,0,0,0
18517,98208,-122.2173525,47.9119592,0,0,0
18519,43458,-83.2138762,41.533309,0,0,0
18520,27278,-79.1247703,36.0853292,0,0,0
18521,28112,-80.5483576,34.9820736,0,0,0
18522,27371,-79.88079025,35.37887992,0,0,0
18523,65483,-91.95742864,37.33037462,0,0,0
18524,63841,-89.9366852,36.7873765,0,0,0
18525,98036,-122.2918234,47.8232942,0,0,0
18526,28458,-77.93081853,34.8230019,0,0,0
18527,28027,-80.6535124,35.4185592,0,0,0
18528,63565,-93.0023013,40.47658917,0,0,0
18530,63552,-92.4766332,39.7502603,0,0,0
18531,59715,-111.0463819,45.6608136,0,0,0
18532,43217,-82.9508528,39.7903914,0,0,0
18533,27028,-80.5615165,35.8933946,0,0,0
18534,98052,-122.1298486,47.6800084,0,0,0
18535,98122,-122.3172492,47.615017,0,0,0
18536,98133,-122.3347374,47.7029255,0,0,0
18537,98108,-122.2934238,47.5386247,0,0,0
18538,98104,-122.3299251,47.60406759,0,0,0
18539,43953,-80.7042536,40.3596181,0,0,0
18540,84720,-113.0605272,37.70925373,0,0,0
18541,84074,-112.2984167,40.564661,0,0,0
18542,26704,-78.64449945,39.30320643,0,0,0
18543,43944,-80.77286175,40.43387497,0,0,0
18544,28119,-79.99796297,34.86385198,0,0,0
18545,45640,-82.6508121,39.0818458,0,0,0
18546,43008,-82.48241011,39.93205963,0,0,0
18547,27021,-80.34467877,36.27960852,0,0,0
18548,28144,-80.4339847,35.6837698,0,0,0
18549,28217,-80.9185424,35.1649881,0,0,0
18550,28369,-79.00118817,34.38907837,0,0,0
18551,28262,-80.7508005,35.30348144,0,0,0
18552,28621,-80.85322438,36.27653876,0,0,0
18553,54801,-91.8984602,45.8080598,0,0,0
18554,55106,-93.0730046,44.9632865,0,0,0
18555,38068,-89.3636026,35.2240826,0,0,0
18556,37869,-83.21598318,36.52819039,0,0,0
18557,37725,-83.4279418,36.0351233,0,0,0
18558,20175,-77.5454394,39.0752228,0,0,0
18559,27312,-79.18249984,35.71967403,0,0,0
18560,23821,-77.8856205,36.8641232,0,0,0
18561,27870,-77.64741232,36.40350385,0,0,0
18562,27030,-80.6295592,36.5287872,0,0,0
18563,28376,-79.2171197,34.9791588,0,0,0
18564,20164,-77.39184433,39.02876588,0,0,0
18565,27954,-75.66544682,35.88988341,0,0,0
18566,45208,-84.4245701,39.140836,0,0,0
18567,00983,-65.986637,18.421779,0,0,0
18568,45680,-82.5826686,38.441035,0,0,0
18569,23061,-76.543124,37.4160657,0,0,0
18570,43203,-82.9814257,39.967505,0,0,0
18571,45886,-84.5837897,40.9901033,0,0,0
18572,45832,-84.7075043,40.9164339,0,0,0
18573,56435,-94.5156892,46.8198016,0,0,0
18574,00659,-66.80451161,18.35652729,0,0,0
18575,27409,-79.9113169,36.0694688,0,0,0
18576,73105,-97.5018691,35.4981483,0,0,0
18577,27405,-79.7770488,36.0901094,0,0,0
18578,98926,-120.5973959,47.00476801,0,0,0
18579,37076,-86.6159834,36.1782424,0,0,0
18580,28092,-81.24942201,35.49028758,0,0,0
18581,27263,-79.98269472,35.93831921,0,0,0
18582,28352,-79.49278262,34.75944227,0,0,0
18583,28640,-81.4576963,36.4233283,0,0,0
18584,28805,-82.5105486,35.5870587,0,0,0
18585,37643,-82.2528353,36.3438803,0,0,0
18586,28613,-81.2637207,35.7009599,0,0,0
18587,22204,-77.068637,38.8669608,0,0,0
18588,37705,-84.0707172,36.1974215,0,0,0
18589,59101,-108.5060675,45.7837641,0,0,0
18590,37830,-84.2578923,36.0121186,0,0,0
18591,37821,-83.1846824,35.9678962,0,0,0
18592,22701,-77.9267294,38.4940793,0,0,0
18593,38333,-87.9852515,36.0828866,0,0,0
18594,37701,-83.9900799,35.8058746,0,0,0
18595,00772,-65.99012,18.4581358,0,0,0
18596,23139,-77.7663001,37.5098449,0,0,0
18597,38555,-84.9990459,35.8995589,0,0,0
18598,27105,-80.2258778,36.128944,0,0,0
18599,37311,-84.945409,34.994089,0,0,0
18600,28771,-83.83387882,35.3347016,0,0,0
18601,37714,-84.2111602,36.30914376,0,0,0
18602,23224,-77.4818934,37.5066367,0,0,0
18603,37745,-82.75572912,36.17590453,0,0,0
18604,00766,-66.4972708,18.1257357,0,0,0
18605,45895,-84.1558065,40.5535777,0,0,0
18606,37218,-86.8260549,36.2083913,0,0,0
18607,37211,-86.6874497,36.0891285,0,0,0
18608,38017,-89.6220515,35.04656397,0,0,0
18609,22311,-77.115467,38.840418,0,0,0
18610,23456,-76.05475701,36.75092085,0,0,0
18611,00638,-66.467922,18.3376776,0,0,0
18612,28602,-81.35568604,35.69085853,0,0,0
18613,38046,-89.2433435,35.0452269,0,0,0
18614,37356,-85.7905845,35.2551026,0,0,0
18615,37814,-83.2936013,36.2147769,0,0,0
18616,26601,-80.6560451,38.6983296,0,0,0
18617,24401,-79.07122049,38.14983459,0,0,0
18618,27409,-79.9365311,36.1053536,0,0,0
18619,37419,-85.3973285,35.0241931,0,0,0
18620,23220,-77.467121,37.5462729,0,0,0
18621,00664,-66.5611191,18.2090336,0,0,0
18622,38577,-84.9596817,36.5426223,0,0,0
18623,38329,-88.11909015,35.58436111,0,0,0
18624,28586,-77.11856385,35.3172213,0,0,0
18625,37243,-86.7860161,36.1685571,0,0,0
18626,37210,-86.74028633,36.13542059,0,0,0
18627,28747,-82.95506461,35.11380911,0,0,0
18628,23937,-78.6023058,36.9934384,0,0,0
18629,27603,-78.6394514,35.7862301,0,0,0
18630,28027,-80.5954209,35.3620227,0,0,0
18631,24401,-79.0475665,38.16043681,0,0,0
18632,53516,-89.8609242,42.8100106,0,0,0
18633,23185,-76.71796601,37.2678553,0,0,0
18634,64106,-94.5757257,39.0974326,0,0,0
18635,55369,-93.4421154,45.0988943,0,0,0
18636,27244,-79.50790044,36.10465004,0,0,0
18637,24210,-82.006967,36.719845,0,0,0
18638,58103,-96.84336461,46.86823565,0,0,0
18639,98133,-122.3435829,47.7634871,0,0,0
18640,64507,-94.7807484,39.7617305,0,0,0
18641,23188,-76.6956562,37.3187922,0,0,0
18642,27522,-78.72081116,36.14182245,0,0,0
18643,43950,-80.860292,40.072225,0,0,0
18644,27560,-78.79332715,35.87692126,0,0,0
18645,27523,-79.0171454,35.7326942,0,0,0
18646,27214,-79.7564073,36.2508733,0,0,0
18647,24426,-79.8911088,37.7945455,0,0,0
18648,03773,-72.1595106,43.4538215,0,0,0
18649,00623,-67.145068,18.080365,0,0,0
18650,58501,-100.7826561,46.8209442,0,0,0
18651,24210,-81.9895811,36.7066038,0,0,0
18652,45801,-84.1008576,40.7817001,0,0,0
18653,89129,-115.3098448,36.2188825,0,0,0
18654,65712,-93.81754012,37.1042381,0,0,0
18655,44017,-81.86092034,41.34908614,0,0,0
18656,25309,-81.71430636,38.35596804,0,0,0
18657,44135,-81.8020972,41.4219395,0,0,0
18658,43235,-83.0695595,40.0886519,0,0,0
18659,89408,-119.2644501,39.60950177,0,0,0
18660,38549,-85.1299704,36.5697838,0,0,0
18661,65653,-93.1188134,36.6852988,0,0,0
18662,64469,-94.35986198,39.88995138,0,0,0
18663,26241,-79.864,38.9315006,0,0,0
18664,73159,-97.5698271,35.3870621,0,0,0
18665,73105,-97.5038881,35.5175477,0,0,0
18666,74464,-94.99153875,35.85215037,0,0,0
18667,23502,-76.2363812,36.8545059,0,0,0
18668,26288,-80.41205,38.4767499,0,0,0
18669,38305,-88.8311632,35.6721511,0,0,0
18670,37919,-84.0368795,35.9290291,0,0,0
18671,37301,-85.72161043,35.43085801,0,0,0
18672,23666,-76.3968802,37.0644565,0,0,0
18673,45833,-84.3194773,40.8147532,0,0,0
18674,24558,-78.9247786,36.7685216,0,0,0
18675,37917,-83.9192363,36.0154976,0,0,0
18676,00601,-66.7248974,18.166463,0,0,0
18677,89406,-118.7892983,39.4740326,0,0,0
18678,07823,-75.0808545,40.802477,0,0,0
18679,08809,-74.93367364,40.62966053,0,0,0
18680,22840,-78.719249,38.40574426,0,0,0
18681,20175,-77.5524512,39.0759175,0,0,0
18682,89113,-115.2452078,36.0404709,0,0,0
18683,03779,-72.07956501,43.96949424,0,0,0
18684,08302,-75.21803057,39.44081757,0,0,0
18685,23117,-77.86437121,37.80812121,0,0,0
18686,43126,-83.1706299,39.81125,0,0,0
18687,03301,-71.5192238,43.2159343,0,0,0
18688,89101,-115.1344705,36.1747465,0,0,0
18689,89043,-114.4421434,37.9423811,0,0,0
18691,37656,-82.6269735,36.4037745,0,0,0
18692,89701,-119.763397,39.15405853,0,0,0
18693,28358,-78.9953934,34.6262204,0,0,0
18694,45750,-81.4527794,39.417402,0,0,0
18695,22812,-78.97476763,38.3854807,0,0,0
18696,08270,-74.8136302,39.2374043,0,0,0
18697,45249,-84.318042,39.2846373,0,0,0
18698,82001,-104.8177074,41.1395597,0,0,0
18699,08234,-74.572216,39.4512976,0,0,0
18700,07836,-74.6981126,40.8873196,0,0,0
18701,08827,-74.9813509,40.6389916,0,0,0
18702,45255,-84.33530332,39.07315853,0,0,0
18703,37890,-83.27155274,36.048561,0,0,0
18704,08031,-75.0996749,39.864005,0,0,0
18705,08302,-75.2071795,39.4604751,0,0,0
18706,08401,-74.42439377,39.37876725,0,0,0
18707,37917,-83.91483789,35.97815385,0,0,0
18708,07701,-74.09703571,40.33725947,0,0,0
18709,89119,-115.173837,36.0845235,0,0,0
18710,27703,-78.86250104,35.98707999,0,0,0
18711,59808,-114.0272561,46.8828589,0,0,0
18712,37920,-83.8757776,35.9617069,0,0,0
18713,44095,-81.4375318,41.6623309,0,0,0
18714,82009,-104.8424193,41.16851722,0,0,0
18715,45202,-84.5089767,39.1073767,0,0,0
18716,37924,-83.8762154,36.0340833,0,0,0
18717,03743,-72.3370291,43.3724002,0,0,0
18718,22812,-78.96521056,38.37691013,0,0,0
18719,82901,-109.3010243,41.5373787,0,0,0
18720,07111,-74.2343157,40.7249223,0,0,0
18721,08807,-74.623841,40.581787,0,0,0
18722,27845,-77.41990037,36.38928006,0,0,0
18723,28677,-80.8856517,35.7881894,0,0,0
18724,24558,-78.9300822,36.7649453,0,0,0
18725,45750,-81.4463036,39.4169395,0,0,0
18726,03595,-71.5594011,44.2741665,0,0,0
18727,03431,-72.3038489,42.9249962,0,0,0
18728,07512,-74.2283225,40.8992,0,0,0
18729,08505,-74.7177341,40.1339771,0,0,0
18730,00795,-66.5045498,18.0542566,0,0,0
18731,54611,-90.91305694,44.43786687,0,0,0
18732,98104,-122.3290589,47.60440285,0,0,0
18733,03886,-71.2086823,43.8291695,0,0,0
18734,22801,-78.9147394,38.3957682,0,0,0
18735,08755,-74.2125125,39.984389,0,0,0
18736,23669,-76.3364759,37.0216887,0,0,0
18737,08825,-75.0052612,40.5220193,0,0,0
18738,08088,-74.7381925,39.8821738,0,0,0
18739,55415,-93.264416,44.9768777,0,0,0
18740,37915,-83.908118,35.9671372,0,0,0
18741,43050,-82.4481609,40.4143995,0,0,0
18742,37211,-86.6828454,36.0873233,0,0,0
18743,08512,-74.4894882,40.3170002,0,0,0
18744,64735,-93.77761588,38.36856126,0,0,0
18745,28401,-77.9444937,34.2371211,0,0,0
18746,23294,-77.52856801,37.63014477,0,0,0
18747,08054,-74.91953312,39.95556913,0,0,0
18748,07114,-74.1550045,40.7070805,0,0,0
18749,08087,-74.4337724,39.60557789,0,0,0
18750,07003,-74.1791373,40.8395834,0,0,0
18751,45750,-81.3926763,39.3675602,0,0,0
18752,07733,-74.1792398,40.3869417,0,0,0
18753,08349,-75.0124966,39.2881009,0,0,0
18754,07825,-74.9603204,40.9287815,0,0,0
18755,83001,-110.7450033,43.37202425,0,0,0
18756,65101,-92.1527386,38.5554673,0,0,0
18757,84725,-113.7163451,37.5673928,0,0,0
18758,89121,-115.0948833,36.1070941,0,0,0
18759,65401,-91.7730268,37.9456941,0,0,0
18760,23323,-76.3399117,36.7750916,0,0,0
18761,20170,-77.3715668,38.9612905,0,0,0
18762,24333,-80.88354727,36.69441203,0,0,0
18763,84751,-113.0123006,38.3969067,0,0,0
18764,64683,-93.6179754,40.07401715,0,0,0
18765,05819,-72.02576384,44.39851315,0,0,0
18766,03584,-71.5689311,44.4866752,0,0,0
18767,45065,-84.2155843,39.372037,0,0,0
18768,23320,-76.2599661,36.7717247,0,0,0
18769,38063,-89.5192774,35.7797905,0,0,0
18770,45140,-84.28355849,39.30468365,0,0,0
18771,83001,-110.7620206,43.48532619,0,0,0
18772,84770,-113.57846,37.11209382,0,0,0
18773,57501,-100.3463871,44.36716331,0,0,0
18774,59215,-105.5878328,47.4165617,0,0,0
18775,44620,-81.1984293,40.5548796,0,0,0
18776,59601,-112.0169413,46.58706986,0,0,0
18777,37861,-83.5101955,36.2843353,0,0,0
18778,64730,-94.3323486,38.2568374,0,0,0
18779,98059,-122.1646076,47.5380533,0,0,0
18780,64130,-94.5541652,38.98813021,0,0,0
18781,43701,-81.9281884,39.9558911,0,0,0
18782,59401,-111.3070176,47.503343,0,0,0
18783,24430,-79.37994329,38.08229689,0,0,0
18784,63548,-92.5276244,40.5225387,0,0,0
18785,82001,-104.8203983,41.13897407,0,0,0
18786,99019,-117.0515724,47.6964964,0,0,0
18787,26033,-80.5675171,39.8266149,0,0,0
18788,59901,-114.3114018,48.1954473,0,0,0
18789,26447,-80.4931662,38.9433105,0,0,0
18790,98294,-121.8137528,47.8626521,0,0,0
18791,82637,-105.8712067,42.8606188,0,0,0
18792,44125,-81.60126239,41.41155554,0,0,0
18793,82941,-109.8827902,42.8672121,0,0,0
18794,82935,-109.4647695,41.51655715,0,0,0
18795,82935,-109.4677804,41.529773,0,0,0
18796,00745,-65.8285235,18.3785223,0,0,0
18797,08302,-75.2144168,39.4230917,0,0,0
18798,08093,-75.1262521,39.8723198,0,0,0
18799,08344,-75.02265119,39.54739715,0,0,0
18800,07102,-74.1726371,40.7316795,0,0,0
18801,07105,-74.1492611,40.7307427,0,0,0
18802,07108,-74.1998829,40.7188553,0,0,0
18803,07103,-74.1906903,40.7303983,0,0,0
18804,98823,-119.5476103,47.3243281,0,0,0
18805,98134,-122.3236304,47.59173018,0,0,0
18806,08302,-75.2448928,39.43791252,0,0,0
18807,07302,-74.0440067,40.7213026,0,0,0
18808,37209,-86.9020702,36.186088,0,0,0
18809,82801,-107.0083548,44.8861234,0,0,0
18810,98632,-122.9611138,46.1296426,0,0,0
18811,08833,-74.8610201,40.5786066,0,0,0
18812,07620,-73.92026175,40.95287074,0,0,0
18813,08611,-74.75194133,40.20234579,0,0,0
18814,37209,-86.90342153,36.19336669,0,0,0
18815,98158,-122.2966898,47.4438615,0,0,0
18816,08083,-75.01658,39.8480442,0,0,0
18817,08648,-74.7330357,40.2828409,0,0,0
18818,82401,-107.9654599,44.0164979,0,0,0
18819,98862,-120.1850243,48.47786773,0,0,0
18820,08103,-75.1162433,39.9437308,0,0,0
18821,98837,-119.3295481,47.103298,0,0,0
18822,54740,-92.1508948,44.7792856,0,0,0
18823,38301,-88.9214994,35.6029792,0,0,0
18824,98661,-122.6654907,45.6281463,0,0,0
18825,08314,-74.95315874,39.23315563,0,0,0
18826,98028,-122.2432801,47.759605,0,0,0
18827,98032,-122.2382011,47.38487008,0,0,0
18828,98038,-122.0466872,47.39227646,0,0,0
18829,98631,-124.0502949,46.35236743,0,0,0
18830,08242,-74.9110061,39.0042917,0,0,0
18831,00795,-66.5083525,18.052752,0,0,0
18832,98356,-122.268015,46.56821426,0,0,0
18833,98168,-122.3098338,47.4965192,0,0,0
18834,38501,-85.4859765,36.1367651,0,0,0
18835,08505,-74.7308131,40.1376061,0,0,0
18836,98502,-122.9203604,47.0472346,0,0,0
18837,07036,-74.2558213,40.63188899,0,0,0
18838,22003,-77.1637821,38.8374982,0,0,0
18839,22734,-77.80770457,38.53367493,0,0,0
18840,08075,-74.9599316,40.0381188,0,0,0
18841,20186,-77.78869987,38.6999758,0,0,0
18842,08108,-75.04937,39.9105905,0,0,0
18843,37033,-87.4642331,35.7806545,0,0,0
18844,00646,-66.265478,18.4290707,0,0,0
18845,89015,-114.9798275,36.03055335,0,0,0
18846,65101,-92.1693304,38.5751597,0,0,0
18847,24541,-79.391947,36.5863771,0,0,0
18848,23803,-77.4609239,37.1969489,0,0,0
18849,82716,-105.4519446,44.2974335,0,0,0
18850,82414,-109.0241088,44.49551915,0,0,0
18851,98072,-122.1621256,47.7529002,0,0,0
18852,63552,-92.47287865,39.74237121,0,0,0
18853,98052,-122.1222005,47.6703736,0,0,0
18854,24088,-80.01588561,36.92356621,0,0,0
18855,22963,-78.31455919,37.92314479,0,0,0
18856,22306,-77.076909,38.7416037,0,0,0
18857,23321,-76.4278654,36.847686,0,0,0
18858,65668,-93.31573016,37.94116675,0,0,0
18859,45424,-84.1305338,39.864253,0,0,0
18860,45402,-84.1968779,39.7597127,0,0,0
18861,68757,-96.8752539,42.6508724,0,0,0
18862,82721,-104.9521083,44.26377353,0,0,0
18863,26030,-80.65247947,40.22638996,0,0,0
18864,26542,-79.79787795,39.55278499,0,0,0
18865,26451,-80.3964241,39.2043594,0,0,0
18866,82941,-109.855835,42.86523656,0,0,0
18867,98371,-122.3026621,47.1989572,0,0,0
18868,07601,-74.0440665,40.8856639,0,0,0
18869,25064,-81.75859549,38.3810778,0,0,0
18870,98402,-122.4382547,47.2459968,0,0,0
18871,98903,-120.5414461,46.5712012,0,0,0
18872,63469,-92.04104589,39.80642051,0,0,0
18873,99130,-117.1427349,47.00760439,0,0,0
18874,08037,-74.7329589,39.5498449,0,0,0
18875,28376,-79.2171192,34.9791565,0,0,0
18876,24273,-82.62867093,36.93547886,0,0,0
18877,45710,-82.2018197,39.22788329,0,0,0
18878,74107,-96.0753831,36.1071332,0,0,0
18879,28304,-78.9290981,35.02957971,0,0,0
18880,74133,-95.8621162,36.0445364,0,0,0
18881,05846,-71.88000532,44.81491483,0,0,0
18882,44663,-81.36913872,40.44819265,0,0,0
18883,23930,-78.0803997,37.1285484,0,0,0
18884,23608,-76.5435923,37.1294453,0,0,0
18885,23603,-76.54585,37.1798915,0,0,0
18886,23320,-76.2380724,36.7958289,0,0,0
18887,23228,-77.4731333,37.6374116,0,0,0
18888,23601,-76.4623355,37.0564302,0,0,0
18889,43013,-82.68654269,40.23920639,0,0,0
18890,24504,-79.14467929,37.41254895,0,0,0
18891,00971,-66.1356879,18.3688124,0,0,0
18892,00769,-66.3583105,18.0810095,0,0,0
18893,45036,-84.2139319,39.389875,0,0,0
18894,24609,-81.7689434,37.0541047,0,0,0
18895,45345,-84.3957204,39.7428103,0,0,0
18896,43033,-82.5981251,39.9597798,0,0,0
18897,45378,-84.48884607,39.9031047,0,0,0
18898,45384,-83.8762845,39.719153,0,0,0
18899,43780,-81.4627312,39.9345405,0,0,0
18900,43782,-82.21049042,39.60629436,0,0,0
18901,44319,-81.525799,41.0016075,0,0,0
18902,43153,-83.6100486,39.7394984,0,0,0
18903,24014,-79.9425401,37.2514242,0,0,0
18904,53218,-87.9983032,43.1189371,0,0,0
18905,43910,-80.7611663,40.3549371,0,0,0
18906,23185,-76.7440557,37.2572845,0,0,0
18907,54854,-91.7049968,46.6769439,0,0,0
18908,84083,-114.0304588,40.7374857,0,0,0
18909,53532,-89.3147497,43.2531133,0,0,0
18910,08243,-74.6942747,39.157448,0,0,0
18911,37769,-84.1095465,36.2396153,0,0,0
18912,38114,-89.9749364,35.1144824,0,0,0
18913,37687,-82.0793511,36.1719268,0,0,0
18914,28779,-83.20484328,35.35178818,0,0,0
18915,98584,-123.1593685,47.2517892,0,0,0
18916,37814,-83.4051669,36.2148275,0,0,0
18917,37209,-86.8863744,36.135787,0,0,0
18918,37403,-85.2808935,35.0508267,0,0,0
18919,37419,-85.3779704,35.0009476,0,0,0
18920,37416,-85.1746834,35.1110638,0,0,0
18921,37412,-85.2023927,34.9922182,0,0,0
18922,38044,-88.8296564,35.2247015,0,0,0
18923,00725,-66.0372017,18.2514261,0,0,0
18924,37220,-86.74723,36.063934,0,0,0
18925,08302,-75.2450815,39.4308556,0,0,0
18926,28640,-81.4703309,36.4213104,0,0,0
18927,07977,-74.6588147,40.7175338,0,0,0
18928,65101,-92.17760339,38.49642406,0,0,0
18929,43524,-84.0336211,41.2281775,0,0,0
18930,98661,-122.6173001,45.6423117,0,0,0
18931,65251,-91.93824443,38.84500401,0,0,0
18932,65251,-91.93753753,38.84631886,0,0,0
18933,24011,-79.9386125,37.2691425,0,0,0
18934,22554,-77.41281664,38.42246222,0,0,0
18935,58201,-97.0961618,47.92972007,0,0,0
18936,22520,-76.8723681,38.1542182,0,0,0
18937,53403,-87.78744987,42.71864781,0,0,0
18938,38079,-89.38279847,36.46609464,0,0,0
18939,25601,-81.98222714,37.90760685,0,0,0
18940,89106,-115.1648659,36.1927008,0,0,0
18941,23005,-77.4533759,37.6913599,0,0,0
18942,03884,-71.1278586,43.2686232,0,0,0
18943,07111,-74.2117356,40.7374836,0,0,0
18944,28001,-80.2133975,35.3480982,0,0,0
18945,43962,-80.8862391,40.6782422,0,0,0
18946,84745,-113.2699661,37.2073041,0,0,0
18947,07104,-74.1658644,40.7656617,0,0,0
18948,08302,-75.2203452,39.4191526,0,0,0
18949,08085,-75.32500214,39.73578003,0,0,0
18950,08302,-75.2489543,39.420341,0,0,0
18951,98362,-123.3012012,48.0966803,0,0,0
18952,98532,-122.98057,46.6713542,0,0,0
18953,38075,-89.149042,35.3265127,0,0,0
18954,57761,-102.8360756,44.0935378,0,0,0
18955,38254,-89.3536964,36.3825446,0,0,0
18956,20109,-77.51755501,38.8095232,0,0,0
18957,37034,-86.6941349,35.5891993,0,0,0
18958,20117,-77.73548537,38.9684451,0,0,0
18959,23605,-76.43368,37.0240721,0,0,0
18960,74115,-95.9381963,36.1935761,0,0,0
18961,27403,-79.8051309,36.0667889,0,0,0
18962,24382,-80.99750424,36.93869677,0,0,0
18963,24060,-80.4025033,37.1986293,0,0,0
18964,05495,-73.1120885,44.442108,0,0,0
18965,05472,-73.1753072,44.0832821,0,0,0
18966,65606,-91.3981047,36.6943436,0,0,0
18967,23231,-77.4116338,37.5165976,0,0,0
18968,24201,-82.1271768,36.6181526,0,0,0
18969,23950,-78.11505674,36.74314987,0,0,0
18970,23605,-76.4378605,37.0058849,0,0,0
18971,26501,-79.97960705,39.62755417,0,0,0
18972,28001,-80.1910791,35.3859533,0,0,0
18973,24504,-79.1441996,37.4133806,0,0,0
18974,59087,-108.3488195,47.00437141,0,0,0
18975,68665,-98.3615235,41.6884751,0,0,0
18976,22030,-77.3123547,38.8456773,0,0,0
18977,73460,-96.6776277,34.2239891,0,0,0
18978,99337,-119.1986946,46.1670769,0,0,0
18979,28806,-82.60192281,35.58084206,0,0,0
18980,37885,-84.205379,35.5959345,0,0,0
18981,37010,-87.1354702,36.5443757,0,0,0
18982,37043,-87.3210137,36.5074092,0,0,0
18983,98331,-124.2939883,47.5780329,0,0,0
18984,45620,-82.1132575,38.9450443,0,0,0
18985,45354,-84.40698604,39.90248247,0,0,0
18986,23410,-75.7329261,37.665267,0,0,0
18987,43055,-82.4508501,40.0480804,0,0,0
18988,68354,-97.585497,40.6346596,0,0,0
18989,44853,-83.3195514,41.0515829,0,0,0
18990,23487,-76.7061947,36.91013281,0,0,0
18991,08822,-74.85863139,40.51018795,0,0,0
18992,45215,-84.4415739,39.2238892,0,0,0
18993,43535,-84.03795248,41.32185977,0,0,0
18994,98499,-122.4863428,47.1698341,0,0,0
18995,44202,-81.368668,41.3465086,0,0,0
18996,82331,-106.8069765,41.45416744,0,0,0
18997,45874,-84.6157958,40.7711553,0,0,0
18998,68071,-96.4728209,42.2361344,0,0,0
18999,45155,-83.75365834,39.03813675,0,0,0
19000,08056,-75.2581679,39.8009989,0,0,0
19001,08850,-74.4354546,40.4526807,0,0,0
19002,44455,-80.6268742,40.7918978,0,0,0
19003,37354,-84.3641441,35.5588559,0,0,0
19004,44319,-81.5107278,40.9758291,0,0,0
19005,43988,-81.084617,40.3946203,0,0,0
19006,43144,-82.16380713,39.51234446,0,0,0
19007,44067,-81.5397253,41.3136434,0,0,0
19008,44087,-81.4417925,41.3136503,0,0,0
19009,43614,-83.615596,41.61988,0,0,0
19010,03301,-71.5643955,43.1799871,0,0,0
19011,44240,-81.34987371,41.15046828,0,0,0
19012,38464,-87.3260246,35.2549688,0,0,0
19013,82421,-108.5959156,44.8909408,0,0,0
19014,08021,-75.0424526,39.8224374,0,0,0
19015,07040,-74.25761562,40.72267173,0,0,0
19016,59812,-113.9795695,46.8631828,0,0,0
19017,38365,-88.24085617,35.05200516,0,0,0
19018,74945,-94.8205791,35.58109506,0,0,0
19019,08559,-74.95215182,40.43633692,0,0,0
19020,55338,-94.00730891,44.67857696,0,0,0
19021,74115,-95.8894231,36.1904868,0,0,0
19022,64151,-94.6052288,39.1837361,0,0,0
19023,84721,-113.043814,37.7644154,0,0,0
19024,08103,-75.12952631,39.94455345,0,0,0
19025,64153,-94.7163681,39.2977031,0,0,0
19027,63091,-91.40390005,38.38762154,0,0,0
19028,63825,-89.9289944,36.884982,0,0,0
19029,38050,-89.2267482,35.8142141,0,0,0
19030,65785,-93.79650597,37.69817034,0,0,0
19031,64625,-93.80290323,39.76173759,0,0,0
19032,38061,-88.71969121,35.06334453,0,0,0
19033,82432,-107.9640625,44.2684948,0,0,0
19034,08021,-74.9636752,39.8164928,0,0,0
19035,53404,-87.80014259,42.72616721,0,0,0
19036,08822,-74.8598048,40.5101824,0,0,0
19037,08065,-75.0391256,40.0064673,0,0,0
19038,26201,-80.24714252,38.95227997,0,0,0
19039,08611,-74.7641303,40.2135749,0,0,0
19040,08828,-74.4182289,40.3784826,0,0,0
19041,25704,-82.55570504,38.36936445,0,0,0
19042,25530,-82.5578665,38.3975812,0,0,0
19043,25678,-82.16521173,37.62213065,0,0,0
19044,28677,-80.88714201,35.78844568,0,0,0
19045,28585,-77.35325643,35.06308768,0,0,0
19046,28025,-80.5788724,35.4093138,0,0,0
19047,25545,-82.2143593,38.4275184,0,0,0
19048,25801,-81.18013309,37.78179324,0,0,0
19049,28208,-80.9193233,35.2158659,0,0,0
19050,45891,-84.62392336,40.85558905,0,0,0
19051,27909,-76.2223063,36.3010887,0,0,0
19052,28675,-81.1203606,36.5067169,0,0,0
19053,28422,-78.16405536,34.05841272,0,0,0
19054,37040,-87.3524836,36.5380395,0,0,0
19055,27932,-76.6113575,36.0700737,0,0,0
19056,28714,-82.29935726,35.91914756,0,0,0
19057,03456,-72.20116199,43.11820584,0,0,0
19058,03445,-72.22028514,43.01315269,0,0,0
19059,43209,-82.9446419,39.9374526,0,0,0
19060,27822,-77.8620844,35.8051333,0,0,0
19061,27851,-78.00906555,35.6445129,0,0,0
19062,28451,-78.00863117,34.25558792,0,0,0
19063,27896,-77.9488062,35.7651472,0,0,0
19064,28713,-83.45319076,35.41716104,0,0,0
19065,65807,-93.2968743,37.1894972,0,0,0
19066,28052,-81.1836973,35.2674794,0,0,0
19067,37887,-84.5046885,36.1248425,0,0,0
19068,98642,-122.6752459,45.7502724,0,0,0
19069,84601,-111.6581968,40.2316954,0,0,0
19070,27278,-79.1107984,36.0939029,0,0,0
19071,27601,-78.64089732,35.77579689,0,0,0
19072,37042,-87.4129065,36.58836527,0,0,0
19073,27292,-80.25491379,35.82586991,0,0,0
19074,27043,-80.4634013,36.34239803,0,0,0
19075,03461,-72.01137187,42.7514389,0,0,0
19076,82649,-108.110241,43.23579608,0,0,0
19077,44646,-81.460421,40.8039468,0,0,0
19079,27812,-77.37491832,35.80733353,0,0,0
19080,28204,-80.8298492,35.2167807,0,0,0
19081,03431,-72.23961796,42.93390353,0,0,0
19082,28273,-80.89562364,35.12959273,0,0,0
19083,28105,-80.69382143,35.10647021,0,0,0
19084,28078,-80.8414949,35.3923161,0,0,0
19085,28206,-80.8369748,35.2459477,0,0,0
19086,28202,-80.8389039,35.2290653,0,0,0
19087,44720,-81.4364228,40.9149664,0,0,0
19088,28215,-80.73885717,35.23526802,0,0,0
19089,28270,-80.74112927,35.14422119,0,0,0
19090,28269,-80.8437251,35.343736,0,0,0
19091,28211,-80.7999486,35.1972081,0,0,0
19092,28208,-80.88280139,35.2173215,0,0,0
19093,84340,-112.0381603,41.4085453,0,0,0
19094,27858,-77.3640781,35.585243,0,0,0
19095,27016,-80.2163617,36.4134996,0,0,0
19096,28428,-77.9065937,34.0472931,0,0,0
19097,28450,-78.4657747,34.278682,0,0,0
19098,27889,-76.9017786,35.4778791,0,0,0
19099,03470,-72.2731898,42.7548691,0,0,0
19100,03464,-72.103966,43.0779675,0,0,0
19101,08608,-74.7639584,40.2170759,0,0,0
19102,44035,-82.0583026,41.3393411,0,0,0
19103,43023,-82.5933017,40.0335575,0,0,0
19104,98903,-120.4745409,46.56067199,0,0,0
19105,64506,-94.8140615,39.8021369,0,0,0
19106,63640,-90.4825999,37.8478113,0,0,0
19107,89506,-119.8826417,39.6235894,0,0,0
19108,08060,-74.7903716,39.9954193,0,0,0
19109,63901,-90.4714698,36.8093828,0,0,0
19110,64015,-94.3041879,39.0369173,0,0,0
19111,65775,-91.8461027,36.743209,0,0,0
19112,63304,-90.74000999,38.70500359,0,0,0
19113,22967,-78.9694822,37.9041126,0,0,0
19114,63141,-90.48345135,38.63960508,0,0,0
19115,63005,-90.6899371,38.6176365,0,0,0
19116,59263,-105.4198618,48.79373741,0,0,0
19117,27960,-75.97204884,35.10687138,0,0,0
19118,27804,-77.7739866,36.0017191,0,0,0
19119,64628,-93.07569526,39.77341916,0,0,0
19120,64152,-94.6791117,39.1892364,0,0,0
19121,27244,-79.5499965,36.1378364,0,0,0
19122,65742,-93.05376875,37.11659223,0,0,0
19123,27610,-78.5554517,35.7637522,0,0,0
19124,25801,-81.1930587,37.8053368,0,0,0
19125,07960,-74.4843468,40.7976072,0,0,0
19126,63621,-90.6303758,37.5872619,0,0,0
19127,64630,-93.16353272,40.03514938,0,0,0
19128,63534,-92.6247925,39.7611773,0,0,0
19129,27577,-78.34662979,35.51088382,0,0,0
19130,27606,-78.67839783,35.77452989,0,0,0
19131,38261,-89.0600946,36.4226998,0,0,0
19132,07601,-74.0435253,40.8780102,0,0,0
19133,07102,-74.18054097,40.73772851,0,0,0
19134,64018,-94.7423301,39.4533287,0,0,0
19135,08330,-74.6910418,39.4384036,0,0,0
19136,07306,-74.05803,40.7326116,0,0,0
19137,27055,-80.6579964,36.1355477,0,0,0
19138,27607,-78.68752789,35.8004581,0,0,0
19139,43512,-84.4152262,41.2759071,0,0,0
19140,24572,-79.11952132,37.41559005,0,0,0
19141,28753,-82.6840342,35.79692208,0,0,0
19142,63080,-91.1026481,38.2064776,0,0,0
19143,65063,-92.0916855,38.7188017,0,0,0
19144,44049,-82.3024797,41.2676263,0,0,0
19145,63133,-90.3231229,38.6831135,0,0,0
19146,63332,-90.883462,38.57443589,0,0,0
19147,63119,-90.33753965,38.57069146,0,0,0
19148,63376,-90.6407642,38.7617518,0,0,0
19150,27589,-78.13482255,36.39372789,0,0,0
19151,63123,-90.34424611,38.54866263,0,0,0
19152,28115,-80.8034865,35.57982319,0,0,0
19153,28166,-80.94008277,35.66662114,0,0,0
19154,27892,-77.09581468,35.83631053,0,0,0
19155,58368,-99.97734698,48.37381193,0,0,0
19156,27530,-77.99457159,35.38154603,0,0,0
19157,64035,-93.8331397,39.2689097,0,0,0
19158,28328,-78.33236521,35.01657207,0,0,0
19159,63103,-90.2244679,38.6342646,0,0,0
19160,45638,-82.6835928,38.5359303,0,0,0
19161,74953,-94.6239654,35.0547295,0,0,0
19163,27320,-79.77102913,36.39787782,0,0,0
19164,25401,-77.9649686,39.4467793,0,0,0
19165,08691,-74.5036813,40.2006479,0,0,0
19166,64127,-94.52214463,39.07570023,0,0,0
19167,64134,-94.5228372,38.921383,0,0,0
19168,27604,-78.6022454,35.8448383,0,0,0
19169,28761,-81.90397189,35.73248099,0,0,0
19170,65803,-93.2990769,37.2578209,0,0,0
19171,83114,-110.9569883,42.08527994,0,0,0
19172,63821,-90.23822577,36.05087011,0,0,0
19173,27615,-78.599128,35.8922639,0,0,0
19174,27606,-78.7014048,35.7917867,0,0,0
19175,27612,-78.7264177,35.8735608,0,0,0
19176,27603,-78.64438268,35.78304205,0,0,0
19177,27928,-76.4095799,35.7920644,0,0,0
19178,28714,-82.27731362,35.74566973,0,0,0
19179,83127,-111.000611,42.91632352,0,0,0
19180,83118,-111.0277258,43.16069018,0,0,0
19181,64501,-94.8551231,39.7747009,0,0,0
19182,83101,-110.542916,41.7721002,0,0,0
19183,28806,-82.62799397,35.53690611,0,0,0
19184,27513,-78.7795596,35.7897794,0,0,0
19185,28401,-77.9418603,34.2529239,0,0,0
19186,28612,-81.62882746,35.60291424,0,0,0
19187,65806,-93.2883642,37.2145421,0,0,0
19188,28448,-78.44986562,34.58126367,0,0,0
19189,83123,-110.1956992,42.2619322,0,0,0
19190,63937,-90.7481052,36.9331163,0,0,0
19191,24868,-81.434027,37.414544,0,0,0
19192,27540,-78.8213522,35.65446172,0,0,0
19193,64155,-94.5917546,39.2453126,0,0,0
19194,65802,-93.3240738,37.2103228,0,0,0
19195,65803,-93.2284052,37.24315,0,0,0
19196,27962,-76.7486312,35.8670002,0,0,0
19197,27986,-76.9347896,36.39759494,0,0,0
19198,27017,-80.72249441,36.39759895,0,0,0
19199,65807,-93.2901795,37.1467304,0,0,0
19200,43001,-82.6093001,40.0877884,0,0,0
19201,65201,-92.3101949,38.9286943,0,0,0
19202,63501,-92.57402309,40.15864164,0,0,0
19203,27610,-78.6178214,35.7856685,0,0,0
19204,27843,-77.3989726,36.030842,0,0,0
19205,65101,-92.174027,38.5596429,0,0,0
19206,65807,-93.346591,37.1631899,0,0,0
19207,65803,-93.2306122,37.2396511,0,0,0
19208,25033,-81.97799857,38.61832967,0,0,0
19209,25801,-81.17359914,37.76569937,0,0,0
19210,25801,-81.19126561,37.77744241,0,0,0
19211,25159,-81.81471564,38.47086644,0,0,0
19212,26519,-79.64368588,39.49394909,0,0,0
19213,43512,-84.3330497,41.2809295,0,0,0
19214,53404,-87.7945278,42.73526335,0,0,0
19215,27804,-77.79873676,35.97364701,0,0,0
19216,43504,-83.8401688,41.7161649,0,0,0
19217,65810,-93.29117155,37.11748613,0,0,0
19218,28657,-81.92699146,36.08644503,0,0,0
19219,28387,-79.39614081,35.17770677,0,0,0
19220,65804,-93.2276713,37.1627741,0,0,0
19221,65802,-93.2884289,37.2183795,0,0,0
19222,65802,-93.2239877,37.2106288,0,0,0
19223,65806,-93.28957762,37.19906876,0,0,0
19224,65803,-93.2943623,37.2339797,0,0,0
19225,65803,-93.2501328,37.2958616,0,0,0
19226,24740,-81.1060503,37.3608998,0,0,0
19227,28216,-80.856948,35.2435514,0,0,0
19228,65802,-93.2928582,37.2216109,0,0,0
19229,65804,-93.2426985,37.1748494,0,0,0
19230,65807,-93.3303814,37.1597397,0,0,0
19231,65802,-93.2914243,37.2192347,0,0,0
19232,27546,-78.91475208,35.46066719,0,0,0
19233,25304,-81.61553184,38.33316618,0,0,0
19234,27401,-79.7729729,36.079301,0,0,0
19235,65101,-92.17650996,38.57900578,0,0,0
19236,89820,-116.9496813,40.6332286,0,0,0
19237,27330,-79.1751083,35.4899002,0,0,0
19238,27601,-78.641455,35.872041,0,0,0
19239,65101,-92.17594603,38.5791771,0,0,0
19240,28262,-80.7544188,35.3033591,0,0,0
19242,27379,-79.33573872,36.40670672,0,0,0
19243,28078,-80.867104,35.397824,0,0,0
19244,27610,-78.61557177,35.7552101,0,0,0
19245,27932,-76.6072115,36.0603922,0,0,0
19246,27360,-80.18352743,35.86473042,0,0,0
19247,07032,-74.1381172,40.7720091,0,0,0
19248,82639,-106.6352891,43.7135555,0,0,0
19249,07501,-74.1738763,40.9125474,0,0,0
19250,03060,-71.4643709,42.7614228,0,0,0
19251,05032,-72.5989567,43.8242936,0,0,0
19252,64836,-94.30989544,37.09784474,0,0,0
19253,28052,-81.2285929,35.259632,0,0,0
19254,28721,-82.9356359,35.5308727,0,0,0
19255,28677,-80.8785853,35.8061694,0,0,0
19256,53511,-88.94376617,42.57775901,0,0,0
19258,44645,-81.7339875,40.90162314,0,0,0
19259,27536,-78.38181755,36.32561113,0,0,0
19260,99114,-117.9052737,48.53838877,0,0,0
19261,27893,-77.92740531,35.7050392,0,0,0
19262,89001,-115.1686747,37.3626204,0,0,0
19263,27215,-79.4375144,36.0953004,0,0,0
19264,28801,-82.54999503,35.59465586,0,0,0
19265,37756,-84.48981203,36.41042951,0,0,0
19266,37325,-84.5506276,35.2377247,0,0,0
19267,37326,-84.3798362,35.0380077,0,0,0
19268,37097,-87.7835691,35.7702844,0,0,0
19270,38544,-85.5930204,36.0424714,0,0,0
19271,03101,-71.4611361,42.9886847,0,0,0
19272,98501,-122.891451,47.0436624,0,0,0
19273,84117,-111.8248971,40.6714158,0,0,0
19274,89502,-119.7751514,39.5058732,0,0,0
19275,05602,-72.69078785,44.3008856,0,0,0
19276,08008,-74.1994831,39.6158931,0,0,0
19277,08733,-74.3099233,40.0125713,0,0,0
19278,84115,-111.887363,40.7267532,0,0,0
19279,08876,-74.6094032,40.5679504,0,0,0
19280,59520,-110.110525,48.17812976,0,0,0
19281,43055,-82.39521526,40.05881447,0,0,0
19282,08880,-74.5277498,40.5575549,0,0,0
19283,28655,-81.67425229,35.71858204,0,0,0
19284,27401,-79.792623,36.0711629,0,0,0
19285,38568,-85.41664985,36.47383921,0,0,0
19286,27360,-80.0834443,35.8842853,0,0,0
19287,27284,-80.0727352,36.1185579,0,0,0
19288,08753,-74.1845878,39.9873247,0,0,0
19289,27106,-80.27530609,36.13801398,0,0,0
19290,03055,-71.7032213,42.8391808,0,0,0
19291,03745,-72.34967465,43.46789595,0,0,0
19292,84042,-111.7177721,40.3399435,0,0,0
19293,28717,-83.12070302,35.13038889,0,0,0
19294,28711,-82.3116465,35.6375447,0,0,0
19295,08302,-75.2309524,39.4352844,0,0,0
19296,03602,-72.3791971,43.1626179,0,0,0
19297,03062,-71.4987679,42.7476713,0,0,0
19298,84124,-111.8461611,40.6868552,0,0,0
19299,28540,-77.42946635,34.75388965,0,0,0
19300,08096,-75.14918268,39.8391523,0,0,0
19301,05855,-72.1614077,44.9510231,0,0,0
19302,03823,-70.9319386,43.1673423,0,0,0
19303,03605,-72.1781376,43.2260828,0,0,0
19304,03216,-71.8207898,43.436187,0,0,0
19305,03258,-71.4016833,43.2462451,0,0,0
19306,03042,-71.0578339,43.0464718,0,0,0
19307,44035,-82.1364024,41.3455412,0,0,0
19308,05143,-72.541161,43.2268677,0,0,0
19309,05033,-72.1408458,43.98613674,0,0,0
19310,05701,-72.9769918,43.6046712,0,0,0
19311,08758,-74.197807,39.7904972,0,0,0
19312,64624,-93.79491638,39.58727583,0,0,0
19313,65281,-92.8029452,39.4236664,0,0,0
19314,54757,-91.6862599,45.1690082,0,0,0
19315,53402,-87.75868477,42.78114491,0,0,0
19316,58054,-97.68486877,46.44213673,0,0,0
19317,58425,-98.12475004,47.4419688,0,0,0
19318,58620,-103.3220226,46.48193362,0,0,0
19319,53969,-89.3091086,43.4943359,0,0,0
19320,25085,-81.2011628,38.1636622,0,0,0
19321,58530,-101.3004192,47.1150328,0,0,0
19322,58529,-101.5652286,46.4219069,0,0,0
19323,98233,-122.3374478,48.4860888,0,0,0
19324,26807,-79.282957,38.671605,0,0,0
19325,26143,-81.4031185,39.0658291,0,0,0
19326,26330,-80.27968032,39.30752862,0,0,0
19327,26836,-79.0070951,38.9985403,0,0,0
19328,25901,-81.1322592,37.9973343,0,0,0
19329,26003,-80.72366349,40.0544636,0,0,0
19330,98901,-120.4451833,46.60635898,0,0,0
19331,07424,-74.2292598,40.8801897,0,0,0
19332,98903,-120.54151,46.57125427,0,0,0
19333,98903,-120.4925428,46.57629517,0,0,0
19334,98272,-121.9915159,47.87024,0,0,0
19335,98328,-122.3016927,46.88906386,0,0,0
19336,98391,-122.1437186,47.15537829,0,0,0
19337,98166,-122.3422888,47.4692973,0,0,0
19338,37381,-84.8624494,35.6917873,0,0,0
19339,98188,-122.2729772,47.4337751,0,0,0
19340,54436,-90.4623005,44.5872601,0,0,0
19341,24983,-80.53409563,37.59117852,0,0,0
19342,25430,-77.8739343,39.3493876,0,0,0
19343,26651,-80.8344919,38.31972514,0,0,0
19344,26261,-80.5306166,38.224404,0,0,0
19345,54960,-89.2183622,43.96111474,0,0,0
19346,54986,-88.6831863,44.1261573,0,0,0
19347,25287,-82.08556499,38.95286525,0,0,0
19348,24924,-80.113347,38.2003194,0,0,0
19349,24901,-80.4352201,37.80113421,0,0,0
19350,25705,-82.3747016,38.4103063,0,0,0
19351,25043,-81.1261602,38.4926673,0,0,0
19352,25213,-81.89185781,38.53327329,0,0,0
19353,44095,-81.449471,41.6649477,0,0,0
19354,25661,-82.27624972,37.67163977,0,0,0
19355,25209,-81.5350862,37.9583018,0,0,0
19356,26452,-80.4074796,39.0131927,0,0,0
19357,25801,-81.1655731,37.78506096,0,0,0
19358,26431,-80.30719547,39.3821832,0,0,0
19359,25276,-81.3080098,38.7932628,0,0,0
19360,26757,-78.7587262,39.3497451,0,0,0
19361,25271,-81.74220378,38.8216059,0,0,0
19362,54701,-91.5073909,44.7991416,0,0,0
19363,63103,-90.200504,38.6239202,0,0,0
19364,53144,-87.85623124,42.64243615,0,0,0
19365,38501,-85.50530391,36.16386141,0,0,0
19366,53534,-89.0559362,42.7942217,0,0,0
19367,26416,-79.99489103,39.11333129,0,0,0
19368,26104,-81.5011926,39.2152368,0,0,0
19369,26155,-80.8697844,39.6231496,0,0,0
19370,26047,-80.62038324,40.53052386,0,0,0
19371,26041,-80.75360284,39.90638375,0,0,0
19372,25401,-77.95888799,39.48963611,0,0,0
19373,53120,-88.35593569,42.82930442,0,0,0
19374,25601,-82.00424389,37.93603169,0,0,0
19375,26537,-79.67762939,39.46864587,0,0,0
19376,24849,-81.5755927,37.6681397,0,0,0
19377,26575,-80.45683856,39.67908588,0,0,0
19378,26362,-81.0449314,39.201107,0,0,0
19379,25523,-82.1045424,38.2786488,0,0,0
19380,26147,-81.0890235,38.8901024,0,0,0
19381,37036,-87.3395483,36.1814317,0,0,0
19382,53016,-88.7168344,43.3135476,0,0,0
19383,53944,-89.9013602,43.7126391,0,0,0
19384,38501,-85.50038947,36.17567057,0,0,0
19385,53580,-90.3974431,42.8409292,0,0,0
19386,55359,-93.62780182,45.0197888,0,0,0
19387,38501,-85.50548279,36.13660117,0,0,0
19388,08103,-75.12344596,39.94335535,0,0,0
19389,65360,-93.52232454,38.53286707,0,0,0
19390,38329,-88.118712,35.5845389,0,0,0
19391,03303,-71.6500338,43.3602658,0,0,0
19392,53952,-89.573043,43.780711,0,0,0
19393,37201,-86.7795129,36.1700106,0,0,0
19394,54232,-87.9236964,44.00926853,0,0,0
19395,98104,-122.3311255,47.5989107,0,0,0
19396,37825,-83.5767203,36.4402063,0,0,0
19397,54214,-87.72328327,44.20201494,0,0,0
19398,98503,-122.8264491,47.0410584,0,0,0
19399,64119,-94.50124768,39.21568157,0,0,0
19400,64870,-94.50115959,37.14725682,0,0,0
19401,38372,-88.25072562,35.22354436,0,0,0
19402,98501,-122.9027953,47.0385551,0,0,0
19403,98501,-122.8583772,47.0436255,0,0,0
19404,00969,-66.11344713,18.37531671,0,0,0
19405,08902,-74.4892561,40.4209544,0,0,0
19406,23803,-77.4031935,37.2310631,0,0,0
19407,07202,-74.21699821,40.66207189,0,0,0
19408,44094,-81.2988811,41.614814,0,0,0
19409,24504,-79.1426607,37.4156347,0,0,0
19410,07093,-74.01999368,40.78613229,0,0,0
19411,84642,-111.6451445,39.24778135,0,0,0
19412,65401,-91.77575619,37.95277569,0,0,0
19413,64455,-95.03750575,40.20076448,0,0,0
19414,64444,-94.63216962,39.50505899,0,0,0
19415,07865,-74.91972928,40.77618799,0,0,0
19416,45882,-84.6450754,40.6928622,0,0,0
19417,65559,-91.61830971,37.99671337,0,0,0
19418,43162,-83.3057392,39.9421863,0,0,0
19419,08869,-74.6364021,40.5679401,0,0,0
19420,08618,-74.8067163,40.2431532,0,0,0
19421,07860,-74.7196523,41.0309686,0,0,0
19422,26452,-80.46689697,39.03634111,0,0,0
19423,43206,-82.953003,39.9407439,0,0,0
19424,43204,-83.0692742,39.9766005,0,0,0
19425,55713,-92.7776892,47.495563,0,0,0
19426,64001,-93.54521483,39.09494624,0,0,0
19427,84119,-111.9163078,40.6986587,0,0,0
19428,07711,-74.0002546,40.2364824,0,0,0
19429,44666,-81.6044176,40.8681072,0,0,0
19430,74128,-95.863718,36.1469887,0,0,0
19431,08753,-74.195503,39.9735115,0,0,0
19432,84121,-111.8155846,40.6155115,0,0,0
19433,43223,-83.06200929,39.96330992,0,0,0
19434,44720,-81.4349982,40.9002284,0,0,0
19435,64076,-93.95993588,38.94865592,0,0,0
19436,63020,-90.45024325,38.13449576,0,0,0
19437,08854,-74.4696429,40.5395633,0,0,0
19438,84044,-112.0954489,40.7107284,0,0,0
19439,59752,-111.5518503,45.8887268,0,0,0
19440,07723,-74.0010647,40.2473931,0,0,0
19441,53515,-89.7482814,43.1378607,0,0,0
19442,43221,-83.0914085,40.0162958,0,0,0
19443,03279,-71.8903714,43.9265922,0,0,0
19444,03740,-71.96591152,44.16739652,0,0,0
19445,23310,-75.9503503,37.3540593,0,0,0
19446,08302,-75.2076348,39.4126377,0,0,0
19447,37218,-86.86036503,36.1925342,0,0,0
19448,08611,-74.7563787,40.2072367,0,0,0
19449,23602,-76.53114875,37.08269713,0,0,0
19450,07114,-74.1731265,40.7127576,0,0,0
19451,44077,-81.28711912,41.72556141,0,0,0
19452,08102,-75.1278853,39.9538923,0,0,0
19453,59923,-115.5542285,48.39156817,0,0,0
19454,44870,-82.8198679,41.465108,0,0,0
19455,03741,-71.9648403,43.65514131,0,0,0
19456,45851,-84.57989,41.0190426,0,0,0
19457,59404,-111.3673984,47.46929904,0,0,0
19458,03282,-71.91375375,43.87406224,0,0,0
19459,22729,-78.0192636,38.36513679,0,0,0
19460,59501,-109.7123475,48.5531595,0,0,0
19461,43701,-82.0133609,39.955099,0,0,0
19462,28580,-77.66988298,35.45544038,0,0,0
19463,28110,-80.5842134,35.027616,0,0,0
19464,59022,-107.4491535,45.5795363,0,0,0
19465,63376,-90.6134378,38.7928593,0,0,0
19466,00667,-67.0482984,17.9741041,0,0,0
19467,89502,-119.8060799,39.5277202,0,0,0
19468,43613,-83.6002631,41.6925906,0,0,0
19469,44502,-80.671601,41.0917151,0,0,0
19470,43607,-83.599051,41.6444712,0,0,0
19471,63101,-90.1972365,38.62747879,0,0,0
19472,63130,-90.30150537,38.6489977,0,0,0
19473,44406,-80.7600317,41.0241905,0,0,0
19474,23228,-77.5170335,37.6290304,0,0,0
19475,27530,-77.9971486,35.3805657,0,0,0
19476,03598,-71.6931193,44.416081,0,0,0
19477,63088,-90.4871806,38.5519698,0,0,0
19478,63033,-90.26174749,38.79488535,0,0,0
19479,55705,-92.2379775,47.5291757,0,0,0
19480,89415,-118.6191621,38.5243023,0,0,0
19481,89501,-119.8109428,39.5296091,0,0,0
19482,08302,-75.23849672,39.42670775,0,0,0
19483,84057,-111.7295129,40.3111628,0,0,0
19484,44820,-82.9701149,40.8367834,0,0,0
19485,25271,-81.71334437,38.81933591,0,0,0
19486,07094,-74.05879092,40.78330358,0,0,0
19487,45346,-84.7094105,39.9669305,0,0,0
19488,03582,-71.4075222,44.6001049,0,0,0
19489,24354,-81.5092039,36.83142013,0,0,0
19490,03593,-71.28222812,44.37524425,0,0,0
19491,56444,-93.9235966,46.5180289,0,0,0
19492,45003,-84.8120139,39.5739533,0,0,0
19493,44432,-80.7491679,40.7642483,0,0,0
19494,57730,-103.6097901,43.76122359,0,0,0
19495,45202,-84.5071854,39.106166,0,0,0
19496,43015,-83.0668308,40.3032088,0,0,0
19497,45223,-84.5674562,39.1807913,0,0,0
19499,00778,-65.97499261,18.25755522,0,0,0
19500,44805,-82.2797143,40.8611352,0,0,0
19501,44423,-80.9363193,40.7534557,0,0,0
19502,44431,-80.7577733,40.8547023,0,0,0
19503,43725,-81.6123743,40.0199271,0,0,0
19504,45042,-84.4605404,39.5015237,0,0,0
19505,45840,-83.6492771,41.0782816,0,0,0
19506,45121,-83.8946071,38.8918093,0,0,0
19507,44667,-81.7900603,40.861392,0,0,0
19508,45118,-83.93312592,39.18634035,0,0,0
19509,44691,-81.94262714,40.79946668,0,0,0
19510,45130,-83.9878767,38.9184447,0,0,0
19511,63130,-90.3299885,38.6838854,0,0,0
19512,37863,-83.5624753,35.7898837,0,0,0
19513,53121,-88.50002246,42.6641347,0,0,0
19514,45861,-84.4188985,41.0917117,0,0,0
19515,43040,-83.4773692,40.2668923,0,0,0
19516,03590,-71.6284386,44.7514456,0,0,0
19517,45131,-83.9678441,38.7894385,0,0,0
19518,44024,-81.2273137,41.5925701,0,0,0
19519,44691,-81.917354,40.7723559,0,0,0
19520,44507,-80.65737,41.07123641,0,0,0
19521,28208,-80.9438178,35.2205984,0,0,0
19522,45011,-84.4571092,39.4243496,0,0,0
19523,44507,-80.6569421,41.071203,0,0,0
19524,07822,-74.7197439,41.1153969,0,0,0
19525,45674,-82.37821788,38.88344256,0,0,0
19526,07728,-74.2865824,40.2677647,0,0,0
19527,45171,-83.81370131,39.0061611,0,0,0
19528,43558,-83.8837746,41.6004745,0,0,0
19529,53203,-87.9195885,43.040551,0,0,0
19530,45631,-82.2425992,38.8447347,0,0,0
19531,45674,-82.37786758,38.88222637,0,0,0
19532,45013,-84.64612,39.4349475,0,0,0
19533,24112,-79.8747747,36.690757,0,0,0
19534,58103,-96.793377,46.8720662,0,0,0
19535,43232,-82.8422645,39.9288427,0,0,0
19536,56001,-93.9704889,44.1548669,0,0,0
19537,53177,-87.9596835,42.7282592,0,0,0
19538,44429,-80.9792136,41.1274094,0,0,0
19539,43015,-83.07154397,40.27114823,0,0,0
19540,54666,-90.4973874,44.1307079,0,0,0
19541,44432,-80.82874987,40.77632748,0,0,0
19542,44106,-81.5994826,41.5130205,0,0,0
19543,22201,-77.0833341,38.8907062,0,0,0
19544,98374,-122.2912179,47.11125658,0,0,0
19545,98660,-122.6786026,45.6304114,0,0,0
19546,98332,-122.6202621,47.37873542,0,0,0
19547,98133,-122.3435889,47.7634897,0,0,0
19548,45053,-84.76696601,39.34771841,0,0,0
19549,44870,-82.7735832,41.4435437,0,0,0
19550,26155,-80.865976,39.6406607,0,0,0
19551,98226,-122.4497069,48.7809352,0,0,0
19552,98038,-122.0441367,47.3950501,0,0,0
19553,23669,-76.3456566,37.0268389,0,0,0
19554,44870,-82.6813838,41.4811672,0,0,0
19555,53801,-91.1140361,42.9778488,0,0,0
19556,53577,-90.0446815,43.2794521,0,0,0
19557,44490,-80.7651197,40.8976936,0,0,0
19558,65233,-92.72956777,38.97749848,0,0,0
19559,07105,-74.1270586,40.7212031,0,0,0
19560,28144,-80.4665529,35.6687179,0,0,0
19561,82636,-106.2704005,42.8614171,0,0,0
19562,89169,-115.1467623,36.12733228,0,0,0
19563,82601,-106.2982159,42.8605729,0,0,0
19564,55107,-93.0768571,44.9310598,0,0,0
19565,23882,-77.2800042,36.9154225,0,0,0
19566,07304,-74.07181877,40.71717036,0,0,0
19567,08008,-74.1800407,39.644869,0,0,0
19568,38128,-89.9504461,35.224948,0,0,0
19569,58655,-102.9949678,46.86396481,0,0,0
19570,08205,-74.49859329,39.46512086,0,0,0
19571,07307,-74.05017199,40.74444568,0,0,0
19572,08203,-74.37350591,39.40222574,0,0,0
19573,07981,-74.43346021,40.83054118,0,0,0
19574,08210,-74.82560576,39.08291538,0,0,0
19575,44410,-80.6549032,41.308309,0,0,0
19576,56601,-94.8822898,47.4743543,0,0,0
19577,56537,-96.07504153,46.27966407,0,0,0
19578,89029,-114.6272018,35.1316295,0,0,0
19579,43320,-82.86282633,40.55803985,0,0,0
19580,45711,-81.95247665,39.40002165,0,0,0
19581,99163,-117.1607391,46.72997944,0,0,0
19582,07748,-74.10406946,40.39421509,0,0,0
19583,82001,-104.8207423,41.1409959,0,0,0
19584,89703,-119.768259,39.15599936,0,0,0
19585,08752,-74.0790877,39.9187315,0,0,0
19586,89018,-115.671215,36.5705967,0,0,0
19587,99344,-119.1699756,46.81084313,0,0,0
19588,23837,-76.9988579,36.6839166,0,0,0
19589,53121,-88.55754449,42.76375269,0,0,0
19590,43402,-83.6461722,41.4578945,0,0,0
19591,82839,-107.16068,44.909307,0,0,0
19592,99301,-119.0897572,46.2313878,0,0,0
19593,98572,-123.2979385,46.56940632,0,0,0
19594,82729,-104.3423434,44.4128544,0,0,0
19595,53560,-89.7917734,43.1753948,0,0,0
19596,28328,-78.32184492,34.99596373,0,0,0
19597,73077,-97.2989585,36.2888529,0,0,0
19598,53589,-89.2001038,42.9762732,0,0,0
19599,26554,-80.14396261,39.48470094,0,0,0
19600,84767,-112.998399,37.19542488,0,0,0
19601,44822,-82.42680951,40.58808559,0,0,0
19602,64490,-94.49630883,39.75208804,0,0,0
19603,64430,-94.54971655,39.81137977,0,0,0
19604,98502,-122.9116328,47.02942989,0,0,0
19605,07607,-74.0601812,40.9043885,0,0,0
19606,65713,-92.83152193,37.38735803,0,0,0
19607,27804,-77.79864718,35.93976003,0,0,0
19608,28337,-78.59595537,34.68316092,0,0,0
19609,43558,-83.80609523,41.59252859,0,0,0
19610,65046,-92.48106441,38.76522449,0,0,0
19611,65332,-93.41012167,38.62053268,0,0,0
19612,05301,-72.6206255,42.8668976,0,0,0
19613,05735,-73.21026435,43.60842524,0,0,0
19614,28501,-77.57857728,35.25842924,0,0,0
19615,65753,-93.08418643,37.00161006,0,0,0
19616,23434,-76.5822375,36.7647721,0,0,0
19617,28349,-77.961575,34.963653,0,0,0
19618,45356,-84.204034,40.1506743,0,0,0
19619,63961,-90.24765746,36.59637971,0,0,0
19620,37367,-85.1880911,35.604354,0,0,0
19621,25015,-81.508147,38.20820649,0,0,0
19622,99403,-117.0446479,46.41321568,0,0,0
19623,22701,-77.99640692,38.47423447,0,0,0
19624,65236,-93.13118875,39.42375874,0,0,0
19625,27344,-79.46796138,35.73399492,0,0,0
19626,63628,-90.61709539,37.92442151,0,0,0
19627,28358,-78.98652057,34.61530128,0,0,0
19628,65806,-93.28548074,37.20506964,0,0,0
19629,84120,-112.0181356,40.70341325,0,0,0
19630,24531,-79.39765952,36.82651804,0,0,0
19631,07306,-74.0580319,40.7326113,0,0,0
19632,25962,-80.77603195,37.96612417,0,0,0
19633,25601,-82.00757078,37.84073237,0,0,0
19634,26621,-80.65237312,38.72151813,0,0,0
19635,64739,-94.07406957,38.49435281,0,0,0
19636,83110,-110.9274544,42.7240561,0,0,0
19637,28441,-78.39765433,34.7851175,0,0,0
19638,28358,-79.00836891,34.66017238,0,0,0
19639,38118,-89.8983673,35.0686624,0,0,0
19640,65803,-93.28654741,37.23027748,0,0,0
19641,28645,-81.4965998,35.93122204,0,0,0
19642,27027,-79.9671219,36.4089841,0,0,0
19643,28374,-79.46890709,35.20391678,0,0,0
19644,63105,-90.31575177,38.64270401,0,0,0
19645,27028,-80.55581865,35.81472642,0,0,0
19646,84624,-112.5786044,39.3535818,0,0,0
19647,28147,-80.51930696,35.64009668,0,0,0
19649,53021,-87.95177874,43.47025834,0,0,0
19650,27107,-80.2315103,36.0555426,0,0,0
19651,63102,-90.1892181,38.6263943,0,0,0
19652,25701,-82.44645245,38.41966593,0,0,0
19653,26807,-79.33166504,38.6417529,0,0,0
19654,53191,-88.54080424,42.57774538,0,0,0
19655,38104,-89.9825633,35.12744308,0,0,0
19656,53521,-89.36871048,42.85306071,0,0,0
19657,53803,-90.38187056,42.5701611,0,0,0
19658,65263,-92.21042785,39.47206392,0,0,0
19659,53105,-88.23043948,42.54179526,0,0,0
19660,98002,-122.2255168,47.31799387,0,0,0
19661,98606,-122.5532196,45.73056949,0,0,0
19662,26170,-81.19938079,39.40007679,0,0,0
19663,26726,-78.85503495,39.45043118,0,0,0
19664,25414,-77.8592097,39.28953801,0,0,0
19665,64784,-94.29292607,37.65818278,0,0,0
19666,63125,-90.2987172,38.5016339,0,0,0
19667,63344,-91.00768305,39.2329345,0,0,0
19668,28472,-78.71943859,34.33678143,0,0,0
19669,07960,-74.460843,40.8033977,0,0,0
19670,28573,-77.22354484,35.00670805,0,0,0
19671,07601,-74.0390805,40.8737707,0,0,0
19672,08876,-74.6091728,40.5687586,0,0,0
19674,25247,-81.98696811,39.00301702,0,0,0
19675,63828,-89.68589425,36.75187011,0,0,0
19676,38116,-90.0142499,35.0308103,0,0,0
19677,37036,-87.33701687,36.18227477,0,0,0
19678,37716,-84.1179013,36.1235997,0,0,0
19679,25951,-80.88894704,37.65137101,0,0,0
19680,27514,-79.04718601,35.90415868,0,0,0
19681,38107,-90.02161997,35.17883217,0,0,0
19682,57226,-96.68471299,44.75525752,0,0,0
19683,28540,-77.45545702,34.7466826,0,0,0
19684,38344,-88.3765567,36.0197268,0,0,0
19685,65261,-92.93928901,39.43472801,0,0,0
19686,54130,-88.28649233,44.38696309,0,0,0
19687,65201,-92.22147636,38.81748918,0,0,0
19688,24153,-80.05504533,37.29393611,0,0,0
19689,23666,-76.42062317,37.06377899,0,0,0
19690,54494,-89.81649079,44.30632047,0,0,0
19691,99113,-117.1277091,46.56773192,0,0,0
19692,03223,-71.68638679,43.91830284,0,0,0
19693,37601,-82.3423521,36.3211473,0,0,0
19694,07452,-74.12820407,40.96173429,0,0,0
19695,37604,-82.3636724,36.3047268,0,0,0
19696,37814,-83.2986892,36.21524946,0,0,0
19697,27708,-78.9261618,36.0015562,0,0,0
19698,58102,-96.78499129,46.87876608,0,0,0
19699,98501,-122.8916678,47.04136271,0,0,0
19700,27877,-77.18860148,36.51461813,0,0,0
19701,37066,-86.36060942,36.37836921,0,0,0
19702,59038,-107.2333663,46.2917475,0,0,0
19703,37604,-82.35229017,36.31692222,0,0,0
19704,07086,-74.02306883,40.76761046,0,0,0
19705,03774,-72.0423727,44.112888,0,0,0
19706,64492,-94.56458043,39.47215874,0,0,0
19707,27948,-75.67983481,36.0460092,0,0,0
19708,28638,-81.47682401,35.84715325,0,0,0
19709,43406,-83.43678255,41.32437849,0,0,0
19710,28150,-81.53597377,35.29072379,0,0,0
19711,23220,-77.45278946,37.55099092,0,0,0
19712,56671,-95.03663981,47.87641406,0,0,0
19713,08818,-74.36584268,40.50999289,0,0,0
19714,53011,-88.0108931,43.6558683,0,0,0
19715,84662,-111.4933223,39.47785984,0,0,0
19716,23219,-77.4347738,37.5402561,0,0,0
19717,65652,-92.94424667,37.15470862,0,0,0
19718,64017,-94.06042774,39.19676214,0,0,0
19719,28590,-77.40805051,35.54968117,0,0,0
19720,28405,-77.83220664,34.25929121,0,0,0
19721,28226,-80.85647492,35.08626281,0,0,0
19722,28208,-80.9084523,35.22631802,0,0,0
19723,98045,-121.7963144,47.5070054,0,0,0
19724,27893,-77.89583166,35.73008453,0,0,0
19725,28803,-82.51501604,35.56453204,0,0,0
19726,58040,-97.66142999,46.22526503,0,0,0
19727,63882,-89.2224398,36.91171887,0,0,0
19728,07976,-74.49295796,40.74766991,0,0,0
19729,24701,-81.22048036,37.27058878,0,0,0
19730,65647,-93.93640961,36.67590154,0,0,0
19731,38105,-90.03616942,35.14212922,0,0,0
19732,37757,-84.1828055,36.3306115,0,0,0
19733,27581,-78.72281052,36.20002538,0,0,0
19734,84525,-110.1612752,38.99036155,0,0,0
19735,98860,-119.1234505,47.42194194,0,0,0
19736,23011,-76.86101998,37.49538691,0,0,0
19737,84065,-111.9394512,40.518362,0,0,0
19738,26301,-80.2814022,39.25726975,0,0,0
19739,43420,-83.1430724,41.3679607,0,0,0
19740,05262,-73.2070403,42.9535693,0,0,0
19741,24153,-80.0539858,37.2938533,0,0,0
19742,22150,-77.17646667,38.7635798,0,0,0
19743,56319,-95.29366593,45.97262777,0,0,0
19744,98503,-122.8227611,47.0447689,0,0,0
19745,63103,-90.2335126,38.63629,0,0,0
19746,56315,-95.5978322,45.9640201,0,0,0
19747,28713,-83.41193424,35.43460582,0,0,0
19748,27401,-79.75257847,36.07969477,0,0,0
19749,65582,-91.9472754,38.1853917,0,0,0
19750,08544,-74.65697733,40.34286899,0,0,0
19751,07052,-74.23990804,40.77800153,0,0,0
19752,28584,-77.14304736,34.67047325,0,0,0
19753,63565,-93.00254401,40.47651779,0,0,0
19754,55102,-93.0979335,44.9481785,0,0,0
19755,07801,-74.55915827,40.88555254,0,0,0
19756,44053,-82.2371286,41.4363668,0,0,0
19757,98106,-122.3554754,47.51696819,0,0,0
19758,08102,-75.1217369,39.9495558,0,0,0
19759,08108,-75.06939835,39.91550937,0,0,0
19760,08865,-75.1801922,40.6990364,0,0,0
19761,59474,-111.8552965,48.517532,0,0,0
19762,63049,-90.52238138,38.4775947,0,0,0
19763,59330,-104.7345005,47.11741514,0,0,0
19764,59714,-111.1751408,45.77704496,0,0,0
19765,28501,-77.57980664,35.25927717,0,0,0
19766,07006,-74.27442175,40.83755427,0,0,0
19767,03217,-71.63198635,43.69676348,0,0,0
19768,64024,-94.18455384,39.3703438,0,0,0
19769,28722,-82.19807652,35.2504296,0,0,0
19770,68855,-99.30002053,41.22315265,0,0,0
19771,27511,-78.7636922,35.78368547,0,0,0
19772,27511,-78.76384448,35.7836751,0,0,0
19773,64856,-94.38346755,36.59459118,0,0,0
19774,37663,-82.48675907,36.49856162,0,0,0
19775,27574,-79.04300861,36.35436799,0,0,0
19776,28791,-82.4813827,35.360248,0,0,0
19777,28052,-81.18821753,35.26293408,0,0,0
19778,07080,-74.41424649,40.57681202,0,0,0
19779,38134,-89.85195127,35.18890976,0,0,0
19780,38114,-89.9889757,35.0857459,0,0,0
19781,38115,-89.8839992,35.0785198,0,0,0
19782,37090,-86.3309072,36.0915557,0,0,0
19783,38116,-90.0374412,35.034992,0,0,0
19784,98816,-120.0171753,47.841138,0,0,0
19785,37074,-86.16518553,36.39033705,0,0,0
19786,08302,-75.23921256,39.42755491,0,0,0
19787,38109,-90.1140943,35.0597468,0,0,0
19788,00659,-66.82734135,18.48647565,0,0,0
19789,44907,-82.51105924,40.69813676,0,0,0
19790,37074,-86.166543,36.3923923,0,0,0
19791,98407,-122.5077377,47.27071013,0,0,0
19792,24210,-82.00145172,36.69935225,0,0,0
19793,82001,-104.8207499,41.13768811,0,0,0
19794,82414,-109.0653238,44.5257211,0,0,0
19795,07047,-74.02713242,40.77930408,0,0,0
19796,08031,-75.0781316,39.8669033,0,0,0
19797,58784,-102.3913827,48.321176,0,0,0
19798,45876,-84.3419932,40.9330543,0,0,0
19799,07728,-74.26513279,40.25021975,0,0,0
19800,03561,-71.78945831,44.31272734,0,0,0
19801,08401,-74.4449977,39.3555844,0,0,0
19802,63121,-90.3263068,38.7153702,0,0,0
19803,28337,-78.59536719,34.68988052,0,0,0
19804,63940,-90.20775198,36.78437732,0,0,0
19805,25301,-81.6300327,38.3456492,0,0,0
19806,25301,-81.63538258,38.34830631,0,0,0
19807,98502,-122.9142048,47.02640837,0,0,0
19808,27844,-77.8887095,36.24644472,0,0,0
19809,25301,-81.63850959,38.35085362,0,0,0
19810,63630,-90.69253445,38.08033944,0,0,0
19811,25320,-81.66893457,38.48270769,0,0,0
19812,24701,-81.20743897,37.29200654,0,0,0
19813,28205,-80.785739,35.216464,0,0,0
19814,28206,-80.79750225,35.25757599,0,0,0
19815,63532,-92.56426662,39.74811711,0,0,0
19816,65037,-92.84408305,38.21056462,0,0,0
19817,58577,-101.0264794,47.29106605,0,0,0
19818,63736,-89.5652952,37.09815181,0,0,0
19819,28470,-78.38110956,33.97474093,0,0,0
19820,63755,-89.48098813,37.43886049,0,0,0
19821,44288,-81.1461461,41.2422919,0,0,0
19822,63536,-92.367266,40.48674541,0,0,0
19823,63021,-90.52186246,38.5691394,0,0,0
19824,84501,-110.8230605,39.60514815,0,0,0
19825,98801,-120.3161439,47.42212965,0,0,0
19826,27873,-77.77539384,35.65336888,0,0,0
19827,65672,-93.23435277,36.60705201,0,0,0
19828,59003,-106.2674476,45.59171005,0,0,0
19829,64501,-94.85489333,39.76866716,0,0,0
19830,28714,-82.2984649,35.916848,0,0,0
19831,84065,-112.0167872,40.51650113,0,0,0
19832,89003,-116.7666579,36.90096498,0,0,0
19833,65746,-92.76936578,37.14599139,0,0,0
19834,27205,-79.82309013,35.66911915,0,0,0
19835,65462,-91.86684435,37.70260953,0,0,0
19836,27892,-77.0517743,35.8564521,0,0,0
19837,28306,-78.88224417,35.03418848,0,0,0
19838,64080,-94.16560472,38.76006566,0,0,0
19839,07060,-74.4282322,40.6208838,0,0,0
19840,98801,-120.3111549,47.42183742,0,0,0
19841,64071,-93.83500323,39.05335845,0,0,0
19842,27921,-76.17471219,36.32961838,0,0,0
19843,53933,-88.92851393,43.60424697,0,0,0
19844,58501,-100.7838513,46.8080418,0,0,0
19845,45158,-84.09029812,39.17902258,0,0,0
19846,65725,-93.27385888,37.45129623,0,0,0
19847,63561,-92.56413273,40.40941783,0,0,0
19848,27910,-77.01393361,36.27871828,0,0,0
19849,64850,-94.36721126,36.87293818,0,0,0
19850,27330,-79.1637358,35.4674261,0,0,0
19851,28425,-77.93344954,34.55448684,0,0,0
19852,65350,-93.09330473,38.68314838,0,0,0
19853,65769,-93.7958635,36.9645711,0,0,0
19854,63701,-89.59015216,37.34551285,0,0,0
19855,45164,-83.78616006,39.55128645,0,0,0
19856,27607,-78.7073528,35.8065807,0,0,0
19857,28306,-78.89613601,35.01481409,0,0,0
19858,63350,-91.38150435,38.87793316,0,0,0
19859,65717,-92.4138832,37.10905687,0,0,0
19860,56655,-94.21124562,46.98731309,0,0,0
19861,03584,-71.5718858,44.4911108,0,0,0
19862,03581,-71.0745531,44.3993854,0,0,0
19863,63040,-90.6437641,38.5775691,0,0,0
19864,63105,-90.3402486,38.6485668,0,0,0
19865,65025,-92.66779565,38.66149164,0,0,0
19866,64021,-93.64068735,39.1001769,0,0,0
19867,84622,-111.8196823,39.12402916,0,0,0
19868,63053,-90.3650552,38.36609904,0,0,0
19869,27834,-77.38127952,35.63362264,0,0,0
19870,98532,-122.9082208,46.57504758,0,0,0
19871,27576,-78.24488739,35.51231362,0,0,0
19872,28092,-81.2373938,35.4894479,0,0,0
19873,27401,-79.7943059,36.0714547,0,0,0
19874,45330,-84.5288981,39.6442985,0,0,0
19875,43604,-83.5358798,41.65573,0,0,0
19876,27514,-79.0531221,35.9042073,0,0,0
19877,45404,-84.1898558,39.7807127,0,0,0
19878,26554,-80.1672307,39.4708711,0,0,0
19879,68935,-97.9704922,40.37047698,0,0,0
19880,28349,-77.9588945,34.9621152,0,0,0
19881,98271,-122.177634,48.13341328,0,0,0
19882,98012,-122.2211128,47.8535512,0,0,0
19883,27970,-76.61614811,35.87705837,0,0,0
19884,37203,-86.8164948,36.1504738,0,0,0
19885,58367,-99.61444395,48.86127099,0,0,0
19886,63139,-90.31472318,38.60122175,0,0,0
19887,26750,-79.04758524,39.48274771,0,0,0
19888,98004,-122.1918352,47.61446269,0,0,0
19889,28644,-81.34153962,36.465073,0,0,0
19890,26003,-80.6948623,40.137585,0,0,0
19891,08037,-74.8962564,39.7014736,0,0,0
19892,25193,-81.55984283,38.01165324,0,0,0
19893,58045,-97.0637638,47.4035374,0,0,0
19894,53941,-90.13458913,43.58388687,0,0,0
19895,99166,-118.6618733,48.7195087,0,0,0
19896,07439,-74.59182202,41.07966198,0,0,0
19897,26505,-79.9684296,39.6534818,0,0,0
19898,27534,-77.86640253,35.30058332,0,0,0
19899,89408,-119.2401876,39.6061894,0,0,0
19900,73644,-99.4001151,35.4112396,0,0,0
19901,14843,-77.6612923,42.344621,0,0,0
19902,12572,-73.91195105,41.8796711,0,0,0
19903,11435,-73.8079391,40.6982722,0,0,0
19904,10576,-73.56818966,41.19823283,0,0,0
19905,11201,-74.0013152,40.6888071,0,0,0
19906,14220,-78.8241681,42.8484615,0,0,0
19907,98225,-122.5262876,48.7866764,0,0,0
19908,37211,-86.68394581,36.08822094,0,0,0
19909,08103,-75.1176139,39.9434052,0,0,0
19910,27587,-78.6861983,36.01765035,0,0,0
19911,37347,-85.62259095,35.08046504,0,0,0
19912,08609,-74.7549445,40.2208633,0,0,0
19913,37918,-83.8413913,36.0852936,0,0,0
19914,24656,-82.0993105,37.2281055,0,0,0
19915,23874,-77.12433565,36.62598584,0,0,0
19916,37862,-83.563509,35.8679601,0,0,0
19917,43318,-83.9156831,40.3113839,0,0,0
19918,45326,-84.1114242,40.1454513,0,0,0
19919,44818,-83.0144294,41.0474344,0,0,0
19920,28578,-77.8901626,35.2377701,0,0,0
19921,28016,-81.28517529,35.28525739,0,0,0
19922,23832,-77.50786584,37.37892095,0,0,0
19923,24090,-79.87709067,37.50095118,0,0,0
19924,38115,-89.8549584,35.0458337,0,0,0
19925,27546,-78.8743173,35.4133146,0,0,0
19926,23322,-76.2508998,36.7187755,0,0,0
19927,27537,-78.3703095,36.4442397,0,0,0
19928,28734,-83.3567947,35.1833544,0,0,0
19929,28001,-80.21669602,35.3553968,0,0,0
19930,28001,-80.0722175,35.3770036,0,0,0
19931,45360,-84.0930276,40.3309303,0,0,0
19932,08822,-74.8605236,40.5132242,0,0,0
19933,25102,-81.361775,38.1864991,0,0,0
19934,37821,-83.1844229,35.96720265,0,0,0
19935,38114,-89.9730491,35.0972955,0,0,0
19936,38141,-89.831973,35.0331159,0,0,0
19937,38103,-90.05944823,35.13249108,0,0,0
19938,28906,-84.0324223,35.0871843,0,0,0
19939,54962,-89.0325679,44.4515614,0,0,0
19940,38230,-88.8902105,36.1941232,0,0,0
19941,43926,-80.62352576,40.50891287,0,0,0
19942,43302,-83.1414201,40.6334654,0,0,0
19943,37030,-85.9502898,36.2527722,0,0,0
19944,59337,-106.9117304,47.3188939,0,0,0
19945,45771,-81.9719036,38.9952684,0,0,0
19946,38134,-89.8662677,35.1613306,0,0,0
19947,73111,-97.47520637,35.50621666,0,0,0
19948,28422,-78.2295963,34.0383837,0,0,0
19949,45669,-82.30688675,38.51450604,0,0,0
19950,38112,-89.9607536,35.1440778,0,0,0
19951,28697,-81.1772439,36.1365893,0,0,0
19952,28152,-81.4822241,35.2661539,0,0,0
19953,24808,-81.436478,37.335744,0,0,0
19954,44503,-80.64852897,41.10241602,0,0,0
19955,27601,-78.6355281,35.7830713,0,0,0
19956,28732,-82.53295055,35.43023435,0,0,0
19957,59901,-114.3376297,48.20322559,0,0,0
19958,59701,-112.5162629,45.97093573,0,0,0
19959,45875,-84.0801396,41.0308322,0,0,0
19960,27603,-78.62888688,35.72668941,0,0,0
19961,28401,-77.9445026,34.2364988,0,0,0
19962,28504,-77.61501804,35.32079074,0,0,0
19963,37807,-83.9306457,36.2422069,0,0,0
19964,38581,-85.64194876,35.80924641,0,0,0
19965,55932,-92.2539056,44.1308465,0,0,0
19966,22602,-78.19447708,39.12532434,0,0,0
19967,23890,-77.0800672,37.0388592,0,0,0
19968,55605,-89.69104508,47.97023158,0,0,0
19969,37110,-85.7753878,35.68001706,0,0,0
19970,27837,-77.2777678,35.5739715,0,0,0
19971,44661,-82.1115641,40.5954484,0,0,0
19972,28358,-79.04035588,34.6256311,0,0,0
19973,28001,-80.1983874,35.352557,0,0,0
19974,28001,-80.2356304,35.3408211,0,0,0
19975,28694,-81.46821404,36.39311273,0,0,0
19976,65536,-92.5839576,37.5295452,0,0,0
19977,44256,-81.7991764,41.1895997,0,0,0
19978,00784,-66.1127706,17.9834705,0,0,0
19979,22191,-77.29325889,38.61851028,0,0,0
19980,27938,-76.7538724,36.4029535,0,0,0
19981,45844,-84.3049291,40.9099298,0,0,0
19982,27909,-76.2786578,36.28101,0,0,0
19983,63851,-89.77120132,36.23443147,0,0,0
19984,53090,-88.04754693,43.43367805,0,0,0
19985,44406,-80.7612052,41.0140283,0,0,0
19986,45723,-81.7964448,39.2218647,0,0,0
19987,45420,-84.1541088,39.7388658,0,0,0
19988,44256,-81.8903955,41.1279194,0,0,0
19989,28086,-81.2930983,35.2134758,0,0,0
19990,45373,-84.2196372,40.0687745,0,0,0
19991,44266,-81.2206439,41.1606781,0,0,0
19992,27406,-79.83549003,36.0123233,0,0,0
19993,28352,-79.459785,34.7753487,0,0,0
19994,59255,-105.1976132,48.1085848,0,0,0
19995,44266,-81.2496615,41.17588,0,0,0
19996,28104,-80.69404091,35.08752454,0,0,0
19997,28560,-77.0693618,35.1138819,0,0,0
19998,59218,-104.5171992,48.14583122,0,0,0
19999,27909,-76.22170763,36.30097155,0,0,0
20000,54416,-88.9021253,44.8697204,0,0,0
20001,44125,-81.5959168,41.4306716,0,0,0
20002,00735,-65.6478003,18.2610373,0,0,0
20003,28352,-79.4656339,34.7748251,0,0,0
20004,28337,-78.6052346,34.6274669,0,0,0
20005,56050,-93.96600546,44.29154304,0,0,0
20006,27834,-77.375612,35.6108497,0,0,0
20007,28025,-80.5821625,35.4095173,0,0,0
20008,27320,-79.7333292,36.3734279,0,0,0
20009,57770,-102.5568564,43.0261253,0,0,0
20010,44004,-80.8518461,41.8372224,0,0,0
20011,20110,-77.359323,38.685797,0,0,0
20012,28037,-81.0031446,35.5082298,0,0,0
20013,45233,-84.638304,39.0949452,0,0,0
20014,45308,-84.4311464,40.1312412,0,0,0
20015,63956,-90.50523235,37.25930661,0,0,0
20016,44811,-82.7865012,41.2924194,0,0,0
20017,43766,-82.2381224,39.5784536,0,0,0
20018,45505,-83.7577595,39.9247594,0,0,0
20019,37375,-85.9173004,35.2036539,0,0,0
20020,27253,-79.4000031,36.0682779,0,0,0
20021,23185,-76.6623405,37.2442047,0,0,0
20022,43725,-81.58507884,40.0185653,0,0,0
20023,00603,-67.155084,18.43301922,0,0,0
20024,43953,-80.7310678,40.3740353,0,0,0
20025,43103,-82.9868396,39.6926644,0,0,0
20026,00612,-66.7257062,18.4703093,0,0,0
20027,00794,-66.3061432,18.1849493,0,0,0
20028,44857,-82.5995875,41.2213894,0,0,0
20029,00610,-67.1439931,18.2805291,0,0,0
20030,00714,-66.064251,17.965252,0,0,0
20031,43910,-80.8172446,40.3427853,0,0,0
20032,00956,-66.149914,18.363308,0,0,0
20033,00959,-66.1739099,18.3844014,0,0,0
20034,45231,-84.5649071,39.278848,0,0,0
20035,00961,-66.15012761,18.39375587,0,0,0
20036,00725,-66.0387977,18.2305424,0,0,0
20037,00725,-66.0294067,18.2361755,0,0,0
20038,00627,-66.847789,18.4868984,0,0,0
20039,08540,-74.6657306,40.34831731,0,0,0
20040,27701,-78.8988182,35.9944395,0,0,0
20041,00729,-65.8990437,18.3779096,0,0,0
20042,00985,-65.9609248,18.3798348,0,0,0
20043,00982,-65.9985419,18.4191569,0,0,0
20044,27712,-78.656137,35.903609,0,0,0
20045,53716,-89.2855246,43.085024,0,0,0
20046,45207,-84.4714536,39.148968,0,0,0
20047,03431,-72.32191946,43.0198792,0,0,0
20048,45223,-84.5370875,39.1539357,0,0,0
20049,45205,-84.5633132,39.1095977,0,0,0
20050,23502,-76.1837643,36.84699682,0,0,0
20051,22101,-77.1984708,38.9327248,0,0,0
20052,00653,-66.90667315,17.97172172,0,0,0
20053,98106,-122.3617705,47.53592925,0,0,0
20054,22427,-77.3477629,38.04934116,0,0,0
20055,45159,-83.690885,39.3244585,0,0,0
20056,44473,-80.66343063,41.24081247,0,0,0
20057,43061,-83.212735,40.2657125,0,0,0
20058,44104,-81.6200078,41.4721002,0,0,0
20059,44109,-81.7116957,41.4594859,0,0,0
20060,44846,-82.6110915,41.3241107,0,0,0
20061,43223,-83.0210086,39.9068288,0,0,0
20062,27127,-80.23662141,36.07322108,0,0,0
20063,28532,-76.90232411,34.8757708,0,0,0
20064,28052,-81.1792284,35.2663733,0,0,0
20065,44072,-81.34097797,41.464604,0,0,0
20066,44432,-80.8334386,40.7809103,0,0,0
20067,24523,-79.5496353,37.337699,0,0,0
20068,37814,-83.2986495,36.21523896,0,0,0
20069,28092,-81.24848212,35.47438531,0,0,0
20070,24531,-79.39963072,36.82621466,0,0,0
20071,59101,-108.5044233,45.78495,0,0,0
20072,07840,-74.83466863,40.85309197,0,0,0
20073,45385,-83.9167157,39.6689287,0,0,0
20074,45504,-83.8157744,39.9340709,0,0,0
20075,37804,-83.9693581,35.7542553,0,0,0
20076,22310,-77.147926,38.7808662,0,0,0
20077,20190,-77.36009458,38.96327693,0,0,0
20078,68020,-96.25024934,42.00515238,0,0,0
20079,45409,-84.17895037,39.74019755,0,0,0
20080,37756,-84.4889431,36.4112354,0,0,0
20081,22835,-78.4814263,38.6603556,0,0,0
20082,45502,-83.7290974,39.9064161,0,0,0
20083,45103,-84.1509137,39.0818356,0,0,0
20084,45177,-83.8119627,39.4467781,0,0,0
20085,59840,-114.2185655,46.3280073,0,0,0
20086,24112,-79.8594956,36.6366419,0,0,0
20087,59870,-114.0925319,46.51215716,0,0,0
20088,27893,-77.91234987,35.73627769,0,0,0
20089,55741,-92.37230984,47.47371517,0,0,0
20090,27943,-75.6897822,35.218594,0,0,0
20091,27546,-78.8039137,35.3923338,0,0,0
20092,58801,-103.6182033,48.14702355,0,0,0
20093,98106,-122.3455226,47.51480109,0,0,0
20094,98001,-122.2712387,47.33521556,0,0,0
20095,98070,-122.4611099,47.43453839,0,0,0
20096,98031,-122.1993922,47.41842486,0,0,0
20097,98271,-122.1935047,48.09924997,0,0,0
20098,59030,-110.7086509,45.0327034,0,0,0
20099,84501,-110.8150679,39.58042796,0,0,0
20100,84713,-112.652003,38.2426037,0,0,0
20101,84025,-111.8972452,40.9906748,0,0,0
20102,84631,-112.3395276,38.95339715,0,0,0
20103,84540,-110.1529204,38.99490189,0,0,0
20104,54701,-91.4149396,44.7619739,0,0,0
20105,84032,-111.4472105,40.63359299,0,0,0
20106,84737,-113.4117894,37.15897738,0,0,0
20107,84107,-111.9012777,40.6455997,0,0,0
20108,84404,-111.9917346,41.2551174,0,0,0
20109,84701,-112.0683623,38.77395946,0,0,0
20110,28720,-82.24182539,35.43203518,0,0,0
20111,00637,-66.9583556,18.0792356,0,0,0
20112,98682,-122.5597498,45.6603154,0,0,0
20113,53704,-89.3556941,43.1296998,0,0,0
20114,89316,-115.9605985,39.5056564,0,0,0
20115,08077,-75.01288763,40.010908,0,0,0
20116,08403,-74.52761429,39.31215655,0,0,0
20117,89701,-119.7574511,39.11302321,0,0,0
20118,44113,-81.6972707,41.496434,0,0,0
20119,89460,-119.7432943,38.8944375,0,0,0
20120,07764,-74.00485958,40.27985766,0,0,0
20121,45070,-84.55514958,39.58592175,0,0,0
20122,28751,-83.09465142,35.51707421,0,0,0
20123,08002,-75.0299176,39.9270811,0,0,0
20124,08302,-75.2452617,39.4343093,0,0,0
20126,07087,-74.03034747,40.76969881,0,0,0
20127,44889,-82.4076947,41.2721364,0,0,0
20128,23220,-77.45167325,37.56088899,0,0,0
20129,44106,-81.6137732,41.5049753,0,0,0
20130,08846,-74.4993407,40.5782631,0,0,0
20131,07974,-74.40400455,40.70812161,0,0,0
20132,45203,-84.54095175,39.10776394,0,0,0
20133,08234,-74.58198882,39.36186005,0,0,0
20134,43718,-81.04156495,40.02592253,0,0,0
20135,07305,-74.08498684,40.70909227,0,0,0
20136,43901,-80.8758657,40.2187949,0,0,0
20137,89445,-117.7338347,40.971867,0,0,0
20138,45249,-84.3180381,39.2846349,0,0,0
20139,45247,-84.6533624,39.1861723,0,0,0
20140,89701,-119.7658029,39.1619185,0,0,0
20141,89011,-115.0058606,36.06790629,0,0,0
20142,89012,-115.0822584,36.0169455,0,0,0
20143,53532,-89.3691747,43.2499096,0,0,0
20144,38103,-90.05762859,35.15045126,0,0,0
20145,38112,-89.974308,35.1321115,0,0,0
20146,38107,-90.0408121,35.1814192,0,0,0
20147,45414,-84.19870938,39.8226227,0,0,0
20148,45427,-84.2817834,39.7379453,0,0,0
20149,43467,-83.49029418,41.24430847,0,0,0
20150,43466,-83.4773307,41.3025416,0,0,0
20151,84602,-111.6502301,40.2502388,0,0,0
20152,43457,-83.4252093,41.2687193,0,0,0
20153,44663,-81.355662,40.4787113,0,0,0
20154,64683,-93.55281964,40.07540541,0,0,0
20155,65101,-92.0948416,38.5412423,0,0,0
20156,64037,-93.727327,39.09977745,0,0,0
20157,65712,-93.82677402,37.09449932,0,0,0
20158,44470,-80.9206241,41.2836721,0,0,0
20159,98032,-122.2396933,47.3850041,0,0,0
20160,23181,-76.8503861,37.5833315,0,0,0
20161,20112,-77.4447476,38.6411469,0,0,0
20162,45767,-81.0649304,39.522391,0,0,0
20163,45662,-82.99761532,38.73127295,0,0,0
20164,45601,-82.98294576,39.33426319,0,0,0
20165,27603,-78.63857029,35.78671898,0,0,0
20166,23847,-77.50771501,36.74059526,0,0,0
20167,28433,-78.62708189,34.58247562,0,0,0
20168,45231,-84.5258267,39.2343834,0,0,0
20169,43212,-83.0252784,39.9839397,0,0,0
20170,43235,-83.0391955,40.0704816,0,0,0
20171,22408,-77.4954446,38.2660938,0,0,0
20172,89048,-115.9730761,36.2038835,0,0,0
20173,89434,-119.6484363,39.5090676,0,0,0
20174,89419,-118.4884771,40.18060511,0,0,0
20175,28501,-77.5805367,35.2647806,0,0,0
20176,28501,-77.5739114,35.28492317,0,0,0
20177,28501,-77.56891855,35.26640894,0,0,0
20178,89027,-114.0898228,36.8202203,0,0,0
20179,22032,-77.283484,38.8245854,0,0,0
20180,89031,-115.1901661,36.2536622,0,0,0
20181,89403,-119.5291049,39.29593326,0,0,0
20182,89429,-119.2240263,39.4137182,0,0,0
20183,89501,-119.8137318,39.5235585,0,0,0
20184,05663,-72.65846211,44.14881618,0,0,0
20185,89101,-115.1459942,36.1664477,0,0,0
20186,89101,-115.1025981,36.16687798,0,0,0
20187,89835,-114.9672175,41.10840927,0,0,0
20188,89101,-115.1078127,36.1795845,0,0,0
20189,23223,-77.460577,37.653369,0,0,0
20190,89119,-115.1358299,36.1074007,0,0,0
20191,45406,-84.2082769,39.7653524,0,0,0
20192,43556,-84.5537757,41.2872345,0,0,0
20193,22150,-77.1815689,38.7657115,0,0,0
20194,24153,-80.1281143,37.2771124,0,0,0
20195,45458,-84.1882504,39.6240118,0,0,0
20196,22572,-76.73754978,37.98084066,0,0,0
20197,24578,-79.48948642,37.6872189,0,0,0
20198,43112,-82.702161,39.7987048,0,0,0
20199,43130,-82.6392154,39.7422044,0,0,0
20200,08003,-74.96362812,39.87627435,0,0,0
20201,08002,-75.01979015,39.92883373,0,0,0
20202,27410,-79.794694,36.070976,0,0,0
20203,27282,-79.91911754,35.99812582,0,0,0
20204,27344,-79.4699484,35.7228733,0,0,0
20205,27703,-78.85955771,35.98930362,0,0,0
20206,55108,-93.1759632,44.9805092,0,0,0
20207,27701,-78.9100708,36.0191799,0,0,0
20208,27707,-78.9278013,35.9877826,0,0,0
20209,63052,-90.371931,38.363738,0,0,0
20210,63050,-90.55897887,38.2599979,0,0,0
20211,37134,-87.9661683,36.0622622,0,0,0
20212,37714,-84.2128952,36.310474,0,0,0
20213,98626,-122.8933365,46.120556,0,0,0
20214,24522,-78.86883468,37.36181456,0,0,0
20215,38464,-87.35125234,35.24530102,0,0,0
20216,37681,-82.6581253,36.2068259,0,0,0
20217,23692,-76.4661045,37.1827109,0,0,0
20218,27948,-75.70801394,36.01019831,0,0,0
20219,28206,-80.8069981,35.2545514,0,0,0
20220,27707,-78.94960831,35.97220799,0,0,0
20221,28405,-77.88787046,34.24422518,0,0,0
20222,28217,-80.8834329,35.1666413,0,0,0
20223,54893,-92.3651573,45.8735959,0,0,0
20224,07103,-74.18883903,40.74427598,0,0,0
20225,63026,-90.4522306,38.5186242,0,0,0
20226,38582,-85.8125119,36.0873152,0,0,0
20227,58104,-96.83529571,46.82533984,0,0,0
20228,44444,-80.95667627,41.18837188,0,0,0
20229,98199,-122.3824892,47.64323284,0,0,0
20230,25831,-80.9032611,37.9292153,0,0,0
20231,25186,-81.3084633,38.1816557,0,0,0
20232,64015,-94.32395225,38.98922483,0,0,0
20233,25268,-81.10308845,38.72923418,0,0,0
20234,45849,-84.476898,41.0187322,0,0,0
20235,56267,-95.909398,45.5876762,0,0,0
20236,55082,-92.830292,45.0794862,0,0,0
20237,57401,-98.53144658,45.45641028,0,0,0
20238,55734,-92.5018499,47.4367085,0,0,0
20239,56542,-95.7494552,47.5746683,0,0,0
20240,55106,-93.03979595,44.97704696,0,0,0
20241,55104,-93.157346,44.9533163,0,0,0
20242,55101,-93.09245108,44.94823404,0,0,0
20243,55352,-93.6268884,44.6660305,0,0,0
20244,57401,-98.48623011,45.46282951,0,0,0
20245,56550,-96.8100604,47.2641561,0,0,0
20246,56540,-96.28085282,47.5336654,0,0,0
20247,55108,-93.1620661,44.9711763,0,0,0
20248,56523,-96.8169773,47.6079741,0,0,0
20249,55901,-92.5061184,44.0717793,0,0,0
20250,56571,-95.5730548,46.425575,0,0,0
20251,56303,-94.1634812,45.5610549,0,0,0
20252,57262,-97.05901911,45.65567384,0,0,0
20253,56701,-96.2070929,48.1191639,0,0,0
20254,54655,-90.7659847,43.3885565,0,0,0
20255,53534,-89.06946182,42.88213551,0,0,0
20256,53572,-89.7506306,42.953639,0,0,0
20257,55406,-93.2347969,44.9481207,0,0,0
20258,55422,-93.3516682,44.9996025,0,0,0
20259,55418,-93.2466243,45.0081573,0,0,0
20260,55408,-93.2776306,44.9462055,0,0,0
20261,55401,-93.2723415,44.9807593,0,0,0
20262,56127,-94.7745346,43.5585298,0,0,0
20263,56467,-94.84295498,46.96478398,0,0,0
20264,56589,-95.9402981,47.1844385,0,0,0
20265,56136,-96.4239265,44.5054229,0,0,0
20266,55411,-93.30550171,44.99108189,0,0,0
20267,53963,-88.7316094,43.62988045,0,0,0
20268,43228,-83.1087859,39.9232478,0,0,0
20269,43219,-82.9583028,40.0102146,0,0,0
20270,56521,-95.9096375,46.981254,0,0,0
20271,56171,-94.726493,43.6537129,0,0,0
20272,43201,-83.0002162,39.9947065,0,0,0
20273,55935,-92.13672108,43.74079586,0,0,0
20274,43223,-83.0541805,39.9473484,0,0,0
20275,53186,-88.174702,43.0325822,0,0,0
20276,54937,-88.4776125,43.7589242,0,0,0
20277,54401,-89.664833,44.9312293,0,0,0
20278,73538,-98.5015963,34.7275059,0,0,0
20279,74401,-95.37203591,35.74771353,0,0,0
20280,00660,-67.1322891,18.1380663,0,0,0
20281,74403,-95.3098283,35.7492418,0,0,0
20282,73106,-97.5262965,35.468659,0,0,0
20283,73501,-98.39740661,34.60338335,0,0,0
20284,27504,-78.54413337,35.38092206,0,0,0
20285,74501,-95.7683768,34.9339733,0,0,0
20286,57350,-98.2163283,44.3624889,0,0,0
20287,54658,-91.2186924,43.663562,0,0,0
20288,73104,-97.4954411,35.4755258,0,0,0
20289,68007,-96.1590136,41.3633322,0,0,0
20290,00739,-66.1608154,18.1725445,0,0,0
20291,43232,-82.9078324,39.9128,0,0,0
20292,43203,-82.9627367,39.9724528,0,0,0
20293,43081,-82.8666498,40.0802631,0,0,0
20294,53557,-88.82064544,43.33997168,0,0,0
20295,68958,-99.50745227,40.47755301,0,0,0
20296,68748,-97.4570405,41.8300021,0,0,0
20297,68701,-97.4290782,42.0604528,0,0,0
20298,69356,-103.5036217,41.8089319,0,0,0
20299,69358,-103.9287516,41.9635305,0,0,0
20300,55119,-93.01176827,44.95261784,0,0,0
20301,55021,-93.2695316,44.2944897,0,0,0
20302,68071,-96.4728235,42.2342835,0,0,0
20303,68642,-97.486194,41.69157094,0,0,0
20304,68765,-97.59656552,42.35909868,0,0,0
20305,68769,-97.7904392,42.3498925,0,0,0
20306,54757,-91.56032983,45.20507094,0,0,0
20307,53065,-88.54772036,43.68390416,0,0,0
20308,69334,-103.3244787,41.75401157,0,0,0
20309,69361,-103.6789713,41.8919362,0,0,0
20310,55020,-93.32947098,44.565232,0,0,0
20311,57249,-97.37627809,44.36375853,0,0,0
20312,68005,-95.9250419,41.1778533,0,0,0
20313,27101,-80.244745,36.0927905,0,0,0
20314,54639,-90.63674626,43.57421698,0,0,0
20315,73932,-100.521265,36.8155369,0,0,0
20316,57555,-100.6574707,43.3083202,0,0,0
20317,68041,-96.48882932,41.22726064,0,0,0
20318,68979,-97.859145,40.605959,0,0,0
20319,68064,-96.3453755,41.3130951,0,0,0
20320,69348,-103.0731321,42.32059247,0,0,0
20321,68739,-97.2657388,42.6213233,0,0,0
20322,68901,-98.3880623,40.5875019,0,0,0
20323,68102,-95.9382255,41.2526473,0,0,0
20324,69301,-102.8698582,42.0997594,0,0,0
20325,68351,-97.44990755,40.64404784,0,0,0
20326,68776,-96.42164,42.4631602,0,0,0
20327,68847,-99.07980568,40.69629637,0,0,0
20328,68823,-99.13512694,41.781318,0,0,0
20329,68763,-98.64813927,42.45482368,0,0,0
20330,68524,-96.772818,40.8551653,0,0,0
20331,68524,-96.7773039,40.8539416,0,0,0
20332,68179,-95.934857,41.2591695,0,0,0
20333,68803,-98.38232,40.9166444,0,0,0
20334,69162,-102.993728,41.1445948,0,0,0
20335,68038,-96.4775128,41.9379661,0,0,0
20336,68756,-98.03022178,42.12676624,0,0,0
20337,68727,-97.20414425,42.5055936,0,0,0
20338,68004,-96.5724868,42.0115147,0,0,0
20339,68107,-95.9270381,41.2194566,0,0,0
20340,68947,-99.0431863,40.3372383,0,0,0
20341,68713,-98.97861844,42.53110322,0,0,0
20342,68869,-98.9131693,41.0267822,0,0,0
20343,68057,-96.66651838,41.6672047,0,0,0
20344,69101,-100.7673392,41.1128033,0,0,0
20345,68137,-96.0806131,41.2156391,0,0,0
20346,68134,-96.075,41.3106078,0,0,0
20347,68111,-95.9571993,41.2983324,0,0,0
20348,69343,-102.204162,42.8069712,0,0,0
20349,68127,-96.0680334,41.210534,0,0,0
20350,68105,-95.9492651,41.2291082,0,0,0
20351,68629,-97.1231267,41.7268273,0,0,0
20352,68061,-96.22148456,41.77784943,0,0,0
20353,68784,-96.8647705,42.2677042,0,0,0
20354,68876,-98.7337451,40.7782461,0,0,0
20355,68017,-96.6446889,41.0585872,0,0,0
20356,68601,-97.3585268,41.4287224,0,0,0
20357,68405,-97.05073004,40.77400348,0,0,0
20358,68791,-96.9162594,41.9879742,0,0,0
20359,68944,-98.09740546,40.61936849,0,0,0
20360,68641,-97.00322073,41.7255573,0,0,0
20361,68781,-97.8351039,42.0473795,0,0,0
20362,68718,-97.6460332,42.5987153,0,0,0
20363,68729,-97.9079164,42.4663646,0,0,0
20364,68730,-97.49568841,42.72944407,0,0,0
20365,68636,-98.08504674,41.98338373,0,0,0
20366,68660,-97.8522998,41.5691017,0,0,0
20367,68760,-98.0319061,42.74987205,0,0,0
20368,68783,-98.0331433,42.5978185,0,0,0
20369,69033,-101.6434436,40.5176611,0,0,0
20370,69301,-102.8715588,42.0948579,0,0,0
20371,68716,-96.8121093,41.9301426,0,0,0
20372,68508,-96.7114134,40.8151221,0,0,0
20373,68959,-98.9487415,40.4974286,0,0,0
20374,57330,-98.1627759,43.2677987,0,0,0
20375,53593,-89.57199895,43.07415317,0,0,0
20376,89835,-114.965558,41.110925,0,0,0
20377,74820,-96.67898291,34.7721688,0,0,0
20378,00772,-65.9836519,18.4554795,0,0,0
20379,73841,-99.5567393,36.5717523,0,0,0
20380,74103,-95.9989722,36.1571626,0,0,0
20381,74103,-95.996102,36.1542431,0,0,0
20382,57501,-100.352194,44.36975712,0,0,0
20383,57501,-100.3523267,44.36974384,0,0,0
20384,00969,-66.1120677,18.3618107,0,0,0
20385,00971,-66.1334883,18.3379264,0,0,0
20386,00966,-66.1227089,18.3973762,0,0,0
20387,00703,-66.1069214,18.257618,0,0,0
20388,00623,-67.1457273,18.0816392,0,0,0
20389,74354,-94.88018356,36.91678909,0,0,0
20390,57350,-98.21475909,44.37697566,0,0,0
20391,74354,-94.8796536,36.8812636,0,0,0
20392,74001,-96.06102415,36.48781862,0,0,0
20393,74435,-95.134138,35.515534,0,0,0
20394,73491,-97.671186,34.4522436,0,0,0
20395,74804,-96.9329443,35.3582936,0,0,0
20396,74447,-95.972459,35.6237349,0,0,0
20397,73647,-99.1698681,35.3458274,0,0,0
20398,74801,-96.9240546,35.3289447,0,0,0
20399,74801,-96.92317748,35.33120838,0,0,0
20400,74136,-95.9721766,36.0546878,0,0,0
20401,73942,-101.469897,36.6756601,0,0,0
20402,74701,-96.3870106,34.0213427,0,0,0
20403,74110,-95.9500005,36.2043879,0,0,0
20404,74114,-95.9327419,36.11947,0,0,0
20405,74339,-94.8777983,36.9328761,0,0,0
20406,74868,-96.6673867,35.2250143,0,0,0
20407,74020,-96.3501516,36.2182879,0,0,0
20408,73841,-99.5746797,36.5733569,0,0,0
20409,73533,-97.9552154,34.5005701,0,0,0
20410,74074,-97.0565208,36.1142397,0,0,0
20411,74447,-95.9746249,35.6217675,0,0,0
20412,74037,-95.9752313,36.0242989,0,0,0
20413,73027,-97.255772,35.9438757,0,0,0
20414,74332,-95.2211504,36.5379436,0,0,0
20415,73754,-98.0889548,36.3855356,0,0,0
20416,73655,-99.24913453,34.98981609,0,0,0
20417,73401,-97.1291319,34.1716209,0,0,0
20418,73701,-97.8823356,36.3905347,0,0,0
20419,74019,-95.6789763,36.2402983,0,0,0
20420,73620,-98.9598667,35.5778795,0,0,0
20421,73051,-97.22056716,35.01665615,0,0,0
20422,73051,-97.20298467,35.03162594,0,0,0
20423,73401,-97.1530938,34.2030262,0,0,0
20424,73601,-98.9866398,35.5071656,0,0,0
20425,53153,-88.4031632,42.9353132,0,0,0
20426,73730,-97.58874301,36.30605013,0,0,0
20427,74743,-95.5113707,34.0081971,0,0,0
20428,73701,-97.87932815,36.39698371,0,0,0
20429,73834,-99.6308221,36.8404711,0,0,0
20430,74501,-95.7768892,34.8933876,0,0,0
20431,43207,-82.9811801,39.9275863,0,0,0
20432,43205,-82.9743179,39.9581052,0,0,0
20433,74869,-96.8174878,35.6088649,0,0,0
20434,00646,-66.2711141,18.46168945,0,0,0
20435,89101,-115.1392656,36.17271315,0,0,0
20436,73010,-97.63157509,35.03359439,0,0,0
20437,74930,-94.6723618,35.1674024,0,0,0
20438,73755,-98.548044,36.1314229,0,0,0
20439,74432,-95.590682,35.302615,0,0,0
20440,74361,-95.2517407,36.2485622,0,0,0
20441,74066,-96.10982372,35.99792318,0,0,0
20442,74131,-96.0948534,36.0294874,0,0,0
20443,43211,-82.9824406,39.9931891,0,0,0
20444,53523,-88.9681277,43.0075293,0,0,0
20445,69337,-103.0003077,42.8288955,0,0,0
20446,25621,-81.92073336,37.63522295,0,0,0
20447,89421,-117.6999286,41.9458668,0,0,0
20448,57068,-96.4620543,43.609551,0,0,0
20449,57262,-96.96492518,45.70149583,0,0,0
20450,57025,-96.6306871,42.6469187,0,0,0
20451,56073,-94.4581168,44.3214156,0,0,0
20452,84066,-109.9910047,40.29597048,0,0,0
20453,57317,-98.9463283,43.0763983,0,0,0
20454,53089,-88.2311123,43.1332704,0,0,0
20455,53210,-87.9754285,43.0614747,0,0,0
20456,53226,-88.04110038,43.04688151,0,0,0
20457,53132,-88.0022127,42.8800327,0,0,0
20458,53233,-87.92384373,43.04263535,0,0,0
20459,53553,-90.2724836,42.9178613,0,0,0
20460,53207,-87.9136716,43.0024823,0,0,0
20461,74301,-95.13757157,36.63252812,0,0,0
20462,54660,-90.5163167,43.9522727,0,0,0
20463,53216,-87.9588533,43.0767489,0,0,0
20464,53212,-87.9151574,43.0716364,0,0,0
20465,53233,-87.921129,43.0426576,0,0,0
20466,53207,-87.90395135,42.95068425,0,0,0
20467,53215,-87.94753224,42.99042936,0,0,0
20468,57785,-103.4373645,44.3177727,0,0,0
20469,43505,-84.7303,41.524311,0,0,0
20470,45384,-83.879439,39.7103058,0,0,0
20471,56001,-93.93757444,44.16180964,0,0,0
20472,57279,-96.8599347,45.4094155,0,0,0
20473,73159,-97.5584829,35.3918069,0,0,0
20474,69210,-99.8527081,42.5502724,0,0,0
20475,53403,-87.79289071,42.70926498,0,0,0
20476,84083,-114.0304488,40.73734745,0,0,0
20477,89511,-119.7918128,39.4725861,0,0,0
20478,84123,-111.9442671,40.67083159,0,0,0
20479,68763,-98.6240359,42.4474666,0,0,0
20480,00677,-67.2506795,18.3414553,0,0,0
20481,00637,-66.9637794,18.0783547,0,0,0
20482,00720,-66.3897786,18.2295161,0,0,0
20483,00976,-66.0052317,18.3565366,0,0,0
20484,00641,-66.596471,18.2995204,0,0,0
20485,00692,-66.3247039,18.4125301,0,0,0
20486,00765,-65.4420722,18.1435201,0,0,0
20487,00676,-67.1201844,18.3984295,0,0,0
20488,00687,-66.4062974,18.3295849,0,0,0
20489,00718,-65.7347639,18.2125366,0,0,0
20490,00685,-66.9983101,18.3463736,0,0,0
20491,00953,-66.24739383,18.38821287,0,0,0
20492,00766,-66.4937264,18.1255355,0,0,0
20493,00925,-66.0449242,18.3986171,0,0,0
20494,84321,-111.8656647,41.73720263,0,0,0
20495,00693,-66.39028098,18.44492176,0,0,0
20496,00757,-66.4052762,17.9608073,0,0,0
20497,84078,-109.5261507,40.45630468,0,0,0
20498,57701,-103.1931462,44.0360855,0,0,0
20499,45229,-84.4996308,39.1373311,0,0,0
20500,57450,-99.7767601,45.2418882,0,0,0
20501,00725,-66.0282371,18.3058133,0,0,0
20502,74136,-95.951544,36.0522815,0,0,0
20503,00716,-66.58524427,18.00457212,0,0,0
20504,00680,-67.1462423,18.1741929,0,0,0
20505,00751,-66.2896977,17.9837596,0,0,0
20506,54729,-91.3949627,44.9411267,0,0,0
20507,00601,-66.72323186,18.16200259,0,0,0
20508,00664,-66.5949925,18.2192399,0,0,0
20509,00783,-66.3211917,18.3416611,0,0,0
20510,00782,-66.222917,18.2230108,0,0,0
20511,00606,-66.9798996,18.180532,0,0,0
20512,00656,-66.7892276,18.0159196,0,0,0
20513,00778,-65.9745033,18.2556008,0,0,0
20514,00949,-66.2535109,18.4400393,0,0,0
20515,00907,-66.1047297,18.4547008,0,0,0
20516,00745,-65.8308506,18.3790945,0,0,0
20517,00720,-66.3920059,18.2238131,0,0,0
20518,00751,-66.238592,18.032366,0,0,0
20519,00676,-67.1132902,18.3945692,0,0,0
20520,00667,-67.0578346,18.0497628,0,0,0
20521,00667,-67.0575807,18.0459834,0,0,0
20522,00670,-66.9888378,18.2508341,0,0,0
20523,00784,-66.1150799,17.9723005,0,0,0
20524,00669,-66.8773442,18.2964309,0,0,0
20525,00775,-65.2972887,18.3017501,0,0,0
20526,00969,-66.1118375,18.3712313,0,0,0
20527,00698,-66.844795,18.032941,0,0,0
20528,00624,-66.7234889,18.057806,0,0,0
20529,00901,-66.10489034,18.46689492,0,0,0
20530,00757,-66.40501851,17.96236506,0,0,0
20531,00678,-66.9372048,18.4719135,0,0,0
20532,00923,-66.0343249,18.4147571,0,0,0
20533,00913,-66.04890766,18.45151739,0,0,0
20534,00971,-66.13673372,18.32659692,0,0,0
20535,00775,-65.3022012,18.3023708,0,0,0
20536,00777,-65.9203272,18.2320754,0,0,0
20537,00777,-65.9236846,18.2307722,0,0,0
20538,00707,-65.87643726,18.00253146,0,0,0
20539,00773,-65.7167332,18.3755248,0,0,0
20540,00703,-66.1029055,18.2570972,0,0,0
20541,00624,-66.7247169,18.0555191,0,0,0
20542,00719,-66.2512008,18.3016993,0,0,0
20543,00767,-65.8803888,18.0480835,0,0,0
20544,00924,-66.0120326,18.3954705,0,0,0
20545,00683,-67.0351416,18.0811386,0,0,0
20546,00723,-66.0176333,18.0058795,0,0,0
20547,00678,-66.9385095,18.477896,0,0,0
20548,55961,-92.42959022,43.6126246,0,0,0
20549,00612,-66.733831,18.456858,0,0,0
20550,00961,-66.1554243,18.3992282,0,0,0
20551,00966,-66.1172944,18.3926782,0,0,0
20552,00962,-66.126172,18.4414851,0,0,0
20553,00736,-66.1603017,18.1160176,0,0,0
20554,00782,-66.2251682,18.2165425,0,0,0
20555,00738,-65.6547643,18.3249244,0,0,0
20556,00915,-66.041548,18.4367081,0,0,0
20557,00745,-65.7731969,18.3694165,0,0,0
20558,00677,-67.25024,18.3379486,0,0,0
20559,00953,-66.24725106,18.38817837,0,0,0
20560,00698,-66.8595289,18.0369161,0,0,0
20561,00767,-65.8794467,18.0466162,0,0,0
20562,00754,-65.963068,18.1856427,0,0,0
20563,00660,-67.11957164,18.13667797,0,0,0
20564,00791,-65.8409195,18.1483277,0,0,0
20565,00772,-65.8707666,18.3836787,0,0,0
20566,00674,-66.48263358,18.43155259,0,0,0
20567,00725,-66.0352136,18.2161636,0,0,0
20568,00725,-66.0414963,18.1736871,0,0,0
20569,00725,-66.1064174,18.2064661,0,0,0
20570,84532,-109.5482674,38.57377822,0,0,0
20571,00918,-66.0778638,18.4171389,0,0,0
20572,00754,-65.9739646,18.191849,0,0,0
20573,00926,-66.0701102,18.3389772,0,0,0
20574,00907,-66.0817391,18.4484893,0,0,0
20575,00901,-66.0926338,18.461454,0,0,0
20576,00725,-66.0401227,18.2350695,0,0,0
20577,00725,-66.0122139,18.2367573,0,0,0
20578,00725,-66.0143464,18.2347503,0,0,0
20579,00971,-66.1027038,18.3139973,0,0,0
20580,00725,-66.0436547,18.28068,0,0,0
20581,00725,-66.0673479,18.2549994,0,0,0
20582,00725,-66.0250949,18.2441904,0,0,0
20583,00627,-66.84701262,18.48403246,0,0,0
20584,00729,-65.90061333,18.37278265,0,0,0
20585,00739,-66.1549804,18.1685589,0,0,0
20586,00725,-66.0773733,18.1866012,0,0,0
20587,00687,-66.4071362,18.3289474,0,0,0
20588,00718,-65.7381596,18.2114386,0,0,0
20589,00719,-66.2507142,18.3020368,0,0,0
20590,00723,-66.0131211,18.0025495,0,0,0
20591,00717,-66.6127318,18.0029219,0,0,0
20592,00925,-66.0510761,18.3958868,0,0,0
20593,00736,-66.1603466,18.1097414,0,0,0
20594,00735,-65.6444642,18.2698216,0,0,0
20595,00738,-65.6555347,18.3253384,0,0,0
20596,00650,-66.55212,18.362564,0,0,0
20597,00962,-66.1270312,18.4381103,0,0,0
20598,00638,-66.4698236,18.3376341,0,0,0
20599,00659,-66.82735648,18.48659292,0,0,0
20600,00913,-66.0391903,18.4495343,0,0,0
20601,00926,-66.0468271,18.3624186,0,0,0
20602,00925,-66.0516991,18.3972914,0,0,0
20603,00901,-66.0967205,18.4626099,0,0,0
20604,00918,-66.0612547,18.4192164,0,0,0
20605,00685,-66.9907477,18.3342718,0,0,0
20606,00680,-67.14435884,18.19696848,0,0,0
20607,00650,-66.5672162,18.3667498,0,0,0
20608,00772,-65.8763272,18.4335996,0,0,0
20609,00707,-65.9002819,18.0057806,0,0,0
20610,00771,-65.8645119,18.1827228,0,0,0
20611,00771,-65.8715798,18.1847646,0,0,0
20612,00662,-67.022507,18.4987562,0,0,0
20613,00683,-67.02447783,18.07701921,0,0,0
20614,00692,-66.3290007,18.4148016,0,0,0
20615,00693,-66.3901739,18.4448361,0,0,0
20616,00921,-66.0919587,18.3949885,0,0,0
20617,00926,-66.0780497,18.3388683,0,0,0
20618,00949,-66.1809076,18.4478459,0,0,0
20619,00641,-66.7119545,18.2671517,0,0,0
20620,00641,-66.8022426,18.2882214,0,0,0
20621,03457,-72.12716255,42.9893535,0,0,0
20622,59410,-112.3901151,47.493002,0,0,0
20623,54838,-91.79712616,46.245006,0,0,0
20624,53551,-88.91417288,43.06534986,0,0,0
20625,25801,-81.20817833,37.77122356,0,0,0
20626,64743,-94.22955809,38.66706551,0,0,0
20627,44095,-81.47516397,41.63987143,0,0,0
20628,25043,-81.08294173,38.45951736,0,0,0
20629,63965,-91.01427819,36.99518187,0,0,0
20630,03878,-70.88746161,43.24574097,0,0,0
20631,98405,-122.4509025,47.24709523,0,0,0
20632,57501,-100.3455063,44.36525053,0,0,0
20633,54489,-89.96822944,44.48379749,0,0,0
20634,89445,-117.7488855,40.9538707,0,0,0
20635,27530,-78.00179966,35.39849958,0,0,0
20636,55792,-92.5611339,47.5237588,0,0,0
20637,73521,-99.299371,34.6463083,0,0,0
20638,89019,-115.3238083,35.778865,0,0,0
20639,64836,-94.38682829,37.09455204,0,0,0
20640,84746,-113.3586365,37.23854514,0,0,0
20641,57107,-96.7941084,43.6029668,0,0,0
20642,56501,-95.8599372,46.8232472,0,0,0
20643,56258,-95.7466008,44.4497339,0,0,0
20644,73703,-97.9482512,36.3900475,0,0,0
20645,53066,-88.49925579,43.11177597,0,0,0
20646,74129,-95.8745706,36.1301346,0,0,0
20647,89049,-117.2512362,38.0848204,0,0,0
20648,27292,-80.28379342,35.80302486,0,0,0
20649,65101,-92.12799601,38.55770354,0,0,0
20651,64116,-94.56960624,39.13003499,0,0,0
20652,63101,-90.1947943,38.6302628,0,0,0
20653,45648,-82.9849625,38.8375108,0,0,0
20654,26287,-79.6577905,39.0925183,0,0,0
20655,59602,-112.0249803,46.61715866,0,0,0
20656,84116,-111.936249,40.77211755,0,0,0
20657,26505,-79.98346897,39.65269932,0,0,0
20658,53523,-89.0173663,43.0029603,0,0,0
20659,98824,-119.8553425,47.0801255,0,0,0
20660,63123,-90.3311681,38.5506231,0,0,0
20661,27253,-79.42626488,36.06267383,0,0,0
20662,03053,-71.43760312,42.92776383,0,0,0
20663,07102,-74.18112127,40.73805991,0,0,0
20664,65686,-93.41828198,36.63744906,0,0,0
20665,07202,-74.2166264,40.6632919,0,0,0
20666,84741,-112.5257715,37.04608667,0,0,0
20667,89015,-114.9799881,36.0305592,0,0,0
20668,12067,-73.92539619,42.56758283,0,0,0
20669,12540,-73.79648764,41.66192959,0,0,0
20670,06390,-72.02582502,41.25645045,0,0,0
20671,12401,-74.02694517,41.94617589,0,0,0
20672,36701,-86.9807028,32.3569267,0,0,0
20674,72029,-91.31502749,34.69253843,0,0,0
20675,36104,-86.29925389,32.37975199,0,0,0
20676,72209,-92.34130953,34.67677,0,0,0
20677,71913,-93.1243833,34.5137528,0,0,0
20678,72936,-94.25537871,35.21170524,0,0,0
20679,36110,-86.23689315,32.46556885,0,0,0
20680,36460,-87.32516,31.527268,0,0,0
20681,35650,-87.28337957,34.50982759,0,0,0
20682,36081,-85.97128958,31.80580692,0,0,0
20683,35055,-86.82962498,34.15061917,0,0,0
20684,36303,-85.45742264,31.24432606,0,0,0
20685,35630,-87.6456788,34.846207,0,0,0
20686,36527,-87.9356493,30.67179596,0,0,0
20687,36467,-86.2779456,31.299024,0,0,0
20688,35652,-87.3190293,34.8288722,0,0,0
20689,35810,-86.581932,34.778985,0,0,0
20690,35121,-86.41369838,33.88579402,0,0,0
20691,35180,-86.86302144,33.87522122,0,0,0
20692,35805,-86.59864192,34.72573548,0,0,0
20693,35802,-86.54088905,34.66043704,0,0,0
20694,35125,-86.28869749,33.5850776,0,0,0
20695,36066,-86.4212065,32.46208152,0,0,0
20696,36104,-86.2987337,32.3762127,0,0,0
20697,35010,-85.93516353,32.85857055,0,0,0
20698,36104,-86.29770894,32.37394822,0,0,0
20699,35776,-86.2210926,34.5738417,0,0,0
20700,35504,-87.26441903,33.86368111,0,0,0
20701,36027,-85.113927,31.98795,0,0,0
20702,35217,-86.7836727,33.5631521,0,0,0
20703,36603,-88.0564017,30.6972457,0,0,0
20704,35216,-86.80337809,33.39863113,0,0,0
20705,35044,-86.353079,33.278057,0,0,0
20706,36106,-86.2846791,32.3517697,0,0,0
20707,36545,-87.8920288,31.5112016,0,0,0
20708,35975,-86.04999956,34.47459205,0,0,0
20709,35801,-86.59582243,34.73855274,0,0,0
20710,35243,-86.73616473,33.44186153,0,0,0
20711,35806,-86.6670391,34.7108917,0,0,0
20712,36542,-87.68155285,30.26675374,0,0,0
20713,35242,-86.70602815,33.42370276,0,0,0
20714,36784,-87.7398599,31.91910523,0,0,0
20715,36201,-85.82724157,33.66860205,0,0,0
20716,72631,-93.84402115,36.42852077,0,0,0
20717,35654,-87.72899678,34.47436364,0,0,0
20718,36426,-87.07084232,31.10881185,0,0,0
20719,71913,-93.05975251,34.41535353,0,0,0
20720,71639,-91.49135054,33.89945431,0,0,0
20721,72223,-92.5426148,34.7744988,0,0,0
20722,72004,-91.84841952,34.31858559,0,0,0
20723,71822,-94.1332512,33.67225538,0,0,0
20724,72201,-92.2824999,34.7440224,0,0,0
20725,72501,-91.65131428,35.77144147,0,0,0
20726,71941,-92.92309237,34.23741563,0,0,0
20727,72327,-90.22883086,35.28839777,0,0,0
20728,71642,-91.8511456,33.35778115,0,0,0
20729,72339,-90.2791016,35.4114496,0,0,0
20730,72437,-90.44452026,35.81997482,0,0,0
20731,72206,-92.23802,34.6791282,0,0,0
20732,72834,-93.15613065,35.22415947,0,0,0
20733,72332,-90.30824522,35.10275158,0,0,0
20734,71652,-92.29512929,33.85951093,0,0,0
20735,72326,-90.80579699,35.13217846,0,0,0
20736,72076,-92.1951353,34.8680505,0,0,0
20737,72940,-94.26227296,35.08247407,0,0,0
20738,71836,-94.39667177,33.72047142,0,0,0
20739,72333,-90.8523707,34.308364,0,0,0
20740,71749,-92.724451,33.0160215,0,0,0
20741,72611,-93.29223999,36.29497003,0,0,0
20742,72833,-93.39383347,35.05719438,0,0,0
20743,72532,-91.61886121,36.07162469,0,0,0
20744,72201,-92.2755342,34.7483662,0,0,0
20745,71801,-93.5985477,33.6920153,0,0,0
20746,72715,-94.229538,36.359628,0,0,0
20747,72735,-93.988737,36.100832,0,0,0
20748,71837,-93.8845446,33.2609512,0,0,0
20749,72209,-92.352408,34.6670784,0,0,0
20750,72201,-92.2750045,34.7474153,0,0,0
20751,72821,-93.76372177,35.44593298,0,0,0
20752,72935,-94.13802099,35.4919918,0,0,0
20753,72324,-90.7529497,35.40336871,0,0,0
20754,72070,-92.6952031,35.03397928,0,0,0
20755,72342,-90.79529132,34.41673902,0,0,0
20756,71639,-91.49128244,33.89948894,0,0,0
20757,72205,-92.3861241,34.74223453,0,0,0
20758,72348,-90.4703337,34.9486506,0,0,0
20759,72350,-90.1495704,35.5079968,0,0,0
20760,71753,-93.22951015,33.2644788,0,0,0
20761,72422,-90.58475291,36.40441342,0,0,0
20762,71701,-92.82835024,33.57563088,0,0,0
20763,72206,-92.27100404,34.72526768,0,0,0
20764,71724,-92.54183717,33.32944739,0,0,0
20765,72426,-90.04005578,35.85575807,0,0,0
20766,72021,-91.19750664,34.90247659,0,0,0
20767,71701,-92.81863937,33.56785125,0,0,0
20768,72206,-92.274541,34.748216,0,0,0
20769,72342,-90.58576564,34.52942962,0,0,0
20770,71639,-91.49116867,33.89935007,0,0,0
20771,72701,-94.16113189,36.06114715,0,0,0
20772,72523,-91.8488373,35.6653332,0,0,0
20773,71639,-91.49122113,33.8993017,0,0,0
20774,71701,-92.828489,33.5843546,0,0,0
20775,71639,-91.4979924,33.9058877,0,0,0
20776,71726,-93.02500431,33.70125493,0,0,0
20777,72206,-92.30654474,34.65133613,0,0,0
20778,72401,-90.6856722,35.809072,0,0,0
20779,71832,-94.34088361,34.03738537,0,0,0
20780,72830,-93.5225037,35.464643,0,0,0
20781,72046,-91.78373179,34.54209502,0,0,0
20782,72519,-92.13077593,36.12834839,0,0,0
20783,71801,-93.6709747,33.649354,0,0,0
20784,72901,-94.42597239,35.38570061,0,0,0
20785,71913,-92.9518393,34.4325292,0,0,0
20786,72401,-90.68092684,35.80808783,0,0,0
20787,72904,-94.37562032,35.38393582,0,0,0
20788,72072,-91.7577637,34.5454741,0,0,0
20789,71901,-93.05861334,34.50471744,0,0,0
20790,72904,-94.36753167,35.40310005,0,0,0
20791,35765,-85.84850185,34.68136288,0,0,0
20792,35051,-86.632625,33.1782689,0,0,0
20793,36201,-85.83115805,33.65898272,0,0,0
20794,36602,-88.041642,30.692754,0,0,0
20795,36476,-86.5484613,31.3469324,0,0,0
20796,35990,-86.306652,34.0656698,0,0,0
20797,35575,-87.54910746,34.04662734,0,0,0
20798,35603,-86.970611,34.5255006,0,0,0
20799,35671,-86.96768158,34.65891993,0,0,0
20800,35244,-86.7930959,33.348773,0,0,0
20801,36610,-88.0826645,30.7516834,0,0,0
20802,35956,-86.1299895,34.148026,0,0,0
20803,36040,-86.7123027,32.3279712,0,0,0
20804,36088,-85.7090681,32.4312837,0,0,0
20805,36038,-86.48394749,31.40673313,0,0,0
20806,36541,-88.3410709,30.4775842,0,0,0
20807,36575,-88.2815026,30.7853495,0,0,0
20808,36921,-88.3088445,31.9129533,0,0,0
20809,36420,-86.50051096,31.29460625,0,0,0
20810,36104,-86.29747319,32.37523442,0,0,0
20811,35229,-86.7933484,33.465277,0,0,0
20812,35010,-85.95904865,32.91927368,0,0,0
20813,35950,-86.2093093,34.2661526,0,0,0
20814,36104,-86.29723524,32.37523852,0,0,0
20815,35452,-87.6763512,33.2966082,0,0,0
20816,35601,-86.9848073,34.6069743,0,0,0
20817,36092,-86.1950975,32.5629985,0,0,0
20818,35801,-86.5982978,34.7459242,0,0,0
20819,36830,-85.47977123,32.55396794,0,0,0
20820,35954,-86.0693483,34.0199163,0,0,0
20821,36360,-85.64068994,31.45873125,0,0,0
20822,35901,-86.012324,34.0172127,0,0,0
20823,36027,-85.1381948,31.8911111,0,0,0
20824,36303,-85.4575588,31.2774054,0,0,0
20825,36104,-86.29693935,32.37525401,0,0,0
20826,35010,-85.9343238,32.8547466,0,0,0
20827,36602,-88.04563934,30.69085093,0,0,0
20828,36688,-88.17523929,30.69548132,0,0,0
20829,36608,-88.168632,30.5865,0,0,0
20830,36617,-88.0823311,30.7140115,0,0,0
20831,36108,-86.39113897,32.30467918,0,0,0
20832,35124,-86.7562137,33.326721,0,0,0
20833,35501,-87.26579158,33.83723701,0,0,0
20834,36104,-86.29743709,32.37465905,0,0,0
20835,36610,-88.0665728,30.7274291,0,0,0
20836,35660,-87.66696562,34.76933198,0,0,0
20837,36604,-88.0623958,30.6839113,0,0,0
20838,36582,-88.17233396,30.56798047,0,0,0
20839,36830,-85.4755375,32.60815161,0,0,0
20840,36830,-85.42719852,32.61442107,0,0,0
20841,35601,-86.9846481,34.60679276,0,0,0
20842,36611,-88.0744014,30.7648094,0,0,0
20843,36104,-86.31094685,32.37624984,0,0,0
20844,36605,-88.08823354,30.6606825,0,0,0
20845,36474,-86.61332542,31.40990705,0,0,0
20846,35976,-86.198114,34.384731,0,0,0
20847,36432,-87.02169757,31.29950239,0,0,0
20848,36617,-88.0937113,30.7008313,0,0,0
20849,36360,-85.63954996,31.45861182,0,0,0
20850,35120,-86.43115825,33.65811413,0,0,0
20851,36442,-86.316372,30.995663,0,0,0
20852,36567,-87.71448223,30.56692546,0,0,0
20853,35801,-86.58709557,34.73157692,0,0,0
20854,36467,-86.2552778,31.2866062,0,0,0
20855,36258,-85.80871161,33.4771597,0,0,0
20856,36451,-87.77862963,31.69007396,0,0,0
20857,36034,-86.17025339,31.66668312,0,0,0
20858,35952,-86.42040424,34.08194488,0,0,0
20859,35661,-87.6658715,34.7487922,0,0,0
20860,36353,-85.33677304,31.42048107,0,0,0
20861,35801,-86.5149865,34.74204818,0,0,0
20862,35967,-85.618638,34.500776,0,0,0
20863,35481,-88.01589333,33.37639909,0,0,0
20864,35121,-86.48934238,33.92964619,0,0,0
20865,36104,-86.305494,32.371297,0,0,0
20866,36763,-87.95032559,32.25206011,0,0,0
20867,35401,-87.55595789,33.17321629,0,0,0
20868,36603,-88.0672377,30.6996034,0,0,0
20869,36783,-87.62347128,32.26791833,0,0,0
20870,36420,-86.4499478,31.3183897,0,0,0
20871,35203,-86.81295807,33.5179728,0,0,0
20872,72335,-90.79103857,35.0403962,0,0,0
20873,72905,-94.30300403,35.30539502,0,0,0
20874,36117,-86.2078196,32.3659688,0,0,0
20875,36618,-88.1491351,30.7212508,0,0,0
20876,35976,-86.2933447,34.3587595,0,0,0
20877,36475,-87.24808444,31.4091052,0,0,0
20878,35405,-87.5027947,33.1683888,0,0,0
20879,36104,-86.3019623,32.3802835,0,0,0
20880,36401,-86.96059041,31.45072457,0,0,0
20881,36860,-85.41453569,32.23991439,0,0,0
20882,36265,-85.7621871,33.7836799,0,0,0
20883,36693,-88.15761535,30.62082644,0,0,0
20884,35405,-87.5615168,33.1205972,0,0,0
20885,35022,-86.9932092,33.3735566,0,0,0
20886,36104,-86.3056893,32.3795178,0,0,0
20887,35043,-86.63161641,33.34072632,0,0,0
20888,35207,-86.8182437,33.5531507,0,0,0
20889,35976,-86.20732349,34.40076868,0,0,0
20890,36603,-88.040868,30.68307044,0,0,0
20891,35242,-86.7231505,33.365693,0,0,0
20892,35040,-86.78227691,33.17916409,0,0,0
20893,35571,-87.9294199,34.3338318,0,0,0
20894,36104,-86.2960497,32.3780111,0,0,0
20895,35160,-86.10328428,33.43744366,0,0,0
20896,35204,-86.8512778,33.5315616,0,0,0
20897,35570,-87.9758057,34.0811835,0,0,0
20898,36265,-85.73753335,33.86731337,0,0,0
20899,36104,-86.30076045,32.37967896,0,0,0
20900,35476,-87.6376924,33.2334237,0,0,0
20901,35405,-87.5500828,33.1537832,0,0,0
20902,35209,-86.8303626,33.4658259,0,0,0
20903,36109,-86.26410188,32.40548841,0,0,0
20904,36801,-85.3524286,32.6505394,0,0,0
20905,35570,-87.99540269,34.1152582,0,0,0
20906,35203,-86.8089771,33.52283,0,0,0
20907,36017,-85.5072196,31.6635281,0,0,0
20908,36502,-87.47068016,31.02387536,0,0,0
20909,36104,-86.2944194,32.3806333,0,0,0
20910,99689,-139.73034,59.54641884,0,0,0
20911,99770,-160.0103506,66.6028302,0,0,0
20912,99729,-148.9028803,63.3883574,0,0,0
20913,99671,-162.2877431,63.52220774,0,0,0
20914,99709,-147.777182,64.83176781,0,0,0
20915,99741,-156.9244598,64.7388249,0,0,0
20916,99833,-132.95775,56.810589,0,0,0
20917,99782,-160.0310855,70.63816645,0,0,0
20918,99791,-157.4162094,70.47835303,0,0,0
20919,99613,-156.6696226,58.68330743,0,0,0
20920,99760,-149.097088,64.556219,0,0,0
20921,99559,-161.8379276,60.78752393,0,0,0
20922,99721,-151.7332447,68.14276505,0,0,0
20923,99752,-162.5909769,66.89503395,0,0,0
20924,99929,-132.3836107,56.4711759,0,0,0
20925,99701,-150.1790793,67.2535456,0,0,0
20926,99574,-145.7601296,60.54418583,0,0,0
20927,99581,-164.5398102,62.7773252,0,0,0
20928,99662,-165.5842675,61.84305791,0,0,0
20929,99684,-160.7959787,63.87839841,0,0,0
20930,99588,-145.529135,62.10826389,0,0,0
20931,99762,-165.4077633,64.5017661,0,0,0
20932,99557,-159.5375492,61.5732955,0,0,0
20933,99929,-132.3775,56.4694948,0,0,0
20934,99692,-166.5439658,53.88963941,0,0,0
20935,99835,-135.3927916,57.1125264,0,0,0
20936,99686,-146.3554,61.130589,0,0,0
20937,99657,-161.3261095,61.7852877,0,0,0
20938,99658,-163.1837712,62.0502925,0,0,0
20939,99830,-133.9432051,56.97413473,0,0,0
20940,99741,-156.8777131,64.74819786,0,0,0
20941,99727,-161.1240363,65.978501,0,0,0
20942,99921,-133.1519886,55.47574551,0,0,0
20943,99676,-150.0346791,62.1367416,0,0,0
20944,99686,-146.349295,61.130498,0,0,0
20945,99654,-149.6309744,61.58444613,0,0,0
20946,99620,-163.5519283,63.0327389,0,0,0
20947,99632,-163.7248825,62.0920835,0,0,0
20948,99693,-148.6859376,60.77230926,0,0,0
20949,99801,-134.6181782,58.3707891,0,0,0
20950,99664,-149.4390089,60.10307426,0,0,0
20951,99604,-166.0960888,61.53050602,0,0,0
20952,99820,-134.5823135,57.49877001,0,0,0
20953,99762,-165.4081211,64.49799307,0,0,0
20954,99658,-163.1826583,62.0496747,0,0,0
20955,99723,-156.7822956,71.2932243,0,0,0
20956,99737,-145.7303848,64.03761446,0,0,0
20957,99615,-152.3636692,57.81100568,0,0,0
20958,99606,-154.8964044,59.7194144,0,0,0
20959,99574,-145.7600918,60.5435272,0,0,0
20960,99833,-132.9589793,56.81117851,0,0,0
20961,99587,-149.1715261,60.94087211,0,0,0
20962,99571,-162.7196694,55.20468167,0,0,0
20963,99743,-149.0059337,63.87053014,0,0,0
20964,99925,-133.097287,55.54754,0,0,0
20965,99925,-133.0955738,55.55231744,0,0,0
20966,99901,-131.7273437,55.41043633,0,0,0
20967,99764,-141.7714468,63.0112828,0,0,0
20968,99829,-135.442411,58.10702289,0,0,0
20969,99663,-151.7139945,59.4387313,0,0,0
20970,99669,-151.089609,60.474314,0,0,0
20971,99639,-151.6663236,60.0436214,0,0,0
20972,60612,-87.7053545,41.8734243,0,0,0
20973,99572,-149.8562349,60.4890186,0,0,0
20974,99664,-149.4391231,60.1031743,0,0,0
20975,99501,-149.8880263,61.2212249,0,0,0
20976,99637,-165.1090128,60.5311645,0,0,0
20977,99502,-149.9971351,61.1823451,0,0,0
20978,99827,-135.4477571,59.23174709,0,0,0
20979,99689,-139.749328,59.558913,0,0,0
20980,99901,-131.6476445,55.3428928,0,0,0
20981,99738,-141.204062,64.78767,0,0,0
20982,99827,-135.4461552,59.2355549,0,0,0
20983,99829,-135.4389369,58.1106831,0,0,0
20984,99576,-158.4663872,59.04092395,0,0,0
20985,99759,-163.0140518,69.7422156,0,0,0
20986,99627,-155.5962556,62.95338153,0,0,0
20987,99747,-143.613191,70.127108,0,0,0
20988,99637,-165.1092823,60.53116687,0,0,0
20989,99650,-162.8824122,61.9360885,0,0,0
20990,04605,-68.4532644,44.5683301,0,0,0
20991,99634,-161.9708947,60.6945753,0,0,0
20992,62642,-89.73911253,40.08460315,0,0,0
20993,99659,-162.03226,63.47887975,0,0,0
20994,40330,-84.84503128,37.76285209,0,0,0
20995,99694,-149.8014098,61.63116941,0,0,0
20996,99508,-149.8077507,61.2065231,0,0,0
20997,21601,-76.06698564,38.74245974,0,0,0
20998,67669,-99.27399919,39.43756863,0,0,0
20999,62940,-89.4869446,37.7187592,0,0,0
21000,62966,-89.2527425,37.77613375,0,0,0
21001,62933,-89.02596802,37.77555388,0,0,0
21002,99559,-161.7661574,60.70805366,0,0,0
21003,99507,-149.8061979,61.17920403,0,0,0
21004,83402,-112.0588676,43.5100814,0,0,0
21005,62901,-89.2072641,37.7225317,0,0,0
21006,83204,-112.3982896,42.82877408,0,0,0
21007,83501,-116.9923146,46.4293149,0,0,0
21008,99585,-162.0811367,61.87593702,0,0,0
21009,47331,-85.12898349,39.63304021,0,0,0
21010,46135,-86.88719499,39.56688789,0,0,0
21011,99508,-149.828268,61.21082011,0,0,0
21012,83814,-116.7957572,47.6792743,0,0,0
21013,61865,-87.80725003,40.30583628,0,0,0
21014,99645,-149.1110369,61.60230284,0,0,0
21015,61850,-87.7403047,39.9271558,0,0,0
21016,99559,-162.2808116,60.8573476,0,0,0
21017,60431,-88.180854,41.500518,0,0,0
21018,96762,-157.9253441,21.6415077,0,0,0
21019,70514,-91.54437515,29.83043578,6,0,6
21020,30642,-83.191308,33.5671771,34,0,34
21021,68015,-96.610853,41.3967563,1,1,2
21022,43759,-81.07485271,40.06429759,0,0,0
21023,65101,-92.1521367,38.5529764,0,0,0
21024,42754,-86.2704489,37.4891252,0,0,0
21025,83642,-116.3817282,43.5980986,0,0,0
21026,66072,-94.99270077,38.32874036,0,0,0
21027,40409,-84.414836,37.402912,0,0,0
21028,57262,-97.04774945,45.66428372,4,1,5
21029,21502,-78.830291,39.6394409,0,0,0
21030,38366,-88.682271,35.4978948,0,0,0
21031,24740,-81.05384828,37.36334342,0,0,0
21032,63545,-92.95422377,40.26723677,0,0,0
21033,67101,-97.45986263,37.75613431,0,0,0
21034,57037,-97.1603385,43.08255001,0,0,0
21035,68633,-96.8840574,41.7216396,0,0,0
21036,27017,-80.7167739,36.3842722,2,3,5
21037,52501,-92.4154935,41.0205859,11,0,11
21038,07728,-74.2719663,40.2613151,0,0,0
21039,41472,-83.26986904,37.9045655,0,0,0
21040,24141,-80.5794738,37.1302329,0,0,0
21041,37027,-86.8050584,36.0344668,0,0,0
21042,62311,-90.9504806,40.23002778,0,0,0
21043,43943,-80.69026238,40.18580191,0,0,0
21044,54301,-88.01476418,44.51303724,0,0,0
21045,73572,-98.3218615,34.3651722,0,0,0
21046,63944,-90.45121196,37.12660363,0,0,0
21048,73735,-98.0368688,36.299432,0,0,0
21049,02302,-71.01627174,42.08486959,197,0,197
21050,28655,-81.6870732,35.741221,67,2,69
21051,27052,-80.1429318,36.2957819,7,9,16
21052,12209,-73.77804161,42.62986168,0,0,0
21053,70037,-89.9835302,29.8568444,145,4,149
21054,02738,-70.767653,41.7059927,14,11,25
21055,72764,-94.13449669,36.23747935,5,4,9
21056,13202,-76.1470937,43.0478,242,0,242
21057,44035,-82.1364067,41.3455449,77,9,86
21058,94533,-122.0398549,38.247667,113,12,125
21059,03854,-70.7159157,43.071145,3,2,5
21060,03048,-71.76946303,42.74456307,3,3,6
21061,46036,-85.84051593,40.27476223,12,1,13
21062,78840,-100.8470102,29.3742836,31,3,34
21063,85541,-111.3210174,34.24451184,32,0,32
21064,88045,-108.7004571,32.3467549,11,0,11
21065,78560,-98.48451285,26.25268933,34,0,34
21066,34237,-82.52854791,27.33487638,183,0,183
21067,32625,-83.03202195,29.13646783,4,3,7
21068,28036,-80.8499965,35.4982675,16,0,16
21069,21783,-77.57500563,39.6534359,0,0,0
21070,38477,-86.88920432,35.05187528,0,0,0
21071,62056,-89.6942801,39.1746139,0,0,0
21072,28590,-77.401572,35.5283206,20,2,22
21073,03861,-71.0156433,43.1240133,7,1,8
21074,30720,-85.00222012,34.77744035,9,2,11
21075,65625,-93.8698296,36.6767352,10,0,10
21076,54311,-87.9215859,44.53048,5,6,11
21077,30707,-85.28387235,34.88238835,5,5,10
21078,63876,-90.1614615,36.134361,3,1,4
21079,61041,-90.2836175,42.2569881,2,4,6
21080,60545,-88.53567265,41.66330868,12,3,15
21081,23434,-76.5822771,36.7291758,22,13,35
21082,56110,-95.93354292,43.63452812,2,1,3
21083,62246,-89.4131286,38.88917274,10,4,14
21084,37066,-86.4467342,36.3865991,79,7,86
21085,43606,-83.6149399,41.6544787,39,1,40
21086,98201,-122.2062457,47.9774111,287,3,290
21087,63114,-90.3657853,38.7195359,14,4,18
21088,64085,-93.9782226,39.2755008,13,1,14
21089,33178,-80.79750538,25.76050101,36,0,36
21090,92407,-117.3877514,34.17771719,0,0,0
21091,06235,-72.12503291,41.8014583,0,0,0
21092,94965,-122.5129663,37.8736774,0,0,0
21093,99336,-119.2178913,46.2217725,58,0,58
21094,92705,-117.8379379,33.7675972,0,0,0
21095,22973,-78.419104,38.2858302,27,6,33
21096,16342,-79.92841925,41.36777311,2,1,3
21097,97141,-123.8046011,45.4248195,0,0,0
21098,87110,-106.5725616,35.10295369,39,0,39
21099,30318,-84.40124999,33.77893563,62,0,62
21100,37763,-84.5142194,35.8705969,37,12,49
21101,49862,-86.6496708,46.4091707,0,0,0
21102,59029,-108.9086133,45.39164594,0,0,0
21103,83619,-116.9230748,44.0094185,8,0,8
21104,63025,-90.631108,38.4950206,23,1,24
21105,13746,-75.8300249,42.2135204,0,0,0
21106,13224,-76.11244284,43.05256377,0,0,0
21107,11365,-73.8106467,40.7300641,0,0,0
21108,60450,-88.42292395,41.35670511,0,0,0
21109,28657,-81.92808654,36.08881993,0,0,0
21110,11221,-73.9243413,40.6895139,0,0,0
21111,11220,-74.0224538,40.6388656,0,0,0
21112,35574,-87.98610862,33.58605085,0,0,0
21113,70663,-93.3770123,30.231816,0,0,0
21114,82901,-109.231397,41.62428222,0,0,0
21115,37339,-85.66660652,35.37122762,0,0,0
21116,75124,-96.00673939,32.30665986,3,2,5
21117,75439,-96.2730905,33.5790582,1,0,1
21118,77477,-95.578705,29.6484897,14,0,14
21119,89705,-119.7668274,39.09664782,0,0,0
21120,27880,-78.05834921,35.76095736,0,0,0
21121,99840,-135.3074928,59.46323778,0,0,0
21122,03579,-71.13680796,44.78102499,0,0,0
21123,27260,-79.99778654,35.95502947,0,0,0
21124,99301,-119.0750102,46.23261142,0,0,0
21126,21804,-75.49888633,38.30457732,0,0,0
21127,99576,-158.4682595,59.04283279,0,0,0
21128,27576,-78.29541806,35.53691407,0,0,0
21129,66402,-95.81733935,38.90747606,0,0,0
21130,66510,-95.63812359,38.50624326,0,0,0
21131,66061,-94.80805926,38.86453597,0,0,0
21132,28345,-79.71233179,34.90814243,0,0,0
21133,21224,-76.54652336,39.29065281,0,0,0
21134,66503,-96.66429924,39.14009808,0,0,0
21135,28562,-77.09133697,35.12635515,0,0,0
21136,54115,-88.18657383,44.49082256,0,0,0
21137,27406,-79.7928869,36.04182608,0,0,0
21138,08742,-74.0469075,40.0869543,0,0,0
21139,89449,-119.9344813,38.96984095,0,0,0
21140,96722,-159.4790657,22.2123183,0,0,0
21141,98501,-122.9101154,46.98401749,0,0,0
21142,84075,-112.2408452,41.05613815,0,0,0
21143,54873,-91.5330299,46.30265429,0,0,0
21144,63633,-90.95952022,37.43548219,0,0,0
21145,54638,-90.36653983,43.79194691,0,0,0
21146,66087,-95.09881053,39.7828236,0,0,0
21147,26074,-80.59332135,40.16960414,0,0,0
21148,21218,-76.6143538,39.3292998,0,0,0
21149,04730,-67.83882881,46.12489486,0,0,0
21150,44065,-81.24670751,41.46366791,0,0,0
21151,67455,-98.14479612,39.04102224,0,0,0
21152,08060,-74.79084916,39.99613458,0,0,0
21153,99556,-151.8338591,59.7779487,0,0,0
21154,62674,-89.99555022,39.43418954,0,0,0
21155,40391,-84.17924892,37.99354629,0,0,0
21156,08530,-74.9191214,40.3291846,0,0,0
21157,66835,-96.26238661,38.50612791,0,0,0
21158,28752,-81.95554002,35.65287541,0,0,0
21159,41035,-84.59093563,38.7150674,0,0,0
21160,41701,-83.1953221,37.24864568,0,0,0
21161,64790,-94.23026193,37.89869075,0,0,0
21162,27812,-77.36893675,35.80438433,0,0,0
21163,64857,-94.43411772,37.24047434,0,0,0
21164,27855,-77.09751467,36.43928857,0,0,0
21165,53962,-90.25658611,43.6773939,0,0,0
21166,47906,-86.86774415,40.50357294,0,0,0
21167,63758,-89.54902623,37.19094494,0,0,0
21168,68508,-96.7007023,40.8116921,0,0,0
21169,38930,-90.20487231,33.50173367,0,0,0
21170,21204,-76.6199445,39.3911311,0,0,0
21171,64473,-95.1436538,39.9862441,0,0,0
21172,53089,-88.24276318,43.14925345,0,0,0
21173,27983,-76.94655004,35.99715288,0,0,0
21174,66846,-96.5002671,38.6579678,0,0,0
21175,66857,-95.6341087,38.0836682,0,0,0
21176,59101,-108.4970467,45.775574,0,0,0
21177,84648,-111.8447275,39.6744288,0,0,0
21178,58701,-101.2873227,48.23300711,0,0,0
21179,26266,-80.50746497,38.40877072,0,0,0
21180,53006,-88.49212071,43.61571718,0,0,0
21181,54631,-90.84505339,43.31773035,0,0,0
21182,54642,-90.9960344,44.1306311,0,0,0
21183,66509,-95.72359596,39.33796261,0,0,0
21184,26060,-80.56974343,40.08773358,0,0,0
21186,67454,-98.157636,38.7109963,0,0,0
21187,26250,-79.94961979,38.97809772,0,0,0
21188,33025,-80.27133471,26.00778807,238,0,238
21189,65264,-91.64669273,39.10090304,0,0,0
21190,63369,-90.74670278,38.93088586,0,0,0
21191,21801,-75.5987395,38.3658397,0,0,0
21192,08902,-74.4891559,40.4284355,0,0,0
21193,21620,-76.07556176,39.21265103,0,0,0
21194,46219,-86.01663527,39.79706722,0,0,0
21195,64874,-94.05478458,36.76299535,0,0,0
21196,65265,-91.87913607,39.16540258,0,0,0
21197,21401,-76.49123919,38.97886338,0,0,0
21198,27909,-76.27788387,36.34698256,0,0,0
21199,27976,-76.35571788,36.5049342,0,0,0
21200,65623,-93.90710363,36.74915997,0,0,0
21201,65761,-92.67040229,36.58257509,0,0,0
21202,47941,-86.78129488,40.37364768,2,4,6
21203,46227,-86.13856541,39.69442397,0,0,0
21204,65747,-93.64098265,36.63951008,0,0,0
21205,64456,-94.41607407,40.48664562,0,0,0
21206,65560,-91.5357261,37.6457207,0,0,0
21207,64443,-94.64142256,39.72218067,0,0,0
21208,24801,-81.57136263,37.43204531,0,0,0
21209,26070,-80.60870817,40.27559023,0,0,0
21210,66002,-95.14844892,39.55881403,0,0,0
21211,27703,-78.88139108,35.97393793,0,0,0
21212,99664,-149.3359416,60.093163,0,0,0
21213,38053,-90.032824,35.3438776,0,0,0
21214,21287,-76.59188211,39.29770879,0,0,0
21215,46204,-86.163941,39.769655,0,0,0
21216,20774,-76.84530347,38.9111932,0,0,0
21217,41311,-83.70769823,37.57034945,0,0,0
21218,28504,-77.61288585,35.26926437,0,0,0
21219,67547,-99.41101284,37.92102895,0,0,0
21220,46227,-86.13973813,39.70941965,0,0,0
21221,63620,-90.6994336,37.3612812,0,0,0
21222,63967,-90.3342421,36.93810362,0,0,0
21223,27893,-77.9226761,35.71624854,0,0,0
21224,21202,-76.6097409,39.290251,0,0,0
21225,21901,-75.95661345,39.64096555,0,0,0
21226,28358,-79.02111926,34.61143505,0,0,0
21227,67901,-100.9205924,37.04154485,0,0,0
21228,63345,-91.57368056,39.27871941,0,0,0
21229,27909,-76.28018529,36.27327656,0,0,0
21230,42001,-88.61253195,37.08076029,0,0,0
21231,28315,-79.43356303,35.12612509,0,0,0
21232,65201,-92.32414253,38.94115371,0,0,0
21234,66547,-96.30611522,39.2015622,0,0,0
21235,67045,-96.29473717,37.82156697,0,0,0
21236,63559,-92.70286493,40.23109841,0,0,0
21237,46804,-85.254753,41.0310019,0,0,0
21238,67114,-97.32781547,38.05772672,0,0,0
21239,54494,-89.82131719,44.39263078,0,0,0
21240,65655,-92.44896966,36.5999721,0,0,0
21241,46068,-86.08612117,40.37887855,0,0,0
21242,82604,-106.3785312,42.81997341,0,0,0
21243,20747,-76.87374,38.8402509,0,0,0
21244,05478,-73.06555206,44.80926327,0,0,0
21245,30315,-84.41464112,33.68077749,58,0,58
21246,05701,-72.97737409,43.63565868,0,0,0
21247,05156,-72.48135162,43.29690326,0,0,0
21248,64036,-93.93631131,39.23562486,0,0,0
21249,05401,-73.1902616,44.4745594,0,0,0
21250,58413,-99.37295441,46.03514081,0,0,0
21251,20794,-76.77723389,39.14386082,0,0,0
21253,28379,-79.77165317,34.93872731,0,0,0
21254,72601,-93.15003244,36.26823109,0,0,0
21255,93117,-119.8510884,34.4388335,0,0,0
21256,27101,-80.24806554,36.10413701,0,0,0
21257,63333,-91.35458549,39.00691454,0,0,0
21258,28512,-76.89026206,34.6876944,0,0,0
21259,63744,-89.73555779,37.19580113,0,0,0
21260,27103,-80.26765601,36.07066529,0,0,0
21261,28027,-80.61487608,35.44559853,0,0,0
21262,55119,-93.0139707,44.9269448,0,0,0
21263,20678,-76.5814231,38.5382778,0,0,0
21264,26575,-80.45722944,39.68393502,0,0,0
21265,21046,-76.8104979,39.1881504,0,0,0
21266,30650,-83.4901145,33.5791542,0,0,0
21267,28146,-80.44752177,35.61455403,0,0,0
21268,24141,-80.54755695,37.13903146,0,0,0
21269,02532,-70.5882186,41.7436769,0,0,0
21270,20770,-76.89973128,38.99855588,0,0,0
21271,68664,-96.78875108,41.70361517,0,0,0
21272,27376,-79.48640698,35.20587743,0,0,0
21273,84114,-111.9363797,40.77212224,83,25,108
21274,50023,-93.60570257,41.73022855,48,0,48
21275,02108,-71.05958153,42.35878043,80,0,80
21276,55128,-92.9631993,45.000126,0,0,0
21277,62561,-89.5313865,39.859494,0,0,0
21278,08098,-75.3570001,39.6301788,0,0,0
21279,28152,-81.66545515,35.24737094,0,0,0
21280,28655,-81.77910232,35.72940308,0,0,0
21281,20832,-77.0548885,39.1539514,0,0,0
21282,43015,-83.0478974,40.3122304,0,0,0
21283,81001,-104.6251474,38.33195921,0,0,0
21284,25570,-82.44541089,38.21840183,0,0,0
21285,33913,-81.7552225,26.52778,37,0,37
21286,15061,-80.29628995,40.6782097,5,1,6
21287,19107,-75.1612648,39.95186932,256,0,256
21288,95814,-121.4974122,38.57531899,330,0,330
21289,33406,-80.09333872,26.64951649,176,0,176
21290,30297,-84.39359211,33.62033178,17,0,17
21291,75946,-94.4894772,31.8280415,1,0,1
21292,79108,-101.6546155,35.2501817,1,0,1
21293,75973,-94.0780263,31.7557676,3,2,5
21294,02886,-71.48132171,41.71275361,25,0,25
21295,32304,-84.29764155,30.44020845,62,1,63
21296,71655,-91.8087871,33.5911121,6,3,9
21297,72012,-91.8951395,35.0704813,4,3,7
21298,35487,-87.5337135,33.20312237,61,0,61
21299,29506,-79.72839764,34.1931372,7,0,7
21300,03301,-71.5429617,43.195952,7,0,7
21301,08210,-74.802868,39.1008321,36,0,36
21302,53190,-88.7425814,42.8408832,12,2,14
21303,54880,-92.08962491,46.71900501,1,0,1
21304,53702,-89.3841249,43.0748187,35,6,41
21305,45237,-84.4702489,39.1953407,14,0,14
21306,60115,-88.76456379,41.93607418,59,0,59
21307,23284,-77.45291919,37.54977317,74,0,74
21308,23909,-78.39592541,37.29905921,15,9,24
21309,40210,-85.77748612,38.22555695,1,0,1
21310,07083,-74.2323634,40.6767236,27,0,27
21311,24502,-79.18449098,37.35888776,1,3,4
21312,14623,-77.610244,43.100964,1,7,8
21313,17325,-77.23148968,39.82934159,1,0,1
21314,50011,-93.6509667,42.0296313,31,0,31
21315,52804,-90.68689984,41.52313957,8,6,14
21316,39406,-89.3340614,31.3309909,26,0,26
21317,18801,-75.87677214,41.83480387,1,10,11
21318,70122,-90.05403599,30.03083085,30,0,30
21319,13850,-75.9680141,42.0897789,36,0,36
21320,98926,-120.5441922,47.0045495,14,0,14
21321,48309,-83.2191392,42.6713622,21,0,21
21322,99709,-147.873902,64.8130857,24,0,24
21323,84408,-111.9461116,41.19322534,9,35,44
21324,99901,-131.7092152,55.3571301,3,0,3
21325,42101,-86.456657,36.9870162,25,0,25
21326,66801,-96.1790388,38.4178632,9,0,9
21327,67701,-101.0528902,39.3775812,1,0,1
21328,23824,-77.95061259,37.04975733,4,0,4
21329,66506,-96.58668287,39.19958075,20,0,20
21330,67209,-97.4330874,37.6550033,28,0,28
21331,63145,-90.3659818,38.7428139,89,0,89
21332,55404,-93.2406518,44.9583683,60,60,120
21333,89801,-115.7272379,40.86947046,5,4,9
21334,32901,-80.63017543,28.09758362,11,0,11
21335,48128,-83.2375115,42.3200925,6,0,6
21336,43403,-83.6375228,41.3755062,23,0,23
21337,27110,-80.22505095,36.09195923,16,1,17
21338,55720,-92.51353388,46.71209617,10,0,10
21339,38152,-89.9354324,35.117753,31,0,31
21340,23806,-77.4162653,37.23813353,16,0,16
21341,37617,-82.4084354,36.4850213,5,10,15
21342,55155,-93.08411647,44.95628321,200,0,200
21343,28608,-81.68054515,36.21222811,25,0,25
21344,55106,-93.03923075,44.9769207,65,0,65
21345,07102,-74.17425422,40.74011476,34,0,34
21346,29909,-80.97621999,32.30196453,2,0,2
21347,29607,-82.37121615,34.82649654,9,4,13
21348,93101,-119.6935723,34.40374289,11,0,11
21349,21228,-76.72341061,39.26666557,11,0,11
21350,95815,-121.4342272,38.5932607,6,241,247
21351,86401,-114.0004783,35.2304301,5,0,5
21352,43615,-83.66826774,41.68072928,23,0,23
21353,19130,-75.16282927,39.9610377,450,0,450
21354,10010,-73.984411,40.73904,40,0,40
21355,30060,-84.51804354,33.93864111,17,0,17
21356,82071,-105.5846901,41.31378051,13,0,13
21357,82604,-106.4646372,42.89713595,8,0,8
21358,75791,-95.172798,32.2422973,2,0,2
21359,29016,-80.973767,34.1783638,103,0,103
21360,70062,-90.27890584,29.98649775,16,0,16
21361,16802,-77.86087913,40.80231675,48,0,48
21362,90506,-118.3272394,33.8830565,27,0,27
21363,75474,-96.1313974,32.9101476,4,0,4
21364,94542,-122.0567518,37.6557315,13,0,13
21365,29201,-81.03205261,33.99900769,86,0,86
21366,31909,-84.9397605,32.51812605,10,3,13
21367,16933,-77.0721676,41.8040848,11,1,12
21368,31520,-81.48617603,31.18276246,8,18,26
21369,02881,-71.52460436,41.48332131,24,0,24
21370,17901,-76.19904892,40.68765534,7,0,7
21371,78701,-97.74418129,30.26981525,9,0,9
21372,72035,-92.4606469,35.0787199,25,1,26
21373,72205,-92.38720579,34.7592516,183,0,183
21374,36602,-88.0411639,30.70233593,48,0,48
21375,33913,-81.77536632,26.46150176,13,0,13
21376,31206,-83.73396197,32.80816445,0,7,7
21377,32611,-82.342906,29.6443208,85,5,90
21378,29201,-81.03358374,33.9992288,238,0,238
21379,79925,-106.3571408,31.7624994,1,0,1
21380,60098,-88.5558217,42.3581471,11,0,11
21381,28034,-81.18911494,35.31118417,7,0,7
21382,28301,-78.89138528,35.07724158,18,0,18
21383,64105,-94.31466925,38.99349536,15,0,15
21384,64089,-94.5167381,39.4052133,7,3,10
21385,41048,-84.65361182,39.05764843,54,0,54
21386,58202,-97.08453907,47.92010224,12,1,13
21387,99224,-117.536769,47.6257951,16,1,17
21388,38238,-88.86344843,36.34134585,12,0,12
21389,26074,-80.6014888,40.1658135,4,7,11
21390,61938,-88.3822,39.4107643,5,8,13
21391,25443,-77.80410978,39.43363789,8,5,13
21392,08240,-74.5279589,39.4998663,21,0,21
21393,24712,-81.00692057,37.4247319,7,0,7
21394,10314,-74.14861144,40.60384843,45,0,45
21395,60099,-87.8315588,42.4512994,0,9,9
21396,60073,-88.075281,42.384618,3,1,4
21397,56633,-94.6125379,47.3722463,4,0,4
21398,24641,-81.7937729,37.0049927,4,1,5
21399,28723,-83.1869055,35.30627301,18,4,22
21400,74350,-95.04379114,36.46885121,8,8,16
21401,37617,-82.4079043,36.4810063,16,0,16
21402,84627,-111.5830791,39.36116563,2,0,2
21403,65211,-92.32495136,38.93876769,32,0,32
21404,21532,-78.9340086,39.6525348,16,0,16
21405,85007,-112.0874023,33.44877595,2,0,2
21406,85034,-111.9967403,33.4497925,2,0,2
21407,17237,-77.54164715,39.84333182,4,2,6
21408,22030,-77.30586448,38.83535628,52,0,52
21409,86301,-112.4556754,34.54555043,5,2,7
21410,36104,-86.297625,32.3742068,25,0,25
21411,76086,-97.7895739,32.7404475,5,8,13
21412,75110,-96.5006323,32.0772526,10,1,11
21413,10031,-73.95081481,40.81957518,44,0,44
21414,35611,-86.96675545,34.80527688,0,10,10
21415,70808,-91.12906059,30.39914935,235,0,235
21416,74701,-96.37538346,34.00463745,7,0,7
21417,74447,-95.941332,35.6262544,6,5,11
21418,98686,-122.6348486,45.7322842,3,1,4
21419,44113,-81.6998301,41.5005739,97,0,97
21420,45764,-82.2235564,39.444997,5,5,10
21421,64468,-94.88344074,40.35324897,11,0,11
21422,63121,-90.31272018,38.70802636,19,0,19
21423,45056,-84.7208595,39.5072666,28,0,28
21424,66603,-95.6693835,39.05967519,5,0,5
21425,28804,-82.56667867,35.61769562,13,0,13
21426,89104,-115.1286164,36.1438811,23,0,23
21427,28557,-76.82145575,34.74154909,57,0,57
21428,22939,-78.991559,38.1179926,7,0,7
21429,46391,-86.89269078,41.58596805,7,7,14
21430,32211,-81.5734691,30.34047207,14,0,14
21431,11364,-73.75770583,40.75596793,26,0,26
21432,17701,-77.028688,41.2376656,20,0,20
21433,21201,-76.6166228,39.3058605,14,0,14
21434,28655,-81.6743421,35.7306183,15,4,19
21435,59101,-108.519426,45.79549824,8,1,9
21436,37216,-86.7467941,36.213285,281,0,281
21437,27603,-78.6403213,35.7858792,56,0,56
21438,08079,-75.466119,39.572883,20,0,20
21439,25755,-82.4255269,38.4222484,20,0,20
21440,48088,-82.974744,42.5070551,30,0,30
21441,45231,-84.5202085,39.2565509,36,14,50
21442,28403,-77.86819635,34.2192235,27,1,28
21443,43068,-82.7649176,39.9537798,26,0,26
21444,43222,-83.04477333,39.9537704,5,1,6
21445,73050,-97.26518947,35.94359678,9,0,9
21446,06106,-72.6786884,41.7630939,56,0,56
21447,06810,-73.44338632,41.40035081,15,0,15
21448,06226,-72.2164452,41.72416744,20,0,20
21449,06606,-73.2092259,41.2142675,8,0,8
21450,85012,-112.0712563,33.48409498,35,0,35
21451,81102,-105.880122,37.47250936,5,0,5
21452,45801,-84.0619664,40.7581394,6,8,14
21453,20001,-77.0193279,38.8977764,442,0,442
21454,99004,-117.5884102,47.4860089,12,3,15
21455,89512,-119.8074995,39.53958676,40,2,42
21456,26351,-80.83317026,38.93491578,2,0,2
21457,66619,-95.75958978,38.95742359,1,0,1
21458,22903,-78.52222225,38.04628044,53,1,54
21459,60153,-87.8434135,41.8793564,2,1,3
21460,53211,-87.88252098,43.07928343,34,1,35
21461,07960,-74.53878218,40.78872649,34,0,34
21462,66603,-95.67745073,39.05110333,10,0,10
21463,60625,-87.71861698,41.98179932,23,0,23
21464,62221,-89.9234334,38.5165644,13,0,13
21465,89701,-119.7640015,39.1635566,31,0,31
21466,20794,-76.7948005,39.139943,5,0,5
21467,46628,-86.315969,41.6992328,17,0,17
21468,55411,-93.2780133,45.0008148,36,0,36
21469,47408,-86.5133585,39.1792788,44,41,85
21470,65102,-92.17585323,38.57854893,30,0,30
21471,06106,-72.6830452,41.7622951,6,0,6
21472,14209,-78.8660703,42.9118221,86,0,86
21473,29730,-80.9950713,34.93529422,1,0,1
21474,29403,-79.9494516,32.7844577,62,0,62
21475,70807,-91.1564393,30.5326719,30,0,30
21476,17602,-76.30443418,40.03941143,22,0,22
21477,94539,-121.9158539,37.5294283,2,0,2
21478,72204,-92.3172198,34.7254406,12,0,12
21479,84112,-111.8409804,40.7598659,30,0,30
21480,60123,-88.32091641,42.01900739,9,0,9
21481,62703,-89.6409362,39.7583403,19,0,19
21482,43210,-83.033753,40.0023361,51,0,51
21483,61265,-90.520222,41.5069188,12,3,15
21484,40209,-85.7497131,38.2010951,21,0,21
21485,74953,-94.63420119,35.03946874,3,2,5
21486,89120,-115.110492,36.0691008,18,0,18
21487,60067,-88.0744257,42.0816308,11,3,14
21488,44094,-81.3646988,41.6374249,10,3,13
21489,45402,-84.2006028,39.7576596,22,1,23
21490,43219,-82.8927795,39.9980334,41,3,44
21491,49307,-85.488241,43.6834843,14,0,14
21492,63301,-90.484607,38.7991113,3,0,3
21493,65109,-92.2284597,38.5941132,204,0,204
21494,65803,-93.3824953,37.242273,10,0,10
21495,44256,-81.9124147,41.0999424,4,2,6
21496,60466,-87.7164392,41.4489852,8,11,19
21497,25709,-82.55561091,38.36932134,5,3,8
21498,62305,-91.33601989,39.91373867,2,0,2
21499,85086,-112.1670503,33.79953988,145,0,145
21500,19530,-75.7830345,40.51041265,14,0,14
21501,87301,-108.7256718,35.50301165,3,0,3
21502,77510,-95.1074676,29.3818191,7,0,7
21503,11367,-73.81601682,40.73620507,16,0,16
21504,15904,-78.8349412,40.2669245,13,7,20
21505,75644,-94.943113,32.7251003,1,0,1
21506,71601,-92.0195055,34.24064729,14,3,17
21507,35661,-87.67803323,34.73976247,7,6,13
21508,32940,-80.73669969,28.24823172,2,0,2
21509,84501,-110.8039893,39.60789084,1,5,6
21510,84058,-111.7100581,40.2781037,7,8,15
21511,63135,-90.29149653,38.77031885,9,0,9
21512,61554,-89.62916612,40.56445664,1,10,11
21513,62702,-89.6465288,39.840456,140,0,140
21514,60016,-87.8812827,42.0616801,11,0,11
21515,54603,-91.2531751,43.872843,4,0,4
21516,60134,-88.30805425,41.87901465,6,18,24
21517,45011,-84.387061,39.372623,2,5,7
21518,60661,-87.64169423,41.8779241,96,0,96
21519,60104,-87.87087939,41.88248073,1,12,13
21520,60053,-87.79701674,42.04167624,0,5,5
21521,60171,-87.84108501,41.91601856,10,3,13
21522,60513,-87.83266214,41.83166605,16,0,16
21523,44883,-83.1616526,41.1321283,4,2,6
21524,73072,-97.4349781,35.189808,37,0,37
21525,73701,-97.8858899,36.3880504,3,0,3
21526,29212,-81.12783487,34.08012208,4,0,4
21527,78390,-97.3914376,27.9850834,1,0,1
21528,11451,-73.79629713,40.70175438,30,0,30
21529,76904,-100.5030619,31.35720916,2,0,2
21530,63122,-90.4249849,38.5699404,9,11,20
21531,08028,-75.1195443,39.7073578,22,0,22
21532,60433,-88.0228591,41.4762181,12,0,12
21533,74030,-96.5854243,35.9940475,2,1,3
21534,27509,-78.7646558,36.1397797,49,0,49
21535,48506,-83.6159664,43.1064754,3,32,35
21536,48503,-83.670322,43.0220935,4,16,20
21537,21784,-76.9560543,39.3823154,4,0,4
21538,48933,-84.559262,42.7297655,27,2,29
21539,98108,-122.3023025,47.5370588,18,0,18
21540,74119,-95.9861761,36.147472,10,120,130
21541,89512,-119.8099867,39.53773706,39,0,39
21542,48824,-84.4832213,42.7214628,69,0,69
21543,66612,-95.6839525,39.0375206,82,0,82
21544,66603,-95.67318821,39.05084286,7,0,7
21545,44050,-82.136168,41.299745,14,5,19
21546,23504,-76.26032597,36.85020113,36,0,36
21547,60452,-87.7327299,41.5987002,30,0,30
21548,22401,-77.4748612,38.3004672,13,0,13
21549,44313,-81.5425322,41.1287112,30,0,30
21550,25311,-81.58349058,38.39190469,4,3,7
21551,46204,-86.1649512,39.7678564,11,0,11
21552,80215,-105.1070864,39.7261532,97,0,97
21553,49931,-88.54283041,47.11768715,9,0,9
21554,07470,-74.1966171,40.9451209,28,0,28
21555,28405,-77.9067182,34.2686255,9,0,9
21556,63376,-90.5958438,38.7916057,5,4,9
21557,62703,-89.61664442,39.73165463,15,0,15
21558,60441,-88.05509653,41.57735355,2,12,14
21559,61604,-89.62358704,40.7058165,5,13,18
21560,61801,-88.2235041,40.1130349,54,0,54
21561,60538,-88.3394769,41.7276269,4,30,34
21562,24293,-82.5602088,36.9712151,8,0,8
21563,44077,-81.2365804,41.67556032,12,9,21
21564,26554,-80.16102916,39.4841508,4,0,4
21565,74037,-95.96888604,36.02526016,7,5,12
21566,89074,-115.0332998,36.0370765,157,0,157
21567,44555,-80.65325988,41.10445022,20,125,145
21568,22911,-78.4493823,38.1395098,7,0,7
21569,54601,-91.2305879,43.81760861,6,4,10
21570,11210,-73.95148799,40.63080934,79,0,79
21571,72110,-92.7250698,35.1728929,2,1,3
21572,32606,-82.4333913,29.6826074,21,1,22
21573,30324,-84.3687539,33.8231782,309,0,309
21574,70605,-93.2188922,30.17911746,17,0,17
21575,93003,-119.232504,34.2771833,5,0,5
21576,70345,-90.31267572,29.47111338,15,0,15
21577,50614,-92.4596749,42.51258654,18,0,18
21578,38163,-90.03612605,35.14220324,28,0,28
21579,04938,-70.1474974,44.6675599,5,13,18
21580,62704,-89.67892461,39.79119699,6,6,12
21581,67901,-100.9206941,37.04154923,1,0,1
21582,53711,-89.4099228,43.06925066,63,2,65
21583,25136,-81.32469468,38.17936405,5,0,5
21584,27103,-80.27093716,36.06845515,5,0,5
21585,46202,-86.18274775,39.77549276,32,5,37
21586,81212,-105.1469798,38.42846745,0,0,0
21587,28722,-82.19812306,35.25047648,0,0,0
21588,87110,-106.575082,35.10260254,28,0,28
21589,01420,-71.78887429,42.59095089,13,2,15
21590,29632,-82.84468461,34.67907046,32,0,32
21591,93611,-119.6894012,36.83687354,11,1,12
21592,76626,-96.7140928,32.0880759,1,1,2
21593,29601,-82.40183404,34.84307561,2,0,2
21594,91505,-118.3533686,34.19504102,26,8,34
21595,46408,-87.33810961,41.55747236,11,2,13
21596,23606,-76.48789289,37.06275208,16,2,18
21597,61821,-88.28951503,40.13166783,14,0,14
21598,44104,-81.649592,41.4883145,68,0,68
21599,24701,-81.2367289,37.2676087,2,0,2
21600,43223,-83.0535642,39.9576906,92,0,92
21601,89445,-117.7080791,40.9715346,1,0,1
21602,23188,-76.73808103,37.29247437,10,0,10
21603,68524,-96.755025,40.847074,16,5,21
21604,68110,-95.8992974,41.2997135,26,32,58
21605,74017,-95.6336639,36.3209768,4,12,16
21606,92395,-117.2609722,34.47345634,7,1,8
21607,35671,-86.9485047,34.6519605,5,12,17
21608,95814,-121.488061,38.57995987,419,0,419
21609,70601,-93.24977942,30.21553563,14,0,14
21610,95818,-121.4836894,38.55833205,219,0,219
21611,95652,-121.3885923,38.66021596,21,0,21
21612,07865,-74.9325674,40.7667647,0,0,0
21613,99684,-160.7896681,63.87474653,0,0,0
21614,07738,-74.12917897,40.33083741,13,0,13
21615,70124,-90.10469327,29.98476033,25,0,25
21616,90301,-118.3620395,33.95856045,3,5,8
21617,77004,-95.3511608,29.7199072,45,0,45
21618,10017,-73.9777771,40.7542929,694,0,694
21619,98105,-122.316351,47.6522875,46,0,46
21620,45221,-84.5121624,39.1289462,62,13,75
21621,22003,-77.23527111,38.83288447,40,0,40
21622,24354,-81.5113418,36.8329778,7,5,12
21623,56267,-95.9004873,45.5903362,3,0,3
21624,47803,-87.3036632,39.45938,7,0,7
21625,98505,-122.9741564,47.07269271,10,0,10
21626,17551,-76.3564078,40.0023576,14,2,16
21627,32405,-85.72165798,30.19014957,4,0,4
21628,30121,-84.81539985,34.22384648,8,8,16
21629,72201,-92.2903591,34.7471132,84,3,87
21630,35762,-86.573166,34.784551,24,0,24
21631,37055,-87.3831995,36.0693414,3,0,3
21632,37210,-86.78443869,36.16901127,28,0,28
21633,63701,-89.5303698,37.3110459,19,4,23
21634,73105,-97.50454728,35.5177352,26,0,26
21635,82002,-104.8313808,41.11213515,4,1,5
21636,40475,-84.3029392,37.73841932,26,0,26
21637,77705,-94.0757201,30.0429917,16,0,16
21638,85719,-110.94443,32.2345832,54,0,54
21639,12901,-73.4655179,44.6917781,15,0,15
21640,37214,-86.6693402,36.1314169,61,0,61
21641,99301,-119.1148381,46.2593639,1,10,11
21642,28574,-77.60716922,34.82906476,6,1,7
21643,49503,-85.6667554,42.9664172,11,0,11
21644,63501,-92.5838742,40.18915379,8,0,8
21645,67260,-97.2902293,37.7197705,25,0,25
21646,89557,-119.8163928,39.542185,23,7,30
21647,21215,-76.66211931,39.32089938,13,0,13
21648,03824,-70.93885702,43.13355246,17,11,28
21649,44115,-81.67814147,41.50281298,24,39,63
21650,38330,-88.98946703,36.06340604,6,2,8
21651,98346,-122.5693168,47.85215356,6,0,6
21652,98509,-122.8228501,47.04484998,53,0,53
21653,39532,-88.99359893,30.52857538,0,0,0
21654,04730,-67.84211055,46.16254016,0,0,0
21655,14735,-78.11184443,42.46722529,0,0,0
21656,13439,-74.97094357,42.84939042,0,0,0
21657,13619,-75.60619705,43.98504114,0,0,0
21658,12549,-74.20577571,41.50523159,0,0,0
21659,12835,-73.84844715,43.31766972,0,0,0
21660,12590,-73.9195651,41.58503114,0,0,0
21661,23235,-77.53911252,37.50021497,1873,0,1873
21662,89101,-115.1037869,36.16170097,2942,0,2942
21663,45303,-84.63721158,40.21453117,2,3,5
21664,45401,-84.19813765,39.76035551,222,0,222
21665,74651,-97.074873,36.491533,4,0,4
21666,98009,-122.1920177,47.61444877,182,0,182
21667,14624,-77.65218181,43.12124145,0,0,0
21668,14541,-76.88472029,42.710258,0,0,0
21669,12117,-74.27283419,43.10519811,0,0,0
21670,98284,-122.237464,48.50875277,15,0,15
21671,49544,-85.77526815,43.00807577,37,0,37
21672,64051,-94.4126951,39.0932123,206,0,206
21673,64073,-94.2945303,39.3156932,1,6,7
21674,89028,-114.580258,35.1693751,1,0,1
21675,98271,-122.276509,48.06636255,30,0,30
21676,98363,-123.5487257,48.14392909,2,0,2
21677,14072,-78.96506936,43.02287869,0,0,0
21678,45032,-84.01125259,39.50390957,1,8,9
21679,45160,-84.13636631,39.12246797,1,8,9
21680,66031,-94.9054592,38.83744,0,0,0
21681,74370,-94.61922674,36.83449911,8,3,11
21682,33513,-82.1099433,28.66370467,104,0,104
21683,84045,-111.9075277,40.32511801,15,0,15
21684,98907,-120.4926299,46.57631591,69,0,69
21685,14225,-78.76788224,42.93392582,0,0,0
21686,98312,-122.6784865,47.5578,0,0,0
21687,64508,-94.81431975,39.82644115,1,6,7
21688,58505,-100.7815132,46.82116852,139,0,139
21689,84068,-111.5120755,40.66350711,29,10,39
21690,85541,-111.32758,34.21923403,9,0,9
21691,30452,-81.88516406,32.36520041,1,4,5
21692,87740,-104.4316238,36.87051659,10,1,11
21693,29851,-81.85467441,33.51008123,2,3,5
21694,08327,-74.95215015,39.24351847,0,0,0
21695,74501,-95.7833656,34.9494628,0,0,0
21696,10460,-73.8719468,40.84107475,0,0,0
21697,85251,-111.8991386,33.49439628,417,0,417
21698,56515,-95.71312753,46.28150969,1,3,4
21699,92501,-117.3745389,33.9783314,2147,0,2147
21700,39350,-89.20775241,32.78685732,50,0,50
21701,63366,-90.69882635,38.81165453,107,0,107
21702,43908,-80.8849775,40.519181,0,0,0
21703,67601,-99.35333676,38.90902679,0,0,0
21704,45631,-82.2023709,38.8089701,18,4,22
21705,52160,-91.29053805,43.49713178,0,0,0
21706,86001,-111.6633307,35.1659137,0,0,0
21707,85706,-110.9396474,32.12855745,0,0,0
21708,86409,-114.0486989,35.2753372,0,0,0
21709,85365,-114.5981835,32.6906393,0,0,0
21710,30241,-85.0006976,32.9877099,0,0,0
21711,71101,-93.7199558,32.4943058,0,0,0
21712,71023,-93.41058912,32.5360626,0,0,0
21713,70112,-90.0698682,29.9594158,0,0,0
21714,70780,-91.1215374,30.296274,0,0,0
21715,70767,-91.2062398,30.45209795,0,0,0
21716,23085,-76.8769648,37.6691001,12,1,13
21717,50846,-94.5634616,41.2892867,0,0,0
21718,30354,-84.4126648,33.65597741,26,0,26
21719,23510,-76.284638,36.845906,414,9,423
21720,02568,-70.5779305,41.46245,0,0,0
21721,01034,-73.0026591,42.0816025,0,0,0
21722,01506,-72.0933509,42.2114983,0,0,0
21723,01520,-71.836079,42.338132,0,0,0
21724,06759,-73.18999768,41.74658041,0,0,0
21725,91384,-118.5865754,34.4645941,0,0,0
21726,80401,-105.16898,39.73561623,0,0,0
21727,06365,-71.9934668,41.4899828,0,0,0
21728,06239,-71.88034574,41.8039244,0,0,0
21729,06351,-71.9840117,41.6025907,0,0,0
21730,15902,-78.90290726,40.31038717,2,7,9
21731,52345,-91.88247852,42.22670932,0,0,0
21732,32110,-81.255568,29.465746,14,0,14
21733,51503,-95.776131,41.2832851,0,0,0
21734,51246,-96.16907846,43.42789681,0,0,0
21735,50864,-94.9775776,40.9290044,0,0,0
21736,50535,-95.1518539,42.4609473,0,0,0
21737,50107,-94.2388717,42.03198565,0,0,0
21738,50541,-94.44340605,42.72993247,0,0,0
21739,52722,-90.47079027,41.55309828,0,0,0
21740,30143,-84.4481619,34.4562576,0,0,0
21741,71301,-92.4449601,31.3087794,0,0,0
21742,70049,-90.5596188,30.0452686,0,0,0
21743,70526,-92.3735878,30.2144611,0,0,0
21745,70394,-90.5558971,29.7407664,0,0,0
21746,70601,-93.2160086,30.2289568,0,0,0
21747,96822,-157.8146783,21.30350265,0,0,0
21748,71016,-93.16589328,32.25179134,0,0,0
21749,71303,-92.5212808,31.3010099,0,0,0
21750,94070,-122.2624822,37.504233,27,2,29
21751,38756,-90.8970066,33.4055146,18,0,18
21752,71247,-92.71892421,32.28031652,0,0,0
21753,36866,-85.6722812,32.5608062,3,3,6
21754,06359,-71.88065714,41.4407737,0,0,0
21755,06084,-72.3232185,41.8832223,0,0,0
21756,51346,-95.47765698,43.180927,2,1,3
21757,71639,-91.4908699,33.8876269,11,2,13
21758,06239,-71.8766277,41.8090351,0,0,0
21759,06063,-72.98995268,41.91219797,0,0,0
21760,06018,-73.3340487,42.0322449,0,0,0
21761,06519,-72.9266057,41.2975126,0,0,0
21762,06058,-73.19934807,41.99260922,0,0,0
21763,06498,-72.4588118,41.2815303,0,0,0
21764,06018,-73.3260381,42.0429372,0,0,0
21765,06751,-73.2094251,41.6371574,0,0,0
21766,06783,-73.3109402,41.5608294,0,0,0
21767,06234,-71.949965,41.7883254,0,0,0
21768,99551,-161.4291096,60.90680638,0,0,0
21769,35470,-88.18025158,32.60044666,6,0,6
21770,06382,-72.1101317,41.4526834,0,0,0
21771,06784,-73.4988031,41.5966977,0,0,0
21772,06604,-73.1856973,41.1750155,0,0,0
21773,06812,-73.4958521,41.4654461,0,0,0
21774,06812,-73.495849,41.465447,0,0,0
21776,06232,-72.3682282,41.7283636,0,0,0
21777,06106,-72.6812952,41.7596454,0,0,0
21778,50441,-93.2080485,42.7423129,8,7,15
21779,06488,-73.2344545,41.4565897,0,0,0
21780,06498,-72.43079662,41.29178136,0,0,0
21781,06451,-72.79831401,41.5475703,0,0,0
21782,06759,-73.21753679,41.73646845,0,0,0
21783,06105,-72.70690578,41.77225782,0,0,0
21784,85392,-112.342976,33.4799461,0,0,0
21785,85641,-110.7717676,31.9566822,0,0,0
21786,85714,-110.956678,32.1713657,0,0,0
21787,85321,-112.8571946,32.3826916,0,0,0
21788,85035,-112.1929251,33.4743765,0,0,0
21789,85284,-111.9535351,33.3411296,0,0,0
21790,85323,-112.3440615,33.4350578,0,0,0
21791,85212,-111.6740652,33.3110893,0,0,0
21792,29831,-81.78866357,33.32505001,4,0,4
21794,85338,-112.3693625,33.4485916,0,0,0
21795,85614,-110.9965885,31.8801955,0,0,0
21796,85323,-112.3386937,33.4505864,0,0,0
21797,85210,-111.829829,33.3809027,0,0,0
21798,85042,-112.0331518,33.3821659,0,0,0
21799,86322,-111.9160378,34.6106583,0,0,0
21800,86333,-112.2414527,34.40015519,0,0,0
21801,85541,-111.3258659,34.2313583,0,0,0
21802,85223,-111.6716885,32.7537298,0,0,0
21803,85374,-112.3412596,33.6381284,0,0,0
21804,86404,-114.3519349,34.5390102,0,0,0
21805,86401,-114.0226976,35.2042649,0,0,0
21806,86432,-113.9288739,36.9093774,0,0,0
21807,86401,-114.0521667,35.1925545,0,0,0
21808,86401,-114.0657279,35.1900811,0,0,0
21809,85281,-111.905531,33.4141089,0,0,0
21810,85743,-111.2186428,32.3184674,0,0,0
21811,85041,-112.0788733,33.3928001,0,0,0
21812,85029,-112.1432153,33.5968218,0,0,0
21813,85034,-112.0491103,33.4291914,0,0,0
21814,85016,-112.0311196,33.52684371,0,0,0
21815,85338,-112.4065252,33.4346217,0,0,0
21816,85254,-111.9617273,33.6324583,0,0,0
21817,85256,-111.8840557,33.5111457,0,0,0
21818,85395,-112.3985727,33.4856599,0,0,0
21819,50002,-94.64201979,41.50038313,1,1,2
21820,85749,-110.8001208,32.2586278,0,0,0
21821,85741,-111.0281314,32.3398757,0,0,0
21822,85338,-112.4273357,33.3499556,0,0,0
21823,85711,-110.9105893,32.2080039,0,0,0
21824,85730,-110.7862201,32.1907747,0,0,0
21825,85705,-110.993929,32.2628491,0,0,0
21826,85034,-112.0484011,33.4238393,0,0,0
21827,85344,-114.2903633,34.145717,36,2,38
21828,85743,-111.0731571,32.3383124,0,0,0
21829,85755,-110.9543883,32.4662407,0,0,0
21830,85501,-110.7443724,33.4030819,0,0,0
21831,86401,-114.019867,35.2030447,0,0,0
21832,85009,-112.1075843,33.4740796,0,0,0
21833,85331,-111.9557326,33.82764428,0,0,0
21834,31020,-83.54027079,32.80593412,0,0,0
21835,30315,-84.3744266,33.726783,0,0,0
21836,30305,-84.3728994,33.8402023,0,0,0
21837,30233,-84.0204495,33.1784563,0,0,0
21838,33801,-81.9537256,28.0463326,226,0,226
21839,02420,-71.22349652,42.44667671,47,2,49
21840,39823,-84.9482158,31.4682919,0,0,0
21841,30121,-84.7023026,34.1543387,0,0,0
21842,30263,-84.7683413,33.3529331,0,0,0
21843,31535,-82.8569218,31.472463,0,0,0
21844,30728,-85.2741494,34.6979903,0,0,0
21845,07001,-74.27366239,40.58981457,0,0,0
21846,30635,-82.7646811,34.1791848,0,0,0
21847,30601,-83.3543831,33.95659295,0,0,0
21848,31520,-81.4781866,31.1239993,0,0,0
21849,30601,-83.3247221,34.0166032,0,0,0
21850,30314,-84.4094761,33.7490863,0,0,0
21851,19018,-75.2963524,39.9285394,10,6,16
21852,01373,-72.60819045,42.47927642,8,10,18
21853,30728,-85.2783417,34.72753386,0,0,0
21855,30120,-84.8140322,34.2063002,0,0,0
21856,31705,-84.1147171,31.534571,0,0,0
21857,30336,-84.5210046,33.7755129,0,0,0
21858,30320,-84.4447356,33.640741,0,0,0
21859,30083,-84.2297987,33.7676438,0,0,0
21860,31313,-81.6379776,31.7853893,0,0,0
21861,39870,-84.4130549,31.286932,0,0,0
21862,30536,-84.4455594,34.6580563,0,0,0
21863,71234,-92.4145955,32.6261994,0,0,0
21864,70764,-91.2585011,30.2713119,0,0,0
21865,70754,-90.75360712,30.47968565,0,0,0
21866,01301,-72.6125665,42.596388,71,2,73
21867,70737,-90.91259677,30.22659861,0,0,0
21868,71253,-91.3162429,32.9947018,0,0,0
21869,71028,-93.05329176,32.5450574,0,0,0
21870,46307,-87.36747851,41.4504303,0,0,0
21872,70113,-90.08008936,29.9412715,0,0,0
21873,71256,-92.6546385,32.9213273,0,0,0
21874,72419,-90.32205472,35.75762563,2,2,4
21875,81050,-103.5426608,37.98244699,14,0,14
21876,85344,-114.2943776,34.1472033,13,0,13
21877,71426,-93.46573931,31.49408612,0,0,0
21878,71333,-92.11047179,30.95448811,0,0,0
21879,71469,-93.30360265,31.69103142,0,0,0
21880,91401,-118.4452095,34.1837157,0,0,0
21881,92530,-117.3315567,33.6677301,0,0,0
21882,35007,-86.8161824,33.2453943,65,0,65
21883,92583,-116.9596074,33.7818184,0,0,0
21884,95993,-121.6449072,39.1452062,0,0,0
21885,32456,-85.3021198,29.8125119,11,0,11
21886,89009,-114.9833316,36.02998846,336,0,336
21887,90061,-118.2754002,33.9386345,0,0,0
21888,35209,-86.7899815,33.4792701,76,0,76
21889,92346,-117.2151493,34.12078012,0,0,0
21890,01860,-71.0006804,42.83466542,7,20,27
21891,92371,-117.5737682,34.4268563,0,0,0
21892,79226,-100.8905786,34.9377573,6,0,6
21893,90260,-118.3442838,33.891579,0,0,0
21894,95988,-122.211502,39.5262509,0,0,0
21895,96039,-123.3769871,41.79457321,0,0,0
21896,90006,-118.2912044,34.0500697,0,0,0
21897,95010,-121.9667301,36.9758541,0,0,0
21898,90066,-118.4198139,33.991576,0,0,0
21899,95122,-121.8431595,37.3394168,0,0,0
21900,93250,-119.2326846,35.67769695,0,0,0
21901,94534,-122.0661017,38.2588607,0,0,0
21902,92110,-117.1945173,32.7641342,0,0,0
21903,93637,-120.1055964,36.9934089,0,0,0
21904,86401,-114.0166143,35.2097233,57,0,57
21905,96819,-157.8555948,21.30567836,120,0,120
21906,72209,-92.3409594,34.6767096,525,0,525
21907,95451,-122.8325323,38.97160008,0,0,0
21908,93013,-119.5067648,34.3902844,0,0,0
21909,93117,-119.8538621,34.41134626,0,0,0
21910,93436,-120.4473541,34.69074389,0,0,0
21911,91706,-117.9695878,34.0657307,0,0,0
21912,97761,-121.2666973,44.76261945,30,0,30
21913,93705,-119.8363984,36.7862195,0,0,0
21914,38635,-89.4392517,34.793299,29,4,33
21915,76401,-98.1892523,32.2129839,21,0,21
21916,93706,-119.8012163,36.73182003,0,0,0
21917,93234,-120.1041524,36.20524616,0,0,0
21918,94546,-122.0724329,37.6933141,0,0,0
21919,96130,-120.5129219,40.4080074,0,0,0
21920,95608,-121.3294548,38.638626,0,0,0
21921,94559,-122.280729,38.2951656,0,0,0
21922,93240,-118.4674204,35.6367681,0,0,0
21923,93241,-118.9156414,35.2455701,0,0,0
21924,95490,-123.3526359,39.4118173,0,0,0
21925,90025,-118.4507641,34.0436818,0,0,0
21926,16668,-78.647499,40.6341967,2,6,8
21927,06519,-72.9252218,41.3000915,436,0,436
21928,95203,-121.2960131,37.95944571,1,2,3
21929,15068,-79.7678238,40.5802678,11,0,11
21930,52205,-91.2852381,42.1066206,7,0,7
21931,72901,-94.4237757,35.3828156,158,0,158
21932,98063,-122.3265081,47.30407293,133,0,133
21933,36561,-87.5549819,30.2784048,0,0,0
21934,77550,-94.8107337,29.2878337,9,0,9
21935,30523,-83.53044682,34.63815636,4,2,6
21936,30303,-84.39223107,33.74843319,8,62,70
21937,36108,-86.396445,32.30367,0,0,0
21938,63348,-90.95470809,38.81457237,7,2,9
21939,95658,-121.1279478,38.8719421,0,0,0
21940,93266,-119.822798,36.1894601,0,0,0
21941,80813,-105.186568,38.746892,0,0,0
21942,32340,-83.448922,30.481743,0,0,0
21943,32539,-86.57142912,30.76142477,0,0,0
21944,13862,-75.9692196,42.3272229,0,0,0
21945,34266,-81.8542052,27.2271595,20,2,22
21946,50313,-93.58776344,41.65353171,143,0,143
21947,36603,-88.0540644,30.6723889,0,0,0
21948,36104,-86.29744774,32.37481386,0,0,0
21949,72913,-94.37614341,35.37938437,7,2,9
21950,32118,-81.0098396,29.2239161,0,0,0
21951,80022,-104.9233256,39.8425931,0,0,0
21952,02744,-70.9210919,41.6162924,0,0,0
21953,02852,-71.4597317,41.5841025,0,0,0
21954,12202,-73.7576801,42.6424758,0,0,0
21955,40033,-85.2690081,37.5657745,0,0,0
21956,41144,-82.83624337,38.57840552,0,0,0
21957,12180,-73.59471623,42.76011198,0,0,0
21958,38340,-88.77241127,35.39299393,0,0,0
21959,67601,-99.33056033,38.8734369,0,0,0
21960,42220,-87.1537782,36.80736387,0,0,0
21961,99780,-142.9837605,63.33633656,0,0,0
21962,61790,-89.00010025,40.51045804,21,0,21
21963,95422,-122.6197065,38.9338582,0,0,0
21964,99581,-164.5396722,62.7765648,0,0,0
21965,67124,-98.73715636,37.64329386,0,0,0
21966,46307,-87.36763291,41.4504303,0,0,0
21967,40031,-85.37959698,38.40817048,0,0,0
21968,26726,-78.97308762,39.43945414,0,0,0
21969,30236,-84.35678154,33.50613394,113,2,115
21970,01590,-71.7626838,42.1495377,15,0,15
21971,48326,-83.2231718,42.646517,0,0,0
21972,61021,-89.48247369,41.84133409,0,0,0
21973,04062,-70.4144138,43.7271346,0,0,0
21974,44902,-82.5129464,40.7574675,0,0,0
21975,99507,-149.7764186,61.179755,88,0,88
21976,99507,-149.8062116,61.17965554,372,0,372
21977,99501,-149.8928183,61.21512466,28,0,28
21978,99507,-149.7757424,61.17976502,274,0,274
21979,99734,-148.4605084,70.1990752,0,0,0
21980,99553,-165.7698818,54.13533893,0,0,0
21981,99801,-134.5083405,58.3557444,44,4,48
21982,99752,-162.5923506,66.89650834,9,0,9
21983,99660,-170.2848504,57.1250031,3,0,3
21984,99612,-162.3161085,55.06138586,4,0,4
21985,99611,-151.2494958,60.5594619,19,0,19
21986,99661,-160.4955525,55.3410927,2,0,2
21987,99603,-151.5292962,59.6493368,11,0,11
21988,99740,-145.2407296,66.56574487,2,0,2
21989,99613,-156.6578962,58.69033433,4,0,4
21990,99559,-161.7717282,60.79117728,12,0,12
21991,99508,-149.8320913,61.1886842,12,0,12
21992,99615,-152.4051525,57.7906852,18,0,18
21993,99901,-131.6478319,55.34286665,22,0,22
21994,99701,-147.7210118,64.8391626,47,0,47
21995,99705,-147.3513041,64.7550018,12,0,12
21996,99723,-156.7862328,71.29214895,35,0,35
21997,99645,-149.1096231,61.60229741,14,0,14
21998,99775,-147.8223953,64.858298,11,0,11
21999,35582,-88.14364901,34.44002056,7,1,8
22000,72031,-92.4493731,35.5702178,19,4,23
22001,72701,-94.1773259,36.0333738,148,0,148
22002,72422,-90.5795338,36.4092047,8,0,8
22003,71730,-92.6333209,33.2098768,30,6,36
22004,71646,-91.8133436,33.2290934,19,0,19
22005,72432,-90.7160348,35.5801368,11,3,14
22006,72358,-89.9648832,35.7766771,28,0,28
22007,72204,-92.3084813,34.7237087,112,0,112
22008,72616,-93.5465338,36.3554732,17,0,17
22009,71753,-93.2658504,33.2648602,13,1,14
22010,72712,-94.22695182,36.35991682,103,0,103
22011,72034,-92.4432706,35.088497,50,10,60
22012,71701,-92.82973035,33.58453995,14,6,20
22013,35805,-86.6555566,34.7157658,1,0,1
22014,35205,-86.8040354,33.4960076,79,0,79
22015,35115,-86.8648371,33.10902474,9,0,9
22016,36303,-85.46761359,31.3146132,3,0,3
22017,36688,-88.183954,30.694283,25,1,26
22018,35592,-88.1086083,33.7574298,8,2,10
22019,35045,-86.62962014,32.84011385,29,12,41
22020,36360,-85.64061617,31.45853638,0,6,6
22021,36040,-86.5792252,32.18354031,14,1,15
22022,35630,-87.6754959,34.7987824,35,0,35
22023,36744,-87.5923977,32.703693,7,2,9
22024,35203,-86.8075562,33.5232987,556,0,556
22025,36401,-86.96360999,31.46099376,1,1,2
22026,36460,-87.3243609,31.5275983,18,0,18
22027,36507,-87.77695511,30.85072854,4,5,9
22028,36109,-86.23841704,32.40105992,110,0,110
22029,35055,-86.83002886,34.15016643,78,1,79
22030,36904,-88.2218355,32.0893808,5,1,6
22031,36603,-88.04086088,30.67933065,170,0,170
22032,36104,-86.3065015,32.3758856,126,0,126
22033,36340,-85.8656198,31.0404682,9,2,11
22034,35801,-86.5849421,34.7302546,107,0,107
22035,36081,-85.9736254,31.80730298,16,0,16
22036,35051,-86.6262056,33.1849128,119,18,137
22037,36518,-88.2565961,31.4656998,5,8,13
22038,36083,-85.6584497,32.4074983,19,0,19
22039,35968,-85.773283,34.418076,34,9,43
22040,36869,-85.019753,32.4409494,32,2,34
22041,36426,-87.07300462,31.10732104,25,10,35
22042,35462,-87.88660888,32.84124351,11,0,11
22043,36264,-85.5691873,33.6583338,9,1,10
22044,36420,-86.5027702,31.31339571,26,0,26
22045,36756,-87.31857124,32.63310544,7,1,8
22046,36748,-87.7967661,32.3074489,12,0,12
22047,35976,-86.2929855,34.3582735,40,1,41
22048,35570,-87.99541983,34.11503559,13,0,13
22049,35805,-86.63855857,34.72614881,12,0,12
22050,35553,-87.4017009,34.145964,5,0,5
22051,35905,-85.9346412,33.9578503,6,0,6
22052,35643,-87.1942874,34.6342012,1,2,3
22053,36351,-85.9305761,31.3851357,3,4,7
22054,35068,-86.7987326,33.6092962,23,0,23
22055,35071,-86.80975556,33.64693438,26,3,29
22056,35987,-86.1986764,33.9436883,2,7,9
22057,35115,-86.88353015,33.0794048,1,1,2
22058,36744,-87.5929197,32.7038437,10,0,10
22059,35976,-86.29250979,34.36052345,33,0,33
22060,36345,-85.34172555,31.35226053,10,2,12
22061,35903,-85.8655584,33.9921343,5,2,7
22062,35772,-85.8374409,34.8684323,5,1,6
22063,35989,-85.6152898,34.5690791,2,1,3
22064,36561,-87.5795629,30.290057,37,2,39
22065,36340,-85.8633861,31.0332549,12,0,12
22066,36277,-85.8127399,33.7491758,7,0,7
22067,35023,-86.9942148,33.4431726,35,0,35
22068,35501,-87.2751122,33.8351019,46,1,47
22069,36028,-86.3651753,31.4919733,1,0,1
22070,36104,-86.2977497,32.3818233,500,0,500
22071,36276,-85.56392955,33.12379808,2,3,5
22072,35064,-86.9152748,33.4848442,34,2,36
22073,35986,-85.847941,34.4936261,11,0,11
22074,35961,-85.86097085,34.26488494,4,0,4
22075,35967,-85.72398403,34.44047533,34,4,38
22076,35210,-86.7066232,33.5382667,28,0,28
22077,35950,-86.209748,34.2668071,40,0,40
22078,35473,-87.5804732,33.24320486,61,5,66
22079,35907,-86.0229334,33.9203157,8,2,10
22080,36264,-85.5870878,33.6485691,10,1,11
22081,36442,-86.32809715,31.00507338,6,4,10
22082,35040,-86.7506426,33.103556,26,0,26
22083,35954,-86.0873998,34.0227926,20,0,20
22084,35020,-86.9499381,33.4295007,10,1,11
22085,36010,-85.8159991,31.7205577,8,0,8
22086,35078,-86.4384927,33.3418506,9,0,9
22087,36526,-87.89663624,30.60003429,46,0,46
22088,35661,-87.6563016,34.7441825,34,0,34
22089,35739,-86.8433155,34.99162,7,0,7
22090,35116,-86.8090342,33.7468049,6,1,7
22091,35563,-87.91418613,33.96592281,4,2,6
22092,35594,-87.8168115,33.9297831,10,2,12
22093,35962,-85.9926273,34.2871485,4,0,4
22094,36610,-88.0804017,30.7306896,39,0,39
22095,36572,-88.0514737,30.856622,15,2,17
22096,36861,-85.8127144,32.8867256,1,1,2
22097,35203,-86.8096498,33.5128999,816,0,816
22098,36256,-85.77920018,33.03543459,1,0,1
22099,35173,-86.5267668,33.6911046,6,0,6
22100,36726,-87.289401,31.990573,8,0,8
22101,35978,-85.7548954,34.6247247,5,3,8
22102,35634,-87.6219394,34.8745967,1,0,1
22103,35111,-87.0795773,33.2700046,5,0,5
22104,35016,-86.4972224,34.3279625,24,2,26
22105,35957,-86.1647209,34.1956845,23,1,24
22106,36203,-85.8339347,33.614904,48,0,48
22107,35580,-87.26748665,33.73931268,5,0,5
22108,35653,-87.7285543,34.5076826,25,3,28
22109,35148,-87.0488573,33.752383,7,5,12
22110,35217,-86.7747172,33.5844507,25,0,25
22111,36081,-85.9696117,31.8081635,49,0,49
22112,36322,-85.7205534,31.2982135,18,0,18
22113,35080,-86.8429256,33.2896992,21,1,22
22114,35801,-86.5977522,34.7380435,405,0,405
22115,36265,-85.76058719,33.81313046,26,0,26
22116,35091,-86.8116324,33.7729385,4,4,8
22117,36756,-87.318106,32.6321257,6,3,9
22118,36502,-87.5558724,31.101214,33,23,56
22119,71742,-92.4060217,33.8132521,5,1,6
22120,35650,-87.2836009,34.5097849,21,1,22
22121,35004,-86.49195141,33.59014752,18,0,18
22122,35660,-87.6978493,34.7644238,27,0,27
22123,36571,-88.0712138,30.8054138,37,0,37
22124,35172,-86.74252863,33.81931846,1,2,3
22125,36278,-85.4855757,33.3090055,8,0,8
22126,35677,-88.06377642,34.91237822,0,0,0
22127,71742,-92.41073597,33.8099537,6,1,7
22128,35603,-86.9041591,34.5368615,4,1,5
22129,35960,-85.67799471,34.15305582,20,7,27
22130,35672,-87.4056394,34.6831133,2,2,4
22131,35036,-86.90753,33.628227,1,1,2
22132,71826,-93.656443,33.098355,1,3,4
22133,36265,-85.7691874,33.8202731,14,0,14
22134,72513,-91.60373733,36.23321316,2,7,9
22135,71643,-91.5642903,33.9889428,1,5,6
22136,72032,-92.43922072,35.08803949,106,0,106
22137,71730,-92.6657897,33.2141406,47,12,59
22138,72055,-91.3791241,34.1171504,2,0,2
22139,72712,-94.2003906,36.3561608,55,2,57
22140,72040,-91.4943725,34.9775928,7,14,21
22141,72740,-93.73661815,36.08707201,9,0,9
22142,72331,-90.4641804,35.2706646,5,4,9
22143,72601,-93.1028619,36.2329415,24,1,25
22144,71801,-93.5987899,33.66431842,13,0,13
22145,72209,-92.38252812,34.67234413,149,0,149
22146,72734,-94.35031896,36.2581804,2,2,4
22147,72714,-94.24872303,36.47493723,20,0,20
22148,72015,-92.65390621,34.52368634,11,1,12
22149,36786,-87.5153405,32.4507031,7,0,7
22150,36518,-88.2547322,31.4615443,6,4,10
22151,36530,-87.5980048,30.4154127,5,1,6
22152,36908,-88.32270162,31.87772974,2,2,4
22153,35042,-87.13416133,32.94463073,6,0,6
22154,35752,-85.9612015,34.71783207,2,4,6
22155,35216,-86.787815,33.450729,65,0,65
22156,36201,-85.83214998,33.66063985,83,0,83
22157,36863,-85.189072,32.8708553,27,1,28
22158,36532,-87.90365513,30.52608948,32,0,32
22159,36703,-87.0174606,32.408474,50,1,51
22160,36567,-87.7130724,30.5652244,13,1,14
22161,36525,-88.03386442,30.89135094,7,3,10
22162,36553,-88.03080609,31.26758344,9,1,10
22163,35901,-86.0000475,34.0096798,97,0,97
22164,36371,-85.5483125,31.3121395,2,2,4
22165,36092,-86.20938462,32.52021579,27,0,27
22166,35747,-86.2549932,34.5180593,2,4,6
22167,36426,-87.0607938,31.0938262,6,2,8
22168,36352,-85.6033953,31.3350325,3,1,4
22169,36854,-85.1744762,32.817285,24,0,24
22170,36535,-87.68191278,30.41348207,56,0,56
22171,35020,-86.9256991,33.4243924,7,4,11
22172,35150,-86.25147572,33.17220069,41,0,41
22173,36558,-88.31496797,31.63309311,3,1,4
22174,35216,-86.8047121,33.3879754,158,0,158
22175,36323,-86.06523329,31.41482923,13,1,14
22176,36078,-85.89271764,32.53601534,15,1,16
22177,35094,-86.5649699,33.5439288,24,0,24
22178,36509,-88.2472166,30.3945422,10,0,10
22179,35640,-86.934573,34.4448472,28,0,28
22180,35650,-87.2898145,34.4808607,12,0,12
22181,35442,-88.1508848,33.1289465,7,0,7
22182,36303,-85.3908597,31.2259977,148,0,148
22183,35228,-86.9068562,33.4672701,12,1,13
22184,35124,-86.8116468,33.2865669,67,0,67
22185,35960,-85.6756867,34.1514108,9,1,10
22186,36611,-88.0736685,30.764367,23,0,23
22187,35044,-86.3534008,33.2776767,12,2,14
22188,36522,-88.2278784,31.0899328,8,1,9
22189,35120,-86.3958645,33.6811097,8,1,9
22190,35051,-86.6061693,33.176831,8,3,11
22191,36907,-88.37361002,32.42726817,1,2,3
22192,35630,-87.6718871,34.7948058,94,0,94
22193,35763,-86.4586207,34.5903023,4,2,6
22194,36032,-86.58315532,31.9871794,1,4,5
22195,36048,-85.55543674,31.78414266,3,2,5
22196,36027,-85.30396348,31.77751418,1,3,4
22197,35611,-86.9586707,34.80410265,45,3,48
22198,35501,-87.27642408,33.83082607,31,0,31
22199,36301,-85.4688338,31.1608585,1,3,4
22200,35549,-87.528534,33.8898515,6,1,7
22201,35601,-86.9837348,34.6063105,133,0,133
22202,35953,-86.2539133,33.8382546,40,8,48
22203,35768,-86.03571037,34.66231146,44,0,44
22204,36703,-87.01220041,32.44801069,3,0,3
22205,36040,-86.671109,32.18366876,1,0,1
22206,72104,-92.80901548,34.35584703,24,1,25
22207,72058,-92.33856005,35.321469,2,2,4
22208,72937,-94.4134148,35.18691534,1,1,2
22209,72619,-92.5830133,36.3825707,3,0,3
22210,71701,-92.71827409,33.6291832,3,0,3
22211,72701,-94.1806424,36.0619112,28,0,28
22212,72205,-92.3202863,34.7496526,36,0,36
22213,71753,-93.2349786,33.2912238,6,2,8
22214,72039,-92.40920996,35.36647661,4,2,6
22215,72601,-93.1101868,36.2291998,28,0,28
22216,72642,-92.54498877,36.36810905,2,1,3
22217,72712,-94.297224,36.2756091,8,7,15
22218,72315,-89.96547942,35.95699847,9,0,9
22219,71822,-94.11857414,33.66461201,11,0,11
22220,72069,-91.20137921,34.59606982,1,3,4
22221,72031,-92.4568658,35.5912225,8,2,10
22222,72833,-93.38111974,35.05475837,5,2,7
22223,71942,-93.00412616,34.22338936,1,4,5
22224,71822,-94.1330517,33.6725273,9,0,9
22225,72626,-92.5394448,36.2666492,2,2,4
22226,72704,-94.16438436,36.13392273,13,0,13
22227,72428,-90.23961,35.72752802,1,0,1
22228,72104,-92.78572868,34.36440701,1,0,1
22229,72064,-91.5819278,34.78103113,4,4,8
22230,72616,-93.56480964,36.36481155,10,0,10
22231,72058,-92.38592287,35.22307451,10,0,10
22232,72921,-94.22103947,35.47678184,11,0,11
22233,71744,-92.47137225,33.53875608,4,1,5
22234,72712,-94.17242944,36.35792572,8,0,8
22235,72737,-94.17329942,35.99689974,4,0,4
22236,72512,-91.76112364,36.22103739,6,3,9
22237,72029,-91.31236023,34.6931196,4,0,4
22238,71701,-92.73839371,33.61111654,1,0,1
22239,72201,-92.2775533,34.7493643,520,0,520
22240,71646,-91.7955403,33.2266764,5,2,7
22241,72727,-94.02696785,36.02765,7,8,15
22242,72073,-91.70644907,34.42162062,1,1,2
22243,71647,-92.16860515,33.44043823,3,0,3
22244,72076,-92.1247347,34.86851951,64,0,64
22245,72846,-93.39367735,35.44509851,3,1,4
22246,72358,-89.92829608,35.75614382,2,0,2
22247,72433,-90.9806149,36.0487691,4,3,7
22248,71923,-93.05284705,34.1190106,22,0,22
22249,72002,-92.44406899,34.63139346,4,4,8
22250,72641,-93.18758823,36.00886333,2,0,2
22251,71747,-92.18316313,33.03896336,1,2,3
22252,71845,-93.5808018,33.355762,2,1,3
22253,71832,-94.33867169,34.03858864,13,0,13
22254,72411,-90.56631021,35.74304143,3,1,4
22255,72722,-94.45899808,36.33705134,6,1,7
22256,71638,-91.43438501,33.52670802,10,3,13
22257,72012,-91.8815944,35.0701309,12,0,12
22258,72542,-91.53985409,36.25936642,3,2,5
22259,71801,-93.59869794,33.66380815,24,0,24
22260,72359,-90.72346362,35.0129936,3,1,4
22261,72823,-92.93439541,35.24233152,6,0,6
22262,72634,-92.59725802,36.27801965,7,4,11
22263,71832,-94.34089082,34.03738057,12,2,14
22264,72201,-92.2891598,34.7465874,19,0,19
22265,71701,-92.8346156,33.5769191,22,1,23
22266,72416,-90.79076262,35.90844616,3,0,3
22267,72916,-94.42882894,35.23928643,1,1,2
22268,72734,-94.48460584,36.26779073,8,2,10
22269,72933,-94.0381229,35.29691519,4,1,5
22270,72417,-90.58171286,35.90495607,4,4,8
22271,71640,-91.26289076,33.109487,6,0,6
22272,72432,-90.71649818,35.56343144,4,2,6
22273,72315,-89.90448312,35.92827382,40,5,45
22274,72020,-91.45595865,35.42489699,2,0,2
22275,72011,-92.5203436,34.5552528,5,1,6
22276,72040,-91.4948839,34.9762992,4,4,8
22277,71635,-91.9611411,33.13152739,15,0,15
22278,72401,-90.7338883,35.8555877,29,0,29
22279,71653,-91.28573408,33.33133778,9,3,12
22280,72543,-92.0401369,35.4917478,14,0,14
22281,72701,-94.16094606,36.06115385,117,0,117
22282,72521,-91.54691468,35.93961685,3,6,9
22283,72718,-94.23180903,36.26387578,4,4,8
22284,72006,-91.36401546,35.2875664,6,5,11
22285,72847,-93.25412952,35.3306462,1,1,2
22286,72088,-92.25957045,35.62021244,8,0,8
22287,72342,-90.5852257,34.5289917,16,9,25
22288,72943,-93.80748961,35.15022424,1,0,1
22289,72529,-91.52843517,36.30867894,7,2,9
22290,72745,-94.1328125,36.2564389,15,0,15
22291,71943,-93.55102832,34.32752229,3,0,3
22292,72728,-94.2353191,36.2088145,4,1,5
22293,72905,-94.28753638,35.30548008,19,0,19
22294,72543,-92.039929,35.483512,22,4,26
22295,72015,-92.5851277,34.5629417,53,0,53
22296,71909,-93.0333135,34.6737779,19,0,19
22297,72833,-93.39303705,35.05739524,13,4,17
22298,72415,-91.09939548,36.1080946,1,2,3
22299,72086,-91.9015159,34.78361165,11,0,11
22300,72830,-93.45832993,35.45602902,12,0,12
22301,72843,-92.97518971,35.46648044,1,1,2
22302,72006,-91.3669351,35.2831547,7,1,8
22303,72927,-93.91533694,35.14040574,8,0,8
22304,72719,-94.29323234,36.35620682,10,0,10
22305,72632,-93.71203728,36.39486563,10,0,10
22306,71744,-92.4562941,33.5299139,5,4,9
22307,72015,-92.578768,34.556135,38,3,41
22308,72641,-93.18684276,36.00913554,7,3,10
22309,72335,-90.7829942,35.0077846,20,8,28
22310,72513,-91.6057657,36.227947,11,1,12
22311,71653,-91.28572461,33.33147348,6,0,6
22312,72086,-91.89956265,34.78601558,30,6,36
22313,72744,-94.4226248,35.9495072,5,2,7
22314,72501,-91.63473901,35.76187313,45,0,45
22315,71923,-93.05208725,34.11829948,13,4,17
22316,72022,-92.50044,34.614894,33,0,33
22317,72021,-91.1941437,34.8878689,11,0,11
22318,72730,-94.2570401,36.0384448,10,0,10
22319,71923,-93.06588053,34.18506699,4,4,8
22320,72104,-92.80937908,34.35559005,23,0,23
22321,71944,-94.3341072,34.2401326,4,4,8
22322,71921,-93.460129,34.26450365,2,0,2
22323,72335,-90.78721101,35.0104259,34,0,34
22324,72635,-92.4958476,36.2820639,4,3,7
22325,72042,-91.33588501,34.29602997,9,0,9
22326,72638,-93.4341556,36.3344482,6,1,7
22327,71833,-94.01857029,34.11918003,3,3,6
22328,72437,-90.43218023,35.81704045,4,0,4
22329,72832,-93.67381935,35.43833246,1,0,1
22330,71999,-93.0596143,34.12666357,7,4,11
22331,72015,-92.642567,34.5093698,5,0,5
22332,71630,-91.20120182,33.61019871,7,1,8
22333,72036,-91.2505806,35.0049113,2,0,2
22334,72351,-90.0969548,35.6750816,3,0,3
22335,72041,-91.453709,34.790128,1,0,1
22336,72354,-90.3305011,35.6130691,4,6,10
22337,71630,-91.2056841,33.6079456,1,5,6
22338,72644,-92.91672227,36.46507482,2,1,3
22339,72067,-92.1774989,35.5773368,3,3,6
22340,71753,-93.2389425,33.2686441,22,3,25
22341,72740,-93.73399328,36.08754648,7,0,7
22342,72830,-93.46485303,35.47296856,18,2,20
22343,72736,-94.4528125,36.41653668,9,3,12
22344,72207,-92.34520678,34.77730131,3,5,8
22345,72042,-91.34479224,34.27223206,10,0,10
22346,71720,-92.6166807,33.72544753,2,0,2
22347,71644,-91.70072915,34.07911765,2,3,5
22348,71743,-93.1498197,33.9222271,3,9,12
22349,72834,-93.17296195,35.23378454,10,0,10
22350,71845,-93.57707578,33.35802084,7,3,10
22351,72046,-91.97149842,34.54475394,7,4,11
22352,72205,-92.32268042,34.7508533,25,0,25
22353,72204,-92.3372437,34.7200714,25,1,26
22354,72901,-94.4254614,35.3820897,35,10,45
22355,72542,-91.47607234,36.31612312,3,4,7
22356,72029,-91.31421032,34.69181623,3,2,5
22357,72438,-90.25781947,35.93729419,3,1,4
22358,72024,-91.74763151,34.78310097,6,3,9
22359,72938,-94.3811244,35.0222297,1,0,1
22360,72401,-90.7083475,35.8386812,134,2,136
22361,72023,-92.01684948,34.97389157,35,0,35
22362,71901,-93.0481099,34.5052687,100,0,100
22363,72923,-94.2998413,35.32571107,9,0,9
22364,72401,-90.67305437,35.8373197,17,0,17
22365,72082,-91.66644544,35.23263283,4,3,7
22366,72081,-91.6393324,35.270529,2,3,5
22367,72936,-94.2525833,35.2128742,20,1,21
22368,72941,-94.17519808,35.3354386,3,5,8
22369,72837,-93.1138115,35.4021079,4,2,6
22370,72007,-91.98485389,34.99764379,3,5,8
22371,72941,-94.23952092,35.32534352,1,3,4
22372,71901,-93.05903256,34.5038701,46,2,48
22373,72010,-91.562656,35.317379,6,6,12
22374,72701,-94.00287618,35.911133,1,0,1
22375,72401,-90.73763894,35.82514019,1,0,1
22376,72019,-92.70753986,34.50934057,1,0,1
22377,36542,-87.6900219,30.2713587,40,1,41
22378,35952,-86.3940851,34.11944607,5,5,10
22379,36251,-85.8567297,33.2733162,10,1,11
22380,35586,-88.13331621,33.90138939,6,1,7
22381,36027,-85.13781932,31.89107369,37,0,37
22382,35768,-86.0339611,34.6721088,29,0,29
22383,36037,-86.62303217,31.82995491,30,1,31
22384,36104,-86.29769897,32.37523292,763,0,763
22385,36801,-85.4035802,32.6241997,59,0,59
22386,36451,-87.78143194,31.70687439,14,0,14
22387,36009,-86.2557875,31.5841521,2,2,4
22388,36067,-86.47445071,32.46332889,24,4,28
22389,36049,-86.26496934,31.71431203,10,2,12
22390,35125,-86.2861666,33.5875159,30,6,36
22391,35758,-86.7430537,34.7008305,71,0,71
22392,36089,-85.71649461,32.14531452,5,1,6
22393,35756,-86.7338477,34.5833374,2,0,2
22394,36748,-87.79746254,32.30689622,7,0,7
22395,36867,-85.0013406,32.4680632,80,0,80
22396,35131,-86.1561242,33.7416394,3,1,4
22397,36862,-85.4029936,32.899598,24,1,25
22398,35121,-86.477101,33.946593,18,6,24
22399,35096,-86.12289613,33.60477149,16,0,16
22400,36320,-85.3035616,31.0519556,3,1,4
22401,36360,-85.64123291,31.46137009,42,1,43
22402,35584,-87.0880122,33.8256738,2,0,2
22403,36606,-88.0979988,30.6737462,515,0,515
22404,36740,-87.8827992,32.6528782,2,1,3
22405,35980,-86.3225079,34.1739413,3,4,7
22406,35771,-85.9876748,34.5812098,2,1,3
22407,35462,-87.89233872,32.84237239,9,1,10
22408,35622,-86.90780167,34.36835943,4,3,7
22409,36322,-85.77289485,31.30149439,5,1,6
22410,36580,-87.70714556,30.48404276,6,1,7
22411,36451,-87.774662,31.7088269,5,2,7
22412,35146,-86.473296,33.7742175,14,0,14
22413,35648,-87.37097081,34.96803323,2,0,2
22414,36344,-85.69787838,31.10237142,8,2,10
22415,36919,-88.32705335,31.76789937,1,1,2
22416,35618,-87.3114974,34.6667434,3,4,7
22417,35548,-87.7606739,34.024279,3,1,4
22418,35543,-87.7006749,34.2757162,1,7,8
22419,35564,-87.8279945,34.2758539,4,3,7
22420,36528,-88.11456071,30.2572101,10,0,10
22421,35010,-85.9538803,32.9436743,46,0,46
22422,36310,-85.2490995,31.5717714,10,2,12
22423,35085,-86.7440872,32.9597638,8,10,18
22424,36020,-86.33330411,32.49792154,3,0,3
22425,35620,-86.9729284,34.9288801,1,0,1
22426,35776,-86.271231,34.6271352,0,3,3
22427,36545,-87.89316322,31.51101105,21,1,22
22428,35474,-87.6302749,32.998219,7,0,7
22429,36862,-85.4023504,32.899991,15,0,15
22430,35546,-87.6002833,33.6601068,3,1,4
22431,35188,-87.1611158,33.2105134,4,2,6
22432,36311,-85.7173537,31.6000814,2,1,3
22433,35490,-87.25931,33.159081,3,0,3
22434,35045,-86.62963561,32.8384443,22,2,24
22435,35581,-87.7053307,34.3514993,2,4,6
22436,36850,-85.65422216,32.80073931,5,0,5
22437,35654,-87.7291624,34.474616,15,0,15
22438,36732,-87.8348407,32.5176299,19,0,19
22439,36003,-86.6579648,32.4320142,1,1,2
22440,36551,-87.75105527,30.62231821,12,2,14
22441,35555,-87.8294333,33.6853159,12,0,12
22442,36082,-85.9547707,31.8006689,11,1,12
22443,36801,-85.377572,32.6417627,71,0,71
22444,35570,-87.9913561,34.1402878,11,0,11
22445,36916,-88.0567541,32.2108221,1,1,2
22446,36524,-88.08632011,31.75728329,1,1,2
22447,36016,-85.4848012,31.8851336,12,0,12
22448,35673,-87.0867537,34.6112693,6,2,8
22449,35213,-86.7557238,33.50135395,48,0,48
22450,36507,-87.77476224,30.88501235,100,0,100
22451,36040,-86.58519464,32.18364456,3,2,5
22452,36130,-86.29932515,32.37864865,60,0,60
22453,36576,-87.7515843,30.5459251,2,1,3
22454,35906,-86.0454071,33.9502806,21,0,21
22455,36560,-88.0038354,31.0900481,7,1,8
22456,35959,-85.60873455,34.21929736,4,1,5
22457,35988,-85.7992365,34.56146945,2,6,8
22458,36303,-85.4549193,31.3141617,1,0,1
22459,36130,-86.29903228,32.37840119,136,8,144
22460,35171,-86.7143151,32.9147733,6,12,18
22461,36130,-86.29932125,32.37884853,33,0,33
22462,36350,-85.4946496,31.318288,4,3,7
22463,36106,-86.2966339,32.3649497,24,0,24
22464,36401,-86.9535646,31.43430247,10,2,12
22465,35034,-87.1637729,32.9383475,5,2,7
22466,35184,-87.1145423,33.1176109,2,3,5
22467,35971,-85.8935842,34.5291414,2,1,3
22468,36904,-88.2197983,32.0900706,6,1,7
22469,36271,-86.03815694,33.78201193,6,0,6
22470,36456,-86.7147585,31.5419407,1,0,1
22471,36455,-86.3493904,31.0121234,1,1,2
22472,36278,-85.48324359,33.30968118,14,1,15
22473,35674,-87.7042664,34.7339321,31,3,34
22474,35952,-86.3265829,34.0262296,1,2,3
22475,36608,-88.2441517,30.6812265,18,0,18
22476,35160,-86.10319811,33.43707703,37,0,37
22477,36130,-86.29867047,32.37736297,2,0,2
22478,36130,-86.29914933,32.37735323,2,1,3
22479,35824,-86.7709326,34.6505795,18,2,20
22480,36049,-86.2624631,31.7159188,10,2,12
22481,36117,-86.1764973,32.3680618,14,0,14
22482,35215,-86.709546,33.6501364,11,3,14
22483,35401,-87.56820357,33.20719001,96,11,107
22484,35221,-86.8881379,33.4503272,11,0,11
22485,36849,-85.49233551,32.60596339,2,0,2
22486,36322,-85.71629627,31.23580036,1,0,1
22487,35956,-86.119475,34.1751484,4,0,4
22488,36507,-87.7735674,30.8854442,19,0,19
22489,36303,-85.3445737,31.2983147,2,0,2
22490,36853,-85.76395988,32.82943803,12,2,14
22491,36701,-87.02170413,32.40738133,24,3,27
22492,35062,-87.079205,33.73855598,4,0,4
22493,36303,-85.4484297,31.3147255,6,0,6
22494,36024,-86.03305822,32.63636143,5,1,6
22495,35565,-87.62319502,34.22720715,11,2,13
22496,36460,-87.32452838,31.5258223,24,2,26
22497,35115,-86.86500153,33.0994255,14,1,15
22498,35127,-86.97070254,33.48988271,20,0,20
22499,36477,-86.04783288,31.11327008,5,0,5
22500,36527,-87.8515206,30.6715318,14,0,14
22501,36830,-85.4754749,32.6077921,98,0,98
22502,35042,-87.13464957,32.94645788,12,0,12
22503,36310,-85.2497665,31.571252,8,2,10
22504,36401,-86.9547778,31.4351484,12,0,12
22505,36266,-85.7547503,33.3114593,8,1,9
22506,36453,-86.17351282,31.22485889,1,0,1
22507,35984,-85.58778875,34.57917522,2,1,3
22508,36303,-85.3931279,31.2244261,59,0,59
22509,35401,-87.556611,33.1732944,263,0,263
22510,35178,-86.41134572,33.38491904,3,2,5
22511,35148,-87.05058988,33.74774125,0,22,22
22512,36330,-85.84938596,31.30998189,54,2,56
22513,35470,-88.18974552,32.58057736,7,2,9
22514,35466,-87.90266958,33.31743225,4,2,6
22515,35953,-86.2519289,33.8336345,6,10,16
22516,35646,-87.52840044,34.70290704,1,2,3
22517,35005,-86.9546511,33.6010062,20,1,21
22518,35541,-87.21240056,34.08020563,2,0,2
22519,36251,-85.8356103,33.27482657,7,0,7
22520,35136,-86.2192952,32.8889451,1,0,1
22521,36343,-85.09521645,31.14366621,1,0,1
22522,35072,-86.0543224,33.0632438,4,0,4
22523,36603,-88.05535017,30.69611718,12,0,12
22524,36467,-86.25543555,31.28327505,21,0,21
22525,36784,-87.73579353,31.91888465,16,0,16
22526,36067,-86.47310496,32.45915765,79,0,79
22527,35748,-86.37114923,34.69655137,4,3,7
22528,36083,-85.69160792,32.43648991,23,0,23
22529,35645,-87.54377211,34.8592882,5,1,6
22530,36375,-85.59074526,31.10796918,6,0,6
22531,36560,-88.02918382,31.08813526,9,0,9
22532,36446,-87.72736297,31.78834281,1,1,2
22533,35983,-85.76128077,34.17916178,3,0,3
22534,35632,-87.68121699,34.8067446,12,0,12
22535,35674,-87.7025218,34.7306597,22,0,22
22536,35740,-85.71357249,34.9486929,6,0,6
22537,35031,-86.59200171,34.08133711,7,4,11
22538,36016,-85.44945356,31.87760021,3,1,4
22539,36376,-85.27834273,31.26212673,2,0,2
22540,36319,-85.1120926,31.2908569,2,0,2
22541,35974,-86.00537442,34.362253,3,0,3
22542,36420,-86.48391196,31.30703985,30,3,33
22543,35610,-87.26852744,34.92467106,1,0,1
22544,35670,-86.79906906,34.47293019,4,0,4
22545,36017,-85.61083575,31.70854203,3,3,6
22546,36750,-86.87114624,32.78849443,4,1,5
22547,35481,-88.01530086,33.37677926,5,0,5
22548,35055,-86.84061945,34.17915393,48,9,57
22549,36075,-85.94859003,32.39903043,5,0,5
22550,35760,-86.39450435,34.53689869,6,0,6
22551,35616,-87.97201838,34.75531339,4,4,8
22552,36460,-87.34151181,31.43045841,1,2,3
22553,35470,-88.18813854,32.59040157,6,0,6
22554,35768,-86.12053568,34.80069278,1,2,3
22555,35550,-87.18230409,33.75775367,4,2,6
22556,35447,-88.09592722,33.26022397,7,0,7
22557,36769,-87.58730126,31.97970291,5,4,9
22558,36445,-87.40140851,31.43315173,1,3,4
22559,36351,-85.91316355,31.37712701,20,0,20
22560,35618,-87.30107168,34.67615665,3,5,8
22561,35447,-88.09533448,33.26135031,3,0,3
22562,35540,-87.18149824,34.20346029,3,0,3
22563,36726,-87.287956,31.9907349,10,1,11
22564,35049,-86.5778803,33.9961393,2,2,4
22565,36274,-85.37469543,33.15114294,24,1,25
22566,35579,-87.3866932,33.717185,2,2,4
22567,36441,-87.26076203,31.00093821,6,1,7
22568,35160,-86.10386698,33.43279346,38,0,38
22569,36426,-87.06713474,31.12322801,26,0,26
22570,35576,-88.07760132,33.5621587,1,1,2
22571,36312,-85.23559196,31.18561367,5,0,5
22572,36273,-85.34281458,33.52426597,2,0,2
22573,36037,-86.61806122,31.82968042,9,0,9
22574,35971,-85.9046617,34.446868,4,2,6
22575,35077,-86.76725397,34.05912272,9,2,11
22576,35981,-85.66760982,34.69646515,3,4,7
22577,36092,-86.1959264,32.5629166,33,0,33
22578,35444,-87.32754598,33.2538346,6,0,6
22579,35112,-86.47828546,33.68511253,5,1,6
22580,36272,-85.6124263,33.9229717,14,0,14
22581,35652,-87.29399537,34.82519968,2,0,2
22582,35592,-88.11083131,33.75363008,7,0,7
22583,36853,-85.77193506,32.80872941,23,1,24
22584,35447,-88.26658228,33.22667605,1,0,1
22585,35553,-87.4021191,34.14666,11,2,13
22586,35555,-87.8321473,33.684901,12,2,14
22587,35611,-86.9700072,34.81880289,41,0,41
22588,36925,-88.29001428,32.49169075,4,0,4
22589,35136,-86.2199693,32.8890446,10,0,10
22590,35901,-86.0123539,34.0164455,66,1,67
22591,35121,-86.48939017,33.92994563,43,0,43
22592,35601,-86.98752555,34.60625788,55,0,55
22593,36201,-85.83382142,33.65304929,48,4,52
22594,36033,-86.7412851,31.63704714,7,1,8
22595,36502,-87.49134509,31.02513175,27,2,29
22596,36089,-85.71606828,32.14666239,11,2,13
22597,35020,-86.9544703,33.397056,107,0,107
22598,35180,-86.80850771,33.8147293,13,1,14
22599,35654,-87.67272036,34.59522111,5,0,5
22600,35173,-86.60331252,33.6207163,42,0,42
22601,35989,-85.62855649,34.57916348,2,0,2
22602,36054,-86.3588688,32.4764502,28,0,28
22603,35135,-86.20360439,33.60501576,4,7,11
22604,99777,-152.0829036,65.1723496,1,0,1
22605,99835,-135.3335957,57.05266076,18,0,18
22606,99685,-166.5419158,53.87141536,13,0,13
22607,99669,-151.0732692,60.48243521,14,0,14
22608,99654,-149.4058769,61.5751129,24,0,24
22609,71270,-92.65165286,32.52537772,19,0,19
22610,50627,-93.09987158,42.35905604,5,0,5
22611,50662,-91.91710086,42.67772331,11,1,12
22612,50629,-92.05030517,42.63913678,1,2,3
22613,50212,-94.0337328,42.0393162,3,3,6
22614,52040,-91.12064529,42.48492739,6,1,7
22615,51401,-94.8673092,42.064189,15,0,15
22616,50849,-94.45756704,41.30481595,3,0,3
22617,50049,-93.32874258,41.02275766,6,0,6
22618,51454,-95.23329445,41.88996839,0,3,3
22619,51347,-95.3214444,43.455386,2,0,2
22620,50830,-94.19719956,41.02822586,1,0,1
22621,06488,-73.223682,41.4704022,24,0,24
22622,06492,-72.8164287,41.4556793,73,0,73
22623,06712,-72.9771144,41.4997804,1,12,13
22624,06050,-72.75928008,41.6933158,19,0,19
22625,06515,-72.9520359,41.3338028,27,0,27
22626,06614,-73.128897,41.20172,111,10,121
22627,06067,-72.6376207,41.6682025,34,0,34
22628,06096,-72.6471943,41.9273545,25,0,25
22629,06405,-72.8141437,41.2812271,51,9,60
22630,06033,-72.6071885,41.7062087,56,0,56
22631,06897,-73.4250289,41.1907754,44,0,44
22632,06096,-72.6854842,41.9303356,38,0,38
22633,06026,-72.7286359,41.9416341,7,0,7
22634,06612,-73.29684466,41.25255665,16,4,20
22635,85239,-112.0520058,33.06117746,58,0,58
22636,86322,-111.8548057,34.5597177,22,0,22
22637,86403,-114.317945,34.4783341,91,0,91
22638,85350,-114.7060222,32.596042,26,0,26
22639,85374,-112.3662314,33.6297099,127,0,127
22640,85936,-109.3824942,34.5062256,7,2,9
22641,85281,-111.9741881,33.41331794,1,0,1
22642,85007,-112.0896858,33.4485226,58,0,58
22643,85709,-110.9272725,32.1310108,26,0,26
22644,39842,-84.4357377,31.7775654,12,0,12
22645,30510,-83.56946744,34.47058628,3,3,6
22646,39862,-84.5171758,31.4850067,1,0,1
22647,30337,-84.451747,33.6540556,93,2,95
22648,30030,-84.30175177,33.77324877,37,1,38
22649,31312,-81.39116968,32.33760041,3,11,14
22650,30054,-83.86815877,33.62388191,4,0,4
22651,30680,-83.71939687,33.99361443,44,0,44
22652,31620,-83.4218004,31.1384733,21,0,21
22653,31794,-83.5096397,31.4496682,52,0,52
22654,71103,-93.7756053,32.504921,0,0,0
22655,31781,-83.7901051,31.5122306,5,0,5
22656,30179,-85.0285142,33.73153397,10,1,11
22657,31061,-83.2284353,33.0828878,42,0,42
22658,31028,-83.6893375,32.6303282,17,5,22
22659,30125,-85.21727689,34.01499952,35,1,36
22660,31031,-83.29763108,32.90893658,2,1,3
22661,30297,-84.3738939,33.6093812,66,0,66
22662,30144,-84.61678024,34.02315029,60,0,60
22663,30071,-84.2117998,33.942811,35,0,35
22664,30253,-84.1440888,33.4472309,40,1,41
22665,31055,-82.89824717,32.0660853,8,0,8
22666,31023,-83.1755624,32.1958259,11,1,12
22667,31825,-84.6672331,32.0846503,3,5,8
22668,30549,-83.5561872,34.0741468,9,0,9
22669,30474,-82.40888628,32.21665435,33,0,33
22670,30188,-84.480943,34.088001,47,0,47
22671,30260,-84.3441616,33.6061945,16,0,16
22672,30132,-84.8409195,33.9239764,17,3,20
22673,30662,-83.1102141,34.2847394,15,5,20
22674,30813,-82.1911611,33.4476652,23,0,23
22675,71417,-92.6991009,31.5214801,5,6,11
22676,71432,-92.38750017,31.75954455,2,3,5
22677,71018,-93.4162703,32.8175823,2,2,4
22678,70653,-93.54033875,30.75500792,4,0,4
22679,70570,-92.0820209,30.5366452,58,0,58
22680,71433,-92.5844189,30.9761966,2,2,4
22681,71282,-91.1863642,32.4085597,12,1,13
22682,70448,-90.0770069,30.37370108,35,2,37
22683,71351,-92.06507378,31.12806255,20,1,21
22684,70374,-90.54265213,29.64096602,6,1,7
22685,70633,-93.4355052,30.4496509,14,2,16
22686,71202,-92.07674955,32.44604292,8,2,10
22687,71480,-92.29575951,31.86399721,1,0,1
22688,70427,-89.86136934,30.78616813,37,0,37
22689,70711,-90.5825593,30.5014067,3,8,11
22690,71446,-93.01612751,31.26299883,1,0,1
22691,70052,-90.6898203,30.0477948,6,3,9
22692,70791,-91.1562862,30.6482097,27,25,52
22693,70634,-93.285258,30.911666,3,4,7
22694,71259,-91.7760648,32.3091754,1,4,5
22695,70778,-90.85793137,30.18616364,5,0,5
22696,71461,-93.27358399,31.1156312,8,5,13
22697,70510,-92.13647086,29.97169935,38,0,38
22698,71066,-93.19901434,31.87342238,1,0,1
22699,70586,-92.4227763,30.7780604,4,0,4
22700,70392,-91.30231597,29.69832877,21,1,22
22701,71019,-93.3294927,32.0162935,7,0,7
22702,71232,-91.49255116,32.45521454,5,1,6
22703,71358,-91.9040824,30.7172154,1,0,1
22704,70543,-92.49504917,30.33103714,4,0,4
22705,71362,-91.98066787,30.96499068,2,5,7
22706,70586,-92.4108741,30.8747911,1,1,2
22707,70466,-90.48477814,30.57842922,7,1,8
22708,71078,-93.82299804,32.26891182,3,1,4
22709,70515,-92.59233091,30.48483427,7,0,7
22710,70788,-91.1467836,30.1692197,5,4,9
22711,70772,-91.4525638,30.4414671,1,1,2
22712,70401,-90.45819841,30.50507926,78,0,78
22713,70583,-92.098207,30.23961191,22,0,22
22714,96130,-120.6471713,40.4152745,16,0,16
22715,94607,-122.2750508,37.7993756,773,0,773
22716,71112,-93.660103,32.5309615,0,0,0
22717,90277,-118.3883036,33.8448442,99,0,99
22718,95694,-121.9710344,38.5218038,9,0,9
22719,95202,-121.2899995,37.9511894,415,0,415
22720,94403,-122.291883,37.54223401,108,4,112
22721,93940,-121.897672,36.5966601,54,0,54
22722,94005,-122.4025517,37.6868453,14,1,15
22723,95605,-121.5275697,38.58646071,70,7,77
22724,93003,-119.2235206,34.2598977,134,0,134
22725,94041,-122.0813568,37.3956194,97,0,97
22726,92240,-116.5111108,33.9618748,23,0,23
22727,92648,-118.0008273,33.6777846,223,5,228
22728,95361,-120.8494717,37.7681212,27,3,30
22729,93268,-119.4413072,35.1342615,14,0,14
22730,93555,-117.6724159,35.6211829,33,9,42
22731,96134,-121.4764453,41.95588832,3,0,3
22732,94565,-121.8915048,38.0199228,76,0,76
22733,94523,-122.0690882,37.9620059,45,5,50
22734,93434,-120.5690135,34.9694532,11,2,13
22735,93926,-121.4438623,36.50781509,13,0,13
22736,92231,-115.493008,32.6695239,46,0,46
22737,93930,-121.1273437,36.2107957,15,4,19
22738,93610,-120.2588216,37.122629,19,5,24
22739,95037,-121.6395864,37.1179792,36,0,36
22740,96067,-122.312772,41.313301,9,0,9
22741,94019,-122.4320226,37.4655199,14,0,14
22742,93433,-120.6220752,35.1209,19,3,22
22743,90266,-118.4094302,33.8872574,64,3,67
22744,94587,-122.0270806,37.5872748,81,0,81
22745,94939,-122.5303261,37.9385442,33,0,33
22746,94960,-122.5627993,37.9747598,17,1,18
22747,90210,-118.399801,34.0737737,137,0,137
22748,95334,-120.7218818,37.3848503,20,1,21
22749,94611,-122.2323411,37.8244535,20,0,20
22750,50540,-94.84672102,42.5810907,1,3,4
22751,51101,-96.40597113,42.49795626,33,0,33
22752,51360,-95.1030019,43.4221638,9,0,9
22753,52224,-92.3059356,42.1699568,20,0,20
22754,50676,-92.25780502,42.80707002,1,0,1
22755,52301,-92.07113307,41.79836671,11,0,11
22756,50125,-93.5615897,41.3608582,23,0,23
22757,50638,-92.77422793,42.36090581,12,0,12
22758,85301,-112.1820534,33.5375672,424,0,424
22759,86442,-114.602809,35.10122919,83,0,83
22760,85007,-112.0842749,33.4485113,16,1,17
22761,85264,-111.6785602,33.5847874,22,0,22
22762,86515,-109.0578404,35.67355058,19,0,19
22763,85552,-109.7613704,32.843966,2,6,8
22764,85007,-112.0978102,33.44794016,20,1,21
22765,85941,-109.9632851,33.8385694,30,0,30
22766,85228,-111.654053,32.9560444,7,0,7
22767,85501,-110.7742152,33.3924857,53,3,56
22768,85256,-111.8624458,33.4866257,125,0,125
22769,86515,-109.057424,35.67343161,393,0,393
22770,85746,-111.0659212,32.11553607,27,0,27
22771,71854,-94.04293732,33.42075198,82,0,82
22772,32724,-81.29974951,29.02924702,2,8,10
22773,32304,-84.3404177,30.4442775,8,0,8
22774,33773,-82.7444683,27.874332,20,1,21
22775,33127,-80.2007081,25.8318748,210,0,210
22776,32055,-82.55726996,30.1905338,132,4,136
22777,34450,-82.328212,28.8354605,224,5,229
22778,70542,-92.50945727,30.02550338,0,0,0
22779,32097,-81.6351502,30.6223595,109,1,110
22780,32054,-82.3385054,30.0235552,10,8,18
22781,80601,-104.7984165,39.9928248,364,0,364
22782,80525,-105.0329916,40.56325946,109,0,109
22783,90254,-118.3958077,33.8640006,32,0,32
22784,95354,-120.9962902,37.63752,262,18,280
22785,91706,-117.933395,34.1046194,30,4,34
22786,90621,-117.9970915,33.8641626,94,10,104
22787,85603,-109.871846,31.4328624,83,0,83
22788,80631,-104.7083656,40.451288,121,4,125
22789,81324,-108.9036712,37.7653962,5,1,6
22790,80424,-106.0469946,39.4912849,55,0,55
22791,80821,-103.4736553,39.1324015,7,0,7
22792,31030,-83.8953213,32.540561,12,0,12
22793,30240,-85.0307736,33.04045751,7,0,7
22794,31070,-83.7534093,32.192608,21,1,22
22795,30521,-83.2421501,34.369164,35,0,35
22796,71101,-93.7508239,32.5131148,0,0,0
22797,52136,-92.1150721,43.3733691,7,1,8
22798,50115,-94.5019633,41.6785022,5,0,5
22799,32801,-81.38345108,28.54116763,757,0,757
22800,34217,-82.7140783,27.5097826,14,0,14
22801,32578,-86.47499963,30.52445984,20,6,26
22802,71101,-93.7496939,32.5120439,440,31,471
22803,71055,-93.28826946,32.61373545,40,7,47
22804,70803,-91.1831975,30.4100184,62,0,62
22805,70148,-90.0697194,30.0306164,30,0,30
22806,70058,-90.06424925,29.90617679,825,24,849
22807,02478,-71.1777011,42.396082,44,0,44
22808,01945,-70.85975952,42.49671886,32,0,32
22809,01840,-71.1651024,42.7082205,151,0,151
22810,01951,-70.8612198,42.797804,13,5,18
22811,01984,-70.88594365,42.60447361,10,12,22
22812,01054,-72.497852,42.4642802,2,6,8
22813,02717,-71.014864,41.7640355,17,11,28
22814,02019,-71.4741482,42.08694,28,0,28
22815,02021,-71.1347859,42.1752336,46,5,51
22816,01201,-73.2525995,42.4494805,87,0,87
22817,02035,-71.25838214,42.0752034,31,0,31
22818,01056,-72.4722396,42.1754888,34,0,34
22819,01540,-71.86443115,42.13248028,20,1,21
22820,02645,-70.08196783,41.68071116,34,5,39
22821,02660,-70.15508099,41.70403321,41,0,41
22822,01473,-71.9121694,42.5440487,13,6,19
22823,01923,-70.94347709,42.55487094,47,0,47
22824,92056,-117.3009679,33.1880591,9,3,12
22825,92407,-117.3281644,34.1874319,14,0,14
22826,95401,-122.7196401,38.4578455,12,0,12
22827,90405,-118.4691033,34.0153371,16,0,16
22828,91330,-118.5334055,34.2387589,24,0,24
22829,01503,-71.64008642,42.38109357,7,10,17
22830,92281,-115.6221138,33.0344404,5,0,5
22831,51031,-96.1459845,42.7985942,10,4,14
22832,51566,-95.2322154,41.0086661,8,0,8
22833,50801,-94.3619102,41.0601278,10,0,10
22834,52060,-90.6681702,42.0688801,9,1,10
22835,52361,-92.00964851,41.66198282,6,8,14
22836,52601,-91.1018052,40.8112909,41,0,41
22837,50025,-94.9314961,41.72216517,3,6,9
22838,50579,-94.6341577,42.3951792,6,0,6
22839,52033,-91.0154185,42.2987082,2,3,5
22840,51579,-95.7024569,41.7374264,3,0,3
22841,52404,-91.6697919,41.9723119,197,0,197
22842,32399,-84.28126966,30.43811898,207,0,207
22843,32308,-84.2410569,30.46056506,499,0,499
22844,81301,-107.8788812,37.2738158,50,0,50
22845,30830,-82.01298774,33.10392605,5,0,5
22846,92562,-117.2094219,33.5588672,90,0,90
22847,93063,-118.7193867,34.2872834,127,0,127
22848,92376,-117.3750227,34.100004,109,0,109
22849,95641,-121.612564,38.1611322,5,2,7
22850,94538,-121.9691133,37.5526966,182,7,189
22851,50158,-93.0599332,42.0103605,19,0,19
22852,52625,-91.5633107,40.6427924,1,3,4
22853,85643,-109.8313834,32.26333865,11,0,11
22854,86301,-112.4657946,34.556995,9,0,9
22855,86440,-114.5971861,34.91068627,23,0,23
22856,33756,-82.80421145,27.93482582,12,3,15
22857,32218,-81.68166147,30.49317308,42,0,42
22858,80444,-105.6956258,39.70609362,3,0,3
22859,81029,-102.5812546,37.10509069,1,0,1
22860,31645,-83.1973657,31.075288,2,2,4
22861,30293,-84.5823142,32.98340875,6,3,9
22862,30464,-82.21583284,32.44164189,1,1,2
22863,31833,-85.18193044,32.87638917,15,0,15
22864,30058,-84.1061057,33.71220668,8,2,10
22865,31787,-84.25212347,31.90185949,3,3,6
22866,39897,-84.32428468,30.88312939,3,2,5
22867,30019,-83.8921892,33.9835116,1,0,1
22868,70658,-93.04620854,30.51972426,0,0,0
22869,39840,-84.78893547,31.77235819,8,3,11
22870,31321,-81.62344716,32.13541372,7,5,12
22871,31044,-83.3435139,32.6859688,4,2,6
22872,30573,-83.3957117,34.7365747,1,3,4
22873,30546,-83.756809,34.947408,4,12,16
22874,30276,-84.5543315,33.3017258,10,0,10
22875,30662,-83.15246794,34.2838179,2,6,8
22876,30629,-83.1261246,34.0637535,2,4,6
22877,71047,-93.823931,32.371962,0,0,0
22878,31015,-83.78321269,31.97292532,28,0,28
22879,31722,-83.6235094,31.0689726,3,2,5
22880,31784,-84.02084217,31.26249676,1,1,2
22881,31560,-82.01704747,31.48682971,2,2,4
22882,31089,-82.81100867,32.93708965,7,4,11
22883,31305,-81.4354912,31.3692216,6,0,6
22884,30736,-85.1347707,34.9292858,70,1,71
22885,30228,-84.2825498,33.38478603,17,2,19
22886,30025,-83.67825101,33.6242601,209,0,209
22887,30114,-84.49295144,34.23668015,14,0,14
22888,70532,-92.71448531,30.52419469,21,0,21
22889,06076,-72.3033647,41.9534314,7,4,11
22890,06770,-73.0538403,41.504813,59,0,59
22891,06794,-73.32037187,41.6403149,2,1,3
22892,06518,-72.9032704,41.3838815,105,0,105
22893,06478,-73.1168694,41.4341257,11,1,12
22894,72455,-90.9690368,36.2629363,13,1,14
22895,72447,-90.3459707,35.89081362,3,1,4
22896,72366,-90.91406763,34.55682372,3,1,4
22897,72576,-91.82300399,36.37165179,3,1,4
22898,72390,-90.64561519,34.54446031,30,10,40
22899,72958,-94.0924184,34.90087614,8,4,12
22900,72687,-92.69105549,36.23019848,14,5,19
22901,71956,-93.1745892,34.571656,3,1,4
22902,72392,-91.1103554,34.9128394,1,1,2
22903,72301,-90.1903907,35.1748559,35,0,35
22904,72176,-91.95500549,35.03009109,6,7,13
22905,72442,-90.16601663,35.87996366,6,1,7
22906,71603,-92.02650205,34.11612618,1,0,1
22907,33156,-80.3286322,25.6529417,50,0,50
22908,32052,-82.94916148,30.51822138,8,1,9
22909,32693,-82.81877187,29.60251847,24,3,27
22910,33701,-82.6367078,27.7652966,11,0,11
22911,32307,-84.29024153,30.4171717,35,0,35
22912,81039,-104.0237442,38.12904426,3,2,5
22913,80461,-106.2922348,39.25063809,8,2,10
22914,80835,-104.0846985,39.14368888,2,1,3
22915,80440,-106.0035757,39.22490088,3,6,9
22916,80212,-105.0594352,39.77696296,4,5,9
22917,80723,-103.6262679,40.25484852,9,0,9
22918,81063,-103.7562191,38.22202317,7,0,7
22919,81416,-108.072485,38.739658,27,0,27
22920,80487,-106.8360722,40.4858728,23,0,23
22921,81423,-108.2889106,38.12952711,1,0,1
22922,81054,-103.2202843,38.0670748,5,2,7
22923,81132,-106.3503585,37.6770208,7,0,7
22924,81401,-107.8909672,38.48764387,53,0,53
22925,80202,-104.9890203,39.74132246,5,0,5
22926,30467,-81.6499356,32.75082205,10,5,15
22927,31316,-81.74125657,31.70813781,15,3,18
22928,30635,-82.87172704,34.11089688,30,4,34
22929,30525,-83.4032572,34.8790536,5,0,5
22930,31055,-82.89661712,32.06714902,10,5,15
22931,31830,-84.6804945,32.88682155,7,3,10
22932,30534,-84.11992743,34.42232902,54,0,54
22933,31068,-84.0595013,32.2937981,9,0,9
22934,31805,-84.77655223,32.3064565,6,1,7
22935,30253,-84.1374367,33.4438869,225,0,225
22936,30028,-84.09359076,34.27180893,3,3,6
22937,71203,-92.07579673,32.52547649,18,0,18
22938,92234,-116.4641223,33.7813755,56,0,56
22939,92101,-117.1509044,32.7152779,1951,0,1951
22940,94558,-122.2758245,38.2727355,4,1,5
22941,90221,-118.215855,33.8917393,37,0,37
22942,94158,-122.3889201,37.77253241,1940,0,1940
22943,92692,-117.6635625,33.55498948,11,2,13
22944,94612,-122.2630943,37.80136136,928,0,928
22945,92371,-117.5730248,34.41859848,4,0,4
22946,93309,-119.0651822,35.342407,22,0,22
22947,51334,-94.83599296,43.40332491,12,2,14
22948,06798,-73.2071787,41.5419583,9,3,12
22949,93405,-120.7414938,35.33160121,6,0,6
22950,95640,-120.9332456,38.3529485,6,2,8
22951,95758,-121.3947242,38.4172219,126,0,126
22952,93454,-120.4332432,34.9495473,108,1,109
22953,01083,-72.1945417,42.2130137,7,9,16
22954,52046,-91.00589074,42.44478586,1,1,2
22955,06417,-72.4357793,41.3850774,1,2,3
22956,06412,-72.4452959,41.4201564,2,2,4
22957,85363,-112.301865,33.594696,12,0,12
22958,86326,-112.0220612,34.73627025,30,0,30
22959,85618,-110.641247,32.721897,5,0,5
22960,85602,-110.2940155,31.9648332,16,0,16
22961,85546,-109.7185405,32.8335177,21,0,21
22962,85364,-114.6207702,32.6992938,167,0,167
22963,85353,-112.2662422,33.44951765,30,0,30
22964,33467,-80.1465952,26.6330234,52,0,52
22965,33174,-80.3730986,25.763886,19,37,56
22966,32136,-81.1304396,29.478721,14,2,16
22967,32955,-80.7235915,28.3302432,50,4,54
22968,33025,-80.30007,25.986746,171,0,171
22969,32757,-81.64426712,28.80828429,35,5,40
22970,33138,-80.1938131,25.8667954,34,0,34
22971,34731,-81.9124496,28.8584675,13,5,18
22972,34761,-81.54333833,28.5720751,66,0,66
22973,32751,-81.36491908,28.62618797,40,4,44
22974,33040,-81.7870689,24.5577817,87,4,91
22975,34769,-81.3178069,28.249814,69,3,72
22976,32536,-86.571924,30.7568396,51,0,51
22977,32043,-81.676976,29.9929412,19,8,27
22978,32159,-81.9299784,28.9318178,28,0,28
22979,32903,-80.5700155,28.0909615,11,0,11
22980,33166,-80.2846048,25.8213722,40,0,40
22981,71418,-92.07396825,32.1056714,2,1,3
22982,71435,-92.10809773,32.04967885,2,1,3
22983,01247,-73.10331493,42.69161732,9,0,9
22984,02720,-71.1212937,41.7206492,5,1,6
22985,71107,-93.8145219,32.5884785,0,0,0
22986,02129,-71.0695484,42.3754578,8,0,8
22987,02302,-70.9897599,42.0750956,13,0,13
22988,01775,-71.499472,42.435843,11,5,16
22989,01854,-71.3261221,42.6542742,20,0,20
22990,01002,-72.514987,42.397838,63,0,63
22991,02119,-71.10099676,42.31950421,26,0,26
22992,02532,-70.62189751,41.74085147,6,3,9
22993,50604,-92.88491548,42.5814544,2,6,8
22994,70501,-92.0213583,30.2234946,0,0,0
22995,50658,-92.53666446,42.95152795,4,0,4
22996,51462,-94.5456306,42.02158005,1,2,3
22997,50574,-94.66982939,42.73235299,4,1,5
22998,52175,-91.81876034,42.94394062,10,0,10
22999,51401,-94.8668917,42.0646059,10,0,10
23000,50170,-93.10158434,41.52209209,3,1,4
23001,52747,-90.91853303,41.60234529,3,0,3
23002,50138,-93.09613567,41.31677308,12,0,12
23003,06410,-72.8985653,41.5110706,49,0,49
23004,06385,-72.1362697,41.3436849,45,0,45
23005,06071,-72.4593025,41.9845121,6,1,7
23006,86021,-112.9752344,36.9902128,5,1,6
23007,33853,-81.588192,27.9005126,41,4,45
23008,33756,-82.7972936,27.9635056,255,0,255
23009,33408,-80.0521712,26.8717509,14,0,14
23010,32073,-81.7025092,30.1647769,22,0,22
23011,32424,-85.0451761,30.4447309,8,0,8
23012,33901,-81.8682293,26.6394959,170,0,170
23013,32643,-82.5973837,29.8288018,13,6,19
23014,32960,-80.3940407,27.637642,59,0,59
23015,32202,-81.6520588,30.3253843,1662,0,1662
23016,32404,-85.60479,30.1295955,9,4,13
23017,33870,-81.4405749,27.4982624,33,1,34
23018,33480,-80.0360315,26.7035829,77,0,77
23019,32744,-81.23147556,28.97773071,7,0,7
23020,33401,-80.0575798,26.7140605,310,0,310
23021,33404,-80.0369165,26.7785578,11,3,14
23022,32117,-81.040025,29.2451175,29,3,32
23023,34652,-82.7192341,28.2556293,38,0,38
23024,32114,-81.0379238,29.2008529,250,33,283
23025,33825,-81.5051248,27.5999394,19,0,19
23026,33404,-80.0652568,26.7845577,108,0,108
23027,32112,-81.51087,29.4321236,5,0,5
23028,32561,-87.181693,30.3603144,19,4,23
23029,32746,-81.3193165,28.7587395,39,1,40
23030,33525,-82.186389,28.3634838,24,2,26
23031,33706,-82.74838428,27.74427847,26,0,26
23032,33834,-81.8235687,27.6381215,7,0,7
23033,80817,-104.704153,38.684819,40,0,40
23034,80033,-105.0805441,39.7571935,73,0,73
23035,80543,-104.8553854,40.33039786,9,0,9
23036,80530,-104.9371048,40.0988307,15,1,16
23037,80204,-104.9922945,39.7371503,1525,0,1525
23038,80501,-105.1011673,40.1631103,136,0,136
23039,81621,-107.0299649,39.36465767,10,0,10
23040,81211,-106.123917,38.84416095,7,5,12
23041,80132,-104.868663,39.09761,13,1,14
23042,81657,-106.379816,39.6438977,28,0,28
23043,80117,-104.4630779,39.3462039,3,1,4
23044,80809,-105.0155519,38.93419337,2,2,4
23045,80520,-104.9386467,40.11769436,20,0,20
23046,80513,-105.0789441,40.3065173,9,1,10
23047,80813,-105.1802276,38.7467293,9,0,9
23048,80514,-104.9363482,40.0853607,10,1,11
23049,80260,-105.0156312,39.8591408,24,0,24
23050,80401,-105.2244518,39.75663603,42,0,42
23051,81615,-106.947504,39.21144582,10,0,10
23052,81224,-106.9819223,38.8704903,7,0,7
23053,80427,-105.5131446,39.7992366,4,4,8
23054,30308,-84.396548,33.746728,3,0,3
23055,31404,-81.05619353,32.02281262,14,0,14
23056,71233,-90.9274354,32.3248999,3,0,3
23057,71072,-93.28738459,32.94927757,1,0,1
23058,95776,-121.7319249,38.6620051,82,1,83
23059,92840,-117.9356174,33.7763883,166,22,188
23060,95404,-122.7036606,38.440565,179,0,179
23061,83849,-115.9913084,47.5021049,2,1,3
23062,66434,-95.53316009,39.85268,7,0,7
23063,47356,-85.535662,40.0539818,5,0,5
23064,46902,-86.1321094,40.4600209,1,8,9
23065,46987,-85.76936111,40.56779547,1,0,1
23066,48423,-83.5199503,43.0886038,8,2,10
23067,96793,-156.4880014,20.8880387,329,0,329
23068,48317,-83.0362187,42.6257341,16,0,16
23069,47648,-87.5806282,38.2476874,3,0,3
23070,46001,-85.672904,40.262485,13,0,13
23071,83350,-113.6775383,42.619134,15,3,18
23072,83850,-116.2336354,47.5384868,2,2,4
23073,83805,-116.3134414,48.69581201,8,0,8
23074,47396,-85.5009974,40.17178739,10,0,10
23075,61956,-88.161877,39.864224,4,2,6
23076,46204,-86.1531748,39.7659146,740,11,751
23077,62914,-89.1728652,37.00244999,7,3,10
23078,83442,-111.9126975,43.6724814,8,3,11
23079,66603,-95.67513562,39.05051863,12,0,12
23080,60954,-87.66377744,41.16184626,9,5,14
23081,61379,-89.58393121,41.36620225,1,2,3
23082,60940,-87.6436426,41.24135552,5,9,14
23083,62523,-88.95385898,39.83907032,166,0,166
23084,42629,-85.0627244,36.9846794,5,0,5
23085,67846,-100.8768021,37.9680725,40,0,40
23086,21250,-76.7143223,39.2539192,22,0,22
23087,21853,-75.68556225,38.20670852,6,0,6
23088,19943,-75.5739751,39.0106008,4,1,5
23089,66066,-95.31158111,39.20703716,23,9,32
23090,60542,-88.3225476,41.8077908,30,0,30
23091,46241,-86.2978623,39.71533453,47,0,47
23092,61856,-88.5784366,40.0073823,11,0,11
23093,62812,-88.91650846,37.99741148,17,0,17
23094,83276,-111.5989802,42.654976,7,0,7
23095,46205,-86.1359633,39.8330191,8,0,8
23096,49738,-84.7225421,44.6699262,4,1,5
23097,19702,-75.72841054,39.60578084,5,2,7
23098,49101,-86.4853362,41.9539234,4,5,9
23099,83522,-116.3495356,46.0493313,1,2,3
23100,46947,-86.3625324,40.7542204,41,0,41
23101,61604,-89.6961867,40.6910243,72,0,72
23102,60465,-87.84173345,41.6916161,11,12,23
23103,47374,-84.8982713,39.829775,35,0,35
23104,60436,-88.1080584,41.5060283,4,6,10
23105,60451,-87.9801218,41.5123158,40,1,41
23106,62226,-89.9838763,38.5273435,22,0,22
23107,62201,-90.1079664,38.6454993,10,10,20
23108,61072,-89.0720313,42.4522302,13,2,15
23109,48625,-84.7999778,44.1055102,1,0,1
23110,49112,-86.074498,41.7996858,7,1,8
23111,67045,-96.29477276,37.82174628,11,0,11
23112,67749,-100.52843,39.819272,3,1,4
23113,62208,-90.0118635,38.5969512,41,0,41
23114,61071,-89.69706222,41.77187985,19,0,19
23115,62206,-90.1695922,38.5906382,14,0,14
23116,62704,-89.68640053,39.77780853,6,5,11
23117,61081,-89.6913329,41.7888932,31,0,31
23118,62206,-90.1915544,38.5705105,32,0,32
23119,62207,-90.11908153,38.5814221,3,13,16
23120,21661,-76.231981,39.13272619,4,2,6
23121,21532,-78.929764,39.656541,15,0,15
23122,66032,-95.24093559,38.28037348,9,0,9
23123,67901,-100.9205682,37.04383053,14,0,14
23124,66441,-96.82780569,39.03102677,28,0,28
23125,67104,-98.5778529,37.2798195,4,1,5
23126,40484,-84.6591111,37.5299701,9,3,12
23127,49837,-87.0188685,45.8530667,10,0,10
23128,48866,-84.3707864,43.0050581,3,3,6
23129,48801,-84.6544972,43.3793732,13,1,14
23130,49738,-84.7167632,44.659909,15,4,19
23131,48336,-83.3603008,42.4841296,118,0,118
23132,49201,-84.410001,42.2450867,57,9,66
23133,48458,-83.7393672,43.0876615,31,4,35
23134,49048,-85.5491477,42.2758517,149,0,149
23135,49026,-85.9567272,42.3830971,1,0,1
23136,49779,-83.8168421,45.4216213,11,0,11
23137,49855,-87.3978831,46.5418399,22,2,24
23138,48105,-83.6785907,42.2562171,133,12,145
23139,49304,-85.851399,43.9004839,18,5,23
23140,49911,-90.0536816,46.4822053,18,0,18
23141,48446,-83.3523942,43.0336494,47,0,47
23142,04861,-69.1829245,44.0787328,5,2,7
23143,49938,-90.169372,46.4522395,13,0,13
23144,46176,-85.7785532,39.5205781,41,8,49
23145,46915,-86.3955892,40.4845247,1,1,2
23146,49036,-85.0015887,41.9673254,25,5,30
23147,67455,-98.14483791,39.04101469,8,1,9
23148,48423,-83.5162391,43.0344203,10,0,10
23149,46996,-86.60316765,41.050258,14,3,17
23150,49950,-88.29403566,47.41349245,6,2,8
23151,49242,-84.6449188,41.9298149,29,5,34
23152,67460,-97.68420497,38.37302773,16,0,16
23153,83440,-111.7828187,43.8263369,25,3,28
23154,48847,-84.60411732,43.29087946,19,3,22
23155,62864,-88.90235388,38.31431815,22,3,25
23156,60410,-88.220024,41.4368645,26,0,26
23157,67672,-99.88286866,39.0266139,4,0,4
23158,04950,-69.7267971,44.7922462,15,20,35
23159,04102,-70.28139111,43.65243898,50,0,50
23160,83423,-112.2329153,44.1765536,3,0,3
23161,49781,-84.7334503,45.8660763,11,1,12
23162,67003,-98.02927015,37.15351944,5,3,8
23163,40447,-83.99791759,37.43058275,4,0,4
23164,49601,-85.3870867,44.2459657,25,0,25
23165,48413,-82.9986173,43.8013669,19,18,37
23166,48843,-83.9556761,42.6125344,65,0,65
23167,83338,-114.5180844,42.7235474,15,2,17
23168,49031,-86.0187664,41.9192907,35,2,37
23169,62320,-91.06485582,40.03970862,2,0,2
23170,40202,-85.75955059,38.2545854,239,4,243
23171,46919,-85.87276492,40.57987763,2,2,4
23172,67301,-95.70501865,37.22365698,21,0,21
23173,66044,-95.23437433,38.96344251,81,3,84
23174,49348,-85.6446654,42.6740333,5,3,8
23175,48611,-84.0684751,43.6024915,2,0,2
23176,21601,-76.07865465,38.77400447,50,0,50
23177,21903,-76.07397562,39.56100625,9,0,9
23178,49946,-88.45370781,46.75801561,4,1,5
23179,04970,-70.6467114,44.9696032,3,5,8
23180,48732,-83.8088098,43.5936625,10,0,10
23181,67601,-99.3407617,38.8706001,8,0,8
23182,66508,-96.64589465,39.84014957,8,2,10
23183,67560,-99.9075426,38.4537273,7,3,10
23184,04786,-68.1563565,46.7900962,1,4,5
23185,21784,-76.9690272,39.3654197,7,0,7
23186,20781,-76.9298626,38.9497183,6,0,6
23187,47130,-85.7407166,38.2834648,61,0,61
23188,67473,-98.69423989,39.43800919,4,0,4
23189,20770,-76.8774436,39.0005622,54,0,54
23190,48114,-83.6868898,42.5221237,35,31,66
23191,61032,-89.6218221,42.2981421,29,4,33
23192,20747,-76.8814389,38.8621109,8,0,8
23193,48872,-84.2208685,42.8271791,5,2,7
23194,66757,-95.67881133,37.41717048,7,1,8
23195,66436,-95.738,39.4631405,7,0,7
23196,66002,-95.1199215,39.56327,22,0,22
23197,04530,-69.8153132,43.9140662,18,0,18
23198,67152,-97.39709444,37.2672753,17,3,20
23199,67748,-100.8530003,39.12691006,6,0,6
23200,66217,-94.7697177,39.0496678,3,5,8
23201,49740,-84.9766495,45.4316114,5,2,7
23202,66605,-95.62415782,39.01405927,2,2,4
23203,61350,-88.844516,41.3495728,36,0,36
23204,04364,-69.9697218,44.306297,9,4,13
23205,83843,-116.996649,46.7307657,36,1,37
23206,48001,-82.5328149,42.6168279,8,0,8
23207,48040,-82.4732633,42.9111001,14,0,14
23208,49080,-85.6422153,42.4435311,8,3,11
23209,49801,-88.0662888,45.8218816,14,0,14
23210,42276,-86.8877278,36.8447852,19,0,19
23211,49040,-85.32440082,41.95882956,3,1,4
23212,49093,-85.6362344,41.9429355,15,1,16
23213,49099,-85.64341528,41.79719131,4,4,8
23214,83864,-116.5582716,48.3081893,40,0,40
23215,96813,-157.8513946,21.3040931,1934,0,1934
23216,48108,-83.703057,42.1971344,38,2,40
23217,48197,-83.6192931,42.2402312,33,0,33
23218,66606,-95.70986545,39.06103332,12,0,12
23219,48746,-83.5292113,43.2792244,1,1,2
23220,62286,-89.70260637,38.12178296,12,4,16
23221,46793,-85.0197038,41.432395,6,0,6
23222,47359,-85.27909729,40.5552742,5,5,10
23223,47971,-87.248723,40.5199763,1,2,3
23224,47529,-87.0866975,38.8785739,1,0,1
23225,47201,-85.9202745,39.1998447,74,0,74
23226,03903,-70.7902538,43.1241722,9,1,10
23227,47501,-87.1725686,38.6579631,16,0,16
23228,04658,-67.88117138,44.53923399,1,3,4
23229,48906,-84.5889464,42.775077,13,0,13
23230,19930,-75.06398141,38.52163464,6,2,8
23231,19958,-75.1378958,38.7733623,13,0,13
23232,49252,-84.7575436,42.0432367,3,3,6
23233,19966,-75.2914399,38.5920799,13,0,13
23234,19971,-75.0834691,38.7163682,19,0,19
23235,19973,-75.6143413,38.6533388,27,0,27
23236,48437,-83.6171038,43.1128825,24,1,25
23237,60069,-87.9263718,42.2008251,25,0,25
23238,60047,-88.0578214,42.1739677,21,1,22
23239,19801,-75.54701264,39.74278739,8,0,8
23240,19805,-75.602508,39.7411406,10,0,10
23241,19930,-75.0587084,38.5378829,9,0,9
23242,47246,-85.7699415,39.304217,4,0,4
23243,47129,-85.7623371,38.3291746,37,0,37
23244,61554,-89.6024134,40.617073,5,12,17
23245,19971,-75.0752756,38.6911627,47,10,57
23246,60628,-87.6071949,41.7167912,25,0,25
23247,41666,-82.8062327,37.4453005,1,0,1
23248,48164,-83.3957041,42.1387594,20,5,25
23249,46923,-86.6766709,40.5847773,10,0,10
23250,48041,-82.7674579,42.8955603,1,6,7
23251,49781,-84.7289595,45.8687715,6,0,6
23252,49431,-86.4473827,43.9520902,15,2,17
23253,48823,-84.4834077,42.7370646,62,0,62
23254,48316,-83.0307462,42.6820358,68,0,68
23255,48725,-83.2719702,43.9389128,2,11,13
23256,48467,-82.9946353,44.0446317,1,6,7
23257,48433,-83.8678896,43.103042,10,3,13
23258,49247,-84.3558503,41.8559379,3,6,9
23259,48854,-84.4450457,42.5789302,13,0,13
23260,49512,-85.5294795,42.8847121,19,0,19
23261,42066,-88.6341051,36.741915,24,0,24
23262,47834,-87.1190716,39.5237025,30,8,38
23263,40390,-84.6589388,37.8583499,9,2,11
23264,41240,-82.80244324,37.81518862,10,0,10
23265,48859,-84.7705629,43.5858209,21,0,21
23266,48444,-83.07224742,43.02443595,9,0,9
23267,48446,-83.3311227,43.0508656,21,0,21
23268,62684,-89.60923061,39.88906748,6,2,8
23269,49930,-88.58469458,47.12690737,7,3,10
23270,49913,-88.4429092,47.2366664,4,4,8
23271,49343,-85.5167189,43.2928236,0,2,2
23272,46705,-85.0658825,41.5228028,3,0,3
23273,40229,-85.6748944,38.0663826,4,0,4
23274,42071,-88.3027444,36.6085365,31,0,31
23275,48607,-83.9345612,43.4305149,92,0,92
23276,41143,-82.94325339,38.33369948,11,0,11
23277,40353,-83.9427652,38.0572103,13,4,17
23278,48710,-83.9614662,43.5092605,10,2,12
23279,49418,-85.7637668,42.907011,26,0,26
23280,49269,-84.6008411,42.2589528,2,0,2
23281,49053,-85.4128332,42.2886882,2,2,4
23282,42303,-87.1088976,37.76717143,98,6,104
23283,41018,-84.6143007,39.0060657,11,2,13
23284,41071,-84.4809292,39.0663425,7,2,9
23285,41183,-82.72721747,38.54909948,5,0,5
23286,41071,-84.48939071,39.08733565,44,0,44
23287,41071,-84.4884733,39.0547498,6,7,13
23288,66548,-96.7479468,39.6927592,1,2,3
23289,41085,-84.3934289,39.0346487,1,0,1
23290,66101,-94.6270751,39.1159887,354,0,354
23291,67449,-96.9432071,38.6645993,7,3,10
23292,41017,-84.5660329,39.0079651,13,1,14
23293,66215,-94.72930349,38.97229527,83,0,83
23294,41017,-84.59757179,39.05235627,8,0,8
23295,40019,-85.1810233,38.37013944,6,0,6
23296,66204,-94.6857237,38.9973931,11,0,11
23297,42345,-87.1779023,37.2005285,12,1,13
23298,67144,-96.99402782,37.79524897,1,0,1
23299,66523,-95.818821,38.6366857,6,4,10
23300,40353,-83.94263453,38.05525181,22,0,22
23301,41016,-84.54465339,39.094542,10,0,10
23302,40475,-84.29414351,37.74873143,23,1,24
23303,66413,-95.83434056,38.75346601,2,2,4
23304,66451,-95.68640534,38.61880186,22,1,23
23305,41175,-82.9565106,38.72036595,1,0,1
23306,66603,-95.67039131,39.05495002,283,0,283
23307,66213,-94.6729559,38.9038888,258,0,258
23308,40831,-83.32318339,36.84512697,11,0,11
23309,21851,-75.56860578,38.07466159,16,1,17
23310,49221,-84.0431686,41.8594906,2,1,3
23311,42728,-85.30510823,37.10321888,10,0,10
23312,41097,-84.5595072,38.64074481,7,0,7
23313,42167,-85.69136008,36.70059629,9,0,9
23314,42633,-84.849092,36.83002426,9,3,12
23315,42023,-88.999555,36.881905,2,0,2
23316,21613,-76.06454374,38.55913773,46,0,46
23317,49286,-83.9646062,41.9642395,4,0,4
23318,41240,-82.80677191,37.81415018,9,6,15
23319,48066,-82.925556,42.5158744,89,0,89
23320,21252,-76.61302725,39.39630912,39,0,39
23321,49286,-83.94066,42.0045978,14,0,14
23322,42220,-87.15352308,36.80727694,2,1,3
23323,49866,-87.6115388,46.4996394,8,0,8
23324,04950,-69.87986006,44.79878325,7,8,15
23325,40342,-84.8955903,38.0358244,15,4,19
23326,41230,-82.60418775,38.11688428,7,0,7
23327,42210,-86.26349054,37.19087883,3,1,4
23328,40160,-85.944543,37.8391292,35,0,35
23329,41008,-85.1803215,38.6816584,4,0,4
23330,04330,-69.7768565,44.3041382,40,3,43
23331,04239,-70.2180062,44.5059724,7,10,17
23332,04901,-69.6234757,44.551018,9,8,17
23333,21401,-76.50648354,38.97896466,114,0,114
23334,48320,-83.3293441,42.612412,5,7,12
23335,04756,-68.3208075,47.3554073,6,3,9
23336,48307,-83.1371683,42.683302,20,2,22
23337,04679,-68.32721783,44.27968205,5,3,8
23338,40383,-84.73075041,38.05266259,8,1,9
23339,04106,-70.2573177,43.6331819,52,0,52
23340,41018,-84.6084296,39.0228481,43,0,43
23341,49421,-86.0392886,43.5718923,3,6,9
23342,48888,-85.0811345,43.2906502,1,4,5
23343,49415,-86.1580321,43.1459998,9,6,15
23344,46051,-85.84899456,40.06751968,4,1,5
23345,49437,-86.3548257,43.4180464,5,7,12
23346,49442,-86.194807,43.2351668,15,0,15
23347,04256,-70.38021761,44.10962237,5,0,5
23348,46064,-85.74294896,40.00890017,7,7,14
23349,40741,-84.0817553,37.1263404,33,0,33
23350,40831,-83.32138547,36.84669557,22,0,22
23351,48021,-82.956102,42.4649943,54,0,54
23352,48640,-84.22773095,43.62433964,38,1,39
23353,67654,-99.8866955,39.8284534,6,4,10
23354,41653,-82.771613,37.6680929,9,14,23
23355,67030,-97.53692625,37.77974475,3,1,4
23356,67207,-97.2617323,37.6861537,7,0,7
23357,47373,-85.1544381,40.350157,3,8,11
23358,66048,-94.91092357,39.31418523,46,0,46
23359,40207,-85.6496321,38.2492884,31,3,34
23360,41008,-85.1745616,38.6770407,9,0,9
23361,49349,-85.7711888,43.5541606,2,3,5
23362,48442,-83.6258632,42.7889808,13,6,19
23363,48329,-83.3905368,42.6712031,77,0,77
23364,46044,-85.77949665,40.22253004,2,16,18
23365,46184,-86.0791558,39.5497587,7,0,7
23366,42276,-86.8900067,36.8453086,21,0,21
23367,40977,-83.6955675,36.761597,9,0,9
23368,49460,-86.087435,42.9396417,115,5,120
23369,47043,-85.0695342,38.7479158,9,0,9
23370,48455,-83.3084849,42.9447088,5,7,12
23371,83211,-112.8576695,42.785023,9,0,9
23372,47265,-85.6182069,38.9940914,14,0,14
23373,41004,-84.06579695,38.68295397,1,0,1
23374,04730,-67.8392539,46.1247778,15,20,35
23375,21045,-76.82834948,39.2378037,47,0,47
23376,47320,-85.23574512,40.30006184,4,0,4
23377,62341,-91.3451957,40.3928588,4,2,6
23378,62548,-89.2834782,40.009055,2,4,6
23379,62271,-89.5502175,38.4325071,3,4,7
23380,62930,-88.4371831,37.8133761,7,0,7
23381,49841,-87.4392047,46.27868243,5,0,5
23382,61920,-88.1757376,39.49390857,33,0,33
23383,61938,-88.3756188,39.4807466,41,0,41
23384,61856,-88.56935,40.0268706,6,3,9
23385,47012,-85.01243599,39.41830092,12,0,12
23386,60438,-87.5465513,41.5874645,60,11,71
23387,62243,-89.9065628,38.4180789,10,4,14
23388,62692,-89.9537807,39.592327,0,5,5
23389,62952,-89.2684701,37.45215614,2,3,5
23390,61074,-90.1554523,42.0914682,8,2,10
23391,60093,-87.7699482,42.1010209,20,1,21
23392,61883,-87.6324049,40.0563339,0,5,5
23393,60455,-87.8053745,41.7549297,44,6,50
23394,60155,-87.8633472,41.8616163,25,0,25
23395,61764,-88.630106,40.8814869,23,0,23
23396,60462,-87.85736463,41.61536291,96,8,104
23397,60827,-87.640146,41.645851,37,0,37
23398,60077,-87.7573967,42.03326,112,0,112
23399,60456,-87.7300202,41.7284593,1,41,42
23400,62690,-89.7666326,39.5009074,6,9,15
23401,60429,-87.648202,41.5757738,9,10,19
23402,61880,-88.26903665,39.98437761,4,6,10
23403,62702,-89.615762,39.8157661,3,4,7
23404,62812,-88.94124065,37.99553143,5,1,6
23405,56010,-94.1557759,43.8881366,2,0,2
23406,62549,-88.87477208,39.77204236,10,0,10
23407,62884,-89.0529835,38.0920169,4,1,5
23408,62959,-88.9263847,37.7305232,30,0,30
23409,60449,-87.7423475,41.4185987,14,5,19
23410,60417,-87.6328658,41.4438203,21,4,25
23411,62650,-90.230709,39.7364125,40,0,40
23412,04046,-70.4498908,43.3704541,12,0,12
23413,62401,-88.5402427,39.1207378,22,7,29
23414,62681,-90.5643849,40.1212791,4,8,12
23415,60071,-88.305917,42.4667492,5,12,17
23416,62025,-89.959395,38.8151893,40,0,40
23417,60073,-88.09857727,42.38149217,5,6,11
23418,60152,-88.60692969,42.25007804,16,0,16
23419,48111,-83.48550338,42.20515227,9,0,9
23420,60060,-88.0034199,42.26695398,54,0,54
23421,60047,-88.0855977,42.1942368,35,0,35
23422,60187,-88.1204972,41.8637947,69,0,69
23423,60048,-87.9511462,42.2880081,40,0,40
23424,47369,-85.1466525,40.49278225,0,5,5
23425,46350,-86.72308991,41.61219379,58,0,58
23426,60015,-87.8468938,42.1688686,38,0,38
23427,62294,-89.8821479,38.7292511,18,0,18
23428,62040,-90.1393065,38.7047286,57,0,57
23429,60506,-88.287004,41.783272,297,0,297
23430,46165,-86.64312963,39.85964375,1,1,2
23431,61242,-90.3187184,41.6800602,2,0,2
23432,47471,-86.97679594,39.11852314,3,0,3
23433,60102,-88.327131,42.1648882,50,0,50
23434,60070,-87.9346856,42.0957288,26,0,26
23435,60473,-87.6106351,41.6001657,44,6,50
23436,03906,-70.7342014,43.3055906,8,6,14
23437,60107,-88.17129398,42.01075377,59,0,59
23438,46055,-85.9153247,39.8979029,10,0,10
23439,60137,-88.0660579,41.8751399,41,0,41
23440,60558,-87.8982721,41.8103337,21,0,21
23441,60163,-87.9137309,41.8818475,16,3,19
23442,46590,-85.8220498,41.2235859,5,0,5
23443,60827,-87.6533735,41.6681444,21,7,28
23444,60062,-87.8574999,42.1269616,66,0,66
23445,60525,-87.8564806,41.7826941,22,0,22
23446,60411,-87.63562642,41.50185497,74,0,74
23447,04090,-70.5804006,43.3222624,21,10,31
23448,60426,-87.6663586,41.6259985,8,6,14
23449,62274,-89.3826862,38.0792626,6,5,11
23450,61951,-88.60871431,39.59683755,8,3,11
23451,62016,-90.4110755,39.3007119,6,0,6
23452,46074,-86.1501955,40.0418982,38,0,38
23453,04463,-68.9858803,45.2538012,3,6,9
23454,61376,-89.5928913,41.5568699,2,5,7
23455,04250,-70.09959642,44.02544202,15,5,20
23456,83333,-114.3019295,43.5047255,23,0,23
23457,48111,-83.4808027,42.1313994,15,2,17
23458,48741,-83.1861288,43.4097894,1,0,1
23459,48229,-83.1389487,42.2545464,23,0,23
23460,48138,-83.1585297,42.1287367,17,0,17
23461,48226,-83.041636,42.3359059,1062,0,1062
23462,48125,-83.2893868,42.2962116,86,0,86
23463,48192,-83.14843307,42.21339752,38,0,38
23464,48193,-83.1948205,42.17683,29,0,29
23465,48154,-83.3718467,42.3941381,149,0,149
23466,67068,-98.11135105,37.64225858,6,0,6
23467,67337,-95.6160587,37.0374657,27,1,28
23468,40071,-85.34089308,38.0328369,5,0,5
23469,48435,-83.371537,43.2508816,1,0,1
23470,83278,-114.9358741,44.2173589,1,0,1
23471,67119,-97.16920754,37.27332374,2,2,4
23472,67333,-95.9352571,37.01184143,6,0,6
23473,67544,-98.77663976,38.51349029,7,0,7
23474,41314,-83.6751219,37.4755898,2,0,2
23475,42642,-85.08939592,37.05753916,7,0,7
23476,67487,-97.0179552,39.21658934,1,1,2
23477,40444,-84.57935647,37.61848995,7,0,7
23478,67009,-98.2254378,37.2407627,1,0,1
23479,42717,-85.3689376,36.788953,5,1,6
23480,67156,-96.99569208,37.24095518,22,3,25
23481,67017,-97.10784384,37.78810916,2,1,3
23482,61252,-90.16502053,41.86656895,8,2,10
23483,60134,-88.3049075,41.88698259,36,0,36
23484,49721,-84.4809813,45.6295454,18,4,22
23485,62530,-89.6555613,39.5673908,3,4,7
23486,49617,-86.09306831,44.62456554,13,3,16
23487,62558,-89.58133798,39.591579,6,1,7
23488,62946,-88.54075527,37.73875564,42,12,54
23489,66751,-95.30061469,37.91332499,2,0,2
23490,67067,-97.28294447,37.79687598,5,0,5
23491,41169,-82.72961094,38.54130456,6,0,6
23492,66535,-96.42108878,39.19030818,1,0,1
23493,42038,-88.08854487,37.09374085,6,0,6
23494,40213,-85.7096048,38.17749166,2,4,6
23495,48025,-83.2292061,42.5173164,25,0,25
23496,48335,-83.3778656,42.4649007,23,0,23
23497,49224,-84.75397449,42.24553081,24,0,24
23498,62330,-91.1669452,40.6359766,1,2,3
23499,60030,-88.0125715,42.3547652,13,0,13
23500,66783,-95.73305608,37.88217223,7,1,8
23501,46342,-87.25576029,41.53277082,53,0,53
23502,41339,-83.38480084,37.55212432,10,0,10
23503,66502,-96.60249058,39.17032112,101,0,101
23504,67951,-101.3425128,37.17974595,5,2,7
23505,67108,-97.66576441,37.86886446,2,4,6
23506,21502,-78.76534689,39.66674763,8,0,8
23507,42455,-87.53150312,37.60601289,1,0,1
23508,40031,-85.37956593,38.40867147,15,4,19
23509,40444,-84.58506482,37.62195078,10,0,10
23510,56308,-95.3800354,45.8844726,20,0,20
23511,40359,-84.83586618,38.53372622,4,0,4
23512,67871,-100.9087698,38.48426222,7,0,7
23513,41031,-84.2893575,38.3900748,11,0,11
23514,48026,-82.9486198,42.5384907,40,0,40
23515,48230,-82.937784,42.3764475,43,0,43
23516,04357,-69.8057846,44.0861265,5,4,9
23517,48236,-82.9098589,42.4321122,40,0,40
23518,67642,-99.8414833,39.3682466,3,0,3
23519,83611,-116.0439849,44.5168655,29,0,29
23520,49783,-84.34582684,46.49736162,10,10,20
23521,04441,-69.59104,45.4580984,2,11,13
23522,67457,-98.01065802,38.39986782,1,0,1
23523,66724,-94.8205747,37.3429716,1,0,1
23524,46803,-85.119644,41.064628,447,0,447
23525,21673,-76.0569654,38.6593311,1,0,1
23526,66401,-96.29178603,39.01230082,6,4,10
23527,66736,-95.83434665,37.53120332,6,0,6
23528,46234,-86.3226734,39.8157635,3,16,19
23529,46107,-86.0790017,39.7159844,31,0,31
23530,41822,-82.98188995,37.33503332,5,0,5
23531,46224,-86.25111924,39.7851453,54,20,74
23532,61421,-89.6581977,41.1802201,1,2,3
23533,61755,-89.35871768,40.53716873,1,6,7
23534,62992,-89.1859443,37.2764069,3,1,4
23535,42450,-87.76114725,37.39933595,7,1,8
23536,67428,-97.42749018,38.38551068,1,0,1
23537,40855,-82.9070326,36.9627642,2,0,2
23538,04668,-67.6020825,45.2506164,10,4,14
23539,61085,-90.00842576,42.35012437,4,10,14
23540,83445,-111.6848345,43.9680288,27,4,31
23541,60556,-88.77559683,41.76809861,2,2,4
23542,61913,-88.46290118,39.799881,3,13,16
23543,60803,-87.7319995,41.6694978,39,0,39
23544,48734,-83.7404289,43.3361013,7,5,12
23545,48602,-83.9673003,43.4172578,71,0,71
23546,49037,-85.24063941,42.32604198,12,0,12
23547,83252,-112.24376,42.1864419,6,4,10
23548,83837,-116.1377562,47.5380726,7,1,8
23549,49014,-85.1485308,42.3094424,14,2,16
23550,62615,-89.7448141,39.5921283,6,3,9
23551,49712,-85.0153437,45.2178502,7,0,7
23552,48415,-83.79136094,43.24951305,5,7,12
23553,49106,-86.5559719,41.9417232,4,5,9
23554,61427,-90.19463335,40.49204308,2,4,6
23555,83261,-111.4006109,42.2278698,6,0,6
23556,62026,-89.98845222,38.78364069,32,0,32
23557,83530,-116.1232478,45.9262818,28,0,28
23558,49660,-86.271677,44.2709443,13,0,13
23559,83873,-115.9213973,47.4718384,18,1,19
23560,83330,-114.7158559,42.9411314,7,1,8
23561,83861,-116.5669817,47.3150509,9,3,12
23562,83642,-116.3765681,43.5999542,73,0,73
23563,47331,-85.13900221,39.6413737,29,0,29
23564,47150,-85.82557851,38.28445501,62,0,62
23565,46060,-85.9929022,40.052253,64,0,64
23566,62263,-89.3831527,38.3450264,8,1,9
23567,41017,-84.57431055,39.02586793,11,0,11
23568,61701,-88.99401038,40.47783173,54,0,54
23569,40202,-85.76164132,38.25471847,1197,0,1197
23570,62837,-88.35759537,38.38096651,10,0,10
23571,47012,-85.0130203,39.42133584,9,0,9
23572,48226,-83.0426909,42.3361633,2250,0,2250
23573,62471,-89.0992914,38.960185,11,5,16
23574,62441,-87.697266,39.3914731,9,1,10
23575,48601,-83.9536685,43.3505523,1,3,4
23576,62644,-90.0613552,40.301471,9,6,15
23577,62821,-88.1589267,38.0914375,7,2,9
23578,62565,-88.7917263,39.407372,12,4,16
23579,46115,-85.5722745,39.7393479,1,0,1
23580,47922,-87.3655732,40.8653929,0,3,3
23581,46992,-85.8019768,40.8263719,27,0,27
23582,56307,-94.5688144,45.6294761,4,3,7
23583,46368,-87.19012602,41.61825601,4,8,12
23584,46504,-86.11589077,41.29710564,5,5,10
23585,47460,-86.7730643,39.2887267,11,0,11
23586,47807,-87.41455822,39.46679764,38,20,58
23587,47850,-87.3822014,39.2549997,1,0,1
23588,46360,-86.8617703,41.7046282,4,3,7
23589,47384,-85.57693926,39.89282984,2,0,2
23590,46173,-85.4465983,39.6246758,13,0,13
23591,46714,-85.1946392,40.7336481,15,0,15
23592,47357,-85.15513419,39.78700058,1,1,2
23593,46552,-86.5082947,41.7060242,5,6,11
23594,46725,-85.4887997,41.1555586,15,0,15
23595,47954,-86.8002654,39.9134041,0,2,2
23596,50075,-93.57911743,42.31258247,2,0,2
23597,51455,-95.06677707,41.90897921,3,0,3
23598,50670,-92.58361639,42.71008366,10,3,13
23599,51005,-95.43631427,42.71336171,1,2,3
23600,50459,-93.2178023,43.4445601,8,0,8
23601,50619,-92.66874163,42.78453083,2,0,2
23602,51360,-95.1032378,43.4239975,10,0,10
23603,50423,-93.80215141,43.09537684,3,0,3
23604,06480,-72.6385278,41.5752411,10,0,10
23605,06776,-73.4086975,41.586263,46,0,46
23606,70510,-92.0920471,29.9468796,0,0,0
23607,06040,-72.5613506,41.761352,3,0,3
23608,06040,-72.5112008,41.7841157,116,0,116
23609,06074,-72.5520367,41.8362017,39,0,39
23610,06460,-73.07026363,41.22781754,110,0,110
23611,06360,-72.0811223,41.5216816,81,2,83
23612,06382,-72.106167,41.451274,21,1,22
23613,06810,-73.44973982,41.39188008,153,0,153
23614,06820,-73.479473,41.069604,51,0,51
23615,06010,-72.9468407,41.6741626,119,0,119
23616,85937,-110.0795514,34.5008095,15,0,15
23617,86301,-112.4665698,34.5415012,143,0,143
23618,85335,-112.326806,33.573982,45,0,45
23619,85237,-110.9064357,33.0594576,5,0,5
23620,86025,-110.1570976,34.903988,15,0,15
23621,85135,-110.7856187,33.00490072,7,0,7
23622,30523,-83.5247158,34.6160091,6,17,23
23623,30531,-83.5252982,34.5101794,18,2,20
23624,30075,-84.3597459,34.0214157,122,1,123
23625,30233,-83.9661389,33.2939184,13,1,14
23626,31030,-83.8876502,32.5541147,35,5,40
23627,30004,-84.28416267,34.06830551,104,0,104
23628,30021,-84.2394004,33.8089099,16,0,16
23629,30070,-83.8956175,33.5725862,7,0,7
23630,31637,-83.4635419,31.2714236,1,2,3
23631,30040,-84.1405434,34.2033598,13,5,18
23632,30446,-81.5038728,32.5886677,1,5,6
23633,93313,-119.026277,35.264742,0,0,0
23634,31738,-83.86727242,31.0080683,1,2,3
23635,31765,-84.0908718,31.0721632,3,0,3
23636,31768,-83.79049133,31.17831293,39,0,39
23637,31007,-83.9074214,32.2017309,1,0,1
23638,31036,-83.46745781,32.28465014,7,2,9
23639,31701,-84.151877,31.5757885,184,0,184
23640,39845,-84.8811033,31.0413914,9,4,13
23641,30134,-84.74996428,33.7497073,91,0,91
23642,92675,-117.6684159,33.4845601,0,0,0
23643,30752,-85.5049597,34.8787054,7,0,7
23644,30467,-81.66137575,32.88379022,1,1,2
23645,31546,-81.878584,31.598758,29,0,29
23646,31539,-82.5993722,31.8673016,11,0,11
23647,31002,-82.59094452,32.5309196,1,1,2
23648,30830,-82.0152088,33.0915945,17,0,17
23649,30456,-81.760164,32.976543,5,3,8
23650,31622,-83.224527,31.381609,1,1,2
23651,31322,-81.25021426,32.11603858,29,0,29
23652,31516,-82.2351367,31.3037326,13,0,13
23653,31811,-84.8739209,32.7595825,1,1,2
23654,30236,-84.3544129,33.517138,24,5,29
23655,30117,-85.07645613,33.57774123,64,0,64
23656,30185,-84.9158312,33.4962431,5,2,7
23657,30742,-85.2459579,34.9502092,32,2,34
23658,30736,-85.10843209,34.91729868,8,1,9
